0,1,2,3,4,5,6,7,8,9,10,11,12,13,14,15,16,17,18,19,20,21,22,23,24,25,26,27,28,29,30,31,32,33,34,35,36,37,38,39,40,41,42,43,44,45,46,47,48,49,50,51,52,53,54,55,56,57,58,59,60,61,62
0.6298540234565735,0.8916376829147339,2.8768920401489595e-07,0.6080689430236816,0.8483641147613525,-0.0116405775770545,0.5975343585014343,0.7977223992347717,-0.019359184429049492,0.6107627153396606,0.7812853455543518,-0.02833271212875843,0.6383257508277893,0.7964296936988831,-0.036679480224847794,0.6456894874572754,0.7406163215637207,-0.007910075597465038,0.6662077307701111,0.7040442228317261,-0.021840007975697517,0.6834691762924194,0.6826730966567993,-0.031228063628077507,0.7012261748313904,0.66483473777771,-0.03692714869976044,0.6673159003257751,0.7546685934066772,-0.011237396858632565,0.6810784935951233,0.7121734619140625,-0.022928386926651,0.688525915145874,0.6864645481109619,-0.028980301693081856,0.6992200613021851,0.6616178750991821,-0.03152408078312874,0.6836575865745544,0.7774807214736938,-0.01699654944241047,0.6725969910621643,0.7736300826072693,-0.03141764551401138,0.6521103978157043,0.7889658212661743,-0.034937482327222824,0.6415319442749023,0.8008260726928711,-0.033004727214574814,0.6940372586250305,0.8078567385673523,-0.02447185479104519,0.6699071526527405,0.815226137638092,-0.03322125971317291,0.6497952938079834,0.8267184495925903,-0.034515827894210815,0.6386051177978516,0.8338534235954285,-0.03320266678929329
0.6273793578147888,0.8842490911483765,3.1590460025654465e-07,0.6041401028633118,0.8448657393455505,-0.011226771399378777,0.591141402721405,0.8001043796539307,-0.020642565563321114,0.6024083495140076,0.779707670211792,-0.031769827008247375,0.626162588596344,0.7910519242286682,-0.042374059557914734,0.6333284378051758,0.7424678802490234,-0.008745102211833,0.6499225497245789,0.7001181244850159,-0.02279127575457096,0.6639994382858276,0.6750532984733582,-0.03216801956295967,0.6776536703109741,0.654596745967865,-0.03769420087337494,0.6553220748901367,0.7522759437561035,-0.013194389641284943,0.6675351858139038,0.7009716033935547,-0.02657879702746868,0.6749512553215027,0.669413685798645,-0.03366449475288391,0.6822351813316345,0.6419966816902161,-0.03617525100708008,0.6732431650161743,0.7726630568504333,-0.01970714144408703,0.666616678237915,0.7592921257019043,-0.03667851909995079,0.6464628577232361,0.7810295820236206,-0.03931910917162895,0.6319776773452759,0.8002408146858215,-0.03538455814123154,0.6854770183563232,0.8019967675209045,-0.02757999114692211,0.6704896688461304,0.7980961799621582,-0.03724668174982071,0.6502695679664612,0.8127670884132385,-0.036125898361206055,0.6360149383544922,0.8253127336502075,-0.03226279467344284
0.6205217838287354,0.8811935782432556,-7.606742258303711e-08,0.5969904661178589,0.8411586284637451,-0.010519737377762794,0.5842388868331909,0.7965590357780457,-0.019866524264216423,0.5927602052688599,0.7777803540229797,-0.030565295368433,0.6134364604949951,0.7888877987861633,-0.041557878255844116,0.6328004002571106,0.7404125332832336,-0.014533848501741886,0.6448186635971069,0.6946939826011658,-0.028596600517630577,0.6558731198310852,0.6639940738677979,-0.038475401699543,0.6664280295372009,0.6387825012207031,-0.04589289426803589,0.6565269231796265,0.7542868256568909,-0.01877152919769287,0.6470850706100464,0.7531613111495972,-0.038385432213544846,0.6293388605117798,0.7755970358848572,-0.04424289986491203,0.6209180355072021,0.7926832437515259,-0.043987445533275604,0.6712884306907654,0.779182493686676,-0.024221228435635567,0.6540549397468567,0.790017306804657,-0.041325993835926056,0.6332851648330688,0.8063842058181763,-0.040739756077528,0.6233420968055725,0.8183591365814209,-0.03585486859083176,0.6785463690757751,0.8094515800476074,-0.031025385484099388,0.6544729471206665,0.8211588859558105,-0.04008990898728371,0.6339825987815857,0.8326123356819153,-0.03757148236036301,0.6237427592277527,0.8406287431716919,-0.03266120329499245
0.6126742959022522,0.884555459022522,-1.2924138559355924e-07,0.5900379419326782,0.8409155011177063,-0.010117568075656891,0.5767998099327087,0.7943419814109802,-0.019950268790125847,0.5781342387199402,0.7707250118255615,-0.030651282519102097,0.5955734252929688,0.7861731648445129,-0.04140414297580719,0.6336827278137207,0.7381142973899841,-0.017690569162368774,0.6341845393180847,0.6893140077590942,-0.03265781328082085,0.6357353925704956,0.6542333960533142,-0.04453052207827568,0.6383558511734009,0.6250864267349243,-0.054434001445770264,0.6570081114768982,0.7563109397888184,-0.023068029433488846,0.6175844073295593,0.7560293674468994,-0.040188100188970566,0.6029074192047119,0.7781365513801575,-0.04414712265133858,0.6050594449043274,0.7906918525695801,-0.04470737650990486,0.665730357170105,0.7897197008132935,-0.029690837487578392,0.6193529367446899,0.8008022904396057,-0.0417141355574131,0.6059554219245911,0.813435435295105,-0.03613164275884628,0.6092654466629028,0.8193478584289551,-0.030758272856473923,0.663051187992096,0.8285292387008667,-0.038505230098962784,0.6203258037567139,0.8398004770278931,-0.04581611230969429,0.6056077480316162,0.8484278917312622,-0.04100538790225983,0.6050376296043396,0.8534815311431885,-0.0354948490858078
0.6091803312301636,0.8892859220504761,-1.882235807215693e-07,0.5840505957603455,0.8466641306877136,-0.010801369324326515,0.5685723423957825,0.8010224103927612,-0.021467026323080063,0.5638841390609741,0.7732201218605042,-0.03304183483123779,0.573596179485321,0.7776651382446289,-0.04424634203314781,0.6211459636688232,0.7311646342277527,-0.01663888432085514,0.6149181127548218,0.682729959487915,-0.03226384520530701,0.6120083332061768,0.6479383111000061,-0.04507989063858986,0.611934244632721,0.6200627088546753,-0.05564485862851143,0.6459130644798279,0.7473167181015015,-0.022631345316767693,0.6067764759063721,0.7466288805007935,-0.0407489538192749,0.5896478891372681,0.768467366695404,-0.04694506153464317,0.5878912806510925,0.7829509973526001,-0.04904701188206673,0.6566728353500366,0.7816234230995178,-0.029972942546010017,0.6107503175735474,0.7939462065696716,-0.04361329600214958,0.5952059626579285,0.8104008436203003,-0.03918478637933731,0.5960704684257507,0.8206173181533813,-0.03449678048491478,0.6558405756950378,0.8228753805160522,-0.03958164155483246,0.6155694723129272,0.8332418203353882,-0.04899052157998085,0.5969977974891663,0.842458963394165,-0.04484523832798004,0.5916566252708435,0.8500550389289856,-0.03956710547208786
0.6118371486663818,0.8989394307136536,-1.7731302648371638e-07,0.5769016146659851,0.8444823622703552,-0.007025313563644886,0.556987464427948,0.8010854721069336,-0.019356416538357735,0.5428810119628906,0.7754483222961426,-0.03304548189043999,0.5342654585838318,0.7699012160301208,-0.04617233946919441,0.6016987562179565,0.7218336462974548,-0.01627778261899948,0.5798847079277039,0.6717005372047424,-0.03620806708931923,0.5640878677368164,0.6383916139602661,-0.05200045183300972,0.5500938892364502,0.6117827296257019,-0.06397072970867157,0.621870219707489,0.7375658750534058,-0.02431926131248474,0.5590442419052124,0.7384734153747559,-0.0420316644012928,0.5544673204421997,0.7716130018234253,-0.04630567133426666,0.5683315992355347,0.7843945026397705,-0.04841932654380798,0.6292604804039001,0.7726445198059082,-0.033809397369623184,0.5623288154602051,0.7891834378242493,-0.04471820220351219,0.5614163875579834,0.8131645917892456,-0.036692675203084946,0.5764199495315552,0.816347062587738,-0.03178367018699646,0.6264260411262512,0.8143849968910217,-0.0454833023250103,0.573560893535614,0.8295571804046631,-0.05323540046811104,0.5729649066925049,0.8460448384284973,-0.04729016497731209,0.5865991115570068,0.8478174805641174,-0.04184054583311081
0.6088473200798035,0.9021371603012085,-2.6185841761616757e-07,0.5677947402000427,0.8465421199798584,-0.0028672863263636827,0.5391277074813843,0.7996131181716919,-0.013223079033195972,0.516356885433197,0.7748569846153259,-0.025462565943598747,0.5022028684616089,0.7618488669395447,-0.03737528622150421,0.5676084160804749,0.7124575972557068,-0.01490883156657219,0.5280093550682068,0.6704140305519104,-0.036894336342811584,0.50010746717453,0.648007869720459,-0.05229736492037773,0.47789493203163147,0.6329659223556519,-0.06224846839904785,0.58378005027771,0.7322258353233337,-0.024844923987984657,0.5158628225326538,0.7374734878540039,-0.04517621919512749,0.5141093730926514,0.7711089849472046,-0.04945703595876694,0.5280420780181885,0.7839551568031311,-0.05086633563041687,0.5907787680625916,0.7693688869476318,-0.03620077297091484,0.5240930914878845,0.7890117168426514,-0.05310793220996857,0.5288721323013306,0.8142227530479431,-0.047840267419815063,0.5454673767089844,0.8169299960136414,-0.04266355186700821,0.5910341143608093,0.8139562606811523,-0.048490557819604874,0.5365386009216309,0.8294848799705505,-0.058466821908950806,0.5324811339378357,0.845199465751648,-0.05326581001281738,0.5396384596824646,0.8474182486534119,-0.04783667251467705
0.5945820212364197,0.8963685035705566,-2.1204907341143553e-07,0.5525783896446228,0.8419665098190308,-0.0020364795345813036,0.5238542556762695,0.7977436780929565,-0.014253743924200535,0.5011813640594482,0.7770288586616516,-0.028463222086429596,0.48633062839508057,0.7633653283119202,-0.04255825653672218,0.5577876567840576,0.7089349627494812,-0.01778966560959816,0.5149276256561279,0.6716940402984619,-0.039052512496709824,0.48492881655693054,0.6523630619049072,-0.052523620426654816,0.46078726649284363,0.638545036315918,-0.06174607574939728,0.5757684707641602,0.7315540313720703,-0.02935531921684742,0.5057339668273926,0.7376427054405212,-0.050809089094400406,0.5106984972953796,0.769899845123291,-0.05315206199884415,0.5283111929893494,0.7776004076004028,-0.05337507650256157,0.5832057595252991,0.7694078683853149,-0.04194684326648712,0.5141938924789429,0.7912858128547668,-0.059831179678440094,0.5228028893470764,0.8133167624473572,-0.050437480211257935,0.5409136414527893,0.8105570673942566,-0.042776692658662796,0.5822268128395081,0.8142862319946289,-0.055425312370061874,0.5268557071685791,0.8285954594612122,-0.06663118302822113,0.5275148153305054,0.8440800905227661,-0.058750975877046585,0.5390810370445251,0.8439255952835083,-0.05160605162382126
0.5903569459915161,0.8876289129257202,-2.0748872486819891e-07,0.5504056811332703,0.8371596932411194,-0.0027125815395265818,0.5218032002449036,0.7955540418624878,-0.01539661455899477,0.4962014853954315,0.7751805782318115,-0.029856128618121147,0.48083993792533875,0.7625933885574341,-0.04422062262892723,0.5521508455276489,0.709567129611969,-0.01916631869971752,0.5091355443000793,0.669651985168457,-0.041949205100536346,0.4798767566680908,0.6466925740242004,-0.05678417906165123,0.45734384655952454,0.6301984786987305,-0.06682635098695755,0.569247841835022,0.7313774824142456,-0.030418140813708305,0.5013030767440796,0.7339482307434082,-0.05385194346308708,0.501798152923584,0.7686104774475098,-0.05714790150523186,0.5166436433792114,0.7784637808799744,-0.057360127568244934,0.5763901472091675,0.767608106136322,-0.04264906421303749,0.5067566633224487,0.786712110042572,-0.06103457510471344,0.5131345987319946,0.8117843866348267,-0.050927743315696716,0.5308439135551453,0.8103960752487183,-0.04253111407160759,0.5751949548721313,0.8104401230812073,-0.055857740342617035,0.5178806781768799,0.8263801336288452,-0.06648086756467819,0.5201125144958496,0.8420912623405457,-0.057692479342222214,0.5346910953521729,0.8400517702102661,-0.049795906990766525
0.5863350629806519,0.8827595710754395,-2.1606427935694228e-07,0.547792375087738,0.8336812257766724,-0.00447751022875309,0.5191835165023804,0.7936804890632629,-0.018362119793891907,0.49309253692626953,0.7743464112281799,-0.033500008285045624,0.47700491547584534,0.7645496129989624,-0.04839775711297989,0.5479952692985535,0.7055842280387878,-0.022498253732919693,0.5040044784545898,0.6673360466957092,-0.04716051369905472,0.47306525707244873,0.6442176699638367,-0.06365761160850525,0.44840577244758606,0.6269105672836304,-0.07493726909160614,0.5656561851501465,0.7272793054580688,-0.032956890761852264,0.49784454703330994,0.7357670068740845,-0.05712641403079033,0.4992551803588867,0.7705038189888,-0.06033788248896599,0.514492928981781,0.779380202293396,-0.06080685183405876,0.5726174116134644,0.7637929320335388,-0.04464096575975418,0.5038782954216003,0.7862547039985657,-0.06387490034103394,0.5097693800926208,0.8108316659927368,-0.05406421422958374,0.527230441570282,0.809506893157959,-0.045753203332424164,0.5713613033294678,0.8064138889312744,-0.05747689679265022,0.5149020552635193,0.8219417333602905,-0.06926289945840836,0.5145420432090759,0.837914228439331,-0.061397477984428406,0.5267186164855957,0.8373053073883057,-0.05399378016591072
0.5872429609298706,0.8830280303955078,-2.5552438387421716e-07,0.5479564666748047,0.8350973725318909,-0.004451948683708906,0.519584059715271,0.7952725887298584,-0.01829124428331852,0.49339747428894043,0.7739506959915161,-0.033268239349126816,0.4763316810131073,0.7598089575767517,-0.04768751934170723,0.5463948845863342,0.7049813270568848,-0.023070357739925385,0.5024898052215576,0.6669188141822815,-0.049589790403842926,0.4709167182445526,0.6445354223251343,-0.06768866628408432,0.44486111402511597,0.6282471418380737,-0.08008666336536407,0.5635499954223633,0.724051296710968,-0.0332525335252285,0.4932117462158203,0.7347148060798645,-0.0560559444129467,0.49948394298553467,0.7712870836257935,-0.0574527345597744,0.5171864628791809,0.7793386578559875,-0.057439371943473816,0.570372998714447,0.7593793869018555,-0.04518173635005951,0.5013092160224915,0.7835839986801147,-0.06319265812635422,0.5113857388496399,0.8083055019378662,-0.05233994498848915,0.530933678150177,0.8071835041046143,-0.04420717805624008,0.5689076781272888,0.8014551401138306,-0.05851723253726959,0.5119184255599976,0.8179774284362793,-0.07131580263376236,0.5088090896606445,0.8338167071342468,-0.06499392539262772,0.5168222188949585,0.834290623664856,-0.05902796983718872
0.5858391523361206,0.8806300759315491,-2.4529884967705584e-07,0.547208309173584,0.8318482041358948,-0.004183372016996145,0.5196365118026733,0.7909760475158691,-0.01743188500404358,0.49398940801620483,0.7680268883705139,-0.03178339824080467,0.47924256324768066,0.7552632689476013,-0.045681048184633255,0.54691082239151,0.7050312161445618,-0.021943382918834686,0.5048993229866028,0.6661141514778137,-0.04666644707322121,0.4744037687778473,0.6440596580505371,-0.06307829916477203,0.45013585686683655,0.627152144908905,-0.07431904971599579,0.5636470317840576,0.7241941690444946,-0.031808771193027496,0.4942762553691864,0.7294012904167175,-0.05423009768128395,0.49644842743873596,0.7658548951148987,-0.055464573204517365,0.5123977065086365,0.7764126062393188,-0.054790619760751724,0.5699259042739868,0.7586709856987,-0.043202146887779236,0.5015362501144409,0.7820095419883728,-0.060644377022981644,0.5088861584663391,0.806647539138794,-0.05051255598664284,0.5275917649269104,0.8059865832328796,-0.042484261095523834,0.5687664151191711,0.7995873093605042,-0.05587971955537796,0.5130761861801147,0.8167442083358765,-0.06681586802005768,0.509811282157898,0.8326430916786194,-0.060098517686128616,0.5184259414672852,0.8339518904685974,-0.053977157920598984
0.5860133171081543,0.8802847266197205,-2.2406833011245908e-07,0.5469034910202026,0.8333693146705627,-0.004193578381091356,0.519245445728302,0.7930539846420288,-0.016375327482819557,0.4945859909057617,0.7709819078445435,-0.029712360352277756,0.47927266359329224,0.7568966150283813,-0.042473889887332916,0.547940194606781,0.7064651846885681,-0.019368676468729973,0.5078622698783875,0.6653010249137878,-0.04200345650315285,0.47982150316238403,0.6418768763542175,-0.05664029344916344,0.4575445353984833,0.6249047517776489,-0.06663079559803009,0.5639556646347046,0.7238548398017883,-0.028859905898571014,0.4969552755355835,0.7269583344459534,-0.05048526078462601,0.49966105818748474,0.761751651763916,-0.0519540049135685,0.5151510238647461,0.7723591327667236,-0.05112189054489136,0.5698432326316833,0.7566749453544617,-0.03983989357948303,0.5033838152885437,0.7789388298988342,-0.05718552693724632,0.5114033818244934,0.8030086755752563,-0.04793090000748634,0.5292078852653503,0.8023501634597778,-0.04023297131061554,0.567851185798645,0.7965313792228699,-0.052002035081386566,0.513185441493988,0.8146879076957703,-0.06320446729660034,0.5127255320549011,0.8306467533111572,-0.05698827654123306,0.5229120254516602,0.8311842083930969,-0.05099884420633316
0.5862512588500977,0.8756411671638489,-1.87851057376065e-07,0.5480833649635315,0.8269059062004089,-0.0024652741849422455,0.5199568867683411,0.7859671711921692,-0.015340203419327736,0.49480491876602173,0.7626166939735413,-0.030625062063336372,0.4843612015247345,0.7502920031547546,-0.04587478190660477,0.5509982109069824,0.7034376859664917,-0.01801702007651329,0.5168852806091309,0.6600925922393799,-0.03799738734960556,0.49222058057785034,0.6324154734611511,-0.04965214431285858,0.47448432445526123,0.6111922264099121,-0.0581347793340683,0.5678200721740723,0.7215696573257446,-0.029138024896383286,0.5020284056663513,0.7254722714424133,-0.051143333315849304,0.5017096996307373,0.7580910325050354,-0.051957737654447556,0.5162015557289124,0.7661890387535095,-0.050387587398290634,0.5742471814155579,0.7554335594177246,-0.041355717927217484,0.5075667500495911,0.7766714096069336,-0.06007697433233261,0.5131828784942627,0.800028920173645,-0.050754956901073456,0.5305545330047607,0.7995975613594055,-0.04243800416588783,0.5730281472206116,0.7955196499824524,-0.05452046915888786,0.5197609066963196,0.8113580346107483,-0.0668172687292099,0.514992892742157,0.8258638381958008,-0.061237700283527374,0.5220101475715637,0.8269146680831909,-0.05543554201722145
0.5876132249832153,0.8678253293037415,-1.6694544413553558e-08,0.5515517592430115,0.8106382489204407,-0.0028564161621034145,0.5367798209190369,0.7580848336219788,-0.014571837149560452,0.5258960127830505,0.7318289279937744,-0.028987349942326546,0.5163580179214478,0.7362024784088135,-0.04472387582063675,0.5834375619888306,0.6924508810043335,-0.019037755206227303,0.5765849351882935,0.626787006855011,-0.03856882080435753,0.5687785148620605,0.582787275314331,-0.05056630074977875,0.5630877614021301,0.5459955334663391,-0.06013192981481552,0.603491485118866,0.7114221453666687,-0.030552033334970474,0.5465812683105469,0.6971046924591064,-0.054685406386852264,0.535281777381897,0.7329670190811157,-0.05624645575881004,0.5428063273429871,0.7497338652610779,-0.05419185385107994,0.6106424331665039,0.7455621957778931,-0.042741451412439346,0.5455359220504761,0.74932461977005,-0.06289663910865784,0.5431103110313416,0.7757397294044495,-0.05209699273109436,0.5573269128799438,0.7839782238006592,-0.041745975613594055,0.6070857048034668,0.7853787541389465,-0.0558658167719841,0.5516272783279419,0.7918246388435364,-0.0687222108244896,0.5493961572647095,0.8110082149505615,-0.060286954045295715,0.5634205937385559,0.8164302706718445,-0.05171210691332817
0.5928915739059448,0.8691658973693848,-9.337817630239442e-08,0.5576652884483337,0.8136761784553528,-0.008148843422532082,0.5436188578605652,0.7654209136962891,-0.021987764164805412,0.5362275242805481,0.7330651879310608,-0.038258202373981476,0.5407248139381409,0.7297276258468628,-0.05460428074002266,0.5926846861839294,0.6926306486129761,-0.01752341166138649,0.5892412066459656,0.6248178482055664,-0.038801468908786774,0.5858839154243469,0.5788614749908447,-0.05208807811141014,0.5833912491798401,0.541569709777832,-0.06229756027460098,0.6141928434371948,0.7109020948410034,-0.02695254236459732,0.5625729560852051,0.692791759967804,-0.054058726876974106,0.5497412085533142,0.730770468711853,-0.05657288432121277,0.5570904612541199,0.7495560050010681,-0.05362911522388458,0.6220806241035461,0.7433310151100159,-0.0380706787109375,0.561642050743103,0.7424845099449158,-0.059087637811899185,0.5553867816925049,0.7716978192329407,-0.04803130403161049,0.5672826766967773,0.7808749675750732,-0.03695821389555931,0.6173962354660034,0.7816855311393738,-0.05107778310775757,0.5658422112464905,0.786547839641571,-0.061956990510225296,0.5606080293655396,0.8066765069961548,-0.05300318822264671,0.5723199844360352,0.8126708269119263,-0.043919261544942856
0.5955051183700562,0.8731425404548645,-9.239345644118657e-08,0.5589723587036133,0.8145597577095032,-0.007870501838624477,0.5433199405670166,0.7630610466003418,-0.021714717149734497,0.5347707271575928,0.7309868335723877,-0.03821801766753197,0.538762092590332,0.7303466796875,-0.05460721254348755,0.5950657725334167,0.6913112998008728,-0.016402173787355423,0.5909550786018372,0.6231348514556885,-0.03627445921301842,0.5881300568580627,0.577402651309967,-0.048316482454538345,0.5858603715896606,0.540982723236084,-0.057867150753736496,0.6154375076293945,0.709744930267334,-0.025964796543121338,0.562305748462677,0.6941431164741516,-0.05279878154397011,0.5504566431045532,0.7317454814910889,-0.05572384223341942,0.5581895709037781,0.7511016130447388,-0.05304879695177078,0.6228784918785095,0.742917537689209,-0.03714023903012276,0.5617201328277588,0.7453874945640564,-0.05687835440039635,0.5572649240493774,0.7744535803794861,-0.0463479608297348,0.5705155730247498,0.7826496362686157,-0.036060839891433716,0.61937016248703,0.7821667790412903,-0.050276316702365875,0.5679834485054016,0.7885961532592773,-0.05942755937576294,0.5631428956985474,0.8082602620124817,-0.05059841647744179,0.5748373866081238,0.8129177093505859,-0.042029865086078644
0.5991368293762207,0.8766839504241943,-9.768276498789419e-08,0.5647632479667664,0.8166210651397705,-0.009165657684206963,0.5509584546089172,0.7653435468673706,-0.023744812235236168,0.5440984964370728,0.7291423678398132,-0.040960364043712616,0.5496963262557983,0.7237271070480347,-0.05812463164329529,0.6046897172927856,0.6932094693183899,-0.016054149717092514,0.6020175218582153,0.6264766454696655,-0.03602852672338486,0.6002836227416992,0.5803524255752563,-0.048150308430194855,0.6005550622940063,0.5439555644989014,-0.057455480098724365,0.624584436416626,0.7119800448417664,-0.024969084188342094,0.5718717575073242,0.6918648481369019,-0.05177865922451019,0.5570147037506104,0.7265119552612305,-0.0549640879034996,0.5629239082336426,0.7438002228736877,-0.05227971822023392,0.6312379837036133,0.7442570328712463,-0.035674694925546646,0.5700279474258423,0.7418465614318848,-0.05674503743648529,0.5620537400245667,0.7695094347000122,-0.047026775777339935,0.5729462504386902,0.7789559960365295,-0.03649929538369179,0.6259122490882874,0.781580924987793,-0.048434384167194366,0.5753002166748047,0.7838402390480042,-0.05865951254963875,0.5673500895500183,0.8024048805236816,-0.05052284896373749,0.5760644674301147,0.8097587823867798,-0.04194359853863716
0.60408616065979,0.8732035756111145,-9.740552542325531e-08,0.5700973272323608,0.8139698505401611,-0.00922175869345665,0.5576578378677368,0.763489305973053,-0.023144852370023727,0.5520382523536682,0.7275639176368713,-0.03983044624328613,0.5629209876060486,0.7215582132339478,-0.05629372596740723,0.6108285188674927,0.692264199256897,-0.016422605141997337,0.6114911437034607,0.624491810798645,-0.03600339591503143,0.6111979484558105,0.5795870423316956,-0.048532143235206604,0.6128516793251038,0.5439249277114868,-0.05819344148039818,0.6315123438835144,0.7124297618865967,-0.025386102497577667,0.5832760334014893,0.6953532695770264,-0.052192192524671555,0.5680012702941895,0.726530909538269,-0.05702261999249458,0.5739957690238953,0.7439267039299011,-0.055739402770996094,0.638771653175354,0.74615478515625,-0.03591956943273544,0.5814317464828491,0.7417011857032776,-0.0575091652572155,0.5715759992599487,0.7678840160369873,-0.04898354038596153,0.5818905830383301,0.7790303230285645,-0.03903654217720032,0.6335854530334473,0.7851271629333496,-0.04845605045557022,0.5868117213249207,0.7856276631355286,-0.05988401174545288,0.5763224363327026,0.800973653793335,-0.052270397543907166,0.5828347206115723,0.809698224067688,-0.04354233667254448
0.6102390289306641,0.8717035055160522,-1.043909989562053e-07,0.5765165090560913,0.8120042085647583,-0.010260007344186306,0.5647205710411072,0.763236403465271,-0.023248327895998955,0.5607945322990417,0.7267926335334778,-0.0385461263358593,0.5727992653846741,0.7246811389923096,-0.05339081957936287,0.6213570237159729,0.6955010890960693,-0.014325669966638088,0.629145085811615,0.6312782764434814,-0.03296684846282005,0.6331119537353516,0.5881742238998413,-0.04428877681493759,0.6378310322761536,0.5546440482139587,-0.05287798121571541,0.6428827047348022,0.7146872878074646,-0.021883895620703697,0.597678542137146,0.6985553503036499,-0.04784853011369705,0.5819412469863892,0.7311058044433594,-0.051449164748191833,0.5874791145324707,0.7505360245704651,-0.04904364421963692,0.65056312084198,0.7461775541305542,-0.03136307746171951,0.5959296226501465,0.7431932687759399,-0.05230165645480156,0.584777295589447,0.7685514688491821,-0.043776173144578934,0.5936027765274048,0.77960205078125,-0.03377525508403778,0.6452575922012329,0.7814788818359375,-0.04292988032102585,0.5970491766929626,0.7858589291572571,-0.05371159687638283,0.5876637697219849,0.8028773069381714,-0.04646550491452217,0.5961495637893677,0.8110814094543457,-0.03802008181810379
0.6199785470962524,0.8991059064865112,-3.0264342854025017e-07,0.5872443914413452,0.8427212238311768,-0.007383757270872593,0.5715752243995667,0.7932327389717102,-0.01611473597586155,0.5547049641609192,0.7677559852600098,-0.027427593246102333,0.5377522110939026,0.7541894316673279,-0.038606248795986176,0.610788106918335,0.7146095037460327,-0.011971032246947289,0.5958412885665894,0.6550239324569702,-0.032584380358457565,0.586723804473877,0.6167489886283875,-0.04660046100616455,0.5806511044502258,0.587547242641449,-0.05609994754195213,0.6331321597099304,0.7302091717720032,-0.020865997299551964,0.5803350210189819,0.7252242565155029,-0.047784265130758286,0.5620734095573425,0.7586126923561096,-0.05525584891438484,0.5634362697601318,0.778541624546051,-0.055060964077711105,0.643644392490387,0.7635279893875122,-0.031489863991737366,0.586310088634491,0.7786024808883667,-0.051560841500759125,0.5780057907104492,0.8055832386016846,-0.046056993305683136,0.5877329707145691,0.8121814727783203,-0.03846152871847153,0.6431869268417358,0.8030219674110413,-0.044086020439863205,0.5963232517242432,0.8221743106842041,-0.053198620676994324,0.5871704816818237,0.8402726054191589,-0.04613287374377251,0.5948905348777771,0.8439306020736694,-0.0383494570851326
0.6296253204345703,0.9080663323402405,-4.0437484472022334e-07,0.5942875742912292,0.8494709134101868,-0.0030947246123105288,0.5698100924491882,0.7999122142791748,-0.011720496229827404,0.546515166759491,0.7748094201087952,-0.023918665945529938,0.5264005661010742,0.7706003189086914,-0.03505361080169678,0.6023077368736267,0.7182835936546326,-0.008996762335300446,0.5755749344825745,0.6685329079627991,-0.03277355059981346,0.5488782525062561,0.6697166562080383,-0.04846426472067833,0.5307236313819885,0.6855125427246094,-0.05619512498378754,0.6202672123908997,0.7359434366226196,-0.01876715011894703,0.5600957274436951,0.7526879906654358,-0.03855779021978378,0.552450954914093,0.7812923789024353,-0.04495140537619591,0.5603324770927429,0.7937195301055908,-0.04718944430351257,0.6298373937606812,0.7732511162757874,-0.03054497204720974,0.5702898502349854,0.8052252531051636,-0.04411692172288895,0.5712459087371826,0.8252689838409424,-0.03911350667476654,0.583224892616272,0.8274837732315063,-0.03406049683690071,0.6321281790733337,0.8160809874534607,-0.04392341524362564,0.5851798057556152,0.8405835032463074,-0.04920126870274544,0.583561897277832,0.8522529006004333,-0.042384110391139984,0.5933800935745239,0.8518744707107544,-0.035493988543748856
0.6343588829040527,0.9299013614654541,-4.753955806791055e-07,0.5883375406265259,0.8659470081329346,-0.0030647432431578636,0.5526536107063293,0.8145591616630554,-0.011425747536122799,0.5248821973800659,0.7816534042358398,-0.022486956790089607,0.5028355121612549,0.7659536004066467,-0.033230073750019073,0.5800221562385559,0.7322899103164673,-0.01022085826843977,0.542462944984436,0.7142641544342041,-0.033715132623910904,0.512273907661438,0.728206992149353,-0.0523952916264534,0.49406561255455017,0.7448501586914062,-0.06287170201539993,0.601334273815155,0.7546526789665222,-0.02032240480184555,0.5545311570167542,0.7739509344100952,-0.03771920129656792,0.5384390354156494,0.7991079688072205,-0.04584600031375885,0.5363935232162476,0.8130363821983337,-0.05090292543172836,0.6169731020927429,0.7965527772903442,-0.032263487577438354,0.5746434330940247,0.8217411637306213,-0.048449430614709854,0.5630908012390137,0.8419307470321655,-0.04753915220499039,0.5620233416557312,0.8548089861869812,-0.04505925998091698,0.6262531876564026,0.8462233543395996,-0.045129530131816864,0.5904750823974609,0.8638973832130432,-0.055679719895124435,0.576835036277771,0.8737972378730774,-0.05249703675508499,0.572351336479187,0.8806876540184021,-0.047734152525663376
0.6430777907371521,0.9421218037605286,-5.00770340750023e-07,0.5889350175857544,0.9007017612457275,-0.0010100591462105513,0.5465853810310364,0.8593910932540894,-0.005878597963601351,0.5169797539710999,0.8365993499755859,-0.01387617364525795,0.5007362961769104,0.8229622840881348,-0.021442152559757233,0.5642986297607422,0.7727882862091064,-0.0038999123498797417,0.5228300094604492,0.7636303305625916,-0.019891781732439995,0.5072117447853088,0.7899910807609558,-0.032535333186388016,0.5043463110923767,0.807643711566925,-0.03992949798703194,0.5871117115020752,0.7859250903129578,-0.012522529810667038,0.5360455513000488,0.8184359073638916,-0.025028221309185028,0.5262977480888367,0.8467901945114136,-0.03155136853456497,0.5278424620628357,0.8600910305976868,-0.03570288419723511,0.6078107953071594,0.815523624420166,-0.02235855907201767,0.55658358335495,0.8570086359977722,-0.032098378986120224,0.5531919598579407,0.8780058026313782,-0.031074440106749535,0.5577097535133362,0.8861205577850342,-0.029909996315836906,0.6250317096710205,0.852679431438446,-0.03301998972892761,0.5827460289001465,0.8875325918197632,-0.03888984024524689,0.5764099955558777,0.9025307893753052,-0.035024188458919525,0.5780121684074402,0.9093937277793884,-0.030440660193562508
0.6025024652481079,0.668005108833313,-2.2841680902274675e-07,0.566231369972229,0.6526648998260498,-0.0008609102806076407,0.5405567288398743,0.61017906665802,-0.004389129113405943,0.5269738435745239,0.5795642733573914,-0.01105235144495964,0.5254961848258972,0.5544153451919556,-0.01596117950975895,0.5710962414741516,0.5397642850875854,0.0016541839577257633,0.556532084941864,0.4863583445549011,-0.014830021187663078,0.526974618434906,0.5008859634399414,-0.024902688339352608,0.5163904428482056,0.5288881659507751,-0.02919485978782177,0.5870325565338135,0.537743330001831,-0.006864631082862616,0.5648553371429443,0.4797995984554291,-0.021558884531259537,0.5303483009338379,0.49672362208366394,-0.027099795639514923,0.519855797290802,0.5223735570907593,-0.02786811627447605,0.5991792678833008,0.5456190705299377,-0.017777813598513603,0.5740110874176025,0.48896950483322144,-0.03133075311779976,0.5369874835014343,0.5032532811164856,-0.03414226695895195,0.522861659526825,0.5275935530662537,-0.032958194613456726,0.6043456792831421,0.5642272233963013,-0.02915215864777565,0.5734290480613708,0.5277994871139526,-0.040703870356082916,0.5412071943283081,0.5310059189796448,-0.04372458904981613,0.5250150561332703,0.5448604226112366,-0.04325943812727928
0.6201944947242737,0.6761197447776794,-3.040660487840796e-07,0.5809354782104492,0.65700364112854,-0.003345475299283862,0.5508912205696106,0.6171916723251343,-0.008991205133497715,0.5278494358062744,0.5925220847129822,-0.01794290915131569,0.5149717330932617,0.5674856901168823,-0.02476753666996956,0.5749331116676331,0.536683201789856,0.00378800998441875,0.5560986995697021,0.4838692545890808,-0.015064112842082977,0.5264922976493835,0.4975705146789551,-0.028477277606725693,0.5164119601249695,0.5252511501312256,-0.03511478006839752,0.5893643498420715,0.5338121056556702,-0.004406783729791641,0.5626994967460632,0.47517839074134827,-0.021267017349600792,0.5288001298904419,0.49304425716400146,-0.02975788712501526,0.51936936378479,0.521088719367981,-0.032207585871219635,0.6016126275062561,0.5419782996177673,-0.015660792589187622,0.5739780068397522,0.4858142137527466,-0.029910368844866753,0.5380502939224243,0.5001058578491211,-0.03363145515322685,0.5246348977088928,0.5250910520553589,-0.033161066472530365,0.6081266403198242,0.5609034895896912,-0.027746684849262238,0.5780152678489685,0.5224865078926086,-0.03784739598631859,0.5475834608078003,0.5239891409873962,-0.04004335403442383,0.5320102572441101,0.5359857082366943,-0.039365679025650024
0.6295869946479797,0.6896442174911499,-2.660484881289449e-07,0.5860610604286194,0.6621679067611694,0.0017391979927197099,0.5553473234176636,0.617790937423706,-0.002034001750871539,0.5319212675094604,0.5892600417137146,-0.010510947555303574,0.516812264919281,0.5649492144584656,-0.01706267148256302,0.5832133889198303,0.5415163636207581,0.011756527237594128,0.5615105628967285,0.48858535289764404,-0.0054359473288059235,0.5313096642494202,0.4967062473297119,-0.01854356937110424,0.5188524723052979,0.5225042104721069,-0.025059843435883522,0.5955373644828796,0.5370578765869141,0.00042398207006044686,0.5682559609413147,0.47383007407188416,-0.013919142074882984,0.5330325365066528,0.48405712842941284,-0.021872108802199364,0.5186865329742432,0.5106235146522522,-0.024804653599858284,0.6053788661956787,0.5439727306365967,-0.013999518938362598,0.5755826830863953,0.48105865716934204,-0.026598570868372917,0.5383205413818359,0.49064499139785767,-0.030621400102972984,0.521728515625,0.5161353349685669,-0.031078239902853966,0.6078035831451416,0.5631420612335205,-0.02902991883456707,0.5743744969367981,0.5230433344841003,-0.038301195949316025,0.5420861840248108,0.5243043303489685,-0.040766194462776184,0.5237526297569275,0.5381017327308655,-0.04082100838422775
0.6302868127822876,0.6950688362121582,-2.641062906150182e-07,0.5837198495864868,0.6595421433448792,0.005270400084555149,0.5540252923965454,0.6143284440040588,0.003148163203150034,0.532366156578064,0.5851625800132751,-0.004299289546906948,0.514853298664093,0.560344934463501,-0.010226142592728138,0.5804154872894287,0.5453129410743713,0.014008578844368458,0.559205949306488,0.4888536334037781,-0.0025318232364952564,0.5292009115219116,0.49868226051330566,-0.01520981453359127,0.5184594988822937,0.5236485004425049,-0.02132384665310383,0.5933701395988464,0.5409563779830933,0.0017222590977326035,0.5667303204536438,0.47476667165756226,-0.012122513726353645,0.5314785838127136,0.48586568236351013,-0.020631257444620132,0.5185660719871521,0.5118796229362488,-0.024367133155465126,0.6032475829124451,0.546337366104126,-0.013212677091360092,0.5739641785621643,0.4805910587310791,-0.025755561888217926,0.5355989336967468,0.4931181073188782,-0.030595185235142708,0.5199392437934875,0.5213454365730286,-0.03178003057837486,0.6058546304702759,0.5618776679039001,-0.0282395388931036,0.5721584558486938,0.5186442732810974,-0.03683719411492348,0.5396013259887695,0.5225647687911987,-0.038944024592638016,0.5223633646965027,0.5391457080841064,-0.03897114098072052
0.628710925579071,0.6917348504066467,-2.624571777687379e-07,0.5809893608093262,0.6552249193191528,0.006253519561141729,0.5511173605918884,0.6110464930534363,0.004685781430453062,0.5299460887908936,0.5823763608932495,-0.0027899332344532013,0.5147994160652161,0.5576258897781372,-0.008760888129472733,0.5748499631881714,0.5390798449516296,0.018000435084104538,0.5560122728347778,0.4825570583343506,0.0019331490620970726,0.5283735394477844,0.4958116412162781,-0.010885794647037983,0.5184547305107117,0.5223898887634277,-0.017188092693686485,0.5885321497917175,0.5364025235176086,0.004955224227160215,0.5649519562721252,0.46946707367897034,-0.00931959506124258,0.5311346054077148,0.4845457077026367,-0.01846894435584545,0.5187243223190308,0.5131871104240417,-0.022168362513184547,0.5999470949172974,0.5430486798286438,-0.010848393663764,0.574103832244873,0.4763895571231842,-0.02318401262164116,0.5378347635269165,0.4906609058380127,-0.027896668761968613,0.5228433012962341,0.519798755645752,-0.028731975704431534,0.6049190163612366,0.5591864585876465,-0.02683917246758938,0.5730506777763367,0.5158867835998535,-0.034764960408210754,0.5421651601791382,0.520085334777832,-0.03638383746147156,0.5257189869880676,0.5360055565834045,-0.03592849150300026
0.6263149380683899,0.6884109377861023,-2.596595152226655e-07,0.5771253108978271,0.6494768261909485,0.006021458189934492,0.5463524460792542,0.6059560179710388,0.004118571523576975,0.5247601270675659,0.5766531229019165,-0.003460778621956706,0.511856198310852,0.5519305467605591,-0.009604412131011486,0.5751732587814331,0.5350551009178162,0.01729978807270527,0.5555044412612915,0.4811742901802063,0.001674967585131526,0.5274295210838318,0.4937427341938019,-0.010808337479829788,0.5173860788345337,0.5194933414459229,-0.016981327906250954,0.5893237590789795,0.5326792597770691,0.00478210998699069,0.563833475112915,0.46816590428352356,-0.009204953908920288,0.5299187898635864,0.4820771813392639,-0.017987744882702827,0.5173621773719788,0.5099033117294312,-0.021622061729431152,0.6005150675773621,0.5398609638214111,-0.010430390015244484,0.5721616744995117,0.4781695008277893,-0.022864682599902153,0.5356005430221558,0.49178406596183777,-0.027720212936401367,0.520173966884613,0.5198230147361755,-0.028687646612524986,0.6046130657196045,0.5567009449005127,-0.025724641978740692,0.571296751499176,0.5174640417098999,-0.03372709080576897,0.5406827330589294,0.5206901431083679,-0.03558626025915146,0.5238772034645081,0.5340709090232849,-0.03537329286336899
0.6262589693069458,0.6917564868927002,-2.8284722475291346e-07,0.5789262652397156,0.6543938517570496,0.004860694985836744,0.5485276579856873,0.6095923185348511,0.002442876808345318,0.5266151428222656,0.5804707407951355,-0.005214471369981766,0.5129028558731079,0.5542222857475281,-0.011339336633682251,0.5782650113105774,0.5363155007362366,0.014223013073205948,0.5575714707374573,0.4808723032474518,-0.002180878771468997,0.5275650024414062,0.4923577904701233,-0.014959345571696758,0.5164022445678711,0.5170731544494629,-0.0213276706635952,0.5926722288131714,0.5336143374443054,0.002226497046649456,0.5650085210800171,0.468776136636734,-0.012102549895644188,0.5296615362167358,0.4827757775783539,-0.02062629535794258,0.5167031288146973,0.5100743174552917,-0.02408953197300434,0.6032915711402893,0.5414857268333435,-0.012455635704100132,0.5727881193161011,0.47959429025650024,-0.02502633072435856,0.535183310508728,0.49151575565338135,-0.029531307518482208,0.51897132396698,0.5178587436676025,-0.03039802610874176,0.6061632037162781,0.5598376393318176,-0.027287902310490608,0.5722174048423767,0.5196077823638916,-0.03588660806417465,0.5408970713615417,0.5222521424293518,-0.03781026974320412,0.523297131061554,0.5362287163734436,-0.03757810220122337
0.6237983703613281,0.692539632320404,-2.978110842377646e-07,0.5778729915618896,0.6561099290847778,0.0037201116792857647,0.5492008328437805,0.6124283671379089,0.0003770851471927017,0.5274932384490967,0.5833733081817627,-0.008201964199543,0.5128679871559143,0.5571027994155884,-0.015147022902965546,0.5752250552177429,0.5377200841903687,0.012329489924013615,0.5553047060966492,0.4794895052909851,-0.005667645484209061,0.5260859727859497,0.49310892820358276,-0.019075831398367882,0.5156107544898987,0.5201072692871094,-0.025522619485855103,0.5894635915756226,0.5355111360549927,0.0006132900016382337,0.5621715784072876,0.4691380262374878,-0.01564975455403328,0.5282531976699829,0.48598435521125793,-0.024682864546775818,0.5162990689277649,0.5151246190071106,-0.02789832279086113,0.6003936529159546,0.5433369278907776,-0.013881763443350792,0.5707299113273621,0.4825318157672882,-0.027297569438815117,0.5346550345420837,0.49679845571517944,-0.03188934922218323,0.5190596580505371,0.5243281722068787,-0.03250698372721672,0.6045531630516052,0.5610901117324829,-0.028675580397248268,0.5718429684638977,0.5219665765762329,-0.03722219914197922,0.5406376719474792,0.5246429443359375,-0.0393080897629261,0.5226625204086304,0.5380240082740784,-0.03911023586988449
0.6270983219146729,0.6995776295661926,-3.134753683298186e-07,0.5796239972114563,0.6651710271835327,0.005086954683065414,0.5522139072418213,0.6193275451660156,0.0034139032941311598,0.5308771729469299,0.5894707441329956,-0.0038913986645638943,0.514641284942627,0.5635924339294434,-0.009582487866282463,0.5782182812690735,0.5423057079315186,0.01632462628185749,0.5560126900672913,0.48519521951675415,-0.0005439847009256482,0.5255478620529175,0.4988104999065399,-0.013295844197273254,0.5156795382499695,0.5264296531677246,-0.019321240484714508,0.5910535454750061,0.5386464595794678,0.004198459442704916,0.5619799494743347,0.472281277179718,-0.010536819696426392,0.5267232060432434,0.48973482847213745,-0.019302623346447945,0.51534104347229,0.5192756056785583,-0.02254375070333481,0.6001685857772827,0.5452317595481873,-0.010786430910229683,0.5691498517990112,0.48301810026168823,-0.023919088765978813,0.531843364238739,0.4991421103477478,-0.029050640761852264,0.5176631212234497,0.5280020833015442,-0.029990987852215767,0.6018720269203186,0.561954140663147,-0.025933068245649338,0.5682120323181152,0.5214340090751648,-0.03422550857067108,0.5361663699150085,0.5275343060493469,-0.03616129979491234,0.519749641418457,0.5453221201896667,-0.03587823733687401
0.628576397895813,0.7036906480789185,-3.152639465042739e-07,0.5780591368675232,0.666370153427124,0.004907309077680111,0.5485726594924927,0.618863046169281,0.002302946988493204,0.5268114805221558,0.5886237621307373,-0.005863814149051905,0.5116348266601562,0.5620812773704529,-0.012212720699608326,0.5814191699028015,0.5419121980667114,0.013321887701749802,0.5564552545547485,0.48332107067108154,-0.004822359886020422,0.5242900848388672,0.49825260043144226,-0.018042221665382385,0.514917254447937,0.5264079570770264,-0.024273021146655083,0.5941739678382874,0.5407694578170776,0.0006399403791874647,0.5609176158905029,0.4729072153568268,-0.015654420480132103,0.524120032787323,0.4945231080055237,-0.02430623583495617,0.514945387840271,0.5250658392906189,-0.027157658711075783,0.6023966670036316,0.5498535633087158,-0.014778422191739082,0.5674008131027222,0.4872421622276306,-0.028732135891914368,0.5290107131004333,0.5069205164909363,-0.03273386508226395,0.5172048211097717,0.5363706350326538,-0.032653577625751495,0.6023557186126709,0.5689823627471924,-0.030388332903385162,0.566786527633667,0.5254719257354736,-0.03875741362571716,0.5347145795822144,0.5333273410797119,-0.039528511464595795,0.5211739540100098,0.5525619983673096,-0.038237251341342926
0.6285614967346191,0.7061325311660767,-3.249252813475323e-07,0.5768826007843018,0.6674297451972961,0.0051067001186311245,0.5467430949211121,0.6211450099945068,0.0023799759801477194,0.5247556567192078,0.5910433530807495,-0.005851580761373043,0.512061357498169,0.5666707754135132,-0.012412467040121555,0.5769952535629272,0.5442997217178345,0.013445080257952213,0.5549706816673279,0.48538947105407715,-0.004242968279868364,0.524502694606781,0.5009535551071167,-0.017268329858779907,0.5155115723609924,0.5296079516410828,-0.023723149672150612,0.5913130640983582,0.5424031615257263,0.0008170753717422485,0.5602445602416992,0.4744412302970886,-0.015898067504167557,0.524896502494812,0.4960070550441742,-0.0248593520373106,0.5155958533287048,0.5281549096107483,-0.02791895717382431,0.6013413071632385,0.5518047213554382,-0.014503403566777706,0.5685850381851196,0.48836180567741394,-0.02840757928788662,0.5313453078269958,0.5061758160591125,-0.03297462314367294,0.5184850692749023,0.5356472134590149,-0.03347661346197128,0.6031140089035034,0.5719138383865356,-0.02997964806854725,0.5679214000701904,0.5315611362457275,-0.03866806626319885,0.5357689261436462,0.5360959768295288,-0.040688399225473404,0.5201823711395264,0.5507133603096008,-0.04049282893538475
0.6256704330444336,0.7054650783538818,-3.0968135433795396e-07,0.574564516544342,0.6636157631874084,0.005769186653196812,0.5443194508552551,0.6174938082695007,0.003630302380770445,0.5223768949508667,0.5876238942146301,-0.004281168337911367,0.51002037525177,0.5606411099433899,-0.010701506398618221,0.5738648176193237,0.544498860836029,0.016185659915208817,0.5521476864814758,0.4878445565700531,-0.0010169177548959851,0.522870659828186,0.5019142627716064,-0.014460680074989796,0.5131015777587891,0.5286717414855957,-0.0212093498557806,0.5884975790977478,0.543237566947937,0.0031706683803349733,0.5596121549606323,0.47562798857688904,-0.013218694366514683,0.5247842073440552,0.4947293996810913,-0.023160651326179504,0.5137680768966675,0.5259293913841248,-0.027024321258068085,0.5995598435401917,0.5522177815437317,-0.012614632025361061,0.5697845220565796,0.4876304268836975,-0.026323912665247917,0.5323381423950195,0.5027391314506531,-0.031956594437360764,0.5174424052238464,0.5314815044403076,-0.0332312285900116,0.6027184128761292,0.5711085200309753,-0.028525017201900482,0.5684159398078918,0.5301557779312134,-0.03697984665632248,0.5367732048034668,0.5340031385421753,-0.039324745535850525,0.5202388167381287,0.5483808517456055,-0.039444323629140854
0.6273414492607117,0.708238422870636,-3.029034303381195e-07,0.5766932964324951,0.6678000688552856,0.005368244834244251,0.5456588864326477,0.6192724704742432,0.0034975663293153048,0.523747980594635,0.5872547626495361,-0.003920234274119139,0.5120419263839722,0.5600929856300354,-0.00962358620017767,0.5769330263137817,0.5483065247535706,0.014579953625798225,0.5549628734588623,0.4894310235977173,-0.002272854559123516,0.5243213176727295,0.50211501121521,-0.015087652951478958,0.5138940811157227,0.529283881187439,-0.02139984257519245,0.5906476974487305,0.5469661951065063,0.0018235041061416268,0.5623818635940552,0.4768638610839844,-0.013870708644390106,0.5257927775382996,0.4937474727630615,-0.02284705452620983,0.5138473510742188,0.5246118307113647,-0.02619255520403385,0.6004723310470581,0.5558870434761047,-0.013645789586007595,0.5710042119026184,0.4894774854183197,-0.027072886005043983,0.5323832035064697,0.5036517381668091,-0.03241534158587456,0.5173925757408142,0.5325881838798523,-0.033581919968128204,0.6023380756378174,0.5745256543159485,-0.029270196333527565,0.5698971748352051,0.5294587016105652,-0.03795423358678818,0.5378504395484924,0.5338500738143921,-0.04014227166771889,0.5214953422546387,0.5513725876808167,-0.04013907536864281
0.6272463202476501,0.7091580033302307,-2.978859754421137e-07,0.5762984752655029,0.6673071384429932,0.00606017280369997,0.54582279920578,0.6197657585144043,0.00444784015417099,0.5233055949211121,0.5894104838371277,-0.0028003116603940725,0.5091174840927124,0.5633776783943176,-0.008559049107134342,0.5780742764472961,0.5477420091629028,0.01615915261209011,0.5557515621185303,0.49173271656036377,-0.00033303219242952764,0.5248973369598389,0.5034373998641968,-0.01345483772456646,0.5133907794952393,0.529564619064331,-0.019940577447414398,0.5917725563049316,0.546669602394104,0.0033795989584177732,0.5627782940864563,0.479665070772171,-0.0117838429287076,0.5265183448791504,0.49508556723594666,-0.02118488773703575,0.5136224031448364,0.5254071354866028,-0.02498699724674225,0.6011568307876587,0.5560734272003174,-0.01210184209048748,0.5707370638847351,0.4923616945743561,-0.02509601227939129,0.5323244333267212,0.5042859315872192,-0.030804719775915146,0.5161908864974976,0.5321222543716431,-0.03229039907455444,0.6020124554634094,0.5751693844795227,-0.027670444920659065,0.5685436129570007,0.5322788953781128,-0.03591945767402649,0.5369718670845032,0.5347858667373657,-0.03820924460887909,0.5197998285293579,0.5505285263061523,-0.03832416608929634
0.6269421577453613,0.7105233669281006,-2.822590943196701e-07,0.577398955821991,0.6694508194923401,0.005419584456831217,0.5472054481506348,0.6227439641952515,0.0031351735815405846,0.5244271159172058,0.5929850935935974,-0.004733840003609657,0.5108654499053955,0.5659220814704895,-0.010866447351872921,0.5829684734344482,0.5501959323883057,0.015271049924194813,0.5604656338691711,0.49212297797203064,-0.0016737754922360182,0.5283312797546387,0.5019491910934448,-0.014899658970534801,0.515497624874115,0.5268080234527588,-0.021425917744636536,0.5952665209770203,0.5492582321166992,0.0026762178167700768,0.5651729106903076,0.48069193959236145,-0.012514734640717506,0.5277761220932007,0.4944736957550049,-0.021526845172047615,0.5145552158355713,0.5223722457885742,-0.025255316868424416,0.6028599739074707,0.5581468343734741,-0.012711898423731327,0.5703442096710205,0.49439167976379395,-0.025786302983760834,0.5314503312110901,0.5071620345115662,-0.030696649104356766,0.5160345435142517,0.534367561340332,-0.031705040484666824,0.6020973324775696,0.5760137438774109,-0.028285237029194832,0.5689089298248291,0.531816840171814,-0.036439575254917145,0.5372576713562012,0.5354710817337036,-0.03811948746442795,0.5207937955856323,0.5523414015769958,-0.03783239424228668
0.6279280781745911,0.7115432024002075,-3.039887985778478e-07,0.5790235996246338,0.6716316938400269,0.004765181802213192,0.54852694272995,0.6254549622535706,0.0020852675661444664,0.5250766277313232,0.5946700572967529,-0.006105823442339897,0.5108122825622559,0.5665582418441772,-0.012469452805817127,0.5822572708129883,0.5511388182640076,0.015383493155241013,0.5594196915626526,0.4932957887649536,-0.0017467334400862455,0.5284581780433655,0.5045332312583923,-0.015230275690555573,0.5157026052474976,0.5302497744560242,-0.021988529711961746,0.5946455001831055,0.5493748188018799,0.0032171341590583324,0.5634755492210388,0.48166945576667786,-0.012366852723062038,0.5273047685623169,0.49764078855514526,-0.02166440524160862,0.5144476890563965,0.5265898704528809,-0.02532942034304142,0.6026498675346375,0.5576963424682617,-0.011804671958088875,0.5699489116668701,0.4947383999824524,-0.0243491530418396,0.5322773456573486,0.5079901814460754,-0.028825750574469566,0.5166178941726685,0.5350804328918457,-0.029581991955637932,0.6024824380874634,0.5757020711898804,-0.027206232771277428,0.5701468586921692,0.5330168008804321,-0.034600015729665756,0.5389705300331116,0.5351888537406921,-0.036198969930410385,0.5217881798744202,0.5495899319648743,-0.035929061472415924
0.6270305514335632,0.7113704681396484,-2.759126118689892e-07,0.5774309039115906,0.670306921005249,0.005188970826566219,0.5474686026573181,0.6243517994880676,0.003427996067330241,0.5254621505737305,0.5934638977050781,-0.004116068594157696,0.5128058791160583,0.5662984251976013,-0.009922992438077927,0.576385498046875,0.5535277724266052,0.018144767731428146,0.5589508414268494,0.4960677921772003,0.0021619554609060287,0.5299847722053528,0.5062053799629211,-0.010594064369797707,0.5186471939086914,0.5307835340499878,-0.01697850413620472,0.590076208114624,0.5517619252204895,0.005792699754238129,0.5661252737045288,0.48315560817718506,-0.009039445780217648,0.5314930081367493,0.49651119112968445,-0.018178245052695274,0.5183745622634888,0.5245980024337769,-0.021775076165795326,0.6006962656974792,0.5593149662017822,-0.009571626782417297,0.5742689371109009,0.4944259226322174,-0.022666066884994507,0.537291944026947,0.506074070930481,-0.027970729395747185,0.5213630199432373,0.5334134697914124,-0.029007766395807266,0.6038892269134521,0.5757768750190735,-0.025175446644425392,0.572376549243927,0.5328059196472168,-0.03343098238110542,0.5410944819450378,0.5352324843406677,-0.035605303943157196,0.523714542388916,0.5504074096679688,-0.03557257726788521
0.6263343095779419,0.7114599943161011,-2.653545152497827e-07,0.5785810947418213,0.6719921231269836,0.004774236585944891,0.549246072769165,0.6262877583503723,0.0030882982537150383,0.5272334218025208,0.5950287580490112,-0.004050565417855978,0.514022707939148,0.5700244307518005,-0.00962243601679802,0.5801132917404175,0.5563250780105591,0.01795804873108864,0.5607542395591736,0.5019814968109131,0.002600315725430846,0.5324794054031372,0.5103036165237427,-0.010123178362846375,0.5202152729034424,0.5337567329406738,-0.016398165374994278,0.5934048891067505,0.5528829097747803,0.006179755087941885,0.5684292316436768,0.48707348108291626,-0.007486254442483187,0.5346670746803284,0.49594807624816895,-0.01671210490167141,0.5196948647499084,0.5221903324127197,-0.02064698562026024,0.6034097671508789,0.5590925812721252,-0.008557125926017761,0.5748321413993835,0.4959646463394165,-0.02130637876689434,0.538341760635376,0.5052499771118164,-0.027237653732299805,0.5210635662078857,0.5317046046257019,-0.02874189242720604,0.6052480936050415,0.575010359287262,-0.02347046323120594,0.5709523558616638,0.535261332988739,-0.031738460063934326,0.5403105020523071,0.5371659994125366,-0.034302033483982086,0.5223875641822815,0.5512712597846985,-0.03459950536489487
0.626865804195404,0.7124782800674438,-2.535014971272176e-07,0.5811721682548523,0.6747334003448486,0.004803703632205725,0.5517414808273315,0.6286895871162415,0.003400951623916626,0.5293988585472107,0.5977087020874023,-0.00345252500846982,0.5139787793159485,0.5730908513069153,-0.008623057045042515,0.5800226926803589,0.5595012307167053,0.018115919083356857,0.5627317428588867,0.5039502382278442,0.0031333037186414003,0.5342128276824951,0.5101165175437927,-0.009289862588047981,0.5213587284088135,0.532217264175415,-0.015494067221879959,0.5930749773979187,0.5559963583946228,0.006401329766958952,0.57004714012146,0.49056199193000793,-0.006194895599037409,0.5361125469207764,0.4966619610786438,-0.014502734877169132,0.5207155346870422,0.520462155342102,-0.01824267953634262,0.6033971905708313,0.561863899230957,-0.00833102222532034,0.5768592357635498,0.4990720748901367,-0.019922198727726936,0.5400024056434631,0.5062524080276489,-0.024794312193989754,0.5222567915916443,0.5310573577880859,-0.02608002908527851,0.606769859790802,0.576728343963623,-0.023369131609797478,0.57472825050354,0.5349026322364807,-0.030770273879170418,0.5437129735946655,0.5357255339622498,-0.03255419805645943,0.5253512263298035,0.5495565533638,-0.032592400908470154
0.6250845193862915,0.7073436975479126,-2.464244062139187e-07,0.5786989331245422,0.6692558526992798,0.005121722351759672,0.547737181186676,0.6238605380058289,0.0033300903160125017,0.5271028280258179,0.5935362577438354,-0.003797020995989442,0.5148507356643677,0.5682200789451599,-0.009319121018052101,0.5764588713645935,0.5555073618888855,0.015367555432021618,0.5608559250831604,0.49924492835998535,-0.00023942704137880355,0.5337470173835754,0.507068395614624,-0.01246856339275837,0.5217733979225159,0.5293970704078674,-0.01852773129940033,0.5912610292434692,0.5530853867530823,0.0033392866607755423,0.5693972706794739,0.48611146211624146,-0.011042351834475994,0.5362948179244995,0.4963427186012268,-0.019322363659739494,0.5226002335548401,0.5225179195404053,-0.022394908592104912,0.6029258966445923,0.5599964261054993,-0.011406047269701958,0.5772988796234131,0.49732181429862976,-0.023771457374095917,0.5418062806129456,0.50718754529953,-0.028180327266454697,0.5258104205131531,0.533194899559021,-0.02873341739177704,0.607817530632019,0.5762802958488464,-0.0264018215239048,0.577528715133667,0.5339847803115845,-0.034425534307956696,0.5474561452865601,0.5332435369491577,-0.03643278777599335,0.5296570658683777,0.5446255803108215,-0.03633376210927963
0.626150906085968,0.709624171257019,-2.5268107606279955e-07,0.5805698037147522,0.6717894077301025,0.003724723821505904,0.5502033829689026,0.6257925629615784,0.0016112590674310923,0.5285284519195557,0.5939904451370239,-0.005591155495494604,0.5163273215293884,0.5698203444480896,-0.011051029898226261,0.5787781476974487,0.5577965378761292,0.016273802146315575,0.5622943043708801,0.5032135844230652,0.0007921012002043426,0.5342908501625061,0.5100456476211548,-0.0119779659435153,0.5217795372009277,0.5321195721626282,-0.018524356186389923,0.5922398567199707,0.5542474985122681,0.005022167228162289,0.569905698299408,0.48991283774375916,-0.00863550417125225,0.5366227030754089,0.49725115299224854,-0.017343910411000252,0.5217747688293457,0.5217623710632324,-0.021067850291728973,0.6032851934432983,0.5601869821548462,-0.009218616411089897,0.5772457718849182,0.4977422058582306,-0.021476177498698235,0.5409592986106873,0.504740834236145,-0.026636281982064247,0.523097813129425,0.5294649004936218,-0.027895649895071983,0.6077515482902527,0.5759804844856262,-0.023814992979168892,0.575993537902832,0.5353520512580872,-0.032038941979408264,0.5454468727111816,0.5341284275054932,-0.03458708897233009,0.5266633629798889,0.5455158948898315,-0.034980010241270065
0.6255128979682922,0.7084479331970215,-2.4419446731371863e-07,0.5795149803161621,0.671319305896759,0.00468657910823822,0.5487136840820312,0.6253163814544678,0.003226589411497116,0.5280606150627136,0.5932650566101074,-0.003449696348980069,0.5150228142738342,0.5668096542358398,-0.008445190265774727,0.5769723653793335,0.5585488677024841,0.01611797884106636,0.5619379878044128,0.5024484992027283,0.0010341452434659004,0.5347892045974731,0.5076984167098999,-0.010942790657281876,0.5227386951446533,0.528682291507721,-0.0168612040579319,0.5913214087486267,0.5551826357841492,0.004394796676933765,0.5708780288696289,0.48847052454948425,-0.009194320999085903,0.5376549363136292,0.49654442071914673,-0.017050132155418396,0.5233194231987,0.5215927362442017,-0.019943397492170334,0.6030929684638977,0.5608820915222168,-0.010185218416154385,0.5788953900337219,0.4969932734966278,-0.02240465208888054,0.5428327322006226,0.504997730255127,-0.026768600568175316,0.5260125994682312,0.5300914645195007,-0.027311138808727264,0.6083212494850159,0.575957715511322,-0.02505752258002758,0.5778557658195496,0.5332106351852417,-0.033400584012269974,0.5471282005310059,0.5323739051818848,-0.035563789308071136,0.5287824869155884,0.5444093942642212,-0.03552863746881485
0.6264514327049255,0.7088336944580078,-2.4883922833396355e-07,0.581299901008606,0.6715324521064758,0.004063883796334267,0.55225670337677,0.6274400949478149,0.001960033318027854,0.5307180285453796,0.5978749990463257,-0.005294795148074627,0.5155903697013855,0.5720990896224976,-0.010916697792708874,0.5795601010322571,0.5587093830108643,0.015946857631206512,0.563273549079895,0.5032035708427429,0.0003407191252335906,0.5357128977775574,0.5095992684364319,-0.012340939603745937,0.5237501263618469,0.5315683484077454,-0.01874389871954918,0.593481719493866,0.5551087260246277,0.004418434575200081,0.5713115930557251,0.4897284209728241,-0.009434342384338379,0.5381987690925598,0.4988897740840912,-0.018060963600873947,0.5239656567573547,0.5244424343109131,-0.021659614518284798,0.6044019460678101,0.5607824325561523,-0.010029585100710392,0.578946590423584,0.49659013748168945,-0.022436924278736115,0.5433763861656189,0.504975438117981,-0.02704547345638275,0.5267488956451416,0.5303903818130493,-0.0278684813529253,0.6084251403808594,0.5760165452957153,-0.024799566715955734,0.5769386887550354,0.5340278148651123,-0.033158596605062485,0.5466986298561096,0.533662736415863,-0.03521865978837013,0.528699517250061,0.5460334420204163,-0.03514523059129715
0.6294081211090088,0.713884711265564,-2.5181347496072704e-07,0.5860947370529175,0.6770682334899902,0.0024051321670413017,0.5568883419036865,0.632067859172821,-0.00030491274083033204,0.5336641669273376,0.6006390452384949,-0.007599004544317722,0.5178147554397583,0.5741087198257446,-0.012923688627779484,0.5879915952682495,0.563252866268158,0.014437280595302582,0.5687956213951111,0.5077482461929321,-0.0011978570837527514,0.5391126275062561,0.5133999586105347,-0.013880502432584763,0.5257615447044373,0.535452127456665,-0.02013804391026497,0.6002081632614136,0.5590947866439819,0.004284252412617207,0.5751903653144836,0.4939298629760742,-0.009212343022227287,0.5405406951904297,0.5015642642974854,-0.017584802582859993,0.525413453578949,0.5259758830070496,-0.02095576375722885,0.608628511428833,0.5643826127052307,-0.00882305670529604,0.5799736380577087,0.5024827122688293,-0.02078983746469021,0.5434807538986206,0.5107712149620056,-0.025213461369276047,0.5265312194824219,0.5358173847198486,-0.02585928700864315,0.609744668006897,0.5789463520050049,-0.022362513467669487,0.5779650807380676,0.5377389192581177,-0.030093474313616753,0.5485042333602905,0.537814199924469,-0.031771935522556305,0.5315259099006653,0.5508819818496704,-0.03138979896903038
0.6290982365608215,0.7153222560882568,-2.3476775368180824e-07,0.5842737555503845,0.6762605905532837,0.005532901268452406,0.5553627014160156,0.6311323046684265,0.004536998923867941,0.5332201719284058,0.6000613570213318,-0.002179807284846902,0.5170199275016785,0.5722362995147705,-0.007301305886358023,0.5860883593559265,0.5649885535240173,0.021555693820118904,0.5696777701377869,0.5125001668930054,0.007726577576249838,0.5421512126922607,0.5155785083770752,-0.004653498530387878,0.5281434655189514,0.5340449213981628,-0.011012804694473743,0.5978947281837463,0.5616705417633057,0.009512938559055328,0.5765631794929504,0.4980470836162567,-0.002237646607682109,0.5431358218193054,0.5020143985748291,-0.010918575339019299,0.5265640616416931,0.5230408906936646,-0.014977489598095417,0.606816291809082,0.5666505098342896,-0.005626493599265814,0.5817034244537354,0.5032206773757935,-0.01691479980945587,0.545962929725647,0.5098010897636414,-0.021676965057849884,0.5286321640014648,0.5339630246162415,-0.02275245077908039,0.6088512539863586,0.5796282291412354,-0.02104964852333069,0.5781193375587463,0.5362094044685364,-0.02808269113302231,0.548909604549408,0.5377935171127319,-0.029256848618388176,0.5322520732879639,0.5530068874359131,-0.028773777186870575
0.6261194348335266,0.7109362483024597,-2.610717331208434e-07,0.5812145471572876,0.6732335686683655,0.00659956457093358,0.55313640832901,0.6296237111091614,0.00559138273820281,0.5322467088699341,0.600019633769989,-0.001394424238242209,0.5168513059616089,0.5741831660270691,-0.006944139022380114,0.5847618579864502,0.5616403818130493,0.020529402419924736,0.5666989684104919,0.5096150636672974,0.006170517299324274,0.5397752523422241,0.518583357334137,-0.005880711134523153,0.5286566019058228,0.5414096117019653,-0.011836406774818897,0.5976226329803467,0.5587195754051208,0.007878785021603107,0.5742327570915222,0.49538174271583557,-0.0044815316796302795,0.5412282943725586,0.5066230893135071,-0.01279502920806408,0.5277162194252014,0.5321612358093262,-0.016224415972828865,0.6070793867111206,0.5644000172615051,-0.007605524268001318,0.5808548927307129,0.5015443563461304,-0.019260743632912636,0.5455553531646729,0.5125734806060791,-0.023462671786546707,0.5304208397865295,0.5389770865440369,-0.023897118866443634,0.609368622303009,0.578456699848175,-0.02323378436267376,0.57805997133255,0.5362005233764648,-0.030598076060414314,0.5484246611595154,0.5390065312385559,-0.03162059560418129,0.5321648716926575,0.5542879700660706,-0.030792422592639923
0.6271317005157471,0.7139089107513428,-2.6003141329056234e-07,0.5839743614196777,0.6777750253677368,0.003162914887070656,0.5561096668243408,0.63338702917099,0.001315152971073985,0.5343549251556396,0.6025476455688477,-0.00559759559109807,0.5191725492477417,0.5763659477233887,-0.01068939920514822,0.5836561322212219,0.5670015811920166,0.01741047017276287,0.5671344995498657,0.5137987732887268,0.0027605262584984303,0.5394244194030762,0.5205068588256836,-0.009425370953977108,0.5288460850715637,0.5426539182662964,-0.015549980103969574,0.5954979062080383,0.5628187656402588,0.006804244592785835,0.5735654830932617,0.5000160932540894,-0.005782154388725758,0.5404680967330933,0.508743166923523,-0.01430535688996315,0.5272119045257568,0.5336331129074097,-0.017972100526094437,0.6054499745368958,0.5668043494224548,-0.0068763140588998795,0.5813244581222534,0.503928005695343,-0.01849633827805519,0.545513927936554,0.5118578672409058,-0.02353430725634098,0.5297022461891174,0.5371561050415039,-0.0247846320271492,0.6092495918273926,0.5792708396911621,-0.02095484547317028,0.5780972838401794,0.5379846096038818,-0.028713056817650795,0.5479310750961304,0.5395210981369019,-0.030827131122350693,0.5315278768539429,0.5545962452888489,-0.030870897695422173
0.624879002571106,0.7122423648834229,-2.6015601406470523e-07,0.5814073085784912,0.6749669909477234,0.0052901203744113445,0.553918719291687,0.6301732063293457,0.003907004836946726,0.533629298210144,0.6005032658576965,-0.0029946493450552225,0.518822431564331,0.5752229690551758,-0.008376174606382847,0.5842782258987427,0.5633887052536011,0.017738716676831245,0.5666338205337524,0.5111159086227417,0.003084821393713355,0.5401180386543274,0.520896315574646,-0.008888080716133118,0.5299796462059021,0.5445247292518616,-0.014771523885428905,0.5969045162200928,0.5603153109550476,0.005954151041805744,0.5740509033203125,0.4977099895477295,-0.006697823293507099,0.5415026545524597,0.5092556476593018,-0.014821099117398262,0.5287562608718872,0.5350337624549866,-0.01810142770409584,0.6062527298927307,0.5660712718963623,-0.008593535982072353,0.5805787444114685,0.5032761693000793,-0.02051621302962303,0.5456993579864502,0.514565646648407,-0.024765564128756523,0.5312390923500061,0.541487455368042,-0.025148876011371613,0.6085870862007141,0.5806320905685425,-0.02331855706870556,0.5777525901794434,0.5379371047019958,-0.0311569906771183,0.5480141639709473,0.540114164352417,-0.03254665061831474,0.5318482518196106,0.5554271936416626,-0.031859010457992554
0.62586510181427,0.7135708332061768,-2.542335550970165e-07,0.5821784138679504,0.6755234599113464,0.0043577756732702255,0.5541676878929138,0.6305441856384277,0.0026504143606871367,0.5329482555389404,0.5994161367416382,-0.004321572836488485,0.519604504108429,0.5726403594017029,-0.009506432339549065,0.5876389741897583,0.5655742287635803,0.017393028363585472,0.5699853897094727,0.512134313583374,0.0029450622387230396,0.5416644811630249,0.5182677507400513,-0.008925222791731358,0.529388964176178,0.5403638482093811,-0.014761347323656082,0.5995889902114868,0.5625082850456238,0.006200638599693775,0.576069176197052,0.49911370873451233,-0.006030732300132513,0.5422803163528442,0.5076254606246948,-0.013752571307122707,0.5281327962875366,0.5312899947166443,-0.016922548413276672,0.6080312132835388,0.5678916573524475,-0.00789546687155962,0.580856442451477,0.5058865547180176,-0.019683660939335823,0.5449150204658508,0.514889657497406,-0.023741589859128,0.5292489528656006,0.5402040481567383,-0.02409995347261429,0.6089953780174255,0.5816037654876709,-0.022266658022999763,0.5783793330192566,0.5377956628799438,-0.029982997104525566,0.5485716462135315,0.5390377640724182,-0.031145406886935234,0.5322325229644775,0.5549080967903137,-0.0303852166980505
0.6278629302978516,0.7144958972930908,-2.417874327420577e-07,0.5839289426803589,0.676615834236145,0.004752290900796652,0.5550722479820251,0.6311129331588745,0.003173236967995763,0.5334938168525696,0.5993326306343079,-0.0036721820943057537,0.5191742777824402,0.5697982907295227,-0.008739745244383812,0.5903534889221191,0.5663823485374451,0.018297091126441956,0.571857213973999,0.5128986239433289,0.004359356593340635,0.5435255765914917,0.5156206488609314,-0.007396100554615259,0.5293669700622559,0.5343506336212158,-0.013249452225863934,0.6022259593009949,0.563519299030304,0.006916260812431574,0.5779556632041931,0.5001052021980286,-0.004721445497125387,0.5440768599510193,0.5051798820495605,-0.012378303334116936,0.5282184481620789,0.5262022614479065,-0.01569855399429798,0.6097935438156128,0.5690587162971497,-0.0073680272325873375,0.5818806290626526,0.5070472359657288,-0.018362777307629585,0.5463002324104309,0.5139559507369995,-0.021981751546263695,0.5295516848564148,0.5374696254730225,-0.022291164845228195,0.6094968318939209,0.582672119140625,-0.021982435137033463,0.5792037844657898,0.5386053323745728,-0.029079681262373924,0.5504391193389893,0.5389214158058167,-0.029897626489400864,0.5338666439056396,0.5536690354347229,-0.029053203761577606
0.6264791488647461,0.7132720351219177,-2.4828349864947086e-07,0.5829619765281677,0.6764256358146667,0.004313633311539888,0.5548100471496582,0.6325873136520386,0.002364319982007146,0.5334270000457764,0.6021648049354553,-0.004814777057617903,0.5190759897232056,0.5726128816604614,-0.010240987874567509,0.587399423122406,0.5672643780708313,0.01627497188746929,0.5691219568252563,0.5128815770149231,0.0018279129872098565,0.5415283441543579,0.5179118514060974,-0.009782835841178894,0.5294868350028992,0.5386744737625122,-0.015466224402189255,0.5998052358627319,0.5642223954200745,0.004989044275134802,0.5757982730865479,0.499586820602417,-0.007394898682832718,0.5426989793777466,0.5071572065353394,-0.015037634409964085,0.528717577457428,0.5302159190177917,-0.018195081502199173,0.6083674430847168,0.5694623589515686,-0.009111241437494755,0.5812908411026001,0.505712628364563,-0.020837675780057907,0.5461475849151611,0.5144790410995483,-0.024563103914260864,0.5307116508483887,0.5396846532821655,-0.024840109050273895,0.6093401312828064,0.5826975107192993,-0.02349783666431904,0.5788722634315491,0.5379250645637512,-0.031510502099990845,0.5489579439163208,0.5394320487976074,-0.03273545205593109,0.5319890379905701,0.5555111169815063,-0.03205068036913872
0.6286098957061768,0.7072789669036865,-2.6942186082123953e-07,0.5824707746505737,0.668240487575531,0.005666486918926239,0.5554467439651489,0.6271133422851562,0.004181728232651949,0.5364951491355896,0.5969833731651306,-0.0026272039394825697,0.523465096950531,0.5718247294425964,-0.00801821332424879,0.5874910354614258,0.5600184202194214,0.01886528916656971,0.5691154599189758,0.5114401578903198,0.005014802794903517,0.5424641966819763,0.521544873714447,-0.007399291731417179,0.5307735800743103,0.54407799243927,-0.014045913703739643,0.6009985208511353,0.5563398003578186,0.007221521344035864,0.576693058013916,0.49719107151031494,-0.005070968065410852,0.544563889503479,0.5071201324462891,-0.01419678796082735,0.5300286412239075,0.5325566530227661,-0.018464939668774605,0.6103276014328003,0.5619030594825745,-0.007098317611962557,0.5838592052459717,0.5026234984397888,-0.01823856122791767,0.5499303936958313,0.5104379653930664,-0.023285113275051117,0.5334827899932861,0.5352064371109009,-0.024733450263738632,0.612163782119751,0.5763871073722839,-0.02154073491692543,0.5806121826171875,0.5380922555923462,-0.02897077240049839,0.5522193908691406,0.5379319190979004,-0.03081350587308407,0.5350310802459717,0.5492681860923767,-0.030747415497899055
0.6265496611595154,0.7080683708190918,-2.541111143727903e-07,0.5827919244766235,0.6703752279281616,0.004357179626822472,0.5553277134895325,0.6260472536087036,0.002342008287087083,0.5360940098762512,0.5946473479270935,-0.004503081552684307,0.5257135033607483,0.5672754049301147,-0.009560096077620983,0.5920875072479248,0.5611562728881836,0.014914577826857567,0.5746890306472778,0.5082700252532959,0.0006112353294156492,0.5459151268005371,0.5137587189674377,-0.010961093008518219,0.5322891473770142,0.5346763134002686,-0.0166938453912735,0.6042978167533875,0.5590294599533081,0.00394707266241312,0.5808132886886597,0.49668654799461365,-0.008216231130063534,0.5467329025268555,0.5034283399581909,-0.015594824217259884,0.5314353704452515,0.525762677192688,-0.018631979823112488,0.6122010350227356,0.5652454495429993,-0.009631947614252567,0.5848118662834167,0.5047823786735535,-0.020972473546862602,0.5493886470794678,0.5119629502296448,-0.024661464616656303,0.5330166816711426,0.5353180766105652,-0.025015410035848618,0.6124277710914612,0.5795848965644836,-0.0234325360506773,0.5820705890655518,0.5366404056549072,-0.031100735068321228,0.5532680153846741,0.5369753837585449,-0.032157838344573975,0.5368919372558594,0.5503010749816895,-0.031368765980005264
0.6289052367210388,0.7067636847496033,-2.5434485451114597e-07,0.5856487154960632,0.6696335077285767,0.0044729746878147125,0.5584912300109863,0.6269679069519043,0.0023106574080884457,0.5389420986175537,0.5964189171791077,-0.00486357556656003,0.5269946455955505,0.5680717825889587,-0.010291515849530697,0.5941886305809021,0.5603228807449341,0.01612282358109951,0.5762759447097778,0.5092933773994446,0.0016821835888549685,0.5482956767082214,0.5140761137008667,-0.0105430344119668,0.534153401851654,0.5341554284095764,-0.016753971576690674,0.6060460805892944,0.5576667785644531,0.00508569460362196,0.5811949372291565,0.49797195196151733,-0.006646864116191864,0.5483655333518982,0.5030062794685364,-0.01444258913397789,0.5328433513641357,0.5238516330718994,-0.018042871728539467,0.6132993102073669,0.5636274218559265,-0.008679941296577454,0.5841463804244995,0.5067926645278931,-0.019523542374372482,0.5502638220787048,0.514022707939148,-0.022955071181058884,0.5342914462089539,0.5368757843971252,-0.023358004167675972,0.6127886176109314,0.5778535008430481,-0.02275203727185726,0.5817914605140686,0.5373278260231018,-0.029722467064857483,0.553916871547699,0.5381187200546265,-0.0302040446549654,0.5377852320671082,0.551519513130188,-0.029155217111110687
0.6287544369697571,0.704833984375,-2.5098947276092076e-07,0.5865863561630249,0.6697824597358704,0.003936877474188805,0.5599960684776306,0.6277910470962524,0.001237797550857067,0.5399603843688965,0.5980916023254395,-0.006139647681266069,0.5266592502593994,0.5698722004890442,-0.011756650172173977,0.5968737602233887,0.5628329515457153,0.013429675251245499,0.5772509574890137,0.5117263793945312,-0.0011973859509453177,0.5487483739852905,0.5155341029167175,-0.012951082549989223,0.5351101160049438,0.5347932577133179,-0.018703937530517578,0.6079370379447937,0.5596609115600586,0.0027392322663217783,0.581943154335022,0.49824950098991394,-0.009515293873846531,0.5483550429344177,0.5031827092170715,-0.016910893842577934,0.5330044627189636,0.5245532989501953,-0.019990989938378334,0.6142091751098633,0.5647285580635071,-0.010485483333468437,0.5839142203330994,0.5072191953659058,-0.02155046910047531,0.549306333065033,0.5145106911659241,-0.02490294724702835,0.5334183573722839,0.537212073802948,-0.025157371535897255,0.6127942204475403,0.5778378844261169,-0.02397402934730053,0.5813354253768921,0.5369633436203003,-0.030995801091194153,0.5535393357276917,0.5383817553520203,-0.03148605674505234,0.5379694700241089,0.5525707006454468,-0.030440235510468483
0.6286808848381042,0.7046463489532471,-2.554112086272653e-07,0.5880414247512817,0.6710386276245117,0.0040922630578279495,0.5624356269836426,0.6288101077079773,0.001400345005095005,0.5423431396484375,0.6002366542816162,-0.0060797217302024364,0.5270038843154907,0.572299063205719,-0.011932569555938244,0.5974511504173279,0.5621377229690552,0.013475100509822369,0.5786536931991577,0.5117346048355103,-0.0015370773617178202,0.5504202842712402,0.5151650905609131,-0.013594684191048145,0.5364212393760681,0.5344803333282471,-0.01949399895966053,0.6080247759819031,0.558911144733429,0.0024188251700252295,0.5823690891265869,0.49829259514808655,-0.009959515184164047,0.5490354299545288,0.5031588077545166,-0.017406193539500237,0.5334910154342651,0.5240600109100342,-0.020510993897914886,0.6142815947532654,0.5641633868217468,-0.011224491521716118,0.5842346549034119,0.506782591342926,-0.0224713534116745,0.5499156713485718,0.5148566365242004,-0.025627804920077324,0.5339840054512024,0.5375245809555054,-0.025746095925569534,0.6133717894554138,0.5777439475059509,-0.025142814964056015,0.5818552374839783,0.5368931889533997,-0.03235505148768425,0.5540211200714111,0.5390105247497559,-0.032688114792108536,0.5383338332176208,0.5532827377319336,-0.03148851543664932
0.630280077457428,0.7051209211349487,-2.770484286429564e-07,0.5885288119316101,0.6702861189842224,0.0058293696492910385,0.5628264546394348,0.6277826428413391,0.0038117780350148678,0.5426040887832642,0.5998349189758301,-0.0032470000442117453,0.5260669589042664,0.5746636390686035,-0.008895584382116795,0.6000102162361145,0.5622296929359436,0.014235055074095726,0.5781808495521545,0.5134886503219604,-0.0002612495154608041,0.5489400625228882,0.5184781551361084,-0.0122315539047122,0.5348219871520996,0.538688063621521,-0.018242180347442627,0.61048823595047,0.5586996674537659,0.0025109557900577784,0.5806713700294495,0.5002162456512451,-0.008988226763904095,0.5468447804450989,0.5064390301704407,-0.016506236046552658,0.5322418808937073,0.5278946757316589,-0.020211447030305862,0.6157042980194092,0.5644605159759521,-0.011573299765586853,0.5834352374076843,0.5081565380096436,-0.021819205954670906,0.5482608079910278,0.5164936184883118,-0.025218410417437553,0.5324079990386963,0.5392864346504211,-0.026060767471790314,0.6125862002372742,0.5787321329116821,-0.025787172839045525,0.5809214115142822,0.5387431383132935,-0.0322255939245224,0.5532947182655334,0.5396841168403625,-0.0327751487493515,0.5381377935409546,0.5527247786521912,-0.03214724361896515
0.6278198957443237,0.7057384848594666,-2.7068685426456796e-07,0.5869054794311523,0.6702713966369629,0.005163966212421656,0.5616872310638428,0.6268335580825806,0.003013228764757514,0.5424500107765198,0.5994333624839783,-0.004021518398076296,0.5267415046691895,0.5747967958450317,-0.00963854044675827,0.5942847728729248,0.5613107085227966,0.012353400699794292,0.5747981071472168,0.5115996599197388,-0.0030259722843766212,0.5452845096588135,0.5178569555282593,-0.015037956647574902,0.5330379009246826,0.5392970442771912,-0.020896155387163162,0.6051068902015686,0.5589675307273865,0.0008571216021664441,0.5784842371940613,0.5001300573348999,-0.011364896781742573,0.5448136329650879,0.5082119107246399,-0.018585436046123505,0.5325615406036377,0.5303325057029724,-0.021886657923460007,0.6117323637008667,0.5657492876052856,-0.013042084872722626,0.5824927687644958,0.5073502659797668,-0.024320747703313828,0.5471718311309814,0.5177841782569885,-0.027542587369680405,0.533501386642456,0.5421990752220154,-0.027899712324142456,0.6108887195587158,0.581160843372345,-0.027033524587750435,0.5789545774459839,0.5396634340286255,-0.03422718867659569,0.550858736038208,0.5427294373512268,-0.03471079468727112,0.5377330183982849,0.5582475662231445,-0.03377912566065788
0.6275098323822021,0.7084606885910034,-2.6025071520052734e-07,0.587672233581543,0.6722251772880554,0.003986694384366274,0.562519907951355,0.630412220954895,0.0009785708971321583,0.5427250862121582,0.6027040481567383,-0.0065468656830489635,0.5280745625495911,0.5766814947128296,-0.012353422120213509,0.5981528759002686,0.5643386244773865,0.011499914340674877,0.5770480036735535,0.5140670537948608,-0.004304493777453899,0.5472610592842102,0.5182555317878723,-0.01676228456199169,0.5338519215583801,0.5379663109779358,-0.02280839905142784,0.6079831719398499,0.5620707273483276,0.0007985400152392685,0.5793246626853943,0.5030667185783386,-0.011884624138474464,0.545706033706665,0.509204626083374,-0.01933646947145462,0.5322256684303284,0.5306117534637451,-0.02264675498008728,0.6128478646278381,0.5682238936424255,-0.012389441020786762,0.5812042355537415,0.5126284956932068,-0.023390337824821472,0.5463124513626099,0.5201941132545471,-0.026603713631629944,0.531495213508606,0.5425150394439697,-0.02696637064218521,0.6101773381233215,0.582781970500946,-0.025843966752290726,0.5785475373268127,0.5425226092338562,-0.03257152810692787,0.5508922338485718,0.5428928732872009,-0.03305495157837868,0.5361579656600952,0.5562061071395874,-0.03212409466505051
0.6285606026649475,0.7084872722625732,-2.7023449433727365e-07,0.5874177813529968,0.672962486743927,0.0041059451177716255,0.5622138381004333,0.6313780546188354,0.001026870682835579,0.5426733493804932,0.6039004325866699,-0.0066991932690143585,0.5279247164726257,0.5778055787086487,-0.012816820293664932,0.5985725522041321,0.5645919442176819,0.011065931990742683,0.5772591829299927,0.5152752995491028,-0.004604905378073454,0.5475289821624756,0.5208483338356018,-0.016962571069598198,0.5347626209259033,0.5414676666259766,-0.02314683608710766,0.6086336970329285,0.5624556541442871,1.686689029156696e-05,0.580028235912323,0.5032921433448792,-0.013171609491109848,0.5461099743843079,0.5110956430435181,-0.0207898560911417,0.5328978300094604,0.5332562923431396,-0.024029791355133057,0.6136429905891418,0.5696325302124023,-0.013428449630737305,0.582234799861908,0.514047384262085,-0.024794654920697212,0.5473589897155762,0.5225319266319275,-0.027909377589821815,0.5326480865478516,0.5448327660560608,-0.028111794963479042,0.6108046770095825,0.5856237411499023,-0.027129383757710457,0.5802769660949707,0.5450774431228638,-0.03443582355976105,0.5520843863487244,0.544160008430481,-0.035094473510980606,0.5367610454559326,0.555722177028656,-0.034185439348220825
0.6288864016532898,0.709463894367218,-2.714347147048102e-07,0.587424099445343,0.673768937587738,0.0056963167153298855,0.5621345043182373,0.6320651769638062,0.0034262423869222403,0.5425735712051392,0.6052493453025818,-0.003907043486833572,0.5285446643829346,0.5795199275016785,-0.009820764884352684,0.5998022556304932,0.5661254525184631,0.012621220201253891,0.5773355960845947,0.5170504450798035,-0.0022715935483574867,0.5478459000587463,0.5230611562728882,-0.01414685882627964,0.535469114780426,0.543300986289978,-0.02014837972819805,0.6098503470420837,0.5639258027076721,0.0007351366220973432,0.5801600217819214,0.5038890242576599,-0.011754960753023624,0.5460155606269836,0.5113875865936279,-0.0192218329757452,0.5329969525337219,0.5329192280769348,-0.022571247071027756,0.6145755648612976,0.5712077617645264,-0.013386952690780163,0.5816410183906555,0.5146580934524536,-0.02487211860716343,0.5466610789299011,0.5246170163154602,-0.027951227501034737,0.5329734086990356,0.5479070544242859,-0.028099043294787407,0.6110197305679321,0.5868046283721924,-0.027562765404582024,0.5800096988677979,0.5443837642669678,-0.035010453313589096,0.5518580675125122,0.5463722348213196,-0.035159751772880554,0.5376562476158142,0.5617160797119141,-0.033893290907144547
0.6289201974868774,0.7109712958335876,-2.644975722887466e-07,0.5879291296005249,0.6749076843261719,0.003626137273386121,0.5618458390235901,0.6339461803436279,0.00024257434415630996,0.541954755783081,0.6061237454414368,-0.007794616278260946,0.5289644598960876,0.5787588357925415,-0.014199700206518173,0.5991341471672058,0.5679678320884705,0.01172042079269886,0.5777463316917419,0.5185021162033081,-0.00379222072660923,0.5487495064735413,0.522952675819397,-0.016186023131012917,0.5356155633926392,0.542826771736145,-0.02245716191828251,0.6095266938209534,0.5652874708175659,0.0008948914473876357,0.5808385014533997,0.5056062340736389,-0.01216031052172184,0.5474362373352051,0.5126358270645142,-0.019968049600720406,0.5337974429130554,0.5340091586112976,-0.023480884730815887,0.6149613261222839,0.5714256167411804,-0.01245003379881382,0.5834499001502991,0.5134871602058411,-0.02431807667016983,0.5486408472061157,0.521587073802948,-0.02781873755156994,0.5335495471954346,0.5443146228790283,-0.028249533846974373,0.6121775507926941,0.5859017968177795,-0.026024749502539635,0.5810760259628296,0.5438219904899597,-0.033873625099658966,0.5529574751853943,0.5447390675544739,-0.034686192870140076,0.5376985669136047,0.5588980913162231,-0.03387555107474327
0.6298790574073792,0.7119923233985901,-2.642469780766987e-07,0.5881900191307068,0.6765417456626892,0.005023149307817221,0.5628846883773804,0.6347569823265076,0.00303671695291996,0.5432077646255493,0.6062418222427368,-0.003959672059863806,0.5282387733459473,0.5790953636169434,-0.00941100250929594,0.597747266292572,0.569649875164032,0.01532505638897419,0.5779401659965515,0.5203682780265808,0.0009516889113001525,0.5498926043510437,0.5244959592819214,-0.01098375953733921,0.5366864204406738,0.5445150136947632,-0.016969334334135056,0.6086107492446899,0.5662316679954529,0.004033380653709173,0.5812273621559143,0.5077258348464966,-0.00750577962026,0.5487648248672485,0.5130345225334167,-0.015099524520337582,0.5343630909919739,0.5337682962417603,-0.01869111694395542,0.614932656288147,0.5715136528015137,-0.009861988015472889,0.5841245651245117,0.5143744945526123,-0.02057395875453949,0.5500673055648804,0.5217610001564026,-0.024061905220150948,0.5344502329826355,0.544282853603363,-0.02472003921866417,0.6134467124938965,0.5850300788879395,-0.023970669135451317,0.5812565684318542,0.5452517867088318,-0.03092462196946144,0.5537293553352356,0.5464804172515869,-0.03160955384373665,0.5386019945144653,0.5601733326911926,-0.030886417254805565
0.6318333745002747,0.7123708724975586,-2.706517534534214e-07,0.5896281599998474,0.6772618889808655,0.006607410032302141,0.5636447668075562,0.6349412202835083,0.005385683383792639,0.5424436330795288,0.6054791212081909,-0.0014123611617833376,0.5264880061149597,0.577694296836853,-0.0068562207743525505,0.6007459759712219,0.5707318782806396,0.018574664369225502,0.5798037648200989,0.5223159790039062,0.005439477972686291,0.5515542030334473,0.525809109210968,-0.005733542609959841,0.5375780463218689,0.5435298681259155,-0.01141051109880209,0.6116377115249634,0.5672445893287659,0.006217965856194496,0.5832622647285461,0.5075286626815796,-0.00479207094758749,0.54973965883255,0.5137755274772644,-0.01219303160905838,0.5348771214485168,0.5336707830429077,-0.015541082248091698,0.6175041794776917,0.572381317615509,-0.00869497936218977,0.5864108204841614,0.5131926536560059,-0.019607365131378174,0.5513688325881958,0.5218390822410583,-0.022860025987029076,0.5354945659637451,0.5445157885551453,-0.02300240285694599,0.6151941418647766,0.5849355459213257,-0.023672571405768394,0.5833101868629456,0.5412729382514954,-0.031013328582048416,0.5552484393119812,0.5428587198257446,-0.03145246207714081,0.5396756529808044,0.5579091906547546,-0.030321268364787102
0.6321396827697754,0.712782621383667,-2.7370609245735977e-07,0.5889166593551636,0.6771154999732971,0.007174327038228512,0.5638660192489624,0.6350409984588623,0.006085895001888275,0.5434057712554932,0.6056421995162964,-0.0007593625923618674,0.5274333953857422,0.5780521035194397,-0.006191506050527096,0.6013518571853638,0.5720400810241699,0.018916690722107887,0.5801389813423157,0.5226538181304932,0.005750483367592096,0.5512018799781799,0.5278282761573792,-0.0053059798665344715,0.537955641746521,0.5477129817008972,-0.010744797065854073,0.6124075651168823,0.5680356025695801,0.006403922103345394,0.5834363698959351,0.5075379610061646,-0.004231044556945562,0.549458384513855,0.5137889385223389,-0.011162837967276573,0.5354381799697876,0.5341995358467102,-0.014286964200437069,0.6180501580238342,0.57264244556427,-0.008663561195135117,0.5858439803123474,0.5133198499679565,-0.019447486847639084,0.5506089925765991,0.5231119990348816,-0.022394662722945213,0.5360676050186157,0.5472162961959839,-0.022363146767020226,0.6150659322738647,0.5843679904937744,-0.02375195547938347,0.5822343826293945,0.5413764715194702,-0.031025080010294914,0.5537080764770508,0.5443770885467529,-0.03123500384390354,0.5389153957366943,0.5613260865211487,-0.02995453029870987
0.631440281867981,0.7128241658210754,-2.656703088632639e-07,0.5894355177879333,0.6773576140403748,0.004650570917874575,0.5642156004905701,0.635381281375885,0.002457109047099948,0.5439656376838684,0.6062777042388916,-0.0047408281825482845,0.5284872651100159,0.5786555409431458,-0.010434901341795921,0.6012241840362549,0.5709711313247681,0.015144497156143188,0.5800278186798096,0.5230466723442078,0.0007874071598052979,0.5511956810951233,0.527308464050293,-0.011053904891014099,0.5374593734741211,0.5463996529579163,-0.01695997267961502,0.6119203567504883,0.5672247409820557,0.003914623521268368,0.5833795666694641,0.5080555081367493,-0.00763392448425293,0.5499398112297058,0.5140283107757568,-0.014932427555322647,0.5354405045509338,0.5336793065071106,-0.018299970775842667,0.6176703572273254,0.5722015500068665,-0.009957742877304554,0.5864551067352295,0.5121896266937256,-0.02170008420944214,0.5514877438545227,0.5212975144386292,-0.024957891553640366,0.5361765623092651,0.5447449088096619,-0.025027377530932426,0.6149244904518127,0.5853129029273987,-0.02397347427904606,0.5821658372879028,0.5421251654624939,-0.03211408853530884,0.5537139773368835,0.5447435975074768,-0.03270648792386055,0.5384993553161621,0.5607771873474121,-0.03158196806907654
0.6318265199661255,0.7140231728553772,-2.744523612818739e-07,0.5898776054382324,0.6795487403869629,0.0041532814502716064,0.5644704103469849,0.6364266276359558,0.0019319672137498856,0.5437567234039307,0.6062279343605042,-0.005189705174416304,0.5279122591018677,0.5783399343490601,-0.010639656335115433,0.5999830961227417,0.5711591839790344,0.01487064454704523,0.5790084004402161,0.5214360952377319,0.0005892756162211299,0.5498298406600952,0.5278549790382385,-0.010942196473479271,0.5372174382209778,0.5488519072532654,-0.016637340188026428,0.6110121607780457,0.5674553513526917,0.003954599611461163,0.5821939706802368,0.5075531005859375,-0.007647031452506781,0.5483406186103821,0.5154316425323486,-0.014884143136441708,0.5348206758499146,0.5365389585494995,-0.018061259761452675,0.6173844933509827,0.5724719762802124,-0.009610786102712154,0.5859877467155457,0.5130476951599121,-0.021107250824570656,0.5507115721702576,0.5231592655181885,-0.024323441088199615,0.5360375046730042,0.5470360517501831,-0.024357806891202927,0.615654706954956,0.5853726267814636,-0.023367462679743767,0.5819698572158813,0.5432415008544922,-0.03126944974064827,0.5535572171211243,0.5464563369750977,-0.03193182498216629,0.53924959897995,0.5625632405281067,-0.030828557908535004
0.6308074593544006,0.7132768630981445,-2.689151585855143e-07,0.5886914730072021,0.6770903468132019,0.00393710657954216,0.5633188486099243,0.6358424425125122,0.0012466575717553496,0.5431140661239624,0.6067180633544922,-0.006386317312717438,0.5286876559257507,0.5794248580932617,-0.012389958836138248,0.5988790392875671,0.5698311924934387,0.014423814602196217,0.5790547132492065,0.5210402607917786,-0.0006299248780123889,0.550045371055603,0.526963472366333,-0.012934098951518536,0.5365857481956482,0.5475906133651733,-0.019142337143421173,0.6098203063011169,0.5665226578712463,0.0033816485665738583,0.5826272368431091,0.5073258280754089,-0.009226622991263866,0.548911452293396,0.5146682858467102,-0.01708839274942875,0.5343912243843079,0.5361974239349365,-0.020577948540449142,0.6163208484649658,0.5720070600509644,-0.010366716422140598,0.5864753723144531,0.5140265822410583,-0.022189123556017876,0.5512892603874207,0.5230215787887573,-0.02580248937010765,0.5354607105255127,0.5465129613876343,-0.026131685823202133,0.6149353384971619,0.5858337879180908,-0.02438587322831154,0.5830667018890381,0.5451421141624451,-0.03221100568771362,0.5544391870498657,0.5466309189796448,-0.03314606100320816,0.5385648012161255,0.560580849647522,-0.03232712298631668
0.6315934062004089,0.7139295339584351,-2.696171179650264e-07,0.5898123979568481,0.6792542934417725,0.004446693230420351,0.5636640787124634,0.6371670961380005,0.0017488922458142042,0.5427688360214233,0.6073123812675476,-0.0059136259369552135,0.5279744267463684,0.5788630247116089,-0.011868744157254696,0.601391077041626,0.5704254508018494,0.01437241118401289,0.5802468657493591,0.5211372971534729,-0.0002803083334583789,0.5507189035415649,0.5261842608451843,-0.012029857374727726,0.5368177890777588,0.5466242432594299,-0.017737388610839844,0.6121805906295776,0.5671694278717041,0.0031624911352992058,0.5833757519721985,0.5071825385093689,-0.008697313256561756,0.5491625070571899,0.5138028264045715,-0.015531450510025024,0.5344495177268982,0.5344308614730835,-0.01830315589904785,0.6177647113800049,0.5727545022964478,-0.010676412843167782,0.5854341983795166,0.5152701139450073,-0.021948564797639847,0.5503849983215332,0.5248735547065735,-0.02441341243684292,0.5352954268455505,0.5480789542198181,-0.02396426349878311,0.6149737238883972,0.5864535570144653,-0.024758923798799515,0.5821124911308289,0.5451198220252991,-0.03213677555322647,0.5537285804748535,0.5478494763374329,-0.03217392414808273,0.538597583770752,0.5632688403129578,-0.030680177733302116
0.632504403591156,0.7143871188163757,-2.902953610828263e-07,0.5902202725410461,0.6804919242858887,0.0049608005210757256,0.5638094544410706,0.6380652785301208,0.002280677203088999,0.5428096652030945,0.6092863082885742,-0.005448232404887676,0.5273027420043945,0.5815585255622864,-0.01166120171546936,0.6027212142944336,0.5711395144462585,0.013313665054738522,0.57940274477005,0.5217454433441162,-0.0017278582090511918,0.5489007234573364,0.5282298922538757,-0.013645591214299202,0.5353459119796753,0.5499706268310547,-0.019519075751304626,0.6133034825325012,0.5681213736534119,0.0016189664602279663,0.5826905965805054,0.5071669220924377,-0.010559269227087498,0.5474002957344055,0.5155016779899597,-0.017743289470672607,0.5331133008003235,0.5372302532196045,-0.02098398655653,0.6184710264205933,0.5740652680397034,-0.012565654702484608,0.5855701565742493,0.5131534934043884,-0.02451680600643158,0.5488489866256714,0.5240158438682556,-0.02760269120335579,0.5334212183952332,0.5483101010322571,-0.027720991522073746,0.6147068738937378,0.5879755616188049,-0.02682473324239254,0.5809401869773865,0.5439314842224121,-0.03527577593922615,0.5513799786567688,0.5484094023704529,-0.03587045893073082,0.536238968372345,0.5658148527145386,-0.03481432422995567
0.6320438981056213,0.7165160775184631,-2.9252598210405267e-07,0.5891088247299194,0.6803642511367798,0.006026404444128275,0.5632244348526001,0.6369642019271851,0.0039939782582223415,0.5426788926124573,0.6080299019813538,-0.0034584731329232454,0.5275490283966064,0.5802797675132751,-0.009397052228450775,0.6030620336532593,0.5697058439254761,0.01576034352183342,0.5800252556800842,0.5205385088920593,0.0008553920197300613,0.5493671298027039,0.5263146162033081,-0.011214720085263252,0.5355581045150757,0.5479285717010498,-0.017229804769158363,0.6132409572601318,0.5675710439682007,0.0034559399355202913,0.5829561352729797,0.5074992775917053,-0.008640045300126076,0.5475673675537109,0.5160332322120667,-0.016113653779029846,0.5334426164627075,0.538142204284668,-0.019572768360376358,0.6181119680404663,0.5742436647415161,-0.011444679461419582,0.585604727268219,0.5138435363769531,-0.023240428417921066,0.5486251711845398,0.5242705345153809,-0.026635026559233665,0.5330358147621155,0.5486646294593811,-0.026980997994542122,0.6142059564590454,0.5888305306434631,-0.026410838589072227,0.5810142755508423,0.5451423525810242,-0.03465588390827179,0.5511264204978943,0.5484533905982971,-0.03548308089375496,0.5354688167572021,0.5651379227638245,-0.034628625959157944
0.6321194767951965,0.7166464924812317,-2.929689060238161e-07,0.5896148085594177,0.6813990473747253,0.005530543625354767,0.5632359981536865,0.6378285884857178,0.003018463496118784,0.5424320697784424,0.6086966395378113,-0.004723057150840759,0.5277937054634094,0.580511212348938,-0.010905835777521133,0.6031592488288879,0.5703577399253845,0.013715341687202454,0.5797215700149536,0.5200687646865845,-0.0015284261899068952,0.5487484931945801,0.526923418045044,-0.013453151099383831,0.5354028344154358,0.5493877530097961,-0.01925928145647049,0.6133295297622681,0.5680251121520996,0.0016682356363162398,0.5825170278549194,0.5058377981185913,-0.010744137689471245,0.5466873049736023,0.515580952167511,-0.017826972529292107,0.53336501121521,0.5385714173316956,-0.020813558250665665,0.6178476810455322,0.5747488141059875,-0.01282115001231432,0.5844801068305969,0.5140940546989441,-0.024715779349207878,0.5481588244438171,0.5266558527946472,-0.02737203799188137,0.5344411730766296,0.552143394947052,-0.027054540812969208,0.6136235594749451,0.5893562436103821,-0.027392303571105003,0.5803490281105042,0.5451086759567261,-0.03545007109642029,0.5513770580291748,0.5496701002120972,-0.035591788589954376,0.5376229286193848,0.5673443078994751,-0.034120529890060425
0.6307312846183777,0.7159605026245117,-2.901648770148313e-07,0.5872703194618225,0.6787375211715698,0.006579936016350985,0.5610352754592896,0.6353875994682312,0.004988885950297117,0.5403479337692261,0.6063676476478577,-0.001935747335664928,0.5255758166313171,0.5795510411262512,-0.007507307454943657,0.6017544865608215,0.5672139525413513,0.01632549799978733,0.5782042145729065,0.520898699760437,0.0024537863209843636,0.5479803085327148,0.5266338586807251,-0.009405003860592842,0.5329649448394775,0.5468273758888245,-0.015462162904441357,0.6121096014976501,0.564434826374054,0.004196668043732643,0.581886351108551,0.506342887878418,-0.006728299893438816,0.5472594499588013,0.5120907425880432,-0.014316672459244728,0.5313348770141602,0.5322418212890625,-0.018247457221150398,0.6164886951446533,0.5709656476974487,-0.01032030675560236,0.5835241675376892,0.5124540328979492,-0.02122783102095127,0.547805666923523,0.5208723545074463,-0.024907400831580162,0.531204879283905,0.5440971255302429,-0.025684870779514313,0.611393928527832,0.5855279564857483,-0.024799222126603127,0.5773178935050964,0.5431917905807495,-0.03203035145998001,0.5485303997993469,0.5446669459342957,-0.03268325328826904,0.5323015451431274,0.5591046214103699,-0.03194359317421913
0.6302682757377625,0.7150168418884277,-3.048296832730557e-07,0.5876323580741882,0.679118275642395,0.006611532531678677,0.5609861016273499,0.6350961327552795,0.004832034930586815,0.5399268865585327,0.6065119504928589,-0.0021286983974277973,0.5228261947631836,0.5808068513870239,-0.007870333269238472,0.6015137434005737,0.5668253898620605,0.013666370883584023,0.5763590335845947,0.5201079845428467,-0.0007278721313923597,0.5456190705299377,0.5275410413742065,-0.012651324272155762,0.5311522483825684,0.5489340424537659,-0.01876940205693245,0.6119298934936523,0.5641101002693176,0.001387088093906641,0.5797313451766968,0.5050302743911743,-0.010067836381494999,0.5445768237113953,0.5128874182701111,-0.017468148842453957,0.5296109318733215,0.5342272520065308,-0.021236618980765343,0.6162776350975037,0.5711356401443481,-0.01302747055888176,0.5826082229614258,0.5115340948104858,-0.02419717237353325,0.5465630292892456,0.5225422978401184,-0.027242420241236687,0.530871570110321,0.5469825863838196,-0.027576753869652748,0.6115245819091797,0.5862398147583008,-0.027345454320311546,0.5775190591812134,0.5425165891647339,-0.0348731204867363,0.5486252307891846,0.5459456443786621,-0.03508784621953964,0.5331665873527527,0.5620871186256409,-0.03395827114582062
0.6302769184112549,0.7174640893936157,-2.9381942567852093e-07,0.5876983404159546,0.6801880598068237,0.006691496353596449,0.5611541271209717,0.6356742978096008,0.005046815145760775,0.5398826599121094,0.6069480776786804,-0.0018580962205305696,0.5231067538261414,0.5814325213432312,-0.007420514244586229,0.6025822758674622,0.5671896934509277,0.01495620422065258,0.5789453983306885,0.5191081762313843,0.0007881434867158532,0.5479843020439148,0.5240005254745483,-0.01100398413836956,0.5325369834899902,0.5439659357070923,-0.01702621765434742,0.6121938824653625,0.564892053604126,0.0027573667466640472,0.5813807249069214,0.5047876238822937,-0.008563002571463585,0.5460946559906006,0.5112972855567932,-0.01580207422375679,0.530316174030304,0.5321526527404785,-0.019325250759720802,0.6159597039222717,0.5720775127410889,-0.011712710373103619,0.5827810168266296,0.5118018984794617,-0.022745531052350998,0.546640157699585,0.5210601091384888,-0.025887491181492805,0.5301241278648376,0.5450378060340881,-0.026171162724494934,0.6107690930366516,0.5875601172447205,-0.026141321286559105,0.5776450037956238,0.5426154136657715,-0.03349294885993004,0.5482209920883179,0.5443695783615112,-0.03384551778435707,0.5314177870750427,0.5600701570510864,-0.03278184309601784
0.6311732530593872,0.7173433303833008,-3.0142126661303337e-07,0.5859015583992004,0.6774411201477051,0.00892678927630186,0.5586668252944946,0.6314329504966736,0.008279929868876934,0.5372881293296814,0.60181725025177,0.0016729891067370772,0.5209690928459167,0.5751228928565979,-0.003817642806097865,0.5999260544776917,0.5651884078979492,0.019469188526272774,0.5750340223312378,0.5195388793945312,0.006386119872331619,0.5452581644058228,0.5257400274276733,-0.005334947258234024,0.5304971933364868,0.545662522315979,-0.011549271643161774,0.610377311706543,0.5629467368125916,0.005942751187831163,0.5786032676696777,0.505105197429657,-0.004233704414218664,0.5437728762626648,0.5128307938575745,-0.011752779595553875,0.5285334587097168,0.5335940718650818,-0.01582053303718567,0.6149157285690308,0.5702326893806458,-0.009879505261778831,0.5819400548934937,0.5081296563148499,-0.02058066427707672,0.5459863543510437,0.5180335640907288,-0.023791300132870674,0.5303772687911987,0.5422647595405579,-0.024258017539978027,0.60988450050354,0.5853806734085083,-0.025468062609434128,0.5756763815879822,0.5401684045791626,-0.032589953392744064,0.5470811724662781,0.5431774258613586,-0.032581914216279984,0.5323610305786133,0.5598254799842834,-0.03133779019117355
0.6312439441680908,0.7152511477470398,-2.9384918320829456e-07,0.5850765705108643,0.6755720376968384,0.009332829155027866,0.5588363409042358,0.6322486400604248,0.00895148515701294,0.5381779670715332,0.604005753993988,0.002491843421012163,0.5226486921310425,0.577465295791626,-0.002929521957412362,0.5989850759506226,0.5653197765350342,0.02052031084895134,0.5737562775611877,0.5203025937080383,0.007700138259679079,0.5440289974212646,0.5271651148796082,-0.0039742873050272465,0.5305712819099426,0.5479714870452881,-0.010120509192347527,0.6089724898338318,0.5624730587005615,0.007068962790071964,0.5775629878044128,0.5055635571479797,-0.002726178616285324,0.543097972869873,0.5130365490913391,-0.010595151223242283,0.5290259122848511,0.5339164137840271,-0.015122102573513985,0.6130659580230713,0.5689020752906799,-0.008693156763911247,0.5806237459182739,0.5065573453903198,-0.019664814695715904,0.544411838054657,0.5158684849739075,-0.02391582354903221,0.5296382308006287,0.5410568118095398,-0.025115391239523888,0.6073145866394043,0.5829181671142578,-0.024082329124212265,0.5733720064163208,0.5375280380249023,-0.031741853803396225,0.5440737009048462,0.5410959720611572,-0.032280996441841125,0.5293858051300049,0.559603750705719,-0.031370434910058975
0.6291925311088562,0.7147406935691833,-2.880861700305104e-07,0.5845655798912048,0.6769765615463257,0.007215787190943956,0.5580088496208191,0.631608247756958,0.006429603323340416,0.5373684763908386,0.6021086573600769,0.00013019250764045864,0.5212537050247192,0.5762016773223877,-0.004778863862156868,0.5973736047744751,0.5654527544975281,0.017475511878728867,0.5735349655151367,0.5185081958770752,0.004122899379581213,0.5438221096992493,0.5262415409088135,-0.007210656069219112,0.5310588479042053,0.5482041835784912,-0.012995867989957333,0.6076604127883911,0.5625049471855164,0.005036435555666685,0.5776955485343933,0.5038164854049683,-0.0053429873660206795,0.5429496765136719,0.5127306580543518,-0.012385784648358822,0.529232919216156,0.534984290599823,-0.015941128134727478,0.6124929189682007,0.5688508749008179,-0.009800629690289497,0.5802314877510071,0.5075244307518005,-0.020935041829943657,0.5439267754554749,0.5184181332588196,-0.02436053194105625,0.5295072197914124,0.5438408255577087,-0.02480083703994751,0.6080961227416992,0.5830568671226501,-0.024506766349077225,0.5743162035942078,0.5381320118904114,-0.032225701957941055,0.544355034828186,0.5423287153244019,-0.03259700909256935,0.5293078422546387,0.5608497858047485,-0.03145638480782509
0.6284539103507996,0.7141019105911255,-2.876183771149954e-07,0.5844936370849609,0.676418662071228,0.00743911461904645,0.5588734149932861,0.6326252818107605,0.00597414281219244,0.5383270978927612,0.6039333939552307,-0.0011416355846449733,0.5222106575965881,0.5772663354873657,-0.0069458880461752415,0.5985355377197266,0.5657200813293457,0.016556881368160248,0.5742624998092651,0.5172860026359558,0.002507164841517806,0.5437239408493042,0.5240559577941895,-0.008947101421654224,0.5309772491455078,0.5460098385810852,-0.014640796929597855,0.6080421209335327,0.5631993412971497,0.0038624503649771214,0.5770156979560852,0.502949059009552,-0.007059695664793253,0.5414272546768188,0.5122769474983215,-0.01396308932453394,0.5282713770866394,0.5345591306686401,-0.017343750223517418,0.6122941970825195,0.5697026252746582,-0.011181400157511234,0.5794206857681274,0.507731556892395,-0.022567685693502426,0.5424734354019165,0.5199841260910034,-0.02555272728204727,0.5286910533905029,0.5464178919792175,-0.02565690502524376,0.6076640486717224,0.5836938619613647,-0.02608316019177437,0.5745283961296082,0.5378065705299377,-0.033768430352211,0.5451644062995911,0.5432515144348145,-0.033685192465782166,0.5313848257064819,0.5632457733154297,-0.032188620418310165
0.6285160779953003,0.7123910784721375,-2.979527948809846e-07,0.584705114364624,0.675690233707428,0.006968324538320303,0.5587787628173828,0.6319686770439148,0.005211197771131992,0.5378299951553345,0.6029799580574036,-0.002053951844573021,0.520696222782135,0.577564001083374,-0.007963085547089577,0.5982423424720764,0.5656355619430542,0.01527367439121008,0.574217677116394,0.5154988765716553,0.0008313849684782326,0.54339200258255,0.5230540037155151,-0.010526875033974648,0.5309396982192993,0.5461348295211792,-0.016065437346696854,0.6079325079917908,0.5632566213607788,0.0026858432684093714,0.5758531093597412,0.5006464719772339,-0.008966056630015373,0.5402131080627441,0.5118191838264465,-0.015775367617607117,0.5280130505561829,0.535645067691803,-0.01876848377287388,0.6124674677848816,0.5697535276412964,-0.012218441814184189,0.579054057598114,0.5073275566101074,-0.023751934990286827,0.5423718690872192,0.5201748013496399,-0.026487864553928375,0.5291919112205505,0.5465075373649597,-0.02632405050098896,0.6083773374557495,0.5834319591522217,-0.027030106633901596,0.5741828083992004,0.5381028056144714,-0.03474918007850647,0.5447483658790588,0.5429874062538147,-0.03473007306456566,0.5312766432762146,0.5614491701126099,-0.03324725851416588
0.6274394392967224,0.7104715704917908,-2.846366555786517e-07,0.5834426283836365,0.6735744476318359,0.005248127970844507,0.5582495927810669,0.6306407451629639,0.0028074667789041996,0.5378553867340088,0.6026954054832458,-0.0047155870124697685,0.5195976495742798,0.578725278377533,-0.010777563787996769,0.5957081317901611,0.5636427402496338,0.013054227456450462,0.5728750228881836,0.5128225088119507,-0.0018919254653155804,0.5422893166542053,0.5212436318397522,-0.013669561594724655,0.5306466817855835,0.5455753207206726,-0.019545122981071472,0.605930507183075,0.5611308813095093,0.0013076869072392583,0.5763325095176697,0.49955958127975464,-0.010740266181528568,0.5413792133331299,0.5089476704597473,-0.018112875521183014,0.5290102958679199,0.5328072309494019,-0.021715499460697174,0.6113733053207397,0.5674463510513306,-0.0128621906042099,0.5796715617179871,0.5042287707328796,-0.024776026606559753,0.54298996925354,0.5150435566902161,-0.028476985171437263,0.5290948748588562,0.5411006212234497,-0.02919583022594452,0.6083155870437622,0.5813608169555664,-0.027036122977733612,0.5739911198616028,0.5375611782073975,-0.03550635278224945,0.5442416667938232,0.5415350198745728,-0.036557815968990326,0.5301999449729919,0.5591235160827637,-0.03591334447264671
0.6278034448623657,0.7109674215316772,-2.8855228606516903e-07,0.5845276713371277,0.6748402714729309,0.006739764008671045,0.5587512254714966,0.6321083903312683,0.004717649891972542,0.5379253625869751,0.6039167642593384,-0.002699538366869092,0.5200514793395996,0.5796879529953003,-0.008636734448373318,0.5991500020027161,0.5651482939720154,0.014275151304900646,0.5744728446006775,0.5140128135681152,-0.0001304140459978953,0.5433445572853088,0.5225790143013,-0.011681666597723961,0.5313846468925476,0.5464230179786682,-0.01747135818004608,0.6089140176773071,0.5623322129249573,0.001815384835936129,0.5773967504501343,0.49964627623558044,-0.009515631012618542,0.5416772961616516,0.5075060129165649,-0.016449743881821632,0.5288770198822021,0.5304336547851562,-0.01994974911212921,0.6132006645202637,0.568646252155304,-0.012924045324325562,0.5799425840377808,0.5065600275993347,-0.023802241310477257,0.5429380536079407,0.5168119072914124,-0.026909803971648216,0.5290499925613403,0.5421130657196045,-0.027505937963724136,0.6085827946662903,0.582294225692749,-0.02763443812727928,0.5756310224533081,0.5378191471099854,-0.03512933477759361,0.5460604429244995,0.5412636995315552,-0.03559189289808273,0.5319358706474304,0.5586567521095276,-0.034739937633275986
0.628804624080658,0.7103612422943115,-3.002257926709717e-07,0.5847614407539368,0.6746078729629517,0.00615044217556715,0.5595946907997131,0.6318466663360596,0.004160810261964798,0.5394341945648193,0.6044920086860657,-0.003192619886249304,0.5229471325874329,0.5796152353286743,-0.009173526428639889,0.5959198474884033,0.5638020038604736,0.013430028222501278,0.5722407698631287,0.5125255584716797,-0.0016599927330389619,0.541168212890625,0.5225898623466492,-0.013469567522406578,0.5303310751914978,0.5480263233184814,-0.01933506317436695,0.6061784625053406,0.5610917806625366,0.0010998783400282264,0.5759588479995728,0.49833643436431885,-0.011320131830871105,0.5400514006614685,0.5091254115104675,-0.018840596079826355,0.5284495949745178,0.5343837738037109,-0.022353434935212135,0.6116846799850464,0.5674038529396057,-0.013557438738644123,0.5803800821304321,0.5033375024795532,-0.025471825152635574,0.5425894856452942,0.5151919722557068,-0.029223661869764328,0.5289885997772217,0.542415976524353,-0.029878396540880203,0.6086311936378479,0.5813987255096436,-0.028160251677036285,0.5755930542945862,0.5353999137878418,-0.03640863671898842,0.5449692010879517,0.5402757525444031,-0.037160322070121765,0.5307926535606384,0.5600723028182983,-0.03624701127409935
0.627761960029602,0.7111706733703613,-2.65689266143454e-07,0.585300624370575,0.6752320528030396,0.004626648500561714,0.5596171021461487,0.632183313369751,0.0021949245128780603,0.5389132499694824,0.602709174156189,-0.005304292775690556,0.5225504636764526,0.5755040049552917,-0.011155384592711926,0.5949769020080566,0.5645891427993774,0.014426386915147305,0.5733254551887512,0.5135770440101624,-0.0004519253270700574,0.543534517288208,0.5195147395133972,-0.012458697892725468,0.5307608842849731,0.5411739349365234,-0.01846107840538025,0.6053807735443115,0.56143718957901,0.002965119667351246,0.5772842764854431,0.499397337436676,-0.00900647509843111,0.5429733395576477,0.5059227347373962,-0.01647200435400009,0.5289448499679565,0.5273845791816711,-0.02003713883459568,0.6113112568855286,0.5670828223228455,-0.011155330576002598,0.580609917640686,0.5052739381790161,-0.02260044775903225,0.5439965724945068,0.5145259499549866,-0.026197262108325958,0.5282058715820312,0.5388791561126709,-0.026845576241612434,0.6090537309646606,0.5807499885559082,-0.025484248995780945,0.5765918493270874,0.537419319152832,-0.03326818346977234,0.5467261075973511,0.5397626161575317,-0.03430594503879547,0.5307328701019287,0.5554313659667969,-0.03374286741018295
0.6261603236198425,0.708693265914917,-2.6821288656719844e-07,0.5825286507606506,0.6719114780426025,0.005515212658792734,0.557148814201355,0.6294381618499756,0.0037341786082834005,0.5374082326889038,0.600654125213623,-0.0033868688624352217,0.5225067734718323,0.5744553804397583,-0.00913640670478344,0.5904280543327332,0.5629943609237671,0.01576426438987255,0.5703790783882141,0.5132239460945129,0.0012260620715096593,0.542071521282196,0.5202101469039917,-0.010927317664027214,0.5295242667198181,0.5423446297645569,-0.017059028148651123,0.6020762920379639,0.5598366856575012,0.003915423061698675,0.575567364692688,0.49915453791618347,-0.008262128569185734,0.5421115159988403,0.5061972737312317,-0.016484340652823448,0.5278981924057007,0.5293200612068176,-0.0203823521733284,0.6096344590187073,0.5658626556396484,-0.010465448722243309,0.5805846452713013,0.5058506727218628,-0.02174634113907814,0.5450798869132996,0.5150364637374878,-0.025939105078577995,0.529568612575531,0.5403385758399963,-0.02686767466366291,0.6091811060905457,0.5800689458847046,-0.02498212829232216,0.5775179266929626,0.5375496745109558,-0.032428186386823654,0.5487414598464966,0.5392718315124512,-0.033475086092948914,0.533275306224823,0.5545251369476318,-0.03288627788424492
0.6262239813804626,0.7075276970863342,-2.7646231615108263e-07,0.5835344195365906,0.6716468930244446,0.006292868405580521,0.5575734376907349,0.6302304267883301,0.004181527998298407,0.537057101726532,0.6011548638343811,-0.0030747326090931892,0.5224143862724304,0.5740850567817688,-0.00900112371891737,0.597061276435852,0.563463568687439,0.014210527762770653,0.5740294456481934,0.5148828029632568,0.00010068562551168725,0.5450419783592224,0.5199548602104187,-0.011608874425292015,0.5306673049926758,0.5397360324859619,-0.017477544024586678,0.6084314584732056,0.5598071813583374,0.002337609650567174,0.5780348777770996,0.4995752274990082,-0.009365015663206577,0.5438435673713684,0.5052109956741333,-0.016573574393987656,0.5282890200614929,0.5266065001487732,-0.01990997977554798,0.6136538982391357,0.5655396580696106,-0.011751841753721237,0.5804477334022522,0.5080335736274719,-0.022402072325348854,0.5451496243476868,0.51666259765625,-0.025211164727807045,0.5289983153343201,0.5400722622871399,-0.025352252647280693,0.609622597694397,0.5796032547950745,-0.0258904118090868,0.5774557590484619,0.5379793643951416,-0.03279312327504158,0.5488845705986023,0.5394282341003418,-0.03298332169651985,0.5321779847145081,0.5536556243896484,-0.03184732049703598
0.6264017224311829,0.7063665986061096,-2.799994831548247e-07,0.5837574005126953,0.6714857220649719,0.0043119825422763824,0.5579032897949219,0.6293578147888184,0.0014945713337510824,0.5378450155258179,0.6005528569221497,-0.005991821642965078,0.5232443809509277,0.5733702182769775,-0.012052252888679504,0.5960782766342163,0.5631856322288513,0.011029240675270557,0.5743302702903748,0.5133571624755859,-0.004230361897498369,0.5440576076507568,0.5191283226013184,-0.016289055347442627,0.5304559469223022,0.5407878160476685,-0.022323062643408775,0.6072737574577332,0.5596679449081421,-7.831073162378743e-05,0.57855224609375,0.4987003803253174,-0.012579942122101784,0.5438538193702698,0.5047839879989624,-0.020134134218096733,0.5295118689537048,0.5263846516609192,-0.0237430352717638,0.6130804419517517,0.5656545162200928,-0.01353251188993454,0.5820086002349854,0.5052828192710876,-0.025311442092061043,0.545708954334259,0.5135249495506287,-0.029009085148572922,0.5296904444694519,0.5372301340103149,-0.02973298355937004,0.6100742816925049,0.5801345109939575,-0.027069978415966034,0.5779845714569092,0.5373010635375977,-0.035451360046863556,0.5484500527381897,0.5381877422332764,-0.036725305020809174,0.5319679379463196,0.552310049533844,-0.0362410843372345
0.6253830790519714,0.7068478465080261,-2.757584525170387e-07,0.5833712816238403,0.6724081039428711,0.004538290202617645,0.5579181909561157,0.6293734908103943,0.002611279720440507,0.538104772567749,0.6007314324378967,-0.004290582612156868,0.5225980877876282,0.5740679502487183,-0.009790209122002125,0.5909014940261841,0.5634699463844299,0.014169937931001186,0.5709351301193237,0.5142083168029785,-0.0006957079167477787,0.5422167181968689,0.5206077694892883,-0.01279362291097641,0.5296650528907776,0.5424733757972717,-0.018836816772818565,0.6024264693260193,0.5593320727348328,0.0028559130150824785,0.576458215713501,0.49897897243499756,-0.009390120394527912,0.5428293943405151,0.5053890347480774,-0.01747010089457035,0.5288286805152893,0.5271919965744019,-0.02126852609217167,0.6100260615348816,0.5642983317375183,-0.01103209424763918,0.5816163420677185,0.5046324729919434,-0.02270640805363655,0.545576274394989,0.5140690207481384,-0.027008898556232452,0.5297389030456543,0.5384443402290344,-0.02799362875521183,0.6097556352615356,0.5778883099555969,-0.02506914734840393,0.5770987868309021,0.5374040603637695,-0.033032067120075226,0.5475733876228333,0.5399299263954163,-0.034487366676330566,0.5318301916122437,0.5545684695243835,-0.0341569185256958
0.6264907121658325,0.7093678116798401,-2.7865081619893317e-07,0.5839440822601318,0.6738187670707703,0.006572098936885595,0.5582119226455688,0.6297272443771362,0.005402285140007734,0.5377113223075867,0.6002746224403381,-0.0012167441891506314,0.5222365260124207,0.5739585757255554,-0.006551884580403566,0.5938488245010376,0.563832700252533,0.01685415580868721,0.5722832083702087,0.5149734616279602,0.0030094734393060207,0.543583869934082,0.5212591290473938,-0.008678657934069633,0.5301008224487305,0.5426031947135925,-0.014530819840729237,0.6053050756454468,0.5597318410873413,0.004689395893365145,0.5770564079284668,0.500194251537323,-0.006460069213062525,0.5430991649627686,0.505696177482605,-0.014134174212813377,0.527865469455719,0.5267440676689148,-0.017834246158599854,0.6120270490646362,0.5647308826446533,-0.009909125044941902,0.5810104608535767,0.5058331489562988,-0.020664948970079422,0.5452142953872681,0.515359103679657,-0.024298565462231636,0.5290756821632385,0.5398815274238586,-0.024929599836468697,0.6101493835449219,0.5782426595687866,-0.024550003930926323,0.5769867300987244,0.5374394655227661,-0.03174750134348869,0.5480135083198547,0.540553867816925,-0.03243932127952576,0.532121479511261,0.5562565326690674,-0.03160727396607399
0.6267353892326355,0.7076582312583923,-2.822851570272178e-07,0.5835884809494019,0.6723926067352295,0.005797734018415213,0.5577883720397949,0.629119873046875,0.003981814254075289,0.5377864837646484,0.5997142195701599,-0.0029956926591694355,0.5230844616889954,0.5730487704277039,-0.008575518615543842,0.5936453342437744,0.5634573101997375,0.014423667453229427,0.5716900825500488,0.5140627026557922,9.187920659314841e-05,0.5422142148017883,0.5224246978759766,-0.011625601910054684,0.5297535061836243,0.5458945035934448,-0.017432009801268578,0.6048097610473633,0.5593617558479309,0.002685192506760359,0.5769490003585815,0.4987681806087494,-0.008676344528794289,0.5428306460380554,0.5054634213447571,-0.01617157645523548,0.5285263061523438,0.5277252197265625,-0.019816992804408073,0.6112923622131348,0.5642836689949036,-0.011389275081455708,0.580731213092804,0.5042383670806885,-0.02228054776787758,0.54489666223526,0.5141094923019409,-0.02587534300982952,0.5293998718261719,0.5394105911254883,-0.026619423180818558,0.6092761754989624,0.5774617195129395,-0.02549019828438759,0.5756683349609375,0.5365892648696899,-0.03290889784693718,0.546084463596344,0.5399272441864014,-0.03374752029776573,0.5301324129104614,0.5558837056159973,-0.03307831659913063
0.6260831952095032,0.7074753046035767,-2.7189236107005854e-07,0.5833114981651306,0.6718141436576843,0.0056992932222783566,0.5574954748153687,0.6289964914321899,0.003631667699664831,0.5375916361808777,0.5997852087020874,-0.0037772273644804955,0.5230659246444702,0.572746992111206,-0.00983109325170517,0.5919222831726074,0.5632068514823914,0.015361837111413479,0.5712533593177795,0.5142690539360046,0.0006972139235585928,0.542508065700531,0.5210774540901184,-0.011479019187390804,0.5300101041793823,0.5431889891624451,-0.017655624076724052,0.6030156016349792,0.5593813061714172,0.003285856219008565,0.576653242111206,0.4993014633655548,-0.008603520691394806,0.5431787967681885,0.5054009556770325,-0.016533400863409042,0.5288469791412354,0.5270543694496155,-0.020394792780280113,0.6100342273712158,0.5645325183868408,-0.01128940936177969,0.58078932762146,0.5038803815841675,-0.022582514211535454,0.5454787015914917,0.5130313634872437,-0.026323189958930016,0.5300034284591675,0.5378999710083008,-0.027075476944446564,0.6091244220733643,0.5781599879264832,-0.025954317301511765,0.5762854814529419,0.5372539162635803,-0.03368840366601944,0.547113835811615,0.5395644307136536,-0.03465528041124344,0.5312991738319397,0.5546078681945801,-0.03400268033146858
0.6261590123176575,0.707777202129364,-2.7474649755276914e-07,0.5832635760307312,0.6714752316474915,0.006957842502743006,0.5579811930656433,0.6291497349739075,0.005271275062114,0.5377284288406372,0.6004040837287903,-0.0019284308655187488,0.52285236120224,0.5745541453361511,-0.007845642045140266,0.5953112840652466,0.564165472984314,0.01591956429183483,0.5725058913230896,0.5148824453353882,0.0017054228810593486,0.5433557629585266,0.522301435470581,-0.01008562371134758,0.5308489203453064,0.544397234916687,-0.015957456082105637,0.6061736345291138,0.560239315032959,0.003511737333610654,0.577514111995697,0.49987220764160156,-0.007893157191574574,0.5432125926017761,0.5057529211044312,-0.01568078249692917,0.5287018418312073,0.5272486209869385,-0.0195736326277256,0.611931562423706,0.5650689601898193,-0.011182333342730999,0.5804923176765442,0.5049077868461609,-0.022205181419849396,0.5443939566612244,0.5145362615585327,-0.02598397620022297,0.5289454460144043,0.5397115349769592,-0.026747386902570724,0.6088919639587402,0.5778194665908813,-0.025797588750720024,0.5755798816680908,0.5360800623893738,-0.033060841262340546,0.546326756477356,0.5392759442329407,-0.03370426222681999,0.5307156443595886,0.555636465549469,-0.032865624874830246
0.6260964870452881,0.7073765397071838,-2.773509208964242e-07,0.583925724029541,0.6720807552337646,0.005582757294178009,0.5577659606933594,0.6290581822395325,0.003358770627528429,0.5376139879226685,0.5998164415359497,-0.0040914276614785194,0.5231324434280396,0.5731726288795471,-0.010043810121715069,0.5946470499038696,0.5625831484794617,0.014376632869243622,0.5733298063278198,0.512890100479126,-0.0004359800077509135,0.5437045693397522,0.5199388265609741,-0.012478639371693134,0.5303856134414673,0.5427725315093994,-0.018433289602398872,0.6053829193115234,0.5588594675064087,0.0025942972861230373,0.5779052376747131,0.49829354882240295,-0.009255381301045418,0.5437072515487671,0.504762589931488,-0.016713695600628853,0.5291192531585693,0.5268773436546326,-0.020136460661888123,0.6113235354423523,0.56419837474823,-0.011617540381848812,0.5807728171348572,0.5046888589859009,-0.02277091145515442,0.54507976770401,0.5148510932922363,-0.02604738064110279,0.529521644115448,0.540438711643219,-0.026373721659183502,0.6089288592338562,0.5780594944953918,-0.025930898264050484,0.5766817331314087,0.5365864038467407,-0.03343397006392479,0.5471343994140625,0.5395881533622742,-0.03408860042691231,0.5307323336601257,0.5557485818862915,-0.03315439447760582
0.6270527243614197,0.7116190195083618,-2.900488595969364e-07,0.5847553014755249,0.675237774848938,0.007271941285580397,0.5584650039672852,0.6305266618728638,0.005517901387065649,0.5375800132751465,0.601635217666626,-0.0017992161447182298,0.5235193967819214,0.5750132203102112,-0.007682553492486477,0.5996457934379578,0.5650398135185242,0.01524980179965496,0.5756664276123047,0.5130178928375244,0.0007563475519418716,0.5440635681152344,0.5198038220405579,-0.010990507900714874,0.5303826332092285,0.5438593029975891,-0.01670541614294052,0.6095023155212402,0.5618593692779541,0.002360785845667124,0.5794970393180847,0.4983197748661041,-0.00905658584088087,0.5427325963973999,0.5046624541282654,-0.016235006973147392,0.5280437469482422,0.5276482105255127,-0.01963207870721817,0.6136927604675293,0.5676870346069336,-0.01281751599162817,0.5809626579284668,0.5046143531799316,-0.02372942678630352,0.5435442924499512,0.5149514079093933,-0.02685069479048252,0.5286776423454285,0.5409982800483704,-0.02726683020591736,0.608616292476654,0.5812988877296448,-0.027934027835726738,0.5752533078193665,0.536729097366333,-0.03548935800790787,0.5455574989318848,0.5410531759262085,-0.0357779823243618,0.5311552882194519,0.5596655607223511,-0.034654129296541214
0.6282681226730347,0.7134520411491394,-2.9031411941105034e-07,0.5855369567871094,0.6763424277305603,0.006791942287236452,0.5596547722816467,0.6322311758995056,0.004323586355894804,0.5387065410614014,0.60362309217453,-0.003518160432577133,0.5235081911087036,0.5769558548927307,-0.00982957798987627,0.6019708514213562,0.5650416612625122,0.013519193977117538,0.5778728723526001,0.5121966600418091,-0.00127067428547889,0.5454496145248413,0.5186342597007751,-0.012882261537015438,0.5317030549049377,0.542246401309967,-0.018611183390021324,0.6112338900566101,0.5627841353416443,0.0008014541235752404,0.5802472829818726,0.4975634813308716,-0.01092278491705656,0.5432739853858948,0.5043307542800903,-0.017742250114679337,0.5291382670402527,0.527215301990509,-0.02097109705209732,0.6145501136779785,0.5693342685699463,-0.014172160997986794,0.5811713933944702,0.5046853423118591,-0.025195304304361343,0.5435159802436829,0.5135075449943542,-0.027978383004665375,0.5284488797187805,0.538177490234375,-0.028358478099107742,0.6087775230407715,0.5831598043441772,-0.029110342264175415,0.5749531388282776,0.5374729037284851,-0.036853909492492676,0.5446181297302246,0.5405240654945374,-0.037205733358860016,0.5294597148895264,0.5579956769943237,-0.03621593490242958
0.6306731700897217,0.7156112790107727,-3.058815138956561e-07,0.5857656002044678,0.6776068806648254,0.007225756999105215,0.5590199828147888,0.6325830817222595,0.0051266769878566265,0.5376652479171753,0.6028751730918884,-0.002268177457153797,0.5227883458137512,0.5759007930755615,-0.008147467859089375,0.6035750508308411,0.5640198588371277,0.013522712513804436,0.5777983665466309,0.5118826627731323,-0.0008310233824886382,0.5449271202087402,0.5183548331260681,-0.012349162250757217,0.5307633280754089,0.5420277714729309,-0.0181591659784317,0.6131044626235962,0.5616120100021362,0.0008537069661542773,0.579587996006012,0.4977438449859619,-0.010667136870324612,0.542354166507721,0.5055958032608032,-0.017698368057608604,0.5283879041671753,0.5294852256774902,-0.021259374916553497,0.6159356236457825,0.5686431527137756,-0.013924782164394855,0.5809001922607422,0.5041319131851196,-0.024923574179410934,0.5428754687309265,0.513451874256134,-0.027981072664260864,0.5279470086097717,0.5389561653137207,-0.028620881959795952,0.6089031100273132,0.5833173990249634,-0.02854951284825802,0.5740737915039062,0.5378724932670593,-0.036390434950590134,0.5434392690658569,0.5401411056518555,-0.037008270621299744,0.5282009243965149,0.5571222305297852,-0.03624706715345383
0.6298767328262329,0.7174195051193237,-2.9676800750166876e-07,0.5855652689933777,0.6788496375083923,0.00712391035631299,0.5586680769920349,0.6331550478935242,0.004898035898804665,0.5374720692634583,0.6025069355964661,-0.002746033715084195,0.5235731601715088,0.575233519077301,-0.00875852257013321,0.6036844849586487,0.564812958240509,0.01399414986371994,0.5782648921012878,0.5113392472267151,-0.0005766490357927978,0.5457608699798584,0.5171674489974976,-0.012229399755597115,0.5312550663948059,0.5401812791824341,-0.01807265169918537,0.6132544875144958,0.5630481839179993,0.0012443562736734748,0.5805962085723877,0.49729418754577637,-0.010852580890059471,0.5434858798980713,0.5040180087089539,-0.0178485456854105,0.5287389159202576,0.5278106927871704,-0.0210761409252882,0.6158612370491028,0.570644736289978,-0.01371679361909628,0.5804620981216431,0.5085076093673706,-0.024404402822256088,0.5432810187339783,0.5177101492881775,-0.027024688199162483,0.5283724665641785,0.5428388714790344,-0.0272951889783144,0.6089329719543457,0.5856966972351074,-0.028712453320622444,0.5752726197242737,0.541782796382904,-0.035735126584768295,0.5450847148895264,0.5432157516479492,-0.03607811778783798,0.5293667912483215,0.5590364336967468,-0.03522338718175888
0.6307625770568848,0.7183591723442078,-3.1399173394675017e-07,0.5847522616386414,0.678739070892334,0.008832667022943497,0.5584588646888733,0.6323652267456055,0.007069469895213842,0.5373781323432922,0.6031519770622253,-0.0005541362334042788,0.5209096074104309,0.5764152407646179,-0.0068566626869142056,0.6026421189308167,0.5636143684387207,0.014916511252522469,0.5767385959625244,0.5103939771652222,0.00030390435131266713,0.544120192527771,0.51716148853302,-0.011279636062681675,0.5302250981330872,0.5406699776649475,-0.017085446044802666,0.6129089593887329,0.5624253749847412,0.0009261784143745899,0.5789914131164551,0.4968400001525879,-0.010739191435277462,0.541664719581604,0.5061407685279846,-0.017521299421787262,0.5281668305397034,0.5304649472236633,-0.020893868058919907,0.616052508354187,0.5705029964447021,-0.015170885249972343,0.5802452564239502,0.5052760243415833,-0.02612116187810898,0.542526125907898,0.5161546468734741,-0.028556087985634804,0.5284926891326904,0.5419346690177917,-0.02881598100066185,0.6091272234916687,0.5859249234199524,-0.03108796663582325,0.5739414095878601,0.5390246510505676,-0.03863585367798805,0.5438211560249329,0.5417545437812805,-0.038680773228406906,0.5296580195426941,0.559142529964447,-0.03759856894612312
0.6308313608169556,0.7190278172492981,-3.0604047651650035e-07,0.5845639705657959,0.6778466105461121,0.007560323923826218,0.5582793951034546,0.6324179768562317,0.005404933821409941,0.53749018907547,0.6026414632797241,-0.002409497508779168,0.5213685035705566,0.5765863656997681,-0.00875302404165268,0.6005988121032715,0.56507408618927,0.014485254883766174,0.5753342509269714,0.5111076831817627,-0.0009187027462758124,0.5427771210670471,0.518464982509613,-0.013141249306499958,0.5294901728630066,0.5424988269805908,-0.01932515762746334,0.6109153032302856,0.563642144203186,0.0011373782763257623,0.5779146552085876,0.49685654044151306,-0.011765684932470322,0.5407937169075012,0.5064013004302979,-0.019455544650554657,0.5277207493782043,0.5314444303512573,-0.023199275135993958,0.6147321462631226,0.571375846862793,-0.014488009735941887,0.5803776383399963,0.5054855346679688,-0.026129955425858498,0.5421615839004517,0.5156062841415405,-0.029437750577926636,0.5276724100112915,0.5413784384727478,-0.03009701892733574,0.6087497472763062,0.5865438580513,-0.03004845418035984,0.5743579268455505,0.5403707027435303,-0.03776080533862114,0.5434030294418335,0.5421193838119507,-0.038501571863889694,0.5282442569732666,0.5583577752113342,-0.037912700325250626
0.6299532055854797,0.7199490666389465,-3.0648945426037244e-07,0.5842572450637817,0.6784546375274658,0.007590183522552252,0.5580132007598877,0.6324661374092102,0.005315210670232773,0.537043571472168,0.6025044918060303,-0.0026929464656859636,0.5210686326026917,0.5763333439826965,-0.00923019740730524,0.6004877090454102,0.5657544136047363,0.014567146077752113,0.575110912322998,0.5112192034721375,-0.0010474296286702156,0.5428623557090759,0.5181689262390137,-0.01328352652490139,0.5298923850059509,0.5418147444725037,-0.01940203085541725,0.6105353236198425,0.5645442008972168,0.0010330496588721871,0.5773837566375732,0.4977841079235077,-0.01209805067628622,0.5403604507446289,0.5079659819602966,-0.01979735866189003,0.5276013612747192,0.533182680606842,-0.023464778438210487,0.6144090890884399,0.5720564723014832,-0.014807657338678837,0.5799694061279297,0.5056309103965759,-0.026870111003518105,0.5415899753570557,0.516562283039093,-0.030248183757066727,0.5273964405059814,0.542931318283081,-0.03080873377621174,0.6086939573287964,0.5869855880737305,-0.030561864376068115,0.5742172598838806,0.539970338344574,-0.03865669295191765,0.5433772802352905,0.5428220629692078,-0.03941594436764717,0.5288589596748352,0.5604634284973145,-0.03873192518949509
0.6297675371170044,0.7194768190383911,-3.0360459390976757e-07,0.5849505662918091,0.6797989010810852,0.006060095503926277,0.5586819052696228,0.6344854831695557,0.003205824177712202,0.5375982522964478,0.604288637638092,-0.004781028721481562,0.5208054184913635,0.5790408253669739,-0.011261338368058205,0.6018533110618591,0.5660234689712524,0.011729935184121132,0.5767323970794678,0.5111805200576782,-0.0038807345554232597,0.5441725850105286,0.5171404480934143,-0.01601412706077099,0.5299960970878601,0.5399786233901978,-0.02213948406279087,0.6115900874137878,0.564549446105957,-0.0005719893961213529,0.5777111053466797,0.49837443232536316,-0.013573084026575089,0.5409117341041565,0.507838249206543,-0.021082168444991112,0.5275136232376099,0.5325196385383606,-0.02472890540957451,0.6149592399597168,0.5722472071647644,-0.015084576793015003,0.5801191926002502,0.5070658922195435,-0.026803089305758476,0.5421015024185181,0.5162374973297119,-0.030153483152389526,0.5268975496292114,0.5413184762001038,-0.030865509063005447,0.6089348196983337,0.5876234173774719,-0.02959582582116127,0.5750492215156555,0.5414080023765564,-0.03748098015785217,0.5444139838218689,0.5425660014152527,-0.03842056542634964,0.5286590456962585,0.5583066940307617,-0.037944380193948746
0.6284978985786438,0.7191365957260132,-3.1302514003073156e-07,0.5833017230033875,0.67914879322052,0.007876666262745857,0.5567662119865417,0.6324414610862732,0.005679044872522354,0.5360708832740784,0.602058470249176,-0.0020879642106592655,0.5209334492683411,0.5761052370071411,-0.008452768437564373,0.602357029914856,0.5647624135017395,0.01335328258574009,0.5766178965568542,0.5109187364578247,-0.0018026898615062237,0.5436238646507263,0.5177398920059204,-0.013811992481350899,0.5290974974632263,0.541236937046051,-0.019875463098287582,0.6120253205299377,0.5637245774269104,-2.0447718270588666e-05,0.5780291557312012,0.49774405360221863,-0.012455908581614494,0.5405188798904419,0.5067107677459717,-0.01970510184764862,0.52658611536026,0.5313864946365356,-0.023273196071386337,0.6147934198379517,0.5718115568161011,-0.01546273473650217,0.5795015692710876,0.507388710975647,-0.026466364040970802,0.5415704250335693,0.5173096060752869,-0.029238251969218254,0.5268344879150391,0.5428266525268555,-0.029717426747083664,0.6079347133636475,0.5872554779052734,-0.030821163207292557,0.5739117860794067,0.5411520004272461,-0.03805194050073624,0.5438258051872253,0.5427714586257935,-0.038381099700927734,0.5290243625640869,0.5589803457260132,-0.03756335750222206
0.6282429695129395,0.7195371389389038,-3.2815648864925606e-07,0.5829938650131226,0.6790691614151001,0.009123662486672401,0.5573684573173523,0.6329714059829712,0.007263565436005592,0.5369089245796204,0.6038962006568909,-0.0006043068715371192,0.5204802751541138,0.5786266922950745,-0.007305150385946035,0.6008886098861694,0.5645206570625305,0.014815515838563442,0.5747890472412109,0.5110384225845337,-0.0005708899698220193,0.5420451760292053,0.5185278058052063,-0.012797347269952297,0.528283953666687,0.5426954627037048,-0.018943442031741142,0.6112350821495056,0.5632204413414001,0.0004865465161856264,0.5769670605659485,0.4978480339050293,-0.01225888542830944,0.5393288135528564,0.5080662965774536,-0.019861934706568718,0.526168942451477,0.5339462757110596,-0.023565242066979408,0.6145409941673279,0.5713340044021606,-0.015909917652606964,0.5795116424560547,0.5061057806015015,-0.02716882899403572,0.5411859750747681,0.5167050361633301,-0.030086081475019455,0.5269153714179993,0.5426744818687439,-0.030589492991566658,0.6080070734024048,0.5868182182312012,-0.032116711139678955,0.573499321937561,0.5400736331939697,-0.03958472982048988,0.543277382850647,0.5417585968971252,-0.03988136723637581,0.529159426689148,0.5579236745834351,-0.038949720561504364
0.6292769908905029,0.7204149961471558,-3.2165388574867393e-07,0.5834435820579529,0.6792905926704407,0.009468438103795052,0.5578612089157104,0.6336900591850281,0.00766068184748292,0.5368836522102356,0.6045306324958801,-0.00018366286531090736,0.519874095916748,0.578998863697052,-0.006809621583670378,0.6022395491600037,0.5650977492332458,0.01524424273520708,0.5758467316627502,0.5114520192146301,0.00021121666941326112,0.5429933071136475,0.518310546875,-0.01176839042454958,0.5288856029510498,0.5415325164794922,-0.01781955361366272,0.6123210787773132,0.5639404654502869,0.0008775000460445881,0.5776452422142029,0.4976145625114441,-0.011577281169593334,0.5397474765777588,0.5073285102844238,-0.019038595259189606,0.5262352824211121,0.5324358344078064,-0.022744186222553253,0.615160346031189,0.5720890760421753,-0.015484442003071308,0.5795700550079346,0.5064715147018433,-0.026532605290412903,0.5411559343338013,0.5169614553451538,-0.029270576313138008,0.5268396139144897,0.5426162481307983,-0.029697125777602196,0.6080377697944641,0.5872975587844849,-0.03160930052399635,0.5731449127197266,0.5403145551681519,-0.0387561209499836,0.5426103472709656,0.542068600654602,-0.038815148174762726,0.5281427502632141,0.5581648349761963,-0.03778121620416641
0.6306667923927307,0.7205265760421753,-3.114831486072944e-07,0.5836480259895325,0.6788936853408813,0.01018341351300478,0.5577638745307922,0.6331509947776794,0.008978285826742649,0.5366718769073486,0.6033194661140442,0.0015809180913493037,0.5193554162979126,0.5781537890434265,-0.004708307329565287,0.6015234589576721,0.5655761361122131,0.01733681559562683,0.5760841369628906,0.512000322341919,0.0030998592264950275,0.5436204671859741,0.5176210403442383,-0.008723273873329163,0.5286311507225037,0.5404344201087952,-0.014715498313307762,0.6117691993713379,0.563965380191803,0.002936090575531125,0.5781237483024597,0.49835291504859924,-0.008514595218002796,0.5405643582344055,0.5064074397087097,-0.015928687527775764,0.5259396433830261,0.5309292674064636,-0.01983756385743618,0.6148050427436829,0.5717692375183105,-0.01352015882730484,0.579761266708374,0.5063154697418213,-0.023992663249373436,0.5415465831756592,0.5160660743713379,-0.027052810415625572,0.5265026092529297,0.542191207408905,-0.027864763513207436,0.6077365279197693,0.5865456461906433,-0.02969539910554886,0.5731231570243835,0.5404244065284729,-0.03641228750348091,0.5428654551506042,0.5424000024795532,-0.036579880863428116,0.5280652642250061,0.558995246887207,-0.03577975928783417
0.6290712952613831,0.7199463248252869,-2.9392461442512285e-07,0.5841584801673889,0.6795730590820312,0.007319310214370489,0.5582671165466309,0.6347197890281677,0.005057380069047213,0.5371707677841187,0.6051503419876099,-0.002551180776208639,0.5208542943000793,0.5803104043006897,-0.00872272253036499,0.601936936378479,0.5660679936408997,0.01372651755809784,0.5767934918403625,0.5128985047340393,-0.0009767934679985046,0.5444984436035156,0.5183629393577576,-0.012935237027704716,0.5298323631286621,0.5409412384033203,-0.01903509721159935,0.6114028692245483,0.5641748905181885,0.0010102743981406093,0.5780037045478821,0.49932441115379333,-0.010562225244939327,0.5417503118515015,0.5055707693099976,-0.017757359892129898,0.5273509621620178,0.5288267135620117,-0.0216208565980196,0.6140612959861755,0.571635365486145,-0.01385823730379343,0.5791022181510925,0.5079185962677002,-0.02446032129228115,0.5419893264770508,0.5157443284988403,-0.027577679604291916,0.5266464948654175,0.5404654741287231,-0.028502019122242928,0.6071393489837646,0.5867130756378174,-0.028673315420746803,0.573106050491333,0.5423790812492371,-0.035733047872781754,0.5432069301605225,0.5432563424110413,-0.03628585487604141,0.5275328755378723,0.558703601360321,-0.035755906254053116
0.6293779015541077,0.7205223441123962,-2.9786798450004426e-07,0.5842110514640808,0.6801236867904663,0.0071823811158537865,0.558316171169281,0.6348679661750793,0.004831552039831877,0.537309467792511,0.6041273474693298,-0.0029279578011482954,0.5209581851959229,0.5774354934692383,-0.009208092465996742,0.6011196970939636,0.5647786855697632,0.014694932848215103,0.5765411257743835,0.5131034255027771,-7.611432374687865e-05,0.5444060564041138,0.5186304450035095,-0.012202736921608448,0.5291703343391418,0.5410858392715454,-0.018366562202572823,0.610995888710022,0.5630789995193481,0.001987804425880313,0.5778418779373169,0.49959424138069153,-0.00956942792981863,0.5420283079147339,0.5066259503364563,-0.016751684248447418,0.5272724032402039,0.5298592448234558,-0.020421819761395454,0.6141724586486816,0.5706275701522827,-0.012988472357392311,0.5790711641311646,0.5080097913742065,-0.023462960496544838,0.5425840616226196,0.5157110691070557,-0.02634347602725029,0.5268404483795166,0.5399646759033203,-0.026982231065630913,0.6078972220420837,0.5858073830604553,-0.02797766961157322,0.5733751058578491,0.5414844155311584,-0.034900225698947906,0.5437241196632385,0.5417876243591309,-0.03530636429786682,0.5274972319602966,0.5565134286880493,-0.03453850373625755
0.6293397545814514,0.718974769115448,-3.0472082812593726e-07,0.5838656425476074,0.6798691153526306,0.006521522533148527,0.5590481758117676,0.6344029307365417,0.004796644207090139,0.5384354591369629,0.6047032475471497,-0.002206251723691821,0.5214013457298279,0.5793957114219666,-0.007779500912874937,0.6007488965988159,0.563973069190979,0.014915122650563717,0.5756597518920898,0.5130000114440918,0.000550188822671771,0.5436045527458191,0.5212175846099854,-0.01134617067873478,0.5295736789703369,0.5455851554870605,-0.017360826954245567,0.6108391880989075,0.5614309310913086,0.0028064227662980556,0.5784137845039368,0.49904659390449524,-0.008283521048724651,0.5421888828277588,0.506970226764679,-0.015580239705741405,0.5275626182556152,0.5308417677879333,-0.01944427751004696,0.6143316030502319,0.5687344074249268,-0.011653470806777477,0.5799148678779602,0.5063031911849976,-0.02266869507730007,0.5427194833755493,0.5163345336914062,-0.02629251964390278,0.5273427963256836,0.5422494411468506,-0.027265194803476334,0.6079978346824646,0.5838345289230347,-0.026052163913846016,0.5728328824043274,0.5397498607635498,-0.03357546404004097,0.5429747104644775,0.54335618019104,-0.03420468047261238,0.5276725888252258,0.560791015625,-0.03351200371980667
0.6294644474983215,0.7200636863708496,-2.929758124992077e-07,0.5843697786331177,0.6797754764556885,0.007693808060139418,0.5594611763954163,0.6336304545402527,0.006587574258446693,0.5387900471687317,0.6040133237838745,-0.0001617570233065635,0.5221055746078491,0.5786410570144653,-0.005538386758416891,0.6010183691978455,0.5651248693466187,0.01684354431927204,0.5769799947738647,0.5130364894866943,0.0028814575634896755,0.5448545813560486,0.519540011882782,-0.00890611857175827,0.5303590893745422,0.5429431200027466,-0.014856526628136635,0.6108732223510742,0.563115656375885,0.0040899114683270454,0.5806139707565308,0.4995698034763336,-0.006716086994856596,0.5443646311759949,0.5053164958953857,-0.014112209901213646,0.5292383432388306,0.527595043182373,-0.018090762197971344,0.6143605709075928,0.5705431699752808,-0.011011460795998573,0.5818327069282532,0.506479024887085,-0.02177700586616993,0.5440822243690491,0.5152466297149658,-0.025563616305589676,0.5280762910842896,0.5406907200813293,-0.026634681969881058,0.608094334602356,0.5852704048156738,-0.025997020304203033,0.575261116027832,0.537908673286438,-0.03331276774406433,0.5446981191635132,0.5409659147262573,-0.03383174538612366,0.5283982157707214,0.5596438050270081,-0.03308672085404396
0.6299952864646912,0.7191278338432312,-2.9006790214225475e-07,0.5849191546440125,0.678844153881073,0.0064672185108065605,0.5591786503791809,0.6329993605613708,0.004847919102758169,0.5387431383132935,0.6028942465782166,-0.002002079738304019,0.5230236649513245,0.5784714818000793,-0.00737821776419878,0.6001258492469788,0.5665472149848938,0.01479697972536087,0.5770329236984253,0.5137661695480347,0.0006115129217505455,0.545333981513977,0.5201855897903442,-0.010961941443383694,0.5313363075256348,0.5435152649879456,-0.016785437241196632,0.610242486000061,0.5641242861747742,0.002760574221611023,0.5801564455032349,0.5000227093696594,-0.008438317105174065,0.5442238450050354,0.5065305233001709,-0.015594683587551117,0.5296660661697388,0.5296829342842102,-0.019241230562329292,0.6144333481788635,0.5706791877746582,-0.011624304577708244,0.5822380781173706,0.5059425234794617,-0.022600334137678146,0.5448387265205383,0.5142130851745605,-0.02623829059302807,0.5290800333023071,0.5394015312194824,-0.0271409023553133,0.6093792915344238,0.5846246480941772,-0.025951240211725235,0.5756400227546692,0.5382393002510071,-0.03339609131217003,0.5455935001373291,0.5408183336257935,-0.034025002270936966,0.5300779938697815,0.5581713914871216,-0.0333150215446949
0.6315804719924927,0.720313310623169,-2.863013719434093e-07,0.5866961479187012,0.6807582378387451,0.006609184201806784,0.5609192848205566,0.6343419551849365,0.004983792547136545,0.5404860377311707,0.6033011674880981,-0.0018211818533018231,0.5237696170806885,0.577620267868042,-0.007130101788789034,0.6007713079452515,0.5658233165740967,0.015103037469089031,0.5773087739944458,0.5137476921081543,0.0009327518055215478,0.5462360978126526,0.5197501182556152,-0.010724605992436409,0.5318543314933777,0.5419008731842041,-0.01659022830426693,0.6113225817680359,0.5633864998817444,0.003064587013795972,0.5802362561225891,0.5003316402435303,-0.008263347670435905,0.5449648499488831,0.5069622993469238,-0.015417204238474369,0.5301603078842163,0.5299186110496521,-0.018841352313756943,0.6156821846961975,0.57026207447052,-0.011296523734927177,0.5825223922729492,0.5074933767318726,-0.02182294800877571,0.546019434928894,0.515268862247467,-0.024995988234877586,0.529939591884613,0.5394161343574524,-0.025527823716402054,0.6110551953315735,0.5848954319953918,-0.025668183341622353,0.5777420401573181,0.5400308966636658,-0.03244882449507713,0.5486231446266174,0.5412777662277222,-0.03276709467172623,0.5328356623649597,0.5564303994178772,-0.03178782016038895
0.6309798955917358,0.7181694507598877,-2.8435223953238165e-07,0.5851995944976807,0.6773566603660583,0.0076614078134298325,0.559306263923645,0.6316487789154053,0.006068618968129158,0.5388567447662354,0.6006959080696106,-0.0011415514163672924,0.5229690074920654,0.5730390548706055,-0.006943713873624802,0.6001625657081604,0.5647705793380737,0.01676519587635994,0.576909601688385,0.5126782059669495,0.0026130452752113342,0.5455371737480164,0.518677294254303,-0.009052571840584278,0.5317574739456177,0.5410873889923096,-0.014876813627779484,0.6107885837554932,0.5628643035888672,0.003838127478957176,0.5802082419395447,0.49950331449508667,-0.007453028578311205,0.5444103479385376,0.5067723393440247,-0.014616871252655983,0.5304701924324036,0.5296679139137268,-0.018182629719376564,0.6152175664901733,0.5699809193611145,-0.011452623642981052,0.5828063488006592,0.5051572918891907,-0.02259368821978569,0.5458986163139343,0.5138301849365234,-0.02568364515900612,0.5310570001602173,0.5389045476913452,-0.02612035535275936,0.6105048060417175,0.5842005014419556,-0.02661712095141411,0.5765388011932373,0.5380211472511292,-0.034203968942165375,0.5472501516342163,0.5410485863685608,-0.03438347205519676,0.5329079627990723,0.5586439967155457,-0.033208880573511124
0.6308999061584473,0.7178376317024231,-2.786804884635785e-07,0.5863674283027649,0.6776577234268188,0.007691462058573961,0.5607384443283081,0.6331673264503479,0.006037541665136814,0.5399749875068665,0.6030245423316956,-0.0011287495726719499,0.5229300260543823,0.5766818523406982,-0.006969220470637083,0.6012576222419739,0.566228449344635,0.016269678249955177,0.5779529213905334,0.5140413045883179,0.002195487730205059,0.5472279191017151,0.5180981755256653,-0.009603917598724365,0.5328795909881592,0.538884699344635,-0.015596525743603706,0.6114522814750671,0.5638792514801025,0.0034366711042821407,0.5807706117630005,0.5006004571914673,-0.007938969880342484,0.545606255531311,0.5059502720832825,-0.015548964962363243,0.5308021306991577,0.5282736420631409,-0.019489312544465065,0.6154968738555908,0.5705835819244385,-0.011659999378025532,0.5827957391738892,0.5066510438919067,-0.022457143291831017,0.5465158224105835,0.5137978792190552,-0.026012049987912178,0.5309029221534729,0.5381124019622803,-0.02693071775138378,0.6104783415794373,0.5846148133277893,-0.026641162112355232,0.5766927003860474,0.5399426221847534,-0.03384799137711525,0.5479909181594849,0.5414832234382629,-0.034393832087516785,0.5331844091415405,0.5571702122688293,-0.03365397825837135
0.6293870806694031,0.7157818675041199,-2.7747427111535217e-07,0.5845467448234558,0.6746963858604431,0.00769195007160306,0.5586103796958923,0.6297065615653992,0.006169407162815332,0.5383344292640686,0.599942147731781,-0.0010423138737678528,0.5236279964447021,0.5727728009223938,-0.006852416787296534,0.5989582538604736,0.5634794235229492,0.01664111018180847,0.577037513256073,0.5111106634140015,0.0021056111436337233,0.5459081530570984,0.516618013381958,-0.009702958166599274,0.5324178338050842,0.538611114025116,-0.01558478083461523,0.6096532940864563,0.5621547698974609,0.0035350346006453037,0.5805569887161255,0.498897522687912,-0.008491205051541328,0.5447691082954407,0.5064502358436584,-0.016105692833662033,0.5311522483825684,0.5295085310935974,-0.01973734237253666,0.6145460605621338,0.5694577693939209,-0.011935737915337086,0.5832056403160095,0.5056642889976501,-0.02348042093217373,0.5463444590568542,0.5145682692527771,-0.026926271617412567,0.5317158102989197,0.5396330952644348,-0.02740355208516121,0.6105682253837585,0.5838524699211121,-0.027284573763608932,0.5774771571159363,0.5382022857666016,-0.03490195795893669,0.5488334894180298,0.5406125783920288,-0.03520796447992325,0.5352599620819092,0.557323694229126,-0.03404143080115318
0.6278449296951294,0.7155637741088867,-2.738602518093103e-07,0.5846787691116333,0.6749948859214783,0.006584914866834879,0.5592837333679199,0.6310343742370605,0.0041868602856993675,0.538788914680481,0.6011157035827637,-0.003668770659714937,0.5240933299064636,0.5735618472099304,-0.010033782571554184,0.600189745426178,0.5665724873542786,0.01466177124530077,0.5782027840614319,0.5128774642944336,-0.0004681297286879271,0.547297477722168,0.5173903107643127,-0.012480765581130981,0.5336545705795288,0.5389776229858398,-0.018372155725955963,0.610610842704773,0.5646675229072571,0.0020241430029273033,0.581493079662323,0.49997711181640625,-0.0105114271864295,0.5459513664245605,0.505746603012085,-0.018185030668973923,0.531545102596283,0.5281631350517273,-0.021758178249001503,0.6152336001396179,0.5710431933403015,-0.013006152585148811,0.5832062363624573,0.5074993371963501,-0.0245805736631155,0.5462017059326172,0.5150249004364014,-0.02803303673863411,0.5305360555648804,0.5392483472824097,-0.02854008972644806,0.6109323501586914,0.5846121907234192,-0.028025390580296516,0.5776220560073853,0.5394472479820251,-0.035699810832738876,0.5484512448310852,0.5406838059425354,-0.0362500324845314,0.5335313677787781,0.5563454031944275,-0.03528944402933121
0.6289354562759399,0.7176476716995239,-2.8574660859703727e-07,0.5856088399887085,0.6780304908752441,0.005713158752769232,0.5596863031387329,0.6326205730438232,0.003005302743986249,0.5394856333732605,0.6021783947944641,-0.004837352316826582,0.5249003767967224,0.5739010572433472,-0.011037017218768597,0.602056622505188,0.5677992701530457,0.012288962490856647,0.5792931914329529,0.5130466222763062,-0.0035089405719190836,0.5473525524139404,0.5182679891586304,-0.015558009967207909,0.5340021848678589,0.5405670404434204,-0.021380748599767685,0.6121872067451477,0.566318154335022,0.00012610325939022005,0.5819291472434998,0.5002611875534058,-0.013080616481602192,0.5452816486358643,0.5079999566078186,-0.020417844876646996,0.5320301055908203,0.5315426588058472,-0.023495307192206383,0.6160920262336731,0.5733575224876404,-0.014380740001797676,0.5836608409881592,0.5096179246902466,-0.026286078616976738,0.5458146333694458,0.5182841420173645,-0.029313519597053528,0.5310134291648865,0.5427810549736023,-0.029331600293517113,0.6109760999679565,0.5878852009773254,-0.028940891847014427,0.5794532895088196,0.5408892035484314,-0.03674949333071709,0.5499798059463501,0.5420234203338623,-0.03712635114789009,0.5354124903678894,0.5584131479263306,-0.035897452384233475
0.6295455098152161,0.7177646160125732,-3.0122015459710383e-07,0.5855210423469543,0.6782892346382141,0.006925244815647602,0.5594933032989502,0.632465124130249,0.0044277124106884,0.5394813418388367,0.6023004055023193,-0.0034394029062241316,0.5247859954833984,0.5749492049217224,-0.009815881960093975,0.6033798456192017,0.5667954087257385,0.011657245457172394,0.579566478729248,0.5114878416061401,-0.004002658184617758,0.5470687747001648,0.5181310772895813,-0.015645446255803108,0.5340666770935059,0.5417090654373169,-0.021189088001847267,0.6136067509651184,0.5657480359077454,-0.0012176830787211657,0.5818835496902466,0.4986105263233185,-0.014269844628870487,0.5445417165756226,0.5081667304039001,-0.020996272563934326,0.5320783853530884,0.5330971479415894,-0.023688336834311485,0.6171352863311768,0.573560893535614,-0.016206689178943634,0.5835092067718506,0.5097551941871643,-0.027896450832486153,0.5454539656639099,0.5204154849052429,-0.030172361060976982,0.5318134427070618,0.5459990501403809,-0.02977803163230419,0.6114537715911865,0.5885561108589172,-0.03112507238984108,0.5791193246841431,0.5406087636947632,-0.03870413824915886,0.5492591261863708,0.543114423751831,-0.03843259811401367,0.535498321056366,0.5607216358184814,-0.03680068999528885
0.6308861970901489,0.7201883792877197,-3.0268893169704825e-07,0.5873956680297852,0.6799151301383972,0.006403387989848852,0.561585009098053,0.6339434385299683,0.0036335038021206856,0.5411331653594971,0.6032517552375793,-0.004308836534619331,0.5246123671531677,0.5759388208389282,-0.010767885483801365,0.6053406000137329,0.5667781233787537,0.011891926638782024,0.5800651907920837,0.5132634043693542,-0.0038483375683426857,0.5478704571723938,0.5186508297920227,-0.01616089977324009,0.5341124534606934,0.5411639213562012,-0.022287460044026375,0.6150453686714172,0.5653087496757507,-0.0007232459029182792,0.5819809436798096,0.4995958209037781,-0.013773156329989433,0.545335590839386,0.5074959993362427,-0.021096108481287956,0.531808078289032,0.5315954685211182,-0.02442043088376522,0.6179472804069519,0.5730932950973511,-0.015536585822701454,0.5835572481155396,0.5095195770263672,-0.02722325176000595,0.5460374355316162,0.5185278058052063,-0.03001207485795021,0.5314463973045349,0.5432516932487488,-0.030159136280417442,0.6116654872894287,0.5884938836097717,-0.030343342572450638,0.5787054896354675,0.5423539280891418,-0.0380508229136467,0.5490747690200806,0.5436897277832031,-0.03828248754143715,0.5345102548599243,0.5596646070480347,-0.03714339807629585
0.6315194368362427,0.7196717262268066,-3.1956258794707537e-07,0.5865020155906677,0.6795495748519897,0.009044580161571503,0.5609045624732971,0.6329760551452637,0.007542319595813751,0.5406363606452942,0.6035694479942322,0.00014744445797987282,0.5236442685127258,0.5779758095741272,-0.006077660247683525,0.6043381094932556,0.5661928653717041,0.014323707669973373,0.5793866515159607,0.5115426778793335,-0.0007158328080549836,0.5470924973487854,0.5183289647102356,-0.012420961633324623,0.5336849689483643,0.5418416261672974,-0.018184976652264595,0.6146329641342163,0.5654953718185425,0.00019040204642806202,0.5819666385650635,0.49857914447784424,-0.012536825612187386,0.5447066426277161,0.5081049799919128,-0.019699618220329285,0.5315839052200317,0.533673882484436,-0.02289201132953167,0.6179766058921814,0.5739061236381531,-0.015964461490511894,0.5836673378944397,0.5092217922210693,-0.027454806491732597,0.5459715127944946,0.5199454426765442,-0.03018171340227127,0.532189130783081,0.5457724332809448,-0.030312472954392433,0.6120484471321106,0.5891381502151489,-0.03188633173704147,0.5782243609428406,0.5414575338363647,-0.03952278569340706,0.548475980758667,0.5441125631332397,-0.0395115502178669,0.5348548889160156,0.5615635514259338,-0.03824305534362793
0.6313093900680542,0.7203110456466675,-3.073891718941013e-07,0.5870734453201294,0.6803247332572937,0.006122461054474115,0.5611923933029175,0.6336076259613037,0.0032914949115365744,0.5408101677894592,0.6028306484222412,-0.004664622247219086,0.5244969725608826,0.5756304264068604,-0.011078620329499245,0.6040855646133423,0.5671434998512268,0.01110707689076662,0.5788529515266418,0.5122349262237549,-0.0050724162720143795,0.546597421169281,0.5186120271682739,-0.017191171646118164,0.5339845418930054,0.542272686958313,-0.023045003414154053,0.6139432787895203,0.5660766363143921,-0.0014511916087940335,0.581413745880127,0.4985181391239166,-0.015311791561543941,0.5444233417510986,0.508340060710907,-0.02253621444106102,0.5318114161491394,0.5339900255203247,-0.025449415668845177,0.6173432469367981,0.5739180445671082,-0.016225578263401985,0.5831044912338257,0.5088770985603333,-0.02870691753923893,0.5452787280082703,0.5194190740585327,-0.03163638338446617,0.5316243171691895,0.5450819134712219,-0.03157803788781166,0.611672043800354,0.5891990661621094,-0.030964205041527748,0.5775542855262756,0.5428041815757751,-0.03937710449099541,0.5471294522285461,0.5449026226997375,-0.040003444999456406,0.5329694151878357,0.5614484548568726,-0.03896704688668251
0.6307395696640015,0.7193697094917297,-3.062369273720833e-07,0.5864373445510864,0.6804956793785095,0.005963539704680443,0.5604814291000366,0.6340221762657166,0.0031620049849152565,0.5404026508331299,0.6034024953842163,-0.004805116448551416,0.5253050923347473,0.5776844024658203,-0.011263273656368256,0.6033614277839661,0.5669201612472534,0.011086852289736271,0.5786045789718628,0.511937141418457,-0.00486409617587924,0.5470060110092163,0.5189298391342163,-0.016894247382879257,0.534500002861023,0.5425879955291748,-0.022801296785473824,0.6135278940200806,0.5657504796981812,-0.001457275589928031,0.581099271774292,0.498034805059433,-0.015289351344108582,0.5447850227355957,0.5079931020736694,-0.02259095199406147,0.5322503447532654,0.5335257053375244,-0.025597207248210907,0.6172606348991394,0.5734776258468628,-0.016224892809987068,0.582927405834198,0.5095468163490295,-0.028788628056645393,0.5459085702896118,0.5209649801254272,-0.0318828783929348,0.5325787663459778,0.5469285249710083,-0.03194691985845566,0.6118178963661194,0.5886942148208618,-0.030982986092567444,0.5780074000358582,0.5428240895271301,-0.039416465908288956,0.5483641028404236,0.5456342101097107,-0.0400911308825016,0.5346479415893555,0.5624501705169678,-0.03916149586439133
0.6312159895896912,0.7210880517959595,-3.207106544778071e-07,0.5872343182563782,0.6819461584091187,0.006438013631850481,0.5612491965293884,0.6354466080665588,0.003971116151660681,0.5406417846679688,0.604657769203186,-0.0038514132611453533,0.5248444676399231,0.578572154045105,-0.010103560984134674,0.6031541228294373,0.5677595138549805,0.013200354762375355,0.5782983899116516,0.5131434798240662,-0.002548924647271633,0.546509325504303,0.5207574963569641,-0.014738038182258606,0.5343231558799744,0.5448227524757385,-0.020839247852563858,0.6134055256843567,0.5658952593803406,0.0003686331619974226,0.5808166861534119,0.49936309456825256,-0.013163415715098381,0.5442476272583008,0.5100382566452026,-0.020632073283195496,0.5320342779159546,0.5360637307167053,-0.023838724941015244,0.6172721982002258,0.5731394290924072,-0.01482040248811245,0.5834463834762573,0.5097850561141968,-0.026690255850553513,0.546011209487915,0.5208216309547424,-0.029752658680081367,0.5324822664260864,0.5463361740112305,-0.03005954995751381,0.6121293306350708,0.5880222916603088,-0.030070189386606216,0.5781615376472473,0.5444429516792297,-0.03787955269217491,0.5480172634124756,0.5465288758277893,-0.038705915212631226,0.5340036153793335,0.5617645382881165,-0.03805782273411751
0.6315433382987976,0.7237012386322021,-3.1079898121788574e-07,0.5877417922019958,0.6836605668067932,0.006735623814165592,0.561901330947876,0.6372684836387634,0.004230750259011984,0.5406725406646729,0.6066730618476868,-0.0036874685902148485,0.5238656997680664,0.5805081725120544,-0.010160750709474087,0.6044179797172546,0.5692867040634155,0.013417736627161503,0.5809592008590698,0.5139870643615723,-0.002193509368225932,0.5490485429763794,0.5192146301269531,-0.014308236539363861,0.534794270992279,0.5414046049118042,-0.020324882119894028,0.6144075393676758,0.5682055354118347,0.0005673794075846672,0.582301914691925,0.5011656880378723,-0.012596838176250458,0.545621931552887,0.5107001662254333,-0.01992465741932392,0.5318549871444702,0.535331666469574,-0.023189187049865723,0.6180118918418884,0.5757535099983215,-0.014619272202253342,0.5845412015914917,0.5114204287528992,-0.026424765586853027,0.5468379855155945,0.5222136378288269,-0.029392635449767113,0.5318617820739746,0.5477117300033569,-0.02963325008749962,0.6124958992004395,0.5906311869621277,-0.029822366312146187,0.579333484172821,0.5444163680076599,-0.03738228604197502,0.5492928624153137,0.5472778081893921,-0.03781197965145111,0.534455418586731,0.5641498565673828,-0.03694640472531319
0.6310737133026123,0.724324107170105,-3.041780303192354e-07,0.5877308249473572,0.6844927072525024,0.005264562088996172,0.5618714690208435,0.6374378800392151,0.001830510562285781,0.5412054061889648,0.6058865189552307,-0.006627808324992657,0.5251631736755371,0.5786883234977722,-0.013461815193295479,0.605302095413208,0.5701570510864258,0.010304085910320282,0.5809431076049805,0.5140758752822876,-0.006159888114780188,0.5487440824508667,0.5193994045257568,-0.018464667722582817,0.5349546670913696,0.5425050854682922,-0.024405227974057198,0.6149064302444458,0.5694877505302429,-0.001902858610264957,0.5824772715568542,0.5011471509933472,-0.01582719013094902,0.5455946922302246,0.511163592338562,-0.02288035675883293,0.53244948387146,0.536485493183136,-0.025691159069538116,0.6181855201721191,0.5773608088493347,-0.016417628154158592,0.5846124291419983,0.5116676092147827,-0.028884198516607285,0.5466938614845276,0.5223990082740784,-0.031605176627635956,0.5321767330169678,0.5481159090995789,-0.03145863860845566,0.6123451590538025,0.5926110744476318,-0.031022056937217712,0.5796987414360046,0.5448548197746277,-0.039427872747182846,0.5492094159126282,0.5472535490989685,-0.040012262761592865,0.5341790914535522,0.5645197033882141,-0.038984451442956924
0.6320034861564636,0.7254966497421265,-3.0615788659815735e-07,0.5886617302894592,0.6853693723678589,0.0059164282865822315,0.562732994556427,0.6388790011405945,0.00269207451492548,0.5418813228607178,0.6074939370155334,-0.0056386590003967285,0.5259702205657959,0.5800524353981018,-0.012352624908089638,0.6069271564483643,0.5704533457756042,0.010801035910844803,0.5819841027259827,0.5145180225372314,-0.005281650926917791,0.5498879551887512,0.519812822341919,-0.01729057915508747,0.5362029671669006,0.5428807139396667,-0.0230206660926342,0.6166347861289978,0.5695927739143372,-0.001487015513703227,0.5836091637611389,0.5014998912811279,-0.015046446584165096,0.5468572378158569,0.511191725730896,-0.021790189668536186,0.5335856676101685,0.5370094776153564,-0.02436467632651329,0.6194456219673157,0.5777454376220703,-0.01599249616265297,0.5845592617988586,0.5138248205184937,-0.02800261788070202,0.5472596883773804,0.5242720246315002,-0.030380282551050186,0.533118486404419,0.5497940182685852,-0.0300161000341177,0.6128087043762207,0.5932261943817139,-0.030528247356414795,0.579609215259552,0.5469063520431519,-0.03842330351471901,0.5495743155479431,0.5487311482429504,-0.03866085037589073,0.5347295999526978,0.5650926232337952,-0.037382349371910095
0.6328840851783752,0.7249534130096436,-3.120300959835731e-07,0.5881891846656799,0.685588002204895,0.005630152300000191,0.5624009966850281,0.6383715867996216,0.0028208987787365913,0.5416250228881836,0.606574296951294,-0.005197049584239721,0.5259076356887817,0.5789474248886108,-0.01165785826742649,0.6028023958206177,0.5698449015617371,0.012240388430655003,0.5792791843414307,0.5148937106132507,-0.003461815882474184,0.5474366545677185,0.5218197107315063,-0.015514778904616833,0.5346301794052124,0.5458416938781738,-0.021576188504695892,0.6138762831687927,0.5685192346572876,-0.00011101364361820742,0.5823394656181335,0.5019115805625916,-0.013480542227625847,0.5460604429244995,0.5117246508598328,-0.020798565819859505,0.533222496509552,0.5371570587158203,-0.02409926988184452,0.6187142729759216,0.5764293074607849,-0.014867022633552551,0.5854964256286621,0.5110255479812622,-0.027261152863502502,0.5477585196495056,0.5215071439743042,-0.030419589951634407,0.5332769155502319,0.5473741292953491,-0.03077959641814232,0.6141102313995361,0.5916507840156555,-0.029644977301359177,0.5799198150634766,0.545323371887207,-0.03833490237593651,0.5490678548812866,0.5474923253059387,-0.03937041014432907,0.53387051820755,0.5641312599182129,-0.03877861052751541
0.6328084468841553,0.7256468534469604,-3.0199052503121493e-07,0.5876812934875488,0.6835017204284668,0.007177907507866621,0.5614421367645264,0.6358383893966675,0.005231150425970554,0.5400987267494202,0.6051028966903687,-0.002312995959073305,0.5224813222885132,0.5791658163070679,-0.00836014561355114,0.6041762232780457,0.5698764324188232,0.014250816777348518,0.5800012946128845,0.5142501592636108,-0.0014240925665944815,0.5480210781097412,0.5211262106895447,-0.013502895832061768,0.5352046489715576,0.54484623670578,-0.01936025731265545,0.6148744821548462,0.5692826509475708,0.0011770430719479918,0.582912027835846,0.5015369653701782,-0.012298163026571274,0.5461344122886658,0.5117175579071045,-0.01982118748128414,0.5335149765014648,0.5370833873748779,-0.023018470034003258,0.6189160346984863,0.5775353312492371,-0.014219047501683235,0.5852063298225403,0.5123860836029053,-0.02655157633125782,0.5472583174705505,0.5238374471664429,-0.029750976711511612,0.5334852933883667,0.5499544739723206,-0.02982202358543873,0.6133924126625061,0.5928817987442017,-0.029537251219153404,0.5798019170761108,0.5451838970184326,-0.03753045201301575,0.5493140816688538,0.5480421781539917,-0.03802914544939995,0.5351372361183167,0.5654404163360596,-0.036970384418964386
0.632508397102356,0.7262586951255798,-3.0323852229230397e-07,0.5887294411659241,0.6843892335891724,0.007277390453964472,0.5623190999031067,0.637435257434845,0.004890696611255407,0.5406635999679565,0.6071864366531372,-0.0030663120560348034,0.5232381820678711,0.5810448527336121,-0.009548533707857132,0.6056117415428162,0.5709333419799805,0.013378812000155449,0.5814002156257629,0.5145404934883118,-0.002380921971052885,0.5492783784866333,0.5206626653671265,-0.014549355953931808,0.5360170006752014,0.5437416434288025,-0.02057076245546341,0.6157659888267517,0.5701380968093872,7.248747715493664e-05,0.583669900894165,0.5018942356109619,-0.013258906081318855,0.5467286705970764,0.5111829042434692,-0.020726626738905907,0.5337509512901306,0.5360247492790222,-0.024125216528773308,0.6193663477897644,0.5782449245452881,-0.015482394024729729,0.58542799949646,0.5127345323562622,-0.0274660587310791,0.5474405884742737,0.5237077474594116,-0.030418209731578827,0.5335020422935486,0.5494645833969116,-0.030664771795272827,0.6136882901191711,0.5935168266296387,-0.03098295070230961,0.5804296731948853,0.546390175819397,-0.03876915201544762,0.5504229068756104,0.5497424602508545,-0.039122164249420166,0.5367650389671326,0.567272424697876,-0.03816835209727287
0.6331935524940491,0.7271590232849121,-3.075757319948025e-07,0.5896809697151184,0.685007631778717,0.006639576051384211,0.5630015730857849,0.6381896734237671,0.0034659455996006727,0.5410074591636658,0.607458233833313,-0.005038428585976362,0.5227227807044983,0.5817425847053528,-0.01204964704811573,0.6071195602416992,0.5706884264945984,0.011359029449522495,0.5821148753166199,0.5143699645996094,-0.0052222260273993015,0.549540102481842,0.5205013155937195,-0.017853831872344017,0.5359774231910706,0.543803870677948,-0.024117227643728256,0.6167059540748596,0.5702707171440125,-0.0016912379069253802,0.5832509398460388,0.5018399953842163,-0.015638310462236404,0.5463006496429443,0.5120323896408081,-0.02307879365980625,0.5335461497306824,0.5372260212898254,-0.026322461664676666,0.6197509765625,0.5791329145431519,-0.016928406432271004,0.5856432318687439,0.5136121511459351,-0.028953401371836662,0.5478928089141846,0.5240383744239807,-0.03148779645562172,0.5336712002754211,0.5492425560951233,-0.03139343112707138,0.6137380003929138,0.5955727100372314,-0.03217572718858719,0.5812574028968811,0.5479592680931091,-0.03974636644124985,0.5513337850570679,0.5493491888046265,-0.039836540818214417,0.5369901657104492,0.5650713443756104,-0.038631852716207504
0.6337392330169678,0.7284444570541382,-3.094305043305212e-07,0.5888351202011108,0.6859030723571777,0.007347665727138519,0.562200129032135,0.6379188299179077,0.004440442193299532,0.5409502387046814,0.6061728596687317,-0.00395403616130352,0.5232658982276917,0.5795389413833618,-0.01080690324306488,0.6080381870269775,0.5713047981262207,0.0119888074696064,0.5824096202850342,0.5141165852546692,-0.004344683140516281,0.5494486093521118,0.519623339176178,-0.016530189663171768,0.5357841849327087,0.5432353615760803,-0.02235914021730423,0.617696225643158,0.5711725354194641,-0.001325129298493266,0.5834006071090698,0.5014933347702026,-0.015067433938384056,0.5460008382797241,0.5117532014846802,-0.02199236862361431,0.5333658456802368,0.5376473665237427,-0.024771876633167267,0.6203211545944214,0.5796565413475037,-0.016804907470941544,0.58488529920578,0.513637900352478,-0.02874038927257061,0.546960175037384,0.5245182514190674,-0.031035713851451874,0.5332512855529785,0.5504421591758728,-0.03074711561203003,0.6136276721954346,0.5951473116874695,-0.03223384916782379,0.5801821351051331,0.5471705794334412,-0.039858441799879074,0.5498390197753906,0.5490769147872925,-0.03991192206740379,0.5354871153831482,0.5657360553741455,-0.038640040904283524
0.6329070329666138,0.7276250720024109,-3.1321883398049977e-07,0.586514949798584,0.6843729019165039,0.006704522296786308,0.5608104467391968,0.6377553343772888,0.003640767652541399,0.5410152673721313,0.6066996455192566,-0.00492185540497303,0.5265063643455505,0.5803585648536682,-0.012163658626377583,0.6029219627380371,0.5696123242378235,0.011781304143369198,0.5777750611305237,0.5155221819877625,-0.00484221987426281,0.5460139513015747,0.5239316821098328,-0.01766008697450161,0.5335997343063354,0.5479931831359863,-0.02419622801244259,0.6138611435890198,0.5691288709640503,-0.0013119422364979982,0.5810357928276062,0.5022587776184082,-0.015990791842341423,0.5445407629013062,0.5140506029129028,-0.024109816178679466,0.5322290658950806,0.5397289991378784,-0.02779979072511196,0.6181841492652893,0.5781581401824951,-0.01660660281777382,0.5841501355171204,0.5130165219306946,-0.02984842099249363,0.5462139844894409,0.5257210731506348,-0.03321443125605583,0.5322299003601074,0.5526348352432251,-0.033457234501838684,0.6126788854598999,0.5950865149497986,-0.0317983403801918,0.5785552263259888,0.5489445328712463,-0.04030708596110344,0.547433614730835,0.5514230132102966,-0.041079141199588776,0.5323461890220642,0.5675848722457886,-0.04029107466340065
0.6334163546562195,0.7288095355033875,-3.0340322609845316e-07,0.5870975852012634,0.6858983039855957,0.006794600281864405,0.5615565776824951,0.6391419172286987,0.004080078564584255,0.5415202975273132,0.6075224876403809,-0.003968791104853153,0.5248982310295105,0.5813652873039246,-0.010570969432592392,0.6049553155899048,0.5706294178962708,0.01229647547006607,0.5785600543022156,0.5162180662155151,-0.0036456743255257607,0.5466898679733276,0.5240442752838135,-0.015837566927075386,0.5341120362281799,0.5475436449050903,-0.02183968387544155,0.6156550049781799,0.5696099996566772,-0.00022906904632691294,0.5812715291976929,0.5034228563308716,-0.014076423831284046,0.5446523427963257,0.5142349004745483,-0.021542297676205635,0.5319291353225708,0.5400066375732422,-0.02477879263460636,0.6188290119171143,0.5782627463340759,-0.014921270310878754,0.5827819108963013,0.5153728723526001,-0.027369683608412743,0.5451745986938477,0.5275744199752808,-0.03038359060883522,0.5313894748687744,0.5541467070579529,-0.030387748032808304,0.6119405031204224,0.5948817133903503,-0.02951662614941597,0.5775777697563171,0.549895703792572,-0.03723721578717232,0.5473719239234924,0.5520823001861572,-0.037728726863861084,0.5328465700149536,0.567785382270813,-0.03676218539476395
0.6333740949630737,0.728958785533905,-3.124859802028368e-07,0.5869962573051453,0.6861393451690674,0.00770798372104764,0.5608904957771301,0.6387002468109131,0.0056349835358560085,0.5405306816101074,0.6073724627494812,-0.002139513846486807,0.5241200923919678,0.5820455551147461,-0.008643116801977158,0.6030281782150269,0.571424663066864,0.014076413586735725,0.5768029093742371,0.5175772905349731,-0.0014826603000983596,0.5446142554283142,0.5262449383735657,-0.013857975602149963,0.532464325428009,0.5508009195327759,-0.020158059895038605,0.6137547492980957,0.5704125165939331,0.0007503828965127468,0.580061674118042,0.5036844611167908,-0.012770379893481731,0.5430647134780884,0.514251708984375,-0.020848723128437996,0.5307144522666931,0.5400172472000122,-0.024649806320667267,0.6177434325218201,0.5789717435836792,-0.014706422574818134,0.5833975076675415,0.5135537385940552,-0.02681802399456501,0.5455011129379272,0.5245078206062317,-0.03032216988503933,0.5321101546287537,0.5511624217033386,-0.030845675617456436,0.611863911151886,0.5951152443885803,-0.030025197193026543,0.57738196849823,0.5489859580993652,-0.03769407421350479,0.5470271110534668,0.5510033965110779,-0.03830769658088684,0.5333214402198792,0.5674868822097778,-0.037505876272916794
0.6328226327896118,0.7298782467842102,-3.088109110649384e-07,0.5871622562408447,0.688055157661438,0.007515705656260252,0.5607112646102905,0.6392949819564819,0.0048865401186048985,0.5397823452949524,0.6074219942092896,-0.0031104744412004948,0.5227095484733582,0.5812177062034607,-0.009692519903182983,0.6060327291488647,0.5727733373641968,0.010866436176002026,0.5789453387260437,0.5161924362182617,-0.005202491767704487,0.5457781553268433,0.5225050449371338,-0.017169170081615448,0.5323562026023865,0.5453784465789795,-0.02299467660486698,0.6159372925758362,0.5727096199989319,-0.0022639452945441008,0.5805712342262268,0.5032311677932739,-0.016265887767076492,0.5426410436630249,0.5139346122741699,-0.02340375818312168,0.5302452445030212,0.5399717092514038,-0.026394467800855637,0.6185998320579529,0.5816062092781067,-0.017315050587058067,0.5824769139289856,0.5150921940803528,-0.029488392174243927,0.5440089702606201,0.5267071723937988,-0.03194304555654526,0.5306364893913269,0.55318683385849,-0.03169574216008186,0.6116343140602112,0.5976488590240479,-0.03221800550818443,0.577988862991333,0.5486525297164917,-0.0399392805993557,0.5471069812774658,0.550473153591156,-0.040101706981658936,0.5325986742973328,0.5674262642860413,-0.03891364857554436
0.6331392526626587,0.7307990789413452,-3.13494609827103e-07,0.5867322087287903,0.6877846717834473,0.007310713641345501,0.5604727864265442,0.639839768409729,0.004501461051404476,0.5399131178855896,0.6078048348426819,-0.0037583932280540466,0.5247709155082703,0.5807727575302124,-0.010568364523351192,0.6063008904457092,0.5725047588348389,0.011862012557685375,0.578936755657196,0.5169801115989685,-0.004046010319143534,0.5460753440856934,0.5236492156982422,-0.01617952063679695,0.5326314568519592,0.5465590953826904,-0.022236235439777374,0.6164416670799255,0.5720540881156921,-0.0012187588727101684,0.5804360508918762,0.503166675567627,-0.015119032934308052,0.5428788661956787,0.5141369104385376,-0.02254437282681465,0.5302693247795105,0.5401972532272339,-0.02577613666653633,0.619206428527832,0.5807557106018066,-0.016314024105668068,0.5825210213661194,0.5145533084869385,-0.028558677062392235,0.5444357395172119,0.5262097120285034,-0.031109649688005447,0.5308974385261536,0.5528802871704102,-0.03091052919626236,0.611886739730835,0.5967649221420288,-0.03129201382398605,0.5776407718658447,0.5488221049308777,-0.039059367030858994,0.5468087196350098,0.550342857837677,-0.039256639778614044,0.5319229960441589,0.5666957497596741,-0.038080792874097824
0.6334704756736755,0.7306476831436157,-3.249718361075793e-07,0.5866750478744507,0.6879393458366394,0.007524542510509491,0.5607460141181946,0.640068769454956,0.004942561034113169,0.5404765605926514,0.6084437966346741,-0.0032412989530712366,0.5247828960418701,0.5821287035942078,-0.010112572461366653,0.6039514541625977,0.5712795257568359,0.012321674264967442,0.5770028829574585,0.5163403153419495,-0.003779724705964327,0.5444391965866089,0.5250961184501648,-0.01616799645125866,0.5317941904067993,0.5501257181167603,-0.022384872660040855,0.6145893335342407,0.5706990957260132,-0.0010071670403704047,0.5794664621353149,0.5029100775718689,-0.01504457090049982,0.5420858263969421,0.5152506828308105,-0.022824974730610847,0.5298067331314087,0.542452335357666,-0.026309600099921227,0.6183089017868042,0.579728364944458,-0.016391873359680176,0.5825554132461548,0.5135249495506287,-0.028896784409880638,0.5443592667579651,0.5260506272315979,-0.031948521733284,0.53096604347229,0.5535691380500793,-0.032102540135383606,0.6119715571403503,0.596285879611969,-0.03161998465657234,0.5767132639884949,0.5493208765983582,-0.03971172869205475,0.5455276370048523,0.552055835723877,-0.04022511467337608,0.5310375094413757,0.5692101120948792,-0.0392506942152977
0.6335500478744507,0.7315813899040222,-3.2163995911105303e-07,0.5875759124755859,0.6893988847732544,0.007642938289791346,0.5615266561508179,0.6415790915489197,0.005009133834391832,0.5406583547592163,0.6102151274681091,-0.0032402263022959232,0.5235413312911987,0.5834939479827881,-0.010136340744793415,0.6051672101020813,0.5717757344245911,0.01194099709391594,0.5778313875198364,0.5163443088531494,-0.0042228675447404385,0.5452966094017029,0.5248365998268127,-0.016335830092430115,0.5330801606178284,0.5491819381713867,-0.022253401577472687,0.615507960319519,0.5713948607444763,-0.0014759370824322104,0.5800747275352478,0.5026817321777344,-0.015604300424456596,0.542477011680603,0.5152782797813416,-0.023027390241622925,0.5307335257530212,0.5423514246940613,-0.0261431485414505,0.6187578439712524,0.5804643034934998,-0.016909165307879448,0.5824108123779297,0.5146293640136719,-0.029595734551548958,0.5441644191741943,0.528139054775238,-0.03232535347342491,0.5316318273544312,0.5558050870895386,-0.03208925575017929,0.6119635701179504,0.5968820452690125,-0.03215237706899643,0.5768182873725891,0.5486762523651123,-0.040202852338552475,0.5459660291671753,0.5522810220718384,-0.0403309240937233,0.5325522422790527,0.5704692602157593,-0.03899326175451279
0.6341497302055359,0.7320978045463562,-3.2194526511375443e-07,0.5873048305511475,0.688939094543457,0.008792421780526638,0.5614815950393677,0.6410686373710632,0.00661400007084012,0.540534257888794,0.6095952391624451,-0.00154830829706043,0.52340167760849,0.5830755233764648,-0.00855829194188118,0.604949951171875,0.5715600252151489,0.014117157086730003,0.577886164188385,0.5166847705841064,-0.0015076383715495467,0.5455438494682312,0.524707019329071,-0.013652932830154896,0.5328567028045654,0.5488406419754028,-0.019724825397133827,0.6155657768249512,0.5710240602493286,1.445266570954118e-05,0.5806512832641602,0.5032998323440552,-0.013598829507827759,0.543175995349884,0.5151344537734985,-0.02132202871143818,0.5307078957557678,0.5421260595321655,-0.024876300245523453,0.6189013719558716,0.5802177786827087,-0.016126062721014023,0.5827421545982361,0.5147382020950317,-0.028330087661743164,0.5444470047950745,0.5274567008018494,-0.031480878591537476,0.5310890674591064,0.5551186800003052,-0.031819745898246765,0.6120692491531372,0.5967998504638672,-0.032013993710279465,0.5766432881355286,0.5492874383926392,-0.03976414352655411,0.5462096333503723,0.552790641784668,-0.04005420207977295,0.5327069759368896,0.5710000991821289,-0.03903596103191376
0.6345717906951904,0.7331658601760864,-3.209162002804078e-07,0.5882286429405212,0.6909870505332947,0.007770329248160124,0.5620294213294983,0.6423895359039307,0.005216142628341913,0.5405592918395996,0.610472559928894,-0.003017979906871915,0.5226315855979919,0.583548367023468,-0.009873840026557446,0.6061106324195862,0.5728323459625244,0.012530511245131493,0.5784085988998413,0.5163160562515259,-0.003568669781088829,0.5454535484313965,0.5241702198982239,-0.015668125823140144,0.5328793525695801,0.5483512878417969,-0.021584294736385345,0.6164899468421936,0.5724408030509949,-0.0010509976418688893,0.5806440711021423,0.5030832886695862,-0.015111370012164116,0.5428673624992371,0.5157822966575623,-0.022525042295455933,0.5311609506607056,0.5429746508598328,-0.025646939873695374,0.6193166971206665,0.5815086364746094,-0.016690736636519432,0.5825180411338806,0.5154169797897339,-0.029314108192920685,0.5443510413169861,0.5290104746818542,-0.032045964151620865,0.5320062041282654,0.5566922426223755,-0.031853556632995605,0.6121202111244202,0.5977389812469482,-0.032137271016836166,0.5770021080970764,0.5491931438446045,-0.04013187065720558,0.5465314388275146,0.5528054237365723,-0.04017755016684532,0.5335530638694763,0.5712252259254456,-0.03880246356129646
0.6342012882232666,0.7339563369750977,-3.2128454563462583e-07,0.5874878764152527,0.690861165523529,0.00763200456276536,0.5617897510528564,0.6427068114280701,0.0049469624646008015,0.5406405329704285,0.6109963059425354,-0.0035934445913881063,0.5225614905357361,0.5838889479637146,-0.010740110650658607,0.6047749519348145,0.5728504061698914,0.013988440856337547,0.5783817172050476,0.5170970559120178,-0.0023935381323099136,0.5459665060043335,0.524948000907898,-0.01494758203625679,0.532801628112793,0.5492678880691528,-0.021060138940811157,0.6149659156799316,0.5725761651992798,0.0003648248966783285,0.5805355310440063,0.5037663578987122,-0.013799137435853481,0.5430440902709961,0.5163952708244324,-0.02146858721971512,0.5304738283157349,0.5434251427650452,-0.024624813348054886,0.6183545589447021,0.581468939781189,-0.015531450510025024,0.582309365272522,0.5159320831298828,-0.02806680090725422,0.5444871783256531,0.5294598937034607,-0.030863001942634583,0.5315130949020386,0.5568355321884155,-0.030644675716757774,0.6120015978813171,0.5975767374038696,-0.03134412690997124,0.5767648220062256,0.5500964522361755,-0.038960397243499756,0.5465020537376404,0.5542495250701904,-0.03888579457998276,0.5333636999130249,0.5723634958267212,-0.037433527410030365
0.6334194540977478,0.7343044281005859,-3.217042490177846e-07,0.5868146419525146,0.6899948716163635,0.007610763423144817,0.5609659552574158,0.6422037482261658,0.005014338530600071,0.5399778485298157,0.6114420294761658,-0.0034692424815148115,0.5227394104003906,0.5844692587852478,-0.010623863898217678,0.6029219031333923,0.572964072227478,0.013560658320784569,0.5762292146682739,0.5174052715301514,-0.003084675408899784,0.5438589453697205,0.5272068381309509,-0.015773378312587738,0.5322906374931335,0.5530723929405212,-0.02198181115090847,0.6133136749267578,0.572788417339325,-0.0001105835908674635,0.5793535113334656,0.5043042898178101,-0.014577477239072323,0.5420933365821838,0.518476128578186,-0.022454489022493362,0.5309007167816162,0.546330988407135,-0.025749552994966507,0.6171131134033203,0.5819694399833679,-0.016038302332162857,0.5819635987281799,0.5162559151649475,-0.028956227004528046,0.5438047051429749,0.5304256081581116,-0.03209159895777702,0.5315456986427307,0.5584115386009216,-0.032058097422122955,0.6112993955612183,0.5984841585159302,-0.03184647113084793,0.5766034722328186,0.5507134199142456,-0.0399252213537693,0.5457016229629517,0.5551788806915283,-0.04011448100209236,0.532624363899231,0.5741467475891113,-0.038776498287916183
0.633741021156311,0.7354456782341003,-3.3058591952794814e-07,0.5867242217063904,0.6915361881256104,0.008635610342025757,0.5608450770378113,0.6431010365486145,0.006469010841101408,0.5399572253227234,0.6118759512901306,-0.0017115626251325011,0.5218906402587891,0.5849016904830933,-0.00862841960042715,0.6037493944168091,0.5738934278488159,0.013829960487782955,0.5759149789810181,0.5174326300621033,-0.002478030975908041,0.5434442758560181,0.5281673669815063,-0.014624794013798237,0.5325228571891785,0.5546451210975647,-0.02038128301501274,0.6144797801971436,0.5734640955924988,-0.00022935580636840314,0.5789451003074646,0.5046310424804688,-0.014522762037813663,0.5414444208145142,0.519609808921814,-0.0221105944365263,0.5307715535163879,0.5481967329978943,-0.025095243006944656,0.6178823113441467,0.5824148058891296,-0.01638101600110531,0.581387460231781,0.5165550112724304,-0.0292817335575819,0.5428526997566223,0.5315160751342773,-0.0323050357401371,0.5308977365493774,0.5598495006561279,-0.032111138105392456,0.6113275289535522,0.5987244844436646,-0.032249029725790024,0.5755309462547302,0.5508555173873901,-0.040401630103588104,0.5444983243942261,0.5558602213859558,-0.040519677102565765,0.5318582057952881,0.5749363899230957,-0.039029210805892944
0.6344810128211975,0.7372163534164429,-3.386332139143633e-07,0.5873241424560547,0.6930227875709534,0.009438875131309032,0.5614676475524902,0.6436962485313416,0.007529997266829014,0.5404842495918274,0.6118389368057251,-0.00029736297437921166,0.5214742422103882,0.5867347121238708,-0.006974413990974426,0.6067723035812378,0.5756344795227051,0.012867841869592667,0.577921986579895,0.518248975276947,-0.003062404692173004,0.5447019338607788,0.528272807598114,-0.014810612425208092,0.5326133370399475,0.5546036958694458,-0.02031959779560566,0.6169018149375916,0.5749797224998474,-0.0012674496974796057,0.5797801613807678,0.5044108629226685,-0.015117545612156391,0.5417721271514893,0.5189977884292603,-0.02218203991651535,0.5304215550422668,0.5482639074325562,-0.024841193109750748,0.6191418170928955,0.5838921666145325,-0.01722494512796402,0.5809811353683472,0.5176873207092285,-0.02957477979362011,0.5426624417304993,0.5324814915657043,-0.03221047297120094,0.5306398868560791,0.5610106587409973,-0.03184488043189049,0.6112887263298035,0.6000547409057617,-0.03279612585902214,0.574658989906311,0.5525304079055786,-0.04046151787042618,0.5440559387207031,0.5574761033058167,-0.04031982272863388,0.5314788222312927,0.5765941143035889,-0.03873071074485779
0.6363227367401123,0.7398091554641724,-3.397813372885139e-07,0.5883447527885437,0.6952176690101624,0.008894307538866997,0.5627851486206055,0.6460978388786316,0.006860104855149984,0.541359007358551,0.6142295002937317,-0.0011359326308593154,0.5214787721633911,0.5897590517997742,-0.007898437790572643,0.6063249707221985,0.5758764147758484,0.014090570621192455,0.5778126120567322,0.5199804902076721,-0.0017985294107347727,0.5444904565811157,0.52974534034729,-0.014017416164278984,0.5316790342330933,0.5552923083305359,-0.020079314708709717,0.6165884733200073,0.5748040676116943,0.00014643158647231758,0.5792580842971802,0.5060476660728455,-0.013942963443696499,0.5419692993164062,0.5200806856155396,-0.021727312356233597,0.5300132036209106,0.548424482345581,-0.024966657161712646,0.6192429661750793,0.5835214853286743,-0.015825677663087845,0.5810040831565857,0.518985390663147,-0.02796439826488495,0.5426731705665588,0.5318980813026428,-0.031217951327562332,0.5290501117706299,0.559101939201355,-0.03143567219376564,0.6118173003196716,0.5996491312980652,-0.03155358508229256,0.5753775238990784,0.5539579391479492,-0.038751840591430664,0.5436856150627136,0.5553082823753357,-0.03922099247574806,0.5282762050628662,0.5707734823226929,-0.03830842301249504
0.6348414421081543,0.7403600215911865,-3.285387890628044e-07,0.5886951684951782,0.6963039040565491,0.007497323211282492,0.5624232888221741,0.6472247838973999,0.005105277523398399,0.5400211215019226,0.6146163940429688,-0.002709974069148302,0.5191844701766968,0.5901517868041992,-0.009140318259596825,0.606044352054596,0.5778259634971619,0.012952052056789398,0.578525722026825,0.521486759185791,-0.0026756972074508667,0.5447505712509155,0.5294598340988159,-0.014906960539519787,0.5302892327308655,0.5540260076522827,-0.021074462682008743,0.6156790852546692,0.575900673866272,0.00012967389193363488,0.5797865390777588,0.507580041885376,-0.012984506785869598,0.5423532724380493,0.518703043460846,-0.020635321736335754,0.5281577110290527,0.5452274084091187,-0.02434290573000908,0.6182185411453247,0.5834649801254272,-0.01476859487593174,0.5812689065933228,0.5169283747673035,-0.026200952008366585,0.5430715084075928,0.5274684429168701,-0.02964148484170437,0.5275550484657288,0.5540032386779785,-0.03052155300974846,0.6107825040817261,0.598733127117157,-0.02953171543776989,0.5738369822502136,0.5536752939224243,-0.036690205335617065,0.5425984859466553,0.5555749535560608,-0.03757980838418007,0.5266586542129517,0.5711624026298523,-0.03725311905145645
0.6317743062973022,0.7395000457763672,-3.109220472197194e-07,0.5839858055114746,0.6928322315216064,0.008786209858953953,0.5579200983047485,0.6442511677742004,0.006706281565129757,0.5369643568992615,0.6117542386054993,-0.0010136208729818463,0.5190551280975342,0.5861158967018127,-0.007398929446935654,0.603162944316864,0.5758299827575684,0.014239408075809479,0.5758548378944397,0.5202127695083618,-0.0007883049547672272,0.5423546433448792,0.5273318290710449,-0.01276448741555214,0.5275101065635681,0.5502923727035522,-0.018815282732248306,0.6132946610450745,0.5750895142555237,0.000887378235347569,0.5763525366783142,0.5084155201911926,-0.011365711688995361,0.5394641160964966,0.5189826488494873,-0.018729856237769127,0.5261189341545105,0.5441087484359741,-0.022479312494397163,0.615444004535675,0.5837868452072144,-0.014431082643568516,0.5776457786560059,0.5192136168479919,-0.02494145929813385,0.54039067029953,0.5288571119308472,-0.027737904340028763,0.525817334651947,0.5543042421340942,-0.02836521901190281,0.6072971820831299,0.6000352501869202,-0.029555415734648705,0.5705711841583252,0.5554400682449341,-0.03566225990653038,0.5411162376403809,0.555921196937561,-0.035693321377038956,0.5267238616943359,0.5700957775115967,-0.03484053537249565
0.6316801309585571,0.7405496835708618,-3.224677129765041e-07,0.5844438076019287,0.6951103210449219,0.00812709890305996,0.558043360710144,0.6463404297828674,0.006027774419635534,0.5362887382507324,0.6140344142913818,-0.0015399787807837129,0.5175716280937195,0.5877828001976013,-0.007841282524168491,0.6029417514801025,0.5767943859100342,0.014125059358775616,0.5743708610534668,0.5232712030410767,-0.0007779881707392633,0.5410836935043335,0.5304442048072815,-0.012990528717637062,0.525537371635437,0.5536412596702576,-0.01920071616768837,0.6131009459495544,0.5752580165863037,0.0011255330173298717,0.5758010745048523,0.5097812414169312,-0.010955335572361946,0.5390323996543884,0.519466757774353,-0.01851598545908928,0.5244726538658142,0.5445483922958374,-0.022473569959402084,0.6153285503387451,0.5837370157241821,-0.013896103948354721,0.577461302280426,0.5173951983451843,-0.024876896291971207,0.5403326153755188,0.5263453125953674,-0.028026124462485313,0.5250709056854248,0.5520070195198059,-0.028777560219168663,0.6067570447921753,0.5998883843421936,-0.02869810350239277,0.5695229172706604,0.5540282726287842,-0.035761211067438126,0.539880096912384,0.5548059344291687,-0.03623142093420029,0.5249360799789429,0.5698556900024414,-0.03552906587719917
0.6310722231864929,0.7388679385185242,-3.171897162701498e-07,0.5834341049194336,0.6926926374435425,0.009907310828566551,0.5570045709609985,0.6438000798225403,0.008535459637641907,0.5352492332458496,0.6119440197944641,0.0012025615433230996,0.5168172121047974,0.5858005285263062,-0.005026425700634718,0.6026292443275452,0.5759233236312866,0.01611299254000187,0.5739392638206482,0.5227239727973938,0.0021434412337839603,0.5406890511512756,0.530876874923706,-0.00960306916385889,0.5253318548202515,0.5543895363807678,-0.015641603618860245,0.6128008365631104,0.5747354626655579,0.002188333310186863,0.5758709907531738,0.5092701315879822,-0.008785514160990715,0.5387791395187378,0.5182578563690186,-0.016105925664305687,0.5240423679351807,0.5425540208816528,-0.020263025537133217,0.6147979497909546,0.5836139917373657,-0.013606222346425056,0.5775920152664185,0.5164976119995117,-0.023833708837628365,0.540096640586853,0.5259371995925903,-0.026591289788484573,0.5248720645904541,0.5520965456962585,-0.027342835441231728,0.6056420207023621,0.599684476852417,-0.02905726060271263,0.5691879391670227,0.5525736808776855,-0.035596657544374466,0.5398925542831421,0.5545245409011841,-0.03547349572181702,0.5257231593132019,0.5710709095001221,-0.03449895605444908
0.6301321387290955,0.7381592988967896,-3.189860535712796e-07,0.5823158621788025,0.6923066973686218,0.010228508152067661,0.5565476417541504,0.6432400345802307,0.008113134652376175,0.5353191494941711,0.6112058162689209,-4.012065619463101e-05,0.5172876119613647,0.5836832523345947,-0.0070807174779474735,0.6032272577285767,0.5752416253089905,0.014202884398400784,0.5745466947555542,0.5199357867240906,-0.0007913991576060653,0.5406190752983093,0.5282154083251953,-0.01261809654533863,0.5257071256637573,0.5523371696472168,-0.01847945898771286,0.6133140921592712,0.575267493724823,-0.0002956984390038997,0.5758664608001709,0.507611095905304,-0.012178455479443073,0.5376618504524231,0.5180624723434448,-0.01901707984507084,0.5239171385765076,0.5432453155517578,-0.02256246842443943,0.6149680614471436,0.5848066806793213,-0.016563432291150093,0.57713383436203,0.5171207785606384,-0.027047840878367424,0.5389662384986877,0.5276544690132141,-0.028807463124394417,0.5247748494148254,0.5538725852966309,-0.028804950416088104,0.6057543754577637,0.6012933850288391,-0.032504692673683167,0.5698197484016418,0.5529110431671143,-0.03890039399266243,0.5403056740760803,0.555370569229126,-0.038049306720495224,0.5269246101379395,0.5725893378257751,-0.03648999333381653
0.6301876306533813,0.7373188734054565,-3.2492317814103444e-07,0.5817543268203735,0.6920035481452942,0.011120299808681011,0.5561764240264893,0.6435380578041077,0.009791797958314419,0.5354952216148376,0.6125207543373108,0.0021823570132255554,0.5184588432312012,0.5862524509429932,-0.004424910061061382,0.6025644540786743,0.5754908919334412,0.015299723483622074,0.5743520259857178,0.5208317637443542,0.0008800150826573372,0.5410640239715576,0.5289724469184875,-0.01066228561103344,0.5262876749038696,0.553151547908783,-0.016462305560708046,0.6126258373260498,0.5749183297157288,0.00040595242171548307,0.5760670304298401,0.5068659782409668,-0.011139621026813984,0.5384588837623596,0.5166494846343994,-0.0180672500282526,0.5244144797325134,0.5417335629463196,-0.02174702286720276,0.6146652698516846,0.5841572284698486,-0.016200121492147446,0.5763634443283081,0.5179412961006165,-0.0265788771212101,0.539004385471344,0.5290620923042297,-0.02883801981806755,0.5250250697135925,0.555658221244812,-0.029236527159810066,0.6059449911117554,0.6005646586418152,-0.03239569067955017,0.5693252086639404,0.5526415109634399,-0.038736741989851,0.5394923686981201,0.55543452501297,-0.03810981288552284,0.5253807306289673,0.5729734897613525,-0.036848582327365875
0.6302414536476135,0.7371959090232849,-3.351817383645539e-07,0.5816707611083984,0.6920139193534851,0.010184699669480324,0.5558525919914246,0.6428103446960449,0.008409587666392326,0.5352599024772644,0.6115730404853821,0.0005551409558393061,0.5186623930931091,0.5857366323471069,-0.006200277246534824,0.602614164352417,0.5744031667709351,0.013345269486308098,0.5736081004142761,0.5188170671463013,-0.0020207606721669436,0.5399925708770752,0.5284581184387207,-0.013888674788177013,0.5262706875801086,0.5538052320480347,-0.019847648218274117,0.6126555800437927,0.5742884874343872,-0.001216196222230792,0.5749601721763611,0.5058225989341736,-0.014161068014800549,0.5370297431945801,0.519128143787384,-0.021377047523856163,0.5246408581733704,0.5462044477462769,-0.024827346205711365,0.6147649884223938,0.5841195583343506,-0.017465578392148018,0.5759652853012085,0.5179279446601868,-0.02875082567334175,0.5382598042488098,0.5309609174728394,-0.0309760645031929,0.525421142578125,0.5583987236022949,-0.030997438356280327,0.6062254905700684,0.6014255285263062,-0.033363062888383865,0.5696819424629211,0.5539305210113525,-0.04016652703285217,0.5395801067352295,0.5571001172065735,-0.03966387361288071,0.5262214541435242,0.5748457312583923,-0.038267407566308975
0.6312686204910278,0.7389234304428101,-3.400143100407149e-07,0.5832427144050598,0.6933822631835938,0.009403319098055363,0.5569776296615601,0.6438161134719849,0.006857455242425203,0.5358960628509521,0.6121150255203247,-0.001683211768977344,0.5179533362388611,0.5862168073654175,-0.009096343070268631,0.6031305193901062,0.5743123292922974,0.012197661213576794,0.5730655789375305,0.5179416537284851,-0.0043509043753147125,0.5391339659690857,0.5274205207824707,-0.01702399179339409,0.5251412987709045,0.5527655482292175,-0.02330111153423786,0.613246500492096,0.5747089385986328,-0.002372962888330221,0.5739436149597168,0.5049047470092773,-0.016821492463350296,0.535895586013794,0.5194059610366821,-0.024686001241207123,0.5236409306526184,0.5480210781097412,-0.02804933674633503,0.6152567863464355,0.5848173499107361,-0.01870773173868656,0.5753377676010132,0.5188331604003906,-0.030550163239240646,0.5376278758049011,0.5322443246841431,-0.03286319971084595,0.5247941017150879,0.5595524311065674,-0.03263707458972931,0.6070923805236816,0.6024303436279297,-0.03479686751961708,0.5703945159912109,0.5543931126594543,-0.04169756546616554,0.5403467416763306,0.5569911599159241,-0.04114650934934616,0.526935875415802,0.5739340782165527,-0.0395294651389122
0.6318337321281433,0.7398474216461182,-3.5343228432793694e-07,0.5825194120407104,0.6932952404022217,0.011584334075450897,0.556486189365387,0.6430869698524475,0.009952405467629433,0.5357352495193481,0.6106408834457397,0.0018740419764071703,0.5183929800987244,0.5843843221664429,-0.005106051452457905,0.6028188467025757,0.5749140381813049,0.014501008205115795,0.5731163024902344,0.5174331665039062,-0.001250188215635717,0.5395665168762207,0.527860701084137,-0.013054722920060158,0.5273170471191406,0.5541043281555176,-0.01883065328001976,0.6131472587585449,0.574873149394989,-0.001086567877791822,0.5742806196212769,0.5047076344490051,-0.014746864326298237,0.5362492203712463,0.5199357271194458,-0.02178693376481533,0.5256922841072083,0.5488592386245728,-0.024791840463876724,0.6155824661254883,0.5843210816383362,-0.018356556072831154,0.576355516910553,0.517294704914093,-0.02981056459248066,0.5378750562667847,0.5313625335693359,-0.031651269644498825,0.5260544419288635,0.5591720342636108,-0.031322091817855835,0.607865035533905,0.6007846593856812,-0.03519589826464653,0.5701329112052917,0.5534297227859497,-0.042008984833955765,0.539286732673645,0.5568416714668274,-0.04141804203391075,0.5266892910003662,0.5742890238761902,-0.03987082839012146
0.6320832967758179,0.7407136559486389,-3.5257264130450494e-07,0.5827581286430359,0.6932241916656494,0.011573852971196175,0.5571224689483643,0.6435494422912598,0.00959506444633007,0.5361640453338623,0.6110754013061523,0.0011159470304846764,0.5186846852302551,0.5846561193466187,-0.006291241850703955,0.6041469573974609,0.5752452611923218,0.014451006427407265,0.5735982060432434,0.5177513360977173,-0.0013243496650829911,0.5398496389389038,0.5282979011535645,-0.013274944387376308,0.5271489024162292,0.554538369178772,-0.019151389598846436,0.614184558391571,0.5751253366470337,-0.0011084829457104206,0.5743804574012756,0.5048456788063049,-0.014813829213380814,0.5361711978912354,0.520534336566925,-0.022062119096517563,0.5251162052154541,0.5496618747711182,-0.025250734761357307,0.6161700487136841,0.5846505761146545,-0.018298527225852013,0.5764575004577637,0.5169745683670044,-0.029671724885702133,0.5378563404083252,0.5312249660491943,-0.03153512626886368,0.5255995392799377,0.5593367218971252,-0.03125463053584099,0.6076458692550659,0.6011653542518616,-0.03503916412591934,0.5699194669723511,0.5531583428382874,-0.04166184365749359,0.53892982006073,0.5563064217567444,-0.0409308522939682,0.5259822607040405,0.5735059380531311,-0.039313651621341705
0.6324999332427979,0.7412843108177185,-3.4821593430933717e-07,0.582969069480896,0.6945315003395081,0.010440629906952381,0.5570459961891174,0.6445109844207764,0.008395583368837833,0.5361131429672241,0.611763596534729,0.00019744048768188804,0.5181555151939392,0.5853683948516846,-0.006847649812698364,0.6043909192085266,0.5762167572975159,0.013524791225790977,0.5741775631904602,0.5185797810554504,-0.0021611808333545923,0.5401221513748169,0.5288862586021423,-0.014107088558375835,0.5271816253662109,0.5550071001052856,-0.020051365718245506,0.6143650412559509,0.5761198401451111,-0.0012562769697979093,0.5749905109405518,0.5056090950965881,-0.014841710217297077,0.5366593599319458,0.5202574729919434,-0.022258318960666656,0.5252121090888977,0.5485144257545471,-0.02568691223859787,0.6163269877433777,0.5855890512466431,-0.017722172662615776,0.5769492983818054,0.5175382494926453,-0.02925390750169754,0.5382107496261597,0.5307978391647339,-0.031607065349817276,0.5255041718482971,0.5585713386535645,-0.03166716545820236,0.6077081561088562,0.6020045280456543,-0.033789705485105515,0.570191502571106,0.55406653881073,-0.040685273706912994,0.5391140580177307,0.5564897060394287,-0.040398046374320984,0.5257769227027893,0.5732426643371582,-0.03910839185118675
0.6338670253753662,0.7427449822425842,-3.419011704863806e-07,0.5840252041816711,0.6960608959197998,0.010955704376101494,0.55765700340271,0.6460148692131042,0.009045559912919998,0.5363560914993286,0.6132130026817322,0.0008235003333538771,0.5189442038536072,0.5864952802658081,-0.006270685698837042,0.605259895324707,0.5768797993659973,0.014541484415531158,0.5750051736831665,0.5199145674705505,-0.0007995656924322248,0.5415184497833252,0.5296291708946228,-0.01257979404181242,0.5280622243881226,0.554770290851593,-0.01839926652610302,0.6151618957519531,0.5766750574111938,-0.0004495997854974121,0.5758043527603149,0.5062829256057739,-0.013701747171580791,0.5379588007926941,0.5202406644821167,-0.020969221368432045,0.5258967876434326,0.5480204820632935,-0.024245770648121834,0.6170010566711426,0.5862695574760437,-0.017115706577897072,0.5771652460098267,0.5192918181419373,-0.028270728886127472,0.5388528108596802,0.5324148535728455,-0.03047979809343815,0.5257050395011902,0.5597753524780273,-0.030408702790737152,0.6082885265350342,0.6029460430145264,-0.03337068855762482,0.5710254311561584,0.554877758026123,-0.03977755829691887,0.5401489734649658,0.5566651225090027,-0.039289187639951706,0.5261762142181396,0.5728034973144531,-0.037885066121816635
0.6334936022758484,0.7429066896438599,-3.466743692115415e-07,0.5840083956718445,0.6955306529998779,0.012774139642715454,0.5583641529083252,0.6461243033409119,0.011486388742923737,0.5368204116821289,0.6142140030860901,0.0033549019135534763,0.5173754692077637,0.5890520215034485,-0.003925967030227184,0.6057693958282471,0.5781212449073792,0.01662985421717167,0.574611246585846,0.5210716128349304,0.00192085443995893,0.5412101149559021,0.532123863697052,-0.009683625772595406,0.5285289883613586,0.5583465695381165,-0.0154258469119668,0.6155857443809509,0.5774735808372498,0.0006560352048836648,0.5758944749832153,0.5069201588630676,-0.011855716817080975,0.5380682945251465,0.5206059813499451,-0.019107742235064507,0.526393473148346,0.5487239360809326,-0.022616993635892868,0.6171272397041321,0.5869637131690979,-0.016887417063117027,0.5770604610443115,0.519716739654541,-0.02750072441995144,0.539068877696991,0.5334184765815735,-0.02966887690126896,0.5268164277076721,0.5613809823989868,-0.02984144538640976,0.6081712245941162,0.6030840277671814,-0.03388647735118866,0.570888102054596,0.5547908544540405,-0.04002046957612038,0.5405908226966858,0.5579577684402466,-0.03921953961253166,0.5278627276420593,0.5755661725997925,-0.037757452577352524
0.6347639560699463,0.7454209923744202,-3.393244867311296e-07,0.5857833027839661,0.6987570524215698,0.010310687124729156,0.5595760345458984,0.6481838822364807,0.008536439388990402,0.5377275347709656,0.6150330901145935,0.0005696656880900264,0.5182809829711914,0.5885796546936035,-0.006254027131944895,0.6055717468261719,0.5792105197906494,0.0154047766700387,0.5757923722267151,0.5229107737541199,0.00022844334307592362,0.5426594614982605,0.532294750213623,-0.011713310144841671,0.5290353298187256,0.557151734828949,-0.017649615183472633,0.6158149838447571,0.578253448009491,0.0008597768028266728,0.5774797797203064,0.5085947513580322,-0.012308303266763687,0.5400717854499817,0.5212649703025818,-0.019849974662065506,0.5271610021591187,0.5484540462493896,-0.023295175284147263,0.6178962588310242,0.5872663259506226,-0.015524239279329777,0.5786104202270508,0.5197802782058716,-0.027138657867908478,0.5405236482620239,0.5324236154556274,-0.029826674610376358,0.5268785953521729,0.5598952770233154,-0.0298837311565876,0.6093307733535767,0.6034443378448486,-0.03151696175336838,0.5721495747566223,0.5554783940315247,-0.0384899377822876,0.5413184762001038,0.5574415326118469,-0.03841198980808258,0.5269723534584045,0.5739322900772095,-0.03719298169016838
0.6336520314216614,0.7441189289093018,-3.2839832897479937e-07,0.5856868624687195,0.6974363327026367,0.009840206243097782,0.5591403245925903,0.6474813222885132,0.007801481522619724,0.5375330448150635,0.6143441200256348,-0.00030868087196722627,0.5187469720840454,0.5874131917953491,-0.007195143029093742,0.6055102348327637,0.5787731409072876,0.0148170106112957,0.5754011273384094,0.522315502166748,-0.00022999010980129242,0.5421627759933472,0.5318479537963867,-0.012150825932621956,0.5284816026687622,0.5564057230949402,-0.018101172521710396,0.6153716444969177,0.5783054232597351,0.0006048261420801282,0.5765911340713501,0.5089540481567383,-0.012046797201037407,0.5392098426818848,0.5213717222213745,-0.019455188885331154,0.5264192819595337,0.5477838516235352,-0.02306717447936535,0.6172633767127991,0.5873591303825378,-0.01541493646800518,0.5778346061706543,0.5205649733543396,-0.026459190994501114,0.5403821468353271,0.5332903861999512,-0.028674891218543053,0.5272688865661621,0.560558021068573,-0.028685690835118294,0.608928382396698,0.6032518744468689,-0.031122900545597076,0.5726152062416077,0.554650604724884,-0.037548694759607315,0.5431604385375977,0.5576780438423157,-0.03673115372657776,0.5303242206573486,0.5749952793121338,-0.03511231765151024
0.6345614194869995,0.7449450492858887,-3.4864581266447203e-07,0.5859464406967163,0.6987656354904175,0.01168371457606554,0.5599170923233032,0.6484641432762146,0.009963060729205608,0.538358747959137,0.6162849068641663,0.001845736289396882,0.5182993412017822,0.5909611582756042,-0.005405164323747158,0.6069427132606506,0.579380989074707,0.013827243819832802,0.5758988261222839,0.5222955942153931,-0.001451672986149788,0.5423486232757568,0.532237708568573,-0.013154159300029278,0.5285078883171082,0.5573186874389648,-0.018914494663476944,0.6169503331184387,0.5794837474822998,-0.0015235408209264278,0.5770118832588196,0.5088611245155334,-0.014636128209531307,0.5389544367790222,0.5227212309837341,-0.021828871220350266,0.5262964367866516,0.5507798194885254,-0.025174742564558983,0.6184223294258118,0.5895557403564453,-0.018369536846876144,0.5780740976333618,0.5224558115005493,-0.029445409774780273,0.540077805519104,0.5359684824943542,-0.03163019195199013,0.5269086360931396,0.5634083151817322,-0.03164795786142349,0.6093456745147705,0.6064140796661377,-0.034693971276283264,0.5726034641265869,0.5565792322158813,-0.04111279174685478,0.5423531532287598,0.5598899722099304,-0.040363237261772156,0.52872234582901,0.5776554346084595,-0.03886433690786362
0.6358030438423157,0.7480413317680359,-3.565514816727955e-07,0.5871308445930481,0.7012625932693481,0.011086391285061836,0.5609132647514343,0.6503133773803711,0.0091820964589715,0.5387395620346069,0.617075502872467,0.0007937884656712413,0.5181033611297607,0.5909398198127747,-0.00666032824665308,0.6073451042175293,0.581264078617096,0.015466687269508839,0.5768536925315857,0.5244513154029846,-0.00022271869238466024,0.5434625744819641,0.5342393517494202,-0.01244219858199358,0.5299865007400513,0.5596627593040466,-0.018538102507591248,0.6178426146507263,0.5806492567062378,5.939926631981507e-05,0.5786508321762085,0.5111433267593384,-0.013661553151905537,0.5405474901199341,0.5250466465950012,-0.02141711115837097,0.5273411870002747,0.553277850151062,-0.024920489639043808,0.6199914216995239,0.5901743173599243,-0.01715800352394581,0.579423189163208,0.5236284732818604,-0.029142118990421295,0.5413163304328918,0.537894606590271,-0.0316641591489315,0.5278792381286621,0.5656813383102417,-0.03162681311368942,0.6115484237670898,0.6070175170898438,-0.03392455726861954,0.5724427103996277,0.5605673789978027,-0.041205812245607376,0.5422874093055725,0.5647857785224915,-0.04091009125113487,0.5293694734573364,0.5819565057754517,-0.03954411298036575
0.6366956830024719,0.749531626701355,-3.665443557565595e-07,0.5868353247642517,0.7017081379890442,0.013057494536042213,0.5604792237281799,0.6502052545547485,0.011569197289645672,0.5386742949485779,0.617608368396759,0.0032484198454767466,0.5187130570411682,0.592069149017334,-0.004187102895230055,0.6078037023544312,0.5804047584533691,0.015049072913825512,0.576240599155426,0.5222081542015076,-0.0005252051050774753,0.5425758361816406,0.5335310697555542,-0.012288323603570461,0.5293932557106018,0.5599125623703003,-0.018051590770483017,0.6178523302078247,0.5808590054512024,-0.0013317321427166462,0.5769386887550354,0.5106222629547119,-0.01474506314843893,0.5390534400939941,0.5273450613021851,-0.02179541066288948,0.5275509357452393,0.5567589402198792,-0.024882620200514793,0.6197009086608887,0.5911343097686768,-0.019192716106772423,0.5782323479652405,0.5250721573829651,-0.030134225264191628,0.540387749671936,0.5407773852348328,-0.03181248903274536,0.5280295014381409,0.5688725709915161,-0.031526047736406326,0.6112472414970398,0.60822594165802,-0.03649463877081871,0.5727267265319824,0.5604962110519409,-0.042720530182123184,0.5423009991645813,0.5650771856307983,-0.04171925038099289,0.5293397903442383,0.5830304622650146,-0.040016453713178635
0.6368896961212158,0.7510662078857422,-3.5690908362084883e-07,0.5867676734924316,0.7028183341026306,0.011362024582922459,0.5602589845657349,0.6502399444580078,0.009413913823664188,0.5384530425071716,0.6169031262397766,0.0009293100447393954,0.5179052948951721,0.5913592576980591,-0.0065672071650624275,0.6080415844917297,0.580978512763977,0.014248671010136604,0.5769275426864624,0.5229004621505737,-0.0017553282668814063,0.5430998802185059,0.5343461036682129,-0.013806425034999847,0.5305405855178833,0.5612093806266785,-0.019704213365912437,0.6179866194725037,0.5816253423690796,-0.0013521441724151373,0.5783475041389465,0.5105730295181274,-0.01521026436239481,0.5402615070343018,0.5268429517745972,-0.02247050404548645,0.5289281606674194,0.5560067892074585,-0.025621693581342697,0.6198691725730896,0.5921210646629333,-0.01864314265549183,0.5794451832771301,0.524324893951416,-0.03052580915391445,0.5413798689842224,0.5404040217399597,-0.03263694792985916,0.529571533203125,0.5692816376686096,-0.03237900510430336,0.611440122127533,0.6094569563865662,-0.03546730428934097,0.5731496214866638,0.5605276823043823,-0.04256632924079895,0.5424742698669434,0.5652026534080505,-0.041964124888181686,0.5299657583236694,0.5836989879608154,-0.04037059098482132
0.6361902356147766,0.7502481341362,-3.5014355148632603e-07,0.5869909524917603,0.7031992077827454,0.010171503759920597,0.561107873916626,0.6514893770217896,0.007709894794970751,0.5393747687339783,0.618014931678772,-0.0008161927107721567,0.5185572504997253,0.592437744140625,-0.008315357379615307,0.6086286306381226,0.5816507339477539,0.0125193502753973,0.57826167345047,0.5231504440307617,-0.003613089444115758,0.5438741445541382,0.5325331687927246,-0.0156746506690979,0.5303156971931458,0.55802321434021,-0.021581225097179413,0.6184951663017273,0.5821183323860168,-0.0022078929468989372,0.5789493322372437,0.5109251737594604,-0.0160467941313982,0.5403269529342651,0.525406002998352,-0.023267678916454315,0.5281291007995605,0.5540285706520081,-0.026511462405323982,0.6201057434082031,0.5926334857940674,-0.018631791695952415,0.5800879597663879,0.5244288444519043,-0.03034953959286213,0.5416153073310852,0.5376425385475159,-0.03262682259082794,0.5287121534347534,0.5651320815086365,-0.03261894732713699,0.6111385226249695,0.6101102828979492,-0.03467252850532532,0.5734884142875671,0.5609314441680908,-0.04166506230831146,0.5431666374206543,0.5634647011756897,-0.041338466107845306,0.5302383303642273,0.5801733136177063,-0.04005177691578865
0.6370676159858704,0.7513505220413208,-3.403621349207242e-07,0.5883742570877075,0.7042260766029358,0.008772455155849457,0.5619006156921387,0.6533992886543274,0.005919212009757757,0.5400760173797607,0.620290994644165,-0.00278181629255414,0.519719123840332,0.5950208902359009,-0.010255270637571812,0.6089615821838379,0.5832785964012146,0.012232009321451187,0.5790170431137085,0.5251266360282898,-0.004281673580408096,0.5451028347015381,0.5345370769500732,-0.016798535361886024,0.5318194627761841,0.5600326061248779,-0.02304159849882126,0.6186609864234924,0.5832630395889282,-0.0018927084747701883,0.5801955461502075,0.5122098326683044,-0.016108745709061623,0.542184591293335,0.5263541340827942,-0.023767510429024696,0.5299714207649231,0.5540034770965576,-0.027272721752524376,0.6203885078430176,0.593138575553894,-0.017903663218021393,0.5812373161315918,0.525158166885376,-0.030181504786014557,0.5432490110397339,0.5391932129859924,-0.03278319165110588,0.5305234789848328,0.5672416090965271,-0.032781269401311874,0.6116420030593872,0.6102844476699829,-0.03365562856197357,0.5742341876029968,0.5623989701271057,-0.04097874090075493,0.543843686580658,0.565354585647583,-0.04089230298995972,0.5307970643043518,0.582314133644104,-0.03967314586043358
0.6377238631248474,0.752732515335083,-3.426850128107617e-07,0.5884299874305725,0.7057162523269653,0.009326128289103508,0.5617722868919373,0.6533534526824951,0.007054771296679974,0.540781557559967,0.6199889779090881,-0.0012395639205351472,0.5213443636894226,0.593600869178772,-0.008354803547263145,0.6066363453865051,0.5829070806503296,0.012630188837647438,0.5777096152305603,0.5247918367385864,-0.0040227374993264675,0.5440031886100769,0.5353724956512451,-0.016454240307211876,0.5318170785903931,0.5617942214012146,-0.02261848747730255,0.6170140504837036,0.5834327936172485,-0.002011985285207629,0.5799722075462341,0.5126469731330872,-0.01638716459274292,0.5417785048484802,0.5276076197624207,-0.024014336988329887,0.5303454399108887,0.5559996962547302,-0.027418455109000206,0.6199578642845154,0.5939117074012756,-0.018573781475424767,0.582065224647522,0.5253108143806458,-0.031145447865128517,0.5434283018112183,0.5396613478660583,-0.03399142995476723,0.5310708284378052,0.5680736303329468,-0.034110523760318756,0.6129227876663208,0.6118248701095581,-0.034839387983083725,0.5760156512260437,0.5625646114349365,-0.04260668903589249,0.5452100038528442,0.5660209059715271,-0.04277830943465233,0.5327190160751343,0.5837716460227966,-0.04166635125875473
0.6374303102493286,0.7536092400550842,-3.3614605854381807e-07,0.5900149941444397,0.7063484191894531,0.007915668189525604,0.5631300210952759,0.6552866697311401,0.004972600843757391,0.5413157939910889,0.622503399848938,-0.003484070999547839,0.5215463042259216,0.5967409610748291,-0.010696579702198505,0.6103822588920593,0.5854541659355164,0.010638556443154812,0.5802472233772278,0.5266944169998169,-0.0062324972823262215,0.5461491942405701,0.535548210144043,-0.018785832449793816,0.5327926874160767,0.5599415898323059,-0.024973278865218163,0.6201122999191284,0.5856974720954895,-0.0028662325348705053,0.581365168094635,0.5141437649726868,-0.017477013170719147,0.5430004000663757,0.5283483266830444,-0.02518303506076336,0.5306505560874939,0.5562262535095215,-0.02861161157488823,0.6219585537910461,0.5962436199188232,-0.018230939283967018,0.5833477973937988,0.5287211537361145,-0.030620422214269638,0.5448001027107239,0.5411613583564758,-0.03340785577893257,0.5313451290130615,0.5678281784057617,-0.033439185470342636,0.613459050655365,0.6147447228431702,-0.033390242606401443,0.5782462954521179,0.5654752850532532,-0.04063069075345993,0.5478855967521667,0.5667179226875305,-0.04066766798496246,0.5343071222305298,0.5822026133537292,-0.03954622521996498
0.6398444175720215,0.7558392286300659,-3.2348950185223657e-07,0.5921844244003296,0.7078247666358948,0.007861173711717129,0.5648745894432068,0.6559199094772339,0.005283620674163103,0.5422810912132263,0.6220182180404663,-0.002917887642979622,0.5227615237236023,0.5949746370315552,-0.009943824261426926,0.6116989254951477,0.5861034989356995,0.013837671838700771,0.5836331844329834,0.5298410654067993,-0.002282895613461733,0.5498953461647034,0.5352987051010132,-0.01514420099556446,0.5338783264160156,0.5569124221801758,-0.021649958565831184,0.6223966479301453,0.5864298343658447,0.00039168339571915567,0.585167407989502,0.5165582895278931,-0.013567835092544556,0.5469147562980652,0.5265588760375977,-0.021935172379016876,0.5316087603569031,0.5523808002471924,-0.02587144821882248,0.6246790289878845,0.596907377243042,-0.015161002054810524,0.5868199467658997,0.5307074189186096,-0.027295997366309166,0.5482831597328186,0.5404961705207825,-0.03083016537129879,0.5320387482643127,0.5660490393638611,-0.031314026564359665,0.6160085797309875,0.6152025461196899,-0.030556000769138336,0.5808206796646118,0.5664152503013611,-0.037424832582473755,0.5512513518333435,0.5667752027511597,-0.037622760981321335,0.5359677076339722,0.5817074775695801,-0.03664778545498848
0.6407159566879272,0.7575371861457825,-3.3802061238930037e-07,0.5932050347328186,0.7105950713157654,0.00923415832221508,0.5659610033035278,0.6568292379379272,0.006711234338581562,0.5436590313911438,0.6215059161186218,-0.001761302468366921,0.5225710868835449,0.5939230918884277,-0.009036603383719921,0.6115595698356628,0.5884640216827393,0.012160545215010643,0.5832045078277588,0.5282185077667236,-0.0050389948301017284,0.5486522912979126,0.5349676609039307,-0.01758912019431591,0.5344023108482361,0.558557391166687,-0.02357323467731476,0.6224005222320557,0.5891845226287842,-0.0025228559970855713,0.5852668285369873,0.5163761973381042,-0.01761975884437561,0.5462152361869812,0.5288603901863098,-0.02506917156279087,0.5333824753761292,0.5563040375709534,-0.02795308083295822,0.6250303983688354,0.5995186567306519,-0.019139738753437996,0.5866450071334839,0.5304664969444275,-0.03213553875684738,0.5474923253059387,0.5429989099502563,-0.03449970856308937,0.534002423286438,0.5698209404945374,-0.033939000219106674,0.6175999641418457,0.6171337366104126,-0.03544549271464348,0.5809987187385559,0.5664791464805603,-0.04328954964876175,0.5502870678901672,0.568748950958252,-0.043109163641929626,0.5370235443115234,0.5854767560958862,-0.04155009612441063
0.6404104232788086,0.7565662860870361,-3.4404550319777627e-07,0.5917348861694336,0.7079335451126099,0.010294047184288502,0.5648069977760315,0.6548704504966736,0.007804165128618479,0.5433576703071594,0.6204173564910889,-0.0010968323331326246,0.5239760875701904,0.5919462442398071,-0.008831261657178402,0.610167384147644,0.5858020186424255,0.012869471684098244,0.581895112991333,0.5263863205909729,-0.004776874557137489,0.5479283928871155,0.5353054404258728,-0.017546987161040306,0.5351396799087524,0.5603356957435608,-0.023638898506760597,0.6213120222091675,0.5870998501777649,-0.0028141208458691835,0.584306538105011,0.5150301456451416,-0.018120506778359413,0.5458965301513672,0.5298659205436707,-0.025492560118436813,0.5347240567207336,0.5580445528030396,-0.028352074325084686,0.6247606873512268,0.5982100963592529,-0.020420463755726814,0.5860547423362732,0.5302390456199646,-0.03364826366305351,0.5474913716316223,0.5456857085227966,-0.03544878587126732,0.5356988906860352,0.573767364025116,-0.034493450075387955,0.6183037757873535,0.6169362664222717,-0.03768586739897728,0.5808993577957153,0.5668927431106567,-0.04564238339662552,0.5500597357749939,0.570210874080658,-0.04497566446661949,0.537808358669281,0.5872937440872192,-0.04302867874503136
0.6409449577331543,0.7565358877182007,-3.47437833170261e-07,0.5915629863739014,0.7089980244636536,0.009693888947367668,0.5652837753295898,0.6555010080337524,0.0074811456725001335,0.5431569814682007,0.6204656362533569,-0.0007995917112566531,0.5225294828414917,0.5933003425598145,-0.007900632917881012,0.6136245131492615,0.586532711982727,0.013410822488367558,0.5842995047569275,0.5276777744293213,-0.002736777998507023,0.5498355031013489,0.5357156991958618,-0.014820229262113571,0.5359469652175903,0.559657633304596,-0.020721720531582832,0.6239258646965027,0.5870959162712097,-0.0011440459638834,0.585543692111969,0.515609622001648,-0.014761658385396004,0.5464587807655334,0.5297648310661316,-0.021595299243927002,0.5342695116996765,0.5570176243782043,-0.024605346843600273,0.6260709166526794,0.5976967811584473,-0.017584647983312607,0.5872595906257629,0.5293191075325012,-0.029643233865499496,0.5482988357543945,0.5435688495635986,-0.031483083963394165,0.5356621146202087,0.571148157119751,-0.03095351904630661,0.6175805926322937,0.6155263781547546,-0.033730898052453995,0.580949604511261,0.5657634139060974,-0.040723469108343124,0.5502604246139526,0.5693233609199524,-0.04005331173539162,0.5375522375106812,0.58710116147995,-0.038460999727249146
0.6416977643966675,0.7583065032958984,-3.5643657270156837e-07,0.5934246778488159,0.7106389999389648,0.011478310450911522,0.5668931603431702,0.6565905809402466,0.009432097896933556,0.5446404218673706,0.6214741468429565,0.0008193379617296159,0.523074209690094,0.5948426723480225,-0.006793117616325617,0.6140506863594055,0.5865980982780457,0.01454003807157278,0.584778904914856,0.5270349383354187,-0.0018265079706907272,0.5503811240196228,0.5354928374290466,-0.013918997719883919,0.5363808870315552,0.5599292516708374,-0.019693056121468544,0.6241459846496582,0.5875673890113831,-0.0012710150331258774,0.5859048962593079,0.5151447057723999,-0.015096290037035942,0.546923041343689,0.5294932126998901,-0.02175363339483738,0.5346127152442932,0.5575702786445618,-0.024338018149137497,0.6262765526771545,0.5982999801635742,-0.018885141238570213,0.5874668955802917,0.5298613905906677,-0.03050219640135765,0.5482012033462524,0.5436878800392151,-0.03201301395893097,0.5349395275115967,0.5709726810455322,-0.03126412630081177,0.6184776425361633,0.6160410642623901,-0.03612179309129715,0.582252025604248,0.5655047297477722,-0.04273413121700287,0.5510886311531067,0.5682163238525391,-0.04183700680732727,0.5375236868858337,0.5854283571243286,-0.04002444073557854
0.6424150466918945,0.760440468788147,-3.631454035257775e-07,0.5939830541610718,0.7125509977340698,0.011171639896929264,0.5677996277809143,0.6581922173500061,0.008982056751847267,0.5452762842178345,0.6229413747787476,0.00042682242929004133,0.5234044194221497,0.5965182185173035,-0.007133795414119959,0.616084635257721,0.5874242782592773,0.013350430876016617,0.5859342813491821,0.5271442532539368,-0.003219588426873088,0.5510210990905762,0.5355475544929504,-0.015540800988674164,0.5363231301307678,0.559684693813324,-0.021468233317136765,0.6258126497268677,0.5885093808174133,-0.002133528236299753,0.5862204432487488,0.5153937935829163,-0.016353018581867218,0.5470100045204163,0.5300422310829163,-0.023438207805156708,0.5341619253158569,0.5585266351699829,-0.026217304170131683,0.6273812651634216,0.5994936227798462,-0.019274622201919556,0.5875237584114075,0.5313564538955688,-0.030767614021897316,0.5486919283866882,0.5447590351104736,-0.032414115965366364,0.5351312160491943,0.5715794563293457,-0.03170085698366165,0.6189515590667725,0.6174777150154114,-0.036044489592313766,0.5829209685325623,0.5664244294166565,-0.042222194373607635,0.5521273612976074,0.5675727725028992,-0.041177161037921906,0.538067102432251,0.5834069848060608,-0.03924580663442612
0.6432730555534363,0.7591769099235535,-3.6687166016236006e-07,0.5935368537902832,0.7107228636741638,0.011971564963459969,0.5678348541259766,0.6570260524749756,0.00944739580154419,0.5459939241409302,0.6224004626274109,0.00029318846645765007,0.524793267250061,0.5955796241760254,-0.007895538583397865,0.6141533255577087,0.5860965847969055,0.012574899010360241,0.5841429829597473,0.5248029232025146,-0.004459681920707226,0.5493361353874207,0.5357677936553955,-0.016757821664214134,0.5362867116928101,0.5619215369224548,-0.022656990215182304,0.6245792508125305,0.5874917507171631,-0.0036580439191311598,0.5845528841018677,0.5139692425727844,-0.018179522827267647,0.5454885959625244,0.5311849117279053,-0.024904834106564522,0.534965991973877,0.5609185099601746,-0.027531219646334648,0.6269427537918091,0.5990046262741089,-0.02147446572780609,0.5868939757347107,0.5304511189460754,-0.03303252160549164,0.5478554368019104,0.5461336374282837,-0.033991340547800064,0.5360089540481567,0.5742812752723694,-0.033054329454898834,0.6194336414337158,0.617206335067749,-0.03887240216135979,0.5828798413276672,0.5674823522567749,-0.045157454907894135,0.5516458749771118,0.5699506998062134,-0.04382992535829544,0.5386958718299866,0.5862604975700378,-0.04179413989186287
0.6418030858039856,0.7579994201660156,-3.5850041513185715e-07,0.5921076536178589,0.7077897191047668,0.0120024299249053,0.5663394331932068,0.6548675298690796,0.009944221004843712,0.54393070936203,0.6203910708427429,0.0010541350347921252,0.5227934122085571,0.5931833386421204,-0.006968915928155184,0.6132421493530273,0.5860766172409058,0.016284527257084846,0.58367520570755,0.5267291069030762,0.0002707903040573001,0.5494111776351929,0.5364922881126404,-0.012074293568730354,0.5352447032928467,0.5613557696342468,-0.018181834369897842,0.6240070462226868,0.5868034362792969,9.297428914578632e-05,0.5855980515480042,0.5145870447158813,-0.013544746674597263,0.546796441078186,0.528860330581665,-0.020868828520178795,0.5338391661643982,0.5568401217460632,-0.02422853372991085,0.6267590522766113,0.5976471304893494,-0.017918067052960396,0.5876387357711792,0.5289773344993591,-0.029354402795433998,0.5492218732833862,0.5439080595970154,-0.03110041283071041,0.5360554456710815,0.5717813372612,-0.03080323524773121,0.6192532777786255,0.6152173280715942,-0.03553496301174164,0.5809985995292664,0.566353976726532,-0.0419333390891552,0.5509254336357117,0.5707610845565796,-0.040935587137937546,0.5385621786117554,0.5879715085029602,-0.03928893432021141
0.6416200399398804,0.7574771642684937,-3.464377016371145e-07,0.5919961929321289,0.7084014415740967,0.010591024532914162,0.5657114386558533,0.6546698212623596,0.008272361010313034,0.5438739657402039,0.6196815371513367,-0.0004396834992803633,0.5238011479377747,0.5924559235572815,-0.007963025942444801,0.6122094988822937,0.586522102355957,0.014614949002861977,0.5841460824012756,0.526961088180542,-0.0017834388418123126,0.5499252080917358,0.5359593629837036,-0.014060622081160545,0.5360487699508667,0.560993492603302,-0.020028086379170418,0.6226579546928406,0.5872915983200073,-0.000800656620413065,0.5856047868728638,0.5145344734191895,-0.014861546456813812,0.5471718311309814,0.5284736752510071,-0.021906740963459015,0.5347492694854736,0.5568335056304932,-0.024758005514740944,0.6256023645401001,0.5976030826568604,-0.01815231330692768,0.5872458815574646,0.5296025276184082,-0.029762092977762222,0.5488333702087402,0.5433953404426575,-0.03157937526702881,0.5356698036193848,0.5708824992179871,-0.03116104006767273,0.6187887787818909,0.6147288680076599,-0.035252589732408524,0.5815916657447815,0.5672668814659119,-0.04184295982122421,0.5513533353805542,0.5703058838844299,-0.04125051200389862,0.5384811758995056,0.5866743326187134,-0.03976147994399071
0.6404164433479309,0.7573610544204712,-3.4094389889105514e-07,0.5919297337532043,0.7077913880348206,0.009820114821195602,0.5658908486366272,0.654864490032196,0.007158835884183645,0.5434519052505493,0.6200170516967773,-0.00176582473795861,0.5227295160293579,0.5926123857498169,-0.00947428960353136,0.6134307384490967,0.5880097150802612,0.014456899836659431,0.584564745426178,0.528839647769928,-0.0021855756640434265,0.55040442943573,0.5368010401725769,-0.014789413660764694,0.5365262031555176,0.5606719255447388,-0.02100851759314537,0.6235917806625366,0.5885081887245178,-0.0005882462137378752,0.5863963961601257,0.5155990719795227,-0.015059896744787693,0.5477573871612549,0.5288528203964233,-0.02256053127348423,0.5349852442741394,0.5562459826469421,-0.025765435770154,0.6261000633239746,0.5987651944160461,-0.017639541998505592,0.5884390473365784,0.5296494960784912,-0.02966022863984108,0.5492028594017029,0.5422781109809875,-0.031866710633039474,0.5350720882415771,0.5689194798469543,-0.031631190329790115,0.6183874607086182,0.6163445115089417,-0.03449366241693497,0.582466185092926,0.5679934024810791,-0.041395172476768494,0.5512805581092834,0.5689747333526611,-0.04129691421985626,0.5370121598243713,0.5836256146430969,-0.04017028957605362
0.6411632299423218,0.7556780576705933,-3.3738007232386735e-07,0.5932263135910034,0.7080587148666382,0.008834147825837135,0.566465437412262,0.6560850739479065,0.0060469405725598335,0.5441564321517944,0.6219155788421631,-0.0027475650422275066,0.5236372351646423,0.5948948264122009,-0.010315564461052418,0.6119131445884705,0.5874297618865967,0.013053106144070625,0.5844124555587769,0.5288090705871582,-0.004014583770185709,0.5502366423606873,0.5358776450157166,-0.01682235486805439,0.5357584357261658,0.5596033334732056,-0.023099638521671295,0.6226083636283875,0.5880274176597595,-0.0014794435119256377,0.5865198373794556,0.5157239437103271,-0.016250692307949066,0.5478569269180298,0.5280534625053406,-0.02382892556488514,0.5347669720649719,0.5548672080039978,-0.027040837332606316,0.6257482767105103,0.598470151424408,-0.018094651401042938,0.5886993408203125,0.5299780964851379,-0.03066246584057808,0.5495659708976746,0.5421321988105774,-0.0331142358481884,0.5354388356208801,0.5685780644416809,-0.0328817218542099,0.6188734769821167,0.6162978410720825,-0.034536756575107574,0.5833302736282349,0.5667085647583008,-0.04187868908047676,0.5522106885910034,0.5681669116020203,-0.04177206754684448,0.5379894971847534,0.5837006568908691,-0.04053645581007004
0.6410235166549683,0.7570562362670898,-3.363899736541498e-07,0.5931249260902405,0.7089186310768127,0.009518918581306934,0.5669878721237183,0.6559069752693176,0.006842375732958317,0.5450502634048462,0.6219433546066284,-0.0020675465930253267,0.5250071883201599,0.5945649743080139,-0.009794759564101696,0.6122275590896606,0.5876620411872864,0.01336251012980938,0.5841158032417297,0.528511643409729,-0.0037273101042956114,0.5503736138343811,0.5365647077560425,-0.016359295696020126,0.5374277234077454,0.5612776875495911,-0.022461986169219017,0.6227052211761475,0.5886090397834778,-0.0018139410531148314,0.5863642692565918,0.515788733959198,-0.01655728369951248,0.5477914214134216,0.5293385982513428,-0.02388310246169567,0.5359838604927063,0.5569352507591248,-0.026856867596507072,0.6256433725357056,0.5993527173995972,-0.019034305587410927,0.5889421701431274,0.5295071601867676,-0.0314447395503521,0.5497852563858032,0.5425684452056885,-0.03357553482055664,0.5367314219474792,0.5696608424186707,-0.033159803599119186,0.6185279488563538,0.6175972819328308,-0.03606065735220909,0.5831944942474365,0.5670024752616882,-0.0434991717338562,0.5521332025527954,0.5689212083816528,-0.043296389281749725,0.5388883352279663,0.5853944420814514,-0.041936006397008896
0.6417896151542664,0.7574698328971863,-3.5045439972236636e-07,0.5929839015007019,0.7086043357849121,0.01136098150163889,0.5669166445732117,0.6546933650970459,0.009691656567156315,0.5455207824707031,0.6202626824378967,0.0013881804188713431,0.5258223414421082,0.5930200219154358,-0.005870360881090164,0.61191725730896,0.5870885252952576,0.015202108770608902,0.5841077566146851,0.5275092124938965,-0.0012743674451485276,0.5502193570137024,0.5358565449714661,-0.013451549224555492,0.5374994277954102,0.5608925819396973,-0.01934240572154522,0.6227328181266785,0.5881561040878296,-0.000942050653975457,0.5862447619438171,0.5152163505554199,-0.015052121132612228,0.5476869344711304,0.5290517210960388,-0.021971646696329117,0.5364221334457397,0.5569137930870056,-0.024796299636363983,0.6261036396026611,0.5989533066749573,-0.019046930596232414,0.5890637636184692,0.5286170840263367,-0.031099669635295868,0.5499372482299805,0.5417512655258179,-0.032980192452669144,0.5374443531036377,0.56905198097229,-0.03255058079957962,0.6195055246353149,0.6171205639839172,-0.03682825714349747,0.5829787850379944,0.5670114755630493,-0.044238440692424774,0.5518369674682617,0.5691800117492676,-0.043952036648988724,0.5390883088111877,0.5858769416809082,-0.042602937668561935
0.6412955522537231,0.7570170164108276,-3.3402142207705765e-07,0.593420147895813,0.707874059677124,0.009831083007156849,0.5670851469039917,0.6547992825508118,0.007688410580158234,0.5452392101287842,0.6204572319984436,-0.0006650254363194108,0.5252928733825684,0.5936683416366577,-0.007841579616069794,0.6132193207740784,0.589009702205658,0.0143163176253438,0.5856496095657349,0.529483437538147,-0.0022828755900263786,0.5519747138023376,0.5353489518165588,-0.014842531643807888,0.5378571152687073,0.5576323866844177,-0.02110222727060318,0.6239319443702698,0.5895686149597168,-0.0008686660439707339,0.5877470374107361,0.5161106586456299,-0.015592418611049652,0.5492497682571411,0.5273463129997253,-0.023340635001659393,0.5359923839569092,0.5537434220314026,-0.026700371876358986,0.6270455121994019,0.5997864603996277,-0.01808502897620201,0.5900529026985168,0.5300350785255432,-0.03047708049416542,0.550960898399353,0.5408784747123718,-0.033177465200424194,0.5364208221435547,0.5664976239204407,-0.03321496397256851,0.6201794743537903,0.6174553632736206,-0.03508186712861061,0.5843670964241028,0.5679827928543091,-0.0424807146191597,0.5533356070518494,0.5678423643112183,-0.042748983949422836,0.5387852191925049,0.5818580985069275,-0.04188189283013344
0.6425331830978394,0.7576633095741272,-3.6241107181922416e-07,0.5921472907066345,0.7077205181121826,0.013621625490486622,0.5661866068840027,0.6531226634979248,0.012353784404695034,0.5447357296943665,0.6181928515434265,0.003810855792835355,0.5243390202522278,0.5911361575126648,-0.003889054525643587,0.612756073474884,0.5859546661376953,0.017019271850585938,0.5842916965484619,0.526691198348999,0.0008069531759247184,0.550581693649292,0.5360931158065796,-0.011225404217839241,0.537516713142395,0.5616189241409302,-0.016996802762150764,0.6237277388572693,0.5870923399925232,-0.0003827025939244777,0.5865806341171265,0.5147004127502441,-0.014397172257304192,0.5476862192153931,0.5301221013069153,-0.021223731338977814,0.536008894443512,0.5590398907661438,-0.023829616606235504,0.626926600933075,0.5980119705200195,-0.0195513553917408,0.5888928174972534,0.5293169021606445,-0.030967045575380325,0.5494930148124695,0.5442352294921875,-0.03234605863690376,0.5366369485855103,0.5718927979469299,-0.03166237846016884,0.6201333999633789,0.6161389946937561,-0.03826015070080757,0.5833204388618469,0.5669223070144653,-0.04478449746966362,0.5519473552703857,0.569919764995575,-0.043850235641002655,0.538794994354248,0.586391806602478,-0.04210846126079559
0.6431940197944641,0.7595860362052917,-3.507360020194028e-07,0.5933887362480164,0.709260106086731,0.010859190486371517,0.5673844218254089,0.6543771028518677,0.008926779963076115,0.5453157424926758,0.6188899278640747,0.0004531785089056939,0.5238904356956482,0.5921662449836731,-0.006916283164173365,0.613429844379425,0.5878835916519165,0.015424780547618866,0.5848833322525024,0.5285955667495728,-0.0012582916533574462,0.5509176850318909,0.5368654131889343,-0.01380983367562294,0.5374374985694885,0.5611273050308228,-0.01998940296471119,0.62425297498703,0.588587760925293,-0.00034111415152437985,0.5869550704956055,0.5159866809844971,-0.015093332156538963,0.5481240153312683,0.5298649072647095,-0.02266109362244606,0.535556435585022,0.5579314231872559,-0.025756297633051872,0.6273503303527832,0.599147379398346,-0.018105097115039825,0.5892337560653687,0.5296080112457275,-0.03052397072315216,0.5498558878898621,0.5427823066711426,-0.03285982087254524,0.5361788868904114,0.5696655511856079,-0.032528720796108246,0.6202475428581238,0.6171818375587463,-0.035556014627218246,0.5831747055053711,0.5678606629371643,-0.04284270480275154,0.5519323348999023,0.5690318942070007,-0.04272838681936264,0.5382234454154968,0.5840092897415161,-0.04146113991737366
0.6430269479751587,0.7596811056137085,-3.5977097923023393e-07,0.5933812260627747,0.7085691094398499,0.013021128252148628,0.5672687888145447,0.65397047996521,0.011181562207639217,0.5454842448234558,0.6189978122711182,0.002214376349002123,0.5247288942337036,0.5917407274246216,-0.005763521417975426,0.6140279173851013,0.5877872705459595,0.01596073992550373,0.5843854546546936,0.5273264050483704,-0.000978380674496293,0.5502451658248901,0.5369861125946045,-0.013354958966374397,0.5374156832695007,0.562512993812561,-0.01924297958612442,0.6245193481445312,0.5889042019844055,-0.001186781795695424,0.5859394073486328,0.5155220627784729,-0.015707913786172867,0.546938955783844,0.5317800641059875,-0.02254510298371315,0.5360327363014221,0.5609604716300964,-0.025156712159514427,0.6271765828132629,0.5994213819503784,-0.02013245038688183,0.588276743888855,0.530064582824707,-0.03188218176364899,0.5490999221801758,0.54583340883255,-0.03291236609220505,0.5373579859733582,0.5739855766296387,-0.031894948333501816,0.6199532747268677,0.6167181730270386,-0.03866256773471832,0.5826642513275146,0.5672049522399902,-0.04504242166876793,0.5516780018806458,0.5705384016036987,-0.043723590672016144,0.5397235751152039,0.5872872471809387,-0.041683316230773926
0.6424654126167297,0.7588965892791748,-3.591661084101361e-07,0.5921259522438049,0.7078794240951538,0.013174987398087978,0.5667629241943359,0.6535871028900146,0.011768266558647156,0.5454661250114441,0.6187323331832886,0.003375973319634795,0.5247412323951721,0.592656135559082,-0.0040839905850589275,0.6151140928268433,0.5877569317817688,0.015999361872673035,0.585115373134613,0.5268593430519104,2.997611090904684e-06,0.5505663156509399,0.5364916324615479,-0.01176804956048727,0.5374107360839844,0.5625600814819336,-0.01732126995921135,0.6254702806472778,0.5886531472206116,-0.0006392889190465212,0.5864523649215698,0.514880895614624,-0.014231915585696697,0.5468479990959167,0.5301218032836914,-0.020800571888685226,0.5353130102157593,0.5592332482337952,-0.023486874997615814,0.6275622844696045,0.599138617515564,-0.018944351002573967,0.5884116888046265,0.5295858383178711,-0.030295751988887787,0.5488482713699341,0.5448189973831177,-0.03165876492857933,0.536813497543335,0.5732861161231995,-0.031022410839796066,0.6192219257354736,0.6161704063415527,-0.03673833608627319,0.5819002389907837,0.5663549900054932,-0.04297247529029846,0.5509141087532043,0.5704731941223145,-0.04171767830848694,0.5391011238098145,0.5885565280914307,-0.039820700883865356
0.6434326171875,0.7588790655136108,-3.550505596194853e-07,0.5933288335800171,0.7077798247337341,0.012142371386289597,0.567169189453125,0.6543874740600586,0.010177789255976677,0.545341432094574,0.6192126274108887,0.0013936249306425452,0.5252590775489807,0.5922382473945618,-0.0063603720627725124,0.6155850887298584,0.5876291990280151,0.015986211597919464,0.5862793922424316,0.5277094841003418,-2.647125074872747e-05,0.5517387986183167,0.5361912846565247,-0.01214124821126461,0.5367279052734375,0.561192512512207,-0.017970221117138863,0.625930905342102,0.5885311961174011,-0.00022530491696670651,0.5878766775131226,0.5147578120231628,-0.013876172713935375,0.5484607219696045,0.5284362435340881,-0.02090907096862793,0.5345478057861328,0.5567449331283569,-0.02384825423359871,0.628074586391449,0.5987136363983154,-0.01823631301522255,0.5892040133476257,0.529532790184021,-0.029526762664318085,0.550019383430481,0.5437465310096741,-0.03133363649249077,0.535944938659668,0.5718053579330444,-0.03093632310628891,0.6197091341018677,0.6155904531478882,-0.03584966063499451,0.5820908546447754,0.5662990212440491,-0.04207488149404526,0.5512744188308716,0.5693703293800354,-0.0412038154900074,0.5377119779586792,0.5864105820655823,-0.03957980126142502
0.6431340575218201,0.7596580982208252,-3.612406658248801e-07,0.5936746597290039,0.710197389125824,0.011160649359226227,0.5682122707366943,0.6579843163490295,0.008486984297633171,0.5465444922447205,0.6233407258987427,-0.0005805884720757604,0.5267032980918884,0.5963018536567688,-0.008719038218259811,0.6173031330108643,0.5883055329322815,0.012850013561546803,0.5853673219680786,0.529574990272522,-0.0035057049244642258,0.5511324405670166,0.5390939116477966,-0.015856383368372917,0.5370352864265442,0.5647230744361877,-0.021894186735153198,0.6274691820144653,0.5891323089599609,-0.0026323541533201933,0.5862780809402466,0.5172901153564453,-0.01625497080385685,0.5472158789634705,0.5307029485702515,-0.023389644920825958,0.5340538620948792,0.5592190623283386,-0.02676648460328579,0.6290702819824219,0.5999855995178223,-0.019747082144021988,0.5878339409828186,0.5316431522369385,-0.03122643195092678,0.5487766265869141,0.545347273349762,-0.03315357118844986,0.5351253151893616,0.573275625705719,-0.03306784853339195,0.619742214679718,0.618074893951416,-0.03642352297902107,0.580937385559082,0.5698394775390625,-0.04320520907640457,0.5504614114761353,0.5734835267066956,-0.042505960911512375,0.5374101400375366,0.5909147262573242,-0.04100312665104866
0.6451950669288635,0.7638164758682251,-3.568579245438741e-07,0.5955520868301392,0.7139347195625305,0.01167531032115221,0.5695035457611084,0.6624611616134644,0.009003710933029652,0.5477985739707947,0.6279386878013611,-0.0002462221309542656,0.5281249284744263,0.6021384000778198,-0.0086165526881814,0.6169599890708923,0.5914384126663208,0.01343645341694355,0.5858622193336487,0.532925009727478,-0.0025962444487959146,0.5515155792236328,0.5419397950172424,-0.01474793627858162,0.5367835164070129,0.5668346881866455,-0.020798923447728157,0.627134382724762,0.5916251540184021,-0.002301613101735711,0.5869570374488831,0.5200242400169373,-0.01573752611875534,0.5479769110679626,0.5338684916496277,-0.02255209907889366,0.534231960773468,0.5620965957641602,-0.025558698922395706,0.6291967630386353,0.6026595234870911,-0.01968551054596901,0.5881823301315308,0.5366274118423462,-0.030569590628147125,0.5486332178115845,0.5502570867538452,-0.032241541892290115,0.5336890816688538,0.5776406526565552,-0.03203494846820831,0.6207504272460938,0.6217955350875854,-0.03666435927152634,0.5834476947784424,0.5748759508132935,-0.0425100140273571,0.5519675612449646,0.5772478580474854,-0.04158232733607292,0.5367714762687683,0.5931081771850586,-0.04007890075445175
0.6453384160995483,0.771540641784668,-3.6485792520579707e-07,0.5956858992576599,0.724602997303009,0.008859366178512573,0.5697217583656311,0.6712992191314697,0.006508147809654474,0.5492692589759827,0.6369228363037109,-0.001466912217438221,0.5302751064300537,0.6106925010681152,-0.008566317148506641,0.6160280108451843,0.5975236296653748,0.010730165988206863,0.5851065516471863,0.5395686030387878,-0.006111365742981434,0.5506291389465332,0.5483424663543701,-0.01879994384944439,0.5362861156463623,0.5722098350524902,-0.02519288845360279,0.6269896030426025,0.5979442596435547,-0.0033303203526884317,0.5872948169708252,0.5278490781784058,-0.01787419617176056,0.5480664968490601,0.5412112474441528,-0.025873465463519096,0.5344049334526062,0.568117082118988,-0.029688196256756783,0.6294975876808167,0.6098640561103821,-0.01915118470788002,0.5902935266494751,0.5419207811355591,-0.031796298921108246,0.5510717630386353,0.5537535548210144,-0.03516131639480591,0.5363606810569763,0.5802454948425293,-0.03569914773106575,0.6212162971496582,0.6306428909301758,-0.03459601849317551,0.5840810537338257,0.5824502110481262,-0.04202524945139885,0.5541495084762573,0.5838925242424011,-0.04224264249205589,0.5407120585441589,0.5989166498184204,-0.041294872760772705
0.6444575786590576,0.7718634605407715,-3.448098198077787e-07,0.5943336486816406,0.7211191058158875,0.010609337128698826,0.5685601234436035,0.6684268712997437,0.00856074970215559,0.5475870966911316,0.6349738836288452,0.00011284619540674612,0.5279980897903442,0.6084034442901611,-0.007603336125612259,0.6150981187820435,0.5978896617889404,0.014530655927956104,0.58688884973526,0.5403485894203186,-0.0022717618849128485,0.552573561668396,0.5480969548225403,-0.015454734675586224,0.5371545553207397,0.5707522630691528,-0.022284075617790222,0.6267591714859009,0.5992332100868225,-0.0010069292038679123,0.5885586738586426,0.5291728973388672,-0.015365082770586014,0.5497103333473206,0.5420829653739929,-0.023806987330317497,0.5359541177749634,0.5680269002914429,-0.028121858835220337,0.6301426291465759,0.6116560697555542,-0.01844966784119606,0.5912961363792419,0.5441948175430298,-0.030935190618038177,0.552607536315918,0.5573458075523376,-0.03373745456337929,0.5381242036819458,0.5838383436203003,-0.03410227596759796,0.6227653622627258,0.6323006749153137,-0.03553787246346474,0.5846927762031555,0.5847337245941162,-0.042763497680425644,0.5552406311035156,0.5877480506896973,-0.042404334992170334,0.5425132513046265,0.6028637290000916,-0.04122905060648918
0.6457109451293945,0.7735414505004883,-3.326568389638851e-07,0.5957677364349365,0.7217373847961426,0.009302088059484959,0.5690459609031677,0.6676717400550842,0.007069024723023176,0.5476657152175903,0.633295476436615,-0.0012824521400034428,0.527082085609436,0.6071446537971497,-0.008608445525169373,0.6147103905677795,0.5941829681396484,0.014615079388022423,0.5867729783058167,0.5394648313522339,-0.002216051332652569,0.5534177422523499,0.548040509223938,-0.015563622117042542,0.5390936732292175,0.5713267922401428,-0.022440172731876373,0.6264702677726746,0.5966256260871887,-0.00019647415319923311,0.5896806120872498,0.5292850732803345,-0.014589127153158188,0.5517972707748413,0.542711079120636,-0.022722944617271423,0.5380609631538391,0.5699253678321838,-0.02642698772251606,0.6301612257957458,0.6103456020355225,-0.017100118100643158,0.5924453735351562,0.5463228821754456,-0.02934892661869526,0.5543667078018188,0.5589399933815002,-0.03189205378293991,0.5397461652755737,0.5850338339805603,-0.03171354904770851,0.6234437227249146,0.6329861283302307,-0.033827051520347595,0.5870102643966675,0.5869824290275574,-0.0406435951590538,0.5581762790679932,0.5881954431533813,-0.040044818073511124,0.5452964305877686,0.6020390391349792,-0.03840811923146248
0.6451012492179871,0.7732464671134949,-3.419037852836482e-07,0.5953519344329834,0.7210685014724731,0.008686954155564308,0.5685386657714844,0.6666490435600281,0.006471030879765749,0.5471025705337524,0.6316115260124207,-0.0016437621088698506,0.5288270115852356,0.603003203868866,-0.008512604981660843,0.6166287660598755,0.5956251621246338,0.014433666132390499,0.5888925194740295,0.5391567945480347,-0.002663013059645891,0.5546211004257202,0.5482478141784668,-0.015935873612761497,0.540363609790802,0.5722988843917847,-0.022571828216314316,0.6283482313156128,0.5972374081611633,0.0003601671487558633,0.5915078520774841,0.5289749503135681,-0.014319569803774357,0.5529807806015015,0.543116569519043,-0.02248685620725155,0.5396732091903687,0.5705389976501465,-0.02607465162873268,0.6315836310386658,0.6096340417861938,-0.015879515558481216,0.5943577289581299,0.5448176860809326,-0.028485840186476707,0.5553731918334961,0.5571607947349548,-0.03134540840983391,0.5402564406394958,0.5833966135978699,-0.031215734779834747,0.6238823533058167,0.6306967735290527,-0.0319441556930542,0.5878472328186035,0.5847979784011841,-0.03893538564443588,0.5580658316612244,0.5854371190071106,-0.03880656510591507,0.543974757194519,0.5986610651016235,-0.03741217777132988
0.646366536617279,0.7722852826118469,-3.3050312708837737e-07,0.5979143381118774,0.7225205302238464,0.007750013377517462,0.5720297694206238,0.6699316501617432,0.005127123557031155,0.5513471364974976,0.6362214088439941,-0.003194146789610386,0.5334362387657166,0.6093367338180542,-0.010174746625125408,0.6186978220939636,0.5956368446350098,0.01317278016358614,0.5918629765510559,0.539694607257843,-0.004040150437504053,0.5572243928909302,0.546892523765564,-0.017373383045196533,0.5417434573173523,0.5695152282714844,-0.024043168872594833,0.6297950744628906,0.5970680117607117,-0.0005229495582170784,0.5938063263893127,0.5282719135284424,-0.015061488375067711,0.5551034808158875,0.539883017539978,-0.02306606061756611,0.5404879450798035,0.5664753913879395,-0.026551997289061546,0.6327642798423767,0.6094555258750916,-0.016442039981484413,0.5957783460617065,0.5450688600540161,-0.028833776712417603,0.5566837191581726,0.5557504892349243,-0.031781479716300964,0.5404183864593506,0.5809627175331116,-0.03177540376782417,0.6249540448188782,0.6308897733688354,-0.03230183199048042,0.5897825956344604,0.5843491554260254,-0.03921458125114441,0.559669017791748,0.5841881632804871,-0.03913608938455582,0.5442487001419067,0.5972286462783813,-0.03781886771321297
0.6482492685317993,0.7722484469413757,-3.426259240768559e-07,0.5981629490852356,0.7199852466583252,0.011791818775236607,0.5733104348182678,0.668780505657196,0.009721940383315086,0.5535373091697693,0.6358394622802734,0.0007051240536384284,0.5356518626213074,0.609168291091919,-0.007503727450966835,0.6189371347427368,0.5973044037818909,0.016276637092232704,0.5905712842941284,0.5402315855026245,-0.0010024546645581722,0.5566275119781494,0.5487261414527893,-0.014493070542812347,0.5427439212799072,0.5732325911521912,-0.021267598494887352,0.6304097175598145,0.5983946919441223,-0.00035031800507567823,0.5937311053276062,0.5275366306304932,-0.015174991451203823,0.5546902418136597,0.5404565334320068,-0.023472996428608894,0.5416985750198364,0.5683115124702454,-0.02723739854991436,0.6338403820991516,0.6103416681289673,-0.01896597072482109,0.5964376330375671,0.542043149471283,-0.03179612383246422,0.5567559003829956,0.5556423664093018,-0.03433290868997574,0.5429167747497559,0.5834891200065613,-0.03410518914461136,0.6263203620910645,0.6308016180992126,-0.03718174993991852,0.5890060663223267,0.5821481943130493,-0.044546063989400864,0.5579441785812378,0.5847983360290527,-0.04382126405835152,0.5445855855941772,0.6009929180145264,-0.04204665496945381
0.6477101445198059,0.7716659307479858,-3.5052480029662547e-07,0.5969923138618469,0.7192938923835754,0.011874550953507423,0.5715047121047974,0.6670273542404175,0.009863823652267456,0.5509542226791382,0.6324164271354675,0.0010202068369835615,0.5330542325973511,0.6048370599746704,-0.007001292426139116,0.6204243898391724,0.5956128239631653,0.016612371429800987,0.591562807559967,0.537982165813446,7.095512410160154e-05,0.5573715567588806,0.5463818907737732,-0.012994864024221897,0.541990339756012,0.5703258514404297,-0.0196148082613945,0.63185715675354,0.5970983505249023,0.00038847627001814544,0.5935167074203491,0.5270203351974487,-0.013735364191234112,0.5543295741081238,0.5402556657791138,-0.021799014881253242,0.5403153300285339,0.5675179362297058,-0.02564689703285694,0.6348413825035095,0.6091089248657227,-0.017758380621671677,0.5960827469825745,0.5420847535133362,-0.029782144352793694,0.5569471716880798,0.5555310249328613,-0.032145529985427856,0.5423575043678284,0.5826056003570557,-0.032140664756298065,0.6270168423652649,0.6290871500968933,-0.03551323711872101,0.5887644290924072,0.5828507542610168,-0.042352546006441116,0.5585371255874634,0.5856367349624634,-0.04172062501311302,0.5452395677566528,0.600399911403656,-0.04020671173930168
0.6491982340812683,0.7720915675163269,-3.6909767686665873e-07,0.5979155898094177,0.7209742665290833,0.012311434373259544,0.5720527172088623,0.6673658490180969,0.010609603486955166,0.5514312982559204,0.6329626441001892,0.002029179595410824,0.5337434411048889,0.6060166954994202,-0.005739184562116861,0.6205126643180847,0.5968846678733826,0.015614120289683342,0.5912908911705017,0.5371913909912109,-0.000765059667173773,0.5567412376403809,0.5473388433456421,-0.013275840319693089,0.5427730083465576,0.5730791687965393,-0.01964135654270649,0.6319274306297302,0.598360538482666,-0.0009162689093500376,0.5934453010559082,0.526276171207428,-0.015091958455741405,0.5538428425788879,0.5419207811355591,-0.02269539050757885,0.5415915250778198,0.5705538988113403,-0.026261277496814728,0.6350567936897278,0.6104474663734436,-0.0192294642329216,0.5966005325317383,0.5412405133247375,-0.031520944088697433,0.5567380785942078,0.5568809509277344,-0.033725306391716,0.5434648394584656,0.5853968858718872,-0.033674947917461395,0.6272934079170227,0.6302644610404968,-0.037068795412778854,0.5894894003868103,0.5819025635719299,-0.04444820433855057,0.5580783486366272,0.5864586234092712,-0.044029366225004196,0.5452069044113159,0.6037216186523438,-0.04270182549953461
