0,1,2,3,4,5,6,7,8,9,10,11,12,13,14,15,16,17,18,19,20,21,22,23,24,25,26,27,28,29,30,31,32,33,34,35,36,37,38,39,40,41,42,43,44,45,46,47,48,49,50,51,52,53,54,55,56,57,58,59,60,61,62
0.6498796343803406,0.7811537981033325,-3.491543907330197e-07,0.6005429029464722,0.731779932975769,0.007271450478583574,0.5742566585540771,0.6797384023666382,0.0037369041237980127,0.5543403625488281,0.6439533829689026,-0.005079359747469425,0.5373446345329285,0.6197622418403625,-0.012669555842876434,0.6199197769165039,0.604791522026062,0.00861182902008295,0.5910554528236389,0.5458227396011353,-0.00915689766407013,0.556675374507904,0.554199755191803,-0.0224603321403265,0.5407214760780334,0.5770636796951294,-0.029216216877102852,0.630102276802063,0.6070381999015808,-0.004652191884815693,0.5929346680641174,0.5375022888183594,-0.020036976784467697,0.5549086332321167,0.5500583052635193,-0.027923226356506348,0.540394127368927,0.5770376920700073,-0.031393200159072876,0.6326314210891724,0.6205089688301086,-0.01980762556195259,0.5949091911315918,0.5561219453811646,-0.03208469972014427,0.5556144714355469,0.5653238296508789,-0.03517971560359001,0.5383692383766174,0.5895195007324219,-0.03558668866753578,0.6254990100860596,0.6431056261062622,-0.03485831245779991,0.590372622013092,0.5964334011077881,-0.04176875203847885,0.5593529939651489,0.5933903455734253,-0.04220827296376228,0.5423740744590759,0.603073000907898,-0.041421957314014435
0.6506297588348389,0.7866494655609131,-3.708717315475951e-07,0.6012490391731262,0.7398461103439331,0.006314852274954319,0.572874903678894,0.6910816431045532,0.0011817666236311197,0.5518115758895874,0.6591570377349854,-0.009200137108564377,0.5349617004394531,0.6355546712875366,-0.018351297825574875,0.6184291243553162,0.6126748323440552,0.0026636633556336164,0.5853629112243652,0.5525854229927063,-0.017025714740157127,0.5481945872306824,0.5684568881988525,-0.031151412054896355,0.5348551869392395,0.5976433753967285,-0.03830492123961449,0.6276495456695557,0.6157619953155518,-0.010584124363958836,0.586668848991394,0.5463418960571289,-0.027561761438846588,0.5465409159660339,0.5662804841995239,-0.035694003105163574,0.535180389881134,0.597244381904602,-0.03953170031309128,0.6292469501495361,0.6305058002471924,-0.025425352156162262,0.5914197564125061,0.5626846551895142,-0.03896445780992508,0.5503305196762085,0.5782375335693359,-0.04184916242957115,0.5355967283248901,0.60870361328125,-0.042135827243328094,0.6217389106750488,0.654181957244873,-0.040063463151454926,0.5885468125343323,0.6031575798988342,-0.04826144874095917,0.5546929240226746,0.6042941212654114,-0.04873064532876015,0.5372664928436279,0.620646595954895,-0.04784282669425011
0.6482312679290771,0.7891801595687866,-3.9543209595649387e-07,0.5936341881752014,0.7406313419342041,0.007364676333963871,0.5619608163833618,0.6900678277015686,0.0035938555374741554,0.5422040224075317,0.6554916501045227,-0.0057654185220599174,0.5294656753540039,0.6323415040969849,-0.014009530656039715,0.6045573353767395,0.6120021939277649,0.007352361921221018,0.5711979866027832,0.5601350665092468,-0.011851508170366287,0.5362368226051331,0.5803025960922241,-0.026282284408807755,0.5224742889404297,0.6094228625297546,-0.03369012847542763,0.6170617341995239,0.6162590384483337,-0.00636747432872653,0.5750524401664734,0.5573998689651489,-0.022587424144148827,0.5364112854003906,0.5810850262641907,-0.030464477837085724,0.5249861478805542,0.6123276948928833,-0.03387674689292908,0.6229753494262695,0.6325947642326355,-0.021983671933412552,0.5831986665725708,0.5779374241828918,-0.03484361618757248,0.5438521504402161,0.5971350073814392,-0.037427764385938644,0.5295568704605103,0.6264700293540955,-0.037273507565259933,0.621290922164917,0.6583155989646912,-0.037575095891952515,0.5879854559898376,0.6169918775558472,-0.04476822167634964,0.5564035773277283,0.6207568049430847,-0.04469762369990349,0.5404469966888428,0.6359764933586121,-0.04326337203383446
0.6458218693733215,0.7999053001403809,-4.251427299095667e-07,0.5888799428939819,0.7546623945236206,0.006467888597398996,0.5538567304611206,0.7096902132034302,0.0013462139759212732,0.531381368637085,0.6784576177597046,-0.00964318122714758,0.5201289057731628,0.653764545917511,-0.019651241600513458,0.5983972549438477,0.6224887371063232,0.00852272193878889,0.5625596642494202,0.5792286396026611,-0.012385332025587559,0.5283205509185791,0.601954460144043,-0.02849808894097805,0.5132762789726257,0.6332734823226929,-0.036590151488780975,0.6124019622802734,0.6267823576927185,-0.005200326908379793,0.5669123530387878,0.5802595615386963,-0.022396091371774673,0.5281651020050049,0.6093331575393677,-0.03149111196398735,0.5151483416557312,0.6411427855491638,-0.03557788208127022,0.6199960708618164,0.6434767842292786,-0.021121680736541748,0.5758084058761597,0.6028534770011902,-0.035990726202726364,0.5364126563072205,0.6295537352561951,-0.03886071965098381,0.5212680697441101,0.6615756750106812,-0.03825487568974495,0.6193568110466003,0.6719875335693359,-0.03702909126877785,0.5832865834236145,0.6406136155128479,-0.04567059129476547,0.5521248579025269,0.6500006914138794,-0.04530055820941925,0.5360226035118103,0.6679173707962036,-0.043045736849308014
0.6513166427612305,0.8163669109344482,-4.596934388700902e-07,0.6000339388847351,0.7780700325965881,0.0071210251189768314,0.5621734261512756,0.7345741391181946,0.002617258345708251,0.5369116067886353,0.7074795365333557,-0.007463047746568918,0.5184850096702576,0.6844317317008972,-0.017121415585279465,0.5965131521224976,0.6430473923683167,0.0061621819622814655,0.5553761124610901,0.6060004830360413,-0.014973816461861134,0.522487223148346,0.6303450465202332,-0.03188716992735863,0.5095525979995728,0.6624141931533813,-0.04032299667596817,0.607504665851593,0.6484840512275696,-0.0075504593551158905,0.5584251880645752,0.6092844605445862,-0.02458188310265541,0.5231041312217712,0.6409391164779663,-0.03376873955130577,0.5119401812553406,0.6764619946479797,-0.0375053733587265,0.613899827003479,0.6665776968002319,-0.022888004779815674,0.5649914741516113,0.6368695497512817,-0.03681337833404541,0.5319113731384277,0.6709792017936707,-0.03791329264640808,0.5213073492050171,0.706170380115509,-0.036005765199661255,0.6152558922767639,0.6959285736083984,-0.03814246132969856,0.5752571225166321,0.6755430698394775,-0.045985348522663116,0.5481963753700256,0.6941483616828918,-0.04336697980761528,0.5360630750656128,0.7177284955978394,-0.039120811969041824
0.6130560636520386,0.8630111217498779,-2.43304668856581e-07,0.5824539065361023,0.8358050584793091,-0.007570857182145119,0.5627663135528564,0.7859542369842529,-0.014993906952440739,0.5624306201934814,0.7471088171005249,-0.024951869621872902,0.5754213333129883,0.7312637567520142,-0.03475898131728172,0.5884414911270142,0.7006205320358276,-0.009069270454347134,0.5750399231910706,0.6343778967857361,-0.028410786762833595,0.566209077835083,0.5880393981933594,-0.04184647276997566,0.5584937930107117,0.5518953204154968,-0.051763538271188736,0.6176756620407104,0.7033048272132874,-0.016834234818816185,0.5809887647628784,0.7036698460578918,-0.04504134878516197,0.5681261420249939,0.742734432220459,-0.05170129984617233,0.5692517161369324,0.765461802482605,-0.049959298223257065,0.6403387784957886,0.7246944904327393,-0.02635771781206131,0.596701443195343,0.7441242337226868,-0.04848911613225937,0.5894326567649841,0.7796837687492371,-0.0400533452630043,0.5966048240661621,0.7925302982330322,-0.029300976544618607,0.657855749130249,0.757221519947052,-0.03786882758140564,0.6195030808448792,0.774040937423706,-0.0494929663836956,0.6108205914497375,0.8002199530601501,-0.04106153920292854,0.617385745048523,0.8097274303436279,-0.03123283013701439
0.6253981590270996,0.8831384181976318,-1.9721866806321486e-07,0.5964789390563965,0.8482730388641357,-0.007768607698380947,0.5794369578361511,0.793251633644104,-0.014037037268280983,0.5837846994400024,0.7527968883514404,-0.022178007289767265,0.6019060015678406,0.7350046634674072,-0.029980339109897614,0.6043092608451843,0.7112938761711121,-0.00943540409207344,0.590067446231842,0.6417422890663147,-0.025009294971823692,0.5803288817405701,0.5962109565734863,-0.035110823810100555,0.5724788904190063,0.5583360195159912,-0.042713671922683716,0.6339567303657532,0.7141262888908386,-0.015978273004293442,0.6054591536521912,0.7069515585899353,-0.03917602077126503,0.5930935740470886,0.7289979457855225,-0.045693498104810715,0.5908806920051575,0.7397176027297974,-0.04494401440024376,0.6576290726661682,0.7351706624031067,-0.023804299533367157,0.6174470782279968,0.7539522647857666,-0.04314688593149185,0.6054012179374695,0.777492344379425,-0.037752702832221985,0.6058949828147888,0.7852799296379089,-0.02960725873708725,0.6745821237564087,0.7656296491622925,-0.03343427926301956,0.6375593543052673,0.7831031084060669,-0.044846806675195694,0.6278141736984253,0.809231698513031,-0.037852078676223755,0.6303021907806396,0.8236328959465027,-0.029034093022346497
0.6540870666503906,0.8937651515007019,-1.6736566976760514e-07,0.6173409819602966,0.8562194108963013,-0.010316428728401661,0.5952470898628235,0.7995783090591431,-0.018169527873396873,0.6012035608291626,0.7555923461914062,-0.028142668306827545,0.6285122632980347,0.7422463297843933,-0.0369146466255188,0.6158528327941895,0.7096652984619141,-0.007947075180709362,0.6033734083175659,0.6373409628868103,-0.025935404002666473,0.597122311592102,0.5909991264343262,-0.037318501621484756,0.5931590795516968,0.5516240000724792,-0.045878905802965164,0.6461808681488037,0.7104555368423462,-0.014560805633664131,0.6212351322174072,0.6983608603477478,-0.04125327989459038,0.6102253794670105,0.7357994318008423,-0.047420792281627655,0.6100420951843262,0.759742021560669,-0.04493977129459381,0.6706534028053284,0.7309385538101196,-0.023243796080350876,0.6374627351760864,0.7503806352615356,-0.04478797689080238,0.626107394695282,0.7868574857711792,-0.03851613774895668,0.6291890144348145,0.8040321469306946,-0.028478940948843956,0.6878015398979187,0.763967752456665,-0.03422998636960983,0.6544806957244873,0.7847462892532349,-0.04588598012924194,0.642917811870575,0.8130481839179993,-0.04002495855093002,0.6457151770591736,0.8267970681190491,-0.03167654946446419
0.6571369767189026,0.8992331027984619,-1.5462902069884876e-07,0.6187356114387512,0.8575965762138367,-0.008746339939534664,0.5956319570541382,0.8004290461540222,-0.0165717750787735,0.6001828908920288,0.7574885487556458,-0.027639461681246758,0.6260114312171936,0.7434386610984802,-0.038050685077905655,0.6192018985748291,0.7112659811973572,-0.006904134061187506,0.6055509448051453,0.6384581327438354,-0.025589775294065475,0.5981621146202087,0.5924839973449707,-0.03709069639444351,0.5937716960906982,0.5526561737060547,-0.045635078102350235,0.6485955715179443,0.7118863463401794,-0.015173974446952343,0.6208258867263794,0.6964762806892395,-0.0436951220035553,0.6102285981178284,0.7361550331115723,-0.050236910581588745,0.6111850738525391,0.7620725035667419,-0.04762241616845131,0.6732202768325806,0.7320483326911926,-0.025541502982378006,0.636874794960022,0.7508363723754883,-0.048750247806310654,0.627576470375061,0.789337158203125,-0.04234163090586662,0.6322667002677917,0.8062024712562561,-0.03177710622549057,0.6910771727561951,0.7647174000740051,-0.03815820440649986,0.6593496203422546,0.7843486070632935,-0.04916905611753464,0.6468942761421204,0.8134129643440247,-0.042181700468063354,0.6483426690101624,0.8276719450950623,-0.033261097967624664
0.6696596741676331,0.8865798115730286,-1.353605512122158e-07,0.6361902356147766,0.8428242206573486,-0.010849367827177048,0.6207568645477295,0.7830303311347961,-0.019683673977851868,0.6307459473609924,0.7413503527641296,-0.031441397964954376,0.6578117609024048,0.7266352772712708,-0.042689673602581024,0.6390612721443176,0.6983354091644287,-0.00660064397379756,0.6309044361114502,0.6207191348075867,-0.025596635416150093,0.6259942054748535,0.5746464729309082,-0.03666616603732109,0.6234825849533081,0.5337728261947632,-0.04464947432279587,0.6689220666885376,0.7027453780174255,-0.01403614692389965,0.6476122736930847,0.6793792247772217,-0.04576342925429344,0.6406959295272827,0.7271056771278381,-0.05259820073843002,0.6438776254653931,0.7574430704116821,-0.04871131479740143,0.6939576268196106,0.7221569418907166,-0.02380763180553913,0.6643874049186707,0.7271686792373657,-0.05068562552332878,0.655046284198761,0.77202308177948,-0.04404697194695473,0.6585399508476257,0.7926009297370911,-0.031564489006996155,0.7123873233795166,0.7516536116600037,-0.035594914108514786,0.6817438006401062,0.7621703147888184,-0.048845648765563965,0.6715131402015686,0.7946382164955139,-0.04117279127240181,0.6742228865623474,0.8103936910629272,-0.03080771118402481
0.6729594469070435,0.8889555931091309,-1.6041440176195465e-07,0.6373820900917053,0.8425213098526001,-0.009426260367035866,0.620595395565033,0.7791879773139954,-0.015873566269874573,0.6341694593429565,0.7375915050506592,-0.025371402502059937,0.6607601642608643,0.7252119779586792,-0.03426919877529144,0.6407099962234497,0.695087194442749,-0.0038527934812009335,0.6341471672058105,0.6203251481056213,-0.0198399368673563,0.6299394369125366,0.5751035213470459,-0.029386261478066444,0.6283189058303833,0.5351119637489319,-0.03724190592765808,0.6717339158058167,0.6986885666847229,-0.011361212469637394,0.6530559659004211,0.6765719056129456,-0.039577916264534,0.6437593698501587,0.7204495072364807,-0.04647811874747276,0.6443858742713928,0.7485772967338562,-0.044217344373464584,0.6975612640380859,0.7188716530799866,-0.02109086513519287,0.6707270741462708,0.7217628359794617,-0.0446484200656414,0.659488320350647,0.7630537152290344,-0.03970866650342941,0.6608560681343079,0.7835668325424194,-0.03039810247719288,0.7164873480796814,0.7501267194747925,-0.03294341266155243,0.688080906867981,0.7632277011871338,-0.04596118628978729,0.6732726693153381,0.7945264577865601,-0.041383400559425354,0.6714735627174377,0.811391294002533,-0.03429828956723213
0.6724271178245544,0.8828321695327759,-1.3932154274698405e-07,0.6387286186218262,0.8368632197380066,-0.01126772165298462,0.624356746673584,0.7778058052062988,-0.02032269537448883,0.6368712782859802,0.7361503839492798,-0.0323076955974102,0.661983847618103,0.7181569337844849,-0.0436270572245121,0.642162561416626,0.6926458477973938,-0.0073414817452430725,0.6359921097755432,0.6168484091758728,-0.026418674737215042,0.6335674524307251,0.5716743469238281,-0.03732055425643921,0.633755624294281,0.531776487827301,-0.04516152665019035,0.6740330457687378,0.6969845294952393,-0.014409576542675495,0.6559780240058899,0.6731036901473999,-0.046665169298648834,0.6459560394287109,0.7200343608856201,-0.05412354692816734,0.645511269569397,0.7516053915023804,-0.050640907138586044,0.7001444697380066,0.7168440222740173,-0.0238136425614357,0.670688271522522,0.7235477566719055,-0.05121709033846855,0.6604545712471008,0.769544780254364,-0.045549679547548294,0.6627885103225708,0.7924111485481262,-0.033882349729537964,0.7196633815765381,0.7465948462486267,-0.03525177016854286,0.6898766756057739,0.7596897482872009,-0.049326587468385696,0.6767042875289917,0.7929968237876892,-0.043157029896974564,0.6766013503074646,0.8099880814552307,-0.03394563868641853
0.6734246611595154,0.8877646923065186,-1.5350380522249907e-07,0.6403893828392029,0.8412057757377625,-0.009934821166098118,0.6245107650756836,0.7785052061080933,-0.01708802953362465,0.6381881237030029,0.7349250316619873,-0.027281319722533226,0.6647520661354065,0.7200314998626709,-0.03690806403756142,0.6453425884246826,0.6948251128196716,-0.004948061890900135,0.6386170983314514,0.6180577874183655,-0.021482722833752632,0.6357239484786987,0.5717344880104065,-0.03140293061733246,0.6351122856140137,0.5319289565086365,-0.039083316922187805,0.6758837699890137,0.7017337679862976,-0.012459304183721542,0.6622717976570129,0.6717976927757263,-0.042394090443849564,0.6508557200431824,0.7160091400146484,-0.04993472248315811,0.6473501920700073,0.7495209574699402,-0.04739498347043991,0.7015246748924255,0.7234696745872498,-0.022127699106931686,0.6800869107246399,0.7204400897026062,-0.04794603958725929,0.6669231653213501,0.7626471519470215,-0.043424252420663834,0.6649892330169678,0.788772702217102,-0.033245183527469635,0.7198309898376465,0.7554730176925659,-0.03367096185684204,0.6977331638336182,0.7581210732460022,-0.047343481332063675,0.6820710897445679,0.7880010008811951,-0.04213028773665428,0.6785562634468079,0.8078626394271851,-0.034136395901441574
0.673539936542511,0.8866755366325378,-1.692391577989838e-07,0.6415193676948547,0.8402089476585388,-0.00996236689388752,0.6252816915512085,0.7773612141609192,-0.017365019768476486,0.639965295791626,0.7331907153129578,-0.027834391221404076,0.6678948402404785,0.7178695797920227,-0.0377684161067009,0.6451360583305359,0.6925135254859924,-0.0051145534962415695,0.6391647458076477,0.614640474319458,-0.021779045462608337,0.636907696723938,0.5686877965927124,-0.03150089830160141,0.6368176937103271,0.5288843512535095,-0.03911605104804039,0.675296425819397,0.6993233561515808,-0.012568188831210136,0.660036027431488,0.6715187430381775,-0.04271962493658066,0.6490189433097839,0.7195529341697693,-0.04951455071568489,0.6469536423683167,0.7537915110588074,-0.0464140810072422,0.700650155544281,0.7209742069244385,-0.022273249924182892,0.6782747507095337,0.7162504196166992,-0.04906304553151131,0.665409505367279,0.7611646056175232,-0.044128451496362686,0.6650161743164062,0.7881938815116882,-0.03336092457175255,0.7195467352867126,0.7522231340408325,-0.033779535442590714,0.695762038230896,0.753913938999176,-0.049018800258636475,0.6796756982803345,0.785855233669281,-0.04427539184689522,0.6765416264533997,0.806850790977478,-0.03623897582292557
0.6728811264038086,0.893454909324646,-1.3889994932014815e-07,0.6392596960067749,0.8455058932304382,-0.010579890571534634,0.6238483190536499,0.7804364562034607,-0.01780947670340538,0.6385974884033203,0.7347251176834106,-0.028052542358636856,0.6658791303634644,0.719528079032898,-0.03771992027759552,0.6420992016792297,0.6979567408561707,-0.004729860927909613,0.6377648711204529,0.6173965930938721,-0.020956411957740784,0.6352307200431824,0.5700013637542725,-0.030454719439148903,0.6347751617431641,0.5290080308914185,-0.037804700434207916,0.6724513173103333,0.7042355537414551,-0.01196216605603695,0.661335825920105,0.6683332324028015,-0.042283181101083755,0.6484267115592957,0.7094822525978088,-0.05030408129096031,0.6428796052932739,0.742239773273468,-0.04770044982433319,0.6984335780143738,0.724546492099762,-0.021356329321861267,0.6783688068389893,0.7172062397003174,-0.048207733780145645,0.6656457781791687,0.7605529427528381,-0.04465017095208168,0.6640245318412781,0.7891355752944946,-0.03449951484799385,0.717815101146698,0.7545619606971741,-0.03256119042634964,0.6950006484985352,0.754856526851654,-0.047079432755708694,0.6795192360877991,0.7864089012145996,-0.042317673563957214,0.6764295101165771,0.8095259666442871,-0.03431561589241028
0.668342649936676,0.894982099533081,-1.6088051779661328e-07,0.6363759636878967,0.8455919623374939,-0.011258498765528202,0.6205772161483765,0.7802347540855408,-0.019231783226132393,0.6341969966888428,0.7332005500793457,-0.030252931639552116,0.6626905202865601,0.7163608074188232,-0.040624748915433884,0.6399555206298828,0.6986496448516846,-0.003879996482282877,0.6352566480636597,0.6182480454444885,-0.021555176004767418,0.6315323114395142,0.5711560845375061,-0.03171904385089874,0.6303635239601135,0.5293851494789124,-0.03958223760128021,0.6695648431777954,0.7055636644363403,-0.01135584432631731,0.6530209183692932,0.6699419617652893,-0.04348831996321678,0.6415596008300781,0.7194808125495911,-0.050467368215322495,0.6410450339317322,0.754317581653595,-0.04659756273031235,0.6943514347076416,0.7263534069061279,-0.02147437073290348,0.6713120341300964,0.713415265083313,-0.049781400710344315,0.6591957807540894,0.7610611319541931,-0.043587323278188705,0.6611666083335876,0.787596583366394,-0.031255047768354416,0.7129647135734558,0.7569977641105652,-0.03357403352856636,0.6873387694358826,0.7549982070922852,-0.04888215661048889,0.6740393042564392,0.7881149053573608,-0.042841438204050064,0.6752554774284363,0.8083176612854004,-0.03369345888495445
0.6643396019935608,0.8963724970817566,-1.6821516624077049e-07,0.6298239231109619,0.8500449061393738,-0.011849184520542622,0.6122313737869263,0.7838176488876343,-0.02057703025639057,0.6272724270820618,0.7384979128837585,-0.03215734288096428,0.6568008661270142,0.7252594232559204,-0.04313994199037552,0.6331494450569153,0.6983891725540161,-0.005800055805593729,0.6249232292175293,0.6194983124732971,-0.024431470781564713,0.620184600353241,0.5731569528579712,-0.035120513290166855,0.6191379427909851,0.5317710638046265,-0.04350236430764198,0.6636813282966614,0.7048013806343079,-0.013485235162079334,0.6436709761619568,0.6723648309707642,-0.04704317823052406,0.632188618183136,0.7247167825698853,-0.05414539948105812,0.6323477029800415,0.7589894533157349,-0.05005946755409241,0.6890435218811035,0.7252787947654724,-0.023822957649827003,0.6614065170288086,0.7200286984443665,-0.05294745787978172,0.6505976915359497,0.7703040838241577,-0.04593566060066223,0.6547453999519348,0.7941395044326782,-0.032991547137498856,0.707646906375885,0.7557865977287292,-0.03629183769226074,0.6780771613121033,0.7598289251327515,-0.051817912608385086,0.6668527722358704,0.7964515089988708,-0.04504123702645302,0.6712132692337036,0.814184844493866,-0.0354023315012455
0.6649872064590454,0.8978574872016907,-1.4743646659098886e-07,0.6290938854217529,0.849567711353302,-0.0115671306848526,0.6113479733467102,0.7856333255767822,-0.019766181707382202,0.6261807680130005,0.7395734190940857,-0.03093734383583069,0.6559270620346069,0.7238412499427795,-0.041344400495290756,0.6294989585876465,0.701505720615387,-0.005782291293144226,0.6221940517425537,0.6201918125152588,-0.023641226813197136,0.6188645362854004,0.5732698440551758,-0.03368590772151947,0.6187328100204468,0.5319180488586426,-0.04127528518438339,0.6608083248138428,0.7052322030067444,-0.012534411624073982,0.6462851166725159,0.67384272813797,-0.04461691901087761,0.6358468532562256,0.721000611782074,-0.05203993245959282,0.6336480975151062,0.7567132115364075,-0.048451486974954605,0.6873175501823425,0.7237096428871155,-0.021754814311861992,0.6636941432952881,0.7250500321388245,-0.04983720928430557,0.6527788639068604,0.7720034122467041,-0.04548448324203491,0.6533589363098145,0.8009704947471619,-0.03434165194630623,0.7067257165908813,0.7525836825370789,-0.03305494785308838,0.6815623641014099,0.7617074847221375,-0.0486236996948719,0.6667301058769226,0.7968257665634155,-0.044300004839897156,0.6642854809761047,0.819992184638977,-0.036225855350494385
0.6666561365127563,0.9010974764823914,-1.413372956449166e-07,0.6304685473442078,0.8534891605377197,-0.010737065225839615,0.6122151017189026,0.7887943387031555,-0.018636712804436684,0.6270788311958313,0.7424692511558533,-0.02982281520962715,0.6557886600494385,0.7242254018783569,-0.04034913703799248,0.6317871809005737,0.7015324234962463,-0.004798215813934803,0.6242924928665161,0.6212908625602722,-0.02243999019265175,0.6219160556793213,0.5737695097923279,-0.032625529915094376,0.622597336769104,0.5320084095001221,-0.04034274071455002,0.6624564528465271,0.7053490877151489,-0.012271841987967491,0.6465860605239868,0.675697922706604,-0.04326663538813591,0.636146605014801,0.7203503847122192,-0.05088284984230995,0.6349471807479858,0.7530947923660278,-0.04804939404129982,0.688644289970398,0.7245370149612427,-0.022215118631720543,0.6649547815322876,0.7251871228218079,-0.04994223639369011,0.6533636450767517,0.7711706161499023,-0.04589907079935074,0.6539512872695923,0.7991675138473511,-0.03536943346261978,0.7083829045295715,0.7543016076087952,-0.03413285315036774,0.6834645867347717,0.7604141235351562,-0.04950596019625664,0.6676837205886841,0.7952215671539307,-0.044929590076208115,0.6644575595855713,0.818112850189209,-0.03687906637787819
0.667610228061676,0.898398220539093,-1.33775131416769e-07,0.6327940821647644,0.8521859645843506,-0.010695730336010456,0.6154998540878296,0.7870450019836426,-0.017991656437516212,0.6308054327964783,0.7422857880592346,-0.028450898826122284,0.6593204140663147,0.7230121493339539,-0.03806380555033684,0.6312668323516846,0.6986529231071472,-0.003255923744291067,0.625781238079071,0.6182069778442383,-0.019746089354157448,0.6240887641906738,0.5714868307113647,-0.028934547677636147,0.6256332993507385,0.5304523706436157,-0.03603228181600571,0.6619521379470825,0.7043688297271729,-0.010523357428610325,0.6488176584243774,0.6740280389785767,-0.04029376804828644,0.637876033782959,0.7187843918800354,-0.04731989651918411,0.6369983553886414,0.7477896809577942,-0.04439542442560196,0.6882730722427368,0.724696934223175,-0.02031063474714756,0.6685627698898315,0.720457911491394,-0.04692354425787926,0.6545010805130005,0.7659239172935486,-0.042355187237262726,0.6537307500839233,0.7895236015319824,-0.03200157359242439,0.7083054184913635,0.7549113631248474,-0.03202797845005989,0.6853094100952148,0.7602879405021667,-0.04643028974533081,0.6687748432159424,0.7949740290641785,-0.0411851592361927,0.6654947996139526,0.8148114085197449,-0.03301697224378586
0.6670254468917847,0.8983190059661865,-1.2900318324682303e-07,0.6325944662094116,0.8526026010513306,-0.01097921747714281,0.6152225136756897,0.7874124050140381,-0.018750574439764023,0.6321050524711609,0.743637204170227,-0.029676828533411026,0.661580502986908,0.7260110378265381,-0.04007799178361893,0.6332728862762451,0.6995379328727722,-0.005676275119185448,0.6280031800270081,0.6195482015609741,-0.022952554747462273,0.6267687678337097,0.5720243453979492,-0.03279257193207741,0.6276682615280151,0.5304872393608093,-0.04015123099088669,0.6635045409202576,0.7049711346626282,-0.01276266761124134,0.6523840427398682,0.6739972829818726,-0.043618470430374146,0.6422641277313232,0.716140627861023,-0.05166076496243477,0.6394619345664978,0.7456189393997192,-0.049119867384433746,0.6898713111877441,0.7239696383476257,-0.02213217318058014,0.6699203252792358,0.7241415977478027,-0.0494207926094532,0.6573264598846436,0.7697767615318298,-0.0461428202688694,0.6553374528884888,0.7956705093383789,-0.036266352981328964,0.7104222774505615,0.7523327469825745,-0.03339248523116112,0.6864328980445862,0.7612302303314209,-0.048057250678539276,0.670280933380127,0.7965253591537476,-0.04341953992843628,0.6659486889839172,0.8181610703468323,-0.03550339490175247
0.6677344441413879,0.8947938084602356,-1.3432814682801109e-07,0.6331334114074707,0.8504639267921448,-0.01032208651304245,0.6172617673873901,0.7838627099990845,-0.017146913334727287,0.6343443989753723,0.7400239706039429,-0.027142615988850594,0.6625706553459167,0.7232818603515625,-0.03646664693951607,0.6339171528816223,0.698549747467041,-0.00411426555365324,0.6292237639427185,0.6184056401252747,-0.02120489813387394,0.6275426745414734,0.5718724727630615,-0.030619295313954353,0.6288460493087769,0.5308350920677185,-0.03772926703095436,0.6646702885627747,0.7028689980506897,-0.011346381157636642,0.6517428755760193,0.673244833946228,-0.04220995306968689,0.6411967873573303,0.7162104845046997,-0.04960383474826813,0.6400020718574524,0.7441380023956299,-0.046323440968990326,0.691046953201294,0.7215637564659119,-0.020912745967507362,0.6671218872070312,0.7243778109550476,-0.047440797090530396,0.6559762954711914,0.7710695862770081,-0.04264803230762482,0.6576579809188843,0.7938791513442993,-0.03189627826213837,0.7116475105285645,0.7497178316116333,-0.03250227868556976,0.6847038865089417,0.7628517150878906,-0.04652460291981697,0.6700231432914734,0.7993908524513245,-0.041085273027420044,0.669029951095581,0.8180403709411621,-0.032676976174116135
0.6675843596458435,0.8937723636627197,-1.3472664761593478e-07,0.6338174343109131,0.8485777974128723,-0.010067426599562168,0.6184967756271362,0.7824631929397583,-0.016735536977648735,0.6373895406723022,0.7395633459091187,-0.02651013247668743,0.6666401028633118,0.7223610281944275,-0.035861484706401825,0.6357790231704712,0.6991407871246338,-0.004863010719418526,0.6305859684944153,0.6185275316238403,-0.02097519487142563,0.6292757987976074,0.5713428854942322,-0.03015732206404209,0.6299435496330261,0.5294686555862427,-0.03733208402991295,0.6655498743057251,0.7049251198768616,-0.012018317356705666,0.6541199088096619,0.6703231334686279,-0.04175175726413727,0.6431241035461426,0.7109950184822083,-0.04972059652209282,0.6395836472511292,0.7401692867279053,-0.047493819147348404,0.6917855143547058,0.7237657904624939,-0.021272335201501846,0.6723096966743469,0.7178536057472229,-0.048272669315338135,0.6593773365020752,0.7635782957077026,-0.04526061937212944,0.65779048204422,0.7911900281906128,-0.035727620124816895,0.7126707434654236,0.7513917684555054,-0.03221140429377556,0.688589870929718,0.7547081112861633,-0.04754291847348213,0.672727108001709,0.7911390066146851,-0.04325823113322258,0.6696561574935913,0.8154135346412659,-0.03565013036131859
0.6677201390266418,0.8936026096343994,-1.2937196913753723e-07,0.6338841915130615,0.8465204238891602,-0.010907568037509918,0.6187492609024048,0.7816172242164612,-0.018598757684230804,0.6363437175750732,0.7365709543228149,-0.02946356125175953,0.6651217341423035,0.7207235097885132,-0.03982875868678093,0.637132465839386,0.699479877948761,-0.005647226236760616,0.6323898434638977,0.6188892126083374,-0.023305527865886688,0.6308324337005615,0.571568489074707,-0.033546946942806244,0.6312098503112793,0.529222846031189,-0.04127143323421478,0.6673251390457153,0.705561637878418,-0.0129904355853796,0.6565663814544678,0.6696302890777588,-0.04483770206570625,0.645087718963623,0.7134020924568176,-0.052933745086193085,0.6409465074539185,0.7459399104118347,-0.04992053285241127,0.6934873461723328,0.7252805233001709,-0.022582048550248146,0.6736181974411011,0.7206874489784241,-0.05103658139705658,0.6607585549354553,0.768690288066864,-0.04690777137875557,0.6592288017272949,0.7982078790664673,-0.03566225618124008,0.7136443853378296,0.7545297145843506,-0.03401954472064972,0.6909751892089844,0.7560639977455139,-0.04964287206530571,0.6751176118850708,0.7913442850112915,-0.04450329765677452,0.6718074679374695,0.8148925304412842,-0.03581107780337334
0.6689506769180298,0.8956596255302429,-1.3137379539784888e-07,0.6349421143531799,0.848625898361206,-0.011171762831509113,0.6193390488624573,0.7844489812850952,-0.01880413480103016,0.6354334950447083,0.7389339208602905,-0.029523534700274467,0.6634957790374756,0.723013162612915,-0.03973294422030449,0.6373764276504517,0.701173722743988,-0.005043103359639645,0.6334071755409241,0.6204532384872437,-0.022140823304653168,0.6322203278541565,0.5727294087409973,-0.03226698562502861,0.6327422261238098,0.5301239490509033,-0.04007187485694885,0.6670991778373718,0.707107663154602,-0.012080996297299862,0.656159520149231,0.6706186532974243,-0.04349134862422943,0.6450193524360657,0.7127472758293152,-0.05190788581967354,0.6407977938652039,0.7451325058937073,-0.04940161481499672,0.6933584809303284,0.7260606288909912,-0.021406373009085655,0.6739953756332397,0.7182430028915405,-0.0502096489071846,0.6620219349861145,0.7660127878189087,-0.04690923914313316,0.6606458425521851,0.7975012063980103,-0.03630707040429115,0.7142152190208435,0.7543765306472778,-0.03250906988978386,0.691433846950531,0.7542736530303955,-0.04906100407242775,0.6755893230438232,0.7903929352760315,-0.044768333435058594,0.6719074249267578,0.8162431120872498,-0.036652468144893646
0.6720289587974548,0.8864038586616516,-1.2239254942869593e-07,0.6385594606399536,0.837943434715271,-0.011045703664422035,0.6240915060043335,0.7758649587631226,-0.019726699218153954,0.6383824348449707,0.7334334850311279,-0.031714167445898056,0.6656693816184998,0.714546799659729,-0.04302477464079857,0.6430421471595764,0.6899865865707397,-0.004497083369642496,0.6384990811347961,0.6131038069725037,-0.023250557482242584,0.636875569820404,0.5677584409713745,-0.03380759432911873,0.6378223896026611,0.5282535552978516,-0.04117012768983841,0.6741042733192444,0.69636070728302,-0.012021541595458984,0.6582950353622437,0.6696165204048157,-0.04394438862800598,0.6462044715881348,0.7158651947975159,-0.051180943846702576,0.6446982622146606,0.7479407787322998,-0.04742381349205971,0.6997007131576538,0.7174950838088989,-0.022182941436767578,0.6734215617179871,0.7213329076766968,-0.05012526363134384,0.6608614921569824,0.7678790092468262,-0.04458680748939514,0.6623854041099548,0.7921749353408813,-0.0326174758374691,0.7189348340034485,0.7483240962028503,-0.034321513026952744,0.6911899447441101,0.7574178576469421,-0.0482201986014843,0.6769041419029236,0.7920728325843811,-0.041461363434791565,0.6770758628845215,0.8106135129928589,-0.03175482153892517
0.6719769835472107,0.8851566314697266,-1.2860697040650848e-07,0.6385256052017212,0.8396470546722412,-0.011002041399478912,0.6246393322944641,0.7781213521957397,-0.019526362419128418,0.6396096348762512,0.7338945865631104,-0.031066477298736572,0.6658202409744263,0.716099739074707,-0.04198632761836052,0.6433515548706055,0.6925007104873657,-0.005972311832010746,0.6395045518875122,0.6131002306938171,-0.023915141820907593,0.6382201313972473,0.5674000978469849,-0.03417245298624039,0.639681875705719,0.5266399383544922,-0.04170122370123863,0.6737890243530273,0.6974724531173706,-0.012921362183988094,0.6602662801742554,0.6661046147346497,-0.04410909488797188,0.6488276124000549,0.7072339653968811,-0.05185607448220253,0.6459207534790039,0.735846996307373,-0.048908744007349014,0.6993815302848816,0.7162307500839233,-0.022177040576934814,0.6739600896835327,0.7170621752738953,-0.049904465675354004,0.6633549928665161,0.7640883326530457,-0.04537353664636612,0.6648302674293518,0.7900908589363098,-0.03429373726248741,0.7186560034751892,0.7443458437919617,-0.033335909247398376,0.6913361549377441,0.7514996528625488,-0.04845259711146355,0.6775490641593933,0.7873142957687378,-0.04307115823030472,0.6768782138824463,0.8087191581726074,-0.034314535558223724
0.6710501313209534,0.8831327557563782,-1.2612987632110162e-07,0.6381091475486755,0.836518406867981,-0.009989481419324875,0.6247665286064148,0.77728271484375,-0.018312782049179077,0.6370101571083069,0.7344290614128113,-0.029906418174505234,0.6605488657951355,0.7144610285758972,-0.04091864824295044,0.6434306502342224,0.6916018128395081,-0.005111324600875378,0.6398481130599976,0.612571656703949,-0.022878102958202362,0.6389772295951843,0.566590428352356,-0.03335825726389885,0.6406381726264954,0.526669979095459,-0.040883708745241165,0.6734844446182251,0.6979032754898071,-0.012614993378520012,0.6612398624420166,0.6649588942527771,-0.04351044073700905,0.6488416194915771,0.7046247720718384,-0.05152543634176254,0.6448094844818115,0.7347269058227539,-0.048910580575466156,0.6990463137626648,0.717466413974762,-0.022314218804240227,0.6752097010612488,0.7140095233917236,-0.049389149993658066,0.663558840751648,0.7595413327217102,-0.04452025145292282,0.663747251033783,0.7873882055282593,-0.033400144428014755,0.7183749079704285,0.7465333938598633,-0.03382610157132149,0.6926597952842712,0.7501997947692871,-0.0481083020567894,0.6780809164047241,0.7834980487823486,-0.042108289897441864,0.6765401363372803,0.8052943348884583,-0.03303288295865059
0.6689848899841309,0.8796504735946655,-1.267088691747631e-07,0.6362698078155518,0.832598865032196,-0.009822273626923561,0.6229742169380188,0.7699631452560425,-0.017060117796063423,0.6392940282821655,0.7269615530967712,-0.02753898873925209,0.6654455661773682,0.7117800116539001,-0.037508007138967514,0.6412916779518127,0.6902304291725159,-0.0038325043860822916,0.6387135982513428,0.6108227968215942,-0.02044020965695381,0.6383456587791443,0.5648394227027893,-0.029992589727044106,0.6403620839118958,0.5249357223510742,-0.0371871255338192,0.6710787415504456,0.6980410218238831,-0.011171831749379635,0.6614421010017395,0.6648638844490051,-0.041576240211725235,0.6492875814437866,0.7066153287887573,-0.04907391592860222,0.6457694172859192,0.7365890145301819,-0.0461774617433548,0.6965188384056091,0.718104362487793,-0.020718302577733994,0.6771535873413086,0.710067868232727,-0.04773465543985367,0.6638381481170654,0.7562892436981201,-0.042858682572841644,0.6630250215530396,0.7837235927581787,-0.03175605088472366,0.7163002490997314,0.7472259402275085,-0.03202240541577339,0.6926584839820862,0.7504696846008301,-0.046683602035045624,0.676908016204834,0.7842313051223755,-0.041166096925735474,0.6744627356529236,0.8056116104125977,-0.032488495111465454
0.6689110994338989,0.8806039094924927,-1.3801648890421347e-07,0.635453462600708,0.8343876600265503,-0.008852583356201649,0.620694637298584,0.7730980515480042,-0.0156889446079731,0.6348514556884766,0.7307265996932983,-0.02584710530936718,0.6598859429359436,0.7124627828598022,-0.035566359758377075,0.6406936049461365,0.6919524669647217,-0.004175279755145311,0.6376109719276428,0.6126786470413208,-0.020355435088276863,0.6368630528450012,0.5664407014846802,-0.029618825763463974,0.6379945278167725,0.5272021293640137,-0.03642473369836807,0.6702874898910522,0.7000881433486938,-0.012009140104055405,0.658810555934906,0.6634350419044495,-0.04184170067310333,0.6445696949958801,0.7034709453582764,-0.04934291914105415,0.6390588283538818,0.7369626760482788,-0.04640574753284454,0.6953806281089783,0.720923900604248,-0.021827546879649162,0.6743144392967224,0.711609423160553,-0.04833531379699707,0.6604648232460022,0.7556106448173523,-0.043861061334609985,0.658993124961853,0.7850489020347595,-0.03309004008769989,0.714526355266571,0.7511167526245117,-0.03322221338748932,0.6913534998893738,0.7502304315567017,-0.047275103628635406,0.6748121976852417,0.7823822498321533,-0.04139858856797218,0.6714520454406738,0.8056411743164062,-0.03254496306180954
0.6669731140136719,0.8838297128677368,-1.484447835764513e-07,0.6343203783035278,0.8383939266204834,-0.01002782117575407,0.6186808347702026,0.776869535446167,-0.01728559471666813,0.6307355165481567,0.7323037385940552,-0.027352318167686462,0.656443178653717,0.7132903337478638,-0.03692614659667015,0.638362467288971,0.6936333775520325,-0.004738316871225834,0.6344248652458191,0.6146929264068604,-0.02031387761235237,0.6328103542327881,0.5688031315803528,-0.029576020315289497,0.6328295469284058,0.5292644500732422,-0.036757566034793854,0.6674062609672546,0.7002822756767273,-0.011739833280444145,0.6539045572280884,0.6660003662109375,-0.04105617478489876,0.6411390900611877,0.7066965699195862,-0.04874860495328903,0.6362694501876831,0.739555835723877,-0.04632284492254257,0.6920750141143799,0.7196502685546875,-0.020714156329631805,0.6700549721717834,0.7089586853981018,-0.04655911400914192,0.655953049659729,0.7514351010322571,-0.04234086349606514,0.6528053283691406,0.7802536487579346,-0.0323309451341629,0.7107395529747009,0.7489545941352844,-0.03139480948448181,0.6854546666145325,0.7516611218452454,-0.04605445638298988,0.6700228452682495,0.7846569418907166,-0.041000403463840485,0.6668806672096252,0.8086562752723694,-0.03283574432134628
0.6646546721458435,0.8820374011993408,-1.481636928701846e-07,0.6306146383285522,0.8333553671836853,-0.008233137428760529,0.6166620850563049,0.7717176675796509,-0.015188470482826233,0.6298327445983887,0.7301782369613647,-0.02550600841641426,0.6544189453125,0.7114923000335693,-0.03547713905572891,0.6369510889053345,0.6913466453552246,-0.003712044795975089,0.6310523152351379,0.614078164100647,-0.020025109872221947,0.6288604736328125,0.5687088966369629,-0.02960239350795746,0.6290273666381836,0.5293724536895752,-0.036697663366794586,0.6667733788490295,0.6984570622444153,-0.011886682361364365,0.6503279805183411,0.6663430333137512,-0.041571710258722305,0.6367323398590088,0.7069035172462463,-0.049066197127103806,0.632267951965332,0.738789975643158,-0.046280790120363235,0.6916543841362,0.7189590930938721,-0.021980175748467445,0.6656791567802429,0.7130884528160095,-0.047432791441679,0.6532857418060303,0.7566090822219849,-0.042136162519454956,0.6526514291763306,0.783543050289154,-0.03130176663398743,0.7100498676300049,0.7493860721588135,-0.03373970463871956,0.6817190647125244,0.7539128065109253,-0.046782899647951126,0.6680823564529419,0.786479115486145,-0.04029477387666702,0.6676791906356812,0.8074601888656616,-0.03124740906059742
0.665260374546051,0.8817660212516785,-1.5934564601138845e-07,0.6314859390258789,0.8373126983642578,-0.010210654698312283,0.6155799031257629,0.7753703594207764,-0.017805760726332664,0.6277297735214233,0.730228066444397,-0.02840437740087509,0.6534625887870789,0.7131711840629578,-0.0383010171353817,0.6352571249008179,0.6921058893203735,-0.0040793828666210175,0.6302824020385742,0.613397479057312,-0.021129170432686806,0.6275428533554077,0.5683233141899109,-0.03035189025104046,0.6280969381332397,0.5285093784332275,-0.03726956620812416,0.6651132702827454,0.6978268027305603,-0.011545750312507153,0.6485846638679504,0.6639451384544373,-0.042663902044296265,0.635625958442688,0.7102488279342651,-0.04928043112158775,0.6337401270866394,0.7428906559944153,-0.045195240527391434,0.6898077726364136,0.7171317338943481,-0.021363548934459686,0.6637285947799683,0.7120463848114014,-0.04894227534532547,0.6514652371406555,0.7592167854309082,-0.04309874027967453,0.6534063816070557,0.7842313051223755,-0.0310805756598711,0.7078737020492554,0.7462424635887146,-0.03300926461815834,0.6794501543045044,0.7515846490859985,-0.0477457232773304,0.6657359004020691,0.7861966490745544,-0.04184591397643089,0.6666434407234192,0.8055867552757263,-0.03279894217848778
0.6653594970703125,0.8845095634460449,-1.5270087772023544e-07,0.6328201293945312,0.8394492864608765,-0.01087547279894352,0.6152623295783997,0.7762759923934937,-0.01912926509976387,0.6248498558998108,0.7275801301002502,-0.030454639345407486,0.651241660118103,0.7116314768791199,-0.04102431610226631,0.6359938383102417,0.6950622200965881,-0.00399651937186718,0.6297717094421387,0.6152757406234741,-0.022638607770204544,0.6273853778839111,0.5697371959686279,-0.033232513815164566,0.6284664869308472,0.5292855501174927,-0.04098128154873848,0.6650336384773254,0.7001122236251831,-0.011331500485539436,0.6494893431663513,0.665535569190979,-0.04486873000860214,0.6388030052185059,0.7135156989097595,-0.05241939425468445,0.6389837861061096,0.7472478151321411,-0.0481952540576458,0.6892908215522766,0.7181545495986938,-0.021198486909270287,0.6634299755096436,0.7129077911376953,-0.0505187101662159,0.6520933508872986,0.7614734768867493,-0.04484468698501587,0.6551844477653503,0.7877452373504639,-0.03207748010754585,0.707673192024231,0.7460662722587585,-0.03296050429344177,0.679735541343689,0.7504938244819641,-0.048692718148231506,0.66733717918396,0.7856056094169617,-0.043173134326934814,0.6698843836784363,0.8050830364227295,-0.03394429013133049
0.6685967445373535,0.8730009198188782,-1.2635709367714298e-07,0.6369411945343018,0.8239967823028564,-0.009437114000320435,0.6209410429000854,0.7636721730232239,-0.017835533246397972,0.631358802318573,0.7214945554733276,-0.029795769602060318,0.6585387587547302,0.7040477395057678,-0.04118064045906067,0.6426040530204773,0.6865608096122742,-0.003253492759540677,0.6380894184112549,0.6101170182228088,-0.022197945043444633,0.6367177963256836,0.565954864025116,-0.03306964784860611,0.6384979486465454,0.5265958309173584,-0.040791966021060944,0.6701047420501709,0.6950728893280029,-0.01151852123439312,0.6534814238548279,0.6606023907661438,-0.04385121166706085,0.6431317329406738,0.708150327205658,-0.05063486844301224,0.6451363563537598,0.7403355240821838,-0.04668952152132988,0.6935567259788513,0.7153913974761963,-0.022373469546437263,0.6695536971092224,0.7041075825691223,-0.0505971685051918,0.6582173109054565,0.7503059506416321,-0.04353044927120209,0.6621136665344238,0.775364100933075,-0.030563179403543472,0.7124926447868347,0.7443450689315796,-0.03501356393098831,0.6872885227203369,0.7400748133659363,-0.048819031566381454,0.6732842922210693,0.7730966210365295,-0.04100058600306511,0.6747739911079407,0.7922846674919128,-0.030802926048636436
0.6684983372688293,0.8722165822982788,-1.3329450609944615e-07,0.6372467279434204,0.8251407146453857,-0.010226426646113396,0.6204094886779785,0.7655854225158691,-0.01873116008937359,0.6314857602119446,0.7202639579772949,-0.03053923510015011,0.6592954397201538,0.7019821405410767,-0.04173320159316063,0.6420264840126038,0.6885576248168945,-0.0043168021366000175,0.6383099555969238,0.610036313533783,-0.02269691601395607,0.6377907395362854,0.5653544664382935,-0.03316570818424225,0.6395648121833801,0.526181161403656,-0.040522851049900055,0.6695021390914917,0.6964671611785889,-0.011908904649317265,0.6571596264839172,0.6582788228988647,-0.04415664076805115,0.6455754041671753,0.7045988440513611,-0.05114367976784706,0.6443677544593811,0.7398053407669067,-0.04694754257798195,0.6929423809051514,0.7158074975013733,-0.02197079546749592,0.6727221012115479,0.7027547955513,-0.051037922501564026,0.659635603427887,0.7501131296157837,-0.04516014829277992,0.6603143811225891,0.7800325155258179,-0.03214065358042717,0.7117449641227722,0.7442583441734314,-0.033686380833387375,0.6897801756858826,0.7372211217880249,-0.04918951541185379,0.6747769117355347,0.7700216770172119,-0.04270321875810623,0.6733235120773315,0.7927380204200745,-0.03270222619175911
0.6672056317329407,0.8659910559654236,-1.2133290283600218e-07,0.6369486451148987,0.820961594581604,-0.011083478108048439,0.6209132671356201,0.7640290260314941,-0.020246801897883415,0.6325938701629639,0.7191929221153259,-0.032283566892147064,0.660142719745636,0.6996849775314331,-0.04368490353226662,0.6407689452171326,0.686506450176239,-0.006824756972491741,0.6377633810043335,0.608460545539856,-0.025437351316213608,0.6377317905426025,0.5640378594398499,-0.03605804219841957,0.639535129070282,0.5250949859619141,-0.04360288381576538,0.6684979796409607,0.6945279240608215,-0.013647356070578098,0.6574525237083435,0.6556513905525208,-0.04552793130278587,0.6467795968055725,0.7005712985992432,-0.052327848970890045,0.6448569297790527,0.7351426482200623,-0.04842241853475571,0.692101240158081,0.7140179872512817,-0.022850940003991127,0.6731008887290955,0.7009137272834778,-0.05168471857905388,0.6602484583854675,0.7471161484718323,-0.04613625258207321,0.6598195433616638,0.7768549919128418,-0.033668845891952515,0.7107466459274292,0.742093026638031,-0.03370370343327522,0.6885859966278076,0.7364888787269592,-0.049689073115587234,0.6735067367553711,0.768740177154541,-0.044003166258335114,0.6713770627975464,0.7912877798080444,-0.03471413254737854
0.6649351119995117,0.8639620542526245,-1.2312976593875646e-07,0.6344223022460938,0.8210431337356567,-0.010441913269460201,0.6193663477897644,0.7652542591094971,-0.019811397418379784,0.6291218400001526,0.7218106985092163,-0.03202822431921959,0.6540325880050659,0.701698899269104,-0.04363824054598808,0.639541745185852,0.6863861680030823,-0.006747831590473652,0.6361746191978455,0.6095850467681885,-0.02550005167722702,0.6360529661178589,0.566628634929657,-0.03585462272167206,0.6385294198989868,0.5287376642227173,-0.042902443557977676,0.6677541732788086,0.6929070949554443,-0.013792603276669979,0.6552055478096008,0.6558278799057007,-0.04521923512220383,0.6438530087471008,0.6993268728256226,-0.05180266126990318,0.6420918107032776,0.7315608859062195,-0.0475739911198616,0.6914021372795105,0.710868239402771,-0.023090731352567673,0.6668757796287537,0.7042902112007141,-0.0511295422911644,0.6556729078292847,0.750890851020813,-0.04500666633248329,0.657695472240448,0.7773123383522034,-0.03232750669121742,0.7098119258880615,0.7375332117080688,-0.034004293382167816,0.6825257539749146,0.7385926842689514,-0.048666730523109436,0.6700096726417542,0.7732051014900208,-0.04180604964494705,0.6713355779647827,0.7937169075012207,-0.03176913037896156
0.6638675928115845,0.8607997894287109,-1.3539752785618475e-07,0.6337147355079651,0.8179354071617126,-0.00864423532038927,0.6181948184967041,0.7597769498825073,-0.016325339674949646,0.6309221982955933,0.7170760035514832,-0.02701065130531788,0.6570718288421631,0.6998950242996216,-0.03739093616604805,0.6385383605957031,0.685478687286377,-0.005806712433695793,0.6352918148040771,0.6100062131881714,-0.023115599527955055,0.6351715922355652,0.5670077800750732,-0.03272036835551262,0.6371997594833374,0.5296159982681274,-0.03959402069449425,0.6666695475578308,0.6922259330749512,-0.01330054271966219,0.6543335914611816,0.6564763784408569,-0.04337022081017494,0.6426906585693359,0.6993529200553894,-0.0496336966753006,0.6404924392700195,0.7323808670043945,-0.045632489025592804,0.6901888847351074,0.710629940032959,-0.022750983014702797,0.6666572690010071,0.7020259499549866,-0.04937179014086723,0.6551795601844788,0.7471574544906616,-0.043438639491796494,0.6568251252174377,0.774071216583252,-0.03145609796047211,0.7084457874298096,0.7377331852912903,-0.0336567722260952,0.6808901429176331,0.7379644513130188,-0.04800275340676308,0.6686816215515137,0.771297037601471,-0.0417235791683197,0.6707218885421753,0.7916058301925659,-0.03241043910384178
0.6592806577682495,0.8629177212715149,-1.2140981198172085e-07,0.6289077401161194,0.8174012303352356,-0.009233050048351288,0.614726185798645,0.7604440450668335,-0.015825577080249786,0.624069094657898,0.7165926694869995,-0.02519683912396431,0.6469854712486267,0.6965100169181824,-0.03405291214585304,0.6350143551826477,0.6851378679275513,-0.00372273288667202,0.6313067078590393,0.6112017631530762,-0.018121669068932533,0.630364716053009,0.5678244829177856,-0.027037763968110085,0.6313396096229553,0.5307114124298096,-0.03391292318701744,0.6614755392074585,0.6946365237236023,-0.010415812954306602,0.6514554619789124,0.6543503999710083,-0.036985259503126144,0.6373512744903564,0.6883425712585449,-0.04428061842918396,0.631269633769989,0.719752848148346,-0.042470503598451614,0.6838621497154236,0.7155759334564209,-0.019098324701189995,0.6681620478630066,0.696410059928894,-0.042953625321388245,0.6533886790275574,0.7305883765220642,-0.03989238291978836,0.6497058272361755,0.7578434348106384,-0.031233694404363632,0.7006441354751587,0.7454437613487244,-0.029282469302415848,0.6819084882736206,0.734733521938324,-0.0429145023226738,0.6649895906448364,0.7591649889945984,-0.038927096873521805,0.6591978073120117,0.7811468839645386,-0.03205243870615959
0.65578693151474,0.8657159805297852,-8.818900454343748e-08,0.6250959634780884,0.8221465945243835,-0.010873897932469845,0.60971599817276,0.7633748650550842,-0.017542170360684395,0.617695152759552,0.7169905304908752,-0.026643838733434677,0.641720712184906,0.6947471499443054,-0.03493194654583931,0.6298075914382935,0.6892370581626892,-0.0027718273922801018,0.6261475682258606,0.613537073135376,-0.016572855412960052,0.6251732110977173,0.5693236589431763,-0.024853074923157692,0.6264013648033142,0.5320646166801453,-0.031031973659992218,0.6556103825569153,0.6971883177757263,-0.008372622542083263,0.6485095024108887,0.6533764600753784,-0.03460787981748581,0.6357200145721436,0.6817384958267212,-0.04212559387087822,0.6301336884498596,0.7107635140419006,-0.040082912892103195,0.6779548525810242,0.715602695941925,-0.01614215411245823,0.6628972887992859,0.6957511901855469,-0.040634915232658386,0.6485071778297424,0.7308452129364014,-0.03848133608698845,0.6455022096633911,0.7599657773971558,-0.029839182272553444,0.6953470706939697,0.7423858046531677,-0.025484029203653336,0.6755332350730896,0.7332561016082764,-0.04003285616636276,0.6594674587249756,0.7615243792533875,-0.03660101071000099,0.655110776424408,0.7866653203964233,-0.029688647016882896
0.6537038683891296,0.8671430349349976,-9.635803621677042e-08,0.6226117014884949,0.8220275044441223,-0.00938494224101305,0.6071580052375793,0.7613190412521362,-0.016109513118863106,0.6181983947753906,0.7145280838012695,-0.025948254391551018,0.6458742618560791,0.6941547989845276,-0.03495336323976517,0.6296699047088623,0.6903932094573975,-0.0012073037214577198,0.6255594491958618,0.6151258945465088,-0.016972126439213753,0.624652624130249,0.5716087222099304,-0.02578558772802353,0.6263824105262756,0.5345900654792786,-0.031857967376708984,0.6555536389350891,0.6977286338806152,-0.008158465847373009,0.6472834944725037,0.6558559536933899,-0.036667995154857635,0.6336476802825928,0.6904272437095642,-0.04335454851388931,0.6294680833816528,0.7211961150169373,-0.039563193917274475,0.6778272986412048,0.7159659266471863,-0.017525292932987213,0.6590326428413391,0.7029648423194885,-0.04327135533094406,0.6460006237030029,0.7432019710540771,-0.03872384503483772,0.6469811201095581,0.7706983685493469,-0.027371788397431374,0.6954361200332642,0.7425270676612854,-0.028517909348011017,0.6729317903518677,0.7356840372085571,-0.0414949506521225,0.6584886908531189,0.7653967142105103,-0.035494137555360794,0.657993733882904,0.7871546149253845,-0.026498841121792793
0.652186930179596,0.8709675073623657,-9.462589645181652e-08,0.6204880475997925,0.8247445225715637,-0.009608755819499493,0.6054288148880005,0.7611733078956604,-0.015904579311609268,0.6180580854415894,0.7136132121086121,-0.025239543989300728,0.6465386748313904,0.6934609413146973,-0.033753473311662674,0.6277716159820557,0.6940718293190002,-0.00030617372249253094,0.6242355108261108,0.6177728772163391,-0.015980659052729607,0.6238640546798706,0.5736339688301086,-0.024563271552324295,0.6258800625801086,0.5357224941253662,-0.030510427430272102,0.6539944410324097,0.700603187084198,-0.00706084817647934,0.6461126208305359,0.6567720174789429,-0.03629622235894203,0.6326944231987,0.6910479068756104,-0.04337901249527931,0.6278713941574097,0.7225022315979004,-0.03944149240851402,0.6765598058700562,0.7178108096122742,-0.01628471538424492,0.6574038863182068,0.7051329612731934,-0.042763467878103256,0.6446865797042847,0.7467004656791687,-0.03855301812291145,0.6450935006141663,0.7753984928131104,-0.02707582898437977,0.695018470287323,0.7432541251182556,-0.027140537276864052,0.6708382368087769,0.7393237948417664,-0.04069796949625015,0.6566304564476013,0.7712649703025818,-0.0351262167096138,0.6559933423995972,0.7936540246009827,-0.026299238204956055
0.6502271294593811,0.8678784370422363,-8.397113049340987e-08,0.6188821792602539,0.8223224878311157,-0.008864146657288074,0.6049150228500366,0.7613779902458191,-0.015085696242749691,0.6171596050262451,0.7163262367248535,-0.02442588098347187,0.6431633830070496,0.695862889289856,-0.03304567188024521,0.6270695328712463,0.6895808577537537,2.7951013180427253e-05,0.6232962012290955,0.6150960326194763,-0.014679236337542534,0.6228681206703186,0.5718055963516235,-0.0230629350990057,0.6250308156013489,0.5349217057228088,-0.028984347358345985,0.6532726883888245,0.6972589492797852,-0.006981739774346352,0.6440457105636597,0.6561297178268433,-0.03441338613629341,0.6315497159957886,0.6870115995407104,-0.04171779006719589,0.6274449825286865,0.7149274349212646,-0.03884243220090866,0.6759861707687378,0.7158637642860413,-0.016295509412884712,0.6565653681755066,0.7035671472549438,-0.04164504632353783,0.6437202095985413,0.7438679933547974,-0.03807104751467705,0.6434659361839294,0.7722249031066895,-0.02773272432386875,0.6942567229270935,0.7426838874816895,-0.027120349928736687,0.6698511838912964,0.7387177348136902,-0.040643513202667236,0.655131459236145,0.7703195810317993,-0.03541867062449455,0.6537309288978577,0.7933101058006287,-0.02707439288496971
0.6510888934135437,0.8687489032745361,-9.226391028960279e-08,0.6195406317710876,0.8229027390480042,-0.008531350642442703,0.605539858341217,0.7620188593864441,-0.014569091610610485,0.617506742477417,0.7165338397026062,-0.023955173790454865,0.6438236236572266,0.6968408823013306,-0.03250487521290779,0.6273350715637207,0.692081868648529,0.0010119462385773659,0.6240237951278687,0.6171243786811829,-0.014256719499826431,0.6232744455337524,0.5733127593994141,-0.022848602384328842,0.6250576972961426,0.5357295870780945,-0.028882427141070366,0.6534030437469482,0.6990394592285156,-0.006398076191544533,0.6456897854804993,0.6574079990386963,-0.03487227484583855,0.6321196556091309,0.6889617443084717,-0.04216715693473816,0.6268829703330994,0.717804491519928,-0.038769882172346115,0.6760246753692627,0.7170089483261108,-0.01621045358479023,0.6554001569747925,0.7048312425613403,-0.0418124720454216,0.6431049704551697,0.7448879480361938,-0.03776688128709793,0.6440457105636597,0.7722127437591553,-0.026865195482969284,0.6942886114120483,0.7433627247810364,-0.0276278555393219,0.6694921851158142,0.7400956153869629,-0.04068818688392639,0.6555222272872925,0.7707682847976685,-0.03515711799263954,0.6552959680557251,0.7919526696205139,-0.026589063927531242
0.6499653458595276,0.872555136680603,-7.432372939319976e-08,0.6187151670455933,0.8273869752883911,-0.008705023676156998,0.6053869724273682,0.7651500105857849,-0.014575815759599209,0.6167455315589905,0.7189364433288574,-0.02364935725927353,0.6426565051078796,0.6984162926673889,-0.03193102777004242,0.626300036907196,0.6947237849235535,0.0012474758550524712,0.6230669021606445,0.6191545724868774,-0.013670266605913639,0.6222509145736694,0.5745975375175476,-0.022108294069767,0.6238781213760376,0.5364722609519958,-0.027921540662646294,0.6520665884017944,0.7012912034988403,-0.005917854607105255,0.6457498669624329,0.6568669080734253,-0.033998869359493256,0.6316196918487549,0.6857271194458008,-0.04164082184433937,0.6254151463508606,0.7130698561668396,-0.03833439201116562,0.674701988697052,0.7187950015068054,-0.015402673743665218,0.6547356247901917,0.704314112663269,-0.04109489545226097,0.6422485709190369,0.7447526454925537,-0.0374530665576458,0.6430231928825378,0.77296382188797,-0.02651900425553322,0.6929104328155518,0.744626522064209,-0.026390502229332924,0.6682524681091309,0.7390181422233582,-0.039527323096990585,0.6550095081329346,0.7705641984939575,-0.03377312794327736,0.6557586193084717,0.7928038835525513,-0.02484171837568283
0.6492981314659119,0.8688211441040039,-8.790286898374688e-08,0.6178531050682068,0.8232330083847046,-0.00820990838110447,0.6039573550224304,0.7623139023780823,-0.014335344545543194,0.6170750856399536,0.718170702457428,-0.023742469027638435,0.6442521214485168,0.7008172273635864,-0.0324893519282341,0.6262972950935364,0.6902095675468445,-0.00010742358426796272,0.6229873299598694,0.6154885292053223,-0.015171795152127743,0.622778058052063,0.5724698305130005,-0.023771988227963448,0.6251611709594727,0.5355501174926758,-0.029871247708797455,0.6526659727096558,0.6980429887771606,-0.007513226009905338,0.6427221298217773,0.6571071147918701,-0.03544662147760391,0.6299968957901001,0.6908782720565796,-0.04244730994105339,0.6264734864234924,0.7205551862716675,-0.039103567600250244,0.6752824783325195,0.7170824408531189,-0.017167899757623672,0.6545503735542297,0.7055801749229431,-0.042653921991586685,0.6415672302246094,0.7463051676750183,-0.038644418120384216,0.6420338153839111,0.7737500071525574,-0.027853675186634064,0.6931238174438477,0.7445700764656067,-0.02830709144473076,0.6687289476394653,0.7396053075790405,-0.04159943386912346,0.6539298892021179,0.7709556221961975,-0.035961832851171494,0.6528874039649963,0.7932336330413818,-0.02727060206234455
0.6506900787353516,0.8732141852378845,-1.0864059163395723e-07,0.6183240413665771,0.8272864818572998,-0.00859802309423685,0.6043256521224976,0.7644018530845642,-0.01421244814991951,0.6168110370635986,0.7174801230430603,-0.02307070791721344,0.6436561346054077,0.6994712352752686,-0.031216241419315338,0.6254779100418091,0.6933552026748657,0.001355236629024148,0.623131275177002,0.6176096200942993,-0.013663961552083492,0.6224679350852966,0.5742727518081665,-0.02191544510424137,0.6246377825737,0.5367358326911926,-0.02782716602087021,0.6517329216003418,0.6998937129974365,-0.005841315258294344,0.6436200141906738,0.657190203666687,-0.034109462052583694,0.630230188369751,0.695260226726532,-0.04060396924614906,0.6270284056663513,0.7279996275901794,-0.03646182268857956,0.6741665005683899,0.7177500128746033,-0.015475073829293251,0.6551741361618042,0.7031297087669373,-0.04142318665981293,0.6415247321128845,0.7449151277542114,-0.037173498421907425,0.6424786448478699,0.7728601098060608,-0.025898456573486328,0.6915891766548157,0.7441915273666382,-0.026623103767633438,0.6681050658226013,0.7385061383247375,-0.04050689563155174,0.6541657447814941,0.7701961994171143,-0.03523264452815056,0.6546468138694763,0.7923275232315063,-0.026570109650492668
0.6490630507469177,0.8715095520019531,-8.864731881885746e-08,0.6172292232513428,0.8237541913986206,-0.007882488891482353,0.603606104850769,0.7624385952949524,-0.013917065225541592,0.6164717078208923,0.7184672355651855,-0.02358437329530716,0.6432485580444336,0.6999215483665466,-0.03271191567182541,0.6261792182922363,0.6924564242362976,0.0014115785015746951,0.6226702928543091,0.6180617213249207,-0.014201275072991848,0.6220258474349976,0.5749857425689697,-0.02331911213696003,0.6243525147438049,0.5374112129211426,-0.029633238911628723,0.6517274975776672,0.7000394463539124,-0.006426244508475065,0.6430414915084839,0.6565991044044495,-0.034970786422491074,0.6297444701194763,0.6901057958602905,-0.04253077507019043,0.6259744167327881,0.7195081114768982,-0.039273135364055634,0.6739024519920349,0.7186172604560852,-0.016601916402578354,0.6543428897857666,0.7036458253860474,-0.04282452166080475,0.6404017806053162,0.7453376054763794,-0.03904852271080017,0.6405418515205383,0.7741721868515015,-0.027928641065955162,0.6915737390518188,0.7455229759216309,-0.028226468712091446,0.668412983417511,0.7378213405609131,-0.041803158819675446,0.6528019905090332,0.7690991759300232,-0.036087483167648315,0.6512574553489685,0.7924014925956726,-0.02710447832942009
0.6486952900886536,0.8721320033073425,-1.1310731196090273e-07,0.6171267628669739,0.8263084292411804,-0.009130745194852352,0.6017824411392212,0.7659372091293335,-0.015820877626538277,0.6134397387504578,0.7198687791824341,-0.02574530430138111,0.6405383348464966,0.6984670758247375,-0.03491431102156639,0.6232460737228394,0.6942794919013977,-0.0006371439667418599,0.6212247610092163,0.618353545665741,-0.016844632104039192,0.6213472485542297,0.5743067264556885,-0.025824928656220436,0.6236871480941772,0.536704957485199,-0.03198961168527603,0.6493272185325623,0.7013993859291077,-0.007731305435299873,0.6415348649024963,0.6601455211639404,-0.037053465843200684,0.6282140016555786,0.699622631072998,-0.043486326932907104,0.6244001388549805,0.7331758141517639,-0.03916894644498825,0.6717562079429626,0.7193875312805176,-0.017276581376791,0.6538910269737244,0.7052529454231262,-0.04359573870897293,0.6396781206130981,0.7474745512008667,-0.038523245602846146,0.6394153833389282,0.7755042910575867,-0.026601403951644897,0.6897566318511963,0.7459328174591064,-0.02840437926352024,0.6672123670578003,0.7398151159286499,-0.041891053318977356,0.6520215272903442,0.7710891366004944,-0.03578083589673042,0.6506543159484863,0.7931627631187439,-0.02647819183766842
0.6487814784049988,0.8753936886787415,-1.1749599337917971e-07,0.6165472865104675,0.8302929997444153,-0.00850626453757286,0.6021209955215454,0.7678001523017883,-0.014404619112610817,0.613439679145813,0.7217091917991638,-0.023698505014181137,0.6394292712211609,0.7020455002784729,-0.03225448355078697,0.6230742335319519,0.6931957006454468,0.0011358422925695777,0.6213728785514832,0.6179908514022827,-0.014626996591687202,0.6205317378044128,0.5741070508956909,-0.023148195818066597,0.6221473217010498,0.5366158485412598,-0.02911258116364479,0.6493326425552368,0.6996866464614868,-0.006408632267266512,0.6392810940742493,0.6621111631393433,-0.03555767610669136,0.6266825795173645,0.7034881711006165,-0.04183155298233032,0.6248231530189514,0.7355244755744934,-0.03741446137428284,0.6715494394302368,0.7178763747215271,-0.016470221802592278,0.6515901684761047,0.7068364024162292,-0.0429367832839489,0.6383203268051147,0.7507582306861877,-0.03781793639063835,0.6399513483047485,0.7768137454986572,-0.025956731289625168,0.6886603832244873,0.7451860904693604,-0.0281029362231493,0.6648611426353455,0.7427060604095459,-0.041928499937057495,0.6513740420341492,0.7753422260284424,-0.03602096438407898,0.6525824069976807,0.7954351305961609,-0.026860225945711136
0.6469300389289856,0.8738055229187012,-1.1236065233788395e-07,0.614953339099884,0.8269587755203247,-0.008391333743929863,0.6007545590400696,0.7662896513938904,-0.014802483841776848,0.6130608916282654,0.72202068567276,-0.024618739262223244,0.6404438018798828,0.7029545307159424,-0.033792268484830856,0.621854841709137,0.6915829181671143,0.0008025486022233963,0.6198439598083496,0.6183783411979675,-0.01489702146500349,0.6193195581436157,0.5754095315933228,-0.023788224905729294,0.6212849617004395,0.5382863879203796,-0.030128130689263344,0.6485963463783264,0.698624849319458,-0.006822545547038317,0.6390073895454407,0.6610477566719055,-0.03556065261363983,0.6260992288589478,0.6999800801277161,-0.04239938408136368,0.6226587295532227,0.7314911484718323,-0.03870231658220291,0.671209990978241,0.7171475887298584,-0.016865715384483337,0.6508514285087585,0.7071273922920227,-0.042593102902173996,0.6380268335342407,0.7491550445556641,-0.038169510662555695,0.6385647058486938,0.7752887010574341,-0.027159390971064568,0.6883467435836792,0.7445425987243652,-0.028492005541920662,0.6626205444335938,0.7452970147132874,-0.04177774488925934,0.649400532245636,0.7773836851119995,-0.03626497834920883,0.6499149799346924,0.7977061867713928,-0.02766202762722969
0.6470811367034912,0.8733653426170349,-1.1552205592124665e-07,0.6151478886604309,0.8272137641906738,-0.008611617609858513,0.6003766059875488,0.7674471139907837,-0.015275033190846443,0.6126604080200195,0.7228690981864929,-0.025338921695947647,0.6398401260375977,0.7038944959640503,-0.03473019227385521,0.6208001971244812,0.6929506063461304,0.00023384048836305737,0.6189550161361694,0.6187689304351807,-0.01610574685037136,0.6187275648117065,0.5757383108139038,-0.025268450379371643,0.6210874915122986,0.5383762717247009,-0.031756021082401276,0.64767986536026,0.6997185945510864,-0.007461481727659702,0.6379863023757935,0.6610177159309387,-0.03695937991142273,0.6254356503486633,0.7023601531982422,-0.043640244752168655,0.6229698657989502,0.7350623607635498,-0.03959229961037636,0.6704984903335571,0.7182137966156006,-0.017638858407735825,0.6503907442092896,0.7068827748298645,-0.04416734725236893,0.6371620893478394,0.7502962350845337,-0.03935884311795235,0.6380503177642822,0.7769626379013062,-0.02775418572127819,0.6879817247390747,0.745729923248291,-0.02938845194876194,0.6630769371986389,0.7439519762992859,-0.04330655559897423,0.6493064165115356,0.7759819626808167,-0.03769461065530777,0.649632453918457,0.7962415218353271,-0.028818726539611816
0.6469825506210327,0.8732950091362,-1.1471680494423708e-07,0.6151962876319885,0.8293722867965698,-0.008971293456852436,0.6010042428970337,0.7679085731506348,-0.015421881340444088,0.6133492588996887,0.7217598557472229,-0.024984396994113922,0.6406750679016113,0.7047106027603149,-0.03377009928226471,0.6203641891479492,0.6925086975097656,-0.0005127488984726369,0.6186807155609131,0.617132306098938,-0.016782239079475403,0.6179510354995728,0.5740970969200134,-0.025563394650816917,0.6199362874031067,0.5366142392158508,-0.03193839639425278,0.6476250886917114,0.6988548636436462,-0.007922499440610409,0.6370850205421448,0.6614027619361877,-0.03777790442109108,0.625655472278595,0.7043452858924866,-0.04391187056899071,0.624811589717865,0.7359399199485779,-0.03932857885956764,0.6705142855644226,0.7173118591308594,-0.017815250903367996,0.6492087841033936,0.707976758480072,-0.044470738619565964,0.6369753479957581,0.7521986961364746,-0.03913504630327225,0.6395391225814819,0.7761670351028442,-0.02725730650126934,0.6875395774841309,0.7447144985198975,-0.029322559013962746,0.6607858538627625,0.746790885925293,-0.04343033581972122,0.6488114595413208,0.7796467542648315,-0.03785821422934532,0.6519889831542969,0.797299861907959,-0.029063861817121506
0.648894727230072,0.871399462223053,-1.108722571530052e-07,0.6181999444961548,0.8281999826431274,-0.010495360009372234,0.6024383306503296,0.7675721645355225,-0.017741119489073753,0.6143972277641296,0.7216699719429016,-0.027966346591711044,0.6422178149223328,0.701937735080719,-0.03737463057041168,0.6213829517364502,0.6914188265800476,-0.0018816724186763167,0.6197918057441711,0.6163221001625061,-0.019201546907424927,0.6196551322937012,0.5726555585861206,-0.02861510030925274,0.6222943067550659,0.5352461338043213,-0.03516125679016113,0.6483950614929199,0.6979663968086243,-0.008685251697897911,0.6396958827972412,0.6611161828041077,-0.03943512588739395,0.6272643804550171,0.7042146325111389,-0.045800335705280304,0.6250805854797363,0.7373591065406799,-0.04113513603806496,0.671087384223938,0.7163001894950867,-0.018156901001930237,0.6522529721260071,0.7070839405059814,-0.04556065425276756,0.6386831998825073,0.751375138759613,-0.0403127558529377,0.6395058035850525,0.7769207954406738,-0.028291454538702965,0.6885917782783508,0.743259847164154,-0.02939785085618496,0.6644084453582764,0.7459359169006348,-0.044165756553411484,0.6504156589508057,0.7791593670845032,-0.03879246488213539,0.650920033454895,0.7977375984191895,-0.029920803382992744
0.6491913199424744,0.8761088848114014,-1.0733709387977797e-07,0.6180293560028076,0.8282032012939453,-0.008371556177735329,0.6028081774711609,0.7655161619186401,-0.014011734165251255,0.6151114702224731,0.7208333611488342,-0.023097066208720207,0.6430743336677551,0.7042669653892517,-0.03150707855820656,0.6237602233886719,0.6927661299705505,0.001957949483767152,0.6212967038154602,0.6175659894943237,-0.013192773796617985,0.6205347776412964,0.5736830830574036,-0.021582910791039467,0.6223412156105042,0.5361037850379944,-0.02770683914422989,0.6499751210212708,0.6997467875480652,-0.005876653362065554,0.6419262290000916,0.6585627794265747,-0.03422145918011665,0.6290122270584106,0.699302077293396,-0.040921129286289215,0.6263918280601501,0.7320094704627991,-0.037073325365781784,0.6722946763038635,0.7188969850540161,-0.01620963215827942,0.6561154723167419,0.7039034962654114,-0.04214157909154892,0.6412646770477295,0.7455856800079346,-0.03821651265025139,0.6409277319908142,0.7721593976020813,-0.027409901842474937,0.6894204616546631,0.7472202777862549,-0.028048085048794746,0.6672466397285461,0.7437852621078491,-0.041830360889434814,0.6525081396102905,0.7745023965835571,-0.03677411377429962,0.6519526839256287,0.7950870394706726,-0.028457345440983772
0.6495694518089294,0.873516321182251,-1.0336356126572355e-07,0.6178166270256042,0.8265217542648315,-0.008214744739234447,0.6041766405105591,0.7654056549072266,-0.01437295414507389,0.6169291138648987,0.723000168800354,-0.023929588496685028,0.6429169774055481,0.7050371766090393,-0.03297590836882591,0.6244272589683533,0.6905988454818726,0.00041749957017600536,0.621993899345398,0.6171430945396423,-0.015037445351481438,0.6216655373573303,0.573935866355896,-0.024129768833518028,0.6239686608314514,0.5364623665809631,-0.030749520286917686,0.6509515047073364,0.6985071897506714,-0.0073422398418188095,0.6425604820251465,0.6603339910507202,-0.035455845296382904,0.6288770437240601,0.6968778371810913,-0.04280179738998413,0.624610424041748,0.7267698049545288,-0.0399806872010231,0.6734868884086609,0.7180176377296448,-0.017425719648599625,0.655367910861969,0.7046005725860596,-0.042577989399433136,0.6409317851066589,0.7447051405906677,-0.038736503571271896,0.6402611136436462,0.7707477807998657,-0.028653500601649284,0.6908079981803894,0.7461694478988647,-0.029049362987279892,0.6671351790428162,0.7437769174575806,-0.042298804968595505,0.6523630619049072,0.774718165397644,-0.037047017365694046,0.6519538164138794,0.7956088781356812,-0.028933100402355194
0.6490837931632996,0.8718223571777344,-1.1245468556353444e-07,0.6173251271247864,0.8243027925491333,-0.008452326990664005,0.6035711765289307,0.7627217769622803,-0.014774841256439686,0.617668867111206,0.7195640802383423,-0.02453712560236454,0.6452195644378662,0.7027252912521362,-0.033621665090322495,0.6248863935470581,0.6890347003936768,0.0003244627732783556,0.6231505870819092,0.6156871318817139,-0.015633128583431244,0.6225394010543823,0.5732600092887878,-0.024489257484674454,0.6247015595436096,0.5360119342803955,-0.030880941078066826,0.6521868705749512,0.6961472630500793,-0.007482228800654411,0.6421269178390503,0.6588597297668457,-0.03648972138762474,0.6290599703788757,0.6997841596603394,-0.04298606514930725,0.626616358757019,0.730983316898346,-0.039024718105793,0.6749531626701355,0.7154372930526733,-0.017779845744371414,0.6547625660896301,0.7053882479667664,-0.04403650015592575,0.640693187713623,0.7489911317825317,-0.03937971219420433,0.6414069533348083,0.7746917009353638,-0.028109386563301086,0.6920329332351685,0.7437721490859985,-0.029671963304281235,0.6672136783599854,0.7438775300979614,-0.04339737445116043,0.6520915627479553,0.7761825919151306,-0.03794659674167633,0.6517093181610107,0.7960700392723083,-0.02936994843184948
0.6490240693092346,0.8702100515365601,-1.0105786429903674e-07,0.6181983947753906,0.8267099857330322,-0.010966319590806961,0.60401850938797,0.7657925486564636,-0.018266241997480392,0.6169734597206116,0.7187928557395935,-0.028452154248952866,0.6453604698181152,0.7000055909156799,-0.037753961980342865,0.6240835785865784,0.6913129091262817,-0.0014057874213904142,0.6229475736618042,0.6157952547073364,-0.017925210297107697,0.6228851079940796,0.5722460746765137,-0.027095355093479156,0.6252082586288452,0.5346207022666931,-0.033501025289297104,0.6505432724952698,0.6987528800964355,-0.007815278135240078,0.6425617337226868,0.6579194068908691,-0.0385015495121479,0.6296452879905701,0.6974127292633057,-0.04561123251914978,0.626318633556366,0.7293581366539001,-0.041316285729408264,0.6730711460113525,0.7169198393821716,-0.016839422285556793,0.6546745896339417,0.7043225765228271,-0.04482530802488327,0.641332745552063,0.7484561800956726,-0.04044121876358986,0.6420979499816895,0.7756693959236145,-0.02839919552206993,0.6906255483627319,0.7430853843688965,-0.02753083035349846,0.6674583554267883,0.7392213940620422,-0.04230974242091179,0.6537187695503235,0.771712601184845,-0.03687436878681183,0.6544137597084045,0.7925757765769958,-0.02774648182094097
0.6499093770980835,0.8714936971664429,-1.1869291682842231e-07,0.6185864210128784,0.8282292485237122,-0.010305184870958328,0.603049635887146,0.7653525471687317,-0.016867507249116898,0.6162716746330261,0.718427300453186,-0.026308802887797356,0.6455541253089905,0.7022481560707092,-0.034963421523571014,0.6242846846580505,0.6910730004310608,-0.001231725444085896,0.622803270816803,0.6163626313209534,-0.017392681911587715,0.6221727132797241,0.5735270977020264,-0.02618994563817978,0.624180018901825,0.5361031293869019,-0.032568931579589844,0.651228129863739,0.6975870728492737,-0.00783142913132906,0.6411468386650085,0.6590635180473328,-0.03790561109781265,0.6287563443183899,0.7012858390808105,-0.0442531481385231,0.6270884275436401,0.7340759634971619,-0.039604853838682175,0.6736815571784973,0.715834379196167,-0.017005907371640205,0.6539283990859985,0.7052550911903381,-0.04420771077275276,0.6406168341636658,0.7497026920318604,-0.039502937346696854,0.6420270800590515,0.7760525345802307,-0.027648886665701866,0.6907165050506592,0.7427246570587158,-0.027885671705007553,0.6657195687294006,0.7430000901222229,-0.04265039414167404,0.6520249247550964,0.7760473489761353,-0.03776164725422859,0.653269350528717,0.7959201335906982,-0.029193934053182602
0.649648129940033,0.8740096092224121,-1.1287497159173654e-07,0.6183037161827087,0.8302190899848938,-0.010003779083490372,0.6030868291854858,0.7678688764572144,-0.01671825908124447,0.6144376397132874,0.7204035520553589,-0.026394428685307503,0.641731858253479,0.7036358118057251,-0.03529882803559303,0.6237634420394897,0.6927004456520081,-0.0008445103303529322,0.6221343278884888,0.6181535720825195,-0.016994446516036987,0.6215939521789551,0.5746145248413086,-0.025950945913791656,0.6236339807510376,0.5368043780326843,-0.03241859748959541,0.6499747633934021,0.6987826228141785,-0.0077079166658222675,0.6405066251754761,0.6602433919906616,-0.03735952451825142,0.6284009218215942,0.7007929086685181,-0.043934810906648636,0.6263622045516968,0.7321111559867859,-0.0396539606153965,0.6722494959831238,0.7166467905044556,-0.017091216519474983,0.6526578068733215,0.7057607173919678,-0.043824125081300735,0.6399642825126648,0.748971700668335,-0.03926991671323776,0.6415132880210876,0.7740228772163391,-0.027809375897049904,0.6894025206565857,0.7434972524642944,-0.028161795809864998,0.6645109057426453,0.7441695332527161,-0.04249534755945206,0.6517844200134277,0.7767072916030884,-0.03747230023145676,0.6537294983863831,0.7958278656005859,-0.02896551974117756
0.6500797271728516,0.8740339279174805,-1.125680455515976e-07,0.617615818977356,0.8296760320663452,-0.008603791706264019,0.603263795375824,0.7682408094406128,-0.014608792960643768,0.6154131293296814,0.7227816581726074,-0.024010615423321724,0.6411035656929016,0.7049185037612915,-0.03286147490143776,0.622971773147583,0.6937291026115417,0.00044847812387160957,0.6217068433761597,0.6181983351707458,-0.01541432086378336,0.6210254430770874,0.5738688111305237,-0.024400634691119194,0.6220685839653015,0.5356102585792542,-0.030894994735717773,0.6488783359527588,0.7010322213172913,-0.007161478977650404,0.639660656452179,0.6611701846122742,-0.03663961961865425,0.6279858350753784,0.7015541195869446,-0.043637193739414215,0.6254990100860596,0.7337061762809753,-0.03984402120113373,0.6714057326316833,0.7191830277442932,-0.01715162582695484,0.6532022953033447,0.7046773433685303,-0.04391908645629883,0.6403464078903198,0.7487712502479553,-0.039278898388147354,0.6407784223556519,0.7763190865516663,-0.027747346088290215,0.6892189979553223,0.7459831237792969,-0.02867111749947071,0.6660854816436768,0.7420579791069031,-0.042987510561943054,0.652485728263855,0.7750079035758972,-0.03737644851207733,0.6530946493148804,0.7962934374809265,-0.028456708416342735
0.648574709892273,0.8708001375198364,-9.452453042513298e-08,0.6156083941459656,0.8268551826477051,-0.00833730399608612,0.6029000878334045,0.7661367654800415,-0.014009934850037098,0.6149826645851135,0.7231317758560181,-0.022907279431819916,0.63910311460495,0.7051892280578613,-0.031155601143836975,0.6215212345123291,0.689831018447876,0.0002403256221441552,0.6201980710029602,0.6161777377128601,-0.014931386336684227,0.619759202003479,0.5729641914367676,-0.023435115814208984,0.6217768788337708,0.5358039140701294,-0.02955038845539093,0.6485108137130737,0.6978114247322083,-0.0071438890881836414,0.6400395631790161,0.6614550948143005,-0.035417329519987106,0.6279787421226501,0.6980494856834412,-0.04236790910363197,0.6250900030136108,0.7264026999473572,-0.0390455462038517,0.6712589263916016,0.7168948650360107,-0.016830990090966225,0.6520708203315735,0.7077040672302246,-0.0422280952334404,0.6386633515357971,0.7486434578895569,-0.03832140192389488,0.6386566758155823,0.772199273109436,-0.02799207903444767,0.6882935762405396,0.744387149810791,-0.028037507086992264,0.6640607714653015,0.7460954189300537,-0.04140300676226616,0.6506618857383728,0.777656078338623,-0.03621404618024826,0.6511089205741882,0.7960566878318787,-0.028013136237859726
0.6489132642745972,0.8708846569061279,-9.900497843773337e-08,0.6164331436157227,0.8274422287940979,-0.009110490791499615,0.6018995046615601,0.7662464380264282,-0.015387152321636677,0.6139671802520752,0.7218512892723083,-0.02482353150844574,0.6404589414596558,0.7045326232910156,-0.03353940322995186,0.6220464706420898,0.6912270188331604,-0.0005462049739435315,0.6201500296592712,0.6162048578262329,-0.01640591025352478,0.619559645652771,0.5732204914093018,-0.025174755603075027,0.6217756271362305,0.5361109972000122,-0.031369633972644806,0.6488092541694641,0.6981512308120728,-0.007724672555923462,0.6399376392364502,0.6600520014762878,-0.03664321452379227,0.627216100692749,0.6974367499351501,-0.04330409690737724,0.6242706179618835,0.7264575362205505,-0.039436593651771545,0.6713060140609741,0.7166537046432495,-0.017320165410637856,0.6516187191009521,0.7074602246284485,-0.043400850147008896,0.6383571028709412,0.7498220205307007,-0.03894730657339096,0.6390717029571533,0.7744799852371216,-0.027760479599237442,0.6882864832878113,0.7438181042671204,-0.02853711135685444,0.6638991832733154,0.7443363666534424,-0.04223330691456795,0.6501510143280029,0.7762643694877625,-0.03674737364053726,0.6504661440849304,0.7952020764350891,-0.028050769120454788
0.6479890942573547,0.8699616193771362,-1.0969308306130188e-07,0.616784930229187,0.8271908164024353,-0.009595152921974659,0.6015005111694336,0.7661271095275879,-0.01618577353656292,0.6138941049575806,0.7211824655532837,-0.025798415765166283,0.6414449214935303,0.7056676745414734,-0.0346885584294796,0.6220799088478088,0.6906100511550903,-0.0014983107103034854,0.6202734112739563,0.6160013675689697,-0.01753004640340805,0.6197200417518616,0.5730283856391907,-0.026364145800471306,0.6216652393341064,0.5357334613800049,-0.032818038016557693,0.6486377120018005,0.6971849203109741,-0.008473781868815422,0.6388475298881531,0.6599702835083008,-0.03746255487203598,0.6269849538803101,0.6995921730995178,-0.043767496943473816,0.6250600814819336,0.7293452024459839,-0.039796553552150726,0.671027660369873,0.7155566811561584,-0.017899654805660248,0.6513234972953796,0.706572413444519,-0.044146761298179626,0.6383532285690308,0.7493867874145508,-0.039577387273311615,0.6393654942512512,0.773603081703186,-0.028493912890553474,0.6881040334701538,0.7426748275756836,-0.029017755761742592,0.6634729504585266,0.7450280785560608,-0.04334760457277298,0.6495498418807983,0.7774320244789124,-0.03845813125371933,0.6498866677284241,0.7963177561759949,-0.030255774036049843
0.6484876871109009,0.8706490397453308,-1.1442775615932987e-07,0.6171450614929199,0.827939510345459,-0.010623118840157986,0.6014803051948547,0.7682822942733765,-0.01799936406314373,0.6124578714370728,0.7221834659576416,-0.02817274071276188,0.6400734186172485,0.7046566009521484,-0.03750123828649521,0.6222736835479736,0.6909779906272888,-0.0028925829101353884,0.6201757788658142,0.6159520745277405,-0.019555291160941124,0.619443953037262,0.5730416774749756,-0.028625817969441414,0.6212347149848938,0.5356480479240417,-0.035108134150505066,0.6495046019554138,0.6975116729736328,-0.009418119676411152,0.6381797194480896,0.6599874496459961,-0.03860035166144371,0.6262171268463135,0.7013252377510071,-0.04448458179831505,0.6249431371688843,0.7316891551017761,-0.040173619985580444,0.6721533536911011,0.7162953019142151,-0.018512582406401634,0.651334822177887,0.7063226103782654,-0.0451497808098793,0.6379126906394958,0.7495917081832886,-0.04015367105603218,0.6391804218292236,0.7741003036499023,-0.02862728014588356,0.6891308426856995,0.7440090179443359,-0.029352519661188126,0.664093554019928,0.7445290684700012,-0.04395043104887009,0.649473249912262,0.7764649987220764,-0.038882333785295486,0.649311363697052,0.7956550717353821,-0.030393727123737335
0.6480809450149536,0.871015191078186,-1.1330397597930641e-07,0.616221010684967,0.8286995887756348,-0.009915408678352833,0.6016896367073059,0.7687726020812988,-0.016990499570965767,0.6129105091094971,0.7229820489883423,-0.027011679485440254,0.638690173625946,0.7049665451049805,-0.036169204860925674,0.6220606565475464,0.690025806427002,-0.0015374746872112155,0.6198897957801819,0.6156575083732605,-0.018265286460518837,0.6190288662910461,0.5729929208755493,-0.027512390166521072,0.6210005879402161,0.535810112953186,-0.03408359736204147,0.6491048336029053,0.6968624591827393,-0.008635425940155983,0.6377739310264587,0.659429669380188,-0.03839573636651039,0.6256455779075623,0.7003334164619446,-0.04476767033338547,0.6242970824241638,0.729668140411377,-0.04057277739048004,0.671536386013031,0.7159414887428284,-0.018299637362360954,0.6502255797386169,0.7069003582000732,-0.04537303000688553,0.6376217007637024,0.7513201832771301,-0.04011388123035431,0.6398847699165344,0.7749177813529968,-0.028255105018615723,0.6879210472106934,0.744020402431488,-0.029650339856743813,0.6622254848480225,0.7452399134635925,-0.04408922791481018,0.6492371559143066,0.7781792879104614,-0.03838934749364853,0.6511231660842896,0.7961928248405457,-0.029447201639413834
0.6482585072517395,0.8711026906967163,-1.1521034792849605e-07,0.6163302659988403,0.8280118703842163,-0.009291049093008041,0.6010585427284241,0.768838107585907,-0.01663111336529255,0.6122908592224121,0.7232152223587036,-0.027083704248070717,0.6385892033576965,0.7044864296913147,-0.03681293874979019,0.621428906917572,0.6914057731628418,-0.0018340693786740303,0.6189940571784973,0.6165204048156738,-0.019290786236524582,0.6184370517730713,0.5736854672431946,-0.02902660146355629,0.6205028295516968,0.535916805267334,-0.03590793535113335,0.6487076878547668,0.6978092789649963,-0.009423458948731422,0.6361215710639954,0.6585022211074829,-0.04009949788451195,0.6241564154624939,0.7011921405792236,-0.04664948955178261,0.6231828331947327,0.7326664328575134,-0.04230104386806488,0.671065092086792,0.7163221836090088,-0.019504480063915253,0.6480274796485901,0.7065432071685791,-0.04698539152741432,0.6359263062477112,0.7520256638526917,-0.04109560698270798,0.6388880610466003,0.7764886021614075,-0.028613245114684105,0.6872199773788452,0.7439656257629395,-0.031242158263921738,0.6605919003486633,0.7440297603607178,-0.04560575261712074,0.6488409638404846,0.7773608565330505,-0.039320074021816254,0.6522362232208252,0.7952356338500977,-0.029909826815128326
0.6491311192512512,0.8740512728691101,-1.1113289843933671e-07,0.6169955134391785,0.8306063413619995,-0.010080422274768353,0.6007784605026245,0.7707714438438416,-0.01729508489370346,0.6109498143196106,0.724061906337738,-0.02742615155875683,0.637879490852356,0.7039186358451843,-0.03679453954100609,0.6208202242851257,0.6936184763908386,-0.0022669374011456966,0.6182980537414551,0.6185145378112793,-0.01950412429869175,0.6176875233650208,0.5751547813415527,-0.02910180389881134,0.6196139454841614,0.5371068716049194,-0.03586793690919876,0.6482349038124084,0.6987732648849487,-0.009101159870624542,0.6365821361541748,0.659696102142334,-0.03892424702644348,0.62437504529953,0.70119708776474,-0.04525706544518471,0.6224277019500732,0.7331869602203369,-0.040939826518297195,0.6708773374557495,0.7163604497909546,-0.018483955413103104,0.6485306620597839,0.7072858810424805,-0.04514119401574135,0.6359877586364746,0.7511239647865295,-0.039936210960149765,0.6378396153450012,0.7766662836074829,-0.02815384231507778,0.6872358918190002,0.7431278824806213,-0.029635075479745865,0.6611372232437134,0.7454692721366882,-0.04399874061346054,0.6483951210975647,0.7780205607414246,-0.03877643495798111,0.6500141620635986,0.7970209121704102,-0.030139759182929993
0.6487547159194946,0.872633159160614,-1.0199406830224689e-07,0.616525411605835,0.8297201991081238,-0.009987673722207546,0.6015493273735046,0.7703348398208618,-0.01713615469634533,0.6118397116661072,0.7249202132225037,-0.027234472334384918,0.6372841596603394,0.7027453184127808,-0.03652861714363098,0.6199245452880859,0.6923109292984009,-0.0014464609557762742,0.6179200410842896,0.6175445318222046,-0.01859297975897789,0.6172388195991516,0.5739954710006714,-0.028125833719968796,0.6191819310188293,0.5362300872802734,-0.03470418229699135,0.6470856666564941,0.6992235779762268,-0.008493652567267418,0.6375830769538879,0.6604658365249634,-0.03862098231911659,0.6251789331436157,0.7025230526924133,-0.04520857334136963,0.6230639815330505,0.7340335249900818,-0.04095793887972832,0.6695999503135681,0.7178807854652405,-0.018114542588591576,0.6503112316131592,0.7068328261375427,-0.0451732836663723,0.6372057795524597,0.750823438167572,-0.03968041017651558,0.6386014819145203,0.7751237154006958,-0.027584752067923546,0.6859385371208191,0.7452733516693115,-0.029388118535280228,0.6621547341346741,0.744719922542572,-0.04346141591668129,0.6497059464454651,0.7774472236633301,-0.03718383237719536,0.6517518758773804,0.7954649925231934,-0.027795959264039993
0.6482961177825928,0.8728574514389038,-1.0485161539008914e-07,0.6168389916419983,0.8303054571151733,-0.010924014262855053,0.6009764671325684,0.7700219750404358,-0.01846284419298172,0.6111735701560974,0.7232107520103455,-0.02883301116526127,0.6382828950881958,0.7021844387054443,-0.03829546272754669,0.6200867891311646,0.6916067004203796,-0.0018753070617094636,0.6182063221931458,0.6168863773345947,-0.019194060936570168,0.6169958114624023,0.5733423829078674,-0.028653137385845184,0.6186946630477905,0.5358085632324219,-0.03533150628209114,0.647106409072876,0.6984750032424927,-0.008674316108226776,0.6371874809265137,0.6599724888801575,-0.0391271747648716,0.624760091304779,0.7038998007774353,-0.04522545635700226,0.6236513257026672,0.7355350852012634,-0.04055861756205559,0.6695387363433838,0.7174600958824158,-0.018235811963677406,0.6506720185279846,0.7051098942756653,-0.04563215747475624,0.636987566947937,0.7496833205223083,-0.03977543115615845,0.6387349963188171,0.773675799369812,-0.027418430894613266,0.6859257221221924,0.7454283237457275,-0.02958330698311329,0.6621187925338745,0.7450975775718689,-0.044216033071279526,0.6490872502326965,0.7776100039482117,-0.03832864761352539,0.651187002658844,0.7948768138885498,-0.029183978214859962
0.6485549807548523,0.8724077939987183,-9.862411332051124e-08,0.6170263290405273,0.8286557197570801,-0.010762517340481281,0.600972056388855,0.7690374255180359,-0.018206477165222168,0.611781120300293,0.7229873538017273,-0.02862352505326271,0.6396617293357849,0.7027084827423096,-0.038164570927619934,0.6204661130905151,0.6917695999145508,-0.0012404532171785831,0.6182473301887512,0.6170926094055176,-0.01828940212726593,0.6172718405723572,0.5734037756919861,-0.027725202962756157,0.618911862373352,0.5361090898513794,-0.0343439020216465,0.6470164656639099,0.6988227367401123,-0.008134332485496998,0.6378406882286072,0.6600112318992615,-0.03814447671175003,0.6254110336303711,0.7009870409965515,-0.04472099244594574,0.6236093640327454,0.7322278022766113,-0.040568724274635315,0.6693047881126404,0.7177062034606934,-0.017782749608159065,0.6512585878372192,0.7058604955673218,-0.045205820351839066,0.6372656226158142,0.7493098974227905,-0.04036441817879677,0.6382880806922913,0.774113118648529,-0.028618425130844116,0.6860535740852356,0.7454708218574524,-0.02917102910578251,0.6629689931869507,0.7451775074005127,-0.04392005875706673,0.6492719054222107,0.7768777012825012,-0.03862718120217323,0.6503205895423889,0.7949360609054565,-0.029867149889469147
0.6482496857643127,0.8741772174835205,-1.032070784390271e-07,0.61678546667099,0.8292794227600098,-0.010242893360555172,0.600591778755188,0.7681000232696533,-0.017152443528175354,0.6120737195014954,0.7222165465354919,-0.027069784700870514,0.640349268913269,0.7025176882743835,-0.03615715354681015,0.6204505562782288,0.6914874315261841,-0.0005361626390367746,0.6180741786956787,0.6173090934753418,-0.01704731024801731,0.6170098185539246,0.573514461517334,-0.026211675256490707,0.6186597347259521,0.5360994935035706,-0.03276399150490761,0.647487223148346,0.6981304287910461,-0.007544209714978933,0.6374738812446594,0.6606189608573914,-0.0371280312538147,0.6250518560409546,0.7022596597671509,-0.04362482205033302,0.6236356496810913,0.7341126203536987,-0.03946772962808609,0.6698827147483826,0.7170229554176331,-0.01726602204144001,0.6511892080307007,0.705832839012146,-0.044081609696149826,0.6373885869979858,0.7487112283706665,-0.039330773055553436,0.6387577652931213,0.7734034061431885,-0.027838440611958504,0.6863717436790466,0.7449125647544861,-0.02871609292924404,0.6622428894042969,0.7454530596733093,-0.04311608895659447,0.6488471627235413,0.7769556045532227,-0.037975188344717026,0.6503681540489197,0.7947622537612915,-0.029422467574477196
0.6477905511856079,0.872673511505127,-1.049113151907477e-07,0.6160449981689453,0.8262296915054321,-0.00961051695048809,0.6008912920951843,0.7662413120269775,-0.01700523868203163,0.6123301386833191,0.721534013748169,-0.027694497257471085,0.6391195058822632,0.7028784155845642,-0.037682581692934036,0.6200934052467346,0.6917348504066467,-0.0012243326054885983,0.6181319952011108,0.6172651648521423,-0.018636705353856087,0.617152988910675,0.5738574266433716,-0.028472721576690674,0.6189020276069641,0.5359669923782349,-0.03543158993124962,0.6468562483787537,0.6991837620735168,-0.008913261815905571,0.6370877027511597,0.6604117751121521,-0.03954387456178665,0.6248355507850647,0.7039535045623779,-0.04607708007097244,0.6236727237701416,0.7360188364982605,-0.0417628176510334,0.6694923639297485,0.7184637784957886,-0.01925405114889145,0.6511678695678711,0.7045875787734985,-0.04668523743748665,0.6377208232879639,0.7488294243812561,-0.041007719933986664,0.639472484588623,0.7741799354553223,-0.028650712221860886,0.6866081953048706,0.7465792894363403,-0.031275272369384766,0.6638696789741516,0.7419833540916443,-0.04543367400765419,0.6500760912895203,0.7735763788223267,-0.03907554969191551,0.6513805389404297,0.7922655344009399,-0.02963835746049881
0.6478521823883057,0.8725288510322571,-1.009149883657301e-07,0.6167482733726501,0.828055202960968,-0.010560229420661926,0.6008009314537048,0.7684804201126099,-0.01818660832941532,0.6114863157272339,0.7230368852615356,-0.028795719146728516,0.6392940282821655,0.7045232653617859,-0.03856869414448738,0.6201978325843811,0.6924692392349243,-0.0020882345270365477,0.6181287169456482,0.6172170639038086,-0.019386611878871918,0.6172126531600952,0.573759913444519,-0.028987938538193703,0.6191675066947937,0.5362727046012878,-0.035765837877988815,0.6468156576156616,0.6994602680206299,-0.00909257959574461,0.6377844214439392,0.6606340408325195,-0.0396268330514431,0.6257163286209106,0.7035948038101196,-0.0460616834461689,0.6244910359382629,0.7356511950492859,-0.041642770171165466,0.6691997051239014,0.7183088660240173,-0.01877475157380104,0.6512877345085144,0.705427885055542,-0.046120136976242065,0.6376694440841675,0.7488333582878113,-0.04077596589922905,0.6391468644142151,0.7736062407493591,-0.028656037524342537,0.6860562562942505,0.7460265755653381,-0.030201463028788567,0.6636978983879089,0.7432949542999268,-0.044607143849134445,0.6499307155609131,0.7745441794395447,-0.03879815340042114,0.6508893370628357,0.7928181886672974,-0.029687315225601196
0.6477335691452026,0.8711687326431274,-1.0768362557200817e-07,0.6160842180252075,0.8279339075088501,-0.010192853398621082,0.6001666784286499,0.7678670883178711,-0.017472978681325912,0.6109874248504639,0.7220883965492249,-0.02771608717739582,0.6390414237976074,0.7034215331077576,-0.037204306572675705,0.620296061038971,0.6920368075370789,-0.0023657619021832943,0.6180210709571838,0.6170003414154053,-0.019785284996032715,0.6170704364776611,0.57379150390625,-0.02941138856112957,0.618830680847168,0.5362465977668762,-0.03614792600274086,0.6470870971679688,0.6983203291893005,-0.009285207837820053,0.636974573135376,0.6592808365821838,-0.03976335749030113,0.6252076029777527,0.7012878656387329,-0.04615706205368042,0.6237668395042419,0.7334391474723816,-0.04164648428559303,0.6695700883865356,0.7165504097938538,-0.01877380721271038,0.6495876908302307,0.7064769864082336,-0.0460759699344635,0.6368101835250854,0.7505810260772705,-0.04087371006608009,0.6383875012397766,0.775998592376709,-0.028756463900208473,0.6864095330238342,0.7436280846595764,-0.029981272295117378,0.6618508100509644,0.7442669868469238,-0.04458638280630112,0.6486323475837708,0.7765605449676514,-0.03914536163210869,0.649855375289917,0.7950387001037598,-0.030202001333236694
0.646188497543335,0.8711695671081543,-1.0889316826023787e-07,0.6146434545516968,0.8269569873809814,-0.01021997258067131,0.5988091826438904,0.767356276512146,-0.017751367762684822,0.6104099154472351,0.7216960191726685,-0.02820587530732155,0.638635516166687,0.7039868831634521,-0.03792367875576019,0.6196586489677429,0.6909390091896057,-0.002872996497899294,0.6172546148300171,0.6163872480392456,-0.020064981654286385,0.6167812347412109,0.5735093951225281,-0.029666533693671227,0.6186554431915283,0.5360784530639648,-0.036506716161966324,0.647160530090332,0.6974591612815857,-0.00981582049280405,0.6354289650917053,0.6600235104560852,-0.04003365337848663,0.6238086819648743,0.7030947208404541,-0.046276163309812546,0.6226396560668945,0.7355961799621582,-0.04185662418603897,0.6697160601615906,0.7164128422737122,-0.019302213564515114,0.6482603549957275,0.707394003868103,-0.04642718285322189,0.6354683637619019,0.7515849471092224,-0.041157372295856476,0.6370653510093689,0.7770972847938538,-0.029148636385798454,0.6859822869300842,0.7445891499519348,-0.030513707548379898,0.6610491871833801,0.7445493936538696,-0.044999029487371445,0.6478717923164368,0.77662593126297,-0.039508361369371414,0.6489280462265015,0.7954707145690918,-0.030622201040387154
0.6472592353820801,0.8728366494178772,-1.1934294263937772e-07,0.6147075891494751,0.8292956948280334,-0.00936891883611679,0.5987982153892517,0.7682092785835266,-0.016042521223425865,0.610413134098053,0.7214616537094116,-0.0258923452347517,0.6378914713859558,0.7032766938209534,-0.034970879554748535,0.6196735501289368,0.6914376616477966,-0.0006702078972011805,0.616674542427063,0.616130530834198,-0.01720471866428852,0.6161367893218994,0.5731330513954163,-0.02631440944969654,0.6181899905204773,0.536200761795044,-0.03276495635509491,0.6467834711074829,0.6981040239334106,-0.007967705838382244,0.6347079277038574,0.660090446472168,-0.03806431218981743,0.6226192116737366,0.7023851275444031,-0.044588424265384674,0.6213384866714478,0.7347813248634338,-0.04024864360690117,0.6693148612976074,0.7169647812843323,-0.01780322752892971,0.6478853821754456,0.7068769931793213,-0.04532552510499954,0.6344374418258667,0.7515727281570435,-0.04047678783535957,0.6358148455619812,0.777858555316925,-0.02849792130291462,0.6858564019203186,0.7450594902038574,-0.02922777272760868,0.6604424715042114,0.7439171671867371,-0.044142644852399826,0.6469739675521851,0.7764327526092529,-0.03883339464664459,0.6481815576553345,0.7960196137428284,-0.029895683750510216
0.6467804312705994,0.8718184232711792,-1.0368978564656572e-07,0.6147826313972473,0.8293127417564392,-0.010288146324455738,0.5983721017837524,0.7692249417304993,-0.01751581020653248,0.6098819971084595,0.7231431603431702,-0.027627108618617058,0.6375556588172913,0.705155074596405,-0.03700096160173416,0.6185387969017029,0.6911692023277283,-0.0028066521044820547,0.6158038973808289,0.6164853572845459,-0.01938750594854355,0.6154345273971558,0.5734841227531433,-0.028706036508083344,0.6173321604728699,0.5361226201057434,-0.03537622094154358,0.646027147769928,0.6972314715385437,-0.009490777738392353,0.6348828077316284,0.6599563360214233,-0.038874030113220215,0.6231510043144226,0.6989858746528625,-0.04546487331390381,0.6208738684654236,0.7291973233222961,-0.04162416234612465,0.6687607169151306,0.7156260013580322,-0.01863214746117592,0.6472304463386536,0.7079995274543762,-0.04536537453532219,0.6347225308418274,0.7511277794837952,-0.040932897478342056,0.6359334588050842,0.776723325252533,-0.029693257063627243,0.6852220892906189,0.7430368661880493,-0.029477017000317574,0.6594537496566772,0.7451141476631165,-0.044137902557849884,0.6465601325035095,0.7774033546447754,-0.039238348603248596,0.6477320194244385,0.7971025705337524,-0.030807914212346077
0.646614670753479,0.8751373291015625,-1.0979862707927168e-07,0.613840639591217,0.8310217261314392,-0.010439900681376457,0.597438633441925,0.7690587639808655,-0.017505556344985962,0.6092489361763,0.7222896218299866,-0.02738162688910961,0.6375653743743896,0.7052397727966309,-0.036501068621873856,0.6189837455749512,0.6924732327461243,-0.002263733185827732,0.616064190864563,0.6178410649299622,-0.018575651571154594,0.6151097416877747,0.5747748613357544,-0.027642203494906425,0.6165945529937744,0.5367464423179626,-0.034260742366313934,0.6467714309692383,0.697376012802124,-0.008818745613098145,0.6338046193122864,0.6608748435974121,-0.03800969198346138,0.6218263506889343,0.7019733190536499,-0.044398922473192215,0.6201653480529785,0.7330633401870728,-0.04033815860748291,0.6693617105484009,0.7153509855270386,-0.017900900915265083,0.6458325386047363,0.7087975144386292,-0.044447194784879684,0.6332180500030518,0.7523816227912903,-0.03992844000458717,0.6349242329597473,0.777835488319397,-0.02865203656256199,0.6853877305984497,0.7426166534423828,-0.02874927595257759,0.6584895849227905,0.7460206747055054,-0.043286196887493134,0.6454992890357971,0.7787840366363525,-0.038492366671562195,0.646657407283783,0.7985313534736633,-0.030156604945659637
0.6454294919967651,0.8742474317550659,-1.0760315660718334e-07,0.613351583480835,0.8304151296615601,-0.01059459988027811,0.5983740091323853,0.772221565246582,-0.018871542066335678,0.6076399683952332,0.7268075346946716,-0.03008177876472473,0.6329280138015747,0.7047993540763855,-0.040475938469171524,0.6182329654693604,0.6921955943107605,-0.003169137053191662,0.6150672435760498,0.6177799105644226,-0.021284297108650208,0.6141487956047058,0.5747045278549194,-0.03153500333428383,0.6161718964576721,0.537021815776825,-0.03853313624858856,0.6456040740013123,0.6986473798751831,-0.010044973343610764,0.6326273083686829,0.6616453528404236,-0.04074009880423546,0.6203630566596985,0.7031049728393555,-0.0473804771900177,0.6191084980964661,0.7342234253883362,-0.04325851798057556,0.6680253744125366,0.7171913385391235,-0.019554588943719864,0.6446331739425659,0.7091080546379089,-0.047392088919878006,0.6319012641906738,0.7540201544761658,-0.04187534376978874,0.6339609026908875,0.7798964977264404,-0.029610032215714455,0.6844115257263184,0.7447746396064758,-0.030799664556980133,0.6584559679031372,0.7449648976325989,-0.04567192122340202,0.6455118656158447,0.7783476710319519,-0.039690833538770676,0.6470157504081726,0.7978991270065308,-0.03029993362724781
0.6459019780158997,0.8728067874908447,-1.2391744519391068e-07,0.6130985021591187,0.829922080039978,-0.009265177883207798,0.5979008674621582,0.7704508304595947,-0.016512341797351837,0.6082176566123962,0.7254106998443604,-0.026848819106817245,0.6338592171669006,0.7056559920310974,-0.03638887032866478,0.6176300048828125,0.6914436221122742,-0.002289980184286833,0.6147010922431946,0.616797685623169,-0.020045796409249306,0.6133914589881897,0.574440598487854,-0.02958272024989128,0.615229070186615,0.5370264053344727,-0.03615429252386093,0.6452203392982483,0.6975158452987671,-0.00977363158017397,0.6315599083900452,0.6603542566299438,-0.04041571542620659,0.6197515726089478,0.7051302790641785,-0.046202849596738815,0.6199128031730652,0.7364389896392822,-0.041272420436143875,0.6678686738014221,0.7159825563430786,-0.019813140854239464,0.6441770195960999,0.7088167071342468,-0.0472462996840477,0.6320183873176575,0.7550737261772156,-0.04086693003773689,0.6353989839553833,0.7788413763046265,-0.028066199272871017,0.6843302249908447,0.7434998154640198,-0.0315234512090683,0.6582376956939697,0.7446184158325195,-0.045637380331754684,0.6458576917648315,0.7783364653587341,-0.039087481796741486,0.6485675573348999,0.7955919504165649,-0.029468758031725883
0.6464415788650513,0.8759545087814331,-1.2443156549579726e-07,0.6140158772468567,0.8314350247383118,-0.009950813837349415,0.5971639752388,0.7703826427459717,-0.016943596303462982,0.6074928641319275,0.7235323786735535,-0.026898518204689026,0.635239839553833,0.7043778896331787,-0.03598737716674805,0.6184257864952087,0.6925385594367981,-0.001788873691111803,0.6147502064704895,0.6182752251625061,-0.018807971850037575,0.6134325265884399,0.5754895806312561,-0.02823329158127308,0.6151396036148071,0.5375583171844482,-0.035010550171136856,0.646172821521759,0.6978631019592285,-0.00876966118812561,0.6322824954986572,0.6612996459007263,-0.03840957209467888,0.6203612089157104,0.704852283000946,-0.04427438601851463,0.6201117038726807,0.7361884713172913,-0.03980686143040657,0.6686954498291016,0.7163391709327698,-0.018403075635433197,0.6455137133598328,0.708869457244873,-0.04499266669154167,0.6326542496681213,0.7529910802841187,-0.039367321878671646,0.6351838111877441,0.7772363424301147,-0.027441786602139473,0.6845828890800476,0.7443594932556152,-0.029858171939849854,0.6587740778923035,0.7463707327842712,-0.044027265161275864,0.6453246474266052,0.7786537408828735,-0.038577403873205185,0.6465734839439392,0.7968831062316895,-0.029894888401031494
0.6465616226196289,0.8771090507507324,-1.221786476435227e-07,0.6138383150100708,0.8319350481033325,-0.00966838002204895,0.5976868867874146,0.7708717584609985,-0.016627321019768715,0.607609748840332,0.7243466377258301,-0.02672315016388893,0.6343719363212585,0.7046650052070618,-0.036007121205329895,0.6175073981285095,0.6926357746124268,-0.0011929110623896122,0.6141383647918701,0.6181228756904602,-0.018359215930104256,0.6128580570220947,0.5750594735145569,-0.02791604958474636,0.6146479845046997,0.5371671915054321,-0.03462568297982216,0.6450207829475403,0.6989272236824036,-0.00840702187269926,0.6319572925567627,0.6623512506484985,-0.03833090513944626,0.6194506287574768,0.7061930894851685,-0.0442747063934803,0.6189844608306885,0.738037109375,-0.039717528969049454,0.6677439212799072,0.7179703116416931,-0.018286243081092834,0.6462109088897705,0.708328366279602,-0.04540069401264191,0.6326037645339966,0.7535718083381653,-0.0395372100174427,0.6347339153289795,0.7792918086051941,-0.027155805379152298,0.6843109130859375,0.7464476227760315,-0.029902368783950806,0.6598915457725525,0.7453716397285461,-0.04423574358224869,0.6460046172142029,0.7779209017753601,-0.03825027123093605,0.646968424320221,0.7971835732460022,-0.028989950194954872
0.6456483006477356,0.8744882941246033,-1.132110867274605e-07,0.6139822006225586,0.8319334983825684,-0.0102275051176548,0.598090410232544,0.7722294330596924,-0.017764272168278694,0.6082656979560852,0.7257611751556396,-0.02835499309003353,0.6344677805900574,0.7049750685691833,-0.03817564994096756,0.6166855096817017,0.6934492588043213,-0.0027890962082892656,0.6138323545455933,0.6174893975257874,-0.0206973347812891,0.6126571893692017,0.5741033554077148,-0.030438268557190895,0.6143404245376587,0.5359473824501038,-0.037122052162885666,0.6438180804252625,0.700411856174469,-0.009927383624017239,0.6323611736297607,0.6614133715629578,-0.04100285470485687,0.6201002597808838,0.7054112553596497,-0.04711554944515228,0.6193338632583618,0.7371308207511902,-0.04231340065598488,0.6664910316467285,0.7193280458450317,-0.019694143906235695,0.6462109684944153,0.7087922096252441,-0.04808539152145386,0.6330093145370483,0.7555413246154785,-0.041963763535022736,0.6353546977043152,0.7808604836463928,-0.028949758037924767,0.6835210919380188,0.7470026016235352,-0.031132860109210014,0.6601965427398682,0.7445827126502991,-0.04610828682780266,0.6469928622245789,0.7782785892486572,-0.03958246856927872,0.6488890647888184,0.7970846891403198,-0.02972627803683281
0.6466114521026611,0.8743451833724976,-1.0422692753309093e-07,0.6146276593208313,0.8301152586936951,-0.010482515208423138,0.5988106727600098,0.7708374261856079,-0.018062710762023926,0.6084497570991516,0.725016713142395,-0.02867165207862854,0.6355840563774109,0.7040180563926697,-0.03836292400956154,0.6181285977363586,0.6923597455024719,-0.001484813285060227,0.6148237586021423,0.6176629662513733,-0.019111501052975655,0.6130459904670715,0.5743868947029114,-0.02888103947043419,0.6143415570259094,0.5368226766586304,-0.035599734634160995,0.6449185609817505,0.6987316608428955,-0.008486222475767136,0.6338351964950562,0.6609680652618408,-0.038778189569711685,0.6210618615150452,0.7025108933448792,-0.0450693778693676,0.619804322719574,0.733132004737854,-0.040612444281578064,0.66712886095047,0.7174552083015442,-0.01826881803572178,0.647152304649353,0.7077153921127319,-0.04540499299764633,0.6340430974960327,0.7514917850494385,-0.03972165286540985,0.6365062594413757,0.7751520276069641,-0.027461454272270203,0.6833940744400024,0.7453122138977051,-0.029866619035601616,0.6595413684844971,0.7459390163421631,-0.04378368705511093,0.6468620896339417,0.7778124213218689,-0.03766130283474922,0.6493475437164307,0.7947234511375427,-0.02840227447450161
0.6469069123268127,0.8750140070915222,-1.0333115341154553e-07,0.6141454577445984,0.830339789390564,-0.010071635246276855,0.5981664061546326,0.7709025740623474,-0.017358968034386635,0.6079548001289368,0.7257911562919617,-0.027698570862412453,0.6345239281654358,0.7053134441375732,-0.03721893951296806,0.617866575717926,0.6925696134567261,-0.0016458375612273812,0.6144680380821228,0.618162989616394,-0.018934648483991623,0.6128455996513367,0.5747214555740356,-0.0286948774009943,0.6139565110206604,0.5369290113449097,-0.035456374287605286,0.6449770331382751,0.698576033115387,-0.008717212826013565,0.6344114542007446,0.6606661677360535,-0.03831475228071213,0.6218745708465576,0.7011820673942566,-0.04475560039281845,0.6198597550392151,0.7320172786712646,-0.040632400661706924,0.6675305962562561,0.7170817255973816,-0.01842837780714035,0.6474542617797852,0.708378791809082,-0.045035526156425476,0.6344608068466187,0.7519447803497314,-0.03989798203110695,0.6360655426979065,0.7772709131240845,-0.028144031763076782,0.6839231848716736,0.7448959350585938,-0.029914546757936478,0.6599736213684082,0.7462389469146729,-0.043863341212272644,0.6468027234077454,0.7782209515571594,-0.03821254149079323,0.6480412483215332,0.7968541979789734,-0.029291734099388123
0.6435413360595703,0.8751792907714844,-1.2085344280876598e-07,0.6106134653091431,0.8310009241104126,-0.009278770536184311,0.5936054587364197,0.7693950533866882,-0.01548339705914259,0.6041650772094727,0.7221463918685913,-0.024707941338419914,0.6309077739715576,0.704293429851532,-0.03321325033903122,0.6162236928939819,0.6941256523132324,-0.0017219448927789927,0.6114690899848938,0.619168221950531,-0.016839860007166862,0.6101061105728149,0.5756662487983704,-0.025450678542256355,0.6113138198852539,0.5382308959960938,-0.03181837871670723,0.6429481506347656,0.7006193399429321,-0.008349530398845673,0.6294481754302979,0.6647950410842896,-0.03645561635494232,0.6178370714187622,0.7015867233276367,-0.04293081536889076,0.6157112121582031,0.7324391007423401,-0.039426930248737335,0.6652230620384216,0.7192037105560303,-0.017283061519265175,0.6422425508499146,0.7117004990577698,-0.04229925945401192,0.6309057474136353,0.7516378164291382,-0.03822007030248642,0.6326216459274292,0.7777433395385742,-0.02785566635429859,0.6820553541183472,0.7469112277030945,-0.027961047366261482,0.6559300422668457,0.748987078666687,-0.04150667414069176,0.6416718363761902,0.7790358662605286,-0.03715306147933006,0.6406757831573486,0.8000589609146118,-0.02951020374894142
0.6420842409133911,0.8726966381072998,-1.1882136163876567e-07,0.6093579530715942,0.8268700838088989,-0.008249918930232525,0.5931689739227295,0.7670196294784546,-0.01432547252625227,0.604016125202179,0.7224671840667725,-0.023705732077360153,0.6301884055137634,0.705210268497467,-0.032487981021404266,0.6143949627876282,0.691737949848175,-0.0009933043038472533,0.6097618937492371,0.6176780462265015,-0.016332684084773064,0.608427882194519,0.5742712020874023,-0.02509632334113121,0.609500527381897,0.5372082591056824,-0.031497493386268616,0.6416478157043457,0.6984245181083679,-0.008275185711681843,0.6283810138702393,0.6635157465934753,-0.036270443350076675,0.6163654923439026,0.7007551789283752,-0.042768072336912155,0.6134092211723328,0.7319151163101196,-0.039356403052806854,0.6644830703735352,0.717425525188446,-0.017794795334339142,0.6421306729316711,0.7103380560874939,-0.04284944012761116,0.630117654800415,0.7509235739707947,-0.03858347609639168,0.6304738521575928,0.777853786945343,-0.028061600401997566,0.6813122630119324,0.7457504272460938,-0.028928717598319054,0.6549409031867981,0.7483401298522949,-0.04233422875404358,0.6404872536659241,0.7787360548973083,-0.03749509155750275,0.6389223337173462,0.7996453642845154,-0.029461130499839783
0.6421065330505371,0.8722120523452759,-1.264225346631065e-07,0.6094915270805359,0.829910933971405,-0.009354420937597752,0.5930798649787903,0.7688369154930115,-0.016131212934851646,0.603416383266449,0.7221589088439941,-0.02583918534219265,0.6292305588722229,0.7043076157569885,-0.03484770283102989,0.6136043667793274,0.6919543743133545,-0.0026314668357372284,0.6095760464668274,0.6167352795600891,-0.019182974472641945,0.6080414652824402,0.5740772485733032,-0.028025589883327484,0.6094914674758911,0.536609411239624,-0.034301817417144775,0.6412891149520874,0.6979189515113831,-0.00973033532500267,0.6261923909187317,0.6615234017372131,-0.03953873738646507,0.613792359828949,0.7043498158454895,-0.04533618688583374,0.6130165457725525,0.7355687618255615,-0.040582362562417984,0.6635546684265137,0.7164697647094727,-0.01921665668487549,0.6383011341094971,0.7103676795959473,-0.04580017924308777,0.6263375878334045,0.7544991374015808,-0.03985629230737686,0.6296655535697937,0.7775294184684753,-0.027605174109339714,0.6795112490653992,0.744123637676239,-0.030360139906406403,0.6518009901046753,0.7462660670280457,-0.044020265340805054,0.6398263573646545,0.7789017558097839,-0.037655606865882874,0.6427925825119019,0.7966634035110474,-0.02829248271882534
0.6415376663208008,0.8712694048881531,-1.2521802261744597e-07,0.6093317270278931,0.8290656805038452,-0.009370881132781506,0.5926801562309265,0.7678815722465515,-0.016068225726485252,0.6030339002609253,0.7209851145744324,-0.02580893225967884,0.6292722225189209,0.7038609981536865,-0.0348578616976738,0.613491415977478,0.692139744758606,-0.0018698469502851367,0.6092821955680847,0.6176504492759705,-0.018201932311058044,0.6077818274497986,0.5755130052566528,-0.026945965364575386,0.6094027757644653,0.5384938716888428,-0.03311709687113762,0.6408559083938599,0.6979935765266418,-0.008836696855723858,0.6265209913253784,0.6611300110816956,-0.03853948414325714,0.6139689087867737,0.7021529078483582,-0.04462802782654762,0.6127713918685913,0.7328479290008545,-0.04003830626606941,0.6631099581718445,0.7160059809684753,-0.01823272742331028,0.6381403207778931,0.7098510265350342,-0.04505625739693642,0.6263569593429565,0.7540928721427917,-0.03981157764792442,0.6296120285987854,0.7780992388725281,-0.027835452929139137,0.6794170141220093,0.7427429556846619,-0.029254620894789696,0.6516108512878418,0.7446191310882568,-0.04312850907444954,0.6391099691390991,0.7774547338485718,-0.0372680239379406,0.6415209174156189,0.7959911823272705,-0.02820100076496601
0.6402777433395386,0.8700113892555237,-1.240573084260177e-07,0.6079681515693665,0.8264663219451904,-0.008818971924483776,0.5915558338165283,0.7662348747253418,-0.01577197201550007,0.6023604273796082,0.7216479182243347,-0.02578982710838318,0.6290173530578613,0.7043358087539673,-0.035133425146341324,0.6133332252502441,0.6901038885116577,-0.001975557068362832,0.6089003682136536,0.6166591644287109,-0.01904456503689289,0.6070271134376526,0.5745964646339417,-0.028233326971530914,0.6081686615943909,0.5376203060150146,-0.0346749909222126,0.6409493684768677,0.6959794163703918,-0.00963203702121973,0.6254431009292603,0.6598206162452698,-0.039779871702194214,0.6130951642990112,0.7039254903793335,-0.04548455402255058,0.6126865148544312,0.7355635166168213,-0.040493194013834,0.6629984378814697,0.7147688865661621,-0.019736146554350853,0.6365917325019836,0.7097073793411255,-0.04615434631705284,0.6250773072242737,0.7546629905700684,-0.03966401517391205,0.6290895342826843,0.776957094669342,-0.02706081233918667,0.6784175634384155,0.7429652214050293,-0.031526315957307816,0.6494222283363342,0.7470806837081909,-0.04463372752070427,0.6385785341262817,0.7800543308258057,-0.03779251500964165,0.6430521607398987,0.795875072479248,-0.02819640561938286
0.6399168372154236,0.8726390600204468,-1.3218095773481764e-07,0.6074740886688232,0.8288756608963013,-0.008939407765865326,0.5903725624084473,0.7674956321716309,-0.015680711716413498,0.6005796790122986,0.7205168604850769,-0.025620121508836746,0.6278187036514282,0.7025874257087708,-0.03486843779683113,0.612551212310791,0.6934072375297546,-0.0011486838338896632,0.6083765029907227,0.6191214919090271,-0.018098851665854454,0.6065518856048584,0.5764786005020142,-0.027423271909356117,0.6075387597084045,0.5388848185539246,-0.0340416245162487,0.6394373774528503,0.6986689567565918,-0.008728931657969952,0.6257621049880981,0.6594014763832092,-0.039065852761268616,0.6126685738563538,0.701771080493927,-0.045381560921669006,0.6106632947921753,0.734195351600647,-0.04069216921925545,0.6617234349250793,0.7163553237915039,-0.0187543798238039,0.6366735100746155,0.7083024382591248,-0.045563049614429474,0.6243835687637329,0.7533727884292603,-0.03982766345143318,0.6270210146903992,0.7784054279327393,-0.02745964005589485,0.6783775687217712,0.7434467077255249,-0.030483705922961235,0.6497635245323181,0.7458793520927429,-0.04430130869150162,0.6369251608848572,0.7788407206535339,-0.03831544518470764,0.6390174627304077,0.7972732186317444,-0.029138857498764992
0.6407020688056946,0.8741483092308044,-1.3565541223670152e-07,0.608296811580658,0.8305189609527588,-0.008709586225450039,0.5911015272140503,0.7687060236930847,-0.015033558942377567,0.6007305979728699,0.7218925356864929,-0.02464153990149498,0.6276840567588806,0.70526522397995,-0.033520299941301346,0.6124756932258606,0.6921060681343079,-6.15199314779602e-05,0.6078634262084961,0.6185241937637329,-0.016597358509898186,0.6061477661132812,0.5756480693817139,-0.025737158954143524,0.607187032699585,0.5382863283157349,-0.032300498336553574,0.6393723487854004,0.6973395943641663,-0.007596483454108238,0.623823344707489,0.6632332801818848,-0.0376516655087471,0.6129440069198608,0.7076436281204224,-0.04374941438436508,0.613394558429718,0.7399643659591675,-0.03909442573785782,0.6616631746292114,0.7153966426849365,-0.017688507214188576,0.636433482170105,0.710054337978363,-0.04415340721607208,0.625213086605072,0.7541308999061584,-0.038524921983480453,0.6288343071937561,0.777970552444458,-0.02646324224770069,0.6780174374580383,0.7431464791297913,-0.029496025294065475,0.6500323414802551,0.7465420365333557,-0.04288383945822716,0.6383891105651855,0.7787628769874573,-0.037002794444561005,0.6415726542472839,0.7965017557144165,-0.02806493453681469
0.6411898136138916,0.8752639889717102,-1.3299813872436062e-07,0.6081563234329224,0.8314793109893799,-0.009511406533420086,0.5910963416099548,0.7701547741889954,-0.01644417829811573,0.6016837358474731,0.7235395312309265,-0.02651095762848854,0.6288429498672485,0.7069926261901855,-0.03585919365286827,0.6122205853462219,0.6938995122909546,-0.001842455007135868,0.607459306716919,0.6194068789482117,-0.019059045240283012,0.6058974862098694,0.5767483711242676,-0.02849653549492359,0.6071246862411499,0.5391931533813477,-0.03521808236837387,0.6399492621421814,0.6993752121925354,-0.009117551147937775,0.6249838471412659,0.6636273860931396,-0.03955017775297165,0.6141214966773987,0.70844966173172,-0.045589227229356766,0.6147527098655701,0.7402716875076294,-0.040932729840278625,0.6626625061035156,0.7177630662918091,-0.018975237384438515,0.6384839415550232,0.7106767892837524,-0.046181436628103256,0.6268492937088013,0.7554906606674194,-0.04055636376142502,0.630221426486969,0.7794146537780762,-0.028313061222434044,0.6791018843650818,0.7455604076385498,-0.03055517002940178,0.6520711779594421,0.7470488548278809,-0.04467306286096573,0.6393848061561584,0.7793567180633545,-0.03888760134577751,0.6414383053779602,0.7972126603126526,-0.02990015223622322
0.6413332223892212,0.8752617835998535,-1.356288379383841e-07,0.6082693934440613,0.8333408236503601,-0.009721454232931137,0.5917111039161682,0.7718321681022644,-0.016735538840293884,0.6018171310424805,0.7244097590446472,-0.026774998754262924,0.6279439330101013,0.7074152231216431,-0.0360114760696888,0.6122121214866638,0.6940691471099854,-0.0022707146126776934,0.6075860261917114,0.6190708875656128,-0.01959086023271084,0.6059876680374146,0.5763154625892639,-0.02910001203417778,0.6075637340545654,0.5388568639755249,-0.03595331683754921,0.6399089694023132,0.6993905901908875,-0.009451658464968204,0.6244468688964844,0.6656078100204468,-0.03996456414461136,0.6136925220489502,0.710326611995697,-0.04582230746746063,0.6147702932357788,0.7413702011108398,-0.04120086878538132,0.6625644564628601,0.7178046703338623,-0.019228914752602577,0.637611985206604,0.7116425037384033,-0.04631298407912254,0.6261489987373352,0.7568277716636658,-0.04024996981024742,0.6299030184745789,0.7802119851112366,-0.02801952138543129,0.6789608597755432,0.7456648945808411,-0.030808081850409508,0.6513296365737915,0.7496381998062134,-0.04528219997882843,0.6389473676681519,0.7826456427574158,-0.03966173902153969,0.6417097449302673,0.7999452352523804,-0.030856847763061523
0.6411710381507874,0.8743112683296204,-1.273427585601894e-07,0.6091110110282898,0.8324907422065735,-0.010227816179394722,0.5923227667808533,0.7730613350868225,-0.018117085099220276,0.600946307182312,0.7264882326126099,-0.02901257760822773,0.6276040077209473,0.7059538960456848,-0.03911049664020538,0.612699568271637,0.6936833262443542,-0.002709029009565711,0.608716607093811,0.618863582611084,-0.020920326933264732,0.6070546507835388,0.575830340385437,-0.030878277495503426,0.6082749962806702,0.5382488369941711,-0.037743642926216125,0.6399363279342651,0.699503481388092,-0.009850275702774525,0.625007152557373,0.6643757820129395,-0.04109838977456093,0.6138420104980469,0.709442138671875,-0.04709794372320175,0.6144475340843201,0.740471363067627,-0.042267218232154846,0.6624062061309814,0.717775285243988,-0.019660966470837593,0.6377071738243103,0.7107086181640625,-0.04760967195034027,0.6261782646179199,0.7569587826728821,-0.04112252593040466,0.6300498247146606,0.7803449630737305,-0.028179515153169632,0.6790034770965576,0.7452620267868042,-0.03122607246041298,0.6514346599578857,0.7474460005760193,-0.04574180394411087,0.6399063467979431,0.7816442847251892,-0.03915582224726677,0.6437558531761169,0.7990650534629822,-0.029420146718621254
0.6405616402626038,0.8724453449249268,-1.193286180978248e-07,0.6089069247245789,0.8319197297096252,-0.010280889458954334,0.5927500128746033,0.7731216549873352,-0.018161462619900703,0.6011192202568054,0.7264074087142944,-0.02904447726905346,0.6264404654502869,0.7050846219062805,-0.03914441540837288,0.612497866153717,0.6939650774002075,-0.002661960432305932,0.6084194183349609,0.6187531352043152,-0.020495884120464325,0.6071253418922424,0.5757372379302979,-0.030296655371785164,0.60856032371521,0.5385459661483765,-0.03699595853686333,0.6391782760620117,0.7005434036254883,-0.009721525944769382,0.626049280166626,0.6631172299385071,-0.04110180214047432,0.6150185465812683,0.7064226865768433,-0.047634195536375046,0.6147390604019165,0.7379316091537476,-0.04304222762584686,0.6615009307861328,0.7186776995658875,-0.019367443397641182,0.638296365737915,0.7099525928497314,-0.047746654599905014,0.6267120242118835,0.7554550766944885,-0.041994377970695496,0.6298490166664124,0.7797085642814636,-0.029283573850989342,0.6782166957855225,0.7453367710113525,-0.030650220811367035,0.6518093943595886,0.744857132434845,-0.045480191707611084,0.6402082443237305,0.7787129282951355,-0.03905365616083145,0.6435619592666626,0.7972856760025024,-0.02929840423166752
0.6404924988746643,0.8731615543365479,-1.2624940382011118e-07,0.6085346937179565,0.8320690989494324,-0.010330638848245144,0.5915269255638123,0.7708553075790405,-0.01761072501540184,0.6007838249206543,0.722981870174408,-0.027671949937939644,0.6280888319015503,0.7053104639053345,-0.036884427070617676,0.6131343841552734,0.6919153928756714,-0.002766537480056286,0.6087619662284851,0.6178625226020813,-0.019906463101506233,0.6073049306869507,0.5754395723342896,-0.029254477471113205,0.6088770031929016,0.538541316986084,-0.03591514378786087,0.6406704187393188,0.6971099972724915,-0.009473251178860664,0.6256895661354065,0.6633625030517578,-0.03945717215538025,0.6147809028625488,0.7076561450958252,-0.0450674444437027,0.6153545379638672,0.7386417388916016,-0.04025733470916748,0.663007915019989,0.7153680324554443,-0.01880148984491825,0.6372828483581543,0.7113362550735474,-0.04553845152258873,0.6258785128593445,0.7554618120193481,-0.03968166559934616,0.6296505331993103,0.7780162692070007,-0.02760043740272522,0.6791174411773682,0.7428776025772095,-0.02993401512503624,0.6511789560317993,0.7475873231887817,-0.044045452028512955,0.6394783854484558,0.7806006073951721,-0.038250576704740524,0.6426545977592468,0.7979698777198792,-0.029317405074834824
0.6412737369537354,0.8738853931427002,-1.294890665803905e-07,0.6085708737373352,0.8321147561073303,-0.009697722271084785,0.5915427207946777,0.7698415517807007,-0.016315845772624016,0.601225733757019,0.7219021320343018,-0.0259386133402586,0.6290333271026611,0.7041953802108765,-0.034739624708890915,0.6122682690620422,0.6924487352371216,-0.0013613178161904216,0.6082836389541626,0.6176234483718872,-0.018026228994131088,0.6068537831306458,0.5748997926712036,-0.027001840993762016,0.6085050702095032,0.5377627611160278,-0.0334172323346138,0.6395747661590576,0.6977177858352661,-0.008218052797019482,0.6255508661270142,0.662294328212738,-0.03821706399321556,0.6143379211425781,0.7060645222663879,-0.04402657970786095,0.614408016204834,0.7378432750701904,-0.03919130936264992,0.6620875597000122,0.7156651616096497,-0.01765856146812439,0.6375355124473572,0.7095855474472046,-0.0445818193256855,0.6258124113082886,0.7541113495826721,-0.03910532966256142,0.6292650103569031,0.7780504822731018,-0.027034571394324303,0.6783439517021179,0.7428271770477295,-0.028818633407354355,0.6504257917404175,0.7465152740478516,-0.043184250593185425,0.6385281085968018,0.7794700264930725,-0.03778998926281929,0.6417535543441772,0.7976844310760498,-0.02900240756571293
0.6417315602302551,0.8746532797813416,-1.2307224039886933e-07,0.608785092830658,0.8322446346282959,-0.00997262354940176,0.5915486812591553,0.7710232734680176,-0.017021944746375084,0.6006054878234863,0.7229332327842712,-0.027061302214860916,0.6283833384513855,0.7046764492988586,-0.036360979080200195,0.613084077835083,0.6933407783508301,-0.0018126098439097404,0.6086044311523438,0.6185544729232788,-0.01874464564025402,0.6069199442863464,0.5755690932273865,-0.027989206835627556,0.6083807945251465,0.5378780364990234,-0.03453502804040909,0.6405899524688721,0.6981897354125977,-0.00847691297531128,0.6252433061599731,0.6629876494407654,-0.03824147209525108,0.613903820514679,0.7058897018432617,-0.044038236141204834,0.6141887307167053,0.7375257015228271,-0.039339564740657806,0.6629177927970886,0.7157930731773376,-0.017762718722224236,0.6366254091262817,0.7106698751449585,-0.044505346566438675,0.6251267790794373,0.7544825077056885,-0.039150360971689224,0.6289193034172058,0.7786222100257874,-0.02722911350429058,0.6788849234580994,0.7425197958946228,-0.028806038200855255,0.6499136686325073,0.7465991973876953,-0.042940013110637665,0.6383726000785828,0.7793644666671753,-0.03751973807811737,0.641878068447113,0.7979910969734192,-0.028757601976394653
0.6400172114372253,0.8722633123397827,-1.2389415360303246e-07,0.6080719828605652,0.8303141593933105,-0.010409475304186344,0.5914684534072876,0.7694462537765503,-0.017928065732121468,0.6010547876358032,0.7224805355072021,-0.028278371319174767,0.6291764974594116,0.7041599750518799,-0.037835560739040375,0.6126673817634583,0.6916782855987549,-0.0028230033349245787,0.6084815263748169,0.6176891326904297,-0.0201328843832016,0.6067631244659424,0.5753486156463623,-0.02946115843951702,0.6082684993743896,0.5382227301597595,-0.03608834743499756,0.6403092741966248,0.6977522373199463,-0.009536842815577984,0.6250038743019104,0.6626400947570801,-0.03996388986706734,0.6139772534370422,0.7074675559997559,-0.04557080566883087,0.6148341298103333,0.738866925239563,-0.04064908251166344,0.66264408826828,0.7164396047592163,-0.01889290101826191,0.6374534368515015,0.709132730960846,-0.046087440103292465,0.6258929371833801,0.7540485262870789,-0.0399085208773613,0.6297029256820679,0.7772797346115112,-0.027407174929976463,0.6783281564712524,0.7440893054008484,-0.03002230077981949,0.6498318314552307,0.7471137642860413,-0.04428122565150261,0.638460636138916,0.780046820640564,-0.03830649331212044,0.6422905921936035,0.7972555160522461,-0.02918749488890171
0.6406542062759399,0.8753138780593872,-1.372917495245929e-07,0.6082258224487305,0.8330438137054443,-0.009996423497796059,0.5913621187210083,0.7695363759994507,-0.016698649153113365,0.6012976169586182,0.7207348942756653,-0.026165420189499855,0.6288630366325378,0.7041680812835693,-0.03478538244962692,0.6128409504890442,0.693575918674469,-0.001982733840122819,0.6082696318626404,0.6186723709106445,-0.018918754532933235,0.6064806580543518,0.5760073661804199,-0.0278251301497221,0.6080752015113831,0.5380079746246338,-0.0343618169426918,0.6409463286399841,0.6977919936180115,-0.00878506526350975,0.6241887807846069,0.6623933911323547,-0.03904631733894348,0.6130474209785461,0.7089726328849792,-0.044261593371629715,0.61448073387146,0.7409388422966003,-0.0389401949942112,0.6633572578430176,0.715593159198761,-0.018235737457871437,0.6360752582550049,0.7102488875389099,-0.04506361857056618,0.6249367594718933,0.7561590075492859,-0.03866717964410782,0.6297297477722168,0.7788404226303101,-0.02616487629711628,0.6788182258605957,0.7427929043769836,-0.029516808688640594,0.6489277482032776,0.7488175630569458,-0.043872591108083725,0.6378516554832458,0.7825512886047363,-0.038363322615623474,0.6422598958015442,0.7989195585250854,-0.02965116873383522
0.6401996612548828,0.871749222278595,-1.286547615109157e-07,0.6081570982933044,0.8301721215248108,-0.010599017143249512,0.5913124084472656,0.7689950466156006,-0.01796593889594078,0.6011260151863098,0.7224833369255066,-0.02810932882130146,0.6296108365058899,0.7050092816352844,-0.03733864054083824,0.6124396920204163,0.6910704970359802,-0.00286513171158731,0.6081332564353943,0.6167740821838379,-0.019961213693022728,0.606461226940155,0.5747642517089844,-0.028998810797929764,0.6079657673835754,0.5377197265625,-0.03553400933742523,0.6401645541191101,0.6973363757133484,-0.009485895745456219,0.6251809597015381,0.6629960536956787,-0.04011885076761246,0.6140725016593933,0.7076449394226074,-0.04584449529647827,0.6145837903022766,0.7381545305252075,-0.04102906584739685,0.6626564264297485,0.7159985899925232,-0.01876247115433216,0.6377230882644653,0.7103558778762817,-0.04636574909090996,0.6259416937828064,0.7558281421661377,-0.04052351042628288,0.6294326782226562,0.7787294387817383,-0.028217196464538574,0.67856764793396,0.7434914112091064,-0.02982165478169918,0.649916410446167,0.7481759190559387,-0.0446215495467186,0.6379443407058716,0.7820256352424622,-0.03911102935671806,0.6411948204040527,0.7994237542152405,-0.030292965471744537
0.6411903500556946,0.8743162751197815,-1.378317051603517e-07,0.6092008352279663,0.8307827711105347,-0.010686247609555721,0.5921444296836853,0.7699914574623108,-0.01817498728632927,0.6016638875007629,0.7227959632873535,-0.028279636055231094,0.629156231880188,0.7032719850540161,-0.03755905106663704,0.6136121153831482,0.6940819025039673,-0.003849420929327607,0.6088245511054993,0.6198692321777344,-0.021311968564987183,0.6072050333023071,0.5774971842765808,-0.030729074031114578,0.608461856842041,0.5394174456596375,-0.037522945553064346,0.6419492363929749,0.6988232135772705,-0.010325987823307514,0.6257588267326355,0.6625374555587769,-0.040442757308483124,0.6146094799041748,0.7079545855522156,-0.045960962772369385,0.61507648229599,0.7407899498939514,-0.04118742048740387,0.6644774675369263,0.7169044017791748,-0.01941845193505287,0.6383340358734131,0.7106724381446838,-0.04620354250073433,0.6262654662132263,0.7553430795669556,-0.04026021063327789,0.6292709708213806,0.7797923684120178,-0.028228947892785072,0.680029034614563,0.7442466616630554,-0.030364779755473137,0.6516061425209045,0.7482612729072571,-0.044878359884023666,0.6387008428573608,0.7813177704811096,-0.039630401879549026,0.6403945088386536,0.7996371388435364,-0.031170718371868134
0.6413328051567078,0.8712986707687378,-1.2607502242190094e-07,0.6095466017723083,0.8298654556274414,-0.010067642666399479,0.5928186774253845,0.7706628441810608,-0.017645368352532387,0.6028652191162109,0.7248516082763672,-0.028060469776391983,0.6297183632850647,0.7043685913085938,-0.03763382136821747,0.612575352191925,0.6921492218971252,-0.00334710325114429,0.6085725426673889,0.6174646615982056,-0.021097905933856964,0.6069785356521606,0.5747747421264648,-0.030454430729150772,0.608330249786377,0.5371506810188293,-0.03697964921593666,0.6402221918106079,0.6981584429740906,-0.010365133173763752,0.6254241466522217,0.6624419093132019,-0.04120251536369324,0.6136764287948608,0.707631528377533,-0.04675630107522011,0.6139755845069885,0.7391765117645264,-0.04167324677109718,0.6627203226089478,0.716664731502533,-0.019971640780568123,0.6380093097686768,0.710607647895813,-0.04760526493191719,0.6260089874267578,0.7564004063606262,-0.04117133095860481,0.6296793818473816,0.7794126272201538,-0.028374454006552696,0.6789668202400208,0.74415123462677,-0.0312783345580101,0.6509525179862976,0.7469642162322998,-0.04567994549870491,0.6393901109695435,0.7808197736740112,-0.039311911910772324,0.6433471441268921,0.7977267503738403,-0.029825197532773018
0.6409162282943726,0.8719096183776855,-1.30819671539939e-07,0.6090043187141418,0.8289264440536499,-0.009761328808963299,0.5917552709579468,0.7686313390731812,-0.01691938005387783,0.6020451188087463,0.7220405340194702,-0.02696916088461876,0.6301531195640564,0.7037346363067627,-0.03626859560608864,0.613778293132782,0.6928573250770569,-0.003051397856324911,0.6091029644012451,0.6185376644134521,-0.020309865474700928,0.6077101826667786,0.576129138469696,-0.02954152040183544,0.6090442538261414,0.5385150909423828,-0.03606748953461647,0.6413541436195374,0.698002815246582,-0.010004227980971336,0.6265318393707275,0.6613084673881531,-0.03999542444944382,0.6148023009300232,0.7057204246520996,-0.0455610565841198,0.6144863963127136,0.7375211715698242,-0.040664609521627426,0.6636474132537842,0.7160364985466003,-0.019473401829600334,0.6387133598327637,0.7103444933891296,-0.046211741864681244,0.6260057687759399,0.7548739314079285,-0.0404001921415329,0.6285363435745239,0.7783190011978149,-0.028200477361679077,0.6795778274536133,0.7433062791824341,-0.030668113380670547,0.6523823142051697,0.7459843754768372,-0.04452183470129967,0.6394837498664856,0.7786399722099304,-0.03867805004119873,0.6412729620933533,0.7962480187416077,-0.02972332574427128
0.6408395171165466,0.8727777004241943,-1.3669904319613124e-07,0.6088201403617859,0.8297750353813171,-0.009914458729326725,0.5920937061309814,0.7693445682525635,-0.016988717019557953,0.6020563840866089,0.7229657173156738,-0.02695186622440815,0.6294173002243042,0.7035436630249023,-0.0360604003071785,0.6137874722480774,0.6919276714324951,-0.0022844988852739334,0.6091580390930176,0.6182124614715576,-0.019304942339658737,0.6075756549835205,0.5758988857269287,-0.02847886085510254,0.6089516282081604,0.538594663143158,-0.03506455942988396,0.6413862109184265,0.6976624727249146,-0.009248443879187107,0.6259960532188416,0.662416398525238,-0.039216548204422,0.6144603490829468,0.707434892654419,-0.04482147470116615,0.614806592464447,0.7388692498207092,-0.040093593299388885,0.6637376546859741,0.7164153456687927,-0.018827414140105247,0.6391184329986572,0.7093727588653564,-0.045737843960523605,0.6262102127075195,0.7541520595550537,-0.039806023240089417,0.6289035677909851,0.7775979042053223,-0.027632439509034157,0.6795051097869873,0.7444825768470764,-0.030157964676618576,0.6519966721534729,0.7465712428092957,-0.04447948932647705,0.6386653184890747,0.7792099118232727,-0.03884540870785713,0.6403254866600037,0.7968424558639526,-0.03003067336976528
0.6423420906066895,0.8732895851135254,-1.2967083762305265e-07,0.6097427010536194,0.8312663435935974,-0.010404456406831741,0.5925889015197754,0.7701484560966492,-0.017445987090468407,0.6024675369262695,0.7223367691040039,-0.02734161913394928,0.6301973462104797,0.7030981779098511,-0.03628940507769585,0.6132141351699829,0.6932780146598816,-0.0019676696974784136,0.6088430881500244,0.6179964542388916,-0.018938951194286346,0.6073798537254333,0.5753486752510071,-0.027927787974476814,0.6089666485786438,0.538080096244812,-0.03431558981537819,0.6405391097068787,0.6988828778266907,-0.008607392199337482,0.6263356804847717,0.6622277498245239,-0.03893640637397766,0.6149677038192749,0.7068018317222595,-0.04463821277022362,0.6152278184890747,0.7382681965827942,-0.039740417152643204,0.662869393825531,0.7171176671981812,-0.017940077930688858,0.6396604776382446,0.709265410900116,-0.04549702629446983,0.6267725825309753,0.7544102668762207,-0.03987044468522072,0.6293150782585144,0.7783718109130859,-0.027561193332076073,0.6788360476493835,0.744404137134552,-0.02901730313897133,0.6523229479789734,0.7458156943321228,-0.04387984052300453,0.6391683220863342,0.7790078520774841,-0.03845825418829918,0.6408777236938477,0.7973498702049255,-0.02958110347390175
0.6421447992324829,0.8725320100784302,-1.2903431922950404e-07,0.6097762584686279,0.832334578037262,-0.01114076841622591,0.5924413800239563,0.7724747061729431,-0.019003452733159065,0.6015294194221497,0.7242864370346069,-0.029416590929031372,0.6290406584739685,0.7034708261489868,-0.03892199322581291,0.6132333278656006,0.6935217380523682,-0.004634906072169542,0.609017014503479,0.6182318925857544,-0.022825364023447037,0.6074298620223999,0.575454592704773,-0.03249041736125946,0.6088979244232178,0.5375153422355652,-0.039296455681324005,0.6410567164421082,0.6982680559158325,-0.010891559533774853,0.6251469254493713,0.6624202132225037,-0.04151006042957306,0.6141413450241089,0.7081689834594727,-0.04657956212759018,0.6151717901229858,0.7393941283226013,-0.041315797716379166,0.6634060144424438,0.7159671187400818,-0.01985754445195198,0.6376640796661377,0.7103697061538696,-0.04693526402115822,0.6260459423065186,0.7553408741950989,-0.04033529385924339,0.6298843622207642,0.777469277381897,-0.02775806188583374,0.6791311502456665,0.7427223324775696,-0.030743572860956192,0.6509380340576172,0.748016357421875,-0.04523082450032234,0.6389403343200684,0.7814555168151855,-0.03950059786438942,0.6419272422790527,0.7981415390968323,-0.030594946816563606
0.6422757506370544,0.8736931681632996,-1.3104082086101698e-07,0.6098109483718872,0.8324429988861084,-0.010685894638299942,0.59234219789505,0.7714548707008362,-0.01812470331788063,0.6015446186065674,0.7233070135116577,-0.02821452170610428,0.6295974850654602,0.7034971714019775,-0.03739796578884125,0.6138384938240051,0.6931342482566833,-0.0035901369992643595,0.6093474626541138,0.6182495951652527,-0.021208548918366432,0.6077530384063721,0.5755863785743713,-0.030580950900912285,0.6091676950454712,0.5378929376602173,-0.03724512830376625,0.6416138410568237,0.6981935501098633,-0.01011098176240921,0.6258810758590698,0.6626937389373779,-0.04025707021355629,0.6145521402359009,0.7085690498352051,-0.0453212670981884,0.6153807044029236,0.7398929595947266,-0.04012215510010719,0.6638365983963013,0.7164334654808044,-0.019330106675624847,0.6383227705955505,0.710540235042572,-0.04614868760108948,0.6260971426963806,0.7551774978637695,-0.03975318372249603,0.6297061443328857,0.777275025844574,-0.027351729571819305,0.679304301738739,0.7438734769821167,-0.03041350096464157,0.6514952778816223,0.7478463053703308,-0.04465595632791519,0.6391610503196716,0.7809039950370789,-0.03887200728058815,0.6419443488121033,0.7977266907691956,-0.02997792325913906
0.6422460675239563,0.8734358549118042,-1.2999036869132397e-07,0.6100896000862122,0.8318836688995361,-0.010738448239862919,0.5936808586120605,0.7716755270957947,-0.018482109531760216,0.6030995845794678,0.7239348292350769,-0.02898791991174221,0.6297416090965271,0.7053347826004028,-0.03866015002131462,0.6138536930084229,0.6927957534790039,-0.0034569359850138426,0.6101582646369934,0.6186822056770325,-0.02136479690670967,0.6085711121559143,0.5761152505874634,-0.031154600903391838,0.6101046204566956,0.5379774570465088,-0.03816106170415878,0.6417519450187683,0.6975414156913757,-0.010015074163675308,0.625613272190094,0.6629981994628906,-0.040689386427402496,0.6142337322235107,0.708342969417572,-0.046220771968364716,0.6151446104049683,0.7388486862182617,-0.04128590598702431,0.6642999649047852,0.715399980545044,-0.01928011327981949,0.638225793838501,0.7098746299743652,-0.046492934226989746,0.6265299916267395,0.7553903460502625,-0.04005346819758415,0.6306200623512268,0.7779138684272766,-0.02748926356434822,0.6802046895027161,0.7423866987228394,-0.030442938208580017,0.651293933391571,0.746567964553833,-0.044855646789073944,0.6391573548316956,0.7799846529960632,-0.03902289643883705,0.6425828337669373,0.7967459559440613,-0.030035024508833885
0.6423295736312866,0.8731176853179932,-1.357886958430754e-07,0.6102492809295654,0.8326754570007324,-0.0104051623493433,0.5935888290405273,0.7724435925483704,-0.01769462414085865,0.6026268601417542,0.7252253890037537,-0.027733923867344856,0.628713071346283,0.7048161625862122,-0.036897312849760056,0.6140865087509155,0.692949652671814,-0.002829821314662695,0.6102494597434998,0.6190522313117981,-0.02010148949921131,0.608737587928772,0.5766094923019409,-0.02944842539727688,0.6104920506477356,0.5392862558364868,-0.03618834167718887,0.6415684819221497,0.6985089778900146,-0.009558649733662605,0.626869797706604,0.6622737646102905,-0.03992946073412895,0.6156047582626343,0.7072795629501343,-0.045548584312200546,0.6161162853240967,0.738637387752533,-0.0407516285777092,0.6639887094497681,0.7167137265205383,-0.018947875127196312,0.6397109031677246,0.7085313200950623,-0.04620099067687988,0.6276737451553345,0.7535505294799805,-0.04013743996620178,0.631017804145813,0.7767494320869446,-0.027888063341379166,0.67995285987854,0.7439537644386292,-0.030120981857180595,0.6520029902458191,0.7462174892425537,-0.04480467736721039,0.6391415596008301,0.7795953750610352,-0.03916557505726814,0.6414378881454468,0.7973818778991699,-0.030347412452101707
0.6427698731422424,0.8737597465515137,-1.298063381227621e-07,0.6110410690307617,0.8339765667915344,-0.011018560267984867,0.5947542190551758,0.774669349193573,-0.018957383930683136,0.6023738384246826,0.7269642949104309,-0.029449084773659706,0.6279722452163696,0.7046336531639099,-0.03903055563569069,0.6144047975540161,0.6941944360733032,-0.003620951436460018,0.6107493042945862,0.6200796365737915,-0.021880287677049637,0.6091935038566589,0.5773110389709473,-0.03170723840594292,0.6108789443969727,0.5395403504371643,-0.0385916531085968,0.6421624422073364,0.6987267136573792,-0.010006599128246307,0.6264718770980835,0.6626412272453308,-0.041025396436452866,0.6155088543891907,0.708498477935791,-0.046488694846630096,0.6165647506713867,0.7400052547454834,-0.04130598530173302,0.6645693182945251,0.71612548828125,-0.019145861268043518,0.6380742788314819,0.7093324065208435,-0.046598419547080994,0.6268787384033203,0.7547405362129211,-0.03995195031166077,0.6312747597694397,0.7770587205886841,-0.027233755216002464,0.6802312731742859,0.7425673604011536,-0.0301448293030262,0.6502296924591064,0.7478295564651489,-0.04482617229223251,0.6392476558685303,0.7820084095001221,-0.03892417997121811,0.6437779664993286,0.798453688621521,-0.02983786351978779
0.642412006855011,0.8724295496940613,-1.275323455729449e-07,0.6104793548583984,0.8322493433952332,-0.01010874193161726,0.5942715406417847,0.7720685601234436,-0.01732187159359455,0.6036543250083923,0.7249327301979065,-0.027315964922308922,0.629889726638794,0.7039278745651245,-0.03651990368962288,0.6142195463180542,0.6943668127059937,-0.002656082157045603,0.6108367443084717,0.6197644472122192,-0.019922668114304543,0.6093030571937561,0.5766531825065613,-0.029107829555869102,0.6108193397521973,0.5391541123390198,-0.03560416027903557,0.6412509679794312,0.7001349329948425,-0.009392491541802883,0.627286970615387,0.6627961993217468,-0.0400090217590332,0.6158803701400757,0.7074616551399231,-0.04572201892733574,0.6159637570381165,0.7394711375236511,-0.04073435440659523,0.6636359095573425,0.7180484533309937,-0.01869732327759266,0.6400030255317688,0.7086517810821533,-0.04602964594960213,0.6281661987304688,0.754012405872345,-0.03983192518353462,0.6313813924789429,0.7778595089912415,-0.02731357514858246,0.680051326751709,0.7447039484977722,-0.02970847301185131,0.6520273089408875,0.7471832633018494,-0.04433077201247215,0.6399838924407959,0.7812838554382324,-0.03846907243132591,0.643157422542572,0.799108624458313,-0.029377954080700874
0.6430103778839111,0.8737757802009583,-1.2647896596718056e-07,0.6107564568519592,0.8321378827095032,-0.009800612926483154,0.5943412780761719,0.7720259428024292,-0.01682797633111477,0.6026098132133484,0.7249933481216431,-0.026787374168634415,0.6283110976219177,0.704098641872406,-0.035903409123420715,0.6151766180992126,0.6941674947738647,-0.0014854860492050648,0.6112563610076904,0.6199010610580444,-0.01898905448615551,0.6092924475669861,0.5766028165817261,-0.02852957509458065,0.6104585528373718,0.5387605428695679,-0.0352889746427536,0.6422597169876099,0.6992093324661255,-0.008567136712372303,0.6272811889648438,0.6631119847297668,-0.03914709389209747,0.615637481212616,0.7079771757125854,-0.04493636265397072,0.6159824132919312,0.7390168905258179,-0.04002426937222481,0.6644374132156372,0.7171378135681152,-0.01833629608154297,0.6393151879310608,0.7094560861587524,-0.04515248164534569,0.6275985836982727,0.7539928555488586,-0.03859616070985794,0.631671667098999,0.7758858799934387,-0.02603057771921158,0.6801694631576538,0.7443926334381104,-0.02992049604654312,0.6515889167785645,0.7481662631034851,-0.04379689320921898,0.640259861946106,0.7810653448104858,-0.037556085735559464,0.644567608833313,0.796822190284729,-0.02835451066493988
0.6419702172279358,0.8736499547958374,-1.2786891545601975e-07,0.6104232668876648,0.8315309882164001,-0.010018066503107548,0.5944463610649109,0.7714517712593079,-0.017207209020853043,0.6031911969184875,0.7253298759460449,-0.02729816362261772,0.629413902759552,0.7043144106864929,-0.03652087599039078,0.6149484515190125,0.6935527324676514,-0.0018020321149379015,0.6110585331916809,0.6193166375160217,-0.019312549382448196,0.6092962622642517,0.5763067007064819,-0.028727727010846138,0.6107249855995178,0.5387701392173767,-0.03538384661078453,0.6421900391578674,0.6995227336883545,-0.008875908330082893,0.6279913783073425,0.6632446646690369,-0.03949270769953728,0.6162644028663635,0.7081754803657532,-0.045376624912023544,0.6162319183349609,0.7392104268074036,-0.040617436170578,0.6646174788475037,0.7181882858276367,-0.018635090440511703,0.6407753825187683,0.7096754908561707,-0.04600205272436142,0.6284844875335693,0.7547564506530762,-0.03976287692785263,0.6317011713981628,0.7771619558334351,-0.027279550209641457,0.6806057691574097,0.7459726333618164,-0.030135028064250946,0.6527577638626099,0.7485737800598145,-0.04452884942293167,0.6406161189079285,0.781875491142273,-0.03842185065150261,0.6438226103782654,0.798229455947876,-0.029233457520604134
0.6415188312530518,0.8729236125946045,-1.356535221930244e-07,0.6093195676803589,0.8311766982078552,-0.009439187124371529,0.5936910510063171,0.7695493698120117,-0.016259504482150078,0.6037544012069702,0.7238454818725586,-0.02599756419658661,0.6301243305206299,0.7042605876922607,-0.03492002189159393,0.6147845387458801,0.6918184757232666,-0.0022883277852088213,0.6105538010597229,0.6177829504013062,-0.020140981301665306,0.6090184450149536,0.5753669738769531,-0.02959814853966236,0.6107164621353149,0.5378068089485168,-0.03621625155210495,0.642788290977478,0.6972184777259827,-0.009667148813605309,0.6271799206733704,0.6614172458648682,-0.04059499129652977,0.6149855256080627,0.7077564001083374,-0.04599669948220253,0.614988386631012,0.7392475605010986,-0.04063667356967926,0.6652721762657166,0.7158702611923218,-0.019671207293868065,0.6388930082321167,0.710543692111969,-0.04680406302213669,0.6270269751548767,0.7567554712295532,-0.039915360510349274,0.6309686899185181,0.7784881591796875,-0.026984278112649918,0.6805821657180786,0.7439171671867371,-0.03144880011677742,0.6512722969055176,0.7491821646690369,-0.04535846784710884,0.6400664448738098,0.7832005620002747,-0.03885200247168541,0.6445319056510925,0.7983675003051758,-0.02942831628024578
0.642837405204773,0.8746351003646851,-1.3980978508243425e-07,0.6109223365783691,0.8332294225692749,-0.010425424203276634,0.593239426612854,0.7702886462211609,-0.017236782237887383,0.6029303669929504,0.7217079997062683,-0.026759453117847443,0.6310041546821594,0.7034062147140503,-0.035348791629076004,0.6149901747703552,0.6928970813751221,-0.0026728827506303787,0.6106998324394226,0.6174187064170837,-0.019828997552394867,0.6093963384628296,0.5745620727539062,-0.028875155374407768,0.6111334562301636,0.5367060899734497,-0.03548351302742958,0.6427658200263977,0.6976519227027893,-0.009337994270026684,0.62627112865448,0.6619635820388794,-0.039707522839307785,0.6147286891937256,0.7077643275260925,-0.04497712105512619,0.6153025031089783,0.7392436861991882,-0.0398394800722599,0.665269672870636,0.7158567309379578,-0.018700959160923958,0.6392847299575806,0.7098450064659119,-0.04577423632144928,0.6274723410606384,0.7553401589393616,-0.039404403418302536,0.6312897205352783,0.7780554294586182,-0.02697390876710415,0.6811320781707764,0.7434584498405457,-0.029938576743006706,0.6522311568260193,0.7482765316963196,-0.04460911080241203,0.6401678323745728,0.781888484954834,-0.03913348913192749,0.6434962153434753,0.7988373041152954,-0.030427968129515648
0.6426101922988892,0.8742634057998657,-1.2908199664707354e-07,0.6106820106506348,0.8315965533256531,-0.010616998188197613,0.5938449501991272,0.7707116603851318,-0.01838694140315056,0.6028115749359131,0.7232059240341187,-0.02898506261408329,0.630287766456604,0.7046910524368286,-0.038671646267175674,0.6148195862770081,0.693463146686554,-0.003097713924944401,0.6108986735343933,0.6187534332275391,-0.021510541439056396,0.6093867421150208,0.5765749216079712,-0.031395502388477325,0.6110548973083496,0.5389018654823303,-0.038326893001794815,0.6422748565673828,0.6987115144729614,-0.010065448470413685,0.6269925236701965,0.6618528962135315,-0.04171575978398323,0.6157437562942505,0.7076919078826904,-0.04746387153863907,0.6164500713348389,0.738281786441803,-0.04225527495145798,0.6646024584770203,0.7169599533081055,-0.019790779799222946,0.6393446326255798,0.7111901044845581,-0.047794099897146225,0.6279779076576233,0.7574478387832642,-0.0411221981048584,0.6322324275970459,0.7791067957878113,-0.028022339567542076,0.6803379654884338,0.7445011138916016,-0.03138145059347153,0.6522393226623535,0.7488675713539124,-0.0456569604575634,0.6411023139953613,0.7826831936836243,-0.03919430077075958,0.6454681158065796,0.7982358932495117,-0.02968681789934635
0.6421816945075989,0.8724170923233032,-1.2477939037580654e-07,0.6103999614715576,0.8309363722801208,-0.010884932242333889,0.5935623049736023,0.7708566188812256,-0.018987983465194702,0.6022480726242065,0.7241214513778687,-0.029732732102274895,0.6296194791793823,0.7046038508415222,-0.03950640186667442,0.6146222352981567,0.6925796270370483,-0.004183200187981129,0.6108241081237793,0.6174102425575256,-0.02285829186439514,0.6095021367073059,0.5753375291824341,-0.0327867791056633,0.6112002730369568,0.5380668640136719,-0.03970235958695412,0.6422245502471924,0.6980670690536499,-0.010924728587269783,0.6264569759368896,0.663127064704895,-0.042667727917432785,0.6153748631477356,0.7091622948646545,-0.04819765314459801,0.6161801815032959,0.7392870783805847,-0.042927633970975876,0.6645424365997314,0.716352641582489,-0.020398829132318497,0.6383455991744995,0.7123322486877441,-0.04832906648516655,0.6273197531700134,0.758691668510437,-0.041320428252220154,0.6316321492195129,0.7798153162002563,-0.02816089242696762,0.6804587841033936,0.7438135147094727,-0.03174927458167076,0.6512882709503174,0.7507899403572083,-0.04624203220009804,0.6407114863395691,0.7851907014846802,-0.03974379599094391,0.64545077085495,0.799996018409729,-0.03017895109951496
0.6418014764785767,0.8716004490852356,-1.2810578198241274e-07,0.6101266741752625,0.8293396830558777,-0.011154821142554283,0.5929268598556519,0.7694405913352966,-0.01946173794567585,0.6019642949104309,0.7223313450813293,-0.03033999353647232,0.6301367282867432,0.7025874257087708,-0.04021357744932175,0.615164577960968,0.6920403838157654,-0.004654264077544212,0.6109451055526733,0.6173297762870789,-0.02316044457256794,0.6095898151397705,0.5756261944770813,-0.03289593383669853,0.6113516688346863,0.5385072827339172,-0.03965774178504944,0.6429582238197327,0.6978622674942017,-0.011253654956817627,0.6272419095039368,0.662092387676239,-0.042385391891002655,0.6155368685722351,0.7083345055580139,-0.04757474735379219,0.6162663698196411,0.7388724684715271,-0.04225306585431099,0.6651323437690735,0.7165840864181519,-0.02059747837483883,0.6391889452934265,0.7118806838989258,-0.04835478588938713,0.627048909664154,0.757723331451416,-0.04145999252796173,0.6308364868164062,0.7793159484863281,-0.028418924659490585,0.6807299852371216,0.7443118691444397,-0.03181259706616402,0.6527586579322815,0.748935878276825,-0.046314310282468796,0.6407005786895752,0.7830188870429993,-0.03986956924200058,0.6438989043235779,0.7991403937339783,-0.030368460342288017
0.641581654548645,0.8728584051132202,-1.2837485030559037e-07,0.6103571057319641,0.8298774361610413,-0.011122113093733788,0.5938658714294434,0.768502414226532,-0.018910711631178856,0.6031650304794312,0.7211634516716003,-0.029233364388346672,0.6314785480499268,0.7015088200569153,-0.038514722138643265,0.6159220337867737,0.6919347643852234,-0.003498956561088562,0.6113862991333008,0.6170238256454468,-0.021369628608226776,0.6097536683082581,0.5749177932739258,-0.0307365320622921,0.6113259196281433,0.5375063419342041,-0.037394605576992035,0.6440277695655823,0.6977658271789551,-0.010075983591377735,0.6275137066841125,0.6616755127906799,-0.04074646905064583,0.6157577037811279,0.7076634764671326,-0.0459948368370533,0.6167394518852234,0.7384140491485596,-0.040856603533029556,0.6661954522132874,0.7168693542480469,-0.019456909969449043,0.639420211315155,0.7109612226486206,-0.04710741713643074,0.6269456744194031,0.7564439177513123,-0.04043632745742798,0.6308736801147461,0.7781678438186646,-0.02767178975045681,0.6812546849250793,0.7449958324432373,-0.03069821558892727,0.6522238254547119,0.7487291097640991,-0.04556483030319214,0.6403215527534485,0.7826931476593018,-0.039489250630140305,0.64391028881073,0.7989726066589355,-0.030310239642858505
0.6422650218009949,0.8716747164726257,-1.2363315704533306e-07,0.6105799674987793,0.8293356895446777,-0.011057822033762932,0.5942478179931641,0.7701128721237183,-0.0192578062415123,0.6039804220199585,0.7234606146812439,-0.03000657446682453,0.6307178735733032,0.7024738192558289,-0.03976292535662651,0.6146191358566284,0.6926999092102051,-0.0046345749869942665,0.6110619306564331,0.6176952123641968,-0.022940047085285187,0.6098571419715881,0.5754534006118774,-0.03266900032758713,0.6118618249893188,0.5378037691116333,-0.03953828662633896,0.6424672603607178,0.6986209154129028,-0.01135346107184887,0.6283400058746338,0.6603421568870544,-0.0423596128821373,0.6163206100463867,0.7048307657241821,-0.0479588583111763,0.6157269477844238,0.7357795834541321,-0.04307928308844566,0.6650980114936829,0.7172607779502869,-0.02072994038462639,0.6405013203620911,0.709967851638794,-0.04859086126089096,0.6284765005111694,0.756057858467102,-0.04192681983113289,0.6315115690231323,0.7791494131088257,-0.029154440388083458,0.6811531782150269,0.7448968887329102,-0.031938958913087845,0.6531320810317993,0.7484897375106812,-0.04697820544242859,0.6412612199783325,0.7826115489006042,-0.040866389870643616,0.6443412899971008,0.7994571924209595,-0.03163745626807213
0.6428584456443787,0.8743534088134766,-1.3504389073659695e-07,0.6112440228462219,0.8307631611824036,-0.010893868282437325,0.5950788259506226,0.7708123922348022,-0.018476372584700584,0.6029547452926636,0.7236652970314026,-0.02870073728263378,0.6293573379516602,0.7032008171081543,-0.03791803866624832,0.6158374547958374,0.6923630833625793,-0.002724710153415799,0.6114665269851685,0.6183764338493347,-0.020191919058561325,0.610081136226654,0.5760611295700073,-0.02968837134540081,0.6118495464324951,0.5386805534362793,-0.03650890290737152,0.6438953876495361,0.6975072622299194,-0.009145488031208515,0.6283224821090698,0.662146806716919,-0.03938550874590874,0.6170219779014587,0.7079625725746155,-0.04498544707894325,0.6174218654632568,0.7405532002449036,-0.040229249745607376,0.6663855314254761,0.715957522392273,-0.018348583951592445,0.6416239142417908,0.708370566368103,-0.045350540429353714,0.6295400857925415,0.7526720762252808,-0.039440471678972244,0.6325749158859253,0.7769064903259277,-0.02736944891512394,0.6817020177841187,0.7438893914222717,-0.029431482776999474,0.6544121503829956,0.7478442788124084,-0.044150859117507935,0.6414667963981628,0.780163049697876,-0.03908443823456764,0.6430624127388,0.7980923056602478,-0.030675219371914864
0.6443095207214355,0.8715663552284241,-1.2478632527290756e-07,0.6117511987686157,0.8282739520072937,-0.010208888910710812,0.5947942137718201,0.767524778842926,-0.017583508044481277,0.6048348546028137,0.7207424640655518,-0.02787115052342415,0.6332611441612244,0.704002857208252,-0.03736890107393265,0.615419864654541,0.6903399229049683,-0.002334283199161291,0.6116335988044739,0.6163329482078552,-0.019434664398431778,0.610348105430603,0.5736569762229919,-0.028848940506577492,0.6118091940879822,0.5362557172775269,-0.035590529441833496,0.6427638530731201,0.6961988210678101,-0.00898300763219595,0.6286970376968384,0.662388026714325,-0.039317671209573746,0.6171799302101135,0.7061517834663391,-0.045294106006622314,0.6164171695709229,0.7377256751060486,-0.040675755590200424,0.665220320224762,0.7142723202705383,-0.018237551674246788,0.6410607099533081,0.7090710401535034,-0.04538796469569206,0.6292760372161865,0.7538527250289917,-0.03990345820784569,0.6318628787994385,0.7784962058067322,-0.027829457074403763,0.6815212965011597,0.7414284944534302,-0.02926294505596161,0.6538554430007935,0.7460489273071289,-0.04366370663046837,0.6416965126991272,0.7795423269271851,-0.038224197924137115,0.6440747976303101,0.7983753085136414,-0.02939426898956299
0.6443791389465332,0.8753453493118286,-1.2891207745724387e-07,0.6116189360618591,0.8292901515960693,-0.00866292230784893,0.5960947275161743,0.7677806615829468,-0.015317150391638279,0.6055133938789368,0.7216342687606812,-0.025198237970471382,0.6311302781105042,0.7016178369522095,-0.0344378761947155,0.6180443167686462,0.6913070678710938,-0.0006028530769981444,0.6136357188224792,0.6180182695388794,-0.01753803715109825,0.6115773320198059,0.5750887393951416,-0.027073130011558533,0.6128247976303101,0.5373767614364624,-0.0339207798242569,0.645805299282074,0.6958200931549072,-0.008093457669019699,0.629147469997406,0.6612879037857056,-0.03702521324157715,0.6169799566268921,0.7036566138267517,-0.04282078891992569,0.6172649264335632,0.7352631092071533,-0.038622353225946426,0.6679746508598328,0.7139845490455627,-0.018200507387518883,0.6406006217002869,0.7077862024307251,-0.043934330344200134,0.6287318468093872,0.7503862380981445,-0.038429658859968185,0.6324617266654968,0.7746617794036865,-0.02710624411702156,0.6834574341773987,0.7417197823524475,-0.03006564825773239,0.6534563302993774,0.7461591362953186,-0.04391450062394142,0.6405348777770996,0.7784793376922607,-0.03864437714219093,0.642645001411438,0.7970397472381592,-0.03032493405044079
0.6445539593696594,0.8699926137924194,-1.348701488268489e-07,0.6118483543395996,0.8254944086074829,-0.009885930456221104,0.5966044664382935,0.7667698860168457,-0.017567548900842667,0.6057214140892029,0.7215302586555481,-0.028215523809194565,0.6311505436897278,0.7010958194732666,-0.038067739456892014,0.6163734793663025,0.6887627840042114,-0.0022725937888026237,0.6129440069198608,0.6157681941986084,-0.01987326890230179,0.6114054918289185,0.5735511779785156,-0.029740508645772934,0.6130741834640503,0.535592257976532,-0.03674523904919624,0.6439951658248901,0.6948517560958862,-0.00919820461422205,0.6290924549102783,0.6612220406532288,-0.0397290363907814,0.6171360611915588,0.7059648036956787,-0.04574262350797653,0.6167340874671936,0.7373883128166199,-0.041284795850515366,0.6666829586029053,0.7131871581077576,-0.018754413351416588,0.642053484916687,0.7066832780838013,-0.04612597078084946,0.6302692294120789,0.7526647448539734,-0.03994328901171684,0.6334124803543091,0.7776235938072205,-0.027503373101353645,0.6833945512771606,0.74058598279953,-0.030063815414905548,0.6552733778953552,0.7431674003601074,-0.04447924718260765,0.6420410871505737,0.7777544856071472,-0.03834553807973862,0.6438172459602356,0.7974913120269775,-0.02909855544567108
0.6438561677932739,0.8673571944236755,-1.2647926439512958e-07,0.6117769479751587,0.8254506587982178,-0.010231663472950459,0.5962915420532227,0.7666137218475342,-0.01796697825193405,0.6056556701660156,0.7214494347572327,-0.02838451787829399,0.6304099559783936,0.700799286365509,-0.037945713847875595,0.616913378238678,0.6889676451683044,-0.0036408693995326757,0.6128154993057251,0.6164260506629944,-0.021009713411331177,0.6111300587654114,0.5753521919250488,-0.030467094853520393,0.6128621697425842,0.5387156009674072,-0.037173543125391006,0.6447966694831848,0.6945251226425171,-0.010290144942700863,0.6300175189971924,0.6600518226623535,-0.04049740359187126,0.6187583208084106,0.7030275464057922,-0.04645301029086113,0.6186773777008057,0.7333270907402039,-0.042030442506074905,0.6670936346054077,0.7124677300453186,-0.01946837827563286,0.6407636404037476,0.7082222700119019,-0.04642191156744957,0.6297455430030823,0.7528960108757019,-0.04058445617556572,0.6333428621292114,0.7759236097335815,-0.028617694973945618,0.6826525926589966,0.7391332983970642,-0.03039505146443844,0.6535130143165588,0.7448779344558716,-0.0448666550219059,0.641562283039093,0.7789998650550842,-0.039214838296175,0.6441666483879089,0.7968122959136963,-0.030415263026952744
0.6428490877151489,0.8674998879432678,-1.2976198604519595e-07,0.6108481287956238,0.8251087069511414,-0.009844700805842876,0.5959123373031616,0.7648202180862427,-0.01700354553759098,0.6065076589584351,0.7192391157150269,-0.026871440932154655,0.6324264407157898,0.7003836035728455,-0.03588855639100075,0.6172090172767639,0.6888271570205688,-0.003178602084517479,0.6132403612136841,0.6156083941459656,-0.020355692133307457,0.6114609241485596,0.5740758180618286,-0.029579168185591698,0.612708330154419,0.5371410846710205,-0.0361805334687233,0.6453720331192017,0.694471001625061,-0.010015684179961681,0.6303423047065735,0.6593466401100159,-0.03976387903094292,0.6181554198265076,0.7031720876693726,-0.045230966061353683,0.6176296472549438,0.7337184548377991,-0.04049588367342949,0.6678034663200378,0.7130964398384094,-0.019384317100048065,0.6412208676338196,0.7081186175346375,-0.04597322642803192,0.6290640830993652,0.7526924014091492,-0.03984683007001877,0.6322811245918274,0.7751923203468323,-0.02774798683822155,0.683247447013855,0.74075847864151,-0.030500289052724838,0.6542263627052307,0.7448064684867859,-0.04482922703027725,0.6412516832351685,0.7783632278442383,-0.039026472717523575,0.6433154344558716,0.7957525253295898,-0.030156292021274567
0.6429483294487,0.8684331178665161,-1.3278953758799616e-07,0.6114130616188049,0.8240365982055664,-0.009110106155276299,0.5957106351852417,0.7634723782539368,-0.015874436125159264,0.6072262525558472,0.718052089214325,-0.02561776153743267,0.6347591876983643,0.7005186080932617,-0.03459455445408821,0.617106556892395,0.6900920867919922,-0.0016337258275598288,0.6131389141082764,0.6169102191925049,-0.01841464824974537,0.611596405506134,0.5754997730255127,-0.02749832719564438,0.6130568385124207,0.5383484959602356,-0.03407108411192894,0.644477128982544,0.6957171559333801,-0.008842246606945992,0.6305887699127197,0.6586710810661316,-0.03852570429444313,0.6190260648727417,0.7021471261978149,-0.04437534883618355,0.6184154748916626,0.7336276769638062,-0.03979776054620743,0.666713535785675,0.7138680219650269,-0.01855459250509739,0.6417068243026733,0.7075797319412231,-0.045286715030670166,0.6299393773078918,0.7525361776351929,-0.039697032421827316,0.632927656173706,0.7765365242958069,-0.027717389166355133,0.6823776960372925,0.7410934567451477,-0.02992565743625164,0.6538292169570923,0.744271993637085,-0.04428638517856598,0.6415053009986877,0.7779154777526855,-0.03879687935113907,0.6438658833503723,0.7962108254432678,-0.03009701706469059
0.6432557106018066,0.8675519824028015,-1.2933898574374325e-07,0.6111600995063782,0.8247612118721008,-0.010476154275238514,0.5962494015693665,0.7647367715835571,-0.017948104068636894,0.6065069437026978,0.7191891670227051,-0.028087375685572624,0.6325164437294006,0.7022140622138977,-0.03729034960269928,0.6168650984764099,0.6882094144821167,-0.003278207965195179,0.6129288673400879,0.6147094368934631,-0.020915187895298004,0.611164927482605,0.5733696222305298,-0.03047133982181549,0.6126815676689148,0.5363948345184326,-0.037343721836805344,0.6449853777885437,0.6936601996421814,-0.009921586140990257,0.6293535232543945,0.6609984040260315,-0.04026278480887413,0.6181793212890625,0.7058534026145935,-0.04578672721982002,0.6189715266227722,0.7355061769485474,-0.04100944101810455,0.667349100112915,0.7123281955718994,-0.01924835704267025,0.6408308148384094,0.7092442512512207,-0.04631153494119644,0.6293939352035522,0.7545091509819031,-0.040077608078718185,0.6334976553916931,0.776074230670929,-0.027773922309279442,0.6827175617218018,0.7401642799377441,-0.030417602509260178,0.6536006331443787,0.7463141083717346,-0.044990766793489456,0.6416298747062683,0.779845654964447,-0.039332278072834015,0.6448602676391602,0.7958557605743408,-0.03049303963780403
0.6450310349464417,0.8719093799591064,-1.290865299097277e-07,0.6123488545417786,0.828054666519165,-0.009765437804162502,0.5967893600463867,0.7670201063156128,-0.01690467819571495,0.606290876865387,0.719305694103241,-0.027049889788031578,0.6321368217468262,0.7005622982978821,-0.03629885986447334,0.6179835796356201,0.6919743418693542,-0.0009992563864216208,0.6142059564590454,0.6176365613937378,-0.01854250766336918,0.6121519207954407,0.5751291513442993,-0.02804442122578621,0.6133192777633667,0.5373096466064453,-0.03478770703077316,0.6454439759254456,0.6972321271896362,-0.008257494308054447,0.6306447386741638,0.6595495939254761,-0.03900468349456787,0.6185177564620972,0.7038532495498657,-0.04496338590979576,0.6186491847038269,0.73484867811203,-0.040055207908153534,0.6675535440444946,0.715256929397583,-0.018244517967104912,0.6413078904151917,0.7080468535423279,-0.045787662267684937,0.6296643018722534,0.7541078925132751,-0.039513710886240005,0.634397029876709,0.7768763303756714,-0.026765303686261177,0.6831215620040894,0.7425634860992432,-0.029987098649144173,0.6541078090667725,0.7449100017547607,-0.04414987191557884,0.6427537202835083,0.7784841060638428,-0.03791172802448273,0.6474252939224243,0.794821560382843,-0.0286058709025383
0.6448277831077576,0.870166540145874,-1.299824532452476e-07,0.6122115254402161,0.8270629048347473,-0.008968898095190525,0.5966305732727051,0.7675316333770752,-0.016138706356287003,0.6059204936027527,0.7221822738647461,-0.026505794376134872,0.6310424208641052,0.702202558517456,-0.03614319488406181,0.6167686581611633,0.6914183497428894,-0.0014477816876024008,0.613435685634613,0.6172522306442261,-0.018940677866339684,0.6115196943283081,0.574749767780304,-0.028479568660259247,0.6126949787139893,0.5374963879585266,-0.03509482368826866,0.6433348655700684,0.697855532169342,-0.00904436968266964,0.6305021047592163,0.6608071327209473,-0.04013793542981148,0.6181267499923706,0.7052727341651917,-0.04626413434743881,0.6174967885017395,0.7372117042541504,-0.041385021060705185,0.6654919981956482,0.7159736752510071,-0.019180171191692352,0.6423225402832031,0.7058905363082886,-0.04665437713265419,0.6302956938743591,0.7517427206039429,-0.040223199874162674,0.6339144706726074,0.7759537100791931,-0.027310490608215332,0.682357668876648,0.742931067943573,-0.03093969263136387,0.6560351848602295,0.7421085834503174,-0.04470626637339592,0.6441031098365784,0.7753922939300537,-0.037877779453992844,0.6477963924407959,0.7927460074424744,-0.028106369078159332
0.6441695094108582,0.8720909357070923,-1.30919218577219e-07,0.6112575531005859,0.8273082375526428,-0.008290078490972519,0.5964637398719788,0.766372799873352,-0.015004864893853664,0.606390118598938,0.7215886116027832,-0.024971336126327515,0.6309523582458496,0.7017929553985596,-0.03429727256298065,0.6182910203933716,0.6901583671569824,-0.0009670048602856696,0.6140038371086121,0.6176161766052246,-0.01837492175400257,0.6116763949394226,0.5756738185882568,-0.027968328446149826,0.6127594709396362,0.5385001301765442,-0.03473176062107086,0.6460180282592773,0.6953389644622803,-0.008914932608604431,0.6295937299728394,0.6616130471229553,-0.03881234675645828,0.6170697212219238,0.7058429718017578,-0.04440781846642494,0.6175016164779663,0.7366559505462646,-0.03965500369668007,0.6679385304450989,0.713965117931366,-0.019443005323410034,0.640175461769104,0.708299458026886,-0.04550021514296532,0.6285531520843506,0.7529568672180176,-0.03873290494084358,0.633334755897522,0.7749213576316833,-0.02637980878353119,0.6831809282302856,0.742012619972229,-0.03170453757047653,0.6536756753921509,0.746418297290802,-0.0448034331202507,0.6425884366035461,0.7793803215026855,-0.03817163035273552,0.6473667621612549,0.7946157455444336,-0.02894359827041626
0.6453413367271423,0.8729274868965149,-1.330137422428379e-07,0.6123177409172058,0.8287860155105591,-0.009344508871436119,0.5964447259902954,0.7672358155250549,-0.01616828702390194,0.6064006686210632,0.720439076423645,-0.026063481345772743,0.632496178150177,0.6999719142913818,-0.03505123034119606,0.6174678802490234,0.6917873024940491,-0.0009710773592814803,0.6135263442993164,0.6172799468040466,-0.01830196939408779,0.6115471124649048,0.5744386911392212,-0.027621179819107056,0.6129695177078247,0.5367357730865479,-0.03415779769420624,0.6446087956428528,0.6975365281105042,-0.008395101875066757,0.6304762959480286,0.6607658863067627,-0.03936467692255974,0.617332935333252,0.7051602602005005,-0.04525115340948105,0.6166686415672302,0.737395703792572,-0.04018622636795044,0.6667349934577942,0.7157057523727417,-0.018499374389648438,0.6419599652290344,0.7074571251869202,-0.04574377462267876,0.6298719644546509,0.7532632946968079,-0.03917540982365608,0.6340914368629456,0.7772838473320007,-0.026309575885534286,0.6830062866210938,0.7431647181510925,-0.030364325270056725,0.654972493648529,0.7453118562698364,-0.044123325496912,0.643435001373291,0.7787091135978699,-0.037688445299863815,0.6479493379592896,0.7955939769744873,-0.028294293209910393
0.6451619267463684,0.8719416856765747,-1.2186814046799554e-07,0.6126558184623718,0.828223705291748,-0.00938468612730503,0.5974586009979248,0.7686409950256348,-0.016785424202680588,0.6065458655357361,0.7228514552116394,-0.027310941368341446,0.6317392587661743,0.7019497156143188,-0.036999236792325974,0.6177161931991577,0.6915084719657898,-0.0013946348335593939,0.6136842370033264,0.6179642677307129,-0.01907433569431305,0.6113424897193909,0.5759361982345581,-0.028777921572327614,0.6126924157142639,0.5390347242355347,-0.03539501130580902,0.644277811050415,0.6974669098854065,-0.008879589848220348,0.6315430998802185,0.6611306071281433,-0.03955579921603203,0.6189087629318237,0.7033318281173706,-0.04569489136338234,0.6183359622955322,0.7341331839561462,-0.0409463532269001,0.6660658717155457,0.7156522274017334,-0.019011175259947777,0.6420937180519104,0.708243191242218,-0.04611989110708237,0.6305241584777832,0.7530654072761536,-0.039975523948669434,0.6348564624786377,0.7764288187026978,-0.027447331696748734,0.6821587085723877,0.7428914904594421,-0.03086727298796177,0.6546551585197449,0.746265172958374,-0.044538188725709915,0.6436722874641418,0.7796392440795898,-0.038083672523498535,0.6484940648078918,0.796149730682373,-0.02865498512983322
0.644304096698761,0.8703569769859314,-1.242253944155891e-07,0.6116563081741333,0.8265396356582642,-0.008640404790639877,0.5968927145004272,0.76677405834198,-0.01548430323600769,0.6070372462272644,0.7228817939758301,-0.025625726208090782,0.632151186466217,0.7031349539756775,-0.035054076462984085,0.6172922253608704,0.6905274987220764,-0.0009906403720378876,0.6134440898895264,0.6176649332046509,-0.01816394552588463,0.6114202737808228,0.5757732391357422,-0.027622811496257782,0.6127349734306335,0.5392447113990784,-0.034123495221138,0.6440778374671936,0.6966162919998169,-0.00874474085867405,0.631818413734436,0.6612949371337891,-0.03903277590870857,0.618959367275238,0.7036100625991821,-0.04525313526391983,0.6175968050956726,0.7349494099617004,-0.040652498602867126,0.6661688089370728,0.7149035334587097,-0.01901417225599289,0.6428121328353882,0.7077902555465698,-0.045568954199552536,0.6307660937309265,0.7522243857383728,-0.03964495658874512,0.6340767741203308,0.7761300802230835,-0.027383506298065186,0.6824533939361572,0.7423002123832703,-0.030953239649534225,0.6557067632675171,0.7453029751777649,-0.04419468715786934,0.6439939737319946,0.777914822101593,-0.037789151072502136,0.6476318836212158,0.7946937084197998,-0.02846672758460045
0.6447247862815857,0.8714768886566162,-1.241582623379145e-07,0.6120306253433228,0.8261518478393555,-0.00912439450621605,0.5968823432922363,0.7653608918190002,-0.015907812863588333,0.6077014803886414,0.7211828231811523,-0.025892190635204315,0.6340832114219666,0.7015395164489746,-0.035056665539741516,0.6181614398956299,0.689254879951477,-0.00047434857697226107,0.6142436265945435,0.6169745326042175,-0.017483947798609734,0.6122909188270569,0.5749440789222717,-0.026866015046834946,0.6136822700500488,0.538128674030304,-0.03345021605491638,0.6456377506256104,0.6953442096710205,-0.008079132996499538,0.6321239471435547,0.6615068912506104,-0.03806872293353081,0.6191896796226501,0.7047919034957886,-0.04421655088663101,0.6184329390525818,0.7359967827796936,-0.039746835827827454,0.6678282618522644,0.7144455313682556,-0.01835441216826439,0.6439958810806274,0.7081905603408813,-0.04507814347743988,0.6312147378921509,0.7526035308837891,-0.039350807666778564,0.6344358325004578,0.7762721180915833,-0.027275843545794487,0.6835895776748657,0.7429086565971375,-0.03035956807434559,0.6560282111167908,0.7459623217582703,-0.044140271842479706,0.6433442831039429,0.7786657214164734,-0.038162097334861755,0.6462420225143433,0.795579195022583,-0.029114240780472755
0.6442631483078003,0.868965208530426,-1.2868483167949307e-07,0.6122044920921326,0.8248816132545471,-0.009530813433229923,0.5968501567840576,0.7647342085838318,-0.016707561910152435,0.6078069806098938,0.7201013565063477,-0.026957720518112183,0.6342480778694153,0.7007369995117188,-0.0364019051194191,0.6177495121955872,0.6887646317481995,-0.001824479433707893,0.6140730381011963,0.6151573657989502,-0.018954629078507423,0.612119197845459,0.5728780031204224,-0.02829166129231453,0.6133917570114136,0.5358856916427612,-0.0349130742251873,0.6449596285820007,0.696104109287262,-0.009231855161488056,0.6320297718048096,0.660536527633667,-0.03969002515077591,0.6193503737449646,0.7044598460197449,-0.04566409811377525,0.6186968684196472,0.7359193563461304,-0.04111544415354729,0.6671555638313293,0.7155062556266785,-0.019260043278336525,0.644900918006897,0.70576411485672,-0.04688376560807228,0.631611704826355,0.7512105107307434,-0.04086359590291977,0.6341519951820374,0.7758719325065613,-0.02839474380016327,0.6834346055984497,0.7437170147895813,-0.03092917799949646,0.6574003100395203,0.7424533367156982,-0.04547840356826782,0.6441265940666199,0.7755913734436035,-0.03924240171909332,0.6463560461997986,0.7938446402549744,-0.02991272136569023
0.644639790058136,0.8686224222183228,-1.3394502218488924e-07,0.6125302314758301,0.8235644102096558,-0.009553778916597366,0.5976071953773499,0.7637826800346375,-0.016684098169207573,0.6071836352348328,0.7191720008850098,-0.02674388326704502,0.6330072283744812,0.6987016201019287,-0.03599899634718895,0.618836522102356,0.6885122656822205,-0.0020895968191325665,0.6146839261054993,0.6162487268447876,-0.019575320184230804,0.6128658056259155,0.5748045444488525,-0.02911890298128128,0.614414393901825,0.5378955602645874,-0.03585680574178696,0.6469473242759705,0.6942811012268066,-0.009164058603346348,0.6313436627388,0.6600563526153564,-0.039042554795742035,0.6190163493156433,0.7042992115020752,-0.044623106718063354,0.6191570162773132,0.7354713082313538,-0.040000975131988525,0.6693176031112671,0.7130426168441772,-0.0189073346555233,0.6434187889099121,0.7064937353134155,-0.045205775648355484,0.6312043070793152,0.7505993843078613,-0.038878489285707474,0.6349351406097412,0.7734856009483337,-0.02680983580648899,0.6848062872886658,0.7408354878425598,-0.030451105907559395,0.65644371509552,0.7448815703392029,-0.04418250918388367,0.6442830562591553,0.7772232294082642,-0.038331106305122375,0.6474854350090027,0.7933594584465027,-0.029617760330438614
0.6455336213111877,0.8677395582199097,-1.2841944396768668e-07,0.613152801990509,0.823818027973175,-0.010083283297717571,0.5972445011138916,0.7633369565010071,-0.017157437279820442,0.6072931289672852,0.7168827056884766,-0.027023836970329285,0.6345484256744385,0.6981530785560608,-0.03591333329677582,0.6183812022209167,0.6888904571533203,-0.0022077574394643307,0.6145730018615723,0.6154028177261353,-0.019450603052973747,0.6127777695655823,0.5737866163253784,-0.02845878154039383,0.6142061352729797,0.5365579724311829,-0.03477272391319275,0.645951509475708,0.6946709752082825,-0.008954658173024654,0.6318114399909973,0.6575150489807129,-0.038988180458545685,0.6194101572036743,0.7021520137786865,-0.044224079698324203,0.6193645596504211,0.7334540486335754,-0.03896202892065048,0.6682689189910889,0.7129979133605957,-0.01840091310441494,0.6442403793334961,0.7058371305465698,-0.045224837958812714,0.6320731043815613,0.7507522106170654,-0.03885165974497795,0.6359138488769531,0.7733945846557617,-0.02623254619538784,0.684330940246582,0.7403589487075806,-0.029631109908223152,0.6577903032302856,0.74253910779953,-0.04324798658490181,0.645469069480896,0.7751479148864746,-0.03705807030200958,0.6485043168067932,0.7916804552078247,-0.02792404778301716
0.6455385684967041,0.8690464496612549,-1.2565669749164954e-07,0.6130035519599915,0.8251523375511169,-0.009631194174289703,0.5974346995353699,0.7640007734298706,-0.01632004790008068,0.6075214147567749,0.7172753810882568,-0.02595588006079197,0.6338871717453003,0.6969319581985474,-0.03463764488697052,0.6184260249137878,0.689602792263031,-0.00128656392917037,0.6144957542419434,0.616235613822937,-0.018800316378474236,0.612701952457428,0.5749180316925049,-0.027915138751268387,0.6144939064979553,0.5377352237701416,-0.03417714685201645,0.6463032960891724,0.6945956945419312,-0.008352414704859257,0.6326187252998352,0.6574823260307312,-0.03848142921924591,0.6196381449699402,0.7020974159240723,-0.043705057352781296,0.6195142269134521,0.7325760722160339,-0.03829239308834076,0.6685936450958252,0.7126455307006836,-0.018174562603235245,0.644145131111145,0.7070796489715576,-0.044829413294792175,0.6315595507621765,0.7522571086883545,-0.03836110979318619,0.6357455849647522,0.7735266089439392,-0.0257025808095932,0.684222400188446,0.7398691177368164,-0.02979889325797558,0.6571797132492065,0.7444647550582886,-0.04311969131231308,0.6452977061271667,0.7771629095077515,-0.0368727445602417,0.649225115776062,0.7916985750198364,-0.027739806100726128
0.6446171402931213,0.8680435419082642,-1.238001487990914e-07,0.6124009490013123,0.8246803283691406,-0.010061642155051231,0.597994863986969,0.7650816440582275,-0.01731143519282341,0.6081699132919312,0.7190874218940735,-0.027477264404296875,0.6339435577392578,0.6980080008506775,-0.03665409982204437,0.6181790232658386,0.6890792846679688,-0.001831723377108574,0.6146233081817627,0.6156028509140015,-0.019682854413986206,0.6125416159629822,0.5740718841552734,-0.029055079445242882,0.6141332983970642,0.537083625793457,-0.03539866954088211,0.6457329988479614,0.6947324275970459,-0.008813055232167244,0.6329454183578491,0.6586521863937378,-0.03924101963639259,0.619878888130188,0.7023319005966187,-0.04471699893474579,0.6196145415306091,0.7319237589836121,-0.039545319974422455,0.6680405735969543,0.7128921151161194,-0.018581572920084,0.6443079113960266,0.7070268392562866,-0.04583924263715744,0.6316852569580078,0.7522786855697632,-0.03951238840818405,0.6357312798500061,0.7736937999725342,-0.02684362605214119,0.68426913022995,0.7399923801422119,-0.030139701440930367,0.6576234698295593,0.7435803413391113,-0.04397906735539436,0.6452668309211731,0.7767455577850342,-0.037652384489774704,0.6487003564834595,0.7921001315116882,-0.02831723541021347
0.6459419131278992,0.8686401844024658,-1.3018097888561897e-07,0.6130668520927429,0.8241750597953796,-0.009592092595994473,0.5978875160217285,0.7634433507919312,-0.016614466905593872,0.6077836751937866,0.7172949910163879,-0.026664702221751213,0.6336165070533752,0.6979178190231323,-0.03579258918762207,0.6186698079109192,0.6887512803077698,-0.0014981674030423164,0.615182638168335,0.6151772737503052,-0.019168196246027946,0.6126439571380615,0.5735426545143127,-0.028586044907569885,0.6138277053833008,0.5361038446426392,-0.03521335870027542,0.6462295651435852,0.694581151008606,-0.008854445070028305,0.6324272155761719,0.6588870882987976,-0.03955327346920967,0.6194614171981812,0.7043384313583374,-0.044912900775671005,0.6201390624046326,0.7344434261322021,-0.03967972472310066,0.6685153245925903,0.7132772207260132,-0.018985092639923096,0.6445844769477844,0.7051874399185181,-0.04626503214240074,0.6320340633392334,0.7510008215904236,-0.03943517059087753,0.6369169354438782,0.7726793885231018,-0.026477839797735214,0.684787929058075,0.7410252094268799,-0.030893446877598763,0.658226728439331,0.7421090602874756,-0.0446743443608284,0.6461886763572693,0.7746342420578003,-0.03809412568807602,0.6506593823432922,0.7896819114685059,-0.02865881659090519
0.6467362642288208,0.8704715967178345,-1.1764294072236225e-07,0.6139188408851624,0.8265978097915649,-0.010131852701306343,0.5983933806419373,0.7660776972770691,-0.017339477315545082,0.6076147556304932,0.7187637686729431,-0.027572376653552055,0.6332024931907654,0.6975602507591248,-0.03684120252728462,0.6180602312088013,0.6905518770217896,-0.0011490789474919438,0.6149100065231323,0.6169323325157166,-0.01860751025378704,0.6128950715065002,0.5751228332519531,-0.02805797941982746,0.6143696904182434,0.5381065607070923,-0.034541793167591095,0.6447910070419312,0.6969916820526123,-0.008241693489253521,0.6341722011566162,0.6583935022354126,-0.03872828930616379,0.6210588812828064,0.7014924883842468,-0.04471316188573837,0.620184063911438,0.7318606972694397,-0.03983767703175545,0.6670588850975037,0.715419590473175,-0.018114697188138962,0.6462781429290771,0.7048898339271545,-0.045555081218481064,0.6331592798233032,0.7495736479759216,-0.03965168446302414,0.6366317272186279,0.7725330591201782,-0.027070391923189163,0.6837999224662781,0.7426077127456665,-0.02971782721579075,0.6597937345504761,0.740660548210144,-0.043617069721221924,0.6471095085144043,0.7727975845336914,-0.03725254908204079,0.6501919031143188,0.7896512746810913,-0.027814310044050217
0.645659327507019,0.8698920011520386,-1.0908151892863316e-07,0.6132242679595947,0.8262495398521423,-0.009878251701593399,0.5986099243164062,0.7666072249412537,-0.01688504032790661,0.6073048710823059,0.7199275493621826,-0.026883823797106743,0.6316797137260437,0.6976257562637329,-0.03605018928647041,0.6188341379165649,0.6910426020622253,-0.0012595558073371649,0.6154531240463257,0.6178275346755981,-0.018352527171373367,0.613085925579071,0.5756586194038391,-0.027763891965150833,0.6137138605117798,0.5383930802345276,-0.03419194743037224,0.6457725167274475,0.6973514556884766,-0.008220748044550419,0.6346789002418518,0.6587030291557312,-0.03804764896631241,0.6212934851646423,0.6981392502784729,-0.044442277401685715,0.6188738942146301,0.7279716730117798,-0.04009758681058884,0.6680150032043457,0.7155629992485046,-0.017823662608861923,0.6453821063041687,0.7072921991348267,-0.04461614415049553,0.6330799460411072,0.7504972219467163,-0.03925429657101631,0.6360058188438416,0.7741360068321228,-0.02727547660470009,0.6844749450683594,0.7423394918441772,-0.029144566506147385,0.6590146422386169,0.7428442239761353,-0.042813464999198914,0.6467777490615845,0.7752192616462708,-0.03673020750284195,0.6496200561523438,0.7927512526512146,-0.027600612491369247
0.6456283330917358,0.8688560128211975,-1.128230096014704e-07,0.6131618022918701,0.8247969150543213,-0.009496577084064484,0.5966145992279053,0.7631664276123047,-0.016276033595204353,0.6068562865257263,0.7169113159179688,-0.025969646871089935,0.6349189281463623,0.6975864768028259,-0.03473033010959625,0.6188526749610901,0.6894794702529907,-0.0012538577429950237,0.6140732765197754,0.6152547001838684,-0.017755679786205292,0.6117653846740723,0.5730696320533752,-0.026400355622172356,0.6130454540252686,0.5368114709854126,-0.03237327188253403,0.6460903286933899,0.6958860754966736,-0.008284470997750759,0.6338899731636047,0.6585410237312317,-0.03780469670891762,0.6207208633422852,0.7007249593734741,-0.04329404979944229,0.6197160482406616,0.7325183153152466,-0.038156911730766296,0.6682333946228027,0.7144983410835266,-0.017924878746271133,0.6444892287254333,0.7072070837020874,-0.04412546753883362,0.6319221258163452,0.7503250241279602,-0.03825927525758743,0.6356197595596313,0.7733606100082397,-0.02604754827916622,0.6846026182174683,0.7418705821037292,-0.029255585744976997,0.6574186682701111,0.7435058355331421,-0.0423976331949234,0.645488977432251,0.7759416699409485,-0.036053482443094254,0.649357795715332,0.7926764488220215,-0.026807906106114388
0.6451048851013184,0.8679114580154419,-1.201868684574947e-07,0.6125634908676147,0.8238718509674072,-0.00957822147756815,0.5977326035499573,0.7644333243370056,-0.016662929207086563,0.6078138947486877,0.7181946635246277,-0.026696132495999336,0.6334525346755981,0.6967859864234924,-0.03586399927735329,0.6184630393981934,0.6897683143615723,-0.0015702119562774897,0.6138672232627869,0.6167987585067749,-0.01910189911723137,0.6112385392189026,0.5752499103546143,-0.028516484424471855,0.6120576858520508,0.5384851098060608,-0.034908343106508255,0.6459606885910034,0.6954507231712341,-0.008719302713871002,0.6337990164756775,0.6570114493370056,-0.03876345604658127,0.6205647587776184,0.6987257599830627,-0.04454600065946579,0.6190041303634644,0.7296473383903503,-0.039593655616045,0.6683043837547302,0.7135080099105835,-0.018528785556554794,0.6439186930656433,0.7074698209762573,-0.045145537704229355,0.631536602973938,0.7517449259757996,-0.03919349983334541,0.6350213885307312,0.7747259140014648,-0.026894167065620422,0.6843789219856262,0.7404200434684753,-0.03008894808590412,0.6567010879516602,0.7447333335876465,-0.043519098311662674,0.6453346014022827,0.7776820063591003,-0.03734913840889931,0.6495745778083801,0.7936481833457947,-0.028235232457518578
0.6450091004371643,0.8677704334259033,-1.319183411396807e-07,0.6127148866653442,0.824211597442627,-0.008917481638491154,0.5974722504615784,0.7643773555755615,-0.01567627303302288,0.607514500617981,0.7187404036521912,-0.025478096678853035,0.633236289024353,0.6990512609481812,-0.03444531932473183,0.6182861924171448,0.6892039775848389,-0.001232543378137052,0.6135815978050232,0.6165067553520203,-0.018165113404393196,0.6108713746070862,0.57527756690979,-0.027154944837093353,0.6118676662445068,0.5386463403701782,-0.03342096507549286,0.645781397819519,0.6948678493499756,-0.008616987615823746,0.6326201558113098,0.6593727469444275,-0.03817383572459221,0.6196717619895935,0.7024808526039124,-0.04363280534744263,0.6191027760505676,0.7326040863990784,-0.03871338069438934,0.6681764721870422,0.7131302356719971,-0.018580947071313858,0.6436837911605835,0.7071119546890259,-0.04499169811606407,0.6314429640769958,0.7518398761749268,-0.03881778195500374,0.6354789733886719,0.7741121649742126,-0.02652928978204727,0.6845853328704834,0.7403765320777893,-0.030195079743862152,0.6570812463760376,0.7436280846595764,-0.04353545606136322,0.6458157300949097,0.776515007019043,-0.03719751909375191,0.6503478288650513,0.7922797799110413,-0.028029704466462135
0.6459915041923523,0.8690497279167175,-1.309935271365248e-07,0.6137503981590271,0.8254739046096802,-0.009394695982336998,0.5978488922119141,0.7652034163475037,-0.016453765332698822,0.6073325276374817,0.7186627984046936,-0.026503389701247215,0.6337102055549622,0.6985793709754944,-0.035658083856105804,0.618357241153717,0.6906741857528687,-0.001501147635281086,0.6133792400360107,0.6169857382774353,-0.018533842638134956,0.6106852889060974,0.5754956603050232,-0.027501437813043594,0.6118683218955994,0.5386991500854492,-0.03370308876037598,0.6455689668655396,0.6965421438217163,-0.00879014004021883,0.6328951120376587,0.6592214107513428,-0.03891097381711006,0.619765043258667,0.7031154036521912,-0.044490113854408264,0.6192488670349121,0.7340048551559448,-0.039378710091114044,0.6678927540779114,0.7146884202957153,-0.018686266615986824,0.6444255709648132,0.7058016657829285,-0.04572795331478119,0.6318373680114746,0.7512125968933105,-0.03946666419506073,0.6360094547271729,0.7742187976837158,-0.02678249217569828,0.6844865083694458,0.741700291633606,-0.030215222388505936,0.6578838229179382,0.7415286898612976,-0.04381365701556206,0.6462120413780212,0.7744815945625305,-0.03718237951397896,0.6506858468055725,0.7908832430839539,-0.0276369359344244
0.6463540196418762,0.8715767860412598,-1.2650956193738239e-07,0.6136805415153503,0.8273903727531433,-0.009276234544813633,0.5982064008712769,0.7664890289306641,-0.0160987488925457,0.6064326167106628,0.7195318341255188,-0.026036551222205162,0.6315724849700928,0.6974248290061951,-0.03507661446928978,0.6183509230613708,0.6921471953392029,-0.0007344940677285194,0.6135160326957703,0.6177224516868591,-0.018046408891677856,0.610459566116333,0.575583815574646,-0.027157409116625786,0.6114843487739563,0.5385183691978455,-0.03326442837715149,0.6454248428344727,0.6976763010025024,-0.0081564262509346,0.6336226463317871,0.6581907272338867,-0.03861859068274498,0.619468092918396,0.7010053992271423,-0.04447955638170242,0.618064284324646,0.7324091792106628,-0.03924602270126343,0.6678342819213867,0.7154954671859741,-0.01823623850941658,0.6445330381393433,0.7064963579177856,-0.04544491693377495,0.6318135857582092,0.7517126798629761,-0.03937787935137749,0.6359275579452515,0.7751665115356445,-0.026598786935210228,0.6847208738327026,0.7422111630439758,-0.029965749010443687,0.6585123538970947,0.7418754696846008,-0.043534982949495316,0.6463014483451843,0.774957537651062,-0.03687780722975731,0.6503089666366577,0.791682243347168,-0.027185380458831787
0.6446244120597839,0.8701270818710327,-1.1832153745672258e-07,0.6127640604972839,0.8247508406639099,-0.009058427065610886,0.5972665548324585,0.7639364004135132,-0.015823815017938614,0.606595516204834,0.7181290984153748,-0.025699902325868607,0.6330069303512573,0.697638750076294,-0.03463800624012947,0.6190109848976135,0.6910898685455322,-0.0005123248556628823,0.6133741140365601,0.6167995929718018,-0.017208294942975044,0.6101784110069275,0.5750068426132202,-0.02600923739373684,0.6111107468605042,0.5382397770881653,-0.03208363056182861,0.6459848284721375,0.6971734762191772,-0.007959217764437199,0.633831799030304,0.6580579280853271,-0.03769958019256592,0.6203857660293579,0.7004892230033875,-0.04334675520658493,0.6195091009140015,0.7319112420082092,-0.03829421103000641,0.6680288314819336,0.7154467105865479,-0.018045704811811447,0.644420325756073,0.7069212794303894,-0.04439858719706535,0.6320130825042725,0.7504487037658691,-0.03829403594136238,0.6361285448074341,0.7733363509178162,-0.02588002383708954,0.6843077540397644,0.742323100566864,-0.029826339334249496,0.6580891609191895,0.7427242398262024,-0.042685799300670624,0.6459305286407471,0.7749968767166138,-0.03596048057079315,0.6496577262878418,0.7916043400764465,-0.026528215035796165
0.6454270482063293,0.8702058792114258,-1.264111375576249e-07,0.6134174466133118,0.8254975080490112,-0.009330017492175102,0.598350465297699,0.7662461996078491,-0.01645001210272312,0.6072641611099243,0.7203589677810669,-0.02670731395483017,0.6329647898674011,0.6992841958999634,-0.03609200567007065,0.6187132596969604,0.6916155219078064,-0.0008587491465732455,0.6132065057754517,0.6178773641586304,-0.018005071207880974,0.6100668907165527,0.5756434202194214,-0.0273472610861063,0.6105708479881287,0.538707971572876,-0.03366636484861374,0.6455013155937195,0.6975780725479126,-0.008136780932545662,0.6338316798210144,0.6593441963195801,-0.03825431689620018,0.6202937960624695,0.6998650431632996,-0.044616397470235825,0.6182587146759033,0.730385422706604,-0.0400334969162941,0.6678146719932556,0.7153294682502747,-0.018016189336776733,0.6446531414985657,0.7073284983634949,-0.044963907450437546,0.6324020028114319,0.7511411309242249,-0.0394149012863636,0.6358804702758789,0.7752240300178528,-0.027101946994662285,0.6845962405204773,0.7418375015258789,-0.029555371031165123,0.6582991480827332,0.7415266036987305,-0.04290848970413208,0.6462294459342957,0.7739003896713257,-0.03643270581960678,0.6497138738632202,0.7916162610054016,-0.02693483792245388
0.646126389503479,0.8700718283653259,-1.1617225226245864e-07,0.6140522360801697,0.825382649898529,-0.009474070742726326,0.5976721048355103,0.76531982421875,-0.016357477754354477,0.6067312359809875,0.7191588282585144,-0.02624324895441532,0.6337167024612427,0.698605477809906,-0.035155199468135834,0.618977427482605,0.6915759444236755,-0.0006682528182864189,0.6131295561790466,0.617414116859436,-0.01715673692524433,0.6099559664726257,0.5748739242553711,-0.02604515105485916,0.6104894876480103,0.5381461977958679,-0.03222288191318512,0.6456674337387085,0.6976808905601501,-0.007814518176019192,0.6340917348861694,0.6583535671234131,-0.03737010806798935,0.621019184589386,0.6992930769920349,-0.043316975235939026,0.6195617914199829,0.7306182980537415,-0.03857296332716942,0.6677948832511902,0.7158905267715454,-0.017593834549188614,0.6458841562271118,0.7058054804801941,-0.043991222977638245,0.6335292458534241,0.7485185861587524,-0.03830128535628319,0.636947751045227,0.7723056674003601,-0.026103250682353973,0.684265673160553,0.7428544759750366,-0.029044194146990776,0.6585708260536194,0.7414644360542297,-0.04213086888194084,0.6465243697166443,0.7729262113571167,-0.035701606422662735,0.6499451398849487,0.7902224063873291,-0.026398764923214912
0.6450899243354797,0.8695025444030762,-1.1023916357544294e-07,0.6128996014595032,0.8249229788780212,-0.009492297656834126,0.5979200005531311,0.7636071443557739,-0.016108132898807526,0.6070500016212463,0.7176045179367065,-0.025743093341588974,0.6334779858589172,0.6982209086418152,-0.03446223586797714,0.6190190315246582,0.6900773644447327,-0.0005176719278097153,0.6135219931602478,0.6162405610084534,-0.017056666314601898,0.6105392575263977,0.5744462013244629,-0.025769684463739395,0.6114429235458374,0.538074791431427,-0.03167853504419327,0.6462257504463196,0.6963800191879272,-0.007707733660936356,0.6344403028488159,0.6566304564476013,-0.03769487142562866,0.6201350688934326,0.6968757510185242,-0.043762028217315674,0.6178057789802551,0.7283172011375427,-0.038703832775354385,0.6683999300003052,0.714970052242279,-0.017534708604216576,0.6443004608154297,0.7077000141143799,-0.04436204582452774,0.6321014165878296,0.7507628798484802,-0.039066243916749954,0.6363486647605896,0.7739426493644714,-0.026814816519618034,0.6844115853309631,0.7422093749046326,-0.029014520347118378,0.6573870182037354,0.7427314519882202,-0.042215410619974136,0.6456915736198425,0.7750332951545715,-0.03591209277510643,0.6501168012619019,0.7917221188545227,-0.026579195633530617
0.6460191011428833,0.8699654340744019,-1.2853337238993845e-07,0.613257884979248,0.8251580595970154,-0.009550360031425953,0.5973264575004578,0.7636517286300659,-0.016012687236070633,0.6070192456245422,0.7166372537612915,-0.02546417899429798,0.6343523263931274,0.6981966495513916,-0.033991266041994095,0.6196711659431458,0.6908619999885559,-0.00018421561981085688,0.6137408018112183,0.6174342632293701,-0.016613660380244255,0.6104556322097778,0.5755730271339417,-0.025496013462543488,0.6110413074493408,0.5387074947357178,-0.031748272478580475,0.6466709971427917,0.6966657042503357,-0.007154608611017466,0.6338707804679871,0.6587662696838379,-0.036888487637043,0.6204063892364502,0.6994960308074951,-0.04290860518813133,0.6189212799072266,0.730513334274292,-0.038128260523080826,0.6686205863952637,0.714522123336792,-0.016796182841062546,0.6443535089492798,0.7068708539009094,-0.04330277815461159,0.6324616074562073,0.7502559423446655,-0.037800565361976624,0.6366124153137207,0.7740917205810547,-0.02566695772111416,0.6844634413719177,0.7412182092666626,-0.028188325464725494,0.6567887663841248,0.7429138422012329,-0.04150497168302536,0.6453245282173157,0.775177001953125,-0.03560584411025047,0.6496579647064209,0.7922934889793396,-0.026663439348340034
0.6447321176528931,0.8676639199256897,-1.1179488268453497e-07,0.6128450632095337,0.8231320977210999,-0.009936950169503689,0.5973569750785828,0.7638097405433655,-0.01733175851404667,0.6064733862876892,0.7180491089820862,-0.027718260884284973,0.6331195831298828,0.697055995464325,-0.03716617822647095,0.6187973022460938,0.6906132698059082,-0.0015448897611349821,0.6129512786865234,0.6168263554573059,-0.01900922879576683,0.6100124716758728,0.5749375224113464,-0.02833680622279644,0.6107316613197327,0.5385133028030396,-0.03454163298010826,0.6456133127212524,0.696563184261322,-0.00861845538020134,0.633888840675354,0.6558718085289001,-0.03936174511909485,0.6202187538146973,0.6963211894035339,-0.04570763185620308,0.6178735494613647,0.7286259531974792,-0.040702831000089645,0.6678454279899597,0.7145066857337952,-0.018355021253228188,0.6437283158302307,0.7067996859550476,-0.045634616166353226,0.632074236869812,0.7502372860908508,-0.04022066667675972,0.6360893845558167,0.7743970155715942,-0.02772318758070469,0.6843689680099487,0.741125762462616,-0.029792053624987602,0.6574307680130005,0.7416260838508606,-0.04330821707844734,0.6459299921989441,0.7737612128257751,-0.037069689482450485,0.650026798248291,0.7907603979110718,-0.027657875791192055
0.6453624367713928,0.8671998977661133,-1.199121300032857e-07,0.6132012009620667,0.8234673142433167,-0.010010995902121067,0.5973873138427734,0.7633875608444214,-0.017089247703552246,0.6071332693099976,0.7177704572677612,-0.027007605880498886,0.6342869997024536,0.6987553834915161,-0.03593430295586586,0.6191717386245728,0.6890012621879578,-0.001920389011502266,0.6135295033454895,0.6158526539802551,-0.01897723414003849,0.6104393005371094,0.5744572281837463,-0.027933746576309204,0.6111845970153809,0.5379589200019836,-0.034055739641189575,0.6465356945991516,0.6949803829193115,-0.008884375914931297,0.6343256235122681,0.6566770076751709,-0.03894217684864998,0.6202038526535034,0.6982160210609436,-0.04470977559685707,0.6182119846343994,0.729118824005127,-0.03959939256310463,0.6686606407165527,0.7134638428688049,-0.018499178811907768,0.6447036266326904,0.7068998217582703,-0.04519282653927803,0.6319851875305176,0.7504350543022156,-0.039483342319726944,0.6357338428497314,0.7729108333587646,-0.02710166946053505,0.6843956708908081,0.7408940196037292,-0.029841147363185883,0.6574068665504456,0.7428147196769714,-0.04304467514157295,0.6458340883255005,0.7744596004486084,-0.03682981804013252,0.6502031683921814,0.7899823188781738,-0.02760743349790573
0.646272599697113,0.8683602213859558,-1.324733176488735e-07,0.6134292483329773,0.8241297006607056,-0.009456699714064598,0.597726583480835,0.76377272605896,-0.016014978289604187,0.6071825623512268,0.7171383500099182,-0.025545282289385796,0.6337103247642517,0.6976584792137146,-0.034141846001148224,0.6192095279693604,0.6899149417877197,-0.0010729286586865783,0.6132428050041199,0.6168898344039917,-0.01781405694782734,0.6101381778717041,0.5755894184112549,-0.026790695264935493,0.610787034034729,0.5389752984046936,-0.03298517316579819,0.6465563774108887,0.6958021521568298,-0.0080537935718894,0.6346257925033569,0.6573678255081177,-0.03746766224503517,0.6210641860961914,0.6986546516418457,-0.04325166717171669,0.618926465511322,0.7294442057609558,-0.03841578587889671,0.6689416766166687,0.714033305644989,-0.01765444688498974,0.6459535360336304,0.7063971757888794,-0.04403534159064293,0.6330479383468628,0.7497113347053528,-0.0386054627597332,0.6359685659408569,0.7733517289161682,-0.026510056108236313,0.6847066879272461,0.7411566376686096,-0.028932297602295876,0.6583502888679504,0.7417283058166504,-0.04218418896198273,0.6458042860031128,0.7732518911361694,-0.03625018894672394,0.6486918330192566,0.7904505133628845,-0.027253584936261177
0.6453278660774231,0.8682036995887756,-1.1931641097362444e-07,0.6132311820983887,0.8242663145065308,-0.009565751068294048,0.5974544882774353,0.7638892531394958,-0.016406871378421783,0.606751561164856,0.7170507907867432,-0.026125939562916756,0.6339214444160461,0.696689248085022,-0.03492752090096474,0.619003176689148,0.6898815631866455,-0.0014463291736319661,0.6129308938980103,0.6167840957641602,-0.018290182575583458,0.6101402640342712,0.5750756859779358,-0.027331983670592308,0.610982358455658,0.5386733412742615,-0.033482875674963,0.6463916301727295,0.6954607367515564,-0.008373093791306019,0.6342945694923401,0.6561557650566101,-0.037850525230169296,0.6205403208732605,0.6961118578910828,-0.043697867542505264,0.6179205775260925,0.727669358253479,-0.0387866273522377,0.6687619686126709,0.7134996652603149,-0.01788710430264473,0.6444725394248962,0.7068997621536255,-0.04414200782775879,0.6322768330574036,0.7495272755622864,-0.03874371200799942,0.6355286240577698,0.7733235359191895,-0.02670067735016346,0.6846907138824463,0.7403660416603088,-0.029086099937558174,0.6572784185409546,0.7424305081367493,-0.04224243760108948,0.6456154584884644,0.774324357509613,-0.03620899096131325,0.6492726802825928,0.7914777398109436,-0.027149131521582603
0.6450996994972229,0.8685733079910278,-1.2352508349522395e-07,0.6124179363250732,0.8242249488830566,-0.009078015573322773,0.5969829559326172,0.763259768486023,-0.015427468344569206,0.6067177653312683,0.7166568040847778,-0.0248239878565073,0.633167564868927,0.6964372396469116,-0.033336538821458817,0.618760883808136,0.6906083226203918,-0.0005864283884875476,0.6129024028778076,0.6170651912689209,-0.0171237550675869,0.6099703311920166,0.575205385684967,-0.02601899392902851,0.6107754111289978,0.5385276079177856,-0.032107818871736526,0.6457691788673401,0.6962956190109253,-0.007717281114310026,0.6338163614273071,0.6570804715156555,-0.037112217396497726,0.6200088858604431,0.6962412595748901,-0.04313136637210846,0.6174430251121521,0.7269175052642822,-0.03837434574961662,0.6680804491043091,0.7140982747077942,-0.01739507168531418,0.6440034508705139,0.7064111232757568,-0.04355501011013985,0.6320387721061707,0.7496158480644226,-0.0380072295665741,0.6355079412460327,0.7738832235336304,-0.02585769072175026,0.6845162510871887,0.7408183217048645,-0.028758633881807327,0.6575621366500854,0.7419082522392273,-0.041844259947538376,0.6456669569015503,0.7739492654800415,-0.03568585589528084,0.6491038203239441,0.7914153933525085,-0.026519067585468292
0.6440718770027161,0.8672078847885132,-1.0526311911007724e-07,0.6120257377624512,0.8238642811775208,-0.00975792296230793,0.5970379114151001,0.7646382451057434,-0.016742751002311707,0.6062749624252319,0.7187398672103882,-0.02670859917998314,0.631940484046936,0.696151852607727,-0.03569440916180611,0.6181274652481079,0.6902574300765991,-0.0012413173681125045,0.6123492121696472,0.6163049936294556,-0.01826324500143528,0.609472930431366,0.5742396116256714,-0.027313489466905594,0.6102964878082275,0.5379025936126709,-0.03321468085050583,0.6452773213386536,0.6965616345405579,-0.00824965164065361,0.6343278884887695,0.6553086638450623,-0.03799586743116379,0.6200813055038452,0.6924084424972534,-0.04433169960975647,0.6168989539146423,0.7221964597702026,-0.039582960307598114,0.6677443385124207,0.7148423194885254,-0.01786770112812519,0.643771767616272,0.7072283625602722,-0.04458565637469292,0.63144850730896,0.7500544786453247,-0.039315737783908844,0.6348466873168945,0.7738105058670044,-0.027042511850595474,0.6843463778495789,0.7418140172958374,-0.02914923056960106,0.6575488448143005,0.7416390776634216,-0.04227346181869507,0.6454678177833557,0.7734800577163696,-0.035788461565971375,0.6489071249961853,0.7905890941619873,-0.026245275512337685
0.6449910402297974,0.8683119416236877,-1.1496928919996208e-07,0.6127519607543945,0.8247771859169006,-0.009768242947757244,0.5972226858139038,0.7654369473457336,-0.016868330538272858,0.606140673160553,0.7189202904701233,-0.026909498497843742,0.6315410733222961,0.6964528560638428,-0.03594633936882019,0.6183868050575256,0.6913146376609802,-0.001233195886015892,0.6126496195793152,0.6175575256347656,-0.018557526171207428,0.6094955205917358,0.575938880443573,-0.027733642607927322,0.6105223298072815,0.539275050163269,-0.03380037471652031,0.6454854011535645,0.6974771618843079,-0.008367141708731651,0.6339866518974304,0.6567010283470154,-0.03849882259964943,0.6197713613510132,0.6963061690330505,-0.04460756853222847,0.6177230477333069,0.7259222269058228,-0.03964892402291298,0.6676419973373413,0.7157050371170044,-0.018165044486522675,0.6435253024101257,0.7075105309486389,-0.04531997814774513,0.6308974623680115,0.7517608404159546,-0.03948373347520828,0.6351351141929626,0.7746111750602722,-0.02681250497698784,0.6838750243186951,0.7426880598068237,-0.02963680773973465,0.6569168567657471,0.7427695393562317,-0.043100062757730484,0.645033061504364,0.7755031585693359,-0.03636381775140762,0.6493310928344727,0.7918401956558228,-0.026627251878380775
0.6445654630661011,0.8668137192726135,-1.0490209234603753e-07,0.612203061580658,0.8229632377624512,-0.009708462283015251,0.5968359112739563,0.7636497616767883,-0.01667957939207554,0.6059198379516602,0.7175270318984985,-0.02657771110534668,0.63206547498703,0.6960787773132324,-0.03545312210917473,0.6186221837997437,0.6896221041679382,-0.0010045903036370873,0.6125757098197937,0.616188108921051,-0.01785232499241829,0.6093698143959045,0.5745244026184082,-0.02679874375462532,0.6100466251373291,0.5383118391036987,-0.032756466418504715,0.6457417011260986,0.6957815885543823,-0.008025801740586758,0.6339351534843445,0.6558098196983337,-0.03751542419195175,0.6199524998664856,0.6941463947296143,-0.04359770566225052,0.6176425814628601,0.7241766452789307,-0.03880777582526207,0.667815089225769,0.714082658290863,-0.01769336126744747,0.6429204344749451,0.7079325318336487,-0.04414093866944313,0.6306413412094116,0.7502197623252869,-0.03883983939886093,0.6345389485359192,0.7729048132896423,-0.026758788153529167,0.683722734451294,0.7410200238227844,-0.029046034440398216,0.6560416221618652,0.7425119280815125,-0.04205403849482536,0.644368588924408,0.7742555141448975,-0.035693638026714325,0.6484264135360718,0.7907227277755737,-0.026373591274023056
0.6450021266937256,0.867029070854187,-1.1428060986418132e-07,0.6121818423271179,0.8225845694541931,-0.009012294001877308,0.5975827574729919,0.7630274891853333,-0.015454393811523914,0.6068785786628723,0.7178910374641418,-0.02504466101527214,0.6313702464103699,0.6963919997215271,-0.03368488326668739,0.6179067492485046,0.689619243144989,0.00022221723338589072,0.6125891804695129,0.6168981790542603,-0.016517793759703636,0.6094549298286438,0.5753523111343384,-0.025641432031989098,0.6104001998901367,0.5389786958694458,-0.03186674043536186,0.644965648651123,0.6961485147476196,-0.007306896615773439,0.6343250870704651,0.6571329832077026,-0.037135280668735504,0.6199766397476196,0.6961182951927185,-0.04359910637140274,0.6174187660217285,0.7258188724517822,-0.03913355991244316,0.6670992374420166,0.7147780656814575,-0.01747206225991249,0.6440895795822144,0.7056043148040771,-0.044041238725185394,0.63144850730896,0.7486575245857239,-0.03851865977048874,0.6351609826087952,0.7715232372283936,-0.026401257142424583,0.6830977201461792,0.7422470450401306,-0.02929629758000374,0.6566810607910156,0.7424051761627197,-0.04251168295741081,0.6448363065719604,0.7737517952919006,-0.03615834563970566,0.6488739848136902,0.7894414067268372,-0.02691294625401497
0.6442045569419861,0.8666090369224548,-1.0590665766585516e-07,0.6122423410415649,0.823253870010376,-0.009538335725665092,0.5974729061126709,0.7643671035766602,-0.016370723024010658,0.6059198975563049,0.7190934419631958,-0.02617119811475277,0.6306101679801941,0.6967041492462158,-0.03500187769532204,0.6183122992515564,0.6894962787628174,-0.0005445561255328357,0.6127223372459412,0.6166074872016907,-0.0170829426497221,0.6097707152366638,0.5746920108795166,-0.026164283975958824,0.6106443405151367,0.5382648706436157,-0.03235573321580887,0.6453897356987,0.6960265636444092,-0.0077254390344023705,0.6345103979110718,0.656838059425354,-0.036927178502082825,0.6202561855316162,0.6941988468170166,-0.0434231162071228,0.6172145009040833,0.7227917909622192,-0.039230670779943466,0.6675588488578796,0.7147539258003235,-0.017503658309578896,0.6441701054573059,0.7055171132087708,-0.04372270032763481,0.6314064264297485,0.7476693987846375,-0.03841223195195198,0.6345730423927307,0.7703704237937927,-0.02658400498330593,0.6833996176719666,0.7422609925270081,-0.028936240822076797,0.6563221216201782,0.7420524954795837,-0.042043015360832214,0.6443061828613281,0.7734681963920593,-0.03562105819582939,0.6479511260986328,0.7900389432907104,-0.026351381093263626
0.645158052444458,0.8691034317016602,-1.2347952349500702e-07,0.6124003529548645,0.8246671557426453,-0.008686295710504055,0.5974306464195251,0.7640194296836853,-0.01485508307814598,0.6066999435424805,0.7185025811195374,-0.024112576618790627,0.6312318444252014,0.696047306060791,-0.032419852912425995,0.6187776923179626,0.689507007598877,0.0006883633905090392,0.6130435466766357,0.6170595288276672,-0.015404398553073406,0.6097514629364014,0.5754685997962952,-0.024044401943683624,0.610516369342804,0.5389087796211243,-0.030086684972047806,0.6460225582122803,0.6956241726875305,-0.006858615670353174,0.6332284808158875,0.6573463082313538,-0.03559981286525726,0.618901252746582,0.6974377036094666,-0.04150083661079407,0.6171053647994995,0.7272710800170898,-0.03699730336666107,0.6678435802459717,0.7144861221313477,-0.017020732164382935,0.6432487964630127,0.7048837542533875,-0.042971476912498474,0.6303033828735352,0.7478619813919067,-0.037185393273830414,0.6343903541564941,0.7703949213027954,-0.025243224576115608,0.6830185651779175,0.7424298524856567,-0.028803503140807152,0.6551194787025452,0.7424442768096924,-0.042032331228256226,0.6432440280914307,0.77447909116745,-0.03567948192358017,0.6475875377655029,0.790854811668396,-0.026534870266914368
0.6435093879699707,0.8655824065208435,-1.1454255854914663e-07,0.6115964651107788,0.8211871385574341,-0.00909676868468523,0.5966438055038452,0.7624436616897583,-0.01586131751537323,0.6065205931663513,0.7180687785148621,-0.025736812502145767,0.6322714686393738,0.697779655456543,-0.0347067192196846,0.6177930235862732,0.6886540055274963,-0.00043330100015737116,0.6121932864189148,0.6161667704582214,-0.016785306856036186,0.6095685362815857,0.5747266411781311,-0.02563554234802723,0.6106224060058594,0.5388640761375427,-0.03170975670218468,0.6446473598480225,0.6955209970474243,-0.0076974909752607346,0.6330790519714355,0.657737135887146,-0.03678858280181885,0.6195257306098938,0.6971197128295898,-0.04285164922475815,0.6174657344818115,0.7276100516319275,-0.038423147052526474,0.6666175723075867,0.7142192125320435,-0.01755104586482048,0.6436506509780884,0.7062720656394958,-0.04369392991065979,0.6310702562332153,0.7484188079833984,-0.03830419108271599,0.634196400642395,0.7718589305877686,-0.026453733444213867,0.6826978921890259,0.7415111660957336,-0.029033221304416656,0.6565878391265869,0.7415852546691895,-0.041953083127737045,0.6443564295768738,0.7727882266044617,-0.035598065704107285,0.6474242210388184,0.7900086045265198,-0.026438914239406586
0.6428306698799133,0.8649204969406128,-1.21618029425008e-07,0.6113742589950562,0.8213522434234619,-0.009062891826033592,0.5972895622253418,0.7624765038490295,-0.01569174788892269,0.6068643927574158,0.7176073789596558,-0.02540578693151474,0.631417453289032,0.6964176893234253,-0.03426516056060791,0.6178267598152161,0.6893954873085022,-0.0003658689674921334,0.6120709776878357,0.6170274019241333,-0.017149802297353745,0.6091045141220093,0.5758473873138428,-0.026175254955887794,0.6100826859474182,0.539604663848877,-0.0322284922003746,0.6448318958282471,0.6955956816673279,-0.007605917286127806,0.6332554221153259,0.6573635339736938,-0.0373830609023571,0.6190094351768494,0.6967370510101318,-0.04369518533349037,0.6166524887084961,0.72679203748703,-0.03907504677772522,0.6668627262115479,0.7136743068695068,-0.01742510125041008,0.642834484577179,0.7058635950088501,-0.044178057461977005,0.6304636001586914,0.7493818402290344,-0.03873497620224953,0.6344257593154907,0.7728081345558167,-0.02651975490152836,0.6827379465103149,0.7402995824813843,-0.028835419565439224,0.6554373502731323,0.7410655617713928,-0.042122043669223785,0.6440495252609253,0.7731698751449585,-0.03571354225277901,0.6486742496490479,0.7898859977722168,-0.026320146396756172
0.6427704691886902,0.8650224804878235,-1.2580298403008783e-07,0.6111520528793335,0.8215808868408203,-0.010270433500409126,0.5962562561035156,0.7624871134757996,-0.017457231879234314,0.6067439913749695,0.716382622718811,-0.02728847600519657,0.6328205466270447,0.6959848403930664,-0.03610283136367798,0.6176460385322571,0.6897317171096802,-0.0019302766304463148,0.6125707626342773,0.616469144821167,-0.01884882152080536,0.6094815731048584,0.574978232383728,-0.02765822410583496,0.6102044582366943,0.5381991267204285,-0.033828798681497574,0.6450057625770569,0.6956099271774292,-0.008551836013793945,0.6320056915283203,0.6576599478721619,-0.03847375884652138,0.6191818118095398,0.702072262763977,-0.04378301277756691,0.6191045045852661,0.7335292100906372,-0.03852074220776558,0.6668859720230103,0.7137728333473206,-0.017872951924800873,0.6431482434272766,0.704356849193573,-0.044598765671253204,0.6303138136863708,0.7489719390869141,-0.03818080946803093,0.6343662142753601,0.771600067615509,-0.02552315592765808,0.6822992563247681,0.7406994104385376,-0.028926851227879524,0.6547519564628601,0.742537796497345,-0.042627256363630295,0.6433318853378296,0.7746810913085938,-0.03641505166888237,0.6480892300605774,0.7902402877807617,-0.02722267061471939
0.6424186825752258,0.8626511096954346,-1.2386321657231747e-07,0.6111665368080139,0.8197853565216064,-0.009951836429536343,0.5964655876159668,0.7609639763832092,-0.016916880384087563,0.6070338487625122,0.7160072922706604,-0.026626762002706528,0.6327409744262695,0.6966899633407593,-0.03543254733085632,0.6177604794502258,0.6883697509765625,-0.001924443757161498,0.6124144196510315,0.6161470413208008,-0.018532706424593925,0.6093166470527649,0.5749512314796448,-0.027382781729102135,0.6098868250846863,0.5387975573539734,-0.03355099633336067,0.6450059413909912,0.6947659850120544,-0.008525913581252098,0.6326552033424377,0.6583858728408813,-0.03778545930981636,0.6190370917320251,0.699326753616333,-0.04344851151108742,0.617371141910553,0.7295846939086914,-0.038746509701013565,0.6669134497642517,0.7130687832832336,-0.017724884673953056,0.6431103944778442,0.7059775590896606,-0.043825987726449966,0.6301863789558411,0.7489038705825806,-0.03808184340596199,0.6333687901496887,0.7715439796447754,-0.026137741282582283,0.6824963092803955,0.7398263812065125,-0.02862958051264286,0.6545487642288208,0.742878794670105,-0.041859790682792664,0.6426246166229248,0.7746900916099548,-0.03580415993928909,0.6466394662857056,0.7909018993377686,-0.026878435164690018
0.6425477862358093,0.8651387691497803,-1.208281332765182e-07,0.6107084155082703,0.8210044503211975,-0.010576970875263214,0.5956137180328369,0.7612668871879578,-0.017623430117964745,0.605476975440979,0.7142887115478516,-0.0272274948656559,0.63243168592453,0.6953920722007751,-0.035809725522994995,0.6184362769126892,0.6900810599327087,-0.0018390935147181153,0.6127735376358032,0.6176051497459412,-0.018650084733963013,0.609489917755127,0.5764150023460388,-0.027643362060189247,0.6096871495246887,0.539797306060791,-0.03398505598306656,0.6460440754890442,0.6955459713935852,-0.008146237581968307,0.6329212188720703,0.6571159362792969,-0.03743964806199074,0.6204179525375366,0.6988921761512756,-0.04309159889817238,0.619521975517273,0.7297248840332031,-0.03827076405286789,0.6680330038070679,0.7135639190673828,-0.01716502755880356,0.6430962681770325,0.7066304087638855,-0.04333994537591934,0.6307513117790222,0.7490399479866028,-0.037821076810359955,0.6343254446983337,0.7713979482650757,-0.025904344394803047,0.6830444931983948,0.7404171228408813,-0.027972783893346786,0.654899537563324,0.7436455488204956,-0.04144866019487381,0.6434804797172546,0.7746978402137756,-0.035911500453948975,0.6474877595901489,0.7905256748199463,-0.02730650082230568
0.6435781717300415,0.8649320602416992,-1.261483788539408e-07,0.6111655831336975,0.8212913274765015,-0.010557032190263271,0.595481276512146,0.7618814706802368,-0.017577633261680603,0.6060523986816406,0.7159554958343506,-0.02711317501962185,0.633017897605896,0.6973102688789368,-0.03560202941298485,0.6178959608078003,0.6896466612815857,-0.002088136738166213,0.6122140884399414,0.6166585683822632,-0.018634919077157974,0.6087167263031006,0.5748180150985718,-0.027564356103539467,0.6089172959327698,0.5379655361175537,-0.034016627818346024,0.6454319357872009,0.6955212354660034,-0.008366888388991356,0.6318138241767883,0.659433126449585,-0.037334103137254715,0.6193700432777405,0.7015731930732727,-0.04272992163896561,0.6191384196281433,0.7317976355552673,-0.03808826208114624,0.6675237417221069,0.7137827277183533,-0.01735055074095726,0.6433362364768982,0.7065967321395874,-0.043174825608730316,0.6306706070899963,0.7491737604141235,-0.037122927606105804,0.6341658234596252,0.7713282108306885,-0.0251937136054039,0.6830995678901672,0.7408593893051147,-0.028166688978672028,0.6553264260292053,0.7431263327598572,-0.04157673195004463,0.6431779861450195,0.7745335698127747,-0.03569234535098076,0.6465332508087158,0.7907993197441101,-0.026970544829964638
0.6426433324813843,0.8642064929008484,-1.2437699581369088e-07,0.6108085513114929,0.82208651304245,-0.010463467799127102,0.595902144908905,0.7632790803909302,-0.017549332231283188,0.6053450107574463,0.717665433883667,-0.0271767470985651,0.6308937072753906,0.6981163024902344,-0.03582307696342468,0.6177029609680176,0.6886745691299438,-0.002415119204670191,0.6120051145553589,0.6164326071739197,-0.019149798899888992,0.6088607311248779,0.5753481388092041,-0.028027459979057312,0.6097449064254761,0.5390796065330505,-0.03425927832722664,0.645429790019989,0.6945887804031372,-0.0087130730971694,0.6319154500961304,0.6587685942649841,-0.03773544728755951,0.6186662912368774,0.6997426152229309,-0.04310081526637077,0.6176924109458923,0.7290676832199097,-0.0383615642786026,0.6673051118850708,0.7129767537117004,-0.017695704475045204,0.642147421836853,0.7070419788360596,-0.04369640350341797,0.629755437374115,0.7498267889022827,-0.03779879957437515,0.6337540149688721,0.7713204622268677,-0.025941791012883186,0.6822679042816162,0.740078866481781,-0.028464628383517265,0.653822660446167,0.7442895770072937,-0.04196649417281151,0.6423330903053284,0.7761138081550598,-0.03618934750556946,0.6466999650001526,0.7915161848068237,-0.027528297156095505
0.6439753770828247,0.8667426705360413,-1.2468487398109573e-07,0.611404299736023,0.8239811062812805,-0.010845123790204525,0.5948840379714966,0.7641675472259521,-0.01796162873506546,0.6048378348350525,0.7169687151908875,-0.027624808251857758,0.6320818066596985,0.6973696947097778,-0.03632127866148949,0.618000328540802,0.6901649236679077,-0.0022097397595643997,0.6121072173118591,0.6175904870033264,-0.01907242089509964,0.6089734435081482,0.5758774280548096,-0.02813071198761463,0.609408974647522,0.5391154885292053,-0.034514836966991425,0.6453500390052795,0.6953266859054565,-0.0084341736510396,0.6317633390426636,0.6573019027709961,-0.03779167681932449,0.6187132000923157,0.6983814239501953,-0.04352349042892456,0.6174523830413818,0.7291299104690552,-0.038793791085481644,0.6672447919845581,0.7130523920059204,-0.01738845743238926,0.6422945857048035,0.7060098648071289,-0.04392636939883232,0.629634439945221,0.7491273880004883,-0.03856591135263443,0.6331028342247009,0.7722386121749878,-0.026715345680713654,0.682468593120575,0.7398326992988586,-0.028147755190730095,0.6539168357849121,0.743349552154541,-0.042261987924575806,0.6421505808830261,0.7753669023513794,-0.03701423853635788,0.6459965109825134,0.7920786142349243,-0.02848098613321781
0.6430754661560059,0.8653062582015991,-1.106745557422073e-07,0.6118555068969727,0.8232214450836182,-0.010478373616933823,0.5963849425315857,0.7645973563194275,-0.017779391258955002,0.6056010723114014,0.7188392877578735,-0.02766980044543743,0.6314104199409485,0.697329044342041,-0.03665053844451904,0.6175730228424072,0.6898763179779053,-0.002858707681298256,0.6114228963851929,0.6170591711997986,-0.019457422196865082,0.6084713935852051,0.575233519077301,-0.028346532955765724,0.6089226007461548,0.5389328598976135,-0.03438923880457878,0.6449357271194458,0.6960901021957397,-0.009158813394606113,0.6326659321784973,0.6576707363128662,-0.038168903440237045,0.6191924214363098,0.6953693628311157,-0.0442764088511467,0.6164556741714478,0.7255020141601562,-0.03990183770656586,0.6670761704444885,0.7144430875778198,-0.017974749207496643,0.6427221298217773,0.708038330078125,-0.044517796486616135,0.6299852728843689,0.7505791187286377,-0.03962637856602669,0.6323390603065491,0.775354266166687,-0.02797211892902851,0.6828744411468506,0.741178572177887,-0.028439396992325783,0.6549673080444336,0.7434744834899902,-0.042527999728918076,0.6427869200706482,0.7756323218345642,-0.037034716457128525,0.645545244216919,0.7940899133682251,-0.028209738433361053
0.6418259739875793,0.8644667863845825,-1.2780721192484634e-07,0.6109553575515747,0.8232368230819702,-0.010821465402841568,0.5956847071647644,0.7656524181365967,-0.01881001517176628,0.6048879623413086,0.7198474407196045,-0.029256271198391914,0.6303256154060364,0.6976307034492493,-0.03870288282632828,0.6174250245094299,0.6894102096557617,-0.004005940165370703,0.6117449998855591,0.6166382431983948,-0.0217013880610466,0.6084679365158081,0.5754742622375488,-0.030936339870095253,0.6093030571937561,0.5387800931930542,-0.037302736192941666,0.6449757218360901,0.6952403783798218,-0.01042112521827221,0.6310552358627319,0.6571942567825317,-0.0405343696475029,0.6183916330337524,0.7007462382316589,-0.045825473964214325,0.61823570728302,0.731777548789978,-0.04066818580031395,0.6668126583099365,0.7135053277015686,-0.019489848986268044,0.6409412622451782,0.7059596180915833,-0.04658355191349983,0.628861665725708,0.7509273886680603,-0.040156010538339615,0.633341908454895,0.7735278606414795,-0.02756335213780403,0.6820331811904907,0.7404117584228516,-0.030305568128824234,0.6529247164726257,0.7441319823265076,-0.04466390237212181,0.6416670680046082,0.7773578763008118,-0.03869275748729706,0.6463072299957275,0.7933841943740845,-0.02961432933807373
0.6437844634056091,0.8656764030456543,-1.2874548360741755e-07,0.6117729544639587,0.8231580853462219,-0.010953213088214397,0.596206545829773,0.7650356292724609,-0.018494047224521637,0.6054225564002991,0.7189412713050842,-0.02853507362306118,0.6311450600624084,0.6972026228904724,-0.037490878254175186,0.6171817779541016,0.689425528049469,-0.0028233486227691174,0.6116758584976196,0.6169684529304504,-0.020177528262138367,0.6084467768669128,0.575783908367157,-0.029399260878562927,0.6092323064804077,0.5389267206192017,-0.035868000239133835,0.6448033452033997,0.6951800584793091,-0.009140384383499622,0.6310501098632812,0.6574733257293701,-0.03854944184422493,0.6186232566833496,0.7003113627433777,-0.04386087879538536,0.6185970902442932,0.7306522130966187,-0.039018768817186356,0.6669095158576965,0.7136650085449219,-0.01823887601494789,0.6428620219230652,0.7050660252571106,-0.04483642801642418,0.6301736831665039,0.7488996982574463,-0.03864390030503273,0.6339013576507568,0.7714090347290039,-0.026407884433865547,0.6821404099464417,0.7412305474281311,-0.029159195721149445,0.6547372341156006,0.7435958385467529,-0.04335917532444,0.6425387263298035,0.7754766345024109,-0.03766309842467308,0.6458890438079834,0.7917120456695557,-0.028891675174236298
0.6422339081764221,0.865814208984375,-1.1842244873605523e-07,0.6104830503463745,0.8237755298614502,-0.010348273441195488,0.5956937074661255,0.7654815316200256,-0.017546912655234337,0.6043078303337097,0.7199022769927979,-0.02739529125392437,0.6283026337623596,0.6970551609992981,-0.03633737564086914,0.617761492729187,0.6895264983177185,-0.0027786504942923784,0.6116352081298828,0.617694616317749,-0.01970858685672283,0.6082945466041565,0.5763102173805237,-0.028857244178652763,0.6088919043540955,0.5397639274597168,-0.035110022872686386,0.6453027129173279,0.6956819891929626,-0.009365511126816273,0.632452666759491,0.657485842704773,-0.03840537741780281,0.6188347935676575,0.6955850720405579,-0.04445969685912132,0.6167771220207214,0.7246794104576111,-0.04019564762711525,0.6672762632369995,0.7143933773040771,-0.018531618639826775,0.6421096920967102,0.7073200345039368,-0.04511918127536774,0.6298171281814575,0.7501629590988159,-0.03989703208208084,0.6333152651786804,0.7737681269645691,-0.02821202576160431,0.6823962926864624,0.741786539554596,-0.029393058270215988,0.6543070077896118,0.7439324259757996,-0.043604832142591476,0.6421089768409729,0.7758452296257019,-0.03810015693306923,0.6451585292816162,0.7932434678077698,-0.029385674744844437
0.6436192393302917,0.8639402389526367,-1.2672310845118773e-07,0.610946536064148,0.8221836686134338,-0.010155953466892242,0.5956061482429504,0.7632979154586792,-0.01705409772694111,0.6056920886039734,0.7177136540412903,-0.026600677520036697,0.6313677430152893,0.6978785991668701,-0.035170115530490875,0.61753910779953,0.6881800889968872,-0.0024435908999294043,0.6117295622825623,0.6160621047019958,-0.019175346940755844,0.6084311604499817,0.5750006437301636,-0.02812410332262516,0.6092055439949036,0.5386610627174377,-0.03444401174783707,0.6451503038406372,0.6942761540412903,-0.008957276120781898,0.6311646103858948,0.658452033996582,-0.03788017854094505,0.6183251738548279,0.6984207034111023,-0.04333103075623512,0.6176636815071106,0.7276114821434021,-0.03877212479710579,0.667212724685669,0.712889552116394,-0.018120495602488518,0.6419081091880798,0.7072033882141113,-0.04432503879070282,0.6295291781425476,0.7499467134475708,-0.038651224225759506,0.6333586573600769,0.7722890973091125,-0.026917997747659683,0.6825574636459351,0.7403605580329895,-0.029054705053567886,0.6543987393379211,0.7438002228736877,-0.04313012585043907,0.6420722007751465,0.7758493423461914,-0.037727657705545425,0.6453116536140442,0.792557418346405,-0.02924412488937378
0.6436963677406311,0.8675602674484253,-1.2194692544653662e-07,0.6114009618759155,0.8237872123718262,-0.010372940450906754,0.5958560109138489,0.7642174959182739,-0.01751568913459778,0.6051995158195496,0.7172661423683167,-0.02734087035059929,0.631966769695282,0.6967669129371643,-0.03611106798052788,0.6182524561882019,0.6902427673339844,-0.0015865425812080503,0.6120184063911438,0.6179676055908203,-0.01873408630490303,0.6087420582771301,0.5765471458435059,-0.02781566232442856,0.6093719601631165,0.53976970911026,-0.03405808284878731,0.6459768414497375,0.6953902840614319,-0.008176811970770359,0.6321139931678772,0.6573731899261475,-0.03762952238321304,0.618540346622467,0.69896399974823,-0.04319850727915764,0.617424726486206,0.7294827103614807,-0.0382196381688118,0.6678601503372192,0.713569700717926,-0.01753266714513302,0.6417738795280457,0.7078229188919067,-0.043836455792188644,0.6292383670806885,0.75064617395401,-0.038084689527750015,0.6334293484687805,0.7723619341850281,-0.026020444929599762,0.6826413869857788,0.7408545017242432,-0.02869497425854206,0.6537836790084839,0.7450164556503296,-0.042004551738500595,0.6422422528266907,0.7765878438949585,-0.036117345094680786,0.6466259956359863,0.7918837070465088,-0.027267176657915115
0.6440733075141907,0.8669291734695435,-1.2033402185807063e-07,0.6115859150886536,0.8238917589187622,-0.009768742136657238,0.5957601070404053,0.7641127109527588,-0.01652602292597294,0.6047229170799255,0.7179510593414307,-0.02615661546587944,0.6307764649391174,0.6976451277732849,-0.034788694232702255,0.6182534098625183,0.6902033090591431,-0.0012069379445165396,0.6123470067977905,0.6170576810836792,-0.01784561760723591,0.6089927554130554,0.574998676776886,-0.02687939628958702,0.6095816493034363,0.5384092330932617,-0.03312387317419052,0.6450207233428955,0.6963693499565125,-0.008005238138139248,0.6325287222862244,0.6598911285400391,-0.037396907806396484,0.6186308264732361,0.6978532075881958,-0.043494321405887604,0.6165048480033875,0.7264176607131958,-0.03908737003803253,0.6668187379837036,0.7146120071411133,-0.01743696630001068,0.642302393913269,0.7080853581428528,-0.04388163983821869,0.6300839185714722,0.7504791617393494,-0.03843384236097336,0.6339393854141235,0.7734943628311157,-0.02654494345188141,0.6828004717826843,0.7416911125183105,-0.028607964515686035,0.655139148235321,0.7433249950408936,-0.042262040078639984,0.6428791284561157,0.7753568291664124,-0.03636184707283974,0.6463330984115601,0.7928178310394287,-0.027405226603150368
0.6433969736099243,0.8670700788497925,-1.0688745533116162e-07,0.6111747622489929,0.8224841356277466,-0.009552833624184132,0.5961315631866455,0.7633451819419861,-0.01623869128525257,0.6049622297286987,0.7182276248931885,-0.025944484397768974,0.6297825574874878,0.6969342231750488,-0.03472895920276642,0.6177039742469788,0.6907357573509216,-0.0008420555386692286,0.6118435859680176,0.618230938911438,-0.017399251461029053,0.6086592078208923,0.5763629674911499,-0.02655337005853653,0.6092416644096375,0.5398297905921936,-0.032797671854496,0.6445426940917969,0.6975830793380737,-0.007935570552945137,0.634037435054779,0.6585389971733093,-0.03718417137861252,0.6200624704360962,0.6942083239555359,-0.04386179894208908,0.6170961856842041,0.722248911857605,-0.039891116321086884,0.6665605902671814,0.7164885997772217,-0.0176200270652771,0.6443804502487183,0.7071738839149475,-0.04427197575569153,0.6315144896507263,0.7488850951194763,-0.03955085203051567,0.6341902017593384,0.7731176614761353,-0.027943767607212067,0.6823631525039673,0.7440354228019714,-0.028944440186023712,0.6566866636276245,0.742673397064209,-0.042726047337055206,0.6435813307762146,0.7734463810920715,-0.036992572247982025,0.6455960273742676,0.7915645241737366,-0.028080280870199203
0.6423050761222839,0.865465521812439,-1.230510946470531e-07,0.6110348105430603,0.822442352771759,-0.009838415309786797,0.5961179137229919,0.7640978097915649,-0.01706927828490734,0.6044747233390808,0.7199705243110657,-0.027070006355643272,0.6300076842308044,0.6993229389190674,-0.036145761609077454,0.6173495054244995,0.6883332133293152,-0.002277892315760255,0.6116534471511841,0.61637282371521,-0.019372573122382164,0.6087527275085449,0.57444167137146,-0.028730424121022224,0.6094701290130615,0.5380526185035706,-0.035166818648576736,0.6447076797485352,0.694387674331665,-0.009004702791571617,0.6319741606712341,0.6600522398948669,-0.038244832307100296,0.6185640096664429,0.7006096839904785,-0.04399215057492256,0.6166766881942749,0.7301474213600159,-0.03948867321014404,0.6667588949203491,0.7128404378890991,-0.018318936228752136,0.6423096060752869,0.7078226208686829,-0.04418965429067612,0.629485547542572,0.7505098581314087,-0.03822217509150505,0.6323189735412598,0.7730019688606262,-0.026290562003850937,0.6823025941848755,0.7402551174163818,-0.029385501518845558,0.6542133092880249,0.7448952794075012,-0.042483605444431305,0.6420842409133911,0.7769293189048767,-0.036206286400556564,0.6453645825386047,0.793468177318573,-0.027120724320411682
0.6417168974876404,0.8661318421363831,-1.2793961445822788e-07,0.6106615662574768,0.8219439387321472,-0.009830901399254799,0.5957540273666382,0.7623536586761475,-0.016747690737247467,0.6061616539955139,0.7169961929321289,-0.026427485048770905,0.6330674886703491,0.697548508644104,-0.035185862332582474,0.6179073452949524,0.6900274157524109,-0.0017475371714681387,0.612049400806427,0.6172703504562378,-0.018364492803812027,0.6091005802154541,0.5758935809135437,-0.02707420289516449,0.6097072958946228,0.5394817590713501,-0.03314756974577904,0.6452037692070007,0.6959240436553955,-0.008458958007395267,0.6322692632675171,0.6574746370315552,-0.03740311786532402,0.6194629073143005,0.6991658806800842,-0.0428411066532135,0.6182935237884521,0.7298384308815002,-0.037988077849149704,0.6672158241271973,0.714244544506073,-0.01778063178062439,0.6430960297584534,0.7063466310501099,-0.043766364455223083,0.6300172209739685,0.749176561832428,-0.03804986923933029,0.632935643196106,0.7717601656913757,-0.026104429736733437,0.6824601292610168,0.7413113117218018,-0.028811344876885414,0.6544144153594971,0.7441087961196899,-0.04214668273925781,0.6420900821685791,0.7758261561393738,-0.036307986825704575,0.6452980041503906,0.792261004447937,-0.02752312831580639
0.642731249332428,0.8656459450721741,-1.2408511906869535e-07,0.6105892658233643,0.8214015364646912,-0.009738902561366558,0.595443606376648,0.762266218662262,-0.016627037897706032,0.6060104370117188,0.71729975938797,-0.026317859068512917,0.6323551535606384,0.6979329586029053,-0.0350809171795845,0.6170084476470947,0.690037190914154,-0.0014698877930641174,0.6116101145744324,0.6168330311775208,-0.01794610731303692,0.6084781289100647,0.5750346183776855,-0.026850761845707893,0.6089993715286255,0.5384383201599121,-0.03310863673686981,0.6440843939781189,0.6964417695999146,-0.008195945993065834,0.6324015855789185,0.6579076647758484,-0.03741532191634178,0.6197090148925781,0.6988622546195984,-0.04333185404539108,0.6181982159614563,0.7298765182495117,-0.03879079222679138,0.6662576198577881,0.7146214246749878,-0.01749296486377716,0.6434783935546875,0.705583930015564,-0.04373841732740402,0.6304499506950378,0.7483011484146118,-0.0383262038230896,0.6329314708709717,0.7721137404441833,-0.026460852473974228,0.6821483373641968,0.7413739562034607,-0.028452575206756592,0.6553001403808594,0.7412576079368591,-0.04202714189887047,0.6426252126693726,0.7730373740196228,-0.036166105419397354,0.645187258720398,0.79093337059021,-0.027263525873422623
0.6429159045219421,0.8673416972160339,-1.2673089599957166e-07,0.6112228035926819,0.8234504461288452,-0.00972906593233347,0.5960114598274231,0.7632312774658203,-0.0163946021348238,0.6059956550598145,0.7175190448760986,-0.025842640548944473,0.6323031187057495,0.6969931125640869,-0.03440580144524574,0.6178193092346191,0.6897881031036377,-0.0014502626145258546,0.6116011142730713,0.6176274418830872,-0.018033914268016815,0.6084253191947937,0.5759799480438232,-0.0268987026065588,0.6087585091590881,0.5394437909126282,-0.03304300829768181,0.6453660130500793,0.6953343152999878,-0.008233051747083664,0.6319301724433899,0.657525360584259,-0.03724679723381996,0.6183226704597473,0.6979016661643982,-0.04308260604739189,0.616371214389801,0.7286469340324402,-0.03845082223415375,0.667331874370575,0.7136204242706299,-0.017608238384127617,0.6421818733215332,0.7066578269004822,-0.0435297004878521,0.6291813850402832,0.7491956353187561,-0.03814411535859108,0.6320914030075073,0.772165834903717,-0.02642064355313778,0.6824116110801697,0.7407816648483276,-0.02869318053126335,0.6537736058235168,0.7440823316574097,-0.042000897228717804,0.641818642616272,0.7754120826721191,-0.03631909191608429,0.6452890634536743,0.7916750907897949,-0.027617355808615685
0.6421271562576294,0.8650989532470703,-1.2782264491306705e-07,0.6105056405067444,0.8210440874099731,-0.01001918688416481,0.5956257581710815,0.7625324130058289,-0.01739596202969551,0.6052913665771484,0.7176437973976135,-0.027450643479824066,0.6312508583068848,0.6978490352630615,-0.03655969724059105,0.6175830364227295,0.6890299916267395,-0.0026051730383187532,0.6116635203361511,0.616517961025238,-0.01963355951011181,0.608315110206604,0.5753948092460632,-0.02880558744072914,0.608843207359314,0.5388349294662476,-0.035268984735012054,0.645103394985199,0.6949520111083984,-0.009255118668079376,0.631346583366394,0.6579700708389282,-0.03889131173491478,0.6186990737915039,0.7001610398292542,-0.0446232445538044,0.6177084445953369,0.730608344078064,-0.03997199237346649,0.6671741604804993,0.7131072282791138,-0.01848212257027626,0.6420009732246399,0.7057487964630127,-0.04467051476240158,0.6294658184051514,0.7492892742156982,-0.03872154653072357,0.6324949860572815,0.7720319628715515,-0.026706455275416374,0.6824909448623657,0.7399877309799194,-0.029462682083249092,0.6537186503410339,0.7436233162879944,-0.04299035295844078,0.6418071389198303,0.7756893634796143,-0.03712337836623192,0.6452340483665466,0.7920388579368591,-0.02831116132438183
0.6432832479476929,0.8667581081390381,-1.229666679591901e-07,0.6109749674797058,0.8224659562110901,-0.01050908025354147,0.5956432819366455,0.7629512548446655,-0.017734311521053314,0.6053585410118103,0.7169911861419678,-0.027624361217021942,0.6319956183433533,0.6976622343063354,-0.03650297597050667,0.6175007224082947,0.689633309841156,-0.0020301558542996645,0.6117735505104065,0.6168370842933655,-0.019153457134962082,0.6084579229354858,0.575382649898529,-0.02835814282298088,0.6088194847106934,0.5387816429138184,-0.034800752997398376,0.6448581218719482,0.6955094933509827,-0.00865410640835762,0.6315738558769226,0.6566096544265747,-0.03864965960383415,0.6187925934791565,0.6990430951118469,-0.044655345380306244,0.6175148487091064,0.7306109666824341,-0.039832163602113724,0.6668296456336975,0.7139999270439148,-0.017945602536201477,0.6422430276870728,0.7056177258491516,-0.04451197013258934,0.6294223070144653,0.7493044137954712,-0.03883354365825653,0.6323944926261902,0.7724800705909729,-0.026640797033905983,0.6816866993904114,0.7417747974395752,-0.029038377106189728,0.6535444259643555,0.7452812194824219,-0.04286336153745651,0.6417046785354614,0.776654839515686,-0.037268806248903275,0.6453345417976379,0.7924982309341431,-0.02844715490937233
0.6429641842842102,0.8663468956947327,-1.218268721459026e-07,0.6104405522346497,0.8221641778945923,-0.01019253209233284,0.5964458584785461,0.76320481300354,-0.017290618270635605,0.6062861084938049,0.7185288667678833,-0.027149969711899757,0.6310790181159973,0.6979199647903442,-0.0361325740814209,0.6171572208404541,0.6884583830833435,-0.002246659016236663,0.6117910146713257,0.6170348525047302,-0.019546477124094963,0.608450710773468,0.5758122205734253,-0.029033169150352478,0.6089693903923035,0.5390716195106506,-0.035641077905893326,0.6452823281288147,0.6941031813621521,-0.009013978764414787,0.6308243870735168,0.6579709649085999,-0.03873848542571068,0.6170292496681213,0.6986550688743591,-0.04484168067574501,0.6155259609222412,0.7286089062690735,-0.040383562445640564,0.6675553321838379,0.7129223346710205,-0.018431082367897034,0.6414415240287781,0.7070564031600952,-0.04468947649002075,0.628660261631012,0.7503393292427063,-0.039000317454338074,0.6320646405220032,0.7729731798171997,-0.027103135362267494,0.6826923489570618,0.7408640384674072,-0.02967815473675728,0.6536452770233154,0.745756983757019,-0.04332791641354561,0.6414424180984497,0.7768785357475281,-0.03771271929144859,0.6449199318885803,0.7922043204307556,-0.02901317924261093
0.6428659558296204,0.8679017424583435,-1.341727937642645e-07,0.6113991737365723,0.8237143158912659,-0.01007277425378561,0.5962762832641602,0.764063835144043,-0.01745990850031376,0.6053032279014587,0.7187604904174805,-0.02757774293422699,0.6308384537696838,0.697851836681366,-0.036734722554683685,0.6183742880821228,0.689854621887207,-0.0022105765528976917,0.6125344634056091,0.6175220012664795,-0.019747521728277206,0.608715295791626,0.5758945941925049,-0.029126780107617378,0.6089093089103699,0.5389885902404785,-0.03565603122115135,0.645798921585083,0.6959476470947266,-0.009236895479261875,0.6314527988433838,0.6574161052703857,-0.03961801528930664,0.6183356642723083,0.7014163136482239,-0.0453665591776371,0.6179707050323486,0.733009934425354,-0.040359530597925186,0.6676725149154663,0.7147535085678101,-0.01894114539027214,0.6420323252677917,0.7061591744422913,-0.04598727077245712,0.6292449831962585,0.7508981227874756,-0.03966645151376724,0.633072555065155,0.7737311720848083,-0.027050713077187538,0.6828069686889648,0.7425972819328308,-0.03038758598268032,0.6541239619255066,0.7439596652984619,-0.04428938776254654,0.6419802904129028,0.7764438986778259,-0.03797771409153938,0.6458197236061096,0.7925383448600769,-0.028702329844236374
0.6433328986167908,0.8653274774551392,-1.339463864269419e-07,0.6113495826721191,0.8216375112533569,-0.010139933787286282,0.5966169238090515,0.7635807991027832,-0.01760939508676529,0.6051149964332581,0.7190603613853455,-0.027798248454928398,0.6301453113555908,0.6988787055015564,-0.03700360283255577,0.6185051202774048,0.6879856586456299,-0.002710276748985052,0.612863302230835,0.6158504486083984,-0.019992513582110405,0.6095603108406067,0.5746011137962341,-0.02940300665795803,0.6101326942443848,0.5380911827087402,-0.03599509224295616,0.64608234167099,0.6938737630844116,-0.00924413651227951,0.6314459443092346,0.6606236696243286,-0.0386425144970417,0.619091272354126,0.7029799222946167,-0.044159047305583954,0.6189274191856384,0.7322554588317871,-0.039636678993701935,0.6679945588111877,0.712220311164856,-0.018447577953338623,0.6420976519584656,0.7073721885681152,-0.04453793168067932,0.6298759579658508,0.7503330111503601,-0.03846986964344978,0.6335741281509399,0.7722257375717163,-0.026576122269034386,0.6830268502235413,0.7393730878829956,-0.02945910207927227,0.6545183062553406,0.7436659932136536,-0.04292808473110199,0.6423627734184265,0.7755721807479858,-0.03703974559903145,0.6456676125526428,0.791954517364502,-0.028268352150917053
0.6421242952346802,0.8648105263710022,-1.248816232646277e-07,0.6108065247535706,0.8215914964675903,-0.010049128904938698,0.5966490507125854,0.7635064125061035,-0.01747901737689972,0.6064263582229614,0.7182225584983826,-0.02765803597867489,0.6315998435020447,0.6969487071037292,-0.03686326742172241,0.6182207465171814,0.6884989738464355,-0.002161971991881728,0.6129828691482544,0.6164252161979675,-0.019322549924254417,0.609748363494873,0.5751339197158813,-0.028516246005892754,0.6103047132492065,0.538844108581543,-0.03488593548536301,0.6456235647201538,0.6946600675582886,-0.008943776600062847,0.6325302720069885,0.6567389965057373,-0.03869004547595978,0.6197953224182129,0.6988038420677185,-0.04447875916957855,0.6186358332633972,0.7299095392227173,-0.03969649225473404,0.6674488186836243,0.713050127029419,-0.01835055649280548,0.6421166658401489,0.7053515911102295,-0.04461651295423508,0.6296955943107605,0.7491368651390076,-0.03865799307823181,0.6330686807632446,0.7721189856529236,-0.026539498940110207,0.6820847392082214,0.740254819393158,-0.029522955417633057,0.6534181237220764,0.7441922426223755,-0.043070755898952484,0.6419945359230042,0.7760167121887207,-0.03727886080741882,0.6462109684944153,0.7917255163192749,-0.028472069650888443
0.6420802474021912,0.8638709187507629,-1.233903361708144e-07,0.6104689240455627,0.8204118013381958,-0.010653519071638584,0.5958524346351624,0.762423038482666,-0.018309233710169792,0.6064296960830688,0.7174532413482666,-0.028546281158924103,0.6326732635498047,0.6971367597579956,-0.03773857653141022,0.6179347038269043,0.6883508563041687,-0.002520611509680748,0.6128286719322205,0.6165696978569031,-0.01955033466219902,0.6096232533454895,0.5754748582839966,-0.028615206480026245,0.6101998686790466,0.5391690135002136,-0.03499836474657059,0.6455985903739929,0.6943873763084412,-0.0089732576161623,0.6323549747467041,0.6568679809570312,-0.038262419402599335,0.6198473572731018,0.6993089318275452,-0.04372427985072136,0.6190688610076904,0.7296716570854187,-0.03892502933740616,0.6676791310310364,0.7127452492713928,-0.018138576298952103,0.6427868008613586,0.705443799495697,-0.04402879625558853,0.6298635601997375,0.7484773397445679,-0.03794867545366287,0.6329226493835449,0.7703617811203003,-0.02595054917037487,0.6826028227806091,0.7399249076843262,-0.029156669974327087,0.6539772748947144,0.7438743710517883,-0.04247990995645523,0.641923725605011,0.7755166292190552,-0.036641452461481094,0.6454054117202759,0.7912576198577881,-0.027939002960920334
0.6425460577011108,0.8644618988037109,-1.2687344508321985e-07,0.6107082962989807,0.8208560347557068,-0.010789969936013222,0.5953212380409241,0.7618056535720825,-0.018276114016771317,0.6057887673377991,0.715964674949646,-0.02829660288989544,0.6327809691429138,0.6961130499839783,-0.03719600290060043,0.618487536907196,0.6884021759033203,-0.0022906220983713865,0.6128898859024048,0.6161189079284668,-0.019158978015184402,0.609566867351532,0.5749441981315613,-0.027942953631281853,0.6101765036582947,0.5386672019958496,-0.0341905914247036,0.6463726162910461,0.6941652894020081,-0.008660335093736649,0.6318316459655762,0.657739520072937,-0.037881847470998764,0.6193749904632568,0.7011794447898865,-0.042952727526426315,0.6195491552352905,0.7316049933433533,-0.03790536895394325,0.668185293674469,0.7125858068466187,-0.01783604919910431,0.6424076557159424,0.7055414915084839,-0.04374389350414276,0.6293396949768066,0.7484291791915894,-0.037465520203113556,0.6329594850540161,0.7696853280067444,-0.02539210021495819,0.6826025247573853,0.7400431632995605,-0.028900649398565292,0.6535598635673523,0.7442914247512817,-0.042363762855529785,0.6414645314216614,0.7757277488708496,-0.03665248304605484,0.6451504826545715,0.7909818887710571,-0.0280570350587368
0.6428312659263611,0.8666472434997559,-1.3463386494549923e-07,0.6111705899238586,0.8219464421272278,-0.010148930363357067,0.5960373282432556,0.7623254656791687,-0.017168749123811722,0.6056663393974304,0.7161853313446045,-0.02695591375231743,0.6323676109313965,0.6961271166801453,-0.035662680864334106,0.618482768535614,0.688706636428833,-0.0009979851311072707,0.6127517819404602,0.6165032386779785,-0.017884278669953346,0.6093493103981018,0.5750086307525635,-0.026810454204678535,0.609820544719696,0.5386309623718262,-0.0330226756632328,0.6459039449691772,0.6942744851112366,-0.007645251229405403,0.6321036219596863,0.6569743752479553,-0.036921996623277664,0.619261622428894,0.7001039981842041,-0.04230719432234764,0.6186157464981079,0.7312338948249817,-0.037261683493852615,0.6678333282470703,0.7125065326690674,-0.017075669020414352,0.6430413722991943,0.705130934715271,-0.04309670627117157,0.6299334764480591,0.7482287883758545,-0.037158407270908356,0.6331934928894043,0.7705652117729187,-0.025033442303538322,0.682600200176239,0.7400178909301758,-0.02832767926156521,0.654462993144989,0.7430648803710938,-0.04158603772521019,0.6417571902275085,0.7745471596717834,-0.035780519247055054,0.6446554064750671,0.7907289266586304,-0.02698839269578457
0.6434163451194763,0.8674179911613464,-1.3854200631158164e-07,0.6116348505020142,0.8226857781410217,-0.009593361988663673,0.5964245200157166,0.7632517218589783,-0.01648339442908764,0.6052647829055786,0.7173629999160767,-0.026269353926181793,0.6313090920448303,0.6974173188209534,-0.03508075326681137,0.618506133556366,0.689286470413208,-0.0010354593396186829,0.6127349734306335,0.6169511079788208,-0.017774252220988274,0.6093374490737915,0.5757414102554321,-0.02660020999610424,0.6099089980125427,0.5392208099365234,-0.03272196277976036,0.6456664204597473,0.6949850916862488,-0.007919834926724434,0.6315367817878723,0.657189667224884,-0.03708091005682945,0.6187824010848999,0.6999244689941406,-0.04245484620332718,0.6184661984443665,0.7307597398757935,-0.037440113723278046,0.6675772666931152,0.7131422758102417,-0.01748073287308216,0.6423088312149048,0.7053740620613098,-0.043779369443655014,0.6295893788337708,0.7491059303283691,-0.03793783113360405,0.6334900856018066,0.771889328956604,-0.025753352791070938,0.6827786564826965,0.7402614951133728,-0.028752105310559273,0.654263973236084,0.7419631481170654,-0.04220215231180191,0.641768217086792,0.774032473564148,-0.036283742636442184,0.6451531648635864,0.7910968065261841,-0.027338601648807526
0.6444433927536011,0.8688782453536987,-1.2871423393789883e-07,0.6118651628494263,0.8241596221923828,-0.009994303807616234,0.5959346294403076,0.764836311340332,-0.01703832857310772,0.6040785312652588,0.7182814478874207,-0.026951812207698822,0.6304214596748352,0.6982707977294922,-0.03582846373319626,0.6179434657096863,0.690775454044342,-0.0012499287258833647,0.6123335957527161,0.6175920367240906,-0.01795610599219799,0.6088709235191345,0.5759633779525757,-0.026795407757163048,0.6093785166740417,0.5392167568206787,-0.03291324898600578,0.6448588371276855,0.6963394284248352,-0.007906051352620125,0.6315748691558838,0.6579917669296265,-0.037018705159425735,0.6189479231834412,0.6997966170310974,-0.04245855286717415,0.6184642910957336,0.730426013469696,-0.03751695156097412,0.6668299436569214,0.7142536640167236,-0.01727776601910591,0.6425256133079529,0.7063626646995544,-0.043593354523181915,0.630051851272583,0.7492912411689758,-0.038013555109500885,0.6339268088340759,0.7722968459129333,-0.02594771794974804,0.6823846697807312,0.7411003708839417,-0.02839469723403454,0.6552517414093018,0.741560697555542,-0.04182003438472748,0.6426748633384705,0.7730380892753601,-0.03602232038974762,0.6455889344215393,0.7907575368881226,-0.02712324447929859
0.6436448097229004,0.8680974841117859,-1.2450979625100445e-07,0.6113908290863037,0.8238629102706909,-0.00892423465847969,0.5958557724952698,0.7646282911300659,-0.015345639549195766,0.6040800213813782,0.7191290259361267,-0.024852672591805458,0.6297917366027832,0.6985783576965332,-0.03354574367403984,0.617946982383728,0.6895632147789001,-0.00048422382678836584,0.6119406223297119,0.6172446012496948,-0.016612878069281578,0.6090322136878967,0.5751841068267822,-0.025458665564656258,0.6095850467681885,0.5388045310974121,-0.03154126554727554,0.6447859406471252,0.6957231760025024,-0.007442513480782509,0.6314247250556946,0.6594616174697876,-0.035735536366701126,0.6180374026298523,0.6976858377456665,-0.04165498912334442,0.6157053709030151,0.7274748086929321,-0.037407439202070236,0.6666663289070129,0.7140681743621826,-0.016929181292653084,0.6422128677368164,0.7074328660964966,-0.04253174737095833,0.6300925612449646,0.748848557472229,-0.03757248446345329,0.632767379283905,0.7731263041496277,-0.0261935293674469,0.6822502017021179,0.7412229180335999,-0.028047945350408554,0.6544457077980042,0.7430851459503174,-0.04117279127240181,0.6420745849609375,0.7741119861602783,-0.035567667335271835,0.644228994846344,0.7926490306854248,-0.026869192719459534
