0,1,2,3,4,5,6,7,8,9,10,11,12,13,14,15,16,17,18,19,20,21,22,23,24,25,26,27,28,29,30,31,32,33,34,35,36,37,38,39,40,41,42,43,44,45,46,47,48,49,50,51,52,53,54,55,56,57,58,59,60,61,62
0.6714566349983215,0.8700630068778992,1.504655386952436e-07,0.6378260254859924,0.8189253211021423,-0.008039158768951893,0.6272168159484863,0.7714606523513794,-0.006721675395965576,0.6441830992698669,0.7286297678947449,-0.005016482435166836,0.6673107147216797,0.7121474146842957,-0.0008949171751737595,0.6445654034614563,0.6898818016052246,0.001528533874079585,0.6317636966705322,0.6126526594161987,-0.004604000132530928,0.6263688802719116,0.5722730159759521,-0.007650394923985004,0.6247365474700928,0.5340954065322876,-0.01088682934641838,0.6681655645370483,0.6888096928596497,-0.006795881316065788,0.6702178716659546,0.6077007055282593,-0.01773589290678501,0.6724677085876465,0.5571627616882324,-0.02497459389269352,0.6751198172569275,0.5165570378303528,-0.02922087535262108,0.6901410818099976,0.7073365449905396,-0.018342988565564156,0.7111591696739197,0.644565761089325,-0.036553870886564255,0.726353645324707,0.6009209156036377,-0.05125320330262184,0.7371519207954407,0.5584242939949036,-0.05882792919874191,0.7033689022064209,0.7500361800193787,-0.03018566407263279,0.6971755623817444,0.6894888877868652,-0.03979575261473656,0.6743536591529846,0.6996349692344666,-0.039014782756567,0.654889702796936,0.7281630039215088,-0.03873481601476669
0.6718105673789978,0.870349645614624,1.4366455047820637e-07,0.6376468539237976,0.8181718587875366,-0.006952877622097731,0.6273515224456787,0.7716118097305298,-0.004716615658253431,0.6435202360153198,0.7277217507362366,-0.002344755455851555,0.6664491295814514,0.7110281586647034,0.002792073180899024,0.6458021402359009,0.6896787285804749,0.003434243844822049,0.6322202682495117,0.6108380556106567,-0.003118347842246294,0.6266017556190491,0.5705590844154358,-0.006307968404144049,0.6248838901519775,0.5330084562301636,-0.009332834742963314,0.6686987280845642,0.6891613006591797,-0.005222455132752657,0.6713055968284607,0.6070877313613892,-0.01664351113140583,0.6735087633132935,0.5565115809440613,-0.023877818137407303,0.6761022806167603,0.5165179371833801,-0.02781989984214306,0.6905044913291931,0.7081077098846436,-0.017157210037112236,0.7118062376976013,0.6452627778053284,-0.03490482643246651,0.7264889478683472,0.6022275686264038,-0.04924548789858818,0.7367182970046997,0.5600582361221313,-0.05634219944477081,0.7024693489074707,0.7525396347045898,-0.029414884746074677,0.6980103850364685,0.6893904805183411,-0.0372687429189682,0.6753737926483154,0.6979429125785828,-0.03555672615766525,0.6563687324523926,0.7262462377548218,-0.03468315303325653
0.6717994809150696,0.8710207939147949,1.4531055114730407e-07,0.6368521451950073,0.8198015689849854,-0.0061658406630158424,0.6263912320137024,0.7735254168510437,-0.004719335585832596,0.6415032744407654,0.7298722267150879,-0.0035566927399486303,0.6632673144340515,0.710726797580719,6.032771852915175e-05,0.6453827619552612,0.6891526579856873,0.0033513421658426523,0.6319582462310791,0.6110022068023682,-0.002842552727088332,0.6264544129371643,0.5705750584602356,-0.005996573716402054,0.6247454285621643,0.5329530835151672,-0.009292250499129295,0.6685660481452942,0.68817538022995,-0.0058785974979400635,0.6706318855285645,0.6066119074821472,-0.017627010121941566,0.6729033589363098,0.5562276840209961,-0.02547314763069153,0.675561785697937,0.5162278413772583,-0.030038557946681976,0.6905420422554016,0.7075223922729492,-0.018083127215504646,0.7118434309959412,0.6447963714599609,-0.03619212284684181,0.7263985872268677,0.6016744375228882,-0.05053570494055748,0.736751139163971,0.5609182715415955,-0.05787034332752228,0.7026513814926147,0.7515761852264404,-0.03044627606868744,0.697672963142395,0.688874363899231,-0.039411257952451706,0.6744827032089233,0.6974873542785645,-0.03826063871383667,0.6552183032035828,0.725333571434021,-0.037749696522951126
0.6745451092720032,0.873715877532959,1.3536526921598124e-07,0.6366163492202759,0.8196326494216919,-0.005351646337658167,0.6267676949501038,0.7754873037338257,-0.0035454118624329567,0.6397354602813721,0.7298426032066345,-0.0022652961779385805,0.6623941659927368,0.7119454145431519,0.0017677602590993047,0.6473469734191895,0.6916518807411194,0.003494618460536003,0.6325885057449341,0.6111465692520142,-0.00502028688788414,0.626127302646637,0.5705469846725464,-0.009864951483905315,0.6246024966239929,0.5324684381484985,-0.013790657743811607,0.6689077615737915,0.6904333233833313,-0.005458432715386152,0.6704237461090088,0.6080325245857239,-0.01809265837073326,0.6731216311454773,0.5565406680107117,-0.026081016287207603,0.6756697297096252,0.5156740546226501,-0.030686650425195694,0.6914981603622437,0.7099458575248718,-0.017448924481868744,0.7123383283615112,0.647243857383728,-0.03349202871322632,0.7265491485595703,0.6031951308250427,-0.047041479498147964,0.7357226014137268,0.5599251985549927,-0.05408903583884239,0.7012073397636414,0.7566308975219727,-0.029825208708643913,0.6984869241714478,0.6910657286643982,-0.034252602607011795,0.6753743886947632,0.6966497302055359,-0.031066816300153732,0.6570618748664856,0.7237502336502075,-0.029769128188490868
0.6689603328704834,0.8695845603942871,1.5270062192485057e-07,0.6366682648658752,0.8207377791404724,-0.005337859038263559,0.6274603605270386,0.7723076939582825,-0.005939250811934471,0.6395217776298523,0.7331930994987488,-0.007165800780057907,0.6601288318634033,0.7113403081893921,-0.007038824260234833,0.6440803408622742,0.6864902973175049,0.0009026170009747148,0.6318115592002869,0.6134548783302307,-0.004520034417510033,0.6259413957595825,0.5727494955062866,-0.007743200287222862,0.6238487362861633,0.5344564318656921,-0.011868284083902836,0.6678236126899719,0.6862398386001587,-0.009506898000836372,0.6695618033409119,0.6071966290473938,-0.020708218216896057,0.6709445714950562,0.5584979057312012,-0.02916507050395012,0.672925591468811,0.5174902081489563,-0.034897081553936005,0.6888562440872192,0.7051537036895752,-0.022372864186763763,0.710910439491272,0.6431375741958618,-0.04189198464155197,0.7252352237701416,0.5998793244361877,-0.056777484714984894,0.7360628247261047,0.5610342025756836,-0.06513796746730804,0.7030535340309143,0.7442752122879028,-0.035034772008657455,0.694825291633606,0.6892911791801453,-0.04838653653860092,0.6702458262443542,0.7016057372093201,-0.0495264008641243,0.6494154334068298,0.7285870909690857,-0.05050492659211159
0.6723244190216064,0.8714069128036499,1.424287745521724e-07,0.6372612714767456,0.8195823431015015,-0.006677516736090183,0.6267802715301514,0.7744148373603821,-0.006099587306380272,0.6399706602096558,0.729505717754364,-0.005883475299924612,0.6615249514579773,0.7108013033866882,-0.0031005737837404013,0.6465630531311035,0.6906378865242004,0.002134848153218627,0.6307135820388794,0.6116010546684265,-0.004913660231977701,0.6241658926010132,0.5706542730331421,-0.008807486854493618,0.622337818145752,0.5328301787376404,-0.012494763359427452,0.6686993837356567,0.690163791179657,-0.0068094125017523766,0.6700819134712219,0.6078164577484131,-0.019063612446188927,0.6719714403152466,0.5580456256866455,-0.027618343010544777,0.6745474934577942,0.5183775424957275,-0.03275656700134277,0.6900039315223694,0.709648609161377,-0.018645256757736206,0.7111445665359497,0.6467821598052979,-0.036079421639442444,0.7245950102806091,0.6031465530395508,-0.05060454085469246,0.7341801524162292,0.5627066493034363,-0.05829932168126106,0.7008758783340454,0.7535224556922913,-0.03073929250240326,0.6974117159843445,0.6889821290969849,-0.03800109773874283,0.674837589263916,0.6951995491981506,-0.03633425012230873,0.6559723019599915,0.7223393321037292,-0.0357845239341259
0.6711056232452393,0.8673834800720215,1.500452526670415e-07,0.6367726922035217,0.8177555203437805,-0.007146832533180714,0.626702070236206,0.772596538066864,-0.0066672940738499165,0.6406822204589844,0.729903519153595,-0.006335316691547632,0.6621503233909607,0.7110568284988403,-0.0038153836503624916,0.6451947689056396,0.6885082125663757,0.0019682981073856354,0.6314475536346436,0.6121525764465332,-0.004475947003811598,0.6257365345954895,0.5716527104377747,-0.008166405372321606,0.6241850852966309,0.5338872671127319,-0.01195610873401165,0.6679849624633789,0.6882109045982361,-0.006905883550643921,0.6698841452598572,0.6075440645217896,-0.018483510240912437,0.6720389127731323,0.5582572817802429,-0.026754047721624374,0.6747891902923584,0.5179860591888428,-0.03186948224902153,0.6892600059509277,0.7071005702018738,-0.018742943182587624,0.7105222940444946,0.6444779634475708,-0.0372355654835701,0.7246110439300537,0.6007219552993774,-0.05208973214030266,0.7346035242080688,0.5594639182090759,-0.05997096747159958,0.7018172740936279,0.7492551803588867,-0.03075733780860901,0.6965555548667908,0.6885688900947571,-0.04059166461229324,0.6739213466644287,0.6982417106628418,-0.03995313495397568,0.6546843647956848,0.7261772155761719,-0.03985743597149849
0.6703305244445801,0.8676382899284363,1.5419088583712437e-07,0.6370185017585754,0.8181072473526001,-0.007046801038086414,0.6270790696144104,0.7726529240608215,-0.006950026378035545,0.6401748657226562,0.7299066185951233,-0.0071141538210213184,0.6611817479133606,0.7100839614868164,-0.005218580365180969,0.6446335911750793,0.6887331008911133,0.0017495721112936735,0.631284236907959,0.6126347184181213,-0.004360654857009649,0.6256630420684814,0.5717443227767944,-0.007820923812687397,0.624087929725647,0.5339487195014954,-0.011598189361393452,0.6680353879928589,0.6879376173019409,-0.007140112109482288,0.6698237657546997,0.6076067686080933,-0.01897261291742325,0.6718376874923706,0.5579935312271118,-0.02762046828866005,0.6744177341461182,0.5177499055862427,-0.03299236297607422,0.6895043849945068,0.7067337036132812,-0.01884165033698082,0.7109193205833435,0.6442605257034302,-0.0376407690346241,0.7251905202865601,0.6008536219596863,-0.0525984950363636,0.7355343103408813,0.5610883235931396,-0.06053343042731285,0.7023752331733704,0.7481900453567505,-0.030635766685009003,0.6968443393707275,0.6876384019851685,-0.04130637273192406,0.67360919713974,0.6967369914054871,-0.04132595658302307,0.6539422273635864,0.7238527536392212,-0.04155436158180237
0.6689124703407288,0.868836522102356,1.508430074181888e-07,0.6364190578460693,0.8192319869995117,-0.005604613106697798,0.627124011516571,0.7726119756698608,-0.005262888967990875,0.6390105485916138,0.7307088375091553,-0.00551213975995779,0.6587865948677063,0.7100769877433777,-0.003977815620601177,0.6438559293746948,0.6886504888534546,0.0028395461849868298,0.6303974390029907,0.6130492091178894,-0.002247992204502225,0.6245476603507996,0.5720514059066772,-0.005243116989731789,0.622862696647644,0.5340123176574707,-0.008980188518762589,0.6675658226013184,0.6881599426269531,-0.006935307290405035,0.6690466403961182,0.6076523661613464,-0.01849912293255329,0.6711704730987549,0.5583007335662842,-0.027645759284496307,0.6742233037948608,0.5181102752685547,-0.03352430835366249,0.6888046264648438,0.7071565389633179,-0.019221443682909012,0.7106857299804688,0.6440751552581787,-0.03839462250471115,0.7251152396202087,0.6009450554847717,-0.05380421504378319,0.7359118461608887,0.5626165270805359,-0.06214292347431183,0.7020542025566101,0.7476359009742737,-0.03133229538798332,0.69636070728302,0.6876864433288574,-0.042949188500642776,0.6727796792984009,0.6969704627990723,-0.04343455284833908,0.6527066230773926,0.7241243720054626,-0.04392467066645622
0.6718264818191528,0.8730568885803223,1.406903322731523e-07,0.6366707682609558,0.8194777965545654,-0.004574858117848635,0.627472460269928,0.7741877436637878,-0.003461698768660426,0.6389339566230774,0.7298995852470398,-0.003211553208529949,0.6585246920585632,0.7112859487533569,-0.000736289715860039,0.646754264831543,0.6911405324935913,0.003358188783749938,0.6309709548950195,0.6121631264686584,-0.0034488465171307325,0.6246395707130432,0.5712224245071411,-0.007483503315597773,0.6230019927024841,0.5333950519561768,-0.011331440880894661,0.6687471866607666,0.6908624768257141,-0.006405567284673452,0.6699336767196655,0.608081579208374,-0.01921902410686016,0.6721101403236389,0.5582720041275024,-0.028701361268758774,0.6754551529884338,0.5180454254150391,-0.03437643125653267,0.6897391676902771,0.7109732627868652,-0.018632452934980392,0.7114198207855225,0.6473386287689209,-0.036630064249038696,0.7244412302970886,0.6028897762298584,-0.05177992582321167,0.734027624130249,0.5625723004341125,-0.059674326330423355,0.7002540826797485,0.7552369832992554,-0.030780721455812454,0.6982508897781372,0.6898341774940491,-0.038238853216171265,0.6746519207954407,0.6946322917938232,-0.036674804985523224,0.654771089553833,0.7211431264877319,-0.03607627749443054
0.6717047691345215,0.8716723918914795,1.5287736232494353e-07,0.6359928846359253,0.8182493448257446,-0.004415877163410187,0.6269395351409912,0.7732180953025818,-0.00291151343844831,0.6401047706604004,0.7309061288833618,-0.002153639681637287,0.6597722768783569,0.7122350931167603,0.0007601131219416857,0.6460111141204834,0.6902399659156799,0.004137812182307243,0.6320005655288696,0.6112550497055054,-0.00205543776974082,0.6262131929397583,0.5707655549049377,-0.0056116823107004166,0.6245681047439575,0.5330192446708679,-0.009167516604065895,0.6681631803512573,0.6900660991668701,-0.005803416483104229,0.6699202060699463,0.6072177886962891,-0.01815241388976574,0.6720349192619324,0.5573741793632507,-0.027271756902337074,0.6749680042266846,0.5166998505592346,-0.032708071172237396,0.689565122127533,0.7094607353210449,-0.018269618973135948,0.7102378010749817,0.6461856961250305,-0.03620874509215355,0.7232537865638733,0.6024006605148315,-0.05107680335640907,0.7325494289398193,0.5610871315002441,-0.058844149112701416,0.7009698152542114,0.7528164386749268,-0.030660118907690048,0.6968481540679932,0.6903125643730164,-0.03835664689540863,0.6737706065177917,0.6983269453048706,-0.036392271518707275,0.6548932790756226,0.7261860370635986,-0.03549550846219063
0.6674780249595642,0.8879585266113281,1.5340972936428443e-07,0.6337660551071167,0.8489456176757812,-0.015636080875992775,0.6142371892929077,0.8020337820053101,-0.025831470265984535,0.6160769462585449,0.7630356550216675,-0.03701363503932953,0.6344654560089111,0.7383525967597961,-0.04811953008174896,0.6334260702133179,0.7140477895736694,-0.012482032179832458,0.6260663270950317,0.6454745531082153,-0.027101177722215652,0.6209077835083008,0.6034213304519653,-0.03821505978703499,0.6170649528503418,0.5678879618644714,-0.04693348705768585,0.6612748503684998,0.7131604552268982,-0.018589012324810028,0.6630550026893616,0.6399044990539551,-0.033494673669338226,0.6587132215499878,0.5988233089447021,-0.04585110396146774,0.6545108556747437,0.5706755518913269,-0.05476508289575577,0.6867351531982422,0.7292394042015076,-0.02707190439105034,0.6946859359741211,0.6742823719978333,-0.050598423928022385,0.6834282875061035,0.6820748448371887,-0.06208115071058273,0.6744201183319092,0.7004079222679138,-0.0668884739279747,0.7076591849327087,0.7578557729721069,-0.03648805990815163,0.6962329149246216,0.7396527528762817,-0.05795527249574661,0.6776993274688721,0.7605624198913574,-0.06395852565765381,0.6659865379333496,0.7870208024978638,-0.06592610478401184
0.6682608127593994,0.8929046988487244,1.042395680883601e-07,0.631104052066803,0.856871485710144,-0.01311616599559784,0.6112260222434998,0.8072302341461182,-0.023100558668375015,0.6166896820068359,0.770829975605011,-0.03467227518558502,0.6319364309310913,0.7502012252807617,-0.04606431722640991,0.6243385076522827,0.7282849550247192,-0.012003757059574127,0.6164612770080566,0.6647977828979492,-0.02828587219119072,0.6127522587776184,0.6239387392997742,-0.04038124531507492,0.610023558139801,0.5911573171615601,-0.04950529709458351,0.6532201170921326,0.7304535508155823,-0.019406937062740326,0.6594836115837097,0.6608518958091736,-0.042753882706165314,0.6535232067108154,0.6580718755722046,-0.05510309338569641,0.6444134712219238,0.6701301336288452,-0.05912807956337929,0.6801297068595886,0.7483431100845337,-0.028486179187893867,0.6883549094200134,0.6926547288894653,-0.05427778884768486,0.6746469736099243,0.7216437458992004,-0.05783839896321297,0.6621706485748291,0.7543333172798157,-0.05423717200756073,0.7030625939369202,0.7799128293991089,-0.03849176689982414,0.7027637958526611,0.7553228735923767,-0.05808280035853386,0.689202070236206,0.7764127254486084,-0.05834392085671425,0.680085301399231,0.8004956841468811,-0.05451328679919243
0.6763415932655334,0.9027640223503113,-3.031634676631256e-08,0.645226001739502,0.8746675848960876,-0.016811687499284744,0.6198258996009827,0.843735933303833,-0.03238699212670326,0.6083121299743652,0.8228388428688049,-0.049318697303533554,0.6017925143241882,0.8081207275390625,-0.06635989248752594,0.6201392412185669,0.7518399357795715,-0.01944568008184433,0.6079489588737488,0.6959804892539978,-0.04579921066761017,0.6024622321128845,0.6669661998748779,-0.06364525109529495,0.5982935428619385,0.6438878178596497,-0.0741850882768631,0.650807797908783,0.7545823454856873,-0.02774324268102646,0.6494367122650146,0.6938563585281372,-0.06731181591749191,0.6387805342674255,0.7374561429023743,-0.08086659759283066,0.6283668279647827,0.7821276783943176,-0.0787782073020935,0.6793498992919922,0.7712146639823914,-0.03830208256840706,0.6782598495483398,0.740915060043335,-0.07493814080953598,0.6614580154418945,0.7951509356498718,-0.07410451024770737,0.6481122970581055,0.8369910717010498,-0.062091484665870667,0.703523576259613,0.7996215224266052,-0.050014447420835495,0.6998536586761475,0.7935599088668823,-0.07283937931060791,0.6836533546447754,0.8327314257621765,-0.06815209239721298,0.6734862327575684,0.8620173931121826,-0.05767790228128433
0.6588836312294006,0.8413791060447693,1.383761230044911e-07,0.6203058958053589,0.8624964952468872,-0.00010539664071984589,0.5925360918045044,0.9084724187850952,-0.011361579410731792,0.5801066160202026,0.9527207016944885,-0.021639587357640266,0.5744877457618713,0.9929002523422241,-0.03512123227119446,0.5849605798721313,0.8880387544631958,-0.05287676304578781,0.5511204600334167,0.9428071975708008,-0.07159332931041718,0.5387332439422607,0.9822064638137817,-0.07833269983530045,0.5342307090759277,1.013159155845642,-0.08112473040819168,0.610893964767456,0.8906997442245483,-0.06196969002485275,0.5881481766700745,0.9772377610206604,-0.0787871927022934,0.5829090476036072,1.003004550933838,-0.07786821573972702,0.583836019039154,1.0101839303970337,-0.07720707356929779,0.6423325538635254,0.8971705436706543,-0.06765610724687576,0.6261414885520935,0.9920873641967773,-0.0812520757317543,0.6247185468673706,0.9895769357681274,-0.07057377696037292,0.6289124488830566,0.96820467710495,-0.061816878616809845,0.6740846037864685,0.9069249033927917,-0.07237361371517181,0.6589815616607666,0.9888973832130432,-0.08508164435625076,0.6541592478752136,0.9870223999023438,-0.07728376239538193,0.6559091210365295,0.9654468297958374,-0.06918518245220184
0.6565210819244385,0.8442860245704651,1.633101902598355e-07,0.6167673468589783,0.8645886778831482,-0.001559689873829484,0.5931997895240784,0.9061008095741272,-0.01591968908905983,0.5881378054618835,0.9479255080223083,-0.029466602951288223,0.5921949744224548,0.9842973947525024,-0.04631190747022629,0.5851832628250122,0.8852673172950745,-0.05464322865009308,0.5583666563034058,0.9394900798797607,-0.0755724385380745,0.5472233891487122,0.9784997701644897,-0.0834953635931015,0.5417621731758118,1.0091559886932373,-0.08688909560441971,0.6129717826843262,0.8861857056617737,-0.06449072062969208,0.5939429998397827,0.9706389904022217,-0.0842600092291832,0.5840839147567749,1.0125813484191895,-0.08497874438762665,0.5799258351325989,1.0371466875076294,-0.08489798754453659,0.6451148390769958,0.8928796648979187,-0.07135806232690811,0.6341497898101807,0.9876033067703247,-0.0891391783952713,0.6300129890441895,0.9975418448448181,-0.07978244125843048,0.6303815841674805,0.9880265593528748,-0.07050015777349472,0.6767643094062805,0.9042375683784485,-0.07731672376394272,0.666268527507782,0.983920693397522,-0.09268129616975784,0.6593321561813354,0.9866562485694885,-0.08541492372751236,0.6567311882972717,0.9682939648628235,-0.07687654346227646
0.6532624959945679,0.8483881950378418,1.0312560760894485e-07,0.617257833480835,0.8691731095314026,-0.0035051293671131134,0.5929609537124634,0.9121540784835815,-0.013854789547622204,0.580039918422699,0.9520322680473328,-0.022882558405399323,0.5718135833740234,0.9885433912277222,-0.03507843613624573,0.5907207131385803,0.8983384966850281,-0.045138780027627945,0.5684965252876282,0.9508264660835266,-0.06256880611181259,0.5568088889122009,0.9895799160003662,-0.07131347805261612,0.548525869846344,1.0208728313446045,-0.07701906561851501,0.6154297590255737,0.902533233165741,-0.052539627999067307,0.6012953519821167,0.9701421856880188,-0.06741304695606232,0.595291256904602,1.011198878288269,-0.07074099034070969,0.5923387408256531,1.035865068435669,-0.07436744123697281,0.6458797454833984,0.907018780708313,-0.057760968804359436,0.639955997467041,0.9814318418502808,-0.0702839270234108,0.6369278430938721,1.016402244567871,-0.06787491589784622,0.6335480809211731,1.0334560871124268,-0.06692469865083694,0.6771895885467529,0.9119856953620911,-0.062394775450229645,0.6760075092315674,0.9718031883239746,-0.07497278600931168,0.6718598008155823,0.9970675110816956,-0.07409609854221344,0.6668070554733276,1.0083965063095093,-0.07263568043708801
0.6488342881202698,0.8530256748199463,1.785826810873914e-07,0.6149513721466064,0.8730990290641785,-0.003856842638924718,0.5935544371604919,0.9178449511528015,-0.014450771734118462,0.5841080546379089,0.9569393992424011,-0.02289055660367012,0.5823909044265747,0.990664541721344,-0.03469986096024513,0.5928463339805603,0.9081787467002869,-0.04794016852974892,0.5739697217941284,0.9594525098800659,-0.06437838822603226,0.5650793313980103,0.9964126348495483,-0.07150661945343018,0.5602215528488159,1.0242986679077148,-0.07542773336172104,0.6198804974555969,0.9120716452598572,-0.05414986237883568,0.6094179153442383,0.9878364205360413,-0.06739453971385956,0.6043199300765991,1.0270795822143555,-0.06950682401657104,0.6016234159469604,1.0485591888427734,-0.07193009555339813,0.6508743762969971,0.915587306022644,-0.05778976157307625,0.6457963585853577,0.9929028749465942,-0.06920037418603897,0.6421241164207458,1.027090072631836,-0.06735662370920181,0.6395600438117981,1.0442501306533813,-0.06645042449235916,0.6813502907752991,0.9181799292564392,-0.060450922697782516,0.6796481609344482,0.9814199805259705,-0.07213358581066132,0.6753928661346436,1.0061510801315308,-0.07083341479301453,0.6710049510002136,1.0181819200515747,-0.06885026395320892
0.6532049179077148,0.8551974296569824,2.6279693088326894e-07,0.6207853555679321,0.8755481243133545,-0.00941868219524622,0.6010438799858093,0.9205201268196106,-0.023075152188539505,0.5932335257530212,0.9620442390441895,-0.03280392289161682,0.5891720056533813,0.9956151247024536,-0.045198954641819,0.6007693409919739,0.9098304510116577,-0.06005297973752022,0.5810893774032593,0.9635627269744873,-0.08084577322006226,0.5705596208572388,1.0026358366012573,-0.09017393738031387,0.5633040070533752,1.0323622226715088,-0.09539563208818436,0.6302034854888916,0.9104307889938354,-0.06326434761285782,0.6235233545303345,0.9818986058235168,-0.08017164468765259,0.6176178455352783,1.0222471952438354,-0.08335310965776443,0.6115844249725342,1.0470948219299316,-0.08676273375749588,0.6617749929428101,0.9116665720939636,-0.0640261322259903,0.6606186628341675,0.9840405583381653,-0.07819651812314987,0.6578865647315979,1.0224710702896118,-0.07768357545137405,0.6556091904640198,1.0421767234802246,-0.07764018326997757,0.6913138031959534,0.9124952554702759,-0.06418631225824356,0.6930044293403625,0.9755465984344482,-0.07793404906988144,0.6896232962608337,1.0078589916229248,-0.07923439890146255,0.6857443451881409,1.0264912843704224,-0.07924744486808777
0.6558947563171387,0.8561089038848877,2.962580936127779e-07,0.6226723790168762,0.8761083483695984,-0.00943862646818161,0.6040818691253662,0.919319748878479,-0.023134635761380196,0.5994521975517273,0.9610596299171448,-0.03278859332203865,0.6013178825378418,0.9957314133644104,-0.04516741260886192,0.601791501045227,0.9098141193389893,-0.059763215482234955,0.5820654034614563,0.9584807753562927,-0.08037828654050827,0.5713743567466736,0.9979003071784973,-0.08903057873249054,0.5643510818481445,1.027423620223999,-0.09317339956760406,0.6305536031723022,0.9096300005912781,-0.06291650235652924,0.6247395873069763,0.9837010502815247,-0.08045599609613419,0.620316743850708,1.027418613433838,-0.08382882922887802,0.6166682243347168,1.0524836778640747,-0.08661997318267822,0.6620050668716431,0.9112063050270081,-0.0634133592247963,0.6624249815940857,0.9866170287132263,-0.07857119292020798,0.6600086688995361,1.0273901224136353,-0.0785970687866211,0.6581288576126099,1.047447919845581,-0.07803802192211151,0.6925878524780273,0.912858247756958,-0.0630856305360794,0.6949841380119324,0.9782965183258057,-0.07633786648511887,0.6908891797065735,1.0082268714904785,-0.07646514475345612,0.6861711144447327,1.023299217224121,-0.07524040341377258
0.6561651825904846,0.8571377396583557,2.8175170996291854e-07,0.6226242184638977,0.8773743510246277,-0.008232039399445057,0.6042822599411011,0.9205212593078613,-0.022023750469088554,0.5998675227165222,0.9613463282585144,-0.03206907957792282,0.6014689803123474,0.9953514337539673,-0.04501622915267944,0.6012911796569824,0.9106782674789429,-0.059420861303806305,0.5818434953689575,0.959101140499115,-0.08014485239982605,0.5709289312362671,0.9978256821632385,-0.08916036784648895,0.5635122060775757,1.027726173400879,-0.0937638208270073,0.6304106712341309,0.9106954336166382,-0.06335018575191498,0.6240389943122864,0.9849341511726379,-0.08098510652780533,0.6192249655723572,1.0285758972167969,-0.08468955755233765,0.6154583096504211,1.0547001361846924,-0.0878615528345108,0.6621279716491699,0.9126555323600769,-0.0644751638174057,0.6620957255363464,0.9884052276611328,-0.07924852520227432,0.6589254140853882,1.0297369956970215,-0.07911675423383713,0.6565817594528198,1.0519691705703735,-0.07871919125318527,0.6927506327629089,0.9142393469810486,-0.0646851658821106,0.69465172290802,0.9798179268836975,-0.07747171819210052,0.6907581686973572,1.0109448432922363,-0.07735877484083176,0.6864515542984009,1.0287789106369019,-0.07616382837295532
0.6586533784866333,0.8580734729766846,2.627043329539447e-07,0.624553918838501,0.876621425151825,-0.00811720173805952,0.6066144704818726,0.919772744178772,-0.02153138816356659,0.6033051013946533,0.9618081450462341,-0.03091566637158394,0.6065223217010498,0.9977854490280151,-0.04308490455150604,0.6044497489929199,0.9065197706222534,-0.06183505803346634,0.5803446173667908,0.9599664211273193,-0.08202645182609558,0.5691897869110107,1.0007597208023071,-0.08971832692623138,0.5634622573852539,1.030856966972351,-0.09302061051130295,0.633419394493103,0.9070281982421875,-0.06482330709695816,0.624194860458374,0.9850804209709167,-0.08107803761959076,0.6223451495170593,1.0290895700454712,-0.08236553519964218,0.6225921511650085,1.0507527589797974,-0.08364854753017426,0.6649315357208252,0.9098243713378906,-0.06487958133220673,0.6622061729431152,0.9876350164413452,-0.07800978422164917,0.6606901288032532,1.028307318687439,-0.07655679434537888,0.660807728767395,1.0456454753875732,-0.07525086402893066,0.6947250366210938,0.913506805896759,-0.0640140175819397,0.6964718699455261,0.9802983403205872,-0.07669339329004288,0.6932758688926697,1.0133737325668335,-0.07698637992143631,0.6898122429847717,1.0297459363937378,-0.07574312388896942
0.6617213487625122,0.8594996929168701,2.9922614430688554e-07,0.625078558921814,0.8765496611595154,-0.010450315661728382,0.6063867211341858,0.9213720560073853,-0.026160409674048424,0.6054201722145081,0.965854823589325,-0.0373169481754303,0.6126996278762817,1.0043007135391235,-0.05134302377700806,0.6071892380714417,0.8992557525634766,-0.06968076527118683,0.5832887291908264,0.9547691345214844,-0.09152913838624954,0.5714296102523804,0.9964811205863953,-0.09885662794113159,0.5646211504936218,1.0279520750045776,-0.10167451202869415,0.6383565068244934,0.900745153427124,-0.07243292778730392,0.6268537640571594,0.9803199172019958,-0.0914970189332962,0.6186140775680542,1.0239601135253906,-0.09256315976381302,0.612889289855957,1.0459072589874268,-0.0931217223405838,0.6702277064323425,0.9062394499778748,-0.07198254019021988,0.6659114956855774,0.9923638701438904,-0.08774107694625854,0.6586726307868958,1.0273470878601074,-0.0844559594988823,0.6535975933074951,1.0379399061203003,-0.08087203651666641,0.6987727880477905,0.9139419198036194,-0.07071525603532791,0.6972909569740295,0.9873344302177429,-0.08456578850746155,0.6882327198982239,1.016236424446106,-0.08326518535614014,0.679433286190033,1.0253939628601074,-0.08038942515850067
0.6619815826416016,0.8558677434921265,2.5853285023913486e-07,0.6246910095214844,0.8778850436210632,-0.00867083203047514,0.6040863990783691,0.9182765483856201,-0.023643063381314278,0.6017163395881653,0.9569356441497803,-0.03491830453276634,0.6111301183700562,0.9909363985061646,-0.04921920225024223,0.6088882684707642,0.8996075391769409,-0.06672374904155731,0.5851028561592102,0.9500184059143066,-0.08892694860696793,0.5735396146774292,0.990791380405426,-0.0971890464425087,0.5678690671920776,1.0230345726013184,-0.10086281597614288,0.6382331848144531,0.8993842601776123,-0.07082593441009521,0.630057692527771,0.9715295433998108,-0.091573566198349,0.6236019730567932,1.0202878713607788,-0.09417518973350525,0.6205916404724121,1.046146035194397,-0.09568104147911072,0.6692588329315186,0.903236448764801,-0.07185640931129456,0.6696057915687561,0.9842913746833801,-0.08908827602863312,0.6636438965797424,1.023645043373108,-0.08748618513345718,0.6589400768280029,1.0369051694869995,-0.08480982482433319,0.6971943378448486,0.90904301404953,-0.07208571583032608,0.6990107297897339,0.9804607033729553,-0.08787057548761368,0.6896300911903381,1.013885259628296,-0.0890161395072937,0.6786039471626282,1.0251063108444214,-0.0876869335770607
0.6699946522712708,0.8497574329376221,1.819755510723553e-07,0.6381387710571289,0.8676893711090088,-0.009859920479357243,0.6113840937614441,0.9047843813896179,-0.022509770467877388,0.5987070798873901,0.9419189691543579,-0.03226367011666298,0.6007175445556641,0.9731316566467285,-0.0438503734767437,0.6158182621002197,0.8792929649353027,-0.054881833493709564,0.5905723571777344,0.9245550632476807,-0.07388709485530853,0.5773295760154724,0.9604443907737732,-0.08221455663442612,0.5692708492279053,0.9871327877044678,-0.086715467274189,0.6431469321250916,0.879756510257721,-0.05805245041847229,0.6295937895774841,0.9396747350692749,-0.07537586241960526,0.6243846416473389,0.9854028820991516,-0.07857377827167511,0.6215752959251404,1.0128024816513062,-0.08173249661922455,0.6723508238792419,0.8839544057846069,-0.0591447614133358,0.6637521386146545,0.9519585967063904,-0.07558491826057434,0.6606428623199463,0.9693104028701782,-0.07276845723390579,0.6601752042770386,0.9648811221122742,-0.06934518367052078,0.6988581418991089,0.8919544219970703,-0.0600135438144207,0.698477566242218,0.9537351131439209,-0.07640216499567032,0.6924234628677368,0.9811924695968628,-0.07805222272872925,0.6862576603889465,0.9887765049934387,-0.07720199972391129
0.6876879334449768,0.9031140804290771,4.49339808028526e-07,0.652351438999176,0.8802419304847717,-0.024380572140216827,0.6334465146064758,0.8464709520339966,-0.04330702871084213,0.6436333656311035,0.8274083137512207,-0.06119569018483162,0.6641588807106018,0.8131507635116577,-0.07697297632694244,0.632598876953125,0.7465632557868958,-0.031767841428518295,0.6128073930740356,0.6786471009254456,-0.04974653944373131,0.5997732281684875,0.6344754695892334,-0.061258330941200256,0.5901144742965698,0.5955599546432495,-0.06940765678882599,0.6616926193237305,0.7432999014854431,-0.03249169886112213,0.6670162677764893,0.6790779829025269,-0.053773295134305954,0.6655725240707397,0.6404789686203003,-0.06570949405431747,0.6647933721542358,0.6087349653244019,-0.07193520665168762,0.6894512176513672,0.7570374011993408,-0.03515252470970154,0.698339581489563,0.7267946004867554,-0.060162875801324844,0.6825650930404663,0.768860399723053,-0.0604948028922081,0.6693523526191711,0.8022066354751587,-0.0534902960062027,0.7152592539787292,0.7799925208091736,-0.039978910237550735,0.728966236114502,0.7382067441940308,-0.05912860482931137,0.7377029061317444,0.7108030915260315,-0.060726363211870193,0.746386706829071,0.6824133396148682,-0.057402897626161575
0.6858861446380615,0.8829333186149597,7.33697220312024e-07,0.6522516012191772,0.8554041385650635,-0.02136560156941414,0.6398303508758545,0.8103445172309875,-0.038361452519893646,0.6604620218276978,0.78655606508255,-0.05523458123207092,0.6874158382415771,0.770820140838623,-0.07077750563621521,0.6412975788116455,0.7073845863342285,-0.026982290670275688,0.6266914010047913,0.6356114149093628,-0.04337900131940842,0.6176893711090088,0.5891209840774536,-0.053601913154125214,0.6122174859046936,0.5491487383842468,-0.06070958077907562,0.6716675758361816,0.7069204449653625,-0.029889773577451706,0.6828516125679016,0.6297972798347473,-0.05136698856949806,0.6843452453613281,0.5777829885482788,-0.06578070670366287,0.687404215335846,0.5328040719032288,-0.07379759848117828,0.6989476084709167,0.7236790060997009,-0.03445339575409889,0.7119920253753662,0.6800487637519836,-0.06024663895368576,0.6973960399627686,0.7188181281089783,-0.06371378153562546,0.6869153380393982,0.7499940991401672,-0.05844709277153015,0.7228277325630188,0.7495906949043274,-0.04082559049129486,0.739198625087738,0.6994271278381348,-0.0609021931886673,0.749355673789978,0.6661550998687744,-0.06457406282424927,0.7593808174133301,0.6327394843101501,-0.06245008483529091
0.6899714469909668,0.8826520442962646,6.536056389450096e-07,0.6537514328956604,0.8514301180839539,-0.020829416811466217,0.6417163014411926,0.7992304563522339,-0.03630863502621651,0.6602088809013367,0.7627663612365723,-0.05169922485947609,0.6848670840263367,0.7457556128501892,-0.06502048671245575,0.6413447856903076,0.7015914916992188,-0.023539556190371513,0.6288117170333862,0.6258756518363953,-0.03947220370173454,0.622413694858551,0.5791091322898865,-0.049390003085136414,0.617722749710083,0.5417208075523376,-0.05610909312963486,0.6729823350906372,0.6991693377494812,-0.025849422439932823,0.6847847700119019,0.6191023588180542,-0.04777039960026741,0.6876064538955688,0.5627384185791016,-0.06256366521120071,0.6919691562652588,0.5167694091796875,-0.07062170654535294,0.6997973322868347,0.7146970629692078,-0.029860174283385277,0.7105885148048401,0.669991135597229,-0.0537857748568058,0.6932988166809082,0.7071983814239502,-0.05446173623204231,0.6806505918502808,0.7367820143699646,-0.04746207222342491,0.7233476042747498,0.7384100556373596,-0.03583070635795593,0.7393189072608948,0.6862356066703796,-0.05316923186182976,0.7496025562286377,0.6540610790252686,-0.0543183907866478,0.7587944269180298,0.6219056844711304,-0.05070794001221657
0.6891810894012451,0.8847038149833679,5.993113632030145e-07,0.654294490814209,0.8516939282417297,-0.018812743946909904,0.6414303183555603,0.7972750663757324,-0.032735589891672134,0.6607216596603394,0.758648693561554,-0.046928249299526215,0.6857499480247498,0.7422469258308411,-0.05916091427206993,0.6413009166717529,0.6992858052253723,-0.01996229588985443,0.6284618973731995,0.6250549554824829,-0.03475233539938927,0.6211880445480347,0.5793396234512329,-0.04446936771273613,0.6160464882850647,0.5430421233177185,-0.05144506320357323,0.6722415089607239,0.6969682574272156,-0.02306753396987915,0.6828702688217163,0.6171960830688477,-0.043910685926675797,0.6857061386108398,0.5612576007843018,-0.05860751122236252,0.6905311346054077,0.5169191360473633,-0.06711721420288086,0.698788583278656,0.7129379510879517,-0.027847960591316223,0.7105069756507874,0.664948582649231,-0.05088606849312782,0.6965485215187073,0.6996906399726868,-0.05196015536785126,0.6861947178840637,0.7289012670516968,-0.04594594985246658,0.722556471824646,0.73737633228302,-0.034462857991456985,0.7375929951667786,0.6845971941947937,-0.05187053233385086,0.7484014630317688,0.6517045497894287,-0.053492672741413116,0.7585892677307129,0.6197987794876099,-0.05057549104094505
0.6859715580940247,0.8851907253265381,6.047795864105865e-07,0.6509882807731628,0.8495457768440247,-0.01682165265083313,0.6407646536827087,0.7940493226051331,-0.030494926497340202,0.6590481996536255,0.7566167116165161,-0.045363590121269226,0.6814464926719666,0.7392768263816833,-0.05828418955206871,0.6417328119277954,0.6988921761512756,-0.017392167821526527,0.6284106373786926,0.6255254745483398,-0.03275299072265625,0.6201955676078796,0.5802402496337891,-0.04213138669729233,0.6149663329124451,0.5443211793899536,-0.048501335084438324,0.6720437407493591,0.6978102922439575,-0.022121839225292206,0.6826858520507812,0.6175663471221924,-0.04475705698132515,0.685268223285675,0.5610920190811157,-0.06059403344988823,0.690743625164032,0.5174520015716553,-0.06938446313142776,0.6979899406433105,0.7145313024520874,-0.028437834233045578,0.7098192572593689,0.6663575768470764,-0.05316838622093201,0.695462703704834,0.7015780806541443,-0.05396316200494766,0.6851515173912048,0.7311733365058899,-0.047156646847724915,0.7206984162330627,0.7391443252563477,-0.03642004355788231,0.7364341616630554,0.6860612034797668,-0.053993672132492065,0.7473982572555542,0.6515880823135376,-0.05485585704445839,0.7575309872627258,0.6179180145263672,-0.05117082968354225
0.684620201587677,0.8799096941947937,6.078280421206728e-07,0.6491095423698425,0.8461536169052124,-0.01869010552763939,0.639934778213501,0.7928404808044434,-0.03312959894537926,0.6588661670684814,0.7573990821838379,-0.04801862686872482,0.6813217401504517,0.7422036528587341,-0.06075332313776016,0.6397392749786377,0.6968796253204346,-0.019479848444461823,0.627112090587616,0.6234521865844727,-0.03393483906984329,0.6194857358932495,0.5797674059867859,-0.04270373284816742,0.6144127249717712,0.5437666177749634,-0.049056392163038254,0.669818639755249,0.6948754191398621,-0.022509215399622917,0.6820367574691772,0.6156097650527954,-0.04380595684051514,0.6859139800071716,0.5613116025924683,-0.05831928923726082,0.6918998956680298,0.5177562236785889,-0.06671100854873657,0.6955091953277588,0.7107191681861877,-0.02716657891869545,0.7072052359580994,0.6604137420654297,-0.05066264048218727,0.6914620995521545,0.6968545317649841,-0.05102772265672684,0.679894745349884,0.7262737154960632,-0.04449254646897316,0.717960774898529,0.7346956729888916,-0.033691346645355225,0.7344084978103638,0.6833080053329468,-0.05155160650610924,0.7459993362426758,0.6506476402282715,-0.05355514958500862,0.7567971348762512,0.6174589395523071,-0.050883132964372635
0.682849645614624,0.8819950222969055,5.908091793571657e-07,0.6475650072097778,0.8509611487388611,-0.01914825849235058,0.6373892426490784,0.7952784299850464,-0.03254547715187073,0.6576064229011536,0.7581368088722229,-0.04635729268193245,0.6814988255500793,0.7416272163391113,-0.058343153446912766,0.6383402943611145,0.6980183124542236,-0.01859818957746029,0.6257514953613281,0.6242226362228394,-0.032897740602493286,0.6181656122207642,0.5791652202606201,-0.04179130494594574,0.6137430667877197,0.5428536534309387,-0.04808400198817253,0.6684273481369019,0.6963362097740173,-0.021864166483283043,0.6789877414703369,0.6166448593139648,-0.04309423267841339,0.6814863085746765,0.5602684020996094,-0.058361202478408813,0.6867362260818481,0.5173699259757996,-0.06706313788890839,0.6943323612213135,0.7128332853317261,-0.026985961943864822,0.7080218195915222,0.6640650033950806,-0.05141071602702141,0.6915746331214905,0.697580873966217,-0.05438752844929695,0.6790412664413452,0.7259956002235413,-0.049442559480667114,0.7165814638137817,0.7377146482467651,-0.03382907435297966,0.7324485778808594,0.6851484775543213,-0.0524679459631443,0.743284285068512,0.6512978076934814,-0.05557786673307419,0.7539118528366089,0.6180201172828674,-0.053700000047683716
0.6816026568412781,0.8826460242271423,5.749751608163933e-07,0.6471361517906189,0.8497937321662903,-0.018817007541656494,0.6352537274360657,0.7948418259620667,-0.03278786316514015,0.6552452445030212,0.7573980093002319,-0.04705633968114853,0.6820304989814758,0.7429760694503784,-0.05955446884036064,0.6375454664230347,0.6988263726234436,-0.020579008385539055,0.6243526935577393,0.6241452693939209,-0.03582987189292908,0.6169034838676453,0.5789475440979004,-0.04554981738328934,0.6120855808258057,0.5425692796707153,-0.05235350504517555,0.6669159531593323,0.6973296403884888,-0.0238612350076437,0.6754947304725647,0.6165931820869446,-0.04520350322127342,0.6774897575378418,0.5616447925567627,-0.05967734754085541,0.6819120645523071,0.5189229846000671,-0.06781410425901413,0.692472517490387,0.7138836979866028,-0.028874285519123077,0.7037732005119324,0.6654189229011536,-0.05263114720582962,0.6894837021827698,0.6981039643287659,-0.05456218123435974,0.6789045333862305,0.7264872193336487,-0.04896785318851471,0.7149735689163208,0.7386854887008667,-0.03568755090236664,0.7308325171470642,0.685359001159668,-0.05347727611660957,0.7413712739944458,0.6518586277961731,-0.05584679916501045,0.7511070966720581,0.619458794593811,-0.05351722985506058
0.6802085041999817,0.8825081586837769,5.61652655051148e-07,0.6464143395423889,0.8498814702033997,-0.01928754709661007,0.6346058249473572,0.7971846461296082,-0.03408614546060562,0.65385901927948,0.7594283819198608,-0.049223821610212326,0.6776171326637268,0.7418030500411987,-0.06276435405015945,0.6368052363395691,0.700883150100708,-0.02214425802230835,0.6229761838912964,0.6260179281234741,-0.038850266486406326,0.6154106259346008,0.579961895942688,-0.04965632036328316,0.6106902360916138,0.5431109666824341,-0.05679010972380638,0.6660289764404297,0.6992766261100769,-0.025799697265028954,0.6737550497055054,0.6177126169204712,-0.04815223440527916,0.6755003929138184,0.5629509687423706,-0.06332755088806152,0.679702639579773,0.520352840423584,-0.0716700330376625,0.6917778849601746,0.7152153253555298,-0.031194299459457397,0.703204870223999,0.6674094200134277,-0.05571509897708893,0.6897416114807129,0.6982885599136353,-0.058150578290224075,0.6797422170639038,0.7254968881607056,-0.052758242934942245,0.7145708203315735,0.7394723892211914,-0.03836022689938545,0.7294005155563354,0.6851093769073486,-0.055587876588106155,0.7393147945404053,0.6514118313789368,-0.056919295340776443,0.7483687996864319,0.6196810007095337,-0.05388324707746506
0.6784194707870483,0.8847299814224243,5.536550702345266e-07,0.6446541547775269,0.8520472645759583,-0.018385834991931915,0.6335172057151794,0.7981979846954346,-0.0324038565158844,0.6530541181564331,0.7608335614204407,-0.04713160917162895,0.6772398352622986,0.7439525723457336,-0.06039568781852722,0.6352112889289856,0.701609194278717,-0.020273365080356598,0.6232120990753174,0.6268490552902222,-0.03676765039563179,0.6164631843566895,0.5804919004440308,-0.047588884830474854,0.6123937368392944,0.5435724854469299,-0.05494241416454315,0.6647810339927673,0.6994591355323792,-0.024888819083571434,0.6722219586372375,0.618037223815918,-0.04746353253722191,0.673272430896759,0.5625593662261963,-0.06378450989723206,0.677161455154419,0.5187983512878418,-0.07309257239103317,0.6907742619514465,0.7162783145904541,-0.03114728257060051,0.7034497261047363,0.6659220457077026,-0.05592678114771843,0.6896319389343262,0.6965814232826233,-0.05855025723576546,0.6796979904174805,0.7234204411506653,-0.05331992730498314,0.7129003405570984,0.742045521736145,-0.0391414500772953,0.7254238128662109,0.6867715716362,-0.05692886561155319,0.7339012026786804,0.6513832211494446,-0.05846869945526123,0.742362380027771,0.61873459815979,-0.055519118905067444
0.6797237396240234,0.8837528824806213,5.701339773622749e-07,0.6453853249549866,0.8528211116790771,-0.02155003696680069,0.6344894766807556,0.8002353310585022,-0.03675351291894913,0.6544005870819092,0.7626128792762756,-0.052096378058195114,0.6782330870628357,0.7414216995239258,-0.06538865715265274,0.6339994668960571,0.7007763385772705,-0.020904745906591415,0.6226529479026794,0.6266621351242065,-0.03778813034296036,0.6162088513374329,0.5802901983261108,-0.04855899140238762,0.6124356389045715,0.5431288480758667,-0.05543879419565201,0.663881242275238,0.6978518962860107,-0.02323124371469021,0.6717996001243591,0.6175168752670288,-0.046036653220653534,0.6727523803710938,0.562628984451294,-0.061503130942583084,0.676587700843811,0.5196675658226013,-0.0696997418999672,0.6903820037841797,0.7128047943115234,-0.027682796120643616,0.7014817595481873,0.6651390194892883,-0.053245265036821365,0.6873974204063416,0.6979055404663086,-0.055519312620162964,0.6773344278335571,0.7252901792526245,-0.049358267337083817,0.7132918834686279,0.7361997365951538,-0.03409459441900253,0.7263619899749756,0.682540774345398,-0.05153229087591171,0.7350199818611145,0.6493358612060547,-0.05256861448287964,0.7431894540786743,0.6170672178268433,-0.04897964000701904
0.6782253980636597,0.8878347873687744,5.766000299445295e-07,0.6439521908760071,0.8560802936553955,-0.019785430282354355,0.6335989236831665,0.8008984923362732,-0.034807588905096054,0.6536186933517456,0.7630281448364258,-0.05051545798778534,0.6777059435844421,0.7415566444396973,-0.06463391333818436,0.6352553367614746,0.703045666217804,-0.020934054628014565,0.6250454783439636,0.6269106268882751,-0.03847450017929077,0.6189590692520142,0.5800496935844421,-0.05012510344386101,0.615643322467804,0.5422294735908508,-0.057921554893255234,0.6648157238960266,0.7015857696533203,-0.024884315207600594,0.6734734177589417,0.6207960844039917,-0.04843682050704956,0.6749868392944336,0.5643567442893982,-0.0654117614030838,0.6796241402626038,0.5193748474121094,-0.07522214204072952,0.6907424926757812,0.7178117632865906,-0.030694682151079178,0.702146053314209,0.6664388179779053,-0.0558735728263855,0.6874709725379944,0.6983462572097778,-0.05826188251376152,0.6769607067108154,0.7260766625404358,-0.052983012050390244,0.7130475044250488,0.7423698306083679,-0.038435690104961395,0.7248741388320923,0.6869244575500488,-0.0560636892914772,0.7326057553291321,0.6518036723136902,-0.05743076279759407,0.7403650879859924,0.6186404228210449,-0.05452578514814377
0.6789208650588989,0.8851057291030884,5.698832410416799e-07,0.6449984908103943,0.8529823422431946,-0.021400004625320435,0.6351463794708252,0.7978749871253967,-0.03597854822874069,0.6572104692459106,0.7616891264915466,-0.05078133940696716,0.6839849948883057,0.7438256144523621,-0.06373406201601028,0.6351429224014282,0.7011716961860657,-0.02034037746489048,0.6254745125770569,0.6259565353393555,-0.036568839102983475,0.6195354461669922,0.5793056488037109,-0.04705933481454849,0.6157834529876709,0.5418086647987366,-0.05368439480662346,0.6652616262435913,0.6993701457977295,-0.02269585058093071,0.6737189292907715,0.6188584566116333,-0.044366255402565,0.6747536659240723,0.563859224319458,-0.05922557786107063,0.6784175634384155,0.5199829936027527,-0.06702332198619843,0.6916609406471252,0.7148416638374329,-0.027193939313292503,0.7038273811340332,0.6671258807182312,-0.052304405719041824,0.6898416876792908,0.7012412548065186,-0.054519299417734146,0.6796009540557861,0.7293645739555359,-0.04816340655088425,0.7142900824546814,0.7381516098976135,-0.033667732030153275,0.7257844805717468,0.6838207244873047,-0.05056341737508774,0.7337126135826111,0.6499618291854858,-0.051016174256801605,0.7417582869529724,0.6177700161933899,-0.04702022671699524
0.6798714995384216,0.8854725360870361,5.765661512668885e-07,0.6460440158843994,0.854995608329773,-0.02243974804878235,0.6355618238449097,0.8021950125694275,-0.03832097351551056,0.6565003991127014,0.7654367089271545,-0.05428294837474823,0.6815851330757141,0.7448496222496033,-0.06833188980817795,0.6361312866210938,0.70194411277771,-0.02258935198187828,0.626029908657074,0.6267260313034058,-0.04021209850907326,0.6199922561645508,0.5795584917068481,-0.05175158381462097,0.6163824200630188,0.5416215062141418,-0.059282634407281876,0.6657811999320984,0.7000497579574585,-0.02492464706301689,0.6743819117546082,0.6198571920394897,-0.0481698103249073,0.6758596301078796,0.5650898814201355,-0.06404726207256317,0.6802971363067627,0.5210717916488647,-0.07277405261993408,0.6919441819190979,0.7155661582946777,-0.029423976317048073,0.7031777501106262,0.6662344932556152,-0.05517522990703583,0.6888901591300964,0.6994455456733704,-0.05735406279563904,0.6789199709892273,0.7270023822784424,-0.05141487717628479,0.7147051095962524,0.7393059730529785,-0.036037880927324295,0.7271930575370789,0.6852834224700928,-0.05377209931612015,0.7351381778717041,0.6519926190376282,-0.05487681180238724,0.7428913116455078,0.6194940805435181,-0.05153908580541611
0.6812018156051636,0.8853963613510132,5.797291464659793e-07,0.6465055346488953,0.8541642427444458,-0.021521953865885735,0.6352435350418091,0.8010533452033997,-0.03719044476747513,0.6570680141448975,0.7644967436790466,-0.05306007340550423,0.6840891242027283,0.74644935131073,-0.06714343279600143,0.6370935440063477,0.7022844552993774,-0.022942284122109413,0.6263885498046875,0.6259947419166565,-0.040481068193912506,0.6205258369445801,0.5787122845649719,-0.05196267366409302,0.6169469952583313,0.5404529571533203,-0.05955050513148308,0.6666274070739746,0.7002084255218506,-0.025327621027827263,0.6750483512878418,0.6191768050193787,-0.04823087900876999,0.6772368550300598,0.5646728873252869,-0.06321509182453156,0.6820336580276489,0.5210936069488525,-0.07135701924562454,0.692620038986206,0.7152975797653198,-0.029740367084741592,0.703477680683136,0.6644019484519958,-0.05477067083120346,0.6894241571426392,0.6986814737319946,-0.056056126952171326,0.679462730884552,0.7277880311012268,-0.04957585781812668,0.7153376340866089,0.7388134002685547,-0.03626617416739464,0.7280157208442688,0.6849157214164734,-0.053733233362436295,0.7357074618339539,0.6523712873458862,-0.05483762547373772,0.7429431080818176,0.6205374002456665,-0.05150081589818001
0.6809303164482117,0.8873836398124695,5.815174404233403e-07,0.6466270089149475,0.8556278944015503,-0.021056504920125008,0.6349154114723206,0.8018180131912231,-0.03662160038948059,0.6559285521507263,0.7639371156692505,-0.05257991701364517,0.682614266872406,0.7454864382743835,-0.06688937544822693,0.6376756429672241,0.7020736336708069,-0.022436650469899178,0.6274346709251404,0.6263373494148254,-0.04016786813735962,0.621604323387146,0.5790683031082153,-0.05195840448141098,0.6180762648582458,0.5409719944000244,-0.05976653844118118,0.6671205759048462,0.7006343007087708,-0.02567700855433941,0.675468385219574,0.6190545558929443,-0.04888683930039406,0.6773300766944885,0.5638637542724609,-0.0647401213645935,0.6821568608283997,0.5195061564445496,-0.07353739440441132,0.6930425763130188,0.716877818107605,-0.030891545116901398,0.7034094333648682,0.6672837734222412,-0.056289348751306534,0.689207911491394,0.7008293867111206,-0.058189429342746735,0.6795112490653992,0.7293592095375061,-0.052156057208776474,0.7156888842582703,0.7416216731071472,-0.0381629504263401,0.7274868488311768,0.686444103717804,-0.05562199652194977,0.7352877259254456,0.652904748916626,-0.056457653641700745,0.7429786920547485,0.6208171248435974,-0.05299341306090355
0.6813911199569702,0.88504558801651,5.818614567942859e-07,0.6461949348449707,0.8540976047515869,-0.022257937118411064,0.6352369785308838,0.7997180223464966,-0.03762076795101166,0.6571090221405029,0.7623254060745239,-0.053171683102846146,0.6831634044647217,0.7426632642745972,-0.06676547974348068,0.637124240398407,0.6996921300888062,-0.021365685388445854,0.6270968317985535,0.6244001984596252,-0.03827037289738655,0.6214754581451416,0.5776489973068237,-0.04938847944140434,0.6183150410652161,0.5398967266082764,-0.05668855831027031,0.6670504212379456,0.6981377005577087,-0.023752251639962196,0.6753811240196228,0.6177200078964233,-0.04612218588590622,0.6769860982894897,0.5628185272216797,-0.06155470013618469,0.6821156740188599,0.5187737941741943,-0.0700249895453453,0.6931172609329224,0.7142715454101562,-0.02835872583091259,0.7055387496948242,0.6665549278259277,-0.05352327972650528,0.6900040507316589,0.7011354565620422,-0.05541103333234787,0.6791406273841858,0.7298862338066101,-0.049182113260030746,0.7155916094779968,0.7389240264892578,-0.03514343500137329,0.7271291613578796,0.6846383810043335,-0.05232392996549606,0.7346901297569275,0.6516443490982056,-0.053023725748062134,0.7425822615623474,0.6201330423355103,-0.049359358847141266
0.6805019378662109,0.8844159245491028,5.797817266284255e-07,0.6459226608276367,0.8529914617538452,-0.02213035151362419,0.6352316737174988,0.7993469834327698,-0.03796105459332466,0.656993567943573,0.7625142335891724,-0.05399581417441368,0.6830856800079346,0.7429529428482056,-0.06818031519651413,0.6375932097434998,0.6999524235725403,-0.02243664301931858,0.6271398663520813,0.623979926109314,-0.03956899419426918,0.6213105916976929,0.5771998167037964,-0.050830572843551636,0.6180762052536011,0.5394188165664673,-0.05843224748969078,0.667268693447113,0.6985855102539062,-0.024834172800183296,0.6761335730552673,0.6186888217926025,-0.04747670516371727,0.6780184507369995,0.5639957189559937,-0.06309062987565994,0.6830805540084839,0.5197053551673889,-0.07201481610536575,0.693148672580719,0.7143892645835876,-0.029350928962230682,0.7037440538406372,0.6636770367622375,-0.05418569967150688,0.688850998878479,0.6975398063659668,-0.05618106201291084,0.6787988543510437,0.7263266444206238,-0.05055373162031174,0.7154499888420105,0.7385128736495972,-0.03606165573000908,0.7274149656295776,0.6848626136779785,-0.053584445267915726,0.7347884178161621,0.6522526741027832,-0.055174753069877625,0.7423548102378845,0.6206451654434204,-0.052425697445869446
0.6791965365409851,0.8844783306121826,5.59671207156498e-07,0.6455500721931458,0.8533456325531006,-0.0208151713013649,0.6353402137756348,0.7982384562492371,-0.03568476811051369,0.6573327779769897,0.7610704898834229,-0.05094971880316734,0.6827429533004761,0.7411678433418274,-0.06453987210988998,0.6376128792762756,0.7005690932273865,-0.021496376022696495,0.6273104548454285,0.6254512071609497,-0.03843887150287628,0.6212627291679382,0.5787708759307861,-0.049540042877197266,0.6177769899368286,0.541122555732727,-0.05693281814455986,0.6672743558883667,0.6992608308792114,-0.02451290190219879,0.675658106803894,0.6184162497520447,-0.047094039618968964,0.6772221922874451,0.5640189051628113,-0.06285810470581055,0.6821748614311218,0.5205919742584229,-0.07172244042158127,0.6932331323623657,0.7154327630996704,-0.029479825869202614,0.7044442892074585,0.6659644246101379,-0.054521847516298294,0.6889103651046753,0.6988006234169006,-0.05682486668229103,0.6782469153404236,0.7268738746643066,-0.051264747977256775,0.715376079082489,0.7399164438247681,-0.036436568945646286,0.7273715138435364,0.6852668523788452,-0.053832124918699265,0.7350547313690186,0.6518594026565552,-0.05498930439352989,0.7429823875427246,0.6201516389846802,-0.05188147351145744
0.6800249814987183,0.8851548433303833,5.618572913590469e-07,0.6453736424446106,0.8537007570266724,-0.021082133054733276,0.6349803805351257,0.7985091209411621,-0.03586015850305557,0.6561410427093506,0.7609816193580627,-0.050973471254110336,0.6812167167663574,0.7403014302253723,-0.06424792855978012,0.6364578604698181,0.6993618011474609,-0.020254570990800858,0.6253067255020142,0.6253676414489746,-0.03700224682688713,0.6191243529319763,0.5787526369094849,-0.04820794612169266,0.6154636740684509,0.5411126613616943,-0.05572095885872841,0.6666815876960754,0.6975627541542053,-0.023080725222826004,0.6755373477935791,0.6173561215400696,-0.04561701416969299,0.6769169569015503,0.5623366236686707,-0.06164863705635071,0.6811580657958984,0.5185193419456482,-0.07057097554206848,0.6929219961166382,0.7136936187744141,-0.027945153415203094,0.7045662999153137,0.6634612083435059,-0.05277896299958229,0.6893370747566223,0.6957224607467651,-0.05495515465736389,0.6784374117851257,0.7233356237411499,-0.049136798828840256,0.7151358723640442,0.7384163737297058,-0.034837402403354645,0.7270622253417969,0.683661937713623,-0.05188199505209923,0.7344589829444885,0.6499178409576416,-0.05290478095412254,0.7417341470718384,0.6176275014877319,-0.049553342163562775
0.6788007616996765,0.8850784301757812,5.566910203924635e-07,0.6453376412391663,0.8533228635787964,-0.019706955179572105,0.6347607374191284,0.7986246347427368,-0.03424676135182381,0.6544289588928223,0.7620154023170471,-0.04943234473466873,0.6773941516876221,0.7417910099029541,-0.06290809065103531,0.635700523853302,0.6993213295936584,-0.01977110467851162,0.6240407824516296,0.6248967051506042,-0.03655244782567024,0.6175141930580139,0.5786797404289246,-0.047555822879076004,0.6139389276504517,0.541669487953186,-0.05486263334751129,0.6658687591552734,0.6979806423187256,-0.02345370128750801,0.6745294332504272,0.6177903413772583,-0.04636651277542114,0.6757999062538147,0.5629764199256897,-0.06270147114992142,0.6801820397377014,0.5191295146942139,-0.07183203101158142,0.6919576525688171,0.7143773436546326,-0.029011467471718788,0.7035162448883057,0.6637380719184875,-0.05424616485834122,0.6884307861328125,0.6968708038330078,-0.05645265057682991,0.6777801513671875,0.7249735593795776,-0.0506427139043808,0.7139987349510193,0.7392693161964417,-0.03644436597824097,0.7253751754760742,0.684528112411499,-0.053813833743333817,0.7325182557106018,0.6507994532585144,-0.05476918816566467,0.7397205233573914,0.61861252784729,-0.05134600028395653
0.6791127324104309,0.884976863861084,5.682902610715246e-07,0.6446871757507324,0.8527119755744934,-0.020894762128591537,0.6345376372337341,0.797176718711853,-0.03560979291796684,0.6545926928520203,0.7594680190086365,-0.05074132978916168,0.6790807843208313,0.7384960055351257,-0.06389516592025757,0.6357690095901489,0.6996771097183228,-0.019470874220132828,0.623395562171936,0.624555230140686,-0.03581893444061279,0.6168439984321594,0.5780783891677856,-0.04623359069228172,0.6132901310920715,0.5414140224456787,-0.052956901490688324,0.6657689809799194,0.6983566880226135,-0.022378230467438698,0.6745175719261169,0.6175445914268494,-0.04499790072441101,0.6755024790763855,0.5626741647720337,-0.0607469417154789,0.6796521544456482,0.5197145342826843,-0.06915983557701111,0.6916807889938354,0.714526355266571,-0.027404187247157097,0.7030853033065796,0.6642155051231384,-0.052789319306612015,0.6877585053443909,0.6973701119422913,-0.05517730116844177,0.6770452260971069,0.7252264618873596,-0.04916688799858093,0.7136180996894836,0.7387178540229797,-0.03436668589711189,0.7254170179367065,0.684411346912384,-0.05168474465608597,0.7328066825866699,0.6507125496864319,-0.05279262363910675,0.7402430772781372,0.6180514693260193,-0.04934274032711983
0.67985999584198,0.8850510120391846,5.709559331990022e-07,0.6453590989112854,0.8531419038772583,-0.02165425941348076,0.6351718306541443,0.7976192831993103,-0.03660711646080017,0.6553112268447876,0.7598233222961426,-0.05183656886219978,0.6797341704368591,0.7388327121734619,-0.0650387853384018,0.6358267068862915,0.6994976997375488,-0.020044265314936638,0.6234951019287109,0.6244785785675049,-0.03644675761461258,0.6167681813240051,0.5780457258224487,-0.04681171849370003,0.6129510998725891,0.5412351489067078,-0.05342298373579979,0.6658090353012085,0.6981388330459595,-0.022595057263970375,0.6743506193161011,0.617470920085907,-0.04525517672300339,0.674914538860321,0.5626651048660278,-0.06091436743736267,0.6786344647407532,0.5197041630744934,-0.06915929913520813,0.6919317245483398,0.7142276763916016,-0.027336901053786278,0.7030960321426392,0.6651709675788879,-0.05304573103785515,0.6873773336410522,0.6994040012359619,-0.05550599470734596,0.6762785315513611,0.7273966670036316,-0.0493706539273262,0.714098334312439,0.7383727431297302,-0.03406554087996483,0.7258532047271729,0.6842248439788818,-0.05148041248321533,0.7332502007484436,0.6508795619010925,-0.052532583475112915,0.7407507300376892,0.618196964263916,-0.04899156466126442
0.6801942586898804,0.8842893838882446,5.533600528906391e-07,0.6460486054420471,0.8528026342391968,-0.021077241748571396,0.6352437138557434,0.7976258993148804,-0.03549280762672424,0.655330240726471,0.7596670389175415,-0.050188999623060226,0.6790278553962708,0.7393624186515808,-0.06295773386955261,0.6352369785308838,0.6995977759361267,-0.01987835206091404,0.6232063174247742,0.6248315572738647,-0.036327507346868515,0.6165599226951599,0.5782359838485718,-0.04674002155661583,0.6127626895904541,0.541236937046051,-0.05332350730895996,0.6654245257377625,0.6978552937507629,-0.022534001618623734,0.6733404994010925,0.6174306273460388,-0.044985175132751465,0.6736748814582825,0.5631892681121826,-0.06048901006579399,0.6771245002746582,0.5201895236968994,-0.06863440573215485,0.6918384432792664,0.7135593295097351,-0.027295157313346863,0.7041347622871399,0.6652384996414185,-0.05293908342719078,0.6894308924674988,0.6987795829772949,-0.055424124002456665,0.6787682175636292,0.7262752652168274,-0.04925040155649185,0.7144860625267029,0.7375518083572388,-0.033961132168769836,0.7261006832122803,0.6833940148353577,-0.05122923478484154,0.7334510684013367,0.6504403948783875,-0.051955174654722214,0.7408064603805542,0.6186435222625732,-0.04810211807489395
0.6798539161682129,0.8853408098220825,5.561603870773979e-07,0.6460586190223694,0.8538156151771545,-0.02107042632997036,0.6351727247238159,0.8000571727752686,-0.03590152785181999,0.6548730134963989,0.7625881433486938,-0.051049526780843735,0.6771288514137268,0.7411850690841675,-0.06427625566720963,0.6353867053985596,0.7001424431800842,-0.020313231274485588,0.6230800151824951,0.6251359581947327,-0.03710949793457985,0.6160832643508911,0.5784909129142761,-0.04763149470090866,0.6118839979171753,0.541426956653595,-0.054224442690610886,0.6653299331665039,0.6984272003173828,-0.023193350061774254,0.6728129386901855,0.6179973483085632,-0.04603804647922516,0.6725006103515625,0.563347578048706,-0.061737991869449615,0.6751465201377869,0.5198303461074829,-0.0699663907289505,0.6917146444320679,0.7143828868865967,-0.028176311403512955,0.7027589678764343,0.6656361818313599,-0.054264552891254425,0.6881126761436462,0.6987470984458923,-0.056925877928733826,0.6776570677757263,0.7259328961372375,-0.05083192512392998,0.7143545150756836,0.7388196587562561,-0.03503894805908203,0.7261725068092346,0.6844799518585205,-0.05286470428109169,0.7334063053131104,0.6507448554039001,-0.05392928048968315,0.7406501770019531,0.6179487109184265,-0.05024698004126549
0.6807525753974915,0.8840303421020508,5.575242880695441e-07,0.646553635597229,0.8514771461486816,-0.02128182351589203,0.6357819437980652,0.7964028716087341,-0.03620554134249687,0.6553718447685242,0.7572726607322693,-0.05145671218633652,0.6800834536552429,0.7357666492462158,-0.06468077003955841,0.6362836360931396,0.6995061635971069,-0.020050441846251488,0.62274169921875,0.6249628067016602,-0.036185070872306824,0.6149014830589294,0.5784090161323547,-0.04636119678616524,0.6102257966995239,0.5412201881408691,-0.05296483263373375,0.6655519604682922,0.697425127029419,-0.02279675006866455,0.6707316040992737,0.616047739982605,-0.04502726346254349,0.6697233319282532,0.5613033175468445,-0.0602058544754982,0.6722115874290466,0.5180779695510864,-0.06819254159927368,0.6916317939758301,0.7133857011795044,-0.027662983164191246,0.7012467980384827,0.6624327301979065,-0.0530577152967453,0.6866155862808228,0.6965843439102173,-0.05502083897590637,0.6764629483222961,0.7248200178146362,-0.04860920086503029,0.7136171460151672,0.7374714612960815,-0.0345093198120594,0.7248837947845459,0.6832690238952637,-0.05193169414997101,0.7320602536201477,0.6492577791213989,-0.05299435183405876,0.7392808794975281,0.615908145904541,-0.04946814104914665
0.6807236671447754,0.8829861879348755,5.582799644798797e-07,0.6466786861419678,0.8498923778533936,-0.021950677037239075,0.6355121731758118,0.7952569723129272,-0.03778122738003731,0.655164361000061,0.7560696005821228,-0.05397016927599907,0.680505096912384,0.7345832586288452,-0.06806899607181549,0.6372016072273254,0.6989555358886719,-0.0213603712618351,0.6233665347099304,0.6241148710250854,-0.038437098264694214,0.6153894662857056,0.5780402421951294,-0.04904980584979057,0.6107056736946106,0.5411015748977661,-0.055808234959840775,0.6656115651130676,0.6964766979217529,-0.02385305054485798,0.6705676317214966,0.6148012280464172,-0.04698869585990906,0.6693798899650574,0.5603666305541992,-0.062091972678899765,0.6718577146530151,0.5171125531196594,-0.0698665902018547,0.6913697123527527,0.7117299437522888,-0.02851724810898304,0.7011651396751404,0.6597030162811279,-0.05445396527647972,0.6869674921035767,0.6961061954498291,-0.05566822364926338,0.6770396828651428,0.7262120246887207,-0.048577386885881424,0.713557779788971,0.7357813715934753,-0.03528601676225662,0.725377082824707,0.6819376945495605,-0.052927080541849136,0.7326697707176208,0.6486285328865051,-0.05373996123671532,0.7398866415023804,0.6155160069465637,-0.04993528872728348
0.6810564398765564,0.8823400735855103,5.557220106311433e-07,0.6467368006706238,0.8494204878807068,-0.0234946608543396,0.6354369521141052,0.795669674873352,-0.03991351276636124,0.6548611521720886,0.7559361457824707,-0.0564204566180706,0.6800704002380371,0.7317980527877808,-0.07073477655649185,0.6378063559532166,0.6982210278511047,-0.02167366072535515,0.6235918402671814,0.6234239339828491,-0.03902702406048775,0.6151795983314514,0.5772218108177185,-0.049974385648965836,0.6101931929588318,0.5400286912918091,-0.05697661638259888,0.6661319732666016,0.695838212966919,-0.023507393896579742,0.6710270047187805,0.6143298745155334,-0.046721164137125015,0.6696646213531494,0.5602531433105469,-0.06202621012926102,0.6721062064170837,0.5176775455474854,-0.0699630007147789,0.6918235421180725,0.7112103700637817,-0.027797522023320198,0.7020527124404907,0.6590725183486938,-0.05391102284193039,0.6879433393478394,0.6934552788734436,-0.05590282380580902,0.6779277324676514,0.7218345999717712,-0.049475349485874176,0.7137221097946167,0.7353098392486572,-0.03432155400514603,0.7256451845169067,0.6815798282623291,-0.05216769129037857,0.732518196105957,0.6484044790267944,-0.05361778661608696,0.7392638921737671,0.6150532364845276,-0.050388410687446594
0.6811182498931885,0.8831509947776794,5.557563440561353e-07,0.6465042233467102,0.8499897718429565,-0.02321743406355381,0.6353006362915039,0.7956438064575195,-0.03946420177817345,0.654891312122345,0.7559022903442383,-0.055878497660160065,0.6799864768981934,0.7318429946899414,-0.07011439651250839,0.6377651691436768,0.698404848575592,-0.02126014418900013,0.6235661506652832,0.6235523223876953,-0.03853921219706535,0.6150726675987244,0.5772297382354736,-0.049497440457344055,0.6100493669509888,0.5398958921432495,-0.0565609335899353,0.666097104549408,0.695992648601532,-0.02324284240603447,0.6710914373397827,0.6145868301391602,-0.046489641070365906,0.6697343587875366,0.5602606534957886,-0.06194727122783661,0.6723011136054993,0.5174745321273804,-0.07002425193786621,0.6917701363563538,0.7113670110702515,-0.02765529602766037,0.7021734118461609,0.6590437889099121,-0.05377475172281265,0.6873233914375305,0.6937071084976196,-0.055715419352054596,0.6767815947532654,0.7223790287971497,-0.049279820173978806,0.7135735750198364,0.7355827689170837,-0.034293282777071,0.7255536317825317,0.6817666888237,-0.052243683487176895,0.7323720455169678,0.648385226726532,-0.05371619760990143,0.7391496896743774,0.6148988604545593,-0.0504998117685318
0.6816012263298035,0.8794060349464417,5.472002726492065e-07,0.6473079919815063,0.8444142937660217,-0.021121731027960777,0.6368043422698975,0.7891665101051331,-0.036261897534132004,0.6564624905586243,0.7508669495582581,-0.05198393762111664,0.6823251843452454,0.7291910648345947,-0.0656544491648674,0.638866662979126,0.6953502297401428,-0.019051531329751015,0.6250250935554504,0.6211485862731934,-0.035467930138111115,0.6167736053466797,0.5762695074081421,-0.04574427753686905,0.6116807460784912,0.5396468043327332,-0.05242077633738518,0.667312502861023,0.6932450532913208,-0.02190106362104416,0.6724581122398376,0.6123868227005005,-0.044413696974515915,0.6715489625930786,0.5586054921150208,-0.059516385197639465,0.6740773320198059,0.5166982412338257,-0.06743278354406357,0.6929059028625488,0.7089295387268066,-0.027004366740584373,0.7021000981330872,0.6560589075088501,-0.05279374122619629,0.6890384554862976,0.6917340755462646,-0.05457872524857521,0.6799787282943726,0.7214987874031067,-0.047952160239219666,0.7147567272186279,0.733126163482666,-0.03411916270852089,0.7264215350151062,0.6798772811889648,-0.051789507269859314,0.7339621186256409,0.6469601988792419,-0.05310402438044548,0.7414416670799255,0.6138591170310974,-0.04976988583803177
0.683974027633667,0.8794872760772705,5.541914447348972e-07,0.6494520902633667,0.846821665763855,-0.024548042565584183,0.637752890586853,0.7918754816055298,-0.040389418601989746,0.6573171019554138,0.7509121894836426,-0.05578216537833214,0.6828979253768921,0.7253503203392029,-0.06874851882457733,0.6394925117492676,0.6955322623252869,-0.021825609728693962,0.6254985928535461,0.6208352446556091,-0.03786880895495415,0.6171554327011108,0.5745522975921631,-0.04787111654877663,0.6120765209197998,0.537597119808197,-0.054273128509521484,0.6684343814849854,0.6930358409881592,-0.022570215165615082,0.6737159490585327,0.6120325922966003,-0.044150739908218384,0.6724132895469666,0.5577820539474487,-0.058624666184186935,0.674806535243988,0.5165882706642151,-0.06611049920320511,0.694395899772644,0.7084577679634094,-0.025890963152050972,0.7046366333961487,0.6595988869667053,-0.05102510005235672,0.6900805234909058,0.6930984854698181,-0.05341308191418648,0.6794803738594055,0.7201771140098572,-0.04744003340601921,0.7165467739105225,0.7318903803825378,-0.0314684696495533,0.7284113168716431,0.6789776682853699,-0.049033910036087036,0.7355043292045593,0.6460620164871216,-0.05080076679587364,0.7425505518913269,0.6126534342765808,-0.04789509251713753
0.6833108067512512,0.8830865621566772,5.43581791134784e-07,0.6486123204231262,0.8488576412200928,-0.019933126866817474,0.6375100016593933,0.7909355759620667,-0.03406202420592308,0.6559773683547974,0.7502593398094177,-0.04895774647593498,0.6814110279083252,0.7257683277130127,-0.06187373772263527,0.6405079960823059,0.6967901587486267,-0.01789187267422676,0.6265966892242432,0.6217687129974365,-0.0335017591714859,0.6181105971336365,0.5758377313613892,-0.04312845692038536,0.6131627559661865,0.5393123030662537,-0.04941542074084282,0.6693252325057983,0.6949626207351685,-0.02145293727517128,0.6752417683601379,0.6129509806632996,-0.04330522567033768,0.6740946769714355,0.5578000545501709,-0.058561649173498154,0.6767053008079529,0.5158130526542664,-0.06668821722269058,0.6949455738067627,0.7114672064781189,-0.02713441476225853,0.7047595381736755,0.6592439413070679,-0.052204981446266174,0.688659131526947,0.6941561102867126,-0.054209154099226,0.6770810484886169,0.7234342694282532,-0.048079755157232285,0.7163055539131165,0.7367821931838989,-0.03471653535962105,0.7269488573074341,0.6822589635848999,-0.05228284373879433,0.7335301637649536,0.6476100087165833,-0.05369051173329353,0.7404000759124756,0.6135255694389343,-0.05055209994316101
0.6841887831687927,0.8815593719482422,5.545007297769189e-07,0.6490974426269531,0.8457484245300293,-0.022985635325312614,0.639334499835968,0.7901403903961182,-0.038722604513168335,0.6591473817825317,0.7496591210365295,-0.05452907830476761,0.6849389672279358,0.7276589870452881,-0.06814508885145187,0.6407230496406555,0.6965738534927368,-0.020968357101082802,0.6265453100204468,0.6211735010147095,-0.037575460970401764,0.6184465885162354,0.575494647026062,-0.048254042863845825,0.6134386658668518,0.5384228825569153,-0.05543677881360054,0.6693976521492004,0.6940473914146423,-0.022769594565033913,0.6752313375473022,0.6122567653656006,-0.04541289061307907,0.6754744052886963,0.5581526160240173,-0.06085161492228508,0.6791507005691528,0.5157678723335266,-0.06929293274879456,0.6950593590736389,0.7094548344612122,-0.026905234903097153,0.7059087753295898,0.6562489867210388,-0.05224039405584335,0.6908918619155884,0.6920379400253296,-0.053955789655447006,0.6797415018081665,0.7213619351387024,-0.047669198364019394,0.7169955968856812,0.7334871292114258,-0.03326454386115074,0.728604257106781,0.6802461743354797,-0.05105411633849144,0.7363336086273193,0.6474197506904602,-0.052785441279411316,0.7438244223594666,0.6142845153808594,-0.04989604651927948
0.6834828853607178,0.8809299468994141,5.521583261725027e-07,0.6490035057067871,0.8457123637199402,-0.021003855392336845,0.6391189098358154,0.789413332939148,-0.03590817376971245,0.6590391397476196,0.7504386305809021,-0.05128060281276703,0.6840978860855103,0.7273202538490295,-0.06460931897163391,0.6399987936019897,0.6947426795959473,-0.01919211633503437,0.6263434886932373,0.6207779049873352,-0.035429444164037704,0.6181819438934326,0.57536381483078,-0.04590532183647156,0.6134757399559021,0.5382519364356995,-0.05290371552109718,0.6691902875900269,0.6925824880599976,-0.02190806157886982,0.6752089858055115,0.6121366024017334,-0.04419305920600891,0.6754074692726135,0.5579172968864441,-0.05976102128624916,0.6792942881584167,0.5152485370635986,-0.06835019588470459,0.6951333284378052,0.7084907293319702,-0.026756906881928444,0.7046270370483398,0.6569021344184875,-0.05181053653359413,0.6891653537750244,0.6920108199119568,-0.05369534716010094,0.6781542897224426,0.7214522957801819,-0.04762829840183258,0.7170042991638184,0.7331806421279907,-0.03363019973039627,0.7285345196723938,0.6792697310447693,-0.05112898349761963,0.7360617518424988,0.6458863615989685,-0.05255956947803497,0.7434419989585876,0.6126556396484375,-0.04950492084026337
0.6840748190879822,0.8819293975830078,5.46160322301148e-07,0.6493990421295166,0.8471249938011169,-0.02095673978328705,0.6386946439743042,0.7899549603462219,-0.03554915264248848,0.6580262780189514,0.7502865195274353,-0.05070779100060463,0.6836355924606323,0.7282122373580933,-0.06382711231708527,0.6400989294052124,0.6957588195800781,-0.018300900235772133,0.6264249682426453,0.6214118003845215,-0.03445911034941673,0.6179407238960266,0.5758713483810425,-0.044737160205841064,0.6129143238067627,0.5389305353164673,-0.05151212960481644,0.668803334236145,0.6934664845466614,-0.021150091663002968,0.6743617653846741,0.6123573780059814,-0.04367808625102043,0.6742136478424072,0.5579662322998047,-0.05915941670536995,0.6777963042259216,0.5156737565994263,-0.06739483028650284,0.6945456266403198,0.7091860175132751,-0.02623852901160717,0.7043092250823975,0.6573938727378845,-0.05175481736660004,0.6900418400764465,0.6930943727493286,-0.05361867696046829,0.6798780560493469,0.7227449417114258,-0.04720548540353775,0.7163283824920654,0.7335295677185059,-0.03334665298461914,0.7279105186462402,0.6796349883079529,-0.050815895199775696,0.7353384494781494,0.6462632417678833,-0.05206350237131119,0.7425291538238525,0.6127158999443054,-0.04879070818424225
0.682407557964325,0.8811686635017395,5.424330993264448e-07,0.6483754515647888,0.844506561756134,-0.020656296983361244,0.6384999752044678,0.7882649898529053,-0.035652272403240204,0.6582818627357483,0.7499236464500427,-0.051307737827301025,0.6836749315261841,0.7289678454399109,-0.06508015096187592,0.6401916742324829,0.6946198344230652,-0.01840784214437008,0.6259791254997253,0.6209901571273804,-0.035194724798202515,0.6174366474151611,0.5755948424339294,-0.04625410586595535,0.6124968528747559,0.5385178923606873,-0.053540296852588654,0.6690008044242859,0.693117082118988,-0.021724415943026543,0.674087643623352,0.6129522919654846,-0.04456482082605362,0.673559844493866,0.5590637922286987,-0.06061656400561333,0.6768468022346497,0.5168247818946838,-0.06930632144212723,0.6948756575584412,0.7095439434051514,-0.02724582888185978,0.705619215965271,0.6586729884147644,-0.05285795405507088,0.6909313201904297,0.6923087239265442,-0.055006977170705795,0.6801827549934387,0.720339834690094,-0.048871319741010666,0.7167592644691467,0.734889805316925,-0.03476187214255333,0.7274442315101624,0.6810320615768433,-0.05208636447787285,0.7346685528755188,0.6467758417129517,-0.052949510514736176,0.7418090105056763,0.612972617149353,-0.04941859468817711
0.6830503940582275,0.8820557594299316,5.383751044973906e-07,0.6485540866851807,0.8468743562698364,-0.021746205165982246,0.6378593444824219,0.7906836271286011,-0.03670274093747139,0.6569569110870361,0.7500521540641785,-0.0519297830760479,0.6821921467781067,0.7264864444732666,-0.06514161825180054,0.640155017375946,0.6960002779960632,-0.019443990662693977,0.625960111618042,0.6221492290496826,-0.03593727946281433,0.6172038316726685,0.5761671662330627,-0.04675756022334099,0.6117601990699768,0.5385842323303223,-0.05387058109045029,0.6689489483833313,0.6940748691558838,-0.02204534411430359,0.6738348603248596,0.6133192777633667,-0.04449857026338577,0.6729287505149841,0.5592399835586548,-0.060280174016952515,0.6757421493530273,0.5168379545211792,-0.06875237822532654,0.6945870518684387,0.7102717757225037,-0.026881929486989975,0.7039139866828918,0.6600706577301025,-0.05222683399915695,0.688605785369873,0.6930453777313232,-0.054533377289772034,0.6777792572975159,0.7205266356468201,-0.048549339175224304,0.7161034345626831,0.7348480224609375,-0.03378278389573097,0.7269076108932495,0.6800347566604614,-0.05090562626719475,0.7340632677078247,0.6458021402359009,-0.051906436681747437,0.7413145303726196,0.6123246550559998,-0.048524897545576096
0.6830718517303467,0.8779987096786499,5.531059628083312e-07,0.6484933495521545,0.8436217308044434,-0.024134410545229912,0.6381335258483887,0.7904391288757324,-0.04021455720067024,0.6582430601119995,0.7512761950492859,-0.055907174944877625,0.6833019852638245,0.7269244194030762,-0.06926718354225159,0.639136552810669,0.694367527961731,-0.02142987586557865,0.6245691776275635,0.6209803819656372,-0.03759678080677986,0.6158456206321716,0.5757410526275635,-0.047910649329423904,0.6104876399040222,0.5386123657226562,-0.05464713275432587,0.6681756973266602,0.6918740272521973,-0.022461500018835068,0.6727340221405029,0.6112041473388672,-0.04410899057984352,0.6721516847610474,0.5577605366706848,-0.0590243861079216,0.6752936840057373,0.5162124037742615,-0.06700155884027481,0.6940968632698059,0.7073656320571899,-0.02597881853580475,0.7033089399337769,0.6578760147094727,-0.050946854054927826,0.6888193488121033,0.6904482245445251,-0.05358264967799187,0.6782998442649841,0.717157781124115,-0.04787218198180199,0.7162171602249146,0.7308139801025391,-0.031713537871837616,0.7269964218139648,0.6769983768463135,-0.04885973408818245,0.7344673275947571,0.644408106803894,-0.05042218789458275,0.7417358756065369,0.61188805103302,-0.04743951931595802
0.6827119588851929,0.8824242353439331,5.356095016395557e-07,0.6488504409790039,0.8487189412117004,-0.021939851343631744,0.6382564306259155,0.7926952838897705,-0.03661968931555748,0.6562037467956543,0.7519857883453369,-0.05156084895133972,0.678540825843811,0.7271592020988464,-0.06441126763820648,0.6387632489204407,0.6968005895614624,-0.019038820639252663,0.6248838901519775,0.6231237649917603,-0.03494998812675476,0.6161948442459106,0.577070951461792,-0.04523849114775658,0.6105571985244751,0.5396445989608765,-0.052036359906196594,0.6673787832260132,0.6948227286338806,-0.021464059129357338,0.6723828315734863,0.6140693426132202,-0.04341016709804535,0.6716965436935425,0.5591557025909424,-0.05888187512755394,0.6744253039360046,0.5170145630836487,-0.06719386577606201,0.6934084892272949,0.710612416267395,-0.02618972584605217,0.7026474475860596,0.6596320271492004,-0.05112869292497635,0.6883912086486816,0.69243985414505,-0.05347682908177376,0.6778948903083801,0.7198866605758667,-0.04763592407107353,0.7156254053115845,0.734422504901886,-0.033019449561834335,0.7267084121704102,0.6795985102653503,-0.05011411011219025,0.7332351207733154,0.6457297801971436,-0.051497310400009155,0.7392904162406921,0.6119226813316345,-0.04848824068903923
0.6818115711212158,0.881679892539978,5.440148811430845e-07,0.6472027897834778,0.8479241728782654,-0.02094957046210766,0.6357822418212891,0.7918034195899963,-0.035862360149621964,0.6529252529144287,0.7511470913887024,-0.05119512975215912,0.6774157881736755,0.7273369431495667,-0.06437665224075317,0.6377316117286682,0.695475697517395,-0.019022436812520027,0.623247504234314,0.6224830746650696,-0.03478492796421051,0.6142997145652771,0.5773457288742065,-0.04472832754254341,0.608755350112915,0.5405016541481018,-0.051398906856775284,0.6665833592414856,0.6935055255889893,-0.022019503638148308,0.6714866161346436,0.6130217909812927,-0.04419468715786934,0.6701282262802124,0.5589349269866943,-0.05949812009930611,0.6724497079849243,0.5166872143745422,-0.06777152419090271,0.6925035119056702,0.7096786499023438,-0.027124177664518356,0.7004891037940979,0.6579155325889587,-0.052358970046043396,0.6838462352752686,0.6926338076591492,-0.05418045446276665,0.67205810546875,0.7214630842208862,-0.04795750603079796,0.7143480181694031,0.7342004179954529,-0.03420604392886162,0.725236713886261,0.6794600486755371,-0.05150137096643448,0.7319751977920532,0.6451762914657593,-0.0527375265955925,0.7383314967155457,0.6108608245849609,-0.04958773031830788
0.6809993982315063,0.8799837827682495,5.456674898596248e-07,0.6466047167778015,0.8467419743537903,-0.02203119732439518,0.6352157592773438,0.7911391854286194,-0.037347257137298584,0.654418408870697,0.7509599924087524,-0.05283088982105255,0.6806172132492065,0.7288044095039368,-0.06622087955474854,0.6376695036888123,0.6956235766410828,-0.02088225819170475,0.6231824159622192,0.6220262050628662,-0.036889396607875824,0.6142902374267578,0.5768795013427734,-0.04719908908009529,0.6085414290428162,0.5400409698486328,-0.054219190031290054,0.6662051677703857,0.6937920451164246,-0.023219473659992218,0.6711568236351013,0.6124030351638794,-0.045234352350234985,0.6695709228515625,0.5584931373596191,-0.06042133644223213,0.6716667413711548,0.5163629055023193,-0.06874000281095505,0.6917681097984314,0.7098824381828308,-0.027674593031406403,0.7005587816238403,0.6574572324752808,-0.052292000502347946,0.6853054165840149,0.691348671913147,-0.05402436479926109,0.6745445728302002,0.7196217179298401,-0.04794774204492569,0.7134820222854614,0.7341254353523254,-0.0342649444937706,0.7248222827911377,0.6794926524162292,-0.05132604390382767,0.7319357991218567,0.6459368467330933,-0.0526483915746212,0.7388870120048523,0.6125923991203308,-0.049632903188467026
0.6821372509002686,0.8811104893684387,5.498115456248343e-07,0.6472271084785461,0.8476525545120239,-0.023123806342482567,0.6348389387130737,0.7917168736457825,-0.03847258538007736,0.6540126800537109,0.7504159212112427,-0.05377541109919548,0.6805844902992249,0.7261176705360413,-0.06680379062891006,0.63784259557724,0.6959821581840515,-0.020471196621656418,0.622906506061554,0.621749758720398,-0.03625273331999779,0.6139525175094604,0.5760904550552368,-0.046370770782232285,0.6081687808036804,0.5393698811531067,-0.05318984016776085,0.6664923429489136,0.693729043006897,-0.02220788598060608,0.6711998581886292,0.6120723485946655,-0.04399871081113815,0.6693332195281982,0.5577877163887024,-0.0590738020837307,0.6710600852966309,0.5161365270614624,-0.06713560968637466,0.6923145055770874,0.7095381617546082,-0.02630808763206005,0.7013262510299683,0.6571889519691467,-0.05114476755261421,0.686276912689209,0.6910063028335571,-0.05324843153357506,0.6753996014595032,0.7193209528923035,-0.047251056879758835,0.7142452597618103,0.7336180210113525,-0.03261696919798851,0.7254496812820435,0.6798308491706848,-0.050005953758955,0.7323096990585327,0.6468428373336792,-0.05170343443751335,0.7390086054801941,0.613645076751709,-0.04882253706455231
0.6826607584953308,0.8808518648147583,5.592546017396671e-07,0.6479569673538208,0.8479456305503845,-0.0245656780898571,0.6358506679534912,0.792578399181366,-0.0403444804251194,0.6543525457382202,0.7510415315628052,-0.05570676177740097,0.6801750063896179,0.7254561185836792,-0.068614162504673,0.6372244358062744,0.6957977414131165,-0.021345647051930428,0.6226296424865723,0.6212481260299683,-0.03644947335124016,0.6140110492706299,0.5756136178970337,-0.04601367935538292,0.608601450920105,0.5386379957199097,-0.05252312123775482,0.6659407019615173,0.6932028532028198,-0.021948225796222687,0.6704922318458557,0.6118307113647461,-0.042757682502269745,0.6691001057624817,0.5579005479812622,-0.05705224722623825,0.6714089512825012,0.5168513655662537,-0.06481178104877472,0.6919086575508118,0.7083165645599365,-0.025053443387150764,0.7003483772277832,0.6554903388023376,-0.049250733107328415,0.6854103803634644,0.6903699040412903,-0.05131550505757332,0.6745371222496033,0.7191605567932129,-0.04549923911690712,0.71403568983078,0.7311483025550842,-0.030485551804304123,0.7253568768501282,0.6776013374328613,-0.04764461889863014,0.7325476408004761,0.6454488039016724,-0.04976441338658333,0.7393834590911865,0.6124239563941956,-0.04734940081834793
0.6830752491950989,0.8806281685829163,5.557842541747959e-07,0.648208737373352,0.8468347787857056,-0.022866856306791306,0.6366606950759888,0.7896936535835266,-0.03799799829721451,0.6545776128768921,0.7483831644058228,-0.05320180580019951,0.6806838512420654,0.7260433435440063,-0.0661061704158783,0.6379700899124146,0.6954643726348877,-0.020059404894709587,0.6231220960617065,0.620586097240448,-0.03523039072751999,0.6144764423370361,0.5752354860305786,-0.04467398673295975,0.6094996929168701,0.5386207699775696,-0.051109518855810165,0.666288435459137,0.693716824054718,-0.02156107872724533,0.6708658337593079,0.6128079891204834,-0.04311647266149521,0.6697605848312378,0.5586357712745667,-0.05788128823041916,0.6725494861602783,0.5170506238937378,-0.06592541933059692,0.6918668746948242,0.7088779807090759,-0.025393666699528694,0.7010771036148071,0.6550241708755493,-0.049971599131822586,0.6869898438453674,0.6904551982879639,-0.05193856731057167,0.6767695546150208,0.7199739217758179,-0.04597419872879982,0.7137786149978638,0.7316746115684509,-0.03143677860498428,0.7258338928222656,0.6783064603805542,-0.04872521013021469,0.7329819202423096,0.6454607844352722,-0.05096203088760376,0.7395340204238892,0.6120452880859375,-0.04864029213786125
0.6844644546508789,0.8832405805587769,5.625906851491891e-07,0.6484588384628296,0.8482335805892944,-0.02044624276459217,0.636322021484375,0.78911954164505,-0.034825120121240616,0.6528723835945129,0.7468631267547607,-0.04990466684103012,0.6787631511688232,0.7250760197639465,-0.06281954795122147,0.6395376324653625,0.6979905366897583,-0.018483905121684074,0.6243504285812378,0.6223405003547668,-0.03337860107421875,0.6154689788818359,0.5766967535018921,-0.04219362139701843,0.6101090908050537,0.5402793288230896,-0.048084236681461334,0.6673842072486877,0.6954935789108276,-0.021635638549923897,0.6720314025878906,0.6132218837738037,-0.04301895946264267,0.6708574891090393,0.5580907464027405,-0.05755918100476265,0.6734697222709656,0.5150388479232788,-0.06533413380384445,0.6926323771476746,0.7107611298561096,-0.02690870128571987,0.6999256014823914,0.6584866642951965,-0.05128151550889015,0.6840930581092834,0.6956313252449036,-0.05277533084154129,0.672981321811676,0.7258394360542297,-0.04645450413227081,0.7138740420341492,0.7341292500495911,-0.034250982105731964,0.7256176471710205,0.6794351935386658,-0.051463957875967026,0.7328588366508484,0.6447616815567017,-0.05339578539133072,0.740117073059082,0.60994952917099,-0.050850022584199905
0.6827402710914612,0.8797482252120972,5.543258225770842e-07,0.6485964059829712,0.8440293073654175,-0.020969031378626823,0.6373132467269897,0.7882442474365234,-0.036106545478105545,0.6550698280334473,0.7498564720153809,-0.05188673362135887,0.6805435419082642,0.7263479828834534,-0.06555987149477005,0.6403869390487671,0.6933896541595459,-0.018490614369511604,0.626181960105896,0.6200268864631653,-0.03415878117084503,0.6171135902404785,0.5756967067718506,-0.04387503117322922,0.6119415760040283,0.5393628478050232,-0.05024421215057373,0.6683845520019531,0.6918230652809143,-0.021497486159205437,0.6734649538993835,0.6119628548622131,-0.04296300560235977,0.6722548007965088,0.557913601398468,-0.057585932314395905,0.675323486328125,0.5158911943435669,-0.06542161852121353,0.6935046315193176,0.7081357836723328,-0.026796067133545876,0.7027537226676941,0.6571758389472961,-0.051703814417123795,0.6867055892944336,0.693261444568634,-0.05356479808688164,0.6755698323249817,0.722917914390564,-0.0473785363137722,0.7146758437156677,0.7326804995536804,-0.03414200246334076,0.7259365320205688,0.6796153783798218,-0.051577936857938766,0.7329879999160767,0.6460136771202087,-0.05314546078443527,0.7404860854148865,0.6124956607818604,-0.05018599331378937
0.6848970055580139,0.878635585308075,5.435049388324842e-07,0.6500331163406372,0.8428005576133728,-0.02058776654303074,0.6390887498855591,0.7855482697486877,-0.034957338124513626,0.6578221917152405,0.7462136149406433,-0.05004553124308586,0.6841335296630859,0.7261379361152649,-0.06300969421863556,0.6409395337104797,0.6952410340309143,-0.017613397911190987,0.626386284828186,0.6202815175056458,-0.03313474357128143,0.6176908612251282,0.5748499035835266,-0.04269956052303314,0.6124664545059204,0.5377264618873596,-0.04904261603951454,0.6694211959838867,0.6925477981567383,-0.02036343514919281,0.6739494800567627,0.6120672821998596,-0.04225727170705795,0.6734558939933777,0.5572188496589661,-0.056953608989715576,0.6766474843025208,0.5147415995597839,-0.06472712010145187,0.695357084274292,0.7073414921760559,-0.025331588461995125,0.7039223313331604,0.6548477411270142,-0.05034206435084343,0.6889104843139648,0.6923027634620667,-0.051503635942935944,0.6779606938362122,0.72341388463974,-0.04462263360619545,0.7174801230430603,0.7303312420845032,-0.03235611319541931,0.729160487651825,0.6778018474578857,-0.0494457446038723,0.7363417148590088,0.645078718662262,-0.05061497166752815,0.7431143522262573,0.6117021441459656,-0.04739172011613846
0.6866410374641418,0.8776758909225464,5.53494032828894e-07,0.6520466804504395,0.8420925140380859,-0.021853744983673096,0.6415562629699707,0.785463809967041,-0.03678705543279648,0.661194384098053,0.7459723353385925,-0.05218280106782913,0.6875236630439758,0.7246513366699219,-0.06542498618364334,0.6439050436019897,0.6939188241958618,-0.018582452088594437,0.6308062672615051,0.6199695467948914,-0.03460592404007912,0.6224445104598999,0.5752373933792114,-0.04481809586286545,0.6170281767845154,0.5383331179618835,-0.051556672900915146,0.6727201342582703,0.6912202835083008,-0.020869314670562744,0.6786996722221375,0.611337423324585,-0.04287615790963173,0.6775897145271301,0.5568374395370483,-0.057983074337244034,0.6796658039093018,0.5141560435295105,-0.06600601226091385,0.6986163258552551,0.7063051462173462,-0.02552388422191143,0.7091612815856934,0.6571789383888245,-0.05081294849514961,0.6937292218208313,0.6938451528549194,-0.052653975784778595,0.6820850968360901,0.7237460017204285,-0.046161577105522156,0.7207393050193787,0.7299946546554565,-0.0323190912604332,0.7326263785362244,0.6781858801841736,-0.04979250207543373,0.7400767803192139,0.6453070640563965,-0.051120929419994354,0.7473475337028503,0.6125082969665527,-0.04784398898482323
0.687576413154602,0.8787709474563599,5.487148087013338e-07,0.6527560353279114,0.8424713611602783,-0.020779799669981003,0.6419988870620728,0.785603404045105,-0.03540871664881706,0.6618926525115967,0.7463859915733337,-0.050484657287597656,0.6885953545570374,0.7263404726982117,-0.06350210309028625,0.6449559926986694,0.6948744058609009,-0.019128598272800446,0.6309324502944946,0.6201685667037964,-0.03508346155285835,0.6221359968185425,0.5746233463287354,-0.045065853744745255,0.616498589515686,0.5371018648147583,-0.0516703762114048,0.6733261942863464,0.692529022693634,-0.021834325045347214,0.6785942912101746,0.6113431453704834,-0.04375055059790611,0.6780879497528076,0.5564181804656982,-0.058430369943380356,0.6807643175125122,0.5139806866645813,-0.06615670025348663,0.6990852952003479,0.7080509066581726,-0.02669680491089821,0.7080596685409546,0.6568601131439209,-0.05148899182677269,0.6934760212898254,0.6906782388687134,-0.05321737751364708,0.6825373768806458,0.7192956805229187,-0.046870775520801544,0.7211560606956482,0.7321776151657104,-0.033596307039260864,0.7333712577819824,0.6788632273674011,-0.05073295161128044,0.7408038973808289,0.6455382108688354,-0.05209167301654816,0.7474814057350159,0.6121752858161926,-0.04897723346948624
0.688967227935791,0.87861168384552,5.401822136263945e-07,0.653894305229187,0.8434752821922302,-0.020954450592398643,0.6421857476234436,0.7863377332687378,-0.03538034111261368,0.6620096564292908,0.7461354732513428,-0.05017616227269173,0.6892381906509399,0.726019024848938,-0.06293831765651703,0.6452318429946899,0.6938029527664185,-0.01887696608901024,0.6316205859184265,0.6194587349891663,-0.034470200538635254,0.6229791641235352,0.5739083290100098,-0.04431699216365814,0.6173450946807861,0.5368136763572693,-0.050886306911706924,0.6739441156387329,0.6912955641746521,-0.021334907039999962,0.679341197013855,0.6106539964675903,-0.042727068066596985,0.6786264181137085,0.5562567710876465,-0.05724262073636055,0.6810815334320068,0.5140668749809265,-0.06496287137269974,0.6999167799949646,0.7066845893859863,-0.025949230417609215,0.7089974284172058,0.6550270318984985,-0.05030711367726326,0.694618821144104,0.6884170770645142,-0.05208541825413704,0.6839076280593872,0.7166545987129211,-0.04590749368071556,0.7219886779785156,0.7308775186538696,-0.03259187564253807,0.7335675954818726,0.6778315901756287,-0.04958673566579819,0.7410148978233337,0.6450321078300476,-0.05094614997506142,0.7479715347290039,0.61219322681427,-0.047840945422649384
0.6895734071731567,0.8803463578224182,5.631004569295328e-07,0.6536606550216675,0.8446055054664612,-0.021272288635373116,0.6423735618591309,0.7856311798095703,-0.03552203252911568,0.661517322063446,0.7451798319816589,-0.05028996989130974,0.6882972717285156,0.7256672382354736,-0.06292705982923508,0.6451042890548706,0.6932873725891113,-0.01763000898063183,0.6316693425178528,0.6183732748031616,-0.03232705593109131,0.6231878399848938,0.5728939175605774,-0.0414254404604435,0.6178393363952637,0.5360474586486816,-0.04759903997182846,0.6739945411682129,0.6913072466850281,-0.02014090120792389,0.6798243522644043,0.6112694144248962,-0.04123811796307564,0.678926408290863,0.5560148358345032,-0.055794842541217804,0.681549072265625,0.5137040019035339,-0.063601553440094,0.699945330619812,0.7072665691375732,-0.024951724335551262,0.7089742422103882,0.6561130881309509,-0.049383826553821564,0.6931666731834412,0.6923666000366211,-0.05108032003045082,0.6816471815109253,0.7222103476524353,-0.04478803649544716,0.7218215465545654,0.7316541075706482,-0.03187580406665802,0.7336670756340027,0.6788480281829834,-0.04906902834773064,0.7414528727531433,0.6457858085632324,-0.050742510706186295,0.7491499185562134,0.6121545433998108,-0.04789426177740097
0.68865567445755,0.8811049461364746,5.702995622414164e-07,0.6530507206916809,0.8448626399040222,-0.021026698872447014,0.6416997313499451,0.7867847084999084,-0.03578682243824005,0.6597524881362915,0.7471283674240112,-0.05133140832185745,0.6853600740432739,0.7246604561805725,-0.06480768322944641,0.64567631483078,0.693559467792511,-0.017759086564183235,0.6320371627807617,0.6195423603057861,-0.03335565701127052,0.62326979637146,0.5741419792175293,-0.04292644187808037,0.6179206371307373,0.5375769138336182,-0.04930615797638893,0.6744926571846008,0.6918023228645325,-0.021040955558419228,0.6805498003959656,0.6108308434486389,-0.04319877177476883,0.6793721318244934,0.5553808808326721,-0.058478400111198425,0.6817765235900879,0.5132091045379639,-0.06660208851099014,0.7003906965255737,0.7082996964454651,-0.026655646041035652,0.7087500691413879,0.6560986042022705,-0.05227908492088318,0.6917355060577393,0.6923567056655884,-0.05439852550625801,0.6795862913131714,0.7222878932952881,-0.04818173870444298,0.721713125705719,0.7334260940551758,-0.03430139273405075,0.733274519443512,0.6800041794776917,-0.05226241797208786,0.7402909994125366,0.646091639995575,-0.05413801968097687,0.7473799586296082,0.6116217970848083,-0.051328424364328384
0.6884326934814453,0.882826030254364,5.560522140513058e-07,0.6530430316925049,0.8459780216217041,-0.021252809092402458,0.6420191526412964,0.7879490256309509,-0.036379773169755936,0.6602827310562134,0.7471864223480225,-0.052232496440410614,0.6859101057052612,0.72532057762146,-0.06604055315256119,0.6453714370727539,0.6950361728668213,-0.018827520310878754,0.6313154101371765,0.6200864911079407,-0.03516567125916481,0.6228103637695312,0.5741366147994995,-0.04547200724482536,0.6175734996795654,0.537124752998352,-0.05240543559193611,0.6741579174995422,0.6934791803359985,-0.022201115265488625,0.6798465251922607,0.6118379235267639,-0.04498722404241562,0.6788253784179688,0.5567176342010498,-0.060791369527578354,0.6813163161277771,0.5138101577758789,-0.06934075802564621,0.6998676061630249,0.7101404666900635,-0.02783963643014431,0.7097452878952026,0.6569837927818298,-0.053480274975299835,0.6932554244995117,0.6925573348999023,-0.05527004972100258,0.6811224222183228,0.7219221591949463,-0.04893311858177185,0.7213296294212341,0.7356088757514954,-0.035574398934841156,0.7326126098632812,0.6815794706344604,-0.053378503769636154,0.7396064400672913,0.6471830606460571,-0.05483676865696907,0.7466204762458801,0.6127152442932129,-0.0517612099647522
0.6875202059745789,0.8830577731132507,5.52590677216358e-07,0.6526470184326172,0.8472062349319458,-0.020675653591752052,0.6419716477394104,0.7892680168151855,-0.03528057783842087,0.6601735353469849,0.7491539120674133,-0.050745218992233276,0.6854051351547241,0.725645899772644,-0.06414993852376938,0.6446794867515564,0.6948183178901672,-0.01724514365196228,0.6312278509140015,0.6203182935714722,-0.033111609518527985,0.6226314306259155,0.5746690630912781,-0.043104201555252075,0.6175705790519714,0.5377718210220337,-0.04976389557123184,0.6733531355857849,0.6930206418037415,-0.020704757422208786,0.6789098978042603,0.6114611029624939,-0.0429115891456604,0.677730143070221,0.5563806891441345,-0.05859889090061188,0.6804919838905334,0.514122486114502,-0.06708038598299026,0.699001669883728,0.7096233367919922,-0.02643425576388836,0.7094171047210693,0.655977725982666,-0.0517517626285553,0.6927952170372009,0.6906167268753052,-0.05375979468226433,0.6805771589279175,0.7197749614715576,-0.04762645438313484,0.7203404903411865,0.735061764717102,-0.03418814763426781,0.7316644191741943,0.6806279420852661,-0.05177564546465874,0.7390555739402771,0.6462430953979492,-0.05318593978881836,0.7465120553970337,0.6119252443313599,-0.05006212741136551
0.686972439289093,0.8827519416809082,5.578942818829091e-07,0.651552140712738,0.8464430570602417,-0.020036939531564713,0.6402286291122437,0.7875723242759705,-0.03453808277845383,0.6583334803581238,0.7472257018089294,-0.05010358616709709,0.6843392848968506,0.7251784801483154,-0.0635603815317154,0.6441153287887573,0.6940866708755493,-0.016966382041573524,0.6303326487541199,0.6194691061973572,-0.03287642076611519,0.6216864585876465,0.573932409286499,-0.042916711419820786,0.6166674494743347,0.5371932983398438,-0.04974311962723732,0.6727733016014099,0.6923969388008118,-0.02074667252600193,0.6784736514091492,0.6115927696228027,-0.04352256655693054,0.6774073243141174,0.5565377473831177,-0.05955260619521141,0.6803968548774719,0.5142223238945007,-0.06834419816732407,0.6980918645858765,0.7091082334518433,-0.026687799021601677,0.7079214453697205,0.6560515761375427,-0.05203370377421379,0.6908526420593262,0.6926755905151367,-0.053329747170209885,0.6786702871322632,0.7232906818389893,-0.046761251986026764,0.7189807891845703,0.7345582246780396,-0.03468051180243492,0.7306497097015381,0.6808668375015259,-0.05222194269299507,0.7381736040115356,0.6461700201034546,-0.05347876623272896,0.745768129825592,0.6112541556358337,-0.05030032619833946
0.6862015724182129,0.8812463879585266,5.537539209399256e-07,0.6515294313430786,0.8458772897720337,-0.021342629566788673,0.6399480700492859,0.7893527150154114,-0.036401256918907166,0.6579492688179016,0.7494338154792786,-0.05207819119095802,0.6825345158576965,0.7259092926979065,-0.06556742638349533,0.6437267661094666,0.6946527361869812,-0.018737951293587685,0.6292122602462769,0.6190987825393677,-0.0347641259431839,0.6208567023277283,0.5733287334442139,-0.044555552303791046,0.6161262392997742,0.5367137789726257,-0.05095706507563591,0.6720227003097534,0.6924272179603577,-0.021804234012961388,0.6762466430664062,0.6100864410400391,-0.044013284146785736,0.6754134893417358,0.555345892906189,-0.059127818793058395,0.6785078048706055,0.5138192176818848,-0.06713183224201202,0.6974635720252991,0.7086493372917175,-0.027218831703066826,0.7066006660461426,0.655948281288147,-0.05241400748491287,0.6915703415870667,0.6908777952194214,-0.05412730947136879,0.6807786226272583,0.7200663685798645,-0.0477907694876194,0.7188590168952942,0.7333511114120483,-0.03472718596458435,0.7301474809646606,0.6798635125160217,-0.052011650055646896,0.7372687458992004,0.6460303664207458,-0.05338352918624878,0.7442460060119629,0.6119564175605774,-0.05033291503787041
0.6854022145271301,0.8791511654853821,5.527869006982655e-07,0.650505542755127,0.8418489694595337,-0.020927894860506058,0.6398553848266602,0.7858874201774597,-0.03587520495057106,0.658240795135498,0.7474310398101807,-0.05155833810567856,0.6826692819595337,0.7259811758995056,-0.0651480033993721,0.6434422135353088,0.6930014491081238,-0.018006740137934685,0.6292459964752197,0.6185418963432312,-0.0339709110558033,0.6209406852722168,0.5733758211135864,-0.044017475098371506,0.6163440942764282,0.5366811752319336,-0.05075501650571823,0.6719428300857544,0.6909217238426208,-0.021240470930933952,0.676341712474823,0.6102659702301025,-0.04345467686653137,0.6755537986755371,0.5555378794670105,-0.058956876397132874,0.6786396503448486,0.5127097368240356,-0.0674700066447258,0.6975700259208679,0.707030177116394,-0.026786968111991882,0.706421434879303,0.6549883484840393,-0.05209774523973465,0.6901549696922302,0.6910746097564697,-0.05387316644191742,0.6783239841461182,0.7207273244857788,-0.04767264053225517,0.7189604640007019,0.731535017490387,-0.03441435843706131,0.7300515174865723,0.6787264347076416,-0.052061013877391815,0.7370701432228088,0.6450181007385254,-0.05364091694355011,0.7439680099487305,0.6105807423591614,-0.050781384110450745
0.6855451464653015,0.8797304034233093,5.536857088372926e-07,0.6504107117652893,0.8430269956588745,-0.020721416920423508,0.640060544013977,0.7863181233406067,-0.03557513654232025,0.6581240892410278,0.7475269436836243,-0.05125940218567848,0.6824053525924683,0.7254248857498169,-0.06491680443286896,0.6435429453849792,0.6933504939079285,-0.01771964319050312,0.6292629837989807,0.6194313168525696,-0.03400087356567383,0.6204978227615356,0.5740169286727905,-0.04428793117403984,0.6154419183731079,0.5371077656745911,-0.051148414611816406,0.6722227334976196,0.6915555000305176,-0.02121029421687126,0.6772587895393372,0.6110508441925049,-0.044065408408641815,0.6763225793838501,0.5558091998100281,-0.05995829775929451,0.6791599988937378,0.5128964185714722,-0.06850256770849228,0.6977831125259399,0.7081139087677002,-0.02699151076376438,0.7066929340362549,0.6555895805358887,-0.05295734480023384,0.690210223197937,0.6912351846694946,-0.054887913167476654,0.6781716346740723,0.7207760214805603,-0.04855376109480858,0.7189693450927734,0.7333298921585083,-0.034794021397829056,0.7301939725875854,0.6804145574569702,-0.05280569568276405,0.7373768091201782,0.6465640068054199,-0.05433756858110428,0.7443868517875671,0.612024188041687,-0.051273323595523834
0.6853542327880859,0.8805021047592163,5.477563149725029e-07,0.6506468057632446,0.8442479968070984,-0.020274220034480095,0.6397638916969299,0.7873885035514832,-0.034923553466796875,0.6571206450462341,0.7479758262634277,-0.05054048076272011,0.6813572645187378,0.7260367274284363,-0.06417856365442276,0.6432653069496155,0.6933212876319885,-0.01733568124473095,0.6293823719024658,0.6195306777954102,-0.03382067754864693,0.6206777691841125,0.5737940073013306,-0.044388365000486374,0.615477442741394,0.536803662776947,-0.05143523961305618,0.6720524430274963,0.6916794776916504,-0.021254200488328934,0.6770303845405579,0.611421525478363,-0.04442916065454483,0.6756325960159302,0.556495189666748,-0.060628242790699005,0.6779296398162842,0.5138267874717712,-0.0692983940243721,0.6976881623268127,0.7086575031280518,-0.027401573956012726,0.7074837684631348,0.6568631529808044,-0.053514763712882996,0.6906841993331909,0.6914944052696228,-0.05542140081524849,0.6782318949699402,0.7204211950302124,-0.049008388072252274,0.7187776565551758,0.7345967292785645,-0.03553330525755882,0.730004072189331,0.6812034249305725,-0.053476911038160324,0.7369662523269653,0.6465500593185425,-0.05467147380113602,0.7438153028488159,0.611830472946167,-0.051302798092365265
0.6844255328178406,0.8797569274902344,5.433226419881976e-07,0.6499195694923401,0.8437365293502808,-0.019803423434495926,0.6393402218818665,0.7866529226303101,-0.03376275300979614,0.6568129062652588,0.7477087378501892,-0.04868221655488014,0.6802524328231812,0.7257903814315796,-0.06162568926811218,0.6430459022521973,0.6934700608253479,-0.016576234251260757,0.6287626624107361,0.619608998298645,-0.03242981806397438,0.6200951337814331,0.5740268230438232,-0.04240942373871803,0.6149322986602783,0.5372604131698608,-0.04897352680563927,0.6716561317443848,0.6915879845619202,-0.020463118329644203,0.6762669682502747,0.6106603145599365,-0.04295101761817932,0.6751996874809265,0.5557212829589844,-0.05868324637413025,0.6776785850524902,0.5137327909469604,-0.06697237491607666,0.697201669216156,0.7083192467689514,-0.02656690962612629,0.7058829069137573,0.6571474671363831,-0.052283503115177155,0.6900481581687927,0.6918286085128784,-0.05431600660085678,0.6784893870353699,0.7207822799682617,-0.04792672395706177,0.7184190154075623,0.7334651350975037,-0.03459801524877548,0.7294027805328369,0.6801047325134277,-0.052112314850091934,0.7365458607673645,0.6458086371421814,-0.05325566604733467,0.7434942722320557,0.6112357974052429,-0.04988035559654236
0.6842015385627747,0.8778025507926941,5.559774649555038e-07,0.6503269672393799,0.8423070907592773,-0.02107112482190132,0.6391181945800781,0.78682541847229,-0.035803090780973434,0.6558722257614136,0.7482569217681885,-0.05114441737532616,0.6798691749572754,0.7260143160820007,-0.06434816867113113,0.6424499154090881,0.6925980448722839,-0.01793014258146286,0.6283673048019409,0.6190557479858398,-0.03357330709695816,0.6200628280639648,0.5738112926483154,-0.04327859356999397,0.6152122020721436,0.5370665192604065,-0.04970385506749153,0.670816957950592,0.690822958946228,-0.021175842732191086,0.6755560040473938,0.6098957061767578,-0.04313328489661217,0.6745436191558838,0.5552452802658081,-0.05826382711529732,0.6770381927490234,0.5131004452705383,-0.06624357402324677,0.6962954998016357,0.7075743675231934,-0.026755254715681076,0.7033894658088684,0.6574444770812988,-0.05227470397949219,0.6872387528419495,0.6924036741256714,-0.05443967878818512,0.675872802734375,0.721065104007721,-0.04826202243566513,0.7173618674278259,0.7322961091995239,-0.03436681628227234,0.7283816337585449,0.6793547868728638,-0.051987674087285995,0.7356696724891663,0.6453796029090881,-0.053560927510261536,0.7429031729698181,0.6106704473495483,-0.05064403638243675
0.6862632632255554,0.8787211179733276,5.39163124813058e-07,0.651269793510437,0.8424131274223328,-0.018903806805610657,0.6383453011512756,0.7841238975524902,-0.03252773359417915,0.6561766266822815,0.7442435026168823,-0.04707746580243111,0.6828111410140991,0.7261577248573303,-0.05972099304199219,0.642819881439209,0.6928908824920654,-0.016705019399523735,0.6284374594688416,0.6194813847541809,-0.0320701003074646,0.6201008558273315,0.5745593309402466,-0.04202765226364136,0.6146925091743469,0.5379679203033447,-0.04888013377785683,0.6708773970603943,0.6912187933921814,-0.020670277997851372,0.6762276887893677,0.6106606721878052,-0.042391080409288406,0.6758003234863281,0.5556586384773254,-0.05744180455803871,0.6781555414199829,0.5132584571838379,-0.0656191036105156,0.6960793137550354,0.7077407836914062,-0.026706034317612648,0.7029730677604675,0.6568790674209595,-0.05104668438434601,0.6888402104377747,0.6913236379623413,-0.05256044864654541,0.6788449883460999,0.7204395532608032,-0.04632670804858208,0.7173402905464172,0.732412576675415,-0.03468547761440277,0.7287270426750183,0.679115355014801,-0.05122075974941254,0.7357757091522217,0.6451456546783447,-0.05228247493505478,0.7422972917556763,0.6108208894729614,-0.04931787773966789
0.6874863505363464,0.8732718229293823,5.480962386172905e-07,0.6533022522926331,0.8380374908447266,-0.02138330228626728,0.6399461627006531,0.7840520739555359,-0.036760807037353516,0.6575220823287964,0.7449222803115845,-0.052449002861976624,0.6845510601997375,0.7254800796508789,-0.06604690104722977,0.6436077952384949,0.691929280757904,-0.020648911595344543,0.629836916923523,0.6178162693977356,-0.03661408647894859,0.6217491030693054,0.5735536813735962,-0.0465942844748497,0.6165642738342285,0.5371049046516418,-0.05323361977934837,0.6717899441719055,0.6899340748786926,-0.023225214332342148,0.6764606237411499,0.6095768809318542,-0.04453861340880394,0.6760199069976807,0.5558638572692871,-0.05856191739439964,0.6784894466400146,0.514452338218689,-0.06609734892845154,0.6971234679222107,0.7055494785308838,-0.028032151982188225,0.7046419382095337,0.6569845676422119,-0.05221424996852875,0.6905940175056458,0.690977931022644,-0.053963594138622284,0.6804652214050293,0.7190471887588501,-0.04795670881867409,0.7189677357673645,0.7288710474967957,-0.03494371101260185,0.7297826409339905,0.677050769329071,-0.05157914012670517,0.7366248369216919,0.6449613571166992,-0.052958350628614426,0.743394672870636,0.6129195690155029,-0.05013761669397354
0.687734067440033,0.8745863437652588,5.358514840736461e-07,0.653753936290741,0.8388075232505798,-0.019631970673799515,0.6419121623039246,0.783335268497467,-0.034132350236177444,0.6589245796203613,0.7446247935295105,-0.04950399324297905,0.6848382353782654,0.7251933813095093,-0.06304274499416351,0.6458771824836731,0.6925724148750305,-0.01834898069500923,0.6319150328636169,0.6193193197250366,-0.03419514372944832,0.6230987906455994,0.5749377608299255,-0.044426992535591125,0.617293119430542,0.5382696986198425,-0.05134323239326477,0.6736642718315125,0.6902333498001099,-0.02187683992087841,0.6786738038063049,0.6110379099845886,-0.04346974939107895,0.6773035526275635,0.5570114850997925,-0.05829883739352226,0.6792242527008057,0.514750599861145,-0.0664304569363594,0.698682963848114,0.7057721614837646,-0.02746277116239071,0.7060015797615051,0.6551652550697327,-0.051552046090364456,0.690290629863739,0.6901773810386658,-0.05305078625679016,0.6792784333229065,0.7197703123092651,-0.046960096806287766,0.7200591564178467,0.7295463681221008,-0.035065483301877975,0.7308439612388611,0.676240086555481,-0.05159331113100052,0.7373819351196289,0.6434822082519531,-0.05267256125807762,0.7440188527107239,0.6114892959594727,-0.04966356232762337
0.6872765421867371,0.8720850944519043,5.432196417132218e-07,0.6530558466911316,0.8365267515182495,-0.020443394780158997,0.6413545608520508,0.7816236615180969,-0.035298846662044525,0.6584063172340393,0.743031919002533,-0.05086328089237213,0.6840067505836487,0.7217212319374084,-0.06437791138887405,0.6467788219451904,0.690523087978363,-0.01859414018690586,0.6330198049545288,0.6177955269813538,-0.034656841307878494,0.6245395541191101,0.5733845233917236,-0.04473566636443138,0.6193944215774536,0.537055253982544,-0.051385797560214996,0.6745015382766724,0.6887480616569519,-0.021875331178307533,0.6795400381088257,0.6096872091293335,-0.04398589953780174,0.678119421005249,0.5562489628791809,-0.058761116117239,0.6801249384880066,0.5152605175971985,-0.06659149378538132,0.6992495059967041,0.7048149704933167,-0.02735365554690361,0.705984354019165,0.6543194651603699,-0.05223575979471207,0.6903688311576843,0.6893437504768372,-0.053524140268564224,0.6797776818275452,0.7183977365493774,-0.046968601644039154,0.7202887535095215,0.7290202975273132,-0.03487716615200043,0.7317606806755066,0.6764073371887207,-0.051891718059778214,0.738686203956604,0.643191933631897,-0.0529794842004776,0.745612382888794,0.60987389087677,-0.04978283867239952
0.6884462833404541,0.8728965520858765,5.490490480042354e-07,0.6538807153701782,0.836715042591095,-0.020640403032302856,0.6423417925834656,0.781867504119873,-0.035608526319265366,0.6590003967285156,0.7434383630752563,-0.05120641365647316,0.6838786005973816,0.7208495736122131,-0.06466596573591232,0.6469438672065735,0.6906561851501465,-0.018506450578570366,0.6330502033233643,0.6170923113822937,-0.03427020087838173,0.6246556639671326,0.5724459886550903,-0.043958570808172226,0.6194217205047607,0.5359601974487305,-0.05029879882931709,0.6750118136405945,0.6884685158729553,-0.021550403907895088,0.680265486240387,0.6088794469833374,-0.04334009066224098,0.6794788837432861,0.554969310760498,-0.05774683132767677,0.6818720698356628,0.5135757923126221,-0.06525181233882904,0.7003380656242371,0.7043370008468628,-0.026857171207666397,0.7067116498947144,0.6535490155220032,-0.05179412662982941,0.6901613473892212,0.6897719502449036,-0.05314376950263977,0.6784788966178894,0.7196994423866272,-0.046557724475860596,0.7216207981109619,0.7284291386604309,-0.034187037497758865,0.7330540418624878,0.6758030652999878,-0.05149030685424805,0.7399566173553467,0.6428264379501343,-0.052882809191942215,0.7466326355934143,0.6089985966682434,-0.049853257834911346
0.6893774271011353,0.872708797454834,5.514707481779624e-07,0.6548106670379639,0.8371067047119141,-0.022440169006586075,0.6428391337394714,0.7827349901199341,-0.03778240829706192,0.6599943041801453,0.742605984210968,-0.0532982237637043,0.6850931644439697,0.7185608148574829,-0.0664454773068428,0.6474837064743042,0.6904394030570984,-0.0197706650942564,0.6335089206695557,0.6165469884872437,-0.035559702664613724,0.6251417994499207,0.5713954567909241,-0.04514155164361,0.6197534799575806,0.5350803732872009,-0.05144765228033066,0.6756184697151184,0.6878774762153625,-0.02172592468559742,0.6806468367576599,0.6075837016105652,-0.04320768639445305,0.6797346472740173,0.5543030500411987,-0.05719943344593048,0.682097315788269,0.5136299133300781,-0.06447006016969681,0.7009117603302002,0.7033652067184448,-0.026129668578505516,0.707826554775238,0.6521230936050415,-0.05072511360049248,0.6920142769813538,0.6866979598999023,-0.051947660744190216,0.6808578372001648,0.7152222394943237,-0.04542132839560509,0.722310483455658,0.7270525693893433,-0.03275853395462036,0.7338594198226929,0.6749491095542908,-0.05011024698615074,0.7407827973365784,0.6424224972724915,-0.05176684260368347,0.7475093007087708,0.6092586517333984,-0.04891717806458473
0.6889685392379761,0.8750514388084412,5.421867967925209e-07,0.6545773148536682,0.8391610980033875,-0.019917307421565056,0.643395721912384,0.7820649743080139,-0.03378845751285553,0.6604025959968567,0.7405838966369629,-0.048456527292728424,0.6845242977142334,0.7191484570503235,-0.061128921806812286,0.6476438641548157,0.6905273795127869,-0.017254190519452095,0.6338177919387817,0.6169373989105225,-0.03226838260889053,0.6254775524139404,0.5715792179107666,-0.04168323054909706,0.6204573512077332,0.5348316431045532,-0.04807831346988678,0.6755838394165039,0.6887483596801758,-0.0206155925989151,0.6805375814437866,0.6087955236434937,-0.041898854076862335,0.6794359683990479,0.554461658000946,-0.05676904320716858,0.6819978952407837,0.512855052947998,-0.06485049426555634,0.7007055282592773,0.7047053575515747,-0.02610553242266178,0.708371639251709,0.6545075178146362,-0.05053870752453804,0.690666913986206,0.6880340576171875,-0.05264859274029732,0.6779709458351135,0.7161102294921875,-0.046936068683862686,0.7216300964355469,0.7288268208503723,-0.03357301279902458,0.733025848865509,0.6758064031600952,-0.05066332966089249,0.7397916913032532,0.6421664357185364,-0.05244387313723564,0.7464920282363892,0.6087161898612976,-0.049902480095624924
0.68610018491745,0.8756613731384277,4.957853434461867e-07,0.6519034504890442,0.8416356444358826,-0.019780658185482025,0.6396844387054443,0.7827484011650085,-0.0336565338075161,0.6572310924530029,0.7417124509811401,-0.04795127362012863,0.6811379194259644,0.7244557738304138,-0.06038455292582512,0.6437390446662903,0.691502034664154,-0.018505949527025223,0.630082368850708,0.6187995672225952,-0.0338599756360054,0.6213194131851196,0.5742553472518921,-0.04388878494501114,0.6153259873390198,0.5376302003860474,-0.050797924399375916,0.6714634895324707,0.6896907091140747,-0.021677859127521515,0.6761834025382996,0.6107251644134521,-0.04249992221593857,0.6757494211196899,0.5579508543014526,-0.056349024176597595,0.6783088445663452,0.5166375041007996,-0.06387922167778015,0.6966664791107178,0.7055531740188599,-0.02687811106443405,0.7060865759849548,0.6526930332183838,-0.05009111389517784,0.6927604079246521,0.6866412162780762,-0.050398021936416626,0.6830106973648071,0.7155492305755615,-0.04372174292802811,0.7185012102127075,0.7303866744041443,-0.034156084060668945,0.7292034029960632,0.6770452857017517,-0.04994696378707886,0.7360060214996338,0.6441714763641357,-0.05020574852824211,0.7424234747886658,0.6115795969963074,-0.04673240706324577
0.6845374703407288,0.8731552958488464,5.133143758939696e-07,0.6511991620063782,0.839993953704834,-0.02055974118411541,0.6383910179138184,0.7844073176383972,-0.034696076065301895,0.6562886834144592,0.7445682883262634,-0.04907284304499626,0.6813766360282898,0.7231112718582153,-0.061530228704214096,0.6418092846870422,0.6938847899436951,-0.01961633190512657,0.6278327703475952,0.6211316585540771,-0.035546302795410156,0.6193277835845947,0.5764530301094055,-0.04570549353957176,0.6135721802711487,0.5398902893066406,-0.0524238683283329,0.6695146560668945,0.6905685067176819,-0.021926848217844963,0.6740102767944336,0.6103528141975403,-0.04309519752860069,0.6733176708221436,0.5572153329849243,-0.057170793414115906,0.6757513880729675,0.5161309838294983,-0.06471659988164902,0.6946622133255005,0.7048301696777344,-0.026319922879338264,0.7023446559906006,0.6543292999267578,-0.049880798906087875,0.6891620755195618,0.6869574189186096,-0.05109960213303566,0.6797904372215271,0.715076744556427,-0.04492228105664253,0.7163869738578796,0.7276235222816467,-0.032772935926914215,0.7279952168464661,0.6752172112464905,-0.04881554841995239,0.7349874377250671,0.6427216529846191,-0.04963294789195061,0.7410004734992981,0.6101811528205872,-0.04650499299168587
0.682746410369873,0.8711082339286804,5.153942765900865e-07,0.6492447257041931,0.8369699716567993,-0.019368499517440796,0.637651264667511,0.7835034728050232,-0.03363128378987312,0.6550074219703674,0.7447171807289124,-0.04848658666014671,0.6780509948730469,0.7231284976005554,-0.061467014253139496,0.6400918364524841,0.6923627257347107,-0.018407542258501053,0.6258577108383179,0.6205828189849854,-0.03430960327386856,0.6172396540641785,0.576245129108429,-0.04461751878261566,0.6114968061447144,0.5401815176010132,-0.05161163955926895,0.6679113507270813,0.6893545389175415,-0.021679220721125603,0.6725171208381653,0.6102691888809204,-0.043216634541749954,0.6717190146446228,0.5574795603752136,-0.0580158457159996,0.6742655038833618,0.5162826776504517,-0.0662156417965889,0.6933391690254211,0.7044064998626709,-0.026904460042715073,0.7018032073974609,0.6534804701805115,-0.05037619546055794,0.6874539256095886,0.6860629320144653,-0.05128385126590729,0.6772159337997437,0.7141066789627075,-0.045108336955308914,0.715518057346344,0.7282207608222961,-0.03410296514630318,0.7272500991821289,0.6758393049240112,-0.0502273328602314,0.7340472340583801,0.643175482749939,-0.05083128437399864,0.7399406433105469,0.6105496883392334,-0.0475592166185379
0.6831817030906677,0.8730956315994263,5.173233148525469e-07,0.6499181985855103,0.8397544026374817,-0.020163733512163162,0.63814377784729,0.7854470014572144,-0.034364741295576096,0.6539567112922668,0.7447165250778198,-0.049079686403274536,0.6758719086647034,0.7214481830596924,-0.06185191869735718,0.6398501396179199,0.6940703392028809,-0.01909358613193035,0.6255359649658203,0.6215459704399109,-0.03485165536403656,0.616647481918335,0.5770280361175537,-0.04497576132416725,0.6106480360031128,0.5405242443084717,-0.0519893616437912,0.6679218411445618,0.6904653310775757,-0.022184934467077255,0.6727114915847778,0.6110709309577942,-0.04385446012020111,0.6716262698173523,0.5579196810722351,-0.05893710255622864,0.6740178465843201,0.5162767171859741,-0.06734778732061386,0.6934351921081543,0.7053542733192444,-0.02725696563720703,0.70230633020401,0.6537913084030151,-0.05138951167464256,0.6863775849342346,0.6878812909126282,-0.052619144320487976,0.6749101281166077,0.7166498899459839,-0.04660911113023758,0.7152609825134277,0.7293605208396912,-0.03433014079928398,0.7260629534721375,0.6772071123123169,-0.051557157188653946,0.732392430305481,0.6443767547607422,-0.05283410847187042,0.738714337348938,0.6119402647018433,-0.0499068982899189
0.6836063861846924,0.8723834156990051,5.088107855044655e-07,0.6494888663291931,0.8388343453407288,-0.019826458767056465,0.6367207765579224,0.7857230305671692,-0.034059636294841766,0.6539072394371033,0.7454079389572144,-0.04871596395969391,0.6769461035728455,0.7221841812133789,-0.06148213893175125,0.639673113822937,0.6936419606208801,-0.019586458802223206,0.6249260902404785,0.6212348341941833,-0.03552699089050293,0.6161250472068787,0.576898992061615,-0.04607483744621277,0.6100929975509644,0.5404480695724487,-0.05335857719182968,0.6674265265464783,0.690086305141449,-0.02282426506280899,0.671238899230957,0.6104588508605957,-0.044184453785419464,0.6701878905296326,0.557770311832428,-0.059316471219062805,0.6726229786872864,0.5159614086151123,-0.06792821735143661,0.6926499009132385,0.7049965262413025,-0.02797183394432068,0.7008200883865356,0.654586911201477,-0.05123693495988846,0.6868141889572144,0.6864719986915588,-0.052534621208906174,0.6770506501197815,0.7136133313179016,-0.046834368258714676,0.7145131826400757,0.7287464141845703,-0.03515294939279556,0.7250025272369385,0.6757969260215759,-0.051449231803417206,0.7312326431274414,0.6428444981575012,-0.052370596677064896,0.7371618151664734,0.6105790138244629,-0.049384720623493195
0.6830683350563049,0.873041033744812,5.037888968217885e-07,0.6497882604598999,0.8408088684082031,-0.019476044923067093,0.6369364261627197,0.7865545749664307,-0.03336867690086365,0.6530393362045288,0.745449960231781,-0.04770661145448685,0.6754636764526367,0.7215977907180786,-0.06022633984684944,0.6387805938720703,0.6940048933029175,-0.0194013062864542,0.6244125962257385,0.6216041445732117,-0.03533206507563591,0.615679919719696,0.5773607492446899,-0.045899853110313416,0.6095472574234009,0.5411920547485352,-0.05322624370455742,0.6668462753295898,0.6908785700798035,-0.02264593355357647,0.6712235808372498,0.6108843684196472,-0.04401358217000961,0.6699883341789246,0.5580973625183105,-0.05927986279129982,0.6719220876693726,0.5163630247116089,-0.06799909472465515,0.6922252774238586,0.7056955695152283,-0.027735497802495956,0.7000241279602051,0.6547518372535706,-0.05110549554228783,0.6854591369628906,0.6853421926498413,-0.053117576986551285,0.674987256526947,0.7116247415542603,-0.04796767234802246,0.7142748832702637,0.7290273308753967,-0.034743163734674454,0.724628210067749,0.6755659580230713,-0.05132889747619629,0.7308701276779175,0.6427599191665649,-0.05284053459763527,0.7368032932281494,0.6105889081954956,-0.050281815230846405
0.6828806400299072,0.8753913640975952,5.25779228155443e-07,0.649198055267334,0.8426573872566223,-0.020371420308947563,0.6369513273239136,0.7874727249145508,-0.034730181097984314,0.6529078483581543,0.7462129592895508,-0.04964033514261246,0.6758277416229248,0.722282350063324,-0.06250368058681488,0.6384987235069275,0.6936889290809631,-0.0184549018740654,0.6239700317382812,0.6210759878158569,-0.03408361226320267,0.6150354743003845,0.5765098333358765,-0.04425620287656784,0.6091022491455078,0.5402349829673767,-0.05122002586722374,0.6663547158241272,0.6907280087471008,-0.02159462682902813,0.6703365445137024,0.6104772090911865,-0.04313676431775093,0.6685295701026917,0.5566308498382568,-0.05827605724334717,0.6702086925506592,0.5147074460983276,-0.06662476062774658,0.6917588114738464,0.7057759761810303,-0.026798037812113762,0.6990560293197632,0.6529335975646973,-0.05063771456480026,0.6849905252456665,0.685887336730957,-0.05196914076805115,0.6751325130462646,0.713919460773468,-0.045942988246679306,0.7135449647903442,0.729363203048706,-0.03407265990972519,0.7234820127487183,0.6754915118217468,-0.05055611580610275,0.7295339703559875,0.6423659920692444,-0.05157684534788132,0.7354141473770142,0.6094271540641785,-0.048523493111133575
0.6829241514205933,0.8771327137947083,5.236246920503618e-07,0.6489453315734863,0.8428962826728821,-0.020411718636751175,0.6360856294631958,0.7876784801483154,-0.034901030361652374,0.6515847444534302,0.7461503744125366,-0.04994882270693779,0.6755675673484802,0.7209286093711853,-0.06297153234481812,0.6390277147293091,0.6945779919624329,-0.019189123064279556,0.6238676905632019,0.6214255094528198,-0.03491726145148277,0.6149348020553589,0.5767492055892944,-0.04530304670333862,0.6090712547302246,0.5399725437164307,-0.05259450897574425,0.66683429479599,0.6917046904563904,-0.022295977920293808,0.6698939204216003,0.611253023147583,-0.04391394183039665,0.6680344343185425,0.5576977133750916,-0.05932335555553436,0.6699155569076538,0.5153518319129944,-0.06814918667078018,0.6920339465141296,0.7068867087364197,-0.02740580588579178,0.6980065703392029,0.6541911363601685,-0.05115306377410889,0.6827622056007385,0.6883320808410645,-0.052558716386556625,0.6723227500915527,0.7172340750694275,-0.04682820290327072,0.7134875655174255,0.7301531434059143,-0.034619975835084915,0.7231948375701904,0.6755805015563965,-0.05122752487659454,0.729226291179657,0.642022430896759,-0.05268925428390503,0.7351686954498291,0.6086349487304688,-0.05015871301293373
0.6823210120201111,0.8749970197677612,5.236243509898486e-07,0.648353636264801,0.8407890200614929,-0.01988520845770836,0.6354399919509888,0.7864284515380859,-0.034238096326589584,0.6515184640884399,0.7464503645896912,-0.04927875101566315,0.67586350440979,0.7237757444381714,-0.06241389364004135,0.6381656527519226,0.6939590573310852,-0.0186946839094162,0.623231828212738,0.6210762858390808,-0.034425608813762665,0.6146043539047241,0.5765587091445923,-0.04458582028746605,0.6092756390571594,0.5400598049163818,-0.05154622718691826,0.6662553548812866,0.6911967396736145,-0.022113211452960968,0.6694357395172119,0.6110317707061768,-0.043646473437547684,0.6677936911582947,0.5577245950698853,-0.05879670009016991,0.6699508428573608,0.5156586170196533,-0.06733326613903046,0.6915903687477112,0.7062613368034363,-0.02754014916718006,0.6983095407485962,0.6542766690254211,-0.05153673142194748,0.6826526522636414,0.6875147223472595,-0.05328997224569321,0.6718434691429138,0.7158977389335632,-0.04763630032539368,0.7130845785140991,0.7293405532836914,-0.03496454656124115,0.7225333452224731,0.6753815412521362,-0.05145122855901718,0.7285808324813843,0.6416735053062439,-0.0526757687330246,0.7346796989440918,0.6085563898086548,-0.04993389546871185
0.6809571385383606,0.8750810623168945,5.168433290236862e-07,0.6480743885040283,0.8410352468490601,-0.019885912537574768,0.6356561183929443,0.7876861095428467,-0.03429212421178818,0.6515582799911499,0.7478672862052917,-0.049309104681015015,0.67465740442276,0.7226495146751404,-0.062432605773210526,0.6377794146537781,0.693946123123169,-0.018796147778630257,0.6228851675987244,0.6216621994972229,-0.03493902459740639,0.6139861941337585,0.5770262479782104,-0.04550786316394806,0.6083031296730042,0.5403784513473511,-0.05261306092143059,0.6659082174301147,0.6916545629501343,-0.022275935858488083,0.6693634390830994,0.6117883324623108,-0.044179778546094894,0.6674188375473022,0.5582083463668823,-0.05974194034934044,0.668931782245636,0.5160049796104431,-0.0683886706829071,0.6913740634918213,0.7070838212966919,-0.027764184400439262,0.6978955864906311,0.6561050415039062,-0.05209427326917648,0.6835685968399048,0.6868417263031006,-0.0543239451944828,0.6736453175544739,0.7131877541542053,-0.04889276623725891,0.7131381630897522,0.7302160263061523,-0.03518795594573021,0.7226576805114746,0.6760358810424805,-0.05169718340039253,0.7286656498908997,0.6421583294868469,-0.05279266834259033,0.7344231605529785,0.6089111566543579,-0.04988560080528259
0.6811402440071106,0.874379575252533,5.14789689987083e-07,0.6480798125267029,0.8412695527076721,-0.01955636404454708,0.6354358196258545,0.7871956825256348,-0.033645860850811005,0.6509432792663574,0.7472410202026367,-0.048392508178949356,0.6738077998161316,0.7227272987365723,-0.06122202426195145,0.6380557417869568,0.6938554644584656,-0.018542472273111343,0.6231217384338379,0.6219826936721802,-0.03435014560818672,0.6141448020935059,0.5772172212600708,-0.04455725848674774,0.6082993149757385,0.5406626462936401,-0.0514376275241375,0.6659592390060425,0.6912051439285278,-0.02199152298271656,0.6693074107170105,0.6113089323043823,-0.04375040903687477,0.6672793626785278,0.5579103827476501,-0.058955904096364975,0.6688764691352844,0.5160928964614868,-0.06731709837913513,0.691317081451416,0.7064265608787537,-0.027366483584046364,0.6970046758651733,0.6549032926559448,-0.05158158391714096,0.6819371581077576,0.6877471208572388,-0.053104862570762634,0.6717253923416138,0.7158454060554504,-0.04712427034974098,0.7130056619644165,0.7295747995376587,-0.03466133773326874,0.7227382659912109,0.6751223802566528,-0.0510062575340271,0.7289155721664429,0.6415913701057434,-0.051739804446697235,0.7348079681396484,0.6084108352661133,-0.04856930300593376
0.6818478107452393,0.873828113079071,5.123085315972276e-07,0.6480875015258789,0.8413006663322449,-0.020286381244659424,0.6348822116851807,0.7868386507034302,-0.03442423790693283,0.6510401368141174,0.7466428875923157,-0.0490448921918869,0.6749699115753174,0.7226592302322388,-0.061643343418836594,0.6377420425415039,0.6938763856887817,-0.018702097237110138,0.6228172183036804,0.6213435530662537,-0.03422295302152634,0.6136568784713745,0.5763822197914124,-0.04413434863090515,0.6074545383453369,0.5399125814437866,-0.05085062235593796,0.6656575798988342,0.691234827041626,-0.021632317453622818,0.6688923835754395,0.6115493774414062,-0.0431528277695179,0.6666542887687683,0.5583577156066895,-0.057891398668289185,0.6680342555046082,0.5171377062797546,-0.06590601801872253,0.6910994648933411,0.7061033844947815,-0.026612786576151848,0.6967265605926514,0.6538560390472412,-0.05075938627123833,0.6825308799743652,0.6870808601379395,-0.05210219323635101,0.6730639934539795,0.715471088886261,-0.04595429450273514,0.7128429412841797,0.7287271618843079,-0.033601898699998856,0.7229375839233398,0.6749641299247742,-0.05007689818739891,0.7290064692497253,0.6419692039489746,-0.05105806514620781,0.734820544719696,0.6089527606964111,-0.04803695157170296
0.6818767189979553,0.875829815864563,5.226598887020373e-07,0.6482131481170654,0.8428037166595459,-0.020015131682157516,0.6352242231369019,0.7881107330322266,-0.03430570289492607,0.6514326333999634,0.7471964359283447,-0.0491330511868,0.6757562160491943,0.7220492959022522,-0.06187508627772331,0.6376200318336487,0.694139301776886,-0.01840141974389553,0.6229011416435242,0.6215050220489502,-0.03400343284010887,0.6139523983001709,0.5763509273529053,-0.044199440628290176,0.6080164909362793,0.5398790240287781,-0.05118216946721077,0.6654728055000305,0.6916974782943726,-0.02161639742553234,0.6684098243713379,0.6118036508560181,-0.04322105273604393,0.6658416390419006,0.5579190850257874,-0.05850718915462494,0.6668561100959778,0.5162708163261414,-0.06696919351816177,0.6908574104309082,0.7070253491401672,-0.02683281898498535,0.6963173151016235,0.6549994349479675,-0.05061972513794899,0.6820501089096069,0.6868982911109924,-0.052091456949710846,0.6723666787147522,0.7142465114593506,-0.046193674206733704,0.7125612497329712,0.730171263217926,-0.03407060727477074,0.7223659753799438,0.6758450865745544,-0.05038830265402794,0.7283263206481934,0.6422375440597534,-0.05145004764199257,0.733924388885498,0.6089444160461426,-0.048502128571271896
0.6821123957633972,0.8786399960517883,5.340684197108203e-07,0.6476015448570251,0.8447563648223877,-0.020035520195961,0.6345691680908203,0.788596510887146,-0.03428063914179802,0.6509199142456055,0.7471330165863037,-0.04924651235342026,0.6754510998725891,0.7225040793418884,-0.06208547577261925,0.6371041536331177,0.6952431797981262,-0.01769515872001648,0.6222121715545654,0.6220083832740784,-0.03308446332812309,0.6133610010147095,0.5767322778701782,-0.0430230014026165,0.6078096628189087,0.5399982929229736,-0.04991164058446884,0.6650373339653015,0.6924506425857544,-0.02084014192223549,0.6678215861320496,0.6124472618103027,-0.042608749121427536,0.6653178334236145,0.5581375360488892,-0.05787128582596779,0.6667627692222595,0.5163446664810181,-0.06636152416467667,0.6904566287994385,0.7073798775672913,-0.026037974283099174,0.6958669424057007,0.6534736156463623,-0.049997054040431976,0.680380642414093,0.6877743005752563,-0.050996895879507065,0.6695815324783325,0.7171612977981567,-0.044751569628715515,0.7120813727378845,0.7304312586784363,-0.03331364691257477,0.7219847440719604,0.6759750843048096,-0.04988231137394905,0.727937638759613,0.642371416091919,-0.05110723525285721,0.7332738041877747,0.6083327531814575,-0.04829028621315956
0.6816574335098267,0.8783944249153137,5.235381763668556e-07,0.647529661655426,0.8443565368652344,-0.019734887406229973,0.6350314021110535,0.7892024517059326,-0.034005049616098404,0.6519588232040405,0.7489690184593201,-0.04918259009718895,0.675909698009491,0.7241198420524597,-0.062412019819021225,0.6372284889221191,0.6948723196983337,-0.017445094883441925,0.6222556233406067,0.6215955018997192,-0.03339222073554993,0.6131461262702942,0.5763920545578003,-0.04382122680544853,0.6076570749282837,0.5396067500114441,-0.05091262236237526,0.6653299331665039,0.6920233964920044,-0.02118617855012417,0.6675034761428833,0.6119129657745361,-0.043346427381038666,0.6648465991020203,0.5580275058746338,-0.05930634215474129,0.6663029789924622,0.5160154104232788,-0.06824935972690582,0.6909104585647583,0.7071831226348877,-0.027006108313798904,0.6982055902481079,0.6541261672973633,-0.05177001655101776,0.682642936706543,0.6871054172515869,-0.05406999588012695,0.6714516878128052,0.7154037356376648,-0.04861760884523392,0.7125945687294006,0.7308338284492493,-0.03478425368666649,0.7221097946166992,0.676298201084137,-0.051777373999357224,0.7280011177062988,0.6424304246902466,-0.053256142884492874,0.7337594032287598,0.6088761687278748,-0.05055840685963631
0.6827062964439392,0.8790634870529175,5.250939807410759e-07,0.6477537751197815,0.845748245716095,-0.020502276718616486,0.6346194744110107,0.7898913621902466,-0.0350315161049366,0.6510922312736511,0.7483209371566772,-0.050184935331344604,0.675326406955719,0.7229149341583252,-0.06327137351036072,0.6374880075454712,0.6953845620155334,-0.018556980416178703,0.6219710111618042,0.6219645738601685,-0.03450186923146248,0.6128503084182739,0.5767050981521606,-0.04486197978258133,0.6071333885192871,0.53992760181427,-0.05199168995022774,0.6655139923095703,0.6924302577972412,-0.02172262594103813,0.6675925254821777,0.6117039918899536,-0.04399162158370018,0.6648485660552979,0.5577290058135986,-0.059749674052000046,0.666257381439209,0.5159319043159485,-0.06856723129749298,0.6910340785980225,0.707534670829773,-0.02697296068072319,0.6971508264541626,0.6541048288345337,-0.05163610354065895,0.6806879639625549,0.6875482201576233,-0.05352368950843811,0.6691296696662903,0.7162065505981445,-0.047845855355262756,0.7125319242477417,0.730948805809021,-0.0342559777200222,0.7220853567123413,0.6761338710784912,-0.051341067999601364,0.7279615998268127,0.6419734954833984,-0.05295736342668533,0.7336394190788269,0.6077882051467896,-0.05040362477302551
0.6825721263885498,0.8791236877441406,5.259305453364505e-07,0.6480183005332947,0.844751238822937,-0.02068454399704933,0.6348404884338379,0.7896552085876465,-0.035458166152238846,0.6509226560592651,0.7482511401176453,-0.050894107669591904,0.6752135157585144,0.7228703498840332,-0.06426543742418289,0.6374624967575073,0.6957865953445435,-0.018671676516532898,0.6220484972000122,0.6221386194229126,-0.034792520105838776,0.613175094127655,0.5770372748374939,-0.04518434777855873,0.6078872680664062,0.5403523445129395,-0.052214115858078,0.6653731465339661,0.692899763584137,-0.021858928725123405,0.6670706272125244,0.6118374466896057,-0.044038064777851105,0.66415935754776,0.5582178235054016,-0.05973311886191368,0.6655865907669067,0.5164487361907959,-0.06848374754190445,0.690889835357666,0.7078147530555725,-0.02716875821352005,0.6978969573974609,0.6545984745025635,-0.05172845721244812,0.6816715598106384,0.6875700950622559,-0.05360971763730049,0.6701787114143372,0.7158410549163818,-0.04791831970214844,0.712468683719635,0.7310341596603394,-0.03454667702317238,0.7218188643455505,0.6763787865638733,-0.05138112232089043,0.7276732325553894,0.6420663595199585,-0.052738841623067856,0.73350989818573,0.6081993579864502,-0.04997802525758743
0.6821139454841614,0.8773030042648315,5.208578954807308e-07,0.6478893160820007,0.8442730903625488,-0.020599396899342537,0.6349219083786011,0.7902308106422424,-0.03531912341713905,0.6516457796096802,0.7498069405555725,-0.05060386285185814,0.6751543879508972,0.7233049869537354,-0.06379178911447525,0.6366949677467346,0.6945427656173706,-0.018727727234363556,0.6220264434814453,0.6214521527290344,-0.034767039120197296,0.6133413910865784,0.576800525188446,-0.0452246367931366,0.6080441474914551,0.5401753187179565,-0.05232773721218109,0.6645621061325073,0.6917959451675415,-0.021780073642730713,0.6665207743644714,0.6112698912620544,-0.04376529902219772,0.6638800501823425,0.5579071640968323,-0.059305623173713684,0.665514349937439,0.5164817571640015,-0.06803292036056519,0.6901059746742249,0.7068284749984741,-0.02693111263215542,0.6968032717704773,0.6537256240844727,-0.0513303279876709,0.6814967393875122,0.6867140531539917,-0.05315367132425308,0.6708787083625793,0.7147535085678101,-0.047504276037216187,0.7119231820106506,0.7301363945007324,-0.034131646156311035,0.7214896082878113,0.6756689548492432,-0.051025599241256714,0.7274205684661865,0.6420277953147888,-0.0524468719959259,0.7331938743591309,0.6082590222358704,-0.04974504932761192
0.6823102831840515,0.8765500783920288,5.164304752725002e-07,0.6482692360877991,0.8440201282501221,-0.020388970151543617,0.6343660950660706,0.7891343235969543,-0.034732092171907425,0.6509683132171631,0.7481711506843567,-0.049497973173856735,0.6747795939445496,0.7225519418716431,-0.062285132706165314,0.6369149088859558,0.6944355368614197,-0.019347377121448517,0.6219905614852905,0.6213998794555664,-0.03509969636797905,0.6134306788444519,0.5767683386802673,-0.045539967715740204,0.6078726053237915,0.5401004552841187,-0.05274162068963051,0.6647376418113708,0.6918610334396362,-0.022235741838812828,0.6668344736099243,0.6113872528076172,-0.04350728914141655,0.6645216941833496,0.5580851435661316,-0.05857376754283905,0.6660196185112,0.5167353749275208,-0.06713613122701645,0.6901102662086487,0.7069789171218872,-0.02716582454741001,0.6958050727844238,0.6545023918151855,-0.05059099197387695,0.6818917989730835,0.6859498620033264,-0.05245540291070938,0.6722994446754456,0.7129366993904114,-0.047151170670986176,0.7118692398071289,0.7300019264221191,-0.03414848819375038,0.7216536998748779,0.6755998730659485,-0.050510428845882416,0.7275047302246094,0.6423026323318481,-0.052091050893068314,0.7329989671707153,0.6087819933891296,-0.04971707612276077
0.6823889017105103,0.8771501779556274,5.193653578317026e-07,0.6479386687278748,0.8446133732795715,-0.020109374076128006,0.6343340277671814,0.789201557636261,-0.034332938492298126,0.6510545015335083,0.748157799243927,-0.04907091706991196,0.6749386191368103,0.7232356667518616,-0.06187967583537102,0.6366371512413025,0.6948084831237793,-0.018674328923225403,0.6219764351844788,0.622032105922699,-0.034407585859298706,0.6133202910423279,0.5774606466293335,-0.04492388665676117,0.6076784133911133,0.5408397316932678,-0.052183959633111954,0.6645861864089966,0.692110538482666,-0.021769139915704727,0.6670145988464355,0.6117159724235535,-0.04309339076280594,0.6646512150764465,0.5578804612159729,-0.05834420397877693,0.6661186218261719,0.515834391117096,-0.06700103729963303,0.6900256276130676,0.7071496248245239,-0.026899777352809906,0.6959027051925659,0.6546405553817749,-0.05035815387964249,0.6815729141235352,0.6862778663635254,-0.052182041108608246,0.6716392040252686,0.7134490609169006,-0.04680327698588371,0.7118628621101379,0.7301586270332336,-0.034074004739522934,0.721306324005127,0.6757864952087402,-0.05036427825689316,0.7271105051040649,0.6424797773361206,-0.051736410707235336,0.7327019572257996,0.6092222929000854,-0.04917178675532341
0.681448221206665,0.8771108984947205,5.201001158638974e-07,0.6477115750312805,0.8455303907394409,-0.02066131867468357,0.633975625038147,0.7899423241615295,-0.035167429596185684,0.6503790020942688,0.748646080493927,-0.050247956067323685,0.6744081377983093,0.7231375575065613,-0.06337310373783112,0.6364644765853882,0.6950523853302002,-0.019093161448836327,0.6216557025909424,0.6219512820243835,-0.035092566162347794,0.6127982139587402,0.5770460963249207,-0.04558979347348213,0.6072887182235718,0.5404011011123657,-0.052777454257011414,0.6643235087394714,0.6925666928291321,-0.022316504269838333,0.6664162278175354,0.612212061882019,-0.04419360309839249,0.6636393070220947,0.5586640238761902,-0.05980156362056732,0.6648550033569336,0.5166962146759033,-0.06858289241790771,0.6896305680274963,0.7077029943466187,-0.02765350230038166,0.6963648200035095,0.6554293632507324,-0.0520787239074707,0.6816737651824951,0.6880738139152527,-0.05436263605952263,0.671352207660675,0.7157654762268066,-0.04906197264790535,0.7111465930938721,0.7307852506637573,-0.035042617470026016,0.7204393148422241,0.6765434145927429,-0.05192158371210098,0.7260391116142273,0.6426622271537781,-0.05357670783996582,0.7316899299621582,0.6089815497398376,-0.05114022269845009
0.6806735396385193,0.877239465713501,5.162054890206491e-07,0.6471361517906189,0.845279335975647,-0.020635999739170074,0.6335743069648743,0.7900378704071045,-0.03519470617175102,0.6499375700950623,0.7485942244529724,-0.05035541579127312,0.6740381717681885,0.722319483757019,-0.06358218938112259,0.6363944411277771,0.6956839561462402,-0.019352050498127937,0.6217371225357056,0.6222996711730957,-0.03574317321181297,0.6127808094024658,0.5770998001098633,-0.04649029299616814,0.6070926189422607,0.5401528477668762,-0.05382465198636055,0.6641996502876282,0.6929036974906921,-0.022693103179335594,0.6661908626556396,0.6121646761894226,-0.044959455728530884,0.6633738875389099,0.5585666298866272,-0.06076754257082939,0.6643630266189575,0.5164263844490051,-0.06965836882591248,0.689481258392334,0.7079504132270813,-0.02813197486102581,0.6962414383888245,0.655225932598114,-0.05289234593510628,0.6813162565231323,0.6875250339508057,-0.05521437153220177,0.6706539988517761,0.7149744033813477,-0.04990925267338753,0.7110145092010498,0.7310759425163269,-0.035610903054475784,0.7203248739242554,0.6769987940788269,-0.05264004319906235,0.7259494066238403,0.6431187391281128,-0.05425749719142914,0.7315528988838196,0.6096764802932739,-0.051791273057460785
0.6801512241363525,0.8759231567382812,5.155710596227436e-07,0.6463170051574707,0.8440967202186584,-0.02099733240902424,0.6335490942001343,0.7902926206588745,-0.03584570810198784,0.649969220161438,0.749687910079956,-0.05128199979662895,0.6730595231056213,0.7229000926017761,-0.06465963274240494,0.636080801486969,0.6955059766769409,-0.019230516627430916,0.6214846968650818,0.6226088404655457,-0.03580299764871597,0.6127222180366516,0.5776969194412231,-0.04652349278330803,0.6072859168052673,0.5407522916793823,-0.05380617454648018,0.6638804078102112,0.6926220059394836,-0.022515708580613136,0.6656296253204346,0.6117973327636719,-0.045316677540540695,0.6628013849258423,0.5585929155349731,-0.06145784631371498,0.6640203595161438,0.5168728828430176,-0.07048928737640381,0.6892977356910706,0.7076969742774963,-0.027939816936850548,0.6963536739349365,0.6551480293273926,-0.05342954397201538,0.6807674765586853,0.6886913776397705,-0.05576783046126366,0.6696271896362305,0.7167818546295166,-0.05024801194667816,0.7110670804977417,0.7308773994445801,-0.03540664538741112,0.7202911376953125,0.676800012588501,-0.05287088081240654,0.7259422540664673,0.6429027318954468,-0.054508939385414124,0.7314557433128357,0.6089738011360168,-0.05194677412509918
0.6810332536697388,0.8756757378578186,5.171257271285867e-07,0.6468417048454285,0.8435938358306885,-0.021101009100675583,0.6336859464645386,0.7900182008743286,-0.03579695522785187,0.6494902968406677,0.7490510940551758,-0.05098660662770271,0.6725341081619263,0.7219964861869812,-0.06410851329565048,0.6360287666320801,0.6950729489326477,-0.019008934497833252,0.6215264797210693,0.6222695708274841,-0.035284802317619324,0.6128432154655457,0.5773833990097046,-0.04588484391570091,0.6073500514030457,0.540553867816925,-0.05304713547229767,0.6638627052307129,0.6922299861907959,-0.02209427021443844,0.6660259962081909,0.6117236018180847,-0.044435448944568634,0.6633542776107788,0.5582243204116821,-0.06034800782799721,0.6645755767822266,0.5167504549026489,-0.0692288875579834,0.6894152164459229,0.7072015404701233,-0.027367470785975456,0.6960832476615906,0.6552255749702454,-0.05237478017807007,0.6809319853782654,0.6873180866241455,-0.054977379739284515,0.6702344417572021,0.714684784412384,-0.04973842203617096,0.7113394141197205,0.7299801111221313,-0.03468014672398567,0.7208583354949951,0.675711989402771,-0.051756490021944046,0.7264863848686218,0.6418445706367493,-0.05342336744070053,0.7318643927574158,0.6082244515419006,-0.050952598452568054
0.6806308031082153,0.8759756088256836,5.217185048422834e-07,0.6470393538475037,0.8430663347244263,-0.0208981204777956,0.6344533562660217,0.789081335067749,-0.035622626543045044,0.6500816345214844,0.7485836148262024,-0.050923872739076614,0.6734339594841003,0.7222901582717896,-0.06419999897480011,0.636509120464325,0.6952143907546997,-0.018708745017647743,0.6216591000556946,0.6225911378860474,-0.03478626534342766,0.6126440167427063,0.5780101418495178,-0.045250408351421356,0.6070556640625,0.5412302017211914,-0.052351515740156174,0.6641741991043091,0.6924683451652527,-0.02181336283683777,0.6663898825645447,0.6121485829353333,-0.04380641505122185,0.6636016368865967,0.5584469437599182,-0.05960606411099434,0.6646962761878967,0.5161434412002563,-0.06846344470977783,0.6895532011985779,0.7072482109069824,-0.027078215032815933,0.6958777904510498,0.6551442742347717,-0.0516790896654129,0.6807133555412292,0.6871455907821655,-0.05428047850728035,0.6699918508529663,0.714360237121582,-0.04912432283163071,0.7111848592758179,0.7299284338951111,-0.03439490124583244,0.7210580706596375,0.6761401891708374,-0.0511898398399353,0.7267901301383972,0.6426578164100647,-0.05291786417365074,0.7322252988815308,0.6093571782112122,-0.050532225519418716
0.6810575723648071,0.8769479990005493,5.151511572876188e-07,0.647219181060791,0.8449444770812988,-0.01976614072918892,0.6333591938018799,0.789604663848877,-0.03393189609050751,0.6485720276832581,0.7482984066009521,-0.048854999244213104,0.6721076965332031,0.7222570180892944,-0.061796147376298904,0.6364834308624268,0.6949857473373413,-0.018226243555545807,0.6216936707496643,0.6218999624252319,-0.034229882061481476,0.612860381603241,0.576854944229126,-0.04491155594587326,0.6074029803276062,0.5400274991989136,-0.052370585501194,0.6640855669975281,0.6921839714050293,-0.021817931905388832,0.6659698486328125,0.6120652556419373,-0.04404710605740547,0.6633776426315308,0.5583670735359192,-0.06014545261859894,0.6649561524391174,0.5159704089164734,-0.06941089779138565,0.6893039345741272,0.7071577906608582,-0.027383746579289436,0.6959927082061768,0.6533722281455994,-0.05169579014182091,0.6803416609764099,0.6864574551582336,-0.05351430922746658,0.6692138314247131,0.7148362994194031,-0.04806913435459137,0.7108688950538635,0.7304418683052063,-0.03497941792011261,0.7209171652793884,0.6759302616119385,-0.051854100078344345,0.7268722653388977,0.641804039478302,-0.053433869034051895,0.7325035333633423,0.6078040599822998,-0.051000192761421204
0.6804497241973877,0.8761517405509949,5.180478410693468e-07,0.64689040184021,0.844092845916748,-0.020598595961928368,0.6340894103050232,0.7899275422096252,-0.035170502960681915,0.6494506001472473,0.7493243217468262,-0.05035717785358429,0.6720505952835083,0.7228697538375854,-0.06356896460056305,0.6361269950866699,0.6948274374008179,-0.01857367530465126,0.6219097375869751,0.6221411824226379,-0.03494168445467949,0.6130993962287903,0.5775111317634583,-0.04582660645246506,0.6076684594154358,0.5407631993293762,-0.05327174440026283,0.6639417409896851,0.6920181512832642,-0.02186320535838604,0.665992796421051,0.6119357347488403,-0.04421417415142059,0.6634191870689392,0.5583467483520508,-0.06047118455171585,0.6648927330970764,0.5160801410675049,-0.06976903975009918,0.6893065571784973,0.7070726752281189,-0.027248485013842583,0.6965673565864563,0.6542611718177795,-0.05192127078771591,0.6812667846679688,0.6864538192749023,-0.05426274985074997,0.6701962351799011,0.7139633297920227,-0.049074072390794754,0.7108747363090515,0.7303473353385925,-0.03468070179224014,0.7207409143447876,0.6763333082199097,-0.05165524780750275,0.7266477942466736,0.6421921849250793,-0.05325485020875931,0.7322417497634888,0.6080788969993591,-0.050794992595911026
0.6803048253059387,0.8763494491577148,5.147150545781187e-07,0.6471838355064392,0.8443403244018555,-0.021024610847234726,0.634263277053833,0.789966344833374,-0.035595547407865524,0.6500411629676819,0.7489742636680603,-0.05075238645076752,0.6731777787208557,0.7226313352584839,-0.06391110271215439,0.6363930106163025,0.6950200796127319,-0.018425991758704185,0.6217938661575317,0.6224449872970581,-0.03465237468481064,0.6127490401268005,0.577655553817749,-0.04540162533521652,0.6072593927383423,0.5410598516464233,-0.052768606692552567,0.6641623377799988,0.6922096014022827,-0.021587563678622246,0.6658824682235718,0.6120455265045166,-0.0439801961183548,0.6631369590759277,0.5585064888000488,-0.06032850593328476,0.6644886136054993,0.5165019035339355,-0.06962240487337112,0.6895489692687988,0.7070690989494324,-0.02694183960556984,0.697151243686676,0.6544390916824341,-0.05194913223385811,0.6821600794792175,0.6865577697753906,-0.05476505309343338,0.67116379737854,0.7139705419540405,-0.04979545995593071,0.7111268043518066,0.7299656271934509,-0.03435996547341347,0.7207515239715576,0.675801694393158,-0.0515657402575016,0.726935863494873,0.6418932676315308,-0.05346880108118057,0.7328090071678162,0.6080814599990845,-0.05122356861829758
0.6811881065368652,0.8761143684387207,5.191731702325342e-07,0.6470808386802673,0.8439214825630188,-0.0212977584451437,0.6334904432296753,0.7895967960357666,-0.03632570430636406,0.649922251701355,0.7485223412513733,-0.05180816352367401,0.6745233535766602,0.7227538228034973,-0.06523264944553375,0.6363722085952759,0.6951690912246704,-0.01991989277303219,0.6218549013137817,0.6218846440315247,-0.03652765229344368,0.6131106615066528,0.5767838954925537,-0.04747266322374344,0.6074307560920715,0.5399759411811829,-0.05500436946749687,0.6641029715538025,0.6925002932548523,-0.022925497964024544,0.6659135818481445,0.611844003200531,-0.045731041580438614,0.6632153987884521,0.5583196878433228,-0.06190457195043564,0.6644066572189331,0.5161654949188232,-0.07104993611574173,0.6896001696586609,0.7075383067131042,-0.02803020179271698,0.6961997151374817,0.6543869972229004,-0.053040068596601486,0.6813398003578186,0.6878893971443176,-0.05503934249281883,0.6707419753074646,0.7164399027824402,-0.04943887144327164,0.7115504741668701,0.7305892705917358,-0.03525178134441376,0.7212421894073486,0.676061749458313,-0.05227687954902649,0.7272834777832031,0.6425740122795105,-0.05371328070759773,0.7328864336013794,0.6090750098228455,-0.05109799653291702
0.6810138821601868,0.875795304775238,5.191828904571594e-07,0.6470744013786316,0.8432629108428955,-0.02094762772321701,0.6339998245239258,0.7888962030410767,-0.03547088801860809,0.6502370834350586,0.7485021352767944,-0.050437700003385544,0.6740918159484863,0.7239631414413452,-0.0634339451789856,0.6360384821891785,0.6949520707130432,-0.018975261598825455,0.6216246485710144,0.622338593006134,-0.034875012934207916,0.6125754714012146,0.5776858925819397,-0.0453723780810833,0.6066759824752808,0.5410175919532776,-0.0526430606842041,0.6638852953910828,0.6922896504402161,-0.021918725222349167,0.6659120321273804,0.6123087406158447,-0.043759409338235855,0.6632324457168579,0.5587356090545654,-0.05949820578098297,0.6643854975700378,0.516523003578186,-0.06846144795417786,0.6895026564598083,0.7073270082473755,-0.026977043598890305,0.6965004205703735,0.6551186442375183,-0.051376428455114365,0.6812090873718262,0.6876359581947327,-0.05369461700320244,0.6700514554977417,0.715290367603302,-0.048458244651556015,0.7114214301109314,0.7302212715148926,-0.03410160541534424,0.7210281491279602,0.6762166619300842,-0.05095675587654114,0.7271304130554199,0.642899215221405,-0.05253932625055313,0.7329434752464294,0.6094545125961304,-0.05006898567080498
0.6812595725059509,0.8757721185684204,5.211970801610732e-07,0.6473075747489929,0.8435690999031067,-0.0204242542386055,0.633979082107544,0.7892134189605713,-0.034999165683984756,0.6498773097991943,0.7483550310134888,-0.05010030046105385,0.6736220121383667,0.7229275107383728,-0.06328456848859787,0.6360107064247131,0.6954761147499084,-0.019474925473332405,0.621669590473175,0.6221080422401428,-0.03567436337471008,0.6127261519432068,0.5773078203201294,-0.04636043310165405,0.6069245338439941,0.5404932498931885,-0.05377267301082611,0.6638730764389038,0.6924652457237244,-0.022688934579491615,0.6661704182624817,0.6120390295982361,-0.044831693172454834,0.6637182235717773,0.5584577322006226,-0.060665883123874664,0.6650904417037964,0.5162163972854614,-0.06973519921302795,0.6893916726112366,0.7072706818580627,-0.027887102216482162,0.6961658000946045,0.6537554264068604,-0.05214826390147209,0.6813465356826782,0.6858119368553162,-0.05418608710169792,0.670758068561554,0.713495671749115,-0.04891647771000862,0.711260199546814,0.7301914095878601,-0.035125844180583954,0.7213155031204224,0.6760194301605225,-0.05204197019338608,0.7275289297103882,0.6425021290779114,-0.053666241466999054,0.7333815097808838,0.6090407967567444,-0.05123830959200859
0.6804250478744507,0.8743258714675903,5.276867227621551e-07,0.6468443870544434,0.8418431878089905,-0.020955456420779228,0.6341598629951477,0.7884819507598877,-0.03588905930519104,0.6499781012535095,0.7481849789619446,-0.05121753737330437,0.673014760017395,0.7223483324050903,-0.06449774652719498,0.635979175567627,0.6948819756507874,-0.019905349239706993,0.621038556098938,0.6211265325546265,-0.03606915846467018,0.6120374798774719,0.5763739347457886,-0.04642905294895172,0.6063945889472961,0.5398338437080383,-0.05342528969049454,0.6635975241661072,0.6922613978385925,-0.022825265303254128,0.6657863855361938,0.6114444136619568,-0.044983524829149246,0.663284420967102,0.5578324794769287,-0.060621846467256546,0.6646935939788818,0.516157865524292,-0.06935804337263107,0.6889870166778564,0.707252025604248,-0.027801983058452606,0.6953538060188293,0.6545571684837341,-0.05219754949212074,0.6809783577919006,0.6863602995872498,-0.054406654089689255,0.6707761287689209,0.7134634256362915,-0.04906080663204193,0.7109044194221497,0.7301129102706909,-0.03482753038406372,0.7207784056663513,0.6763269305229187,-0.051659803837537766,0.7268260717391968,0.642929196357727,-0.05330221354961395,0.7324839234352112,0.6092575788497925,-0.0508013516664505
0.6804516315460205,0.8753221035003662,5.25125415151706e-07,0.6463605165481567,0.8428465127944946,-0.021778274327516556,0.6334313154220581,0.7888573408126831,-0.03662661463022232,0.6492713093757629,0.7477070689201355,-0.0516464039683342,0.6722244620323181,0.721191942691803,-0.06454555690288544,0.6357167959213257,0.6947347521781921,-0.019970491528511047,0.620446503162384,0.6218246817588806,-0.035497426986694336,0.6115561127662659,0.5768720507621765,-0.04552784189581871,0.6057978868484497,0.5402178168296814,-0.05242472514510155,0.6634838581085205,0.6920989155769348,-0.022206030786037445,0.6659810543060303,0.6119557619094849,-0.0435500368475914,0.6634852290153503,0.5586073398590088,-0.05870198830962181,0.6646937727928162,0.5172549486160278,-0.06722739338874817,0.6889739632606506,0.7067129611968994,-0.026617398485541344,0.6947420239448547,0.6537887454032898,-0.05048626288771629,0.6795291304588318,0.6851667165756226,-0.05295891314744949,0.6686809062957764,0.711901068687439,-0.04793712496757507,0.7108967900276184,0.7289757132530212,-0.03314650431275368,0.7209060192108154,0.6749869585037231,-0.04971421882510185,0.7268660068511963,0.6420287489891052,-0.05176950991153717,0.7323316931724548,0.608799934387207,-0.04969906806945801
0.6803972721099854,0.875314474105835,5.187039846532571e-07,0.6462987661361694,0.8432899117469788,-0.02031170390546322,0.6332008242607117,0.7885173559188843,-0.03477025032043457,0.6492562294006348,0.7479519248008728,-0.04977161064743996,0.6724100708961487,0.7221963405609131,-0.06278695911169052,0.6355717182159424,0.694742739200592,-0.01908545196056366,0.6206250190734863,0.6215891242027283,-0.03492853417992592,0.6116705536842346,0.5766441226005554,-0.04531385377049446,0.6060028076171875,0.5398726463317871,-0.05252191424369812,0.6633289456367493,0.6923056244850159,-0.022202378138899803,0.665798544883728,0.6124484539031982,-0.044212277978658676,0.6631882786750793,0.5589836835861206,-0.05998985841870308,0.6645423173904419,0.517242431640625,-0.06897755712270737,0.6887171864509583,0.7072721123695374,-0.027300383895635605,0.6950716972351074,0.6539953351020813,-0.05145733058452606,0.6792235970497131,0.6861140727996826,-0.05361161753535271,0.6679518222808838,0.7135044932365417,-0.048378296196460724,0.7105534672737122,0.7301315665245056,-0.034404873847961426,0.7203118801116943,0.6759640574455261,-0.05127352848649025,0.7261581420898438,0.6426070332527161,-0.05306106433272362,0.731706976890564,0.6090490818023682,-0.05072268098592758
0.6797645092010498,0.8748511075973511,5.199994461690949e-07,0.645933985710144,0.8420734405517578,-0.020942460745573044,0.6332109570503235,0.7882032990455627,-0.035739440470933914,0.6497312784194946,0.7475862503051758,-0.050873152911663055,0.6731456518173218,0.7217225432395935,-0.0640535056591034,0.6354946494102478,0.69600909948349,-0.020528167486190796,0.6206940412521362,0.6220588684082031,-0.03657006472349167,0.6122234463691711,0.5769644379615784,-0.04721113294363022,0.6066907048225403,0.5399389863014221,-0.05470987781882286,0.6633061170578003,0.6930895447731018,-0.023428067564964294,0.6653427481651306,0.6122121810913086,-0.04516877606511116,0.6629554629325867,0.5588836073875427,-0.060991767793893814,0.6642653346061707,0.516162633895874,-0.07028042525053024,0.6888443231582642,0.7078819870948792,-0.028303546831011772,0.695209801197052,0.6546667218208313,-0.05206862464547157,0.6794700026512146,0.686494767665863,-0.054491620510816574,0.6682448387145996,0.7133665680885315,-0.04972473904490471,0.7108905911445618,0.730570912361145,-0.035259801894426346,0.7205291986465454,0.6762131452560425,-0.0520736426115036,0.7262439131736755,0.6429868936538696,-0.054190222173929214,0.731812059879303,0.6099982261657715,-0.052265092730522156
0.6796937584877014,0.8736677169799805,5.123017672303831e-07,0.6461378931999207,0.8412981629371643,-0.020642124116420746,0.63364577293396,0.7884514927864075,-0.03587280958890915,0.6496951580047607,0.7480669617652893,-0.05153999850153923,0.6731899380683899,0.722371518611908,-0.0653294175863266,0.6362892389297485,0.6965677738189697,-0.021561790257692337,0.6210732460021973,0.6223695874214172,-0.038198284804821014,0.6124926209449768,0.5772836208343506,-0.04921262711286545,0.6069577932357788,0.5403605103492737,-0.057052310556173325,0.6637302041053772,0.6938807964324951,-0.024889377877116203,0.6656773686408997,0.6125234365463257,-0.0473792739212513,0.6632217168807983,0.5597653985023499,-0.06374971568584442,0.6644286513328552,0.5171384215354919,-0.0735303983092308,0.68889319896698,0.7088240385055542,-0.0300439465790987,0.6953091025352478,0.6548616886138916,-0.05399228632450104,0.679353654384613,0.6869307160377502,-0.05614348128437996,0.6680140495300293,0.7140635251998901,-0.05140872299671173,0.7108861804008484,0.7315762042999268,-0.037273652851581573,0.7205865979194641,0.6770519018173218,-0.054140523076057434,0.7263201475143433,0.6433930397033691,-0.05616484582424164,0.7317742705345154,0.6097915172576904,-0.05434132367372513
0.6799412369728088,0.874903678894043,5.224992492003366e-07,0.6458672285079956,0.8424626588821411,-0.02061065100133419,0.6334474682807922,0.7882153391838074,-0.03561686351895332,0.6492467522621155,0.7476580142974854,-0.05117272213101387,0.6729101538658142,0.7221646904945374,-0.06472577899694443,0.6358028650283813,0.6959248781204224,-0.02026522345840931,0.6211099028587341,0.6219145059585571,-0.03643856942653656,0.6125913262367249,0.5768691301345825,-0.04700877517461777,0.6070308089256287,0.5403125286102295,-0.054525215178728104,0.6633449196815491,0.6932054758071899,-0.023635970428586006,0.6657499074935913,0.6123334169387817,-0.0461052842438221,0.6631163358688354,0.5588752031326294,-0.06228487193584442,0.6640841960906982,0.5161710977554321,-0.07170168310403824,0.6886029243469238,0.7083227634429932,-0.02892422489821911,0.6950805187225342,0.6540700793266296,-0.05309353396296501,0.6796983480453491,0.6878799200057983,-0.0546969398856163,0.6686950922012329,0.7160143256187439,-0.04926152154803276,0.7103597521781921,0.7314966917037964,-0.036334361881017685,0.7203415036201477,0.6773896217346191,-0.053399864584207535,0.72635817527771,0.6437041163444519,-0.05529346317052841,0.7319745421409607,0.6095536351203918,-0.05315796285867691
0.6801655888557434,0.8744323253631592,5.134331217959698e-07,0.6462206244468689,0.8422250151634216,-0.020079653710126877,0.6332656145095825,0.78775954246521,-0.034705985337495804,0.649216890335083,0.7471284866333008,-0.050011809915304184,0.6726695895195007,0.7211716771125793,-0.06341535598039627,0.6361548900604248,0.6955125331878662,-0.019789841026067734,0.6215732097625732,0.6217808723449707,-0.03609539940953255,0.6128391623497009,0.5769674181938171,-0.04683168604969978,0.6073566675186157,0.5401426553726196,-0.054374612867832184,0.663707971572876,0.6928859353065491,-0.023317990824580193,0.6659300923347473,0.6123687624931335,-0.04580369219183922,0.6632963418960571,0.5590931177139282,-0.0620315745472908,0.6646190285682678,0.5167660117149353,-0.07146065682172775,0.6889374852180481,0.7078843712806702,-0.028721177950501442,0.6956965327262878,0.6543348431587219,-0.05306620895862579,0.680239200592041,0.6881298422813416,-0.05493088811635971,0.6693176031112671,0.7166538834571838,-0.04962627962231636,0.7106698155403137,0.7309336066246033,-0.03616616874933243,0.7203204035758972,0.6770074963569641,-0.05327745899558067,0.7262198328971863,0.6435791254043579,-0.05507096275687218,0.732050895690918,0.6100447177886963,-0.052822548896074295
0.6805770397186279,0.8753198981285095,5.109787934998167e-07,0.6464545130729675,0.8429659605026245,-0.0202846247702837,0.6332499384880066,0.7891653180122375,-0.034879956394433975,0.6490538716316223,0.7482097148895264,-0.050038065761327744,0.6716864109039307,0.7218961119651794,-0.06334897875785828,0.6360820531845093,0.696317732334137,-0.02012057602405548,0.6216080188751221,0.6220077276229858,-0.0364687442779541,0.6130390167236328,0.5768852233886719,-0.04718324542045593,0.6073874235153198,0.5400956273078918,-0.05463089421391487,0.664091944694519,0.6934220790863037,-0.023592546582221985,0.6664655804634094,0.6122182607650757,-0.0458657369017601,0.6637227535247803,0.5590900182723999,-0.06210462749004364,0.6645415425300598,0.516998827457428,-0.07149354368448257,0.6896967887878418,0.7083547711372375,-0.028978407382965088,0.6967896223068237,0.6557459831237793,-0.05335501953959465,0.6809232831001282,0.6875659227371216,-0.05606963485479355,0.6695670485496521,0.7146927118301392,-0.051373936235904694,0.7115703821182251,0.7314434051513672,-0.036341920495033264,0.7209275960922241,0.6773048043251038,-0.053535863757133484,0.7265058755874634,0.6436983346939087,-0.055626221001148224,0.7322275638580322,0.6105964779853821,-0.053584400564432144
0.680500328540802,0.8759661912918091,5.129490432409511e-07,0.6463362574577332,0.8436634540557861,-0.020438317209482193,0.6333182454109192,0.7900102138519287,-0.035066112875938416,0.6492563486099243,0.7490009069442749,-0.0501362644135952,0.6717536449432373,0.7216144800186157,-0.06322649866342545,0.6359013319015503,0.696251630783081,-0.020296022295951843,0.621557891368866,0.6218748092651367,-0.0363057516515255,0.6131740808486938,0.576766848564148,-0.046831823885440826,0.6075849533081055,0.5399863719940186,-0.05424105376005173,0.6639126539230347,0.6931958198547363,-0.02350894920527935,0.6665039658546448,0.611664354801178,-0.045353423804044724,0.663987934589386,0.5585957765579224,-0.06121491268277168,0.6649385690689087,0.5169188380241394,-0.07045341283082962,0.6894769072532654,0.7080749869346619,-0.02862580306828022,0.6960517764091492,0.6550455689430237,-0.052538856863975525,0.6803043484687805,0.6883561611175537,-0.05465483292937279,0.6690155267715454,0.7163969874382019,-0.049655888229608536,0.7115100026130676,0.7310576438903809,-0.03577420860528946,0.7209187150001526,0.6768839955329895,-0.052768439054489136,0.7266760468482971,0.6440377235412598,-0.05472366884350777,0.7324403524398804,0.611141562461853,-0.05262695997953415
0.6814482808113098,0.8784425854682922,5.212603468862653e-07,0.6468626856803894,0.8439739346504211,-0.020597845315933228,0.63435298204422,0.7892227172851562,-0.03535059466958046,0.6469122767448425,0.7462416887283325,-0.05055684223771095,0.6686002016067505,0.718576967716217,-0.06371655315160751,0.6350340247154236,0.6969857811927795,-0.01990019530057907,0.6205897927284241,0.6225714087486267,-0.03573168069124222,0.6128580570220947,0.5774930119514465,-0.046333663165569305,0.6079386472702026,0.5408906936645508,-0.05398963764309883,0.6630475521087646,0.6939331889152527,-0.022955941036343575,0.6657546758651733,0.6125061511993408,-0.04459484666585922,0.6636949777603149,0.5590323805809021,-0.06093638762831688,0.6647822856903076,0.5163755416870117,-0.07087011635303497,0.6888642907142639,0.7086161375045776,-0.027922986075282097,0.6946845054626465,0.6541361808776855,-0.05123749002814293,0.6776304244995117,0.6873569488525391,-0.053596507757902145,0.6649916172027588,0.7151328921318054,-0.04914354160428047,0.7108768820762634,0.7313226461410522,-0.03496958687901497,0.7203539609909058,0.6764119863510132,-0.05175177380442619,0.7261916995048523,0.6423304080963135,-0.05439922958612442,0.7317528128623962,0.6082793474197388,-0.05306793004274368
0.6810176372528076,0.8793680667877197,5.312134021551174e-07,0.6473219990730286,0.845914363861084,-0.019861405715346336,0.6349244713783264,0.7919036746025085,-0.03444297984242439,0.6467359066009521,0.7497295141220093,-0.04983809217810631,0.6662368178367615,0.7199293971061707,-0.06313634663820267,0.6342641711235046,0.6959323287010193,-0.018039895221590996,0.6208555102348328,0.6227410435676575,-0.033742211759090424,0.6126507520675659,0.5781002044677734,-0.04392140358686447,0.6078511476516724,0.5414919257164001,-0.05104459449648857,0.6628363728523254,0.6928401589393616,-0.02188682183623314,0.6654974222183228,0.61260586977005,-0.04401107877492905,0.6627449989318848,0.5584277510643005,-0.060492634773254395,0.663971483707428,0.5161450505256653,-0.07012062519788742,0.688978910446167,0.7080711722373962,-0.027675686404109,0.6956837773323059,0.653978705406189,-0.05221718177199364,0.6778641939163208,0.6878083944320679,-0.054545942693948746,0.6646293997764587,0.7163460850715637,-0.049568187445402145,0.7109850645065308,0.7319110035896301,-0.035397037863731384,0.7197430729866028,0.677367627620697,-0.052871230989694595,0.7254295349121094,0.6424826383590698,-0.054990459233522415,0.7311771512031555,0.6075764298439026,-0.052870653569698334
0.6811314225196838,0.8787943124771118,5.22106631706265e-07,0.6474096179008484,0.8460125923156738,-0.01936313323676586,0.6348165273666382,0.7916797995567322,-0.03350678086280823,0.6466110348701477,0.7498607635498047,-0.04859672486782074,0.6655511260032654,0.7203881740570068,-0.061639655381441116,0.634848952293396,0.6960803270339966,-0.017393749207258224,0.6209003925323486,0.6222802996635437,-0.03294496238231659,0.6124911308288574,0.5777275562286377,-0.04295521602034569,0.6075437068939209,0.5412485003471375,-0.04985729232430458,0.6630458831787109,0.6931072473526001,-0.021307263523340225,0.6654931902885437,0.6127101182937622,-0.043382953852415085,0.6625668406486511,0.5588817596435547,-0.05965718999505043,0.6636545062065125,0.5170297622680664,-0.06906592100858688,0.6888355612754822,0.7079629898071289,-0.027144398540258408,0.6950036287307739,0.6537206768989563,-0.051615770906209946,0.677859365940094,0.6882904767990112,-0.053700778633356094,0.665556788444519,0.7175963521003723,-0.04849149286746979,0.7105396389961243,0.7312275767326355,-0.03489510342478752,0.7197505831718445,0.67689049243927,-0.05218076333403587,0.7254461050033569,0.6423493027687073,-0.05410657823085785,0.7311898469924927,0.6075793504714966,-0.051863960921764374
0.6807118058204651,0.8767118453979492,5.233745241639554e-07,0.6472537517547607,0.8445090651512146,-0.020112276077270508,0.6343499422073364,0.7907199859619141,-0.03454027697443962,0.6475681662559509,0.7500156760215759,-0.04975646361708641,0.6669721603393555,0.7214109897613525,-0.06296385824680328,0.6348707675933838,0.6950434446334839,-0.01865302212536335,0.6205201745033264,0.6214792728424072,-0.03459273651242256,0.6120696067810059,0.5766552686691284,-0.04485996440052986,0.6071774959564209,0.5400117635726929,-0.05186685547232628,0.6631891131401062,0.6921566724777222,-0.022417787462472916,0.6651586294174194,0.6118100881576538,-0.04469451680779457,0.6623573899269104,0.5581820011138916,-0.06099489703774452,0.6635303497314453,0.516340434551239,-0.07034040987491608,0.688988983631134,0.7071791887283325,-0.028209052979946136,0.6958890557289124,0.6540261507034302,-0.05318266898393631,0.6799560785293579,0.6876600384712219,-0.05590866133570671,0.6684057712554932,0.7160587310791016,-0.05098101869225502,0.7107858061790466,0.7303943037986755,-0.03594977408647537,0.719791054725647,0.6762186288833618,-0.053606919944286346,0.7255438566207886,0.641710102558136,-0.05585739016532898,0.7315197587013245,0.6073466539382935,-0.05378090590238571
0.6822891235351562,0.8789998292922974,5.18725244091911e-07,0.647148072719574,0.8445605635643005,-0.019921474158763885,0.6341691017150879,0.7902082204818726,-0.034508951008319855,0.6475212574005127,0.7476863861083984,-0.049798909574747086,0.6690412163734436,0.721609354019165,-0.0631817951798439,0.635242223739624,0.6975740790367126,-0.01967320404946804,0.6204824447631836,0.6225898265838623,-0.03536519408226013,0.6125603318214417,0.5773996710777283,-0.045777466148138046,0.6075509190559387,0.5409419536590576,-0.05334525555372238,0.6632935404777527,0.6942796111106873,-0.023185133934020996,0.6656928062438965,0.6128149628639221,-0.044937845319509506,0.6635603308677673,0.5595618486404419,-0.061285242438316345,0.6647922992706299,0.5163599848747253,-0.07126687467098236,0.689058244228363,0.7086936235427856,-0.028541743755340576,0.6956152319908142,0.6537261605262756,-0.05201856419444084,0.6787010431289673,0.6882571578025818,-0.05420072749257088,0.6661199331283569,0.7173092365264893,-0.049601394683122635,0.7110941410064697,0.731391191482544,-0.035950805991888046,0.7202827334403992,0.6762433052062988,-0.05300226807594299,0.7261900901794434,0.6420339345932007,-0.05566989630460739,0.7321031093597412,0.608232319355011,-0.05430496856570244
0.6823665499687195,0.8777043223381042,5.376541025725601e-07,0.6481407880783081,0.8462117910385132,-0.02215898223221302,0.6347590684890747,0.7926063537597656,-0.03770172595977783,0.64751797914505,0.7501767873764038,-0.053556811064481735,0.6681684851646423,0.7199172973632812,-0.06736946105957031,0.6349022388458252,0.6980642080307007,-0.021690109744668007,0.6207596063613892,0.6226326823234558,-0.03800889849662781,0.6125434637069702,0.5773130059242249,-0.04838826507329941,0.6073967814445496,0.5407114624977112,-0.055606428533792496,0.6631133556365967,0.6943622827529907,-0.024364061653614044,0.6658309698104858,0.6122055649757385,-0.04656633362174034,0.6632289886474609,0.5582963228225708,-0.06265629827976227,0.6641588807106018,0.5153214931488037,-0.07211269438266754,0.6890407204627991,0.7085878849029541,-0.02914227731525898,0.6952022910118103,0.6540803909301758,-0.05365091189742088,0.6788443326950073,0.6887327432632446,-0.05632581189274788,0.6670178174972534,0.7174542546272278,-0.05169598013162613,0.7110428810119629,0.7309837341308594,-0.03607327118515968,0.720088541507721,0.6768954992294312,-0.05389947071671486,0.7258085608482361,0.6429909467697144,-0.05683629959821701,0.7317855358123779,0.608795166015625,-0.05542417988181114
0.6825696229934692,0.8787396550178528,5.250522008282132e-07,0.6475925445556641,0.8451408743858337,-0.0201408788561821,0.6344733238220215,0.7893643379211426,-0.03450355306267738,0.6477219462394714,0.7469010353088379,-0.0495065376162529,0.6689504981040955,0.7201974987983704,-0.06264697760343552,0.6359207630157471,0.6972578763961792,-0.01944105327129364,0.622000515460968,0.6221455335617065,-0.035088978707790375,0.6135269403457642,0.5772736668586731,-0.04540346935391426,0.6079741716384888,0.5408080816268921,-0.052750084549188614,0.6635291576385498,0.694015383720398,-0.02287876233458519,0.6658429503440857,0.6122721433639526,-0.04433823004364967,0.6631405353546143,0.5584940910339355,-0.060426015406847,0.6642566919326782,0.5160007476806641,-0.07006099820137024,0.6890143752098083,0.7085883617401123,-0.028230180963873863,0.6956648230552673,0.6536681056022644,-0.051697421818971634,0.6792859435081482,0.6864548921585083,-0.05444129556417465,0.6675851345062256,0.7145787477493286,-0.05016879737377167,0.7106512188911438,0.731550931930542,-0.03561374172568321,0.7202178835868835,0.6768770217895508,-0.05270923674106598,0.7259185910224915,0.6422897577285767,-0.05552219972014427,0.7319197654724121,0.6082314252853394,-0.05420294404029846
0.6814321279525757,0.8775058388710022,5.287797080200107e-07,0.64728182554245,0.8435325026512146,-0.020823098719120026,0.6346302032470703,0.7898328304290771,-0.0358460508286953,0.6472026109695435,0.7478110194206238,-0.0514531172811985,0.6676267385482788,0.7186876535415649,-0.06507182121276855,0.6353529095649719,0.6970689296722412,-0.01985030807554722,0.6217293739318848,0.6221434473991394,-0.035985589027404785,0.6137299537658691,0.5772836804389954,-0.04654806852340698,0.6087936162948608,0.5407638549804688,-0.05394567921757698,0.663002073764801,0.6938050985336304,-0.023164458572864532,0.6654489040374756,0.6120913624763489,-0.04516748711466789,0.6628812551498413,0.5583844780921936,-0.06162746623158455,0.6640070676803589,0.5151315927505493,-0.0714465007185936,0.688554584980011,0.7083396315574646,-0.028478870168328285,0.6952587962150574,0.6542259454727173,-0.05249505490064621,0.6790663599967957,0.6880106925964355,-0.05516348034143448,0.667479932308197,0.7163488268852234,-0.05067523568868637,0.7104363441467285,0.7311262488365173,-0.03587472811341286,0.7199736833572388,0.676682710647583,-0.05314328894019127,0.7257212400436401,0.6420426368713379,-0.05577472597360611,0.7316295504570007,0.6075591444969177,-0.05426185205578804
0.6818241477012634,0.878028154373169,5.229306339060713e-07,0.6467215418815613,0.8432257175445557,-0.019849425181746483,0.633705735206604,0.7881741523742676,-0.034158289432525635,0.6470232605934143,0.7466639876365662,-0.049272581934928894,0.6684027910232544,0.7203567624092102,-0.062434833496809006,0.6356351375579834,0.6965603232383728,-0.01828893832862377,0.6219469308853149,0.6218258142471313,-0.0339675173163414,0.6137006282806396,0.5771788358688354,-0.044275056570768356,0.6085020303726196,0.5409283638000488,-0.05159645155072212,0.6632775068283081,0.6935817003250122,-0.021990565583109856,0.6655470728874207,0.6127175688743591,-0.044084660708904266,0.6628085374832153,0.5588130950927734,-0.06067836657166481,0.6640118360519409,0.5160031318664551,-0.07050388306379318,0.6886717081069946,0.708246111869812,-0.027635611593723297,0.6953931450843811,0.6538264155387878,-0.0517081618309021,0.6792038083076477,0.6875507831573486,-0.054245851933956146,0.6675138473510742,0.7160810828208923,-0.049565389752388,0.7104274034500122,0.7311533093452454,-0.0353030301630497,0.7200731039047241,0.6768932342529297,-0.05263509228825569,0.7259587645530701,0.6426386833190918,-0.05519847199320793,0.7319673299789429,0.6085101366043091,-0.05353691801428795
0.681535005569458,0.8774226307868958,5.307053925207583e-07,0.6468579173088074,0.8427326679229736,-0.02080162987112999,0.6340162754058838,0.7894161343574524,-0.03579860180616379,0.6464111804962158,0.7479145526885986,-0.05142165347933769,0.6668903231620789,0.7191401720046997,-0.06505924463272095,0.6355676651000977,0.6969499588012695,-0.019318196922540665,0.6220216751098633,0.6223390698432922,-0.03527572378516197,0.6138936877250671,0.5778191089630127,-0.04592573270201683,0.6086546182632446,0.5411521196365356,-0.053480006754398346,0.6631523370742798,0.6937064528465271,-0.02260703779757023,0.6654852032661438,0.6124625205993652,-0.04442935064435005,0.6630800366401672,0.5585137605667114,-0.06091691553592682,0.6642290949821472,0.5148065686225891,-0.07085127383470535,0.6886687278747559,0.7081351280212402,-0.027941137552261353,0.694980263710022,0.653587281703949,-0.05178385227918625,0.6786437630653381,0.6878579258918762,-0.05433719977736473,0.6667530536651611,0.7165260314941406,-0.049825988709926605,0.7106791734695435,0.7307562828063965,-0.0353904627263546,0.7202852368354797,0.6764904260635376,-0.05249953642487526,0.726226806640625,0.6425882577896118,-0.055032677948474884,0.7321156859397888,0.608608067035675,-0.05349218472838402
0.6804530024528503,0.8776900768280029,5.178735023037007e-07,0.6461329460144043,0.8420501947402954,-0.019473230466246605,0.633451521396637,0.7885134816169739,-0.03388981893658638,0.6457244157791138,0.7470851540565491,-0.04917461797595024,0.6653625965118408,0.7194093465805054,-0.06263454258441925,0.6351561546325684,0.6971012949943542,-0.01838809810578823,0.6215349435806274,0.6225666999816895,-0.03438813239336014,0.6132963299751282,0.5778623223304749,-0.045059751719236374,0.6081318855285645,0.5413649678230286,-0.05254068970680237,0.6629595160484314,0.6939308047294617,-0.02236762084066868,0.6656875014305115,0.6128855347633362,-0.04424676299095154,0.663162112236023,0.5593115091323853,-0.06080849841237068,0.6641199588775635,0.515825629234314,-0.07068226486444473,0.6886706352233887,0.7084686756134033,-0.028259076178073883,0.6961284875869751,0.6540025472640991,-0.05221245810389519,0.6798884272575378,0.6874654293060303,-0.05475770682096481,0.6679006218910217,0.7158252596855164,-0.0501745343208313,0.710631787776947,0.7316573858261108,-0.036124736070632935,0.7198517918586731,0.6775623559951782,-0.053291454911231995,0.725616991519928,0.6431459188461304,-0.055497441440820694,0.7316806316375732,0.6093475818634033,-0.05360265076160431
0.6805040240287781,0.8749743700027466,5.176609647605801e-07,0.6467050313949585,0.8413795828819275,-0.0213230699300766,0.6344959139823914,0.78895103931427,-0.03638820722699165,0.6478815674781799,0.7478438019752502,-0.05182037502527237,0.6675872802734375,0.7189466953277588,-0.06519429385662079,0.6349890828132629,0.6959159970283508,-0.020529979839920998,0.6215291023254395,0.6216799020767212,-0.036609988659620285,0.613312840461731,0.5771755576133728,-0.047128595411777496,0.6079385876655579,0.5404077172279358,-0.054462458938360214,0.6628385186195374,0.6926943063735962,-0.02337564527988434,0.6651880145072937,0.612032949924469,-0.04533635824918747,0.6627285480499268,0.5589901208877563,-0.06146480143070221,0.6638298630714417,0.5161432027816772,-0.07100452482700348,0.6885804533958435,0.7071537375450134,-0.028234004974365234,0.6961159706115723,0.6537107229232788,-0.05248846486210823,0.6800369024276733,0.6876163482666016,-0.054944269359111786,0.6681080460548401,0.7158001661300659,-0.0501895397901535,0.7107571959495544,0.7297612428665161,-0.03519000858068466,0.7203762531280518,0.6760422587394714,-0.0524735227227211,0.7263658046722412,0.6424579620361328,-0.05480288341641426,0.7323189973831177,0.6087782979011536,-0.05298710614442825
0.6814106106758118,0.8767039179801941,5.189781404624227e-07,0.6471959352493286,0.8438106179237366,-0.02145162597298622,0.6346147060394287,0.7899057269096375,-0.036200135946273804,0.646499752998352,0.7470561861991882,-0.05125676468014717,0.6659361720085144,0.7170222401618958,-0.06434739381074905,0.6356526613235474,0.696601390838623,-0.020348183810710907,0.622153103351593,0.6224156618118286,-0.03637078031897545,0.6138603091239929,0.5777385830879211,-0.047018084675073624,0.6084583401679993,0.5410280823707581,-0.05448789894580841,0.6633964776992798,0.6935285925865173,-0.023134788498282433,0.6657231450080872,0.6122210025787354,-0.045036688446998596,0.6630138158798218,0.5586227178573608,-0.06164780259132385,0.6638001799583435,0.5161985754966736,-0.07155416905879974,0.6890904307365417,0.7080339193344116,-0.027943961322307587,0.6954712271690369,0.6544907093048096,-0.05222809687256813,0.6789658069610596,0.6876375079154968,-0.055557981133461,0.6668038964271545,0.7156752943992615,-0.0514795295894146,0.7111755609512329,0.7306774854660034,-0.03480381891131401,0.7204580307006836,0.675977885723114,-0.05220508575439453,0.7265530228614807,0.6421401500701904,-0.05511009320616722,0.7326310276985168,0.6084527969360352,-0.05380863696336746
0.6812127232551575,0.8770254254341125,5.144530632605893e-07,0.6472799777984619,0.8447942137718201,-0.021148301661014557,0.634831428527832,0.79236900806427,-0.0361783392727375,0.6464934349060059,0.7500859498977661,-0.05169400945305824,0.6641964316368103,0.7200310230255127,-0.06524243950843811,0.6354113817214966,0.6974288821220398,-0.020312855020165443,0.6224623322486877,0.6228274703025818,-0.036759648472070694,0.6144003868103027,0.5780618190765381,-0.04758014529943466,0.609247624874115,0.5409758687019348,-0.05507011339068413,0.6632871627807617,0.6942135691642761,-0.023587744683027267,0.6652014255523682,0.6134246587753296,-0.04612256586551666,0.6617687940597534,0.5599470138549805,-0.06298085302114487,0.6619394421577454,0.5171777009963989,-0.07297063618898392,0.6890738010406494,0.7086879014968872,-0.02885112538933754,0.6962943077087402,0.6551259756088257,-0.05376750975847244,0.6795447468757629,0.6877508759498596,-0.05705507472157478,0.6668857336044312,0.715254545211792,-0.05286281928420067,0.7109944820404053,0.7318443655967712,-0.03612777590751648,0.7202988862991333,0.6777388453483582,-0.05400602146983147,0.7260246872901917,0.6430306434631348,-0.05682462081313133,0.7316934466362,0.6083605885505676,-0.05533760413527489
0.6812372803688049,0.8779007196426392,5.301538976709708e-07,0.6478710174560547,0.8458892107009888,-0.022113438695669174,0.6358867287635803,0.7924758791923523,-0.03741233050823212,0.6472358107566833,0.7500543594360352,-0.053142253309488297,0.6653754115104675,0.7191138863563538,-0.06672076135873795,0.6356560587882996,0.6970470547676086,-0.020166413858532906,0.6224890947341919,0.6228870749473572,-0.03651440143585205,0.6139556169509888,0.5781731009483337,-0.04707355797290802,0.6083512306213379,0.5412986874580383,-0.05437992885708809,0.6633591651916504,0.6937515735626221,-0.023065464571118355,0.6652097105979919,0.6132537126541138,-0.04590661823749542,0.6612840890884399,0.5593395233154297,-0.06277987360954285,0.6610258221626282,0.5167609453201294,-0.07256990671157837,0.6890382170677185,0.708417534828186,-0.0281185582280159,0.6953721046447754,0.654426634311676,-0.053697504103183746,0.6786239147186279,0.6884740591049194,-0.056941449642181396,0.6660611033439636,0.7168063521385193,-0.05237157270312309,0.7108158469200134,0.7315146923065186,-0.0352601557970047,0.7202240228652954,0.6775408983230591,-0.053529735654592514,0.7261765599250793,0.6432805061340332,-0.056526485830545425,0.7320199012756348,0.6085594296455383,-0.054998308420181274
0.6808209419250488,0.8787783980369568,5.20253422564565e-07,0.647022545337677,0.8467557430267334,-0.020281093195080757,0.6350014209747314,0.792080283164978,-0.03447287157177925,0.6471166610717773,0.7493476271629333,-0.04945916682481766,0.6652064323425293,0.7194561958312988,-0.062425486743450165,0.6356987357139587,0.696731448173523,-0.017719704657793045,0.6226082444190979,0.6228485107421875,-0.033485084772109985,0.6138468980789185,0.5780172944068909,-0.04367316514253616,0.6083282828330994,0.5411609411239624,-0.05064238980412483,0.6634798049926758,0.6937062740325928,-0.021497365087270737,0.664857029914856,0.6129792332649231,-0.04376169666647911,0.6604255437850952,0.5591576099395752,-0.060449253767728806,0.660254180431366,0.5174767971038818,-0.07003574073314667,0.6890588402748108,0.7087172269821167,-0.027329828590154648,0.6954153776168823,0.6554855108261108,-0.052627261728048325,0.6772984862327576,0.6886194944381714,-0.05598171055316925,0.6640676856040955,0.7168273329734802,-0.05143013969063759,0.7105144262313843,0.732275128364563,-0.0350869856774807,0.7194091081619263,0.6773321032524109,-0.05292487516999245,0.7250239253044128,0.6421634554862976,-0.05550115182995796,0.730929970741272,0.6072795987129211,-0.05367068201303482
0.6803736686706543,0.8786922097206116,4.932599608764576e-07,0.6470906734466553,0.8443507552146912,-0.019743502140045166,0.6345860362052917,0.7909587621688843,-0.03442022204399109,0.64637291431427,0.7487679123878479,-0.05008367449045181,0.6648622751235962,0.7193450331687927,-0.06387539207935333,0.6358305215835571,0.6975138187408447,-0.018561609089374542,0.6225557327270508,0.623476505279541,-0.035309020429849625,0.6142248511314392,0.5788613557815552,-0.04629340022802353,0.6088221669197083,0.5423310995101929,-0.05374855548143387,0.6631968021392822,0.6942275762557983,-0.02283673733472824,0.6639448404312134,0.613175094127655,-0.045715685933828354,0.659298300743103,0.5603753328323364,-0.0627073124051094,0.6585772037506104,0.5179081559181213,-0.07251580059528351,0.6887750625610352,0.7089085578918457,-0.029055293649435043,0.696811318397522,0.6548545360565186,-0.05432043969631195,0.6793519258499146,0.6881899833679199,-0.05722510814666748,0.6660658717155457,0.716653048992157,-0.05242327228188515,0.7105430364608765,0.7324448227882385,-0.037199728190898895,0.7192633152008057,0.6773270964622498,-0.054874319583177567,0.7249862551689148,0.6421673893928528,-0.056950341910123825,0.7310115694999695,0.6082214117050171,-0.05471442639827728
0.679115891456604,0.8781752586364746,4.837920073441637e-07,0.6462319493293762,0.8446019887924194,-0.01933038979768753,0.6336731910705566,0.7906835675239563,-0.03361760452389717,0.6458643078804016,0.7489228248596191,-0.04894816875457764,0.664389431476593,0.7193533778190613,-0.06250489503145218,0.6353521943092346,0.6967046856880188,-0.018017785623669624,0.6222179532051086,0.6234877109527588,-0.0348440520465374,0.6137053966522217,0.5788819193840027,-0.04594831168651581,0.6083160638809204,0.5422878265380859,-0.053397852927446365,0.6630812883377075,0.693815290927887,-0.022611642256379128,0.6635563969612122,0.6131551265716553,-0.04559044912457466,0.6587076187133789,0.5606635808944702,-0.06268708407878876,0.6578829884529114,0.5185821056365967,-0.07246781885623932,0.6888593435287476,0.7089167237281799,-0.029150474816560745,0.6972359418869019,0.6548569202423096,-0.05501442030072212,0.6805956959724426,0.6876654028892517,-0.058437734842300415,0.6680445671081543,0.7160543203353882,-0.05380953848361969,0.7106553912162781,0.7329463362693787,-0.037513136863708496,0.7194505333900452,0.6778732538223267,-0.05547919496893883,0.7254171967506409,0.6427690982818604,-0.057575106620788574,0.7317705750465393,0.6091042160987854,-0.05526895076036453
0.679710328578949,0.8770305514335632,4.847503305427381e-07,0.6460464596748352,0.8435555100440979,-0.020597297698259354,0.6333516240119934,0.7902283668518066,-0.035346757620573044,0.6457437872886658,0.747804582118988,-0.0506833977997303,0.6655598282814026,0.7178055644035339,-0.0639878660440445,0.635309100151062,0.6968817114830017,-0.019283514469861984,0.6216244697570801,0.6229726672172546,-0.03595460206270218,0.6131196022033691,0.5784777998924255,-0.04693366214632988,0.6077442169189453,0.5418214797973633,-0.054335691034793854,0.6627630591392517,0.6937738060951233,-0.02271459437906742,0.6625478267669678,0.6128666400909424,-0.04541455954313278,0.6577730178833008,0.5601627826690674,-0.06199965253472328,0.6572929620742798,0.5181238055229187,-0.07148329168558121,0.6886181235313416,0.7084049582481384,-0.028146065771579742,0.6953408122062683,0.6550922393798828,-0.05328778550028801,0.6785997152328491,0.6883768439292908,-0.05598776414990425,0.6662741899490356,0.7168059349060059,-0.05097496137022972,0.7107815146446228,0.7314004898071289,-0.03555969521403313,0.7196417450904846,0.6764456033706665,-0.05296637862920761,0.7253658175468445,0.6419714689254761,-0.05489850789308548,0.7311349511146545,0.60805344581604,-0.052597932517528534
0.6801587343215942,0.8782429099082947,4.953121219841705e-07,0.6461941599845886,0.84511399269104,-0.02155941165983677,0.6327860951423645,0.7915694117546082,-0.036423202604055405,0.6450082659721375,0.7485538125038147,-0.05167665332555771,0.664519190788269,0.717674732208252,-0.06489468365907669,0.6352798342704773,0.6980840563774109,-0.02001909539103508,0.6216911673545837,0.6236396431922913,-0.0367395393550396,0.6131789088249207,0.5787645578384399,-0.04783821105957031,0.6077325344085693,0.5414726734161377,-0.055369045585393906,0.6630561947822571,0.6946272253990173,-0.022975126281380653,0.6630105376243591,0.6139863729476929,-0.045595794916152954,0.6579294800758362,0.5603902339935303,-0.06246695667505264,0.6569185256958008,0.5176467895507812,-0.07228834927082062,0.6888520121574402,0.7088224291801453,-0.028027333319187164,0.695095956325531,0.6562060117721558,-0.05316497012972832,0.6780147552490234,0.6879101395606995,-0.05668412521481514,0.6653276085853577,0.7153025269508362,-0.05240508168935776,0.7107316255569458,0.7313912510871887,-0.035129934549331665,0.7196736931800842,0.6769078969955444,-0.05280867591500282,0.7254225611686707,0.6423444747924805,-0.055421940982341766,0.7311692833900452,0.6084954142570496,-0.053705085068941116
0.6794314384460449,0.8787118196487427,4.7650667056586826e-07,0.6464236974716187,0.84482741355896,-0.019764473661780357,0.6342880725860596,0.7906496524810791,-0.03378329053521156,0.6461933851242065,0.7478178143501282,-0.04855560138821602,0.6646243929862976,0.718432605266571,-0.06143423169851303,0.6349448561668396,0.6984853148460388,-0.0184455756098032,0.6216009259223938,0.6244707703590393,-0.03507556766271591,0.6131283640861511,0.5798653364181519,-0.046256255358457565,0.6076434850692749,0.5430400371551514,-0.053810425102710724,0.6623015403747559,0.6948606371879578,-0.02224978245794773,0.6620110273361206,0.6142280101776123,-0.04469546303153038,0.6568976640701294,0.5614617466926575,-0.06148684397339821,0.6558120250701904,0.5191175937652588,-0.07121557742357254,0.6879956722259521,0.709032416343689,-0.02797417901456356,0.6963626742362976,0.6556050181388855,-0.05271989107131958,0.6800054311752319,0.6874748468399048,-0.05567304417490959,0.6674347519874573,0.7152403593063354,-0.05100793391466141,0.7098201513290405,0.7320842742919922,-0.035648759454488754,0.71897953748703,0.6773123741149902,-0.05287560448050499,0.7248178124427795,0.6423909664154053,-0.054843720048666,0.7306746244430542,0.6088449954986572,-0.052596770226955414
0.6799583435058594,0.8778629899024963,4.832243121200008e-07,0.646335244178772,0.8446565270423889,-0.02054687775671482,0.6331493258476257,0.7908879518508911,-0.03503996878862381,0.6454312205314636,0.7484254240989685,-0.05013019219040871,0.6648005247116089,0.718786358833313,-0.06326095759868622,0.6349078416824341,0.6977578401565552,-0.019337475299835205,0.6213846802711487,0.6233863234519958,-0.03612745925784111,0.6129190325737,0.5786114931106567,-0.04732883349061012,0.6073780059814453,0.5418398976325989,-0.054825060069561005,0.6620581150054932,0.6944942474365234,-0.022803546860814095,0.6613975167274475,0.6137784123420715,-0.045646294951438904,0.6562057137489319,0.5608493089675903,-0.06231696531176567,0.6553394198417664,0.5188208222389221,-0.0718100368976593,0.6877274513244629,0.7087390422821045,-0.028291890397667885,0.695541501045227,0.655516505241394,-0.053571101278066635,0.6793138980865479,0.6885566115379333,-0.05646407604217529,0.6670420169830322,0.7168514728546143,-0.05157824978232384,0.7098488807678223,0.7314940094947815,-0.03577669337391853,0.7190485000610352,0.6766659617424011,-0.053403910249471664,0.7250301241874695,0.6418659687042236,-0.05547962337732315,0.7310197353363037,0.6077146530151367,-0.053253721445798874
0.6807611584663391,0.8786462545394897,4.916562943435565e-07,0.6463611721992493,0.8439111709594727,-0.022359667345881462,0.63316810131073,0.7899488806724548,-0.0380435585975647,0.6451544165611267,0.7453175187110901,-0.05397249758243561,0.6673438549041748,0.7169138193130493,-0.0680018737912178,0.6349347233772278,0.702020525932312,-0.022679360583424568,0.6211873888969421,0.6246160268783569,-0.03988586366176605,0.6135082840919495,0.5791289806365967,-0.05124155431985855,0.6084567308425903,0.5423128604888916,-0.059107448905706406,0.66168612241745,0.6976673603057861,-0.02517368644475937,0.6606900095939636,0.6143470406532288,-0.04740389436483383,0.6562960147857666,0.5622711777687073,-0.06378351151943207,0.6552987098693848,0.5185714960098267,-0.07361064106225967,0.6874155402183533,0.7105429172515869,-0.029701706022024155,0.6949433088302612,0.6550865173339844,-0.05369284376502037,0.6794421076774597,0.6886790990829468,-0.056405697017908096,0.667185366153717,0.716934084892273,-0.0520443320274353,0.7097674608230591,0.7321106195449829,-0.03649523854255676,0.7186849117279053,0.6776238083839417,-0.05373198911547661,0.7245028614997864,0.6431301236152649,-0.056615978479385376,0.7302684187889099,0.6094815731048584,-0.055359989404678345
0.6809986233711243,0.8787529468536377,5.022987465963524e-07,0.6465624570846558,0.8451643586158752,-0.02199174091219902,0.6339007019996643,0.7911115884780884,-0.03717358410358429,0.6455626487731934,0.7478792667388916,-0.052640460431575775,0.6653386950492859,0.7187143564224243,-0.06612864136695862,0.6346450448036194,0.6997265815734863,-0.020943736657500267,0.6213592290878296,0.623079776763916,-0.0375550203025341,0.6138680577278137,0.5778988003730774,-0.048528753221035004,0.6091718077659607,0.5412178635597229,-0.056015849113464355,0.6615276336669922,0.6958474516868591,-0.023577019572257996,0.6612992882728577,0.6136321425437927,-0.04572214186191559,0.6568422913551331,0.5611715912818909,-0.06211933493614197,0.6562323570251465,0.5188294649124146,-0.07171458005905151,0.6872870326042175,0.7093328237533569,-0.028304118663072586,0.6952240467071533,0.6543251276016235,-0.05266468599438667,0.6797516345977783,0.6882702708244324,-0.05559832230210304,0.6677744388580322,0.7164813280105591,-0.051130980253219604,0.7096168994903564,0.7312268614768982,-0.035210493952035904,0.7185249328613281,0.6770565509796143,-0.05261469632387161,0.7241713404655457,0.6427915096282959,-0.055381372570991516,0.7298973202705383,0.6085894107818604,-0.05387070029973984
0.6810261607170105,0.877731204032898,4.997882570023648e-07,0.6466994881629944,0.8428075313568115,-0.022161034867167473,0.6341807842254639,0.7891746163368225,-0.03749184310436249,0.6460330486297607,0.7458078861236572,-0.05299050733447075,0.6675592064857483,0.7177630066871643,-0.0665094405412674,0.6351687908172607,0.7003493309020996,-0.021929174661636353,0.6214274168014526,0.6233492493629456,-0.03873584792017937,0.6139068603515625,0.5780308842658997,-0.05010977387428284,0.6091928482055664,0.5410776138305664,-0.05801970139145851,0.6616600155830383,0.6965197920799255,-0.024114206433296204,0.6612181067466736,0.613871157169342,-0.046204764395952225,0.6571211218833923,0.5617938041687012,-0.06264990568161011,0.6566146612167358,0.5187597870826721,-0.07256927341222763,0.6870449185371399,0.7094662189483643,-0.02831915393471718,0.6947101354598999,0.6551898121833801,-0.051878467202186584,0.6797663569450378,0.6891109347343445,-0.05441955104470253,0.6681344509124756,0.7171372771263123,-0.05000746250152588,0.7095364332199097,0.7304373383522034,-0.034816186875104904,0.7188294529914856,0.6760576963424683,-0.051576271653175354,0.7246147394180298,0.6423060297966003,-0.054320983588695526,0.7300513982772827,0.6087833642959595,-0.05305694043636322
0.681312084197998,0.8773333430290222,5.028239797866263e-07,0.6463595032691956,0.8443629741668701,-0.02215021289885044,0.6329373121261597,0.7901750802993774,-0.03723316267132759,0.6465895175933838,0.7470091581344604,-0.05245527625083923,0.6690307855606079,0.7189149856567383,-0.0657334253191948,0.634793758392334,0.6991633772850037,-0.021542567759752274,0.6216067671775818,0.6228686571121216,-0.03811946511268616,0.613975465297699,0.577800452709198,-0.04924768581986427,0.6089394092559814,0.5407484769821167,-0.05687885358929634,0.6618766784667969,0.6952340602874756,-0.023947445675730705,0.6613685488700867,0.613137423992157,-0.04594608396291733,0.6568232774734497,0.5604923963546753,-0.06218129023909569,0.6561141014099121,0.5181092023849487,-0.07168836146593094,0.6876211166381836,0.7085464596748352,-0.02841222658753395,0.694541871547699,0.6548143029212952,-0.05255168303847313,0.6795251965522766,0.6883826851844788,-0.05556458234786987,0.6681531071662903,0.7165392637252808,-0.051108840852975845,0.7101966738700867,0.7299575805664062,-0.035065531730651855,0.7191834449768066,0.6753597855567932,-0.05196994170546532,0.7247644662857056,0.6420612335205078,-0.05443252995610237,0.7302238941192627,0.6090673208236694,-0.05275702849030495
0.681073009967804,0.8777972459793091,5.068163773103151e-07,0.6463652849197388,0.8425858616828918,-0.02233162894845009,0.6333325505256653,0.7891801595687866,-0.03822779655456543,0.6464284658432007,0.7466251850128174,-0.05427917093038559,0.6689737439155579,0.718017578125,-0.06839631497859955,0.6347659230232239,0.7003172039985657,-0.02283129282295704,0.6216207146644592,0.6229355335235596,-0.039843831211328506,0.6142687797546387,0.5775922536849976,-0.05136125534772873,0.6094909310340881,0.5405051708221436,-0.05953860655426979,0.661419689655304,0.6966392993927002,-0.025293415412306786,0.6615651845932007,0.6138486266136169,-0.04753680154681206,0.6577318906784058,0.5617009401321411,-0.06425968557596207,0.6572986245155334,0.5179432034492493,-0.07458142936229706,0.6869434118270874,0.7100077867507935,-0.029734045267105103,0.6945509314537048,0.6546111106872559,-0.053446270525455475,0.6789554953575134,0.6884818077087402,-0.05623668432235718,0.6668926477432251,0.7165482044219971,-0.05222199112176895,0.7095139026641846,0.7316879630088806,-0.03647547960281372,0.7186526656150818,0.677192211151123,-0.0537986159324646,0.7242571115493774,0.6430899500846863,-0.0569869801402092,0.7297582030296326,0.6092809438705444,-0.05611477792263031
0.6813594102859497,0.8794482946395874,5.05955995322438e-07,0.646453857421875,0.8450129628181458,-0.021505752578377724,0.6332284808158875,0.7910379767417908,-0.03668887913227081,0.6458308696746826,0.7487781047821045,-0.05228988826274872,0.6665013432502747,0.7193577289581299,-0.06602797657251358,0.6348205208778381,0.6999086141586304,-0.02069978415966034,0.6220211982727051,0.6231871843338013,-0.03787042200565338,0.6145037412643433,0.5779318809509277,-0.04959554225206375,0.6097540259361267,0.5403227806091309,-0.05767292156815529,0.6618097424507141,0.6962436437606812,-0.023622700944542885,0.6618344783782959,0.6146434545516968,-0.046298615634441376,0.6576406955718994,0.5612656474113464,-0.0632520243525505,0.657150149345398,0.5176238417625427,-0.07333864271640778,0.6875446438789368,0.709816575050354,-0.028611963614821434,0.6951916217803955,0.6545500159263611,-0.05327962711453438,0.6799392104148865,0.6873875260353088,-0.05653313174843788,0.6682467460632324,0.7154009938240051,-0.05235665291547775,0.7099252343177795,0.7320767045021057,-0.03576098755002022,0.719200849533081,0.6777147054672241,-0.0535447932779789,0.7246476411819458,0.6431477665901184,-0.05657719820737839,0.7300667762756348,0.6088046431541443,-0.05526722967624664
0.6803600192070007,0.8799742460250854,5.077160381006252e-07,0.6464577913284302,0.8469502925872803,-0.020865976810455322,0.6337672472000122,0.7926812171936035,-0.03550884500145912,0.646378219127655,0.7507407069206238,-0.05087795853614807,0.6654613614082336,0.7191348671913147,-0.06423728913068771,0.6348437666893005,0.6978311538696289,-0.01812957040965557,0.6223790049552917,0.6228846311569214,-0.03491760790348053,0.6142866611480713,0.5777814388275146,-0.04614657908678055,0.6094504594802856,0.5405617952346802,-0.05364309623837471,0.6622300148010254,0.6946250200271606,-0.02167346514761448,0.6623017191886902,0.6141873002052307,-0.044484853744506836,0.6569836735725403,0.5604760646820068,-0.06145305559039116,0.6563075184822083,0.5181851983070374,-0.07112568616867065,0.6880515813827515,0.7091039419174194,-0.02739117480814457,0.6962668895721436,0.6550403833389282,-0.05276038125157356,0.6799792051315308,0.6877362132072449,-0.055852260440588,0.6677431464195251,0.7155362367630005,-0.05109958350658417,0.7100584506988525,0.7321308851242065,-0.03517346456646919,0.7189421057701111,0.6778926849365234,-0.053044259548187256,0.7241875529289246,0.6430952548980713,-0.05533907935023308,0.7296783328056335,0.6084619760513306,-0.05319158360362053
0.6802929639816284,0.8796991109848022,4.906447088615096e-07,0.6465777158737183,0.845936119556427,-0.020038388669490814,0.6344907879829407,0.7909693717956543,-0.03438026085495949,0.6475088596343994,0.7487362623214722,-0.049655620008707047,0.6672972440719604,0.7197304368019104,-0.06299899518489838,0.6356227993965149,0.69854736328125,-0.017861736938357353,0.6225652694702148,0.623543381690979,-0.03482844680547714,0.6143513917922974,0.5785880088806152,-0.04614365100860596,0.6094025373458862,0.5413973331451416,-0.05378896743059158,0.6627931594848633,0.69493168592453,-0.021828867495059967,0.6622211337089539,0.613905668258667,-0.04504993557929993,0.6566810607910156,0.5605205297470093,-0.062101829797029495,0.6557793617248535,0.5179755091667175,-0.07180298119783401,0.6884099245071411,0.7093188166618347,-0.02783273532986641,0.6964163184165955,0.6544999480247498,-0.053378213196992874,0.6797480583190918,0.6877948045730591,-0.05601974576711655,0.6672637462615967,0.716071367263794,-0.05090565234422684,0.7101742029190063,0.7326335310935974,-0.03585043549537659,0.7191856503486633,0.6785182952880859,-0.05379122123122215,0.7245273590087891,0.6438342928886414,-0.05583623796701431,0.7299917936325073,0.6093982458114624,-0.053487781435251236
0.6805333495140076,0.8781141042709351,4.870883003604831e-07,0.6472175121307373,0.8447973728179932,-0.02076350897550583,0.6349759697914124,0.7908909320831299,-0.035383157432079315,0.6475440859794617,0.748553991317749,-0.05066893622279167,0.6667844653129578,0.7186598181724548,-0.0640903115272522,0.6353626251220703,0.6982583999633789,-0.01924121007323265,0.6225342750549316,0.623538613319397,-0.036424651741981506,0.6147058606147766,0.578490138053894,-0.04801255837082863,0.6099008321762085,0.5414348244667053,-0.055789459496736526,0.6627086997032166,0.6948437094688416,-0.02298225462436676,0.6625028848648071,0.613402247428894,-0.0459195114672184,0.657752275466919,0.5602012276649475,-0.06323404610157013,0.6573386788368225,0.5172882080078125,-0.07330305874347687,0.6884940266609192,0.7093625664710999,-0.028783347457647324,0.697536826133728,0.6560900807380676,-0.05413435772061348,0.6810662150382996,0.6874586343765259,-0.05792146176099777,0.6686007380485535,0.7146125435829163,-0.05379194766283035,0.7105446457862854,0.7326326966285706,-0.03658119589090347,0.7193041443824768,0.678006112575531,-0.054205797612667084,0.7245483994483948,0.6429427266120911,-0.0565592385828495,0.7301465272903442,0.609303891658783,-0.05463453382253647
0.6817368865013123,0.8793420791625977,4.96513791858888e-07,0.6479278802871704,0.8466356992721558,-0.021862363442778587,0.6350961923599243,0.7920544743537903,-0.036773502826690674,0.6465627551078796,0.7479656934738159,-0.05203300341963768,0.6661677956581116,0.7173945903778076,-0.06526026874780655,0.6353036761283875,0.6993678212165833,-0.020132355391979218,0.6226940155029297,0.6236584186553955,-0.03675813600420952,0.6149738430976868,0.5783781409263611,-0.04781726375222206,0.6101197600364685,0.5414791703224182,-0.05539591982960701,0.6624743938446045,0.6956445574760437,-0.022958999499678612,0.6624994874000549,0.6138879656791687,-0.045294139534235,0.6582303047180176,0.5603872537612915,-0.06195203214883804,0.6580873131752014,0.5174224376678467,-0.0717226043343544,0.6883353590965271,0.7096409201622009,-0.027903052046895027,0.6956321597099304,0.6547210216522217,-0.05248540639877319,0.6797941327095032,0.6881392598152161,-0.05540630593895912,0.667996883392334,0.7162219882011414,-0.05089707300066948,0.7105825543403625,0.7320333123207092,-0.03499969094991684,0.718948245048523,0.677545428276062,-0.0523940771818161,0.7241479158401489,0.6432300806045532,-0.054877541959285736,0.7295647859573364,0.6091170907020569,-0.0531812384724617
0.6822028160095215,0.8800037503242493,5.080485721009609e-07,0.6477615833282471,0.8457508087158203,-0.021572621539235115,0.6352854371070862,0.790986180305481,-0.036920271813869476,0.6456650495529175,0.7470260858535767,-0.05277051404118538,0.6654050946235657,0.7177284955978394,-0.06672835350036621,0.6354990601539612,0.7004365921020508,-0.021081000566482544,0.6227577924728394,0.6237863302230835,-0.03784085437655449,0.6153385639190674,0.5785414576530457,-0.049043841660022736,0.6107761263847351,0.541624903678894,-0.056898023933172226,0.6623111963272095,0.6969945430755615,-0.024002840742468834,0.6626142859458923,0.6148679852485657,-0.04636102542281151,0.6590596437454224,0.562200665473938,-0.06319421529769897,0.6592435240745544,0.5182578563690186,-0.0734235942363739,0.6879789233207703,0.7105997204780579,-0.028894444927573204,0.6948286294937134,0.6551020741462708,-0.052935052663087845,0.6780768036842346,0.6904146075248718,-0.055611204355955124,0.6652420163154602,0.7195769548416138,-0.05131924897432327,0.7103047370910645,0.7325875759124756,-0.03599616885185242,0.7189731597900391,0.677848219871521,-0.053244590759277344,0.7242820262908936,0.6427971124649048,-0.056149423122406006,0.7295560240745544,0.6078675985336304,-0.05501285940408707
0.6824547052383423,0.8795967102050781,5.15550880209048e-07,0.6477956175804138,0.8457434177398682,-0.022377224639058113,0.6354159116744995,0.7922759056091309,-0.037792425602674484,0.6464381217956543,0.7487119436264038,-0.05342462658882141,0.6663827300071716,0.7172629237174988,-0.06709215044975281,0.6351901888847351,0.6999122500419617,-0.02128470689058304,0.622593343257904,0.624120831489563,-0.03779267892241478,0.6153312921524048,0.5789761543273926,-0.04881899431347847,0.6110019683837891,0.5415760278701782,-0.056416843086481094,0.6624787449836731,0.6959359049797058,-0.023641806095838547,0.6625239253044128,0.6143441796302795,-0.045265134423971176,0.6589472889900208,0.5615113973617554,-0.06146710738539696,0.6593049764633179,0.5179739594459534,-0.07119502872228622,0.6885586380958557,0.7095113396644592,-0.02814672142267227,0.6950470209121704,0.6560674905776978,-0.05229758098721504,0.6780133247375488,0.6905121803283691,-0.055577602237463,0.6651359796524048,0.7188700437545776,-0.05148465186357498,0.7109606266021729,0.7311515808105469,-0.0348343625664711,0.7195011377334595,0.6764817237854004,-0.05225541070103645,0.7245098948478699,0.6419687271118164,-0.05541759356856346,0.7296998500823975,0.6078153848648071,-0.05430813878774643
0.6821951866149902,0.8786005973815918,5.148899617779534e-07,0.6471293568611145,0.8456453680992126,-0.02188831940293312,0.6345986723899841,0.7908303141593933,-0.03701363876461983,0.6469092965126038,0.7474881410598755,-0.05247699096798897,0.6677994728088379,0.7191015481948853,-0.06608768552541733,0.635271430015564,0.6990532279014587,-0.02115924283862114,0.6223565340042114,0.6236635446548462,-0.03771349787712097,0.6150491237640381,0.5786892175674438,-0.048886220902204514,0.6108689308166504,0.5413781404495239,-0.05670197680592537,0.6626275181770325,0.6953432559967041,-0.02369571290910244,0.66288822889328,0.614313542842865,-0.04578748717904091,0.6592903137207031,0.5615182518959045,-0.06236365810036659,0.6597338318824768,0.5181851387023926,-0.07234976440668106,0.6885141134262085,0.7088013291358948,-0.028244763612747192,0.6952913999557495,0.6546130180358887,-0.05242209881544113,0.6785405874252319,0.6898138523101807,-0.05541243776679039,0.6658895015716553,0.7188907265663147,-0.05114452540874481,0.7108560800552368,0.7304915189743042,-0.0349753201007843,0.7198059558868408,0.6762184500694275,-0.052213143557310104,0.7252534627914429,0.6423485279083252,-0.05515269562602043,0.7307100296020508,0.608366847038269,-0.05393833667039871
0.6815823912620544,0.8799701929092407,5.098697783978423e-07,0.6470517516136169,0.8459876775741577,-0.02122318372130394,0.6349474787712097,0.7905302047729492,-0.036157771944999695,0.6466599106788635,0.7469460964202881,-0.05177814140915871,0.6660171747207642,0.7184833884239197,-0.0655359998345375,0.6356204152107239,0.6994269490242004,-0.01979287900030613,0.6227153539657593,0.6236491203308105,-0.03633565455675125,0.6149404048919678,0.5784115791320801,-0.04729710519313812,0.6103116869926453,0.5413618087768555,-0.054923996329307556,0.6628758311271667,0.6958658695220947,-0.023048071190714836,0.6630731225013733,0.6147953867912292,-0.04543633013963699,0.6587808728218079,0.5622187256813049,-0.062255363911390305,0.6587008237838745,0.5187538862228394,-0.072261743247509,0.68864905834198,0.7096688151359558,-0.028332211077213287,0.6963809728622437,0.6545421481132507,-0.05303080007433891,0.6792348623275757,0.6898171305656433,-0.055911365896463394,0.6661877632141113,0.7191697955131531,-0.05139971524477005,0.7105960845947266,0.7321215271949768,-0.03576389700174332,0.7189279198646545,0.6776790618896484,-0.05350862443447113,0.7241870164871216,0.6427768468856812,-0.0563797764480114,0.7299032211303711,0.608433187007904,-0.05493590608239174
0.6810087561607361,0.8792596459388733,5.052260121374275e-07,0.6473907828330994,0.8474148511886597,-0.021087059751152992,0.634869396686554,0.7919372320175171,-0.03540073335170746,0.6475364565849304,0.7489386200904846,-0.05040759593248367,0.6670015454292297,0.7183806300163269,-0.06342916190624237,0.6352286338806152,0.6974643468856812,-0.01825564168393612,0.6229797601699829,0.6234458684921265,-0.034756727516651154,0.6148732304573059,0.5784739255905151,-0.04571111127734184,0.609865128993988,0.5412207245826721,-0.05311069265007973,0.6629577875137329,0.6937497854232788,-0.021708104759454727,0.6635398268699646,0.6133120656013489,-0.04440375789999962,0.6585724949836731,0.5600036382675171,-0.06120473891496658,0.6579194068908691,0.5178345441818237,-0.0707525759935379,0.6887705326080322,0.7082750201225281,-0.02732301875948906,0.6970576643943787,0.6550329923629761,-0.05309085175395012,0.6804725527763367,0.6893515586853027,-0.05623632296919823,0.6679131388664246,0.7181588411331177,-0.05132235586643219,0.7105970978736877,0.7314428687095642,-0.034977879375219345,0.7192362546920776,0.6774239540100098,-0.05316288769245148,0.7247995138168335,0.6426246166229248,-0.0555332787334919,0.730630099773407,0.6081750392913818,-0.05337277427315712
0.6818103194236755,0.8802379369735718,5.039259463046619e-07,0.6482559442520142,0.8470420241355896,-0.02138913981616497,0.6364039778709412,0.7924025058746338,-0.03626411035656929,0.6484168171882629,0.7495352029800415,-0.0516723096370697,0.6674176454544067,0.7190507054328918,-0.06497836112976074,0.635176420211792,0.6977959275245667,-0.01928696222603321,0.6230407953262329,0.6224742531776428,-0.036107227206230164,0.6154311299324036,0.5773876309394836,-0.04738754406571388,0.6106534600257874,0.5398996472358704,-0.05508360266685486,0.6625819206237793,0.69423907995224,-0.022375451400876045,0.6633277535438538,0.6139348149299622,-0.045360974967479706,0.6590426564216614,0.5605940222740173,-0.06220207363367081,0.6588228344917297,0.5179119110107422,-0.07194247841835022,0.6883400678634644,0.7086489200592041,-0.02755514159798622,0.696559727191925,0.6538912653923035,-0.05289698392152786,0.6802827715873718,0.689142107963562,-0.0551365427672863,0.6678122878074646,0.7183610200881958,-0.0498494990170002,0.7104153037071228,0.7317459583282471,-0.034867722541093826,0.7194735407829285,0.6774676442146301,-0.0526992529630661,0.7251229286193848,0.6428308486938477,-0.05471884086728096,0.7307679653167725,0.6079843044281006,-0.052435170859098434
0.6832268238067627,0.880401611328125,5.171783641344518e-07,0.6485392451286316,0.8456023931503296,-0.021602656692266464,0.6359099745750427,0.7917065024375916,-0.03745266795158386,0.6466809511184692,0.7472721338272095,-0.053955938667058945,0.6667662262916565,0.7175255417823792,-0.06833396106958389,0.6357767581939697,0.699910581111908,-0.021286634728312492,0.6229280233383179,0.6228302717208862,-0.03822242096066475,0.6156960129737854,0.5774093866348267,-0.04904383420944214,0.6112627983093262,0.5408443212509155,-0.05652561038732529,0.6627913117408752,0.6960196495056152,-0.02443040907382965,0.6629062294960022,0.6133625507354736,-0.04711928963661194,0.6591631770133972,0.561181902885437,-0.06346559524536133,0.6591095924377441,0.5170793533325195,-0.07314278930425644,0.6885759830474854,0.70952308177948,-0.029556307941675186,0.6961645483970642,0.652919590473175,-0.05390030890703201,0.6797335743904114,0.6892089247703552,-0.05537824705243111,0.666966438293457,0.7188727855682373,-0.050030291080474854,0.7107510566711426,0.7319307923316956,-0.03697822615504265,0.7193477749824524,0.6774640679359436,-0.0546734556555748,0.7247089147567749,0.642104983329773,-0.05721505358815193,0.7302876114845276,0.6069228053092957,-0.055482156574726105
0.6829634308815002,0.8790248036384583,5.182513405088685e-07,0.6480022668838501,0.8437127470970154,-0.02140112780034542,0.6359317302703857,0.7905973792076111,-0.03733029589056969,0.6480982303619385,0.7472856640815735,-0.053899135440588,0.6688879728317261,0.7178735136985779,-0.0684208795428276,0.6360764503479004,0.7000877261161804,-0.02187873236835003,0.6235677599906921,0.6227108240127563,-0.038970377296209335,0.6166935563087463,0.5775340795516968,-0.05028492212295532,0.6124007105827332,0.540379524230957,-0.05837147682905197,0.6629871726036072,0.6957954168319702,-0.024967096745967865,0.6630578637123108,0.6130198836326599,-0.047664351761341095,0.6593840718269348,0.560779333114624,-0.06442524492740631,0.6593649387359619,0.5160984992980957,-0.0747792050242424,0.6885586977005005,0.7089276313781738,-0.02992646023631096,0.6960797905921936,0.652064859867096,-0.05367524176836014,0.6798953413963318,0.6890552043914795,-0.05491939187049866,0.6671762466430664,0.718826413154602,-0.04976687952876091,0.710777997970581,0.7309144735336304,-0.03723660483956337,0.7197597026824951,0.6768637299537659,-0.05466347932815552,0.724906325340271,0.6420609951019287,-0.05731545761227608,0.7298315167427063,0.6071946024894714,-0.05588313564658165
0.682681143283844,0.8798737525939941,5.164800995771657e-07,0.648415744304657,0.8444051742553711,-0.02133559063076973,0.6368134021759033,0.7904489636421204,-0.03698735311627388,0.6466619968414307,0.7464439868927002,-0.05315958708524704,0.6651369333267212,0.7157073616981506,-0.06723161041736603,0.6359233260154724,0.6990498900413513,-0.02145032025873661,0.6235228776931763,0.6215136051177979,-0.038280654698610306,0.6164624691009521,0.5762040019035339,-0.049267303198575974,0.6122263073921204,0.5390874743461609,-0.05690959468483925,0.6627907156944275,0.6956636309623718,-0.024366803467273712,0.6632814407348633,0.6136095523834229,-0.0469512902200222,0.6598414182662964,0.5609663724899292,-0.06324920803308487,0.6599720120429993,0.5168213844299316,-0.07301200926303864,0.6887031197547913,0.7092530727386475,-0.029195478186011314,0.6957066655158997,0.6523242592811584,-0.05326049029827118,0.6798012852668762,0.6887815594673157,-0.054713889956474304,0.6674127578735352,0.7183606028556824,-0.0495029054582119,0.7111288905143738,0.7315797209739685,-0.036272771656513214,0.7201801538467407,0.6771712303161621,-0.053908076137304306,0.7253769636154175,0.6420959234237671,-0.05659893900156021,0.7304365038871765,0.6065683364868164,-0.05506538227200508
0.682711124420166,0.8780911564826965,5.169275141270191e-07,0.6488164067268372,0.8441329002380371,-0.02254316583275795,0.6367744207382202,0.7904859781265259,-0.03858129307627678,0.6478607654571533,0.7464185357093811,-0.05499141290783882,0.667484700679779,0.71695876121521,-0.0693238154053688,0.6356115937232971,0.6991261839866638,-0.022007878869771957,0.6229608058929443,0.622467577457428,-0.03912176936864853,0.615784764289856,0.5770702958106995,-0.050150223076343536,0.6114743947982788,0.5401052236557007,-0.05770894140005112,0.6628456115722656,0.6954997777938843,-0.024540193378925323,0.6632079482078552,0.6138396859169006,-0.04738495126366615,0.6597236394882202,0.5618227124214172,-0.06368600577116013,0.6599551439285278,0.5184687972068787,-0.07327235490083694,0.6889363527297974,0.7089101076126099,-0.029157491400837898,0.6965742111206055,0.6531676650047302,-0.05386372283101082,0.6809155344963074,0.6893065571784973,-0.05568857118487358,0.6687711477279663,0.7189328074455261,-0.05044454708695412,0.7114132642745972,0.7308171391487122,-0.03608489781618118,0.7200149297714233,0.6767457127571106,-0.053750280290842056,0.7253379225730896,0.6421111226081848,-0.05622042715549469,0.7305749654769897,0.6073640584945679,-0.05446331575512886
0.6835482120513916,0.8780978918075562,5.230587021287647e-07,0.6493401527404785,0.8446984887123108,-0.023128380998969078,0.6376355290412903,0.7907890677452087,-0.039414793252944946,0.6485185027122498,0.746273398399353,-0.05586206167936325,0.6675626039505005,0.7177560925483704,-0.07018168270587921,0.6361472606658936,0.7001139521598816,-0.023882843554019928,0.6227147579193115,0.6221434473991394,-0.04072069376707077,0.6156601905822754,0.5763942003250122,-0.051527537405490875,0.6113730072975159,0.5395137071609497,-0.059125471860170364,0.6630339622497559,0.6962732076644897,-0.02573179081082344,0.6632020473480225,0.61384117603302,-0.04790809750556946,0.6598897576332092,0.5621899366378784,-0.06373650580644608,0.6600848436355591,0.5179991722106934,-0.07335694134235382,0.688818633556366,0.7090552449226379,-0.029563792049884796,0.696121335029602,0.6523296236991882,-0.05280448496341705,0.6807323694229126,0.6893591284751892,-0.05376269295811653,0.6688196063041687,0.7192773222923279,-0.0484447218477726,0.7112624049186707,0.7303119897842407,-0.03590135648846626,0.7203235030174255,0.6760322451591492,-0.0529981292784214,0.7258261442184448,0.6414229273796082,-0.05577373132109642,0.7312015295028687,0.6066864728927612,-0.054485172033309937
0.6824074387550354,0.8777405023574829,5.262519380266895e-07,0.6480614542961121,0.8432676196098328,-0.023271847516298294,0.6362748146057129,0.7901012897491455,-0.039954833686351776,0.646664559841156,0.7457072138786316,-0.05696265399456024,0.6655996441841125,0.7159087061882019,-0.07188892364501953,0.6361355781555176,0.7000667452812195,-0.023357562720775604,0.622833251953125,0.6228386759757996,-0.040536366403102875,0.6152945160865784,0.5773594379425049,-0.05119704455137253,0.6109668612480164,0.5409894585609436,-0.058416638523340225,0.6630521416664124,0.6961789727210999,-0.02554353140294552,0.6632885932922363,0.613513171672821,-0.04796743765473366,0.6595686674118042,0.5617032051086426,-0.06381382793188095,0.6595667004585266,0.5176049470901489,-0.07309187203645706,0.6890751123428345,0.7090377807617188,-0.029861202463507652,0.6969649791717529,0.6528581976890564,-0.05409427732229233,0.6806109547615051,0.6884497404098511,-0.05596951022744179,0.6676806211471558,0.7175371050834656,-0.050923366099596024,0.7114877104759216,0.7307321429252625,-0.03658516705036163,0.7198231220245361,0.6771041750907898,-0.05444686859846115,0.7250661253929138,0.6421775817871094,-0.057508088648319244,0.7305155396461487,0.6073904037475586,-0.056143857538700104
0.6835178136825562,0.8796104788780212,5.235350499788183e-07,0.6486235857009888,0.8442592620849609,-0.02224319986999035,0.636691689491272,0.7896395921707153,-0.03874216228723526,0.64634770154953,0.7439187169075012,-0.055827055126428604,0.6666679382324219,0.7163364887237549,-0.07072845846414566,0.6361120343208313,0.7015913128852844,-0.023012161254882812,0.6225507855415344,0.6228503584861755,-0.040195390582084656,0.6152831315994263,0.577330470085144,-0.05079583451151848,0.611007571220398,0.5413037538528442,-0.05812007188796997,0.6627010107040405,0.6972551345825195,-0.025408124551177025,0.6627755165100098,0.6138181686401367,-0.047796376049518585,0.6595507860183716,0.5624433755874634,-0.06338009238243103,0.6596078276634216,0.5175899267196655,-0.0726466029882431,0.6883642077445984,0.7094976902008057,-0.029758740216493607,0.6954602599143982,0.6522778272628784,-0.0529165156185627,0.6797972321510315,0.6900153160095215,-0.0529850497841835,0.6673588752746582,0.7202051877975464,-0.04692933335900307,0.7105226516723633,0.7307276725769043,-0.03663366287946701,0.719169557094574,0.6770092844963074,-0.053648706525564194,0.7246785759925842,0.641836941242218,-0.056078411638736725,0.7302095890045166,0.6068082451820374,-0.054367829114198685
0.682575523853302,0.8768577575683594,5.227379347161332e-07,0.6482104659080505,0.8429742455482483,-0.022422803565859795,0.6360785961151123,0.7906230688095093,-0.038787104189395905,0.6473232507705688,0.7471047043800354,-0.055486228317022324,0.6670823693275452,0.7169392108917236,-0.07013947516679764,0.6357554197311401,0.6996623277664185,-0.023318607360124588,0.6233822107315063,0.6229113340377808,-0.04044099524617195,0.6163749694824219,0.577814519405365,-0.05155651271343231,0.6120513081550598,0.5408764481544495,-0.059307366609573364,0.6624345779418945,0.6956642270088196,-0.025870945304632187,0.6623666286468506,0.6128372550010681,-0.04808461666107178,0.6588035821914673,0.5606915950775146,-0.06408347189426422,0.6589592099189758,0.5167009234428406,-0.07379757612943649,0.6880834102630615,0.7088534235954285,-0.030391672626137733,0.6951520442962646,0.6534534096717834,-0.0538099929690361,0.6793609857559204,0.6898868680000305,-0.05498876795172691,0.6671441197395325,0.7192457914352417,-0.04977978765964508,0.7105036377906799,0.7303189039230347,-0.037328872829675674,0.7189319729804993,0.6763380765914917,-0.05435136705636978,0.7240354418754578,0.6419535279273987,-0.05671508237719536,0.7291248440742493,0.6076952815055847,-0.05511019006371498
0.6833312511444092,0.8784191608428955,5.125536972627742e-07,0.6486708521842957,0.8449979424476624,-0.021300116553902626,0.6360726356506348,0.7902755737304688,-0.03672034293413162,0.6457921862602234,0.7454270720481873,-0.05251668393611908,0.6662607192993164,0.7165917158126831,-0.06641403585672379,0.6360188126564026,0.7018896341323853,-0.023287618532776833,0.6230767369270325,0.6234374642372131,-0.04068249464035034,0.6161579489707947,0.5777914524078369,-0.05256884545087814,0.611884355545044,0.5403988361358643,-0.06121765449643135,0.6627646684646606,0.6974663138389587,-0.02600519359111786,0.6628013849258423,0.6143020987510681,-0.04866905137896538,0.6596421003341675,0.5609228014945984,-0.06592778116464615,0.6597712635993958,0.5162551403045654,-0.07700250297784805,0.688108503818512,0.7101784944534302,-0.030417656525969505,0.6939754486083984,0.6533149480819702,-0.05295310169458389,0.6783592700958252,0.6874070763587952,-0.054442524909973145,0.666174590587616,0.715732991695404,-0.050129882991313934,0.710472047328949,0.7313275337219238,-0.03720391169190407,0.7189255356788635,0.676166296005249,-0.05394284054636955,0.7245199084281921,0.6415729522705078,-0.056934770196676254,0.7297856211662292,0.607353150844574,-0.05616745352745056
0.6821682453155518,0.8750419020652771,5.190951810618571e-07,0.6484835147857666,0.8424183130264282,-0.0227824579924345,0.6360886693000793,0.7899085283279419,-0.03902186080813408,0.6476820707321167,0.7467001676559448,-0.055452022701501846,0.6679956316947937,0.7175722122192383,-0.06989526003599167,0.6362382173538208,0.70014488697052,-0.02422371879220009,0.6236138939857483,0.6234113574028015,-0.04170313850045204,0.6163609623908997,0.5782553553581238,-0.0530654601752758,0.6117950081825256,0.5412278175354004,-0.0610625334084034,0.662858784198761,0.6956888437271118,-0.026518482714891434,0.6629854440689087,0.6132667064666748,-0.04910867661237717,0.6591460108757019,0.5607727766036987,-0.0655156821012497,0.6588845252990723,0.5166348218917847,-0.07560806721448898,0.6881837248802185,0.7086154818534851,-0.030753543600440025,0.6954034566879272,0.6530627608299255,-0.05440763011574745,0.679959774017334,0.6872217655181885,-0.05628599226474762,0.6680915951728821,0.7155627608299255,-0.051634855568408966,0.7101321220397949,0.7301223874092102,-0.03740610554814339,0.7188732624053955,0.6767685413360596,-0.05494176596403122,0.723983645439148,0.6422094106674194,-0.05805545300245285,0.7292127013206482,0.6084160804748535,-0.05699098855257034
0.6819738745689392,0.8737308979034424,5.052673941463581e-07,0.648188591003418,0.8410643339157104,-0.02314992994070053,0.6359879970550537,0.7891164422035217,-0.03935844451189041,0.6472828984260559,0.7458106875419617,-0.05548674240708351,0.6673024892807007,0.7173663973808289,-0.06969743967056274,0.6358152031898499,0.6999333500862122,-0.02518484741449356,0.6222342848777771,0.6225844025611877,-0.042590029537677765,0.6148606538772583,0.5775030255317688,-0.054266709834337234,0.6101014614105225,0.5402706861495972,-0.06261246651411057,0.6625416278839111,0.6956696510314941,-0.027072256430983543,0.6628702878952026,0.6137561202049255,-0.049538858234882355,0.6598633527755737,0.562079906463623,-0.06623957306146622,0.6598466634750366,0.5178764462471008,-0.07679488509893417,0.6879698038101196,0.7084075808525085,-0.030861273407936096,0.6951009035110474,0.6535055041313171,-0.05426950752735138,0.6804395914077759,0.6872426867485046,-0.05680445581674576,0.6690441966056824,0.7150084376335144,-0.05292004719376564,0.710542619228363,0.7295132279396057,-0.03704984858632088,0.7194746732711792,0.6758083701133728,-0.05445251613855362,0.7252241373062134,0.6418869495391846,-0.05799727886915207,0.730858325958252,0.6082942485809326,-0.05751682445406914
0.6820650696754456,0.8745821714401245,5.061339152234723e-07,0.6483467221260071,0.8426296710968018,-0.022127119824290276,0.6359562873840332,0.790344774723053,-0.03753901645541191,0.647451639175415,0.7472552061080933,-0.05314831808209419,0.666443943977356,0.717708945274353,-0.06693298369646072,0.6361152529716492,0.6989485621452332,-0.022699864581227303,0.6226686239242554,0.6227723360061646,-0.0397203229367733,0.6150766015052795,0.5776386857032776,-0.05106864497065544,0.6101014614105225,0.5406678915023804,-0.05889985337853432,0.6628701090812683,0.6953262686729431,-0.025313908234238625,0.6631202101707458,0.6135807037353516,-0.04756121709942818,0.6592805981636047,0.560896098613739,-0.06411562114953995,0.6588100790977478,0.5176591873168945,-0.07407718896865845,0.6884729862213135,0.7090054154396057,-0.02992008812725544,0.6949825882911682,0.6549145579338074,-0.053961679339408875,0.6802303791046143,0.6879827380180359,-0.05705654248595238,0.6692161560058594,0.7156930565834045,-0.05299131199717522,0.7110231518745422,0.7308854460716248,-0.03672618046402931,0.7194964289665222,0.6763954162597656,-0.05417681112885475,0.7251700758934021,0.642410159111023,-0.057251352816820145,0.7310644388198853,0.6088047623634338,-0.05611290782690048
0.6835535168647766,0.8756587505340576,4.992279514226539e-07,0.6490271687507629,0.8426978588104248,-0.022086502984166145,0.6364021301269531,0.7898368835449219,-0.03737184405326843,0.646930992603302,0.7459390163421631,-0.052758894860744476,0.665866494178772,0.7167204022407532,-0.06630731374025345,0.6360015273094177,0.6997231841087341,-0.022851306945085526,0.6225998401641846,0.6227715015411377,-0.03960724174976349,0.6152893900871277,0.5773900747299194,-0.05098352208733559,0.6104260683059692,0.5404145121574402,-0.05899481475353241,0.6628301739692688,0.6959550976753235,-0.02525782585144043,0.6630916595458984,0.6137493252754211,-0.046948499977588654,0.6597900390625,0.5613656640052795,-0.06332522630691528,0.6595381498336792,0.5177319049835205,-0.07347454875707626,0.6885738968849182,0.7091729640960693,-0.02964049018919468,0.6952922344207764,0.6545470952987671,-0.05286002159118652,0.6805825233459473,0.6872164011001587,-0.055850058794021606,0.6692911386489868,0.7145825028419495,-0.05212651938199997,0.7113186717033386,0.7306150197982788,-0.03627074509859085,0.7194597125053406,0.6760671734809875,-0.053396131843328476,0.7250288724899292,0.6421758532524109,-0.056722383946180344,0.730874240398407,0.6089178323745728,-0.05600552260875702
0.6838447451591492,0.8784143924713135,5.200785722081491e-07,0.6487252712249756,0.8450754284858704,-0.022053983062505722,0.6370705366134644,0.7908303141593933,-0.03783724084496498,0.6464161276817322,0.745905876159668,-0.05391383916139603,0.6651145815849304,0.7160307765007019,-0.06802088022232056,0.6367486715316772,0.702028751373291,-0.023644467815756798,0.623584508895874,0.623839795589447,-0.04101572930812836,0.6160025596618652,0.5782707929611206,-0.05242041498422623,0.6112350821495056,0.5413329005241394,-0.06050896644592285,0.6632081866264343,0.6975682377815247,-0.026025790721178055,0.6632305383682251,0.6140747666358948,-0.04829586297273636,0.6593331098556519,0.5613492131233215,-0.06477346271276474,0.6588261127471924,0.516647458076477,-0.07503330707550049,0.6886116862297058,0.7102154493331909,-0.03026311844587326,0.6951115727424622,0.6533482670783997,-0.05293482542037964,0.6790488958358765,0.6877642869949341,-0.054309092462062836,0.6665930151939392,0.7162024974822998,-0.049692656844854355,0.7107638120651245,0.7315021753311157,-0.03694650158286095,0.7199851274490356,0.6771146059036255,-0.05401374772191048,0.7252148389816284,0.6422294974327087,-0.057263217866420746,0.7303946018218994,0.6077225208282471,-0.0564698688685894
0.6837372779846191,0.8796944618225098,5.253527888271492e-07,0.6480110287666321,0.8441349864006042,-0.021185796707868576,0.63596510887146,0.7900012731552124,-0.03718128055334091,0.6459914445877075,0.7451303005218506,-0.05383992940187454,0.6662015318870544,0.7157673239707947,-0.06860334426164627,0.6362525820732117,0.7026519775390625,-0.02269197255373001,0.6232039332389832,0.6241542100906372,-0.04027094691991806,0.6162136793136597,0.5784124732017517,-0.05176487937569618,0.6119834184646606,0.5415360927581787,-0.059833407402038574,0.6627916693687439,0.6982280611991882,-0.025781460106372833,0.6630309224128723,0.6140430569648743,-0.04803577437996864,0.6599293947219849,0.5615997910499573,-0.06425623595714569,0.6598940491676331,0.5161508917808533,-0.07426484674215317,0.6885088086128235,0.7108665108680725,-0.030735768377780914,0.6948357820510864,0.6530328989028931,-0.053470633924007416,0.6790906190872192,0.6880931258201599,-0.05448468029499054,0.6668978929519653,0.7171526551246643,-0.04946621507406235,0.7108599543571472,0.732431948184967,-0.038108326494693756,0.7199931144714355,0.6773221492767334,-0.05508401617407799,0.7250306010246277,0.6419889330863953,-0.05798323452472687,0.730166494846344,0.6073411703109741,-0.056817952543497086
0.6824899315834045,0.8775259852409363,5.231804607319646e-07,0.6484304666519165,0.844106137752533,-0.022111190482974052,0.6367564797401428,0.7897307276725769,-0.03769564628601074,0.6474704742431641,0.745873749256134,-0.053650062531232834,0.6667518019676208,0.7151739597320557,-0.06760171055793762,0.6363965272903442,0.6988539099693298,-0.021875856444239616,0.6240785717964172,0.622705340385437,-0.038748323917388916,0.6165084838867188,0.5778647661209106,-0.0496734119951725,0.6118450164794922,0.5409863591194153,-0.057180169969797134,0.6629944443702698,0.6950868368148804,-0.02454974502325058,0.6635662913322449,0.6126976013183594,-0.046704452484846115,0.6595314741134644,0.5599409937858582,-0.06296682357788086,0.6592989563941956,0.5162241458892822,-0.07268434762954712,0.6882914304733276,0.7087438702583313,-0.0292693879455328,0.6953041553497314,0.6541788578033447,-0.0535513311624527,0.6788349747657776,0.6890745759010315,-0.05626543611288071,0.6664614677429199,0.7176753282546997,-0.051786087453365326,0.7100691795349121,0.7309806942939758,-0.03621489182114601,0.719384491443634,0.6767953038215637,-0.05388057976961136,0.7247439026832581,0.6418148875236511,-0.05702050030231476,0.7303705811500549,0.6073513627052307,-0.055821653455495834
0.6832072138786316,0.8783349990844727,5.051191465099691e-07,0.6491128206253052,0.8456318378448486,-0.02154618687927723,0.6367358565330505,0.7902458906173706,-0.03600151836872101,0.6470686197280884,0.7460247874259949,-0.05073899030685425,0.6653347015380859,0.7162668108940125,-0.06349097937345505,0.6359748244285583,0.69837886095047,-0.02017666958272457,0.6230648756027222,0.6226930022239685,-0.036177076399326324,0.6156240105628967,0.577934741973877,-0.04680264741182327,0.6110700368881226,0.5411504507064819,-0.05414922907948494,0.6630369424819946,0.6950008869171143,-0.022724105045199394,0.6631023287773132,0.6134276390075684,-0.044486645609140396,0.6593735814094543,0.5605698227882385,-0.060856498777866364,0.6595994234085083,0.5184122920036316,-0.0705690011382103,0.6887983083724976,0.7086372971534729,-0.027305705472826958,0.6953583359718323,0.6545079350471497,-0.0514448843896389,0.6791228652000427,0.6880377531051636,-0.05476519465446472,0.6668763160705566,0.7160173058509827,-0.05065714567899704,0.7109271287918091,0.7302923202514648,-0.03398372605443001,0.7202757000923157,0.675622820854187,-0.05133673548698425,0.7256898283958435,0.6411383152008057,-0.054542072117328644,0.7309101819992065,0.606675922870636,-0.05347013473510742
0.6833353638648987,0.8781784772872925,5.142778150002414e-07,0.6485196352005005,0.8442848920822144,-0.021384691819548607,0.636329174041748,0.7894569039344788,-0.03659200668334961,0.6470217704772949,0.7456443905830383,-0.05225852504372597,0.6656726002693176,0.7170859575271606,-0.06598687916994095,0.6360276937484741,0.6992344856262207,-0.02129005827009678,0.6228534579277039,0.6227061152458191,-0.03764374554157257,0.6155046224594116,0.5777140855789185,-0.04830288514494896,0.6111644506454468,0.5410605669021606,-0.055708304047584534,0.6627614498138428,0.6957746744155884,-0.02407710626721382,0.6631423234939575,0.6135267615318298,-0.04588508605957031,0.6597520709037781,0.5614736080169678,-0.0619804784655571,0.6601396203041077,0.5179008841514587,-0.0716659277677536,0.6883783936500549,0.7089728116989136,-0.02880416065454483,0.6955514550209045,0.6527854800224304,-0.05242105573415756,0.679530143737793,0.6876308917999268,-0.05481373891234398,0.6674225926399231,0.7165451645851135,-0.05032198503613472,0.7105087637901306,0.730700671672821,-0.035740770399570465,0.7197946310043335,0.6758447885513306,-0.05290897563099861,0.725215494632721,0.6408786773681641,-0.05594978481531143,0.7307529449462891,0.6063376069068909,-0.054828763008117676
0.6833670735359192,0.8762577176094055,5.144520400790498e-07,0.6487133502960205,0.8423270583152771,-0.02242046222090721,0.63616943359375,0.7883440852165222,-0.03834127262234688,0.6475603580474854,0.7439906001091003,-0.054490454494953156,0.6684394478797913,0.7156208157539368,-0.06877286732196808,0.6360911130905151,0.7005080580711365,-0.023846231400966644,0.6230209469795227,0.6228084564208984,-0.040905602276325226,0.6159444451332092,0.577469527721405,-0.05194384604692459,0.6117544174194336,0.5406845808029175,-0.05955285578966141,0.6626426577568054,0.6963785886764526,-0.026147639378905296,0.6629664301872253,0.6126002669334412,-0.04770814627408981,0.65971440076828,0.5611473321914673,-0.06332436203956604,0.6598823070526123,0.5167943239212036,-0.0728074163198471,0.6882717609405518,0.7090504169464111,-0.03041389212012291,0.6965522766113281,0.6542298793792725,-0.053629595786333084,0.6812347173690796,0.6889218688011169,-0.0558396577835083,0.6694062948226929,0.7174572944641113,-0.05135874077677727,0.7106008529663086,0.7304884195327759,-0.03702805936336517,0.7194835543632507,0.6760649085044861,-0.054164037108421326,0.7248484492301941,0.6414411067962646,-0.05724532902240753,0.7306697964668274,0.6080598831176758,-0.05616766959428787
0.6843000054359436,0.8784800171852112,5.204834110372758e-07,0.6490678787231445,0.8447709679603577,-0.022024642676115036,0.6368772983551025,0.7900227308273315,-0.037905436009168625,0.6469931602478027,0.7449140548706055,-0.0540606752038002,0.6672184467315674,0.716065526008606,-0.06819739192724228,0.636195182800293,0.7013311386108398,-0.02372622862458229,0.6230732798576355,0.6227761507034302,-0.040770530700683594,0.6159997582435608,0.5772998929023743,-0.05200652405619621,0.6117138862609863,0.5405397415161133,-0.060039062052965164,0.6626661419868469,0.6971370577812195,-0.02603781595826149,0.663155734539032,0.6133569478988647,-0.04789165034890175,0.659788191318512,0.5611457824707031,-0.06402672827243805,0.659539520740509,0.5161746144294739,-0.07416226714849472,0.6879720091819763,0.7097848057746887,-0.030199142172932625,0.6950531601905823,0.6529155373573303,-0.052514687180519104,0.6800625324249268,0.6881831884384155,-0.05370652303099632,0.6683222055435181,0.7168545722961426,-0.04901334270834923,0.7102689146995544,0.7311257123947144,-0.03682488203048706,0.7195352911949158,0.6761248707771301,-0.05369044467806816,0.7251511812210083,0.6410544514656067,-0.05694039165973663,0.730708122253418,0.6064256429672241,-0.0562058687210083
0.6834625601768494,0.8765137791633606,5.264909077595803e-07,0.6489017009735107,0.8441886901855469,-0.023530708625912666,0.6360731720924377,0.7912983298301697,-0.039588768035173416,0.6470766663551331,0.7472507953643799,-0.055840469896793365,0.6658190488815308,0.7142583131790161,-0.0700225755572319,0.6363349556922913,0.6978867650032043,-0.02184874564409256,0.62394118309021,0.6220415830612183,-0.038381073623895645,0.6162102222442627,0.5767521858215332,-0.04895241558551788,0.611648440361023,0.5398461222648621,-0.05604887008666992,0.6632153391838074,0.6943287253379822,-0.02403433620929718,0.6631237864494324,0.6126574277877808,-0.04569166153669357,0.6585699915885925,0.5601378083229065,-0.0615396685898304,0.6582688689231873,0.5176470279693604,-0.07080699503421783,0.6890659928321838,0.7079477310180664,-0.02857031114399433,0.6963069438934326,0.6540634036064148,-0.05316484719514847,0.680511474609375,0.6882540583610535,-0.05651865899562836,0.6686203479766846,0.7165663242340088,-0.05230804532766342,0.7113097310066223,0.7295528054237366,-0.0353970043361187,0.719582200050354,0.67547208070755,-0.053257618099451065,0.7244299054145813,0.6407782435417175,-0.056593962013721466,0.7297734618186951,0.6065117120742798,-0.055481258779764175
0.6828266382217407,0.8762636780738831,5.150190531821863e-07,0.6482711434364319,0.8434732556343079,-0.022213855758309364,0.6359847187995911,0.7897297739982605,-0.03766584396362305,0.6481409668922424,0.7466468214988708,-0.05341899022459984,0.6691061854362488,0.7184265851974487,-0.0672321543097496,0.63595050573349,0.6985198259353638,-0.021974127739667892,0.623199462890625,0.6220312714576721,-0.03860851377248764,0.6158648729324341,0.5766377449035645,-0.04979369044303894,0.6113190650939941,0.5393613576889038,-0.05768764764070511,0.662808895111084,0.6950225234031677,-0.024419406428933144,0.6631582975387573,0.6132668852806091,-0.0462229885160923,0.6593950986862183,0.5606481432914734,-0.062496814876794815,0.6592696309089661,0.5174373984336853,-0.07245185971260071,0.6883469223976135,0.7085468769073486,-0.02889440953731537,0.6955311298370361,0.6530950665473938,-0.05219529569149017,0.6805088520050049,0.6871738433837891,-0.054438043385744095,0.6691376566886902,0.7155699133872986,-0.0499916672706604,0.7106624245643616,0.7300558686256409,-0.035710226744413376,0.7197068929672241,0.6752886772155762,-0.05253095179796219,0.7250261306762695,0.6409876942634583,-0.05530145391821861,0.7302767038345337,0.6068606376647949,-0.054117292165756226
0.6825659871101379,0.8757712841033936,5.168631673768687e-07,0.6480265259742737,0.8425250053405762,-0.021809041500091553,0.6359175443649292,0.7896389961242676,-0.037665173411369324,0.6469631791114807,0.7459824681282043,-0.054048262536525726,0.6664575934410095,0.7172546982765198,-0.06856385618448257,0.6359601020812988,0.6997205018997192,-0.02244666963815689,0.6227636933326721,0.6232118010520935,-0.03956947103142738,0.61522376537323,0.577892005443573,-0.050861906260252,0.6108309626579285,0.5409843325614929,-0.05874117836356163,0.6626384258270264,0.6957636475563049,-0.02535446174442768,0.6628497242927551,0.61344313621521,-0.04747508838772774,0.6592279076576233,0.5611861944198608,-0.06391709297895432,0.6594230532646179,0.517361581325531,-0.07397376745939255,0.6881616711616516,0.7087766528129578,-0.030210327357053757,0.695604681968689,0.653078556060791,-0.05357188731431961,0.6798367500305176,0.6871778964996338,-0.055773571133613586,0.6678926348686218,0.7156883478164673,-0.05137541890144348,0.7103290557861328,0.7302242517471313,-0.03739496320486069,0.7192378044128418,0.6758872866630554,-0.05441174656152725,0.7244453430175781,0.6411524415016174,-0.0573570653796196,0.7299349904060364,0.607110321521759,-0.056249864399433136
0.6816093921661377,0.8754904270172119,5.121548269926279e-07,0.6480402946472168,0.8424333333969116,-0.022419171407818794,0.6358940601348877,0.7897751927375793,-0.03832972049713135,0.6478211879730225,0.7462817430496216,-0.05461328104138374,0.667409360408783,0.7166252732276917,-0.0690840631723404,0.6356755495071411,0.6995357871055603,-0.022577108815312386,0.6225529313087463,0.6231226921081543,-0.039802175015211105,0.6149461269378662,0.5775456428527832,-0.05114470049738884,0.6102882623672485,0.5406143069267273,-0.05893156677484512,0.6624594330787659,0.6955024600028992,-0.025320572778582573,0.6624792218208313,0.6129612922668457,-0.04758796468377113,0.6585843563079834,0.5611415505409241,-0.06415092945098877,0.6584333777427673,0.5179217457771301,-0.07409188896417618,0.688115119934082,0.7088455557823181,-0.03011646680533886,0.6964361667633057,0.6539472937583923,-0.054300252348184586,0.681026816368103,0.6871668100357056,-0.05737917497754097,0.6691641807556152,0.7151303291320801,-0.053297676146030426,0.7102697491645813,0.7307544350624084,-0.037167083472013474,0.7189062237739563,0.6761598587036133,-0.054688919335603714,0.7243019938468933,0.6412687301635742,-0.05776258558034897,0.7298972606658936,0.607372522354126,-0.05661265552043915
0.6822972893714905,0.8772266507148743,5.130035560796387e-07,0.6474590301513672,0.8431100845336914,-0.022446269169449806,0.6355071663856506,0.7895248532295227,-0.038619183003902435,0.6463717818260193,0.7446346282958984,-0.055190104991197586,0.6655173301696777,0.7155948877334595,-0.06985653191804886,0.6355659365653992,0.7009046673774719,-0.022867193445563316,0.6222177147865295,0.6229334473609924,-0.04002447798848152,0.614772617816925,0.5772206783294678,-0.05136532336473465,0.6104251146316528,0.5406806468963623,-0.05936810374259949,0.662321150302887,0.6964966654777527,-0.025210881605744362,0.6624515652656555,0.6137057542800903,-0.04698492959141731,0.6590927839279175,0.562488853931427,-0.06321509927511215,0.6590865254402161,0.51804119348526,-0.07335417717695236,0.6879347562789917,0.7086910605430603,-0.029583876952528954,0.6955795288085938,0.6522095203399658,-0.052362293004989624,0.6791895031929016,0.6863704919815063,-0.05441368743777275,0.6662988066673279,0.7148203253746033,-0.05027211084961891,0.710038959980011,0.7298551797866821,-0.036401402205228806,0.7190129160881042,0.675737202167511,-0.05343928560614586,0.7243335247039795,0.6410630345344543,-0.056843701750040054,0.729753315448761,0.6071221232414246,-0.05623163282871246
0.6814284920692444,0.8777463436126709,5.185445388633525e-07,0.6469811201095581,0.8435530662536621,-0.02225397154688835,0.6349717378616333,0.789303719997406,-0.038138750940561295,0.6471402645111084,0.7450032830238342,-0.054434727877378464,0.6679344773292542,0.7164769172668457,-0.06893157213926315,0.6350144147872925,0.7001226544380188,-0.022163625806570053,0.6221303939819336,0.6232017278671265,-0.03904055058956146,0.6149003505706787,0.5775445699691772,-0.05018142983317375,0.6108011603355408,0.5404702425003052,-0.057910073548555374,0.6617692708969116,0.6961783766746521,-0.024728162214159966,0.6619032025337219,0.613491415977478,-0.04635060578584671,0.6586090922355652,0.5615816116333008,-0.06239142268896103,0.6591004729270935,0.517479419708252,-0.07216791063547134,0.6874986290931702,0.709057629108429,-0.02937317080795765,0.6952779293060303,0.653303861618042,-0.05296369269490242,0.678748369216919,0.687516987323761,-0.0560038685798645,0.6660828590393066,0.7163028717041016,-0.052039340138435364,0.7096236348152161,0.73044353723526,-0.03629148378968239,0.718670666217804,0.6756291389465332,-0.05351933091878891,0.7238454222679138,0.640864372253418,-0.056958455592393875,0.7291673421859741,0.6071819067001343,-0.05619804188609123
0.6822942495346069,0.8781436085700989,5.123755499880644e-07,0.6477130651473999,0.8441781401634216,-0.022408027201890945,0.6356483101844788,0.7905024886131287,-0.03816564381122589,0.6477398872375488,0.7467445731163025,-0.05427270755171776,0.6677358150482178,0.7177092432975769,-0.06849955022335052,0.635333240032196,0.6999393701553345,-0.022092752158641815,0.6224479675292969,0.6226581335067749,-0.03898925334215164,0.6151899695396423,0.5771735906600952,-0.050192832946777344,0.610776960849762,0.5401209592819214,-0.057981137186288834,0.6621650457382202,0.6960507035255432,-0.024547558277845383,0.6623280048370361,0.6134211421012878,-0.04654247686266899,0.6587010025978088,0.561340868473053,-0.06290249526500702,0.6587015986442566,0.5173836946487427,-0.07285373657941818,0.687892496585846,0.7090265154838562,-0.029087945818901062,0.696088433265686,0.6528019905090332,-0.05299833044409752,0.6801601052284241,0.6870200037956238,-0.05586567148566246,0.6678105592727661,0.7155112624168396,-0.05171184986829758,0.7100892066955566,0.730465829372406,-0.03592007979750633,0.7190966010093689,0.6758781671524048,-0.053395066410303116,0.7244240641593933,0.6411917209625244,-0.05671550706028938,0.7299203276634216,0.6071749925613403,-0.05579392984509468
0.6825372576713562,0.8786406517028809,5.143302814758499e-07,0.6478492617607117,0.8461984395980835,-0.022001851350069046,0.635864794254303,0.7922387719154358,-0.03729289025068283,0.6474491953849792,0.7481666803359985,-0.05293533578515053,0.6661857962608337,0.7175669074058533,-0.06669940799474716,0.6351999044418335,0.7004372477531433,-0.02170059084892273,0.6225153803825378,0.623570442199707,-0.03862994164228439,0.6151924133300781,0.5777767896652222,-0.04975932836532593,0.6108463406562805,0.5401759147644043,-0.05742314085364342,0.6623980402946472,0.696255087852478,-0.02438170649111271,0.6625975370407104,0.6137458682060242,-0.04663844406604767,0.6588475704193115,0.560592770576477,-0.06313733756542206,0.6589632630348206,0.5169059038162231,-0.07305188477039337,0.6883137226104736,0.7093422412872314,-0.02910420298576355,0.6956189274787903,0.653287947177887,-0.053480230271816254,0.6789516806602478,0.6868098974227905,-0.056589774787425995,0.6660736799240112,0.7148361802101135,-0.05248446390032768,0.7105776071548462,0.7309078574180603,-0.0360027514398098,0.719269871711731,0.6760064363479614,-0.05365974083542824,0.7243391275405884,0.6411203145980835,-0.056871384382247925,0.7294499278068542,0.6064738035202026,-0.055819444358348846
0.6827357411384583,0.8758611679077148,5.191044465391315e-07,0.647649884223938,0.8416317701339722,-0.022849075496196747,0.6353660225868225,0.78864985704422,-0.03892761468887329,0.6473128795623779,0.7445288300514221,-0.05505914241075516,0.6689553260803223,0.715171754360199,-0.069146528840065,0.6360341310501099,0.7003132104873657,-0.02441158890724182,0.6232680678367615,0.6225910782814026,-0.041230928152799606,0.6161239743232727,0.5772924423217773,-0.05215588957071304,0.6116212606430054,0.5404102802276611,-0.05993304029107094,0.6629234552383423,0.6960679888725281,-0.026317695155739784,0.6630913019180298,0.6126272678375244,-0.047848861664533615,0.6595717668533325,0.561090886592865,-0.06346233934164047,0.6593682765960693,0.5169325470924377,-0.07319039851427078,0.6886160969734192,0.7088295817375183,-0.03015662170946598,0.6958473324775696,0.6536715030670166,-0.05292316526174545,0.6796820163726807,0.6894049644470215,-0.05446162819862366,0.6671774387359619,0.718386709690094,-0.04978286474943161,0.7108052968978882,0.729833722114563,-0.036448944360017776,0.719794750213623,0.6760732531547546,-0.053652018308639526,0.7248327136039734,0.6418337821960449,-0.05688786134123802,0.7299659848213196,0.6081293225288391,-0.05603000894188881
