0,1,2,3,4,5,6,7,8,9,10,11,12,13,14,15,16,17,18,19,20,21,22,23,24,25,26,27,28,29,30,31,32,33,34,35,36,37,38,39,40,41,42,43,44,45,46,47,48,49,50,51,52,53,54,55,56,57,58,59,60,61,62
0.6834818720817566,0.8760005831718445,5.163914806871617e-07,0.6484096646308899,0.8418398499488831,-0.022823693230748177,0.63681960105896,0.7891139984130859,-0.03923623263835907,0.6469947099685669,0.7441898584365845,-0.05550640821456909,0.6661844849586487,0.7142286896705627,-0.06975297629833221,0.6367176175117493,0.7020279765129089,-0.026558591052889824,0.6228783130645752,0.6225587725639343,-0.04378846287727356,0.615544855594635,0.5768434405326843,-0.05512517690658569,0.6113576889038086,0.5401724576950073,-0.06334422528743744,0.6632767915725708,0.6972178220748901,-0.028079526498913765,0.66337651014328,0.612953782081604,-0.04968436434864998,0.6604921221733093,0.5621537566184998,-0.06583762913942337,0.6603553891181946,0.5166024565696716,-0.0764332190155983,0.6886062622070312,0.7090242505073547,-0.03125079721212387,0.6952415704727173,0.6536454558372498,-0.05267593637108803,0.6792696714401245,0.6885363459587097,-0.05399034917354584,0.6665229797363281,0.7165557742118835,-0.05002705380320549,0.710814356803894,0.7295895218849182,-0.036966461688280106,0.7197583913803101,0.6756699085235596,-0.05372782051563263,0.7254544496536255,0.641357421875,-0.05753637105226517,0.7308991551399231,0.6073479056358337,-0.05753149837255478
0.6835713982582092,0.8757730722427368,5.229894668445922e-07,0.6482383608818054,0.8433420658111572,-0.02251383848488331,0.6359590888023376,0.7900848388671875,-0.0384448803961277,0.6458832025527954,0.7451491355895996,-0.05448110029101372,0.6639769077301025,0.7147030234336853,-0.06853150576353073,0.6359949111938477,0.6997542381286621,-0.02413151226937771,0.6227321028709412,0.6225972771644592,-0.04112689197063446,0.6153027415275574,0.5772560238838196,-0.05224618688225746,0.6109199523925781,0.5403921008110046,-0.06001906096935272,0.6627944707870483,0.6957231760025024,-0.026260217651724815,0.6629713773727417,0.6130500435829163,-0.04814084246754646,0.6596379280090332,0.5610324740409851,-0.06441914290189743,0.6599004864692688,0.5167825222015381,-0.0745280310511589,0.6882544159889221,0.7085732221603394,-0.030281508341431618,0.6948419809341431,0.6546081304550171,-0.05338224768638611,0.6780796647071838,0.6899349689483643,-0.05569606274366379,0.6651909351348877,0.7186365127563477,-0.05154413729906082,0.7104982137680054,0.7299234867095947,-0.036638401448726654,0.7192133069038391,0.6754180192947388,-0.05379192531108856,0.724768877029419,0.6406999230384827,-0.05720992013812065,0.7305198907852173,0.6062453985214233,-0.05652427673339844
0.6849260330200195,0.8762347102165222,5.230094757280312e-07,0.6494126319885254,0.8425388932228088,-0.023536860942840576,0.6377175450325012,0.7902841567993164,-0.04087034985423088,0.6469117999076843,0.7442458271980286,-0.05792774632573128,0.6669571995735168,0.7130042314529419,-0.07279017567634583,0.6369122266769409,0.7025905251502991,-0.027884958311915398,0.623555064201355,0.6230962872505188,-0.04545053094625473,0.6162835359573364,0.5774773359298706,-0.05721898004412651,0.612068235874176,0.5409629344940186,-0.06594884395599365,0.6629247069358826,0.6974163055419922,-0.028974469751119614,0.6628271341323853,0.6125247478485107,-0.05027581751346588,0.6599710583686829,0.5622594952583313,-0.06603922694921494,0.6595485806465149,0.5160974860191345,-0.07675550132989883,0.6880671381950378,0.7090128660202026,-0.03171365335583687,0.6947048306465149,0.6527568697929382,-0.05180814862251282,0.6799212694168091,0.6890116930007935,-0.051573317497968674,0.6680875420570374,0.7177903056144714,-0.04705946519970894,0.71065753698349,0.7293548583984375,-0.03725842386484146,0.7195702791213989,0.6754328012466431,-0.05340088531374931,0.7254156470298767,0.6413698792457581,-0.05690114572644234,0.7309151291847229,0.6074711084365845,-0.05688824504613876
0.6850640177726746,0.8784047365188599,5.537970082514221e-07,0.6473645567893982,0.842379093170166,-0.022705523297190666,0.6360583901405334,0.7898346185684204,-0.040572695434093475,0.6440904140472412,0.7441268563270569,-0.058663614094257355,0.6641209125518799,0.7133723497390747,-0.07469058036804199,0.636600136756897,0.7041969895362854,-0.027653280645608902,0.6230201721191406,0.6237438321113586,-0.04539527744054794,0.6157135963439941,0.577939510345459,-0.056948691606521606,0.6120450496673584,0.5413894057273865,-0.06557420641183853,0.6628057360649109,0.6995096206665039,-0.029657045379281044,0.6629763841629028,0.6140291094779968,-0.05132615938782692,0.660358190536499,0.5627005696296692,-0.0676194354891777,0.6602674126625061,0.5155009031295776,-0.07883600145578384,0.688251793384552,0.7111467123031616,-0.03325168043375015,0.6931755542755127,0.6532379388809204,-0.05335204675793648,0.6767232418060303,0.6901369690895081,-0.05321601778268814,0.6633793115615845,0.719549298286438,-0.04899972677230835,0.7107964754104614,0.7314326763153076,-0.039648573845624924,0.7191352844238281,0.676816999912262,-0.055944595485925674,0.7248197197914124,0.641200602054596,-0.059998851269483566,0.7302619218826294,0.6054774522781372,-0.06054045632481575
0.6833899617195129,0.8778604865074158,5.314255417943059e-07,0.6483029127120972,0.8446776866912842,-0.022296642884612083,0.6361501216888428,0.791032075881958,-0.038530346006155014,0.6462713479995728,0.7465109825134277,-0.05512886121869087,0.6652358770370483,0.7132790684700012,-0.06967770308256149,0.6362709999084473,0.6990317702293396,-0.023214031010866165,0.6236639618873596,0.622416079044342,-0.03967310115695,0.6160928606987,0.5775741338729858,-0.050264038145542145,0.6112293004989624,0.5411300659179688,-0.05775992199778557,0.6630920767784119,0.6954706311225891,-0.02588440664112568,0.6639660596847534,0.6127750873565674,-0.046985920518636703,0.6599128246307373,0.5604727864265442,-0.06240363419055939,0.6593981981277466,0.5164428949356079,-0.07200661301612854,0.6885581612586975,0.7093737125396729,-0.03060685470700264,0.6947547793388367,0.6541171669960022,-0.05326009914278984,0.6793224811553955,0.6907076239585876,-0.054666269570589066,0.6677259802818298,0.7199113368988037,-0.05001549795269966,0.7106013298034668,0.7314710021018982,-0.03775588795542717,0.7192010879516602,0.6771748065948486,-0.05507906153798103,0.724510669708252,0.642257809638977,-0.05841013789176941,0.7303273677825928,0.6071819067001343,-0.057671405375003815
0.6834913492202759,0.8779598474502563,5.351568006517482e-07,0.6485685706138611,0.8443044424057007,-0.022999368607997894,0.6369739174842834,0.7915747761726379,-0.0401032455265522,0.6458188891410828,0.7466081976890564,-0.05749838799238205,0.6638259291648865,0.7151477336883545,-0.07282159477472305,0.6362688541412354,0.7022103071212769,-0.02557067759335041,0.6229367852210999,0.6229994893074036,-0.04311893880367279,0.61567622423172,0.5770425796508789,-0.05420050770044327,0.6114784479141235,0.5401715636253357,-0.06206271052360535,0.6628972887992859,0.6981026530265808,-0.027745038270950317,0.6632910966873169,0.6134693026542664,-0.05005951598286629,0.6600124835968018,0.5618142485618591,-0.06605986505746841,0.6597422361373901,0.5159351825714111,-0.07617936283349991,0.6883334517478943,0.7106444835662842,-0.031805772334337234,0.694113552570343,0.6536725163459778,-0.054398175328969955,0.6777284145355225,0.6902097463607788,-0.05514046177268028,0.6650283336639404,0.7191533446311951,-0.05032161623239517,0.71052086353302,0.7315519452095032,-0.03845002502202988,0.7189989686012268,0.6769921779632568,-0.055639635771512985,0.7243446111679077,0.6417098045349121,-0.05903221666812897,0.7298033237457275,0.6060452461242676,-0.05853685364127159
0.6839218139648438,0.878441572189331,5.379568506214127e-07,0.6475105881690979,0.8435110449790955,-0.021655848249793053,0.6361662149429321,0.7901176810264587,-0.03837276250123978,0.6457366943359375,0.7443920969963074,-0.05569231137633324,0.6649674773216248,0.713740885257721,-0.07078751921653748,0.6357868313789368,0.7026754021644592,-0.02443159930408001,0.622681200504303,0.6232481002807617,-0.04163569584488869,0.6154925227165222,0.5773264169692993,-0.0523817241191864,0.6113483905792236,0.5409094095230103,-0.06013130769133568,0.6624459028244019,0.6980905532836914,-0.027153268456459045,0.6627700924873352,0.613272488117218,-0.04926620423793793,0.6595390439033508,0.5612848997116089,-0.06497075408697128,0.659564197063446,0.5147637128829956,-0.07498224079608917,0.687813937664032,0.7105157971382141,-0.03159088268876076,0.6941952705383301,0.6526752710342407,-0.05308423563838005,0.6783375144004822,0.6908605694770813,-0.05202454328536987,0.6660248041152954,0.7208065986633301,-0.04615851119160652,0.7099787592887878,0.7314949035644531,-0.03869914263486862,0.7185348272323608,0.6773738861083984,-0.05533231049776077,0.723852276802063,0.6422022581100464,-0.05804078280925751,0.7293129563331604,0.6067621111869812,-0.05699210241436958
0.6830184459686279,0.8768771290779114,5.234696232037095e-07,0.6487694382667542,0.8450794816017151,-0.02265331894159317,0.6361628770828247,0.7925671339035034,-0.03851506486535072,0.6466274857521057,0.7488592863082886,-0.054643843322992325,0.6638989448547363,0.715556800365448,-0.06871352344751358,0.6357778310775757,0.6980379819869995,-0.022257976233959198,0.6231169700622559,0.621924877166748,-0.03849882632493973,0.6156819462776184,0.576793909072876,-0.048942338675260544,0.6113045811653137,0.5400798320770264,-0.05617675185203552,0.6628707051277161,0.694290280342102,-0.02474394626915455,0.6631163954734802,0.6122767925262451,-0.04611128941178322,0.6588863730430603,0.5595462322235107,-0.061764929443597794,0.658894419670105,0.5164673924446106,-0.07122690975666046,0.6886603832244873,0.7080532312393188,-0.0294022373855114,0.6957888007164001,0.6535011529922485,-0.05303916335105896,0.6797354817390442,0.6889333724975586,-0.05530329793691635,0.6674968004226685,0.7174845933914185,-0.050829801708459854,0.7110264897346497,0.7298633456230164,-0.03637685626745224,0.7190383672714233,0.675770103931427,-0.05399354547262192,0.7242830395698547,0.6415875554084778,-0.05713779851794243,0.7301352024078369,0.6071946024894714,-0.056072503328323364
0.6827349066734314,0.8781906366348267,5.315298494679155e-07,0.6473772525787354,0.8443742990493774,-0.022343464195728302,0.6352471709251404,0.7911831140518188,-0.03900125250220299,0.6451758146286011,0.7462882995605469,-0.055952075868844986,0.6642447710037231,0.715778648853302,-0.0708846002817154,0.635966956615448,0.7022629976272583,-0.025346476584672928,0.622551441192627,0.6229888796806335,-0.04248790815472603,0.6154854893684387,0.5770190954208374,-0.05356411263346672,0.6114880442619324,0.5400800108909607,-0.061624087393283844,0.6628431081771851,0.6980978846549988,-0.027715502306818962,0.6634260416030884,0.6137703657150269,-0.04968373477458954,0.660215437412262,0.5619631409645081,-0.06600829213857651,0.6603004932403564,0.516010582447052,-0.0766529068350792,0.6882152557373047,0.7105736136436462,-0.03181540220975876,0.694099485874176,0.6538865566253662,-0.0537581592798233,0.6765559315681458,0.6899054050445557,-0.05488334223628044,0.6631999015808105,0.7188494801521301,-0.050660520792007446,0.7102501392364502,0.7315036058425903,-0.038447055965662,0.7191196084022522,0.6766089797019958,-0.05528989061713219,0.7242385149002075,0.6416230797767639,-0.05896367132663727,0.729428768157959,0.6066476106643677,-0.058877360075712204
0.6818951964378357,0.8764498829841614,5.238775315774546e-07,0.6473004221916199,0.8435356020927429,-0.02212931029498577,0.6347196698188782,0.7893292903900146,-0.03808027133345604,0.6465689539909363,0.7450965046882629,-0.05443965643644333,0.6677534580230713,0.7152185440063477,-0.06890490651130676,0.6357656121253967,0.6984778642654419,-0.023460764437913895,0.622833788394928,0.6222159266471863,-0.040452741086483,0.6153412461280823,0.5770079493522644,-0.0516958087682724,0.6107357740402222,0.5398377180099487,-0.05973328277468681,0.662986159324646,0.6948575377464294,-0.026284698396921158,0.6633856296539307,0.6127890944480896,-0.04858922213315964,0.6594629287719727,0.560692548751831,-0.06520159542560577,0.6594961881637573,0.5167953372001648,-0.07556959986686707,0.6885420083999634,0.7086479663848877,-0.030980175361037254,0.6955450773239136,0.6536335945129395,-0.05462689697742462,0.6783111095428467,0.6897227168083191,-0.05666489154100418,0.6653770208358765,0.7194085717201233,-0.05219407379627228,0.7104178667068481,0.7306346893310547,-0.03800409659743309,0.7190532684326172,0.6757001876831055,-0.055250734090805054,0.7244599461555481,0.6409288048744202,-0.05818631127476692,0.7302973866462708,0.606981635093689,-0.05714617669582367
0.6833972334861755,0.8791114091873169,5.073638362773636e-07,0.6480714678764343,0.8437255620956421,-0.021166449412703514,0.6363389492034912,0.7891113758087158,-0.03648359701037407,0.6464954018592834,0.7437917590141296,-0.05227376148104668,0.6649054288864136,0.7149659395217896,-0.06604070961475372,0.635992169380188,0.7021697163581848,-0.02238733507692814,0.6222568154335022,0.622909665107727,-0.0392160601913929,0.6149120926856995,0.5774743556976318,-0.050226591527462006,0.6102256774902344,0.5411027669906616,-0.05804518237709999,0.6627914905548096,0.6972516775131226,-0.024955371394753456,0.6629073023796082,0.61368727684021,-0.04656254127621651,0.6593369841575623,0.5621456503868103,-0.06256252527236938,0.6587936878204346,0.5172884464263916,-0.07258991152048111,0.688361644744873,0.7090674042701721,-0.029311392456293106,0.6951977014541626,0.6515799760818481,-0.051204051822423935,0.6794557571411133,0.6867067217826843,-0.05162183567881584,0.6670769453048706,0.715554416179657,-0.04649539291858673,0.7103824615478516,0.7300578355789185,-0.036124054342508316,0.7193601727485657,0.6753756999969482,-0.05253860726952553,0.725086510181427,0.64043128490448,-0.05499216914176941,0.7309279441833496,0.6063413619995117,-0.05365300551056862
0.6808521151542664,0.8801954388618469,4.894105813946226e-07,0.6459791660308838,0.8487169742584229,-0.01894921064376831,0.6317405104637146,0.7939056158065796,-0.03255673125386238,0.640305757522583,0.7511348128318787,-0.04719698801636696,0.6514455676078796,0.7205062508583069,-0.06015302985906601,0.6359738111495972,0.6989797353744507,-0.018337877467274666,0.6236895322799683,0.6232234239578247,-0.0360378660261631,0.6159500479698181,0.5780154466629028,-0.04782092571258545,0.6114969253540039,0.5406817197799683,-0.05548220872879028,0.6634153127670288,0.696182906627655,-0.022771116346120834,0.6648027896881104,0.6147288680076599,-0.0467359684407711,0.6597614884376526,0.5606669187545776,-0.06393363326787949,0.6589159965515137,0.5181061625480652,-0.0734972432255745,0.689561665058136,0.7097439765930176,-0.02912910468876362,0.6995081901550293,0.6528465747833252,-0.05474518612027168,0.6857097148895264,0.6849672794342041,-0.056942351162433624,0.674832820892334,0.7126384973526001,-0.051566071808338165,0.7127922177314758,0.7324799299240112,-0.037427276372909546,0.72268146276474,0.6774914264678955,-0.05543436110019684,0.7279499173164368,0.6426287889480591,-0.057169634848833084,0.7329645156860352,0.6073794364929199,-0.05451938509941101
0.6796944737434387,0.8768790364265442,4.48340301772987e-07,0.6455687284469604,0.8431752324104309,-0.020244045183062553,0.6313177943229675,0.7893717288970947,-0.0341569148004055,0.6379331350326538,0.7461819648742676,-0.048934757709503174,0.6507230401039124,0.7118053436279297,-0.06192678213119507,0.6355978846549988,0.6980192065238953,-0.017463622614741325,0.624539852142334,0.623099684715271,-0.035708583891391754,0.6172381639480591,0.5784295201301575,-0.047971781343221664,0.6129012703895569,0.5410363674163818,-0.055624887347221375,0.6638725996017456,0.6952090859413147,-0.02097765915095806,0.6644644141197205,0.6172561645507812,-0.04525699466466904,0.6579686403274536,0.5661374926567078,-0.06292203068733215,0.6556544303894043,0.524722695350647,-0.07265513390302658,0.6907844543457031,0.7076056599617004,-0.026721253991127014,0.700549304485321,0.6562209129333496,-0.05348057299852371,0.6855332255363464,0.6855108737945557,-0.05719741806387901,0.6737066507339478,0.7108398675918579,-0.05245831981301308,0.715088963508606,0.7282146215438843,-0.03436771407723427,0.7254744172096252,0.6735811233520508,-0.05230817198753357,0.73187255859375,0.6388490200042725,-0.054112356156110764,0.7382304072380066,0.6059115529060364,-0.05139530822634697
0.6804018020629883,0.8796156644821167,4.15318794466657e-07,0.6463007926940918,0.8427757620811462,-0.02229655347764492,0.6310592889785767,0.788629412651062,-0.03536362573504448,0.6311355829238892,0.7448552846908569,-0.04868682101368904,0.6394598484039307,0.7057042717933655,-0.05992526933550835,0.6375043988227844,0.7016844749450684,-0.014495943672955036,0.6248773336410522,0.6244140863418579,-0.0302731990814209,0.6172982454299927,0.5783119201660156,-0.04066688194870949,0.6128948330879211,0.5405206680297852,-0.046981003135442734,0.66410893201828,0.7007026076316833,-0.015410631895065308,0.6647167205810547,0.626781702041626,-0.03557984158396721,0.6579345464706421,0.5801662802696228,-0.049526460468769073,0.6541838645935059,0.5467424392700195,-0.056755829602479935,0.6906262040138245,0.7115920186042786,-0.019469644874334335,0.700699508190155,0.6559028029441833,-0.04347832128405571,0.6880489587783813,0.673144519329071,-0.04816429689526558,0.6772171258926392,0.6924680471420288,-0.04473681375384331,0.7144554853439331,0.7289714813232422,-0.02563714236021042,0.7263562083244324,0.673003077507019,-0.042765118181705475,0.7328683137893677,0.6375324130058289,-0.04646266624331474,0.7392139434814453,0.6047860980033875,-0.04534856230020523
0.6796305775642395,0.8790075182914734,9.515631660406143e-08,0.6470568776130676,0.8427561521530151,-0.019526857882738113,0.6296695470809937,0.786446213722229,-0.03171709552407265,0.6238515973091125,0.7422084808349609,-0.044926080852746964,0.6273757815361023,0.705715000629425,-0.05732906237244606,0.63868248462677,0.6995707750320435,-0.01019272767007351,0.6304146647453308,0.6225671768188477,-0.027163414284586906,0.6246914267539978,0.576063334941864,-0.039605818688869476,0.6221586465835571,0.5362376570701599,-0.04822559282183647,0.664808452129364,0.7023535370826721,-0.013351558707654476,0.6701022386550903,0.6320414543151855,-0.048137541860342026,0.660518229007721,0.6523129940032959,-0.06664427369832993,0.6513529419898987,0.6845026612281799,-0.070375956594944,0.6908210515975952,0.7115240693092346,-0.01863221824169159,0.7020345330238342,0.6459879875183105,-0.04665541648864746,0.6919929385185242,0.6635783314704895,-0.0525524765253067,0.6825773119926453,0.6886489391326904,-0.04840565472841263,0.7145196795463562,0.7294294834136963,-0.02573687583208084,0.726638674736023,0.6726481318473816,-0.04109296575188637,0.7324405908584595,0.6355722546577454,-0.04470454156398773,0.7376848459243774,0.6037032008171082,-0.04355158284306526
0.6822242140769958,0.8785790801048279,1.787687509136049e-08,0.6481048464775085,0.8462902307510376,-0.019194908440113068,0.6308753490447998,0.7892932891845703,-0.030427874997258186,0.6265180110931396,0.743355393409729,-0.042909637093544006,0.6271673440933228,0.7067380547523499,-0.05450764298439026,0.6400967240333557,0.7051888704299927,-0.011599324643611908,0.6336305737495422,0.6235003471374512,-0.02877028100192547,0.6289461255073547,0.5778933763504028,-0.03969696909189224,0.6276381015777588,0.5368690490722656,-0.047112904489040375,0.665505588054657,0.7068910598754883,-0.01509850937873125,0.6710326671600342,0.6420537233352661,-0.05231316760182381,0.659935474395752,0.6721615195274353,-0.06993670016527176,0.6507225632667542,0.7069806456565857,-0.07225478440523148,0.6905714869499207,0.7141037583351135,-0.020798025652766228,0.7003200650215149,0.6504290699958801,-0.051105257123708725,0.6926588416099548,0.669295608997345,-0.05842793732881546,0.6868371367454529,0.6927720308303833,-0.05474894493818283,0.7141527533531189,0.7287591099739075,-0.02810480073094368,0.7263286709785461,0.6734020709991455,-0.044831350445747375,0.7324502468109131,0.6380292773246765,-0.05018582195043564,0.7390884160995483,0.6064669489860535,-0.05014415830373764
0.682194709777832,0.875829815864563,4.870834047210337e-08,0.6470667123794556,0.8427188396453857,-0.018138019368052483,0.632071316242218,0.7864656448364258,-0.028627725318074226,0.6331254243850708,0.7411753535270691,-0.04004454240202904,0.6440243721008301,0.7079300284385681,-0.050766244530677795,0.6395728588104248,0.7061700224876404,-0.012192294001579285,0.6321057081222534,0.6243553161621094,-0.02850469760596752,0.6267349720001221,0.5784888863563538,-0.03943205624818802,0.6249763369560242,0.5364633202552795,-0.04754692688584328,0.6662966012954712,0.7056871652603149,-0.015022006817162037,0.6702122092247009,0.6368392705917358,-0.048588089644908905,0.6589188575744629,0.6656718254089355,-0.06434084475040436,0.6507364511489868,0.700274646282196,-0.06719902902841568,0.6921613812446594,0.7130527496337891,-0.019761890172958374,0.6993650794029236,0.6474723219871521,-0.04643764719367027,0.6863635182380676,0.6702519059181213,-0.05090595409274101,0.676984965801239,0.6980689167976379,-0.046884603798389435,0.7148032188415527,0.7287856340408325,-0.026375558227300644,0.7281785011291504,0.6736410856246948,-0.04237385839223862,0.73426353931427,0.63706374168396,-0.04760550707578659,0.7404921054840088,0.6051846146583557,-0.04824302718043327
0.6812688708305359,0.8753340244293213,6.271462638096637e-08,0.6469115614891052,0.8399780988693237,-0.0195599477738142,0.6333762407302856,0.7846892476081848,-0.031764913350343704,0.6376376748085022,0.7394003868103027,-0.04467528313398361,0.653803825378418,0.707591712474823,-0.056940775364637375,0.6396799683570862,0.70281982421875,-0.013037638738751411,0.6318477392196655,0.6247838139533997,-0.02945040538907051,0.6258282661437988,0.5799404382705688,-0.04101739078760147,0.6231056451797485,0.5393829345703125,-0.04962866008281708,0.6665405631065369,0.7033241391181946,-0.01596246473491192,0.6723757386207581,0.6349560618400574,-0.04919126629829407,0.6647348403930664,0.6629331111907959,-0.06583595275878906,0.6589861512184143,0.6956104636192322,-0.06916425377130508,0.6925383806228638,0.7118349075317383,-0.020854413509368896,0.7014625072479248,0.6478731632232666,-0.04692469909787178,0.6933534145355225,0.667185366153717,-0.05248972773551941,0.6877825260162354,0.6912927031517029,-0.04933461174368858,0.7152419686317444,0.728835940361023,-0.027685226872563362,0.7278953194618225,0.6741089820861816,-0.04241552576422691,0.7347690463066101,0.6386648416519165,-0.046972788870334625,0.7418408393859863,0.6074905395507812,-0.04731680825352669
0.6793035864830017,0.8694263100624084,6.462255441874731e-08,0.645116925239563,0.8367778658866882,-0.017170259729027748,0.6328294277191162,0.7815148830413818,-0.028352346271276474,0.6353448033332825,0.741968035697937,-0.04020136967301369,0.6489079594612122,0.7202240228652954,-0.05155971646308899,0.6413056254386902,0.6984426975250244,-0.014238583855330944,0.6348523497581482,0.6191847920417786,-0.030771438032388687,0.631285548210144,0.5751248002052307,-0.0411447174847126,0.6309121251106262,0.5351340174674988,-0.048429399728775024,0.6681062579154968,0.700923502445221,-0.018026262521743774,0.6775212287902832,0.6316527128219604,-0.05300305038690567,0.6712623834609985,0.6613893508911133,-0.06831908971071243,0.6649886965751648,0.6958320140838623,-0.0694100558757782,0.6939229369163513,0.7100854516029358,-0.023493260145187378,0.7027204632759094,0.6482433080673218,-0.05054836347699165,0.696203351020813,0.6625917553901672,-0.05627860501408577,0.6903618574142456,0.6799682378768921,-0.05252813920378685,0.7163483500480652,0.7273215651512146,-0.030467916280031204,0.7311185598373413,0.6736869812011719,-0.04556885361671448,0.7395346760749817,0.6380575299263,-0.05004582926630974,0.7472413182258606,0.6049081087112427,-0.05005985498428345
0.6795614361763,0.8741782903671265,5.3664393817598466e-08,0.6441124081611633,0.8396192193031311,-0.01761569082736969,0.6309601664543152,0.7776918411254883,-0.028861621394753456,0.6357682347297668,0.7350060343742371,-0.04091859608888626,0.6567373275756836,0.7240619659423828,-0.0528862439095974,0.64283287525177,0.6995947957038879,-0.008606303483247757,0.6367366313934326,0.6218897700309753,-0.022672638297080994,0.6319515705108643,0.5770395994186401,-0.03243837133049965,0.6315168738365173,0.5359023213386536,-0.040516193956136703,0.6690569519996643,0.7018630504608154,-0.012847283855080605,0.6772769093513489,0.6456011533737183,-0.045100655406713486,0.6699974536895752,0.6691992878913879,-0.05969775468111038,0.6636759638786316,0.697105884552002,-0.06048579514026642,0.6948533654212952,0.7104388475418091,-0.019673073664307594,0.7060122489929199,0.6491993069648743,-0.04110640287399292,0.7060707807540894,0.6250342130661011,-0.04821497201919556,0.7058032751083374,0.6071460247039795,-0.04795941710472107,0.7173448204994202,0.7278598546981812,-0.028461813926696777,0.7312600016593933,0.6773508787155151,-0.03907870501279831,0.7407103180885315,0.6435104012489319,-0.04168729856610298,0.7497843503952026,0.6103808879852295,-0.041629232466220856
0.6783744692802429,0.8706685304641724,3.4585646346840804e-08,0.6436526775360107,0.8381187319755554,-0.019112328067421913,0.6301296353340149,0.7788037061691284,-0.03217582404613495,0.6342211365699768,0.7363442182540894,-0.04560822248458862,0.6572412848472595,0.7206258773803711,-0.058605607599020004,0.6429505944252014,0.6966337561607361,-0.008668270893394947,0.6360024809837341,0.6203715205192566,-0.021553009748458862,0.6306895017623901,0.5773875117301941,-0.03056379035115242,0.6307804584503174,0.536361813545227,-0.038986362516880035,0.6696565747261047,0.7004225850105286,-0.013283731415867805,0.6753441095352173,0.6453115344047546,-0.04735119268298149,0.6677452921867371,0.6740269660949707,-0.06295611709356308,0.6635542511940002,0.7028275728225708,-0.06402266025543213,0.6950495839118958,0.709985077381134,-0.02069745771586895,0.7051447033882141,0.6519538164138794,-0.04210101440548897,0.709003746509552,0.617899477481842,-0.05128736421465874,0.7130067348480225,0.5872829556465149,-0.05339720472693443,0.718277096748352,0.7282438278198242,-0.030114615336060524,0.7305517196655273,0.6778809428215027,-0.03973473608493805,0.7396934032440186,0.6441329121589661,-0.04277162253856659,0.7481554746627808,0.6082326769828796,-0.04421227425336838
0.6796382069587708,0.8719143271446228,8.018012920274487e-09,0.6428849101066589,0.8367400765419006,-0.016729161143302917,0.6305004954338074,0.7779302597045898,-0.029415970668196678,0.6362465620040894,0.739060640335083,-0.04284828156232834,0.6577394008636475,0.7287148833274841,-0.05640561133623123,0.6441419720649719,0.6931835412979126,-0.005612359382212162,0.6360213160514832,0.6193267107009888,-0.017514968290925026,0.6300175786018372,0.5764048099517822,-0.027632445096969604,0.6289538145065308,0.5357047319412231,-0.03755443915724754,0.6706288456916809,0.6976985335350037,-0.011688074097037315,0.6738267540931702,0.6430209279060364,-0.04385523125529289,0.6681327223777771,0.6767399311065674,-0.06002122908830643,0.6650998592376709,0.7081848382949829,-0.06222409009933472,0.6959471106529236,0.709003210067749,-0.020466560497879982,0.7061935663223267,0.6462422609329224,-0.03900626674294472,0.712029755115509,0.6109742522239685,-0.04842488467693329,0.7168901562690735,0.5803622007369995,-0.0519644170999527,0.7192069292068481,0.7304509878158569,-0.0311617162078619,0.73026442527771,0.6780937910079956,-0.03827882558107376,0.7392388582229614,0.6454514265060425,-0.04042239114642143,0.7472839951515198,0.6110001802444458,-0.04228030517697334
0.6810140013694763,0.8711985945701599,-1.5200846803509194e-08,0.6430877447128296,0.8357896208763123,-0.01627248525619507,0.6290927529335022,0.7781758308410645,-0.029714995995163918,0.6340031027793884,0.738950788974762,-0.043598324060440063,0.6575648188591003,0.7310760021209717,-0.05779915675520897,0.6457805633544922,0.6936819553375244,-0.008412372320890427,0.6363483667373657,0.619194507598877,-0.021487997844815254,0.6305482983589172,0.5760120153427124,-0.032620325684547424,0.6289283037185669,0.535105288028717,-0.04311200603842735,0.6721147298812866,0.6976158022880554,-0.014297982677817345,0.674777090549469,0.6471742391586304,-0.04716654494404793,0.6707309484481812,0.6792380809783936,-0.06372956931591034,0.6682875752449036,0.7073162198066711,-0.06641478091478348,0.6971883773803711,0.709001362323761,-0.022708969190716743,0.7060273289680481,0.6460833549499512,-0.042121775448322296,0.7121641635894775,0.6051833629608154,-0.05273711308836937,0.7169101238250732,0.5675055980682373,-0.057303909212350845,0.7199888229370117,0.7300595641136169,-0.03273129463195801,0.7297797799110413,0.6778370141983032,-0.04076869785785675,0.7386347055435181,0.6454857587814331,-0.04331887513399124,0.7469636797904968,0.6108653545379639,-0.045443613082170486
0.6815991401672363,0.8709547519683838,-3.8863412044065626e-08,0.6432582139968872,0.8349167108535767,-0.01480807550251484,0.6297950744628906,0.7779003381729126,-0.027602873742580414,0.63502436876297,0.7393189668655396,-0.04098894074559212,0.6591354012489319,0.7278976440429688,-0.05457950010895729,0.6464215517044067,0.6944761276245117,-0.00731503963470459,0.6366950869560242,0.6198616623878479,-0.020470865070819855,0.6310713887214661,0.575951874256134,-0.03175529092550278,0.6295914649963379,0.5355831980705261,-0.04218935966491699,0.6724126935005188,0.6979745626449585,-0.013397647999227047,0.6742112040519714,0.6466463208198547,-0.045383576303720474,0.6710351705551147,0.6808838248252869,-0.061138276010751724,0.6686812043190002,0.7097398638725281,-0.06345772743225098,0.6971393823623657,0.7090370059013367,-0.021969178691506386,0.705949604511261,0.6451563239097595,-0.04074482247233391,0.7125681638717651,0.604605495929718,-0.05070096626877785,0.7175079584121704,0.5674439668655396,-0.05508624017238617,0.7202368974685669,0.7299766540527344,-0.03197987750172615,0.7301384210586548,0.6774033308029175,-0.039254263043403625,0.7393068075180054,0.6453360915184021,-0.04110003262758255,0.7476919293403625,0.6107720136642456,-0.042963530868291855
0.6798319816589355,0.8701419830322266,-1.4542580473175803e-08,0.6431013345718384,0.835867702960968,-0.015418370254337788,0.6294872760772705,0.7800114154815674,-0.02858334220945835,0.6347910761833191,0.7428814768791199,-0.04221560060977936,0.6566287875175476,0.7276123762130737,-0.056059181690216064,0.6448298692703247,0.6919292211532593,-0.005575577728450298,0.635620653629303,0.6202787160873413,-0.01718238927423954,0.6301441788673401,0.577515184879303,-0.02754092775285244,0.6280979514122009,0.5379801988601685,-0.037445951253175735,0.6718581318855286,0.6954224705696106,-0.011749329045414925,0.6726390719413757,0.6453191637992859,-0.04259100556373596,0.6699759364128113,0.6812986135482788,-0.05731183663010597,0.6693427562713623,0.7143089771270752,-0.05873814597725868,0.6969955563545227,0.7068280577659607,-0.020741241052746773,0.7048962116241455,0.6382637023925781,-0.03936571627855301,0.7077431082725525,0.5954054594039917,-0.04933304339647293,0.7092859745025635,0.5551779270172119,-0.05396127328276634,0.720521867275238,0.7284693717956543,-0.031071489676833153,0.7328965663909912,0.6779256463050842,-0.03863944858312607,0.742303729057312,0.6462430953979492,-0.04035797715187073,0.7502221465110779,0.6105866432189941,-0.04229148104786873
0.680172324180603,0.8715735077857971,-2.887054151301527e-08,0.6447802186012268,0.8393062353134155,-0.015401879325509071,0.6306107044219971,0.7834043502807617,-0.02871052362024784,0.634053647518158,0.7453075647354126,-0.04253219813108444,0.6537743210792542,0.7267599701881409,-0.05643223226070404,0.6448475122451782,0.6947249174118042,-0.00655120424926281,0.6347365379333496,0.6215651035308838,-0.019220532849431038,0.6281647682189941,0.5785698890686035,-0.029816552996635437,0.6261719465255737,0.5386362075805664,-0.03962031379342079,0.6716062426567078,0.6975708603858948,-0.01303292065858841,0.6719129681587219,0.6455252766609192,-0.04582406207919121,0.6678752899169922,0.6825011372566223,-0.06095660477876663,0.6671195030212402,0.7161694765090942,-0.061976246535778046,0.6968460083007812,0.7081345319747925,-0.02230764552950859,0.7049372792243958,0.6375584602355957,-0.0425625815987587,0.708132266998291,0.5946965217590332,-0.05284101516008377,0.7106860280036926,0.554356575012207,-0.05714049190282822,0.7205548286437988,0.7287247776985168,-0.03277648985385895,0.7330178022384644,0.6776501536369324,-0.04124967381358147,0.7427171468734741,0.6453640460968018,-0.043167661875486374,0.7510728240013123,0.6091375350952148,-0.04494829848408699
0.6792391538619995,0.8698177337646484,-5.894950083629169e-10,0.6441856026649475,0.8363265991210938,-0.017020104452967644,0.6305334568023682,0.7815476655960083,-0.03085608035326004,0.6353057622909546,0.7444517016410828,-0.04480947554111481,0.656360387802124,0.7273256778717041,-0.05877320095896721,0.6442661285400391,0.6931111812591553,-0.007265863940119743,0.6341099143028259,0.6209726333618164,-0.01918685995042324,0.6277607679367065,0.5786247849464417,-0.029491744935512543,0.6257897019386292,0.5392009019851685,-0.03929893299937248,0.671471118927002,0.6963614225387573,-0.012969539500772953,0.6730436086654663,0.6438788771629333,-0.04476965591311455,0.6700460314750671,0.6799073815345764,-0.059719957411289215,0.6699138879776001,0.7125547528266907,-0.06096256896853447,0.6965376138687134,0.7075283527374268,-0.02160203829407692,0.7048541903495789,0.6378518342971802,-0.041023366153240204,0.7079299688339233,0.5955056548118591,-0.051365096122026443,0.7102399468421936,0.5556237697601318,-0.056014154106378555,0.7202511429786682,0.7288898825645447,-0.031679991632699966,0.7327461838722229,0.6785653233528137,-0.039928216487169266,0.7423945665359497,0.6468974947929382,-0.04215289652347565,0.750660240650177,0.6112192273139954,-0.04434387758374214
0.6803112626075745,0.8707913756370544,-2.561545109358576e-08,0.6445418000221252,0.8372852802276611,-0.016197005286812782,0.6307961344718933,0.7817563414573669,-0.029703669250011444,0.6353585124015808,0.7439234256744385,-0.04338845983147621,0.6567162275314331,0.7265921235084534,-0.057143718004226685,0.6450467109680176,0.6940442323684692,-0.007201671600341797,0.6338981986045837,0.6222476363182068,-0.0201717521995306,0.6272772550582886,0.5790450572967529,-0.031144723296165466,0.6248922348022461,0.5395881533622742,-0.04119528830051422,0.6721540093421936,0.6964716911315918,-0.013129469007253647,0.6726076602935791,0.6442114114761353,-0.0453764982521534,0.6694158911705017,0.6819876432418823,-0.060069162398576736,0.6688622832298279,0.716403067111969,-0.060977302491664886,0.6972606182098389,0.7073231935501099,-0.02199297957122326,0.7054812908172607,0.6371886134147644,-0.04215218871831894,0.7078577280044556,0.5950443148612976,-0.0524451807141304,0.7093947529792786,0.5556982755661011,-0.056868776679039,0.7208607196807861,0.7285360097885132,-0.03210407495498657,0.7332332134246826,0.678359866142273,-0.04064735770225525,0.7428841590881348,0.6468077301979065,-0.04261641576886177,0.751071572303772,0.6111981272697449,-0.044549454003572464
0.6804575324058533,0.8699532747268677,-2.3981460373079244e-08,0.6452696919441223,0.8371532559394836,-0.0176172386854887,0.6310020685195923,0.7830213308334351,-0.03185374662280083,0.6352697610855103,0.7456089854240417,-0.045719802379608154,0.6569127440452576,0.7281587719917297,-0.05943867191672325,0.6436017155647278,0.6939875483512878,-0.009337697178125381,0.6326966881752014,0.6234570741653442,-0.023221461102366447,0.6256754994392395,0.5807479023933411,-0.03453872352838516,0.6230154633522034,0.5412949323654175,-0.044722430408000946,0.6711578965187073,0.6963139176368713,-0.014725008979439735,0.6718414425849915,0.6424850225448608,-0.047630492597818375,0.6690922975540161,0.6831057667732239,-0.061534956097602844,0.6694490909576416,0.7189702391624451,-0.06154247745871544,0.6966826319694519,0.7076495289802551,-0.023227069526910782,0.704666793346405,0.6369690895080566,-0.04442811384797096,0.7062951326370239,0.5951122641563416,-0.0543699748814106,0.7074657678604126,0.5549149513244629,-0.058194976300001144,0.7209067940711975,0.7293261885643005,-0.0330066941678524,0.7332382798194885,0.679427981376648,-0.04215419664978981,0.7428172826766968,0.647982120513916,-0.04389273375272751,0.7507127523422241,0.6115624308586121,-0.0455564521253109
0.6798434853553772,0.8682975172996521,3.167018203242833e-09,0.6448593139648438,0.8367681503295898,-0.0177613515406847,0.6306471228599548,0.7826966643333435,-0.03199630603194237,0.6361740827560425,0.7462822794914246,-0.04594775661826134,0.6572975516319275,0.7283737659454346,-0.05987832322716713,0.642906129360199,0.6925680041313171,-0.009075451642274857,0.6320238709449768,0.6229326128959656,-0.021902060136198997,0.6250947117805481,0.5810425877571106,-0.032446667551994324,0.6223258376121521,0.541832685470581,-0.04224557429552078,0.670810878276825,0.6952230334281921,-0.014630293473601341,0.672686755657196,0.6414841413497925,-0.04755047708749771,0.6706509590148926,0.681063175201416,-0.061838675290346146,0.671216607093811,0.717426061630249,-0.06196816265583038,0.6963253617286682,0.706669270992279,-0.023176008835434914,0.7045266628265381,0.6365945339202881,-0.04407751187682152,0.7061794996261597,0.5952749848365784,-0.05395166575908661,0.706916868686676,0.5554759502410889,-0.05766722559928894,0.7202736735343933,0.728315532207489,-0.033052921295166016,0.7330262064933777,0.6786577105522156,-0.042340535670518875,0.7427023649215698,0.6477041840553284,-0.044104304164648056,0.7502968311309814,0.6119373440742493,-0.04564059525728226
0.6788991689682007,0.8684453368186951,-2.472148175058919e-08,0.643364429473877,0.8368699550628662,-0.01633547618985176,0.6289592385292053,0.7809242606163025,-0.029019569978117943,0.6351028680801392,0.7444176077842712,-0.04155336692929268,0.6573115587234497,0.7302631735801697,-0.05398866906762123,0.6423265933990479,0.6928340792655945,-0.008156125433743,0.6322751045227051,0.6240511536598206,-0.022094711661338806,0.6239625811576843,0.5830078721046448,-0.03290042653679848,0.620955765247345,0.5426657199859619,-0.04255886748433113,0.6698782444000244,0.6950153708457947,-0.0143156498670578,0.671610414981842,0.6409648656845093,-0.04824041947722435,0.6681447625160217,0.6814880967140198,-0.06208084151148796,0.6687999367713928,0.7198804616928101,-0.06123758479952812,0.696008563041687,0.7065192461013794,-0.02345345914363861,0.7043829560279846,0.6349786520004272,-0.04580320790410042,0.7060922980308533,0.5948338508605957,-0.05547428876161575,0.7076318264007568,0.5560547113418579,-0.058107875287532806,0.7201671600341797,0.728022575378418,-0.03372659534215927,0.7337478399276733,0.678590714931488,-0.04366539046168327,0.7436848282814026,0.6474983096122742,-0.04510796442627907,0.7517185807228088,0.6119678020477295,-0.04581670090556145
0.6803300976753235,0.870934009552002,-4.991440150092785e-08,0.6441341638565063,0.8392419219017029,-0.0161926057189703,0.6287068724632263,0.785914421081543,-0.029292074963450432,0.6349096894264221,0.7497885227203369,-0.04191094636917114,0.6563088297843933,0.7285919189453125,-0.05407575145363808,0.64177405834198,0.6949853897094727,-0.010171848349273205,0.6287370920181274,0.6251581907272339,-0.024638473987579346,0.6213865876197815,0.5820899605751038,-0.03632965311408043,0.6177428960800171,0.5429130792617798,-0.046496741473674774,0.6696746349334717,0.6963223218917847,-0.01563246361911297,0.6676064133644104,0.645429253578186,-0.04783395677804947,0.6673769950866699,0.6895802021026611,-0.06089841201901436,0.6690868139266968,0.7274225950241089,-0.06069204956293106,0.6952047348022461,0.7065303921699524,-0.02419760264456272,0.7032211422920227,0.6365499496459961,-0.04550584405660629,0.7065978646278381,0.596712589263916,-0.05552325397729874,0.7088295221328735,0.557992696762085,-0.059633996337652206,0.7202263474464417,0.7271906137466431,-0.033806998282670975,0.7368011474609375,0.6797842979431152,-0.04348152130842209,0.7503284215927124,0.6509330868721008,-0.04551054537296295,0.760511040687561,0.6165225505828857,-0.047278519719839096
0.6793941855430603,0.870261013507843,-3.58342546746826e-08,0.6435225605964661,0.838385283946991,-0.01565231941640377,0.6280028223991394,0.7852684855461121,-0.0282945204526186,0.6340072751045227,0.7496598958969116,-0.04067867621779442,0.6557841897010803,0.7294155359268188,-0.05277173966169357,0.6412347555160522,0.6936891078948975,-0.009292247705161572,0.62841796875,0.6240045428276062,-0.022995540872216225,0.6202162504196167,0.5815573334693909,-0.03376317769289017,0.6167716979980469,0.5422375202178955,-0.04337739944458008,0.6692429780960083,0.6949498653411865,-0.015139501541852951,0.6684790253639221,0.643770694732666,-0.046625036746263504,0.6663686633110046,0.6857076287269592,-0.059224992990493774,0.6672872304916382,0.72198086977005,-0.05882680043578148,0.6948904991149902,0.7054491639137268,-0.02405906468629837,0.7036265134811401,0.6361793875694275,-0.045009270310401917,0.706200122833252,0.5968452095985413,-0.054866719990968704,0.7079876661300659,0.5581110715866089,-0.058892734348773956,0.7193198800086975,0.7266703248023987,-0.03405216708779335,0.7369253039360046,0.6800865530967712,-0.04409857466816902,0.7504333853721619,0.6513141989707947,-0.046547338366508484,0.7607868313789368,0.6174346208572388,-0.048477672040462494
0.6796659231185913,0.8705564737319946,-3.0916083915144554e-08,0.643523097038269,0.8383773565292358,-0.015461882576346397,0.6281214952468872,0.7841841578483582,-0.028076115995645523,0.6335520148277283,0.7481764554977417,-0.040591225028038025,0.6561581492424011,0.7290807366371155,-0.052926015108823776,0.6409669518470764,0.6943504214286804,-0.009017662145197392,0.6284060478210449,0.624424397945404,-0.02315654791891575,0.6199325323104858,0.5816770792007446,-0.03454124554991722,0.6164861917495728,0.5418072938919067,-0.04460723698139191,0.668901801109314,0.695591390132904,-0.014886121265590191,0.6684145927429199,0.642224907875061,-0.04619433358311653,0.6658564805984497,0.6829624772071838,-0.058997057378292084,0.6662779450416565,0.7191544771194458,-0.058804094791412354,0.694945216178894,0.7060104012489319,-0.023778973147273064,0.703721821308136,0.6355203986167908,-0.04394197091460228,0.7070789933204651,0.596031129360199,-0.05328862741589546,0.7097150683403015,0.5578051805496216,-0.05705907195806503,0.7196688055992126,0.7271412014961243,-0.03385765850543976,0.7369889616966248,0.6799037456512451,-0.043028343468904495,0.7502694129943848,0.65085369348526,-0.04497203975915909,0.7606797814369202,0.6170311570167542,-0.04663785174489021
0.6780831813812256,0.8699485063552856,-2.976744362115369e-08,0.6432310342788696,0.8391441106796265,-0.01638936996459961,0.6284465789794922,0.7850329875946045,-0.029563510790467262,0.6333922147750854,0.7494505047798157,-0.04259520396590233,0.6545433402061462,0.7278100252151489,-0.05548838526010513,0.6408829689025879,0.6942270994186401,-0.010357237420976162,0.6284691691398621,0.6238106489181519,-0.024775346741080284,0.6195130944252014,0.5816419720649719,-0.035791199654340744,0.6159247159957886,0.5416020154953003,-0.04558127745985985,0.6686996817588806,0.6960355043411255,-0.016246724873781204,0.6682856678962708,0.6436037421226501,-0.04970893636345863,0.6650097966194153,0.6855475306510925,-0.06318213045597076,0.6654815077781677,0.7232220768928528,-0.06276175379753113,0.6950308680534363,0.7065876722335815,-0.02514749765396118,0.7045769095420837,0.6358178853988647,-0.04727236554026604,0.7080754041671753,0.5960913300514221,-0.05713873729109764,0.7107776999473572,0.5574288368225098,-0.06066596880555153,0.7195271253585815,0.72725909948349,-0.035171475261449814,0.7373324632644653,0.6800312995910645,-0.04603073000907898,0.7509323954582214,0.6506973505020142,-0.04852301627397537,0.761532187461853,0.6164063215255737,-0.05012670159339905
0.6781859993934631,0.8686209917068481,-1.694732709722757e-08,0.6437509655952454,0.8387296199798584,-0.018148140981793404,0.6279764175415039,0.7850444316864014,-0.03251981362700462,0.6321727633476257,0.7490478157997131,-0.046448927372694016,0.6536591053009033,0.7283841371536255,-0.06007863208651543,0.6411632299423218,0.693002462387085,-0.011729327030479908,0.6287392973899841,0.623251736164093,-0.027046026661992073,0.6193907260894775,0.5813340544700623,-0.03861093893647194,0.6154801249504089,0.5414555072784424,-0.04879957437515259,0.6691657304763794,0.6954812407493591,-0.017548857256770134,0.6690267324447632,0.6421252489089966,-0.0537836030125618,0.6664423942565918,0.6852930784225464,-0.06838682293891907,0.6679688096046448,0.7245227098464966,-0.06778719276189804,0.6954724192619324,0.7067772150039673,-0.026481488719582558,0.7048130631446838,0.637263298034668,-0.050535984337329865,0.7096508741378784,0.5969197750091553,-0.060772672295570374,0.7138137817382812,0.5575658082962036,-0.06379271298646927,0.7201638221740723,0.7281497120857239,-0.03664590045809746,0.7372400164604187,0.6811032891273499,-0.048335492610931396,0.7507627010345459,0.6517038941383362,-0.050720855593681335,0.7612683773040771,0.6169434785842896,-0.05193062499165535
0.6770440936088562,0.8666744232177734,-3.70652486481049e-08,0.6424592137336731,0.8362782597541809,-0.016483118757605553,0.6267663836479187,0.7826391458511353,-0.0296995360404253,0.6320899724960327,0.7473504543304443,-0.04258689656853676,0.6548899412155151,0.7301729321479797,-0.055201396346092224,0.6405531167984009,0.6915056705474854,-0.011332431808114052,0.6281602382659912,0.622847855091095,-0.02641206607222557,0.6181755065917969,0.581925630569458,-0.03740762174129486,0.6140981912612915,0.5420863628387451,-0.0472266748547554,0.6685243248939514,0.6943783760070801,-0.017713502049446106,0.6688117980957031,0.6411724090576172,-0.05328163504600525,0.6648228168487549,0.683513879776001,-0.0671173632144928,0.6657388806343079,0.7216672301292419,-0.06623098254203796,0.695114254951477,0.7066249251365662,-0.027027470991015434,0.7056043744087219,0.6367161870002747,-0.05154155194759369,0.7118114233016968,0.5975644588470459,-0.06158016249537468,0.7178166508674622,0.5592219829559326,-0.06423983722925186,0.7195150256156921,0.7284356355667114,-0.0373418964445591,0.737212598323822,0.6813774704933167,-0.05012151598930359,0.7515894174575806,0.6524640917778015,-0.0528620220720768,0.7633116841316223,0.6181661486625671,-0.054008420556783676
0.6771613955497742,0.8693287372589111,-4.676092402178256e-08,0.6428496241569519,0.8388974070549011,-0.014616427011787891,0.6272950768470764,0.7835248708724976,-0.026464087888598442,0.6318308115005493,0.7468101978302002,-0.03823057934641838,0.653681218624115,0.7278386354446411,-0.04962989315390587,0.6408314108848572,0.6926912665367126,-0.009449033066630363,0.6264449954032898,0.6232893466949463,-0.024688178673386574,0.6155290007591248,0.5810827612876892,-0.03579774126410484,0.6113995909690857,0.5409765243530273,-0.04540129378437996,0.6686267256736755,0.6947522163391113,-0.016328904777765274,0.6694765686988831,0.6391779184341431,-0.05096101015806198,0.6652951240539551,0.6800961494445801,-0.064309261739254,0.665682315826416,0.7187660932540894,-0.06305605173110962,0.695280134677887,0.706351101398468,-0.026062332093715668,0.7065171003341675,0.6363765001296997,-0.04989393427968025,0.7137829065322876,0.5973930358886719,-0.05965641513466835,0.7203859090805054,0.5603917241096497,-0.062023356556892395,0.7195152044296265,0.7282722592353821,-0.03663390502333641,0.7382235527038574,0.6814571619033813,-0.04886399582028389,0.7534081935882568,0.6525560617446899,-0.05128499120473862,0.7655513286590576,0.6195579767227173,-0.05205228924751282
0.6774080395698547,0.8710482716560364,-6.636200566845218e-08,0.6429919004440308,0.8401890993118286,-0.015938403084874153,0.6276998519897461,0.7856051325798035,-0.028993576765060425,0.6308679580688477,0.7481895089149475,-0.0417398102581501,0.6524340510368347,0.7300226092338562,-0.053998738527297974,0.6406999826431274,0.6955841183662415,-0.01242420170456171,0.6245067715644836,0.6248849034309387,-0.030381102114915848,0.6116942167282104,0.5819112658500671,-0.043393805623054504,0.6060220003128052,0.5414668321609497,-0.053987130522727966,0.6675914525985718,0.6975037455558777,-0.01865440420806408,0.6672297120094299,0.6425281167030334,-0.054709311574697495,0.662903904914856,0.6836269497871399,-0.06840004771947861,0.6629900336265564,0.7208983302116394,-0.06743587553501129,0.6945459246635437,0.7085446119308472,-0.027920104563236237,0.7056928277015686,0.638035237789154,-0.052627772092819214,0.7142215371131897,0.5988978147506714,-0.062388837337493896,0.7216048240661621,0.561015248298645,-0.06473710387945175,0.7190583944320679,0.7299924492835999,-0.03820035979151726,0.7375891804695129,0.6820098161697388,-0.05066973716020584,0.7535925507545471,0.6528749465942383,-0.05313855782151222,0.7666268348693848,0.6194700598716736,-0.05398624762892723
0.6761651039123535,0.8684755563735962,-2.235184703991422e-09,0.6432667374610901,0.8391194939613342,-0.020529480651021004,0.6263522505760193,0.7826454043388367,-0.03531887009739876,0.6255327463150024,0.7393868565559387,-0.04940854758024216,0.6461567282676697,0.725139319896698,-0.06263604760169983,0.6351954340934753,0.6968846321105957,-0.01268097572028637,0.6144486665725708,0.628698468208313,-0.03007008135318756,0.5989676713943481,0.5862013101577759,-0.04210841655731201,0.5917901396751404,0.5471360087394714,-0.05185958743095398,0.6621846556663513,0.6958246231079102,-0.01734103634953499,0.6622031927108765,0.6422219276428223,-0.053417082875967026,0.6606037020683289,0.6781910061836243,-0.0677633136510849,0.6623374223709106,0.7113934755325317,-0.06673742830753326,0.6892718076705933,0.7043302059173584,-0.025400780141353607,0.6991589069366455,0.6364637613296509,-0.0507054477930069,0.7091706395149231,0.596236526966095,-0.061599310487508774,0.7173866033554077,0.5561003684997559,-0.06403995305299759,0.7145204544067383,0.7249857187271118,-0.03493219241499901,0.7333835363388062,0.6788462400436401,-0.04734735190868378,0.7504713535308838,0.6483710408210754,-0.05034180358052254,0.7636237740516663,0.6154868602752686,-0.051292091608047485
0.6771829724311829,0.8685651421546936,-2.990625702636862e-08,0.6439920663833618,0.8407962918281555,-0.019960129633545876,0.6251993179321289,0.785555362701416,-0.03451741486787796,0.6228398680686951,0.7417206168174744,-0.048247694969177246,0.6441323161125183,0.7192832827568054,-0.06092880293726921,0.6342101693153381,0.6988381147384644,-0.013148989528417587,0.6127066612243652,0.6322304606437683,-0.0316721573472023,0.5958802700042725,0.5895487666130066,-0.044244762510061264,0.5879057049751282,0.5503519177436829,-0.0541541613638401,0.6604916453361511,0.6960586309432983,-0.017484549432992935,0.657934308052063,0.6426496505737305,-0.0536709725856781,0.6571353673934937,0.6812936663627625,-0.06688524037599564,0.6604422926902771,0.7164530158042908,-0.06494399160146713,0.6879273056983948,0.7033593654632568,-0.025297796353697777,0.6971152424812317,0.634427011013031,-0.05111486464738846,0.7074974179267883,0.5948131084442139,-0.06081804260611534,0.7160643339157104,0.556370198726654,-0.06224760785698891,0.7136779427528381,0.7232535481452942,-0.03444790840148926,0.7322845458984375,0.6772353649139404,-0.04800563305616379,0.7494556307792664,0.647270917892456,-0.05090244859457016,0.7629308700561523,0.6147348880767822,-0.05135604739189148
0.6772041320800781,0.8679944276809692,9.033440662165049e-09,0.6436175107955933,0.8409144282341003,-0.020241117104887962,0.625732958316803,0.7855496406555176,-0.0352606363594532,0.6222426295280457,0.7416040897369385,-0.04952742159366608,0.642310380935669,0.7177281975746155,-0.06287699192762375,0.6329079866409302,0.6990559101104736,-0.012920976616442204,0.6109052896499634,0.632958173751831,-0.031652409583330154,0.593529224395752,0.5896080732345581,-0.04477698355913162,0.5853298306465149,0.550285279750824,-0.0550483763217926,0.6595237851142883,0.6955870985984802,-0.01687411405146122,0.6583433151245117,0.6407148241996765,-0.05263777822256088,0.6577869653701782,0.6766757965087891,-0.06616565585136414,0.6605819463729858,0.7106468081474304,-0.06463974714279175,0.6870502829551697,0.7021158337593079,-0.024255050346255302,0.6965223550796509,0.634438693523407,-0.048973798751831055,0.7064200639724731,0.5944206714630127,-0.05802670121192932,0.7141963839530945,0.5565348863601685,-0.059347253292798996,0.7126132845878601,0.7217559218406677,-0.03314760699868202,0.7314749956130981,0.6765424609184265,-0.04579003527760506,0.7480633854866028,0.646915853023529,-0.048202499747276306,0.7609714865684509,0.6153172254562378,-0.048426080495119095
0.6752381324768066,0.8654847145080566,-6.545635145016604e-09,0.6416462063789368,0.8373989462852478,-0.017501305788755417,0.6245256662368774,0.7821475267410278,-0.03128168731927872,0.622325599193573,0.7405042052268982,-0.04463636130094528,0.6426146030426025,0.7192743420600891,-0.057149894535541534,0.6316643953323364,0.6952418088912964,-0.010735316202044487,0.609716534614563,0.6296849846839905,-0.0282323956489563,0.5925157070159912,0.5884572863578796,-0.04048498347401619,0.5846052169799805,0.5495159029960632,-0.050324440002441406,0.6584969162940979,0.6938149333000183,-0.015892472118139267,0.6586439609527588,0.6399284601211548,-0.05159750580787659,0.6563034057617188,0.6781431436538696,-0.06529904156923294,0.6578736901283264,0.7134180068969727,-0.06380786746740341,0.6861069798469543,0.7017794847488403,-0.024139966815710068,0.6960782408714294,0.6347473859786987,-0.04898849502205849,0.7053982019424438,0.5950642228126526,-0.05834471061825752,0.712999165058136,0.5569312572479248,-0.05972026288509369,0.7116468548774719,0.7220585346221924,-0.03351922333240509,0.730429470539093,0.6760610342025757,-0.04602595791220665,0.7469768524169922,0.6465989947319031,-0.04816453158855438,0.7598147392272949,0.6147254705429077,-0.048167634755373
0.6752578020095825,0.8630282878875732,1.1650306497301699e-08,0.6419601440429688,0.8359735012054443,-0.019696660339832306,0.6241965293884277,0.7824392318725586,-0.034860484302043915,0.6209096312522888,0.7395827770233154,-0.049202997237443924,0.6408296227455139,0.7150334715843201,-0.06259851157665253,0.6322546601295471,0.6962620615959167,-0.013893173076212406,0.6104654669761658,0.6299684643745422,-0.03227289393544197,0.5935755372047424,0.5874516367912292,-0.044902779161930084,0.5856896042823792,0.5482840538024902,-0.054948702454566956,0.6593204140663147,0.6938711404800415,-0.018134545534849167,0.6593647599220276,0.6375560760498047,-0.05359172075986862,0.6581853032112122,0.6733154058456421,-0.06687020510435104,0.660393238067627,0.7073060870170593,-0.0654505044221878,0.6869304776191711,0.7016969323158264,-0.025623280555009842,0.696024477481842,0.6352400779724121,-0.0503530353307724,0.7056275606155396,0.5958086848258972,-0.059270720928907394,0.7131832838058472,0.5581582188606262,-0.060649946331977844,0.7129154205322266,0.7216364741325378,-0.03446187078952789,0.7310780882835388,0.676353394985199,-0.04701188579201698,0.7472578287124634,0.6473401188850403,-0.04923493415117264,0.7595305442810059,0.6159356236457825,-0.04952109605073929
0.6742648482322693,0.8622661828994751,2.6988894674673247e-08,0.6415619850158691,0.8355498909950256,-0.02012196183204651,0.6243834495544434,0.7833086848258972,-0.03580844774842262,0.6216745376586914,0.7410781383514404,-0.05075782909989357,0.6412498354911804,0.7156779766082764,-0.06482497602701187,0.6314035654067993,0.694651186466217,-0.013708782382309437,0.6102484464645386,0.6290353536605835,-0.03143719956278801,0.5936004519462585,0.5871436595916748,-0.04379415884613991,0.5859169960021973,0.5487242937088013,-0.0539206825196743,0.6589295268058777,0.692550003528595,-0.018055420368909836,0.659696102142334,0.6371387243270874,-0.053813524544239044,0.6580400466918945,0.673207700252533,-0.0677386224269867,0.6598722338676453,0.7071167826652527,-0.06683973968029022,0.6864627003669739,0.7006016969680786,-0.025643935427069664,0.6960296034812927,0.6349537372589111,-0.050437409430742264,0.7057400941848755,0.5958600044250488,-0.05965777859091759,0.7137117385864258,0.5587289929389954,-0.06139632686972618,0.712128758430481,0.720811128616333,-0.03465694934129715,0.7305328845977783,0.675711452960968,-0.047859858721494675,0.7470157742500305,0.6471108198165894,-0.05068959668278694,0.7598291039466858,0.6159995794296265,-0.05137544870376587
0.6756303906440735,0.8645371198654175,1.8124312717304747e-08,0.64227294921875,0.8369374871253967,-0.018513821065425873,0.6247057318687439,0.7826929092407227,-0.03340638801455498,0.6227579712867737,0.7401144504547119,-0.04803897812962532,0.6431769132614136,0.7149041891098022,-0.06190900132060051,0.6323126554489136,0.6951644420623779,-0.011210513301193714,0.6113892793655396,0.6281471848487854,-0.027814310044050217,0.5958978533744812,0.5860055685043335,-0.0395987294614315,0.5890935659408569,0.5472992062568665,-0.049513284116983414,0.6601387858390808,0.6936094164848328,-0.01637904718518257,0.6618292331695557,0.6398301720619202,-0.052232205867767334,0.6597510576248169,0.676570475101471,-0.06663766503334045,0.6609539985656738,0.7106072306632996,-0.06594256311655045,0.6880267858505249,0.7016443014144897,-0.024657560512423515,0.6980536580085754,0.6360770463943481,-0.049702901393175125,0.7081910967826843,0.5963998436927795,-0.05950210615992546,0.7164920568466187,0.5592512488365173,-0.06150154024362564,0.714195966720581,0.7213161587715149,-0.03414364904165268,0.7320508360862732,0.6754468679428101,-0.047361478209495544,0.7485213279724121,0.6467745304107666,-0.05011196807026863,0.7613301873207092,0.6159160137176514,-0.05069242790341377
0.6762292981147766,0.8644030094146729,3.715558705152944e-08,0.6435020565986633,0.8364274501800537,-0.019519418478012085,0.6258904337882996,0.783382773399353,-0.03511945158243179,0.6239392757415771,0.7404035925865173,-0.05029000714421272,0.6443263292312622,0.712527334690094,-0.06474000960588455,0.633077085018158,0.694469153881073,-0.01247282512485981,0.6127797365188599,0.6276206970214844,-0.028916804119944572,0.5973416566848755,0.5851198434829712,-0.04090237244963646,0.5903637409210205,0.5465317964553833,-0.051018666476011276,0.6607723832130432,0.6922869682312012,-0.01673850603401661,0.6627423763275146,0.6373099088668823,-0.051035746932029724,0.6611903309822083,0.67027348279953,-0.06525406986474991,0.6622722744941711,0.702241063117981,-0.06514690071344376,0.6885676383972168,0.7004376649856567,-0.02406545914709568,0.6991503834724426,0.6345921158790588,-0.047564174979925156,0.7094340324401855,0.5953758358955383,-0.056590188294649124,0.717549741268158,0.5591402649879456,-0.05866174027323723,0.714311420917511,0.7209555506706238,-0.03280177339911461,0.7325003743171692,0.6762784123420715,-0.04555061087012291,0.7486193776130676,0.6477506756782532,-0.04834146052598953,0.7612344622612,0.616994321346283,-0.0490952767431736
0.676706075668335,0.8652580380439758,3.478075427665317e-08,0.6437829732894897,0.838187038898468,-0.019719809293746948,0.625983715057373,0.7837622165679932,-0.03521781787276268,0.6236767768859863,0.7391723394393921,-0.05030857026576996,0.6446588039398193,0.7132213711738586,-0.06466221809387207,0.6339762210845947,0.6952885985374451,-0.01164868101477623,0.6136510968208313,0.628889262676239,-0.028364401310682297,0.5977440476417542,0.5862166881561279,-0.040444307029247284,0.5908129215240479,0.5471785068511963,-0.05053607374429703,0.6614567637443542,0.692693829536438,-0.015951914712786674,0.663871169090271,0.6361339688301086,-0.05035426467657089,0.6615099906921387,0.6707002520561218,-0.06420759856700897,0.6623719930648804,0.7037070989608765,-0.06347031146287918,0.6890273094177246,0.7005959153175354,-0.02343768998980522,0.6997774243354797,0.6342863440513611,-0.04669559746980667,0.7099442481994629,0.59512859582901,-0.0554412342607975,0.7181935906410217,0.5588997602462769,-0.05714287981390953,0.7145816087722778,0.7211796641349792,-0.03242279961705208,0.7327930927276611,0.6764094829559326,-0.04430516064167023,0.7488191723823547,0.647347092628479,-0.0466315783560276,0.7613570690155029,0.6163751482963562,-0.04714557155966759
0.6758999824523926,0.8649515509605408,3.5361761518970525e-08,0.6431294083595276,0.8383169770240784,-0.019400710240006447,0.6257723569869995,0.7829962968826294,-0.03463177755475044,0.6229204535484314,0.7380140423774719,-0.049505650997161865,0.6440558433532715,0.7131709456443787,-0.06350827217102051,0.6341688632965088,0.6950167417526245,-0.010588143020868301,0.613787055015564,0.6279415488243103,-0.027373798191547394,0.5979167222976685,0.5851487517356873,-0.039485864341259,0.5914033055305481,0.5456382036209106,-0.04959310591220856,0.6612865924835205,0.6928694844245911,-0.0150671461597085,0.6644545793533325,0.6366053819656372,-0.050156865268945694,0.6618795990943909,0.6717099547386169,-0.06425616145133972,0.6625651121139526,0.7051671743392944,-0.0632585883140564,0.6887626647949219,0.7007830739021301,-0.022714663296937943,0.7004159092903137,0.6350873708724976,-0.04625384509563446,0.7110893726348877,0.59539395570755,-0.05490414425730705,0.7198771834373474,0.5583181977272034,-0.05623343586921692,0.7142273783683777,0.7216604948043823,-0.031879086047410965,0.7324948310852051,0.6772223114967346,-0.043627917766571045,0.7485946416854858,0.648128867149353,-0.045669279992580414,0.761327862739563,0.6169562935829163,-0.04584236070513725
0.6760309934616089,0.8647264838218689,2.9209109797534438e-08,0.6432065963745117,0.8374749422073364,-0.019292574375867844,0.625919759273529,0.7825318574905396,-0.03445608168840408,0.6233901977539062,0.7375640869140625,-0.04924025386571884,0.6446487307548523,0.7117605209350586,-0.06313212960958481,0.6342127323150635,0.6950242519378662,-0.010761124081909657,0.6137250065803528,0.6283525228500366,-0.027605747804045677,0.5979565382003784,0.5855264663696289,-0.03969229757785797,0.5916153788566589,0.546191394329071,-0.04969831556081772,0.6612212061882019,0.6926250457763672,-0.015140772797167301,0.6644436717033386,0.6362807154655457,-0.049732521176338196,0.6620899438858032,0.670927882194519,-0.06349249929189682,0.6627452373504639,0.7042251229286194,-0.06245066225528717,0.6886582970619202,0.7004541158676147,-0.0227104052901268,0.7005563378334045,0.6345347166061401,-0.0461697056889534,0.7111908793449402,0.5950971245765686,-0.05481399968266487,0.7198091149330139,0.5584406852722168,-0.056206513196229935,0.7140193581581116,0.7211645841598511,-0.031750746071338654,0.7325019240379333,0.6766495108604431,-0.04363829642534256,0.7486953735351562,0.6476150751113892,-0.04582025110721588,0.7614415884017944,0.6166125535964966,-0.0461093932390213
0.6760295629501343,0.8629130125045776,3.6170781925193296e-08,0.6432924866676331,0.836154580116272,-0.019824953749775887,0.6261333227157593,0.7819069623947144,-0.03518538177013397,0.6231420040130615,0.7375614047050476,-0.05001438409090042,0.6436527371406555,0.7115950584411621,-0.06397788971662521,0.6339866518974304,0.6943643689155579,-0.012089029885828495,0.6135987043380737,0.6272358298301697,-0.02893661893904209,0.5979065895080566,0.5847843885421753,-0.04112010449171066,0.591289758682251,0.5456810593605042,-0.051269810646772385,0.661101758480072,0.692428708076477,-0.01617499440908432,0.6635434627532959,0.6370465159416199,-0.05089757218956947,0.6613027453422546,0.6701987981796265,-0.06507723033428192,0.6620571613311768,0.7022385001182556,-0.06458070129156113,0.6885989308357239,0.7006133794784546,-0.023393215611577034,0.7002758383750916,0.6348534226417542,-0.046949353069067,0.7111803293228149,0.5952275991439819,-0.05594170093536377,0.720041036605835,0.5582033395767212,-0.057718485593795776,0.7141036987304688,0.7214969396591187,-0.03210840001702309,0.7324130535125732,0.6767293810844421,-0.04432809352874756,0.7486394643783569,0.6477987766265869,-0.046885229647159576,0.7616093754768372,0.6164972186088562,-0.047459010034799576
0.6756211519241333,0.8640351891517639,5.118780777024767e-08,0.6431108713150024,0.8368449211120605,-0.019390052184462547,0.6256542801856995,0.7828205823898315,-0.034888703376054764,0.6238642334938049,0.7383588552474976,-0.05010110139846802,0.6445504426956177,0.7106624245643616,-0.06449679285287857,0.633659303188324,0.6931013464927673,-0.01080758310854435,0.6133151054382324,0.6267123818397522,-0.02654637210071087,0.5977751016616821,0.5842689275741577,-0.038053449243307114,0.5911938548088074,0.5457017421722412,-0.047880616039037704,0.6611064672470093,0.6913389563560486,-0.01520803477615118,0.6643743515014648,0.6360719799995422,-0.04848003014922142,0.6620782017707825,0.6684607267379761,-0.06209170073270798,0.662611722946167,0.6998099684715271,-0.06152298301458359,0.6887397170066833,0.6998375058174133,-0.022732354700565338,0.7009028196334839,0.6341750621795654,-0.04504013434052467,0.7115912437438965,0.5945469737052917,-0.05336134135723114,0.7202246189117432,0.5580002069473267,-0.05507408827543259,0.7140957713127136,0.7214168310165405,-0.03181061893701553,0.7325491905212402,0.6771314740180969,-0.04345278441905975,0.7487699389457703,0.6484877467155457,-0.04565385729074478,0.7617137432098389,0.6178784370422363,-0.04609081894159317
0.6759167313575745,0.8651031255722046,3.439014051309641e-08,0.6435428261756897,0.8371084928512573,-0.020942209288477898,0.6265016198158264,0.7813208699226379,-0.03633690997958183,0.6237434148788452,0.7361702919006348,-0.051046717911958694,0.6431273818016052,0.7078174948692322,-0.06484958529472351,0.6349948048591614,0.6972746849060059,-0.013417761772871017,0.61452317237854,0.6282420754432678,-0.03024391643702984,0.5990239977836609,0.5852020978927612,-0.041985947638750076,0.5922369360923767,0.5457903146743774,-0.05178356543183327,0.6621655821800232,0.6954848766326904,-0.017091207206249237,0.6656600832939148,0.6388711333274841,-0.05178510770201683,0.6621813774108887,0.6709302663803101,-0.06629553437232971,0.661281168460846,0.7018069624900818,-0.06624611467123032,0.6891700029373169,0.7032621502876282,-0.0239911787211895,0.7018721103668213,0.6371499300003052,-0.04844056814908981,0.7123409509658813,0.5966670513153076,-0.05886302515864372,0.7203887104988098,0.5594471096992493,-0.06167660653591156,0.7142994403839111,0.7230470180511475,-0.032328031957149506,0.7333149909973145,0.678349494934082,-0.04537155106663704,0.7503392100334167,0.6493619680404663,-0.04888955131173134,0.7634401321411133,0.61924809217453,-0.05027185007929802
0.676141619682312,0.8649309277534485,5.836228922362352e-08,0.6431064605712891,0.8372105360031128,-0.021253351122140884,0.6265445947647095,0.7815713286399841,-0.03658997267484665,0.6240326762199402,0.7359495162963867,-0.0510391965508461,0.643825352191925,0.7094642519950867,-0.06448335200548172,0.6349027752876282,0.6965080499649048,-0.012976892292499542,0.6154364347457886,0.6281552314758301,-0.030066661536693573,0.5998517274856567,0.5854662656784058,-0.04226372018456459,0.5933092832565308,0.5456157326698303,-0.052373483777046204,0.6624481678009033,0.6948844194412231,-0.016575563699007034,0.667504072189331,0.6356934905052185,-0.051802389323711395,0.6649651527404785,0.6671761274337769,-0.06652367860078812,0.6652361750602722,0.6988038420677185,-0.06616954505443573,0.6894893646240234,0.7032144069671631,-0.02340559847652912,0.7014833092689514,0.637485682964325,-0.04731914773583412,0.7118759751319885,0.5972675681114197,-0.05706315487623215,0.7201668620109558,0.5597761869430542,-0.059201523661613464,0.7145472764968872,0.7241802215576172,-0.03188076615333557,0.733262300491333,0.6794441938400269,-0.04418621212244034,0.7500608563423157,0.6504273414611816,-0.0470958948135376,0.7631469368934631,0.6197864413261414,-0.04793810099363327
0.6759690046310425,0.8636987209320068,8.566685494315607e-08,0.6429140567779541,0.8352022171020508,-0.02094201371073723,0.6261294484138489,0.7793917655944824,-0.036222752183675766,0.6242808699607849,0.7347901463508606,-0.05070064961910248,0.6451589465141296,0.7093764543533325,-0.06412649154663086,0.6346109509468079,0.6934206485748291,-0.01164304744452238,0.6151106953620911,0.6255145072937012,-0.027350738644599915,0.6003620028495789,0.5836913585662842,-0.03873291611671448,0.5943295955657959,0.5442701578140259,-0.048641499131917953,0.6624035835266113,0.6928952932357788,-0.015837037935853004,0.6684788465499878,0.6337313652038574,-0.05102107301354408,0.6667321920394897,0.664134681224823,-0.066164031624794,0.6676910519599915,0.6957350969314575,-0.0661286935210228,0.6892966628074646,0.7023667097091675,-0.023231415078043938,0.70119309425354,0.6381065249443054,-0.04746531322598457,0.711821973323822,0.5970199704170227,-0.0577758364379406,0.7206420302391052,0.5586333870887756,-0.06029132753610611,0.7144954204559326,0.7239277362823486,-0.03222103789448738,0.73299241065979,0.6792737245559692,-0.04511276260018349,0.7499444484710693,0.6500054001808167,-0.048429302871227264,0.7629737854003906,0.619113564491272,-0.04958224296569824
0.6755691766738892,0.8650398850440979,6.945005281977501e-08,0.6433427333831787,0.8348690271377563,-0.02092595584690571,0.626713752746582,0.7786007523536682,-0.036314308643341064,0.6244938969612122,0.7335892915725708,-0.05104617774486542,0.6446864008903503,0.7064715623855591,-0.0648878887295723,0.6354418992996216,0.6942061185836792,-0.011753438971936703,0.6163948774337769,0.6269439458847046,-0.027402348816394806,0.6016332507133484,0.5850813388824463,-0.038964223116636276,0.5948825478553772,0.545966625213623,-0.04901142045855522,0.6627678275108337,0.6937840580940247,-0.01575908623635769,0.6692251563072205,0.6355153322219849,-0.05028348043560982,0.6659192442893982,0.6647432446479797,-0.06554970145225525,0.664589524269104,0.6951494216918945,-0.06609753519296646,0.6893865466117859,0.7033519148826599,-0.02294175513088703,0.7026443481445312,0.6374253630638123,-0.046884335577487946,0.7126753926277161,0.5962753295898438,-0.05731188878417015,0.7203906774520874,0.5589504241943359,-0.0602077841758728,0.7138963341712952,0.7248179912567139,-0.031687118113040924,0.7325482964515686,0.6791582107543945,-0.044744864106178284,0.7492636442184448,0.6495422124862671,-0.04833405464887619,0.7622661590576172,0.6189016103744507,-0.04976839944720268
0.675118088722229,0.8643802404403687,6.306181887794082e-08,0.6426481604576111,0.8343515396118164,-0.01972660794854164,0.6267622709274292,0.7776398062705994,-0.034304603934288025,0.6247330904006958,0.7335633039474487,-0.04832008108496666,0.6455530524253845,0.7093955874443054,-0.061341989785432816,0.6356026530265808,0.6928959488868713,-0.010625914670526981,0.6168063879013062,0.6255693435668945,-0.026135271415114403,0.6017086505889893,0.5841836929321289,-0.03735887631773949,0.5951222777366638,0.5451254844665527,-0.04708733409643173,0.6628114581108093,0.6930107474327087,-0.015180455520749092,0.6693214178085327,0.6338531970977783,-0.04999080300331116,0.6661980748176575,0.6641586422920227,-0.06479600816965103,0.6655959486961365,0.6958042979240417,-0.06459935009479523,0.6894264817237854,0.7030318379402161,-0.02281833067536354,0.7027711272239685,0.6375696063041687,-0.04665249213576317,0.7129576206207275,0.596681535243988,-0.05643304064869881,0.7212818264961243,0.5592613220214844,-0.05859667807817459,0.7139484286308289,0.7249270081520081,-0.03197658807039261,0.7326741814613342,0.6793408989906311,-0.04447562247514725,0.7492378354072571,0.6496955752372742,-0.047419190406799316,0.7621667385101318,0.618628978729248,-0.04830969125032425
0.6744868755340576,0.8647848963737488,5.736903929687287e-08,0.6425760388374329,0.834670901298523,-0.019547931849956512,0.6268612742424011,0.7776906490325928,-0.03418109938502312,0.6247281432151794,0.7333720326423645,-0.04836958274245262,0.6449878215789795,0.7081554532051086,-0.06159508228302002,0.6355546116828918,0.6935375928878784,-0.010673895478248596,0.6167317032814026,0.625032901763916,-0.026085078716278076,0.6021045446395874,0.5826911330223083,-0.03722227364778519,0.5960060954093933,0.5431810617446899,-0.04691627621650696,0.662745475769043,0.6938279867172241,-0.01521222572773695,0.6688838005065918,0.6360496282577515,-0.04994841292500496,0.6653662919998169,0.6664443612098694,-0.06474019587039948,0.6642425060272217,0.6979076266288757,-0.06469061225652695,0.6894173622131348,0.7035887241363525,-0.022812984883785248,0.702630877494812,0.6381288170814514,-0.046490829437971115,0.7128956317901611,0.5973011255264282,-0.0561494417488575,0.7210929989814758,0.5598275661468506,-0.05840175226330757,0.7140579223632812,0.7250750660896301,-0.031914714723825455,0.7328271865844727,0.6793465614318848,-0.044232327491045,0.7493856549263,0.6497529149055481,-0.04712587222456932,0.7622483372688293,0.6189805269241333,-0.04807871952652931
0.6743898987770081,0.8657815456390381,5.579287787327303e-08,0.642860472202301,0.8349890112876892,-0.01967555284500122,0.6268612742424011,0.7783259749412537,-0.034449778497219086,0.6248764991760254,0.7342913746833801,-0.048647165298461914,0.6451253294944763,0.7085523009300232,-0.0618356391787529,0.6353850960731506,0.6923807263374329,-0.010373814962804317,0.6165818572044373,0.6252413988113403,-0.02559756673872471,0.6022345423698425,0.5834505558013916,-0.03661194071173668,0.5962434411048889,0.5444758534431458,-0.046215564012527466,0.6627557277679443,0.6932610869407654,-0.014899739064276218,0.669696033000946,0.6355054378509521,-0.04974886775016785,0.6661175489425659,0.667302131652832,-0.06445124000310898,0.6649535298347473,0.6995270252227783,-0.06417038291692734,0.6894462704658508,0.7040173411369324,-0.02254621312022209,0.7030622363090515,0.6385588049888611,-0.046867091208696365,0.7130527496337891,0.5979115962982178,-0.05677471309900284,0.7209674119949341,0.5601351261138916,-0.05898445099592209,0.7140368819236755,0.7263824939727783,-0.03157373145222664,0.7326122522354126,0.6805009841918945,-0.04454653337597847,0.7492055892944336,0.6510376930236816,-0.047511372715234756,0.7619998455047607,0.6197170615196228,-0.048387620598077774
0.6739808917045593,0.8651953935623169,4.0206103335549415e-08,0.6434975862503052,0.8354027271270752,-0.02008257620036602,0.6282857060432434,0.7797390222549438,-0.03484675660729408,0.6265849471092224,0.7363999485969543,-0.04882367327809334,0.6454455852508545,0.7080341577529907,-0.06189234182238579,0.6352754235267639,0.6932156085968018,-0.01286449283361435,0.6167613863945007,0.6251933574676514,-0.028165549039840698,0.6026379466056824,0.58297199010849,-0.03879239037632942,0.5967512130737305,0.5436986684799194,-0.04808241128921509,0.6629747152328491,0.6937918663024902,-0.01688321679830551,0.6692888736724854,0.6369774341583252,-0.051516178995370865,0.6648353338241577,0.6692251563072205,-0.06606968492269516,0.6628459692001343,0.7010623216629028,-0.06604407727718353,0.6899358034133911,0.7043551206588745,-0.023890754207968712,0.7039516568183899,0.6382352113723755,-0.04856433346867561,0.7141422629356384,0.5982506275177002,-0.05884655565023422,0.7221818566322327,0.5610786080360413,-0.06151041388511658,0.7141999006271362,0.726182222366333,-0.032158371061086655,0.7334447503089905,0.6803010702133179,-0.046068329364061356,0.7505684494972229,0.6513460278511047,-0.04977550357580185,0.7638850212097168,0.6203956604003906,-0.0511251762509346
0.6742423176765442,0.8652762174606323,5.607137154584052e-08,0.6434307098388672,0.8355404138565063,-0.020384158939123154,0.6276853680610657,0.7797340750694275,-0.03543998301029205,0.6258695721626282,0.7361434102058411,-0.04971852898597717,0.645499587059021,0.7082847356796265,-0.06304361671209335,0.6358423233032227,0.6932220458984375,-0.012555668130517006,0.6171929836273193,0.6249093413352966,-0.02798960916697979,0.6028854250907898,0.5826080441474915,-0.038961149752140045,0.5968722105026245,0.5435647368431091,-0.048473991453647614,0.663224458694458,0.6939488053321838,-0.016527526080608368,0.6701874732971191,0.6370587944984436,-0.05101506784558296,0.6667200922966003,0.6682612895965576,-0.06576178222894669,0.665594220161438,0.6996683478355408,-0.06590218842029572,0.6896939873695374,0.7043477296829224,-0.023584915325045586,0.7040495872497559,0.638450026512146,-0.04815061762928963,0.7148354649543762,0.5980477929115295,-0.0587223544716835,0.723452091217041,0.5605271458625793,-0.06160241365432739,0.713936984539032,0.7262980937957764,-0.0319642573595047,0.7337144017219543,0.680881679058075,-0.04558601602911949,0.7512727975845337,0.6519143581390381,-0.049309395253658295,0.7649707794189453,0.6209506988525391,-0.05078605189919472
0.6746935248374939,0.86692214012146,6.689298714945835e-08,0.6435474157333374,0.8369637727737427,-0.020089253783226013,0.6278718113899231,0.7800928354263306,-0.03494667261838913,0.6252827048301697,0.7356985211372375,-0.04920494183897972,0.6453012228012085,0.7087175250053406,-0.06263740360736847,0.6369473934173584,0.69415283203125,-0.011566688306629658,0.61773681640625,0.6255892515182495,-0.027064230293035507,0.6029354333877563,0.5827255845069885,-0.0384962260723114,0.5965884923934937,0.5434431433677673,-0.04831874370574951,0.6641505360603333,0.6943734884262085,-0.015607032924890518,0.6700407266616821,0.6372780203819275,-0.04923093318939209,0.6662235856056213,0.6647387742996216,-0.06415720283985138,0.6649844646453857,0.6944363117218018,-0.06474284082651138,0.6903976202011108,0.7044265866279602,-0.022723425179719925,0.7034621238708496,0.6385220289230347,-0.046252332627773285,0.7143194079399109,0.5979064702987671,-0.05633971840143204,0.7233616709709167,0.5605083703994751,-0.05908365547657013,0.7143564820289612,0.7266510725021362,-0.03130321577191353,0.7337915897369385,0.6810197234153748,-0.04408298805356026,0.7512552738189697,0.6518437266349792,-0.047354746609926224,0.765270471572876,0.6212708353996277,-0.0485687293112278
0.6751065254211426,0.8663896322250366,5.383338930187165e-08,0.6434447765350342,0.836769700050354,-0.020313166081905365,0.6275376677513123,0.7797843813896179,-0.03498391434550285,0.6255460977554321,0.735077977180481,-0.048907067626714706,0.6464988589286804,0.7093045711517334,-0.061845120042562485,0.6365518569946289,0.6938707232475281,-0.01150637585669756,0.6175694465637207,0.6253854036331177,-0.0271303690969944,0.6029142141342163,0.582981526851654,-0.038403771817684174,0.5967418551445007,0.5431562066078186,-0.04814547300338745,0.6638544797897339,0.6942876577377319,-0.015542403794825077,0.6689738035202026,0.637607216835022,-0.05031698942184448,0.6654378175735474,0.667583167552948,-0.0651824101805687,0.6650302410125732,0.6986930966377258,-0.06523104757070541,0.6902768015861511,0.7046587467193604,-0.022728562355041504,0.7034952640533447,0.6395383477210999,-0.047156523913145065,0.7141607403755188,0.5984206795692444,-0.05751045048236847,0.7234236598014832,0.5600217580795288,-0.06010991707444191,0.7144739031791687,0.7268247604370117,-0.031378891319036484,0.7336305379867554,0.6815621256828308,-0.04458966851234436,0.7508729696273804,0.6523152589797974,-0.048105765134096146,0.7648545503616333,0.6209890842437744,-0.04941666126251221
0.6755885481834412,0.8678931593894958,5.1426528813180994e-08,0.6440011262893677,0.8391169905662537,-0.02143026329576969,0.6280598640441895,0.7814210653305054,-0.03648822754621506,0.6254140138626099,0.7356190085411072,-0.05062226578593254,0.6457086801528931,0.7084693908691406,-0.0637899786233902,0.6367466449737549,0.6959841251373291,-0.012472052127122879,0.6179842948913574,0.6271058320999146,-0.02885567955672741,0.6032724380493164,0.5839254856109619,-0.04065479338169098,0.5969666242599487,0.5438288450241089,-0.05065849423408508,0.6639057397842407,0.6953967213630676,-0.01602564938366413,0.6690612435340881,0.6381911635398865,-0.0512581504881382,0.6654928922653198,0.6692177653312683,-0.0662631168961525,0.6645981669425964,0.7008672952651978,-0.06620176881551743,0.6904285550117493,0.7049365639686584,-0.022851675748825073,0.7037168741226196,0.6393267512321472,-0.04748940095305443,0.714348554611206,0.5980820655822754,-0.057862844318151474,0.7229949235916138,0.5595895051956177,-0.060389578342437744,0.7145599722862244,0.7268043756484985,-0.03124190680682659,0.7338641285896301,0.6818775534629822,-0.04452775418758392,0.7512576580047607,0.6525988578796387,-0.048030976206064224,0.765097439289093,0.6215497255325317,-0.049258649349212646
0.6754376888275146,0.8675309419631958,8.22609393935636e-08,0.6434009075164795,0.8376445174217224,-0.021197732537984848,0.6276468634605408,0.7814202308654785,-0.03655998408794403,0.6267688274383545,0.7361123561859131,-0.05111365392804146,0.6465691328048706,0.7073359489440918,-0.06469736993312836,0.6362695097923279,0.6945786476135254,-0.012280636467039585,0.6173412203788757,0.6260343790054321,-0.02781505510210991,0.6031454801559448,0.5832122564315796,-0.0392313152551651,0.5970377922058105,0.5436108708381653,-0.04906846210360527,0.6639969348907471,0.694724977016449,-0.01595200225710869,0.6713558435440063,0.6370554566383362,-0.050299618393182755,0.6687957644462585,0.6648198366165161,-0.06533955782651901,0.6680880784988403,0.6941080689430237,-0.06570615619421005,0.6906119585037231,0.7049131393432617,-0.022797811776399612,0.704225480556488,0.6400255560874939,-0.04674829542636871,0.7153549194335938,0.598639190196991,-0.056866586208343506,0.724349319934845,0.5602981448173523,-0.059475626796483994,0.7148767113685608,0.7269313335418701,-0.03122757561504841,0.7339436411857605,0.6813978552818298,-0.04448617622256279,0.7511568665504456,0.652056097984314,-0.047903671860694885,0.7648817300796509,0.620797872543335,-0.04906265810132027
0.6763545274734497,0.869633138179779,8.361799785916446e-08,0.6445372104644775,0.8392719030380249,-0.021310515701770782,0.6284534335136414,0.7822033166885376,-0.036794740706682205,0.6264937520027161,0.7360321283340454,-0.0515022948384285,0.6463370323181152,0.7066347599029541,-0.06529808789491653,0.6371287107467651,0.6959052681922913,-0.012098838575184345,0.6180317401885986,0.6269308924674988,-0.0277298241853714,0.6039262413978577,0.5834264159202576,-0.03934111073613167,0.5974555611610413,0.5437593460083008,-0.04930341616272926,0.6644467115402222,0.6957927346229553,-0.015613174997270107,0.6712121963500977,0.6379777789115906,-0.049975719302892685,0.6688445210456848,0.6653960347175598,-0.06533057987689972,0.6677327752113342,0.6946807503700256,-0.06591092050075531,0.6907849311828613,0.7056582570075989,-0.022295065224170685,0.7040213942527771,0.6406458616256714,-0.046190373599529266,0.715872585773468,0.5986766219139099,-0.056580301374197006,0.7251270413398743,0.5602198839187622,-0.05937047302722931,0.7148200869560242,0.7275416254997253,-0.030553972348570824,0.7337067127227783,0.6817794442176819,-0.04365583509206772,0.751124918460846,0.6522141098976135,-0.047132458537817,0.7650634050369263,0.6210698485374451,-0.04836210235953331
0.6759797930717468,0.8683797121047974,6.632954807628266e-08,0.6443731188774109,0.8384595513343811,-0.021621985360980034,0.6287680268287659,0.7816325426101685,-0.03704237565398216,0.6274034380912781,0.7362657785415649,-0.05147822946310043,0.6465062499046326,0.7076570987701416,-0.06488113850355148,0.6368908286094666,0.6956815123558044,-0.01331255305558443,0.617913544178009,0.6265490651130676,-0.02908768691122532,0.603719174861908,0.5838217735290527,-0.040396831929683685,0.5973430871963501,0.5439324378967285,-0.05012448504567146,0.6646782159805298,0.6958299875259399,-0.016843194141983986,0.671484112739563,0.6374611854553223,-0.05241983011364937,0.6684907674789429,0.6680094599723816,-0.06778287142515182,0.667533278465271,0.6991227865219116,-0.0678870901465416,0.691135585308075,0.7058359980583191,-0.023506974801421165,0.7045719623565674,0.6412826776504517,-0.04839909449219704,0.7163642644882202,0.5995915532112122,-0.05915002524852753,0.7259430885314941,0.5610935688018799,-0.061886902898550034,0.7152281999588013,0.727392315864563,-0.031690727919340134,0.7340136766433716,0.6818182468414307,-0.04528499394655228,0.7515621185302734,0.6523850560188293,-0.048960525542497635,0.7655089497566223,0.6210775375366211,-0.05024649575352669
0.6755638718605042,0.867466151714325,7.897234866049985e-08,0.6433659791946411,0.8380278944969177,-0.0211169570684433,0.6271888613700867,0.7816259860992432,-0.037017032504081726,0.6255819201469421,0.736224889755249,-0.05227954313158989,0.6460852026939392,0.7088984251022339,-0.06662596762180328,0.636931300163269,0.6944500803947449,-0.01199265569448471,0.6179765462875366,0.6249247789382935,-0.02726280316710472,0.6039959788322449,0.5817897319793701,-0.03846735879778862,0.5982872247695923,0.5421618819236755,-0.04831507056951523,0.6644607186317444,0.6949489712715149,-0.015914930030703545,0.6713142991065979,0.6378977298736572,-0.05118999630212784,0.6679942011833191,0.6682242155075073,-0.06690102815628052,0.6671015620231628,0.6989648938179016,-0.06738758087158203,0.6909231543540955,0.704856812953949,-0.022897809743881226,0.7049263119697571,0.6392707824707031,-0.04699135199189186,0.7172322273254395,0.5983317494392395,-0.05731416493654251,0.7274157404899597,0.5607202053070068,-0.05998041108250618,0.7151460647583008,0.7267944812774658,-0.03144332394003868,0.7341934442520142,0.6811684370040894,-0.04443597421050072,0.7518439292907715,0.6519115567207336,-0.04782581329345703,0.7661941647529602,0.6210055947303772,-0.04895678907632828
0.6754370927810669,0.8667237758636475,6.026487398003155e-08,0.6443526148796082,0.8370023965835571,-0.02089986577630043,0.6285205483436584,0.7813551425933838,-0.03682439774274826,0.6265880465507507,0.7373315095901489,-0.0520976223051548,0.6455824971199036,0.7072587609291077,-0.06656083464622498,0.6375072598457336,0.6940957307815552,-0.01333681121468544,0.6180703043937683,0.6243323087692261,-0.028545789420604706,0.6041401624679565,0.5815047025680542,-0.03966692090034485,0.5981525182723999,0.5423314571380615,-0.049503788352012634,0.6648067831993103,0.6950505375862122,-0.0172222051769495,0.670975387096405,0.639431357383728,-0.05243242532014847,0.6671186089515686,0.6700452566146851,-0.06843550503253937,0.6651878952980042,0.7005016207695007,-0.0695357546210289,0.6911910772323608,0.705261766910553,-0.024043183773756027,0.7051938772201538,0.6401504874229431,-0.048494160175323486,0.7174669504165649,0.5993679165840149,-0.05937036871910095,0.7273997664451599,0.5620813965797424,-0.06266320496797562,0.7151942849159241,0.7267990112304688,-0.03225306048989296,0.7339122295379639,0.6808615922927856,-0.04601604864001274,0.7516719698905945,0.6519907712936401,-0.049960579723119736,0.7661226391792297,0.6214185953140259,-0.0515483096241951
0.6761726140975952,0.8694900274276733,4.426803457135975e-08,0.6453085541725159,0.8401515483856201,-0.022021211683750153,0.6289698481559753,0.7832856178283691,-0.038314901292324066,0.6261176466941833,0.7384597659111023,-0.0538051463663578,0.644776463508606,0.7075859308242798,-0.06846953928470612,0.638137698173523,0.6968297958374023,-0.013741536997258663,0.6187465190887451,0.6255872249603271,-0.029631253331899643,0.6046673655509949,0.5816792845726013,-0.04125112667679787,0.5986627340316772,0.5419899225234985,-0.051385298371315,0.665209949016571,0.6973583698272705,-0.017367437481880188,0.6692761778831482,0.641997218132019,-0.05315119028091431,0.6642308235168457,0.6754639744758606,-0.0693536177277565,0.6620626449584961,0.7072248458862305,-0.07038923352956772,0.6915825605392456,0.7063694596290588,-0.024175360798835754,0.7049217224121094,0.640207052230835,-0.048677969723939896,0.7169509530067444,0.5993660092353821,-0.05971004068851471,0.7267007231712341,0.5617084503173828,-0.06316526234149933,0.7158510684967041,0.7272374033927917,-0.0325113870203495,0.734168291091919,0.6808712482452393,-0.04560688138008118,0.7520831823348999,0.6516641974449158,-0.04924541711807251,0.766475260257721,0.6212064623832703,-0.050827138125896454
0.6762124300003052,0.8697994947433472,6.60370389482523e-08,0.6452997326850891,0.8400604724884033,-0.02181796357035637,0.629088819026947,0.7835376262664795,-0.03824570029973984,0.6263807415962219,0.7377750277519226,-0.05398547649383545,0.6455472111701965,0.7074644565582275,-0.06886570155620575,0.6370094418525696,0.6964353919029236,-0.012698255479335785,0.6183603405952454,0.6259410381317139,-0.028305863961577415,0.6048729419708252,0.5821057558059692,-0.03980739414691925,0.5993884801864624,0.5423497557640076,-0.04983213543891907,0.6645906567573547,0.6968048214912415,-0.016162965446710587,0.6700157523155212,0.6396711468696594,-0.05177301913499832,0.6666432023048401,0.671875536441803,-0.06774581968784332,0.6655175089836121,0.7036396861076355,-0.06836194545030594,0.6915146708488464,0.7061202526092529,-0.022758210077881813,0.7048686146736145,0.6397418975830078,-0.04689668491482735,0.7169098854064941,0.5982317924499512,-0.057546280324459076,0.7265042662620544,0.5604279041290283,-0.060564130544662476,0.7162388563156128,0.727338433265686,-0.030909830704331398,0.7349309921264648,0.6814867258071899,-0.04388127103447914,0.7522609829902649,0.6520028710365295,-0.04750119894742966,0.7663021683692932,0.6207051873207092,-0.0489150807261467
0.6767128109931946,0.8703505992889404,7.446711691727614e-08,0.6454212069511414,0.8402976989746094,-0.022594725713133812,0.6286005973815918,0.783132016658783,-0.03906679153442383,0.6258997917175293,0.7366694808006287,-0.054695457220077515,0.6459059715270996,0.7064234018325806,-0.06938481330871582,0.6373766660690308,0.6982611417770386,-0.013385008089244366,0.6185778975486755,0.626918613910675,-0.029279740527272224,0.6049401760101318,0.5829699635505676,-0.04069520905613899,0.5992925763130188,0.5429279208183289,-0.05059700459241867,0.6648164391517639,0.6981009244918823,-0.016589270904660225,0.6711283922195435,0.6396449208259583,-0.052608195692300797,0.6678122878074646,0.6710109710693359,-0.06870010495185852,0.666743814945221,0.7026543021202087,-0.06932184845209122,0.6912313103675842,0.7068353891372681,-0.02303922362625599,0.7047814130783081,0.6408312916755676,-0.047765102237463,0.7165589332580566,0.5988253355026245,-0.059107456356287,0.7259671092033386,0.5608988404273987,-0.06250351667404175,0.7156325578689575,0.7271835803985596,-0.031099723652005196,0.7345879673957825,0.6818419098854065,-0.04444726184010506,0.7523148655891418,0.6521458625793457,-0.04865637049078941,0.7665443420410156,0.6211172938346863,-0.050541751086711884
0.6769474744796753,0.8719493746757507,6.861303347704961e-08,0.645256519317627,0.8418375849723816,-0.021974530071020126,0.6286929845809937,0.7835913896560669,-0.03797255456447601,0.625565230846405,0.7373607754707336,-0.053243644535541534,0.6446409821510315,0.7084062099456787,-0.06755875051021576,0.6377021670341492,0.6977183818817139,-0.012381060980260372,0.6190446019172668,0.6263104677200317,-0.028088873252272606,0.604873776435852,0.5823156833648682,-0.03921790048480034,0.5991083979606628,0.5419720411300659,-0.04898303747177124,0.6651128530502319,0.6983080506324768,-0.016209151595830917,0.671115517616272,0.6394851803779602,-0.052630458027124405,0.6658848524093628,0.6716375946998596,-0.0684128925204277,0.6639641523361206,0.7035413384437561,-0.0685158222913742,0.6916045546531677,0.7078616619110107,-0.02328971028327942,0.7054488062858582,0.6415480375289917,-0.048500727862119675,0.7165118455886841,0.5997037887573242,-0.05925477668642998,0.7258577942848206,0.5613768100738525,-0.06198792904615402,0.7158613801002502,0.7289116382598877,-0.03196180611848831,0.7347092032432556,0.6833435893058777,-0.04570954665541649,0.7522136569023132,0.6535267233848572,-0.0494893342256546,0.7664280533790588,0.6220243573188782,-0.05086684226989746
0.6758760809898376,0.8717838525772095,5.466630526029803e-08,0.6437811851501465,0.84026038646698,-0.020387006923556328,0.6280782222747803,0.7823542356491089,-0.035451848059892654,0.6262565851211548,0.7377877831459045,-0.050027698278427124,0.6452786326408386,0.7107834815979004,-0.06377516686916351,0.6367865800857544,0.6960911750793457,-0.011140801012516022,0.6181743741035461,0.6250782012939453,-0.025852736085653305,0.6047934889793396,0.5821553468704224,-0.03662845119833946,0.5993049740791321,0.5418940782546997,-0.04633843153715134,0.6647368669509888,0.6975484490394592,-0.015783438459038734,0.6703904271125793,0.6404843330383301,-0.05201050639152527,0.6657537221908569,0.6729927659034729,-0.06831677258014679,0.6638734340667725,0.7052756547927856,-0.06895357370376587,0.6915375590324402,0.7078693509101868,-0.02346242405474186,0.7050735950469971,0.642238438129425,-0.0484565794467926,0.7164394855499268,0.600021243095398,-0.05994367599487305,0.7257906794548035,0.5614974498748779,-0.06333515048027039,0.7159183025360107,0.7293553948402405,-0.03257007151842117,0.7348124384880066,0.6837225556373596,-0.046349287033081055,0.7524644732475281,0.6538289189338684,-0.05053676664829254,0.7667037844657898,0.6223059296607971,-0.05229516699910164
0.6759076118469238,0.8721914291381836,1.5788414131634454e-08,0.6440192461013794,0.8407590389251709,-0.020152488723397255,0.6283058524131775,0.7812052369117737,-0.03464598208665848,0.6266477108001709,0.7362197637557983,-0.04867042601108551,0.646762490272522,0.7093197703361511,-0.06185206398367882,0.6373114585876465,0.6972118616104126,-0.010744827799499035,0.6185505986213684,0.6257419586181641,-0.025785578414797783,0.6050241589546204,0.5833045244216919,-0.036682866513729095,0.5995277166366577,0.5426721572875977,-0.04646068438887596,0.6649277210235596,0.6983382105827332,-0.015434998087584972,0.6690727472305298,0.6428872346878052,-0.05300160497426987,0.6635783910751343,0.6788675785064697,-0.06998298317193985,0.6614959836006165,0.7135133743286133,-0.07059241831302643,0.6915408968925476,0.7079587578773499,-0.02315341681241989,0.7046663761138916,0.6422536969184875,-0.04899510368704796,0.7163264751434326,0.5999457240104675,-0.06125916168093681,0.7262240648269653,0.5611594915390015,-0.06487954407930374,0.7159188389778137,0.7284945845603943,-0.03219621628522873,0.7347453832626343,0.6831650137901306,-0.045982230454683304,0.7524794340133667,0.6533100008964539,-0.05037745088338852,0.7668890953063965,0.6216750741004944,-0.05227664113044739
0.6741427779197693,0.868348240852356,2.969168022559643e-08,0.6428682208061218,0.8378840684890747,-0.02084624022245407,0.6273194551467896,0.7808897495269775,-0.03603719547390938,0.6255403757095337,0.7372667193412781,-0.050516482442617416,0.6456864476203918,0.7109602093696594,-0.06406807899475098,0.6360228061676025,0.6951785683631897,-0.012425455264747143,0.6177505254745483,0.625185489654541,-0.02774949185550213,0.6040946841239929,0.583169162273407,-0.03860224410891533,0.5987753868103027,0.5427470207214355,-0.04832061380147934,0.6634970307350159,0.6966943144798279,-0.016868075355887413,0.6698635816574097,0.6404061913490295,-0.05382813885807991,0.6645201444625854,0.6756377220153809,-0.0701955109834671,0.6622582077980042,0.7089830636978149,-0.07069575041532516,0.6901333332061768,0.7070562839508057,-0.024348830804228783,0.7053978443145752,0.6413865685462952,-0.050050340592861176,0.7168223857879639,0.5995849370956421,-0.06199127808213234,0.726158082485199,0.5604473352432251,-0.06558841466903687,0.7142758369445801,0.7285857796669006,-0.033200692385435104,0.7344606518745422,0.6840918660163879,-0.04736142233014107,0.752434492111206,0.654215931892395,-0.051959771662950516,0.7667484283447266,0.6218920946121216,-0.054072994738817215
0.6743211150169373,0.8693646192550659,2.473516858003677e-08,0.6434727907180786,0.8382030129432678,-0.01972339302301407,0.6275600790977478,0.7809871435165405,-0.034376487135887146,0.625569224357605,0.7375186085700989,-0.04847278073430061,0.6459565758705139,0.7110815644264221,-0.061622872948646545,0.6360927820205688,0.6947780847549438,-0.011576320976018906,0.6177117228507996,0.6248514652252197,-0.02660941518843174,0.604352593421936,0.582197368144989,-0.03706362098455429,0.5992646813392639,0.5422864556312561,-0.046439278870821,0.6634955406188965,0.6961826086044312,-0.016316192224621773,0.6687783002853394,0.6414384841918945,-0.05282466113567352,0.6642485857009888,0.6767312288284302,-0.06861770898103714,0.6627033352851868,0.7098706960678101,-0.06878959387540817,0.6904481053352356,0.7067093849182129,-0.02405753917992115,0.7040887475013733,0.6412824988365173,-0.050041474401950836,0.7160005569458008,0.6002823710441589,-0.061691515147686005,0.7258503437042236,0.5618412494659424,-0.0649338886141777,0.7151839137077332,0.7280178070068359,-0.0329880565404892,0.7348347306251526,0.682969331741333,-0.04775683209300041,0.7530686259269714,0.6540711522102356,-0.05229581519961357,0.7677379846572876,0.6228010654449463,-0.054088301956653595
0.674729585647583,0.8687527179718018,5.312951145697298e-08,0.643515944480896,0.837089478969574,-0.019818635657429695,0.6283133029937744,0.7809005975723267,-0.03443301469087601,0.6260286569595337,0.7374071478843689,-0.048481639474630356,0.64481520652771,0.7100760340690613,-0.061720337718725204,0.6355297565460205,0.6945725679397583,-0.011910688132047653,0.6172468662261963,0.6256488561630249,-0.027051016688346863,0.6036786437034607,0.582375705242157,-0.03792595863342285,0.5982893109321594,0.5427379012107849,-0.04747112840414047,0.663268506526947,0.6952539086341858,-0.01626410149037838,0.6698923707008362,0.6378977298736572,-0.05108674243092537,0.6664420962333679,0.6675162315368652,-0.066582590341568,0.6646584868431091,0.6983639001846313,-0.06722752749919891,0.6904388070106506,0.7059440612792969,-0.023565994575619698,0.7047727704048157,0.6402541399002075,-0.04834727197885513,0.7165977954864502,0.5996743440628052,-0.0594966858625412,0.7258431315422058,0.5628951787948608,-0.06274666637182236,0.7148246765136719,0.7281590104103088,-0.032160401344299316,0.7349661588668823,0.6830462217330933,-0.04666878655552864,0.7530204057693481,0.6540473699569702,-0.051220230758190155,0.7674846649169922,0.6233726739883423,-0.05308040603995323
0.6748369932174683,0.8687362670898438,4.8182872802726706e-08,0.6437124609947205,0.8375017642974854,-0.019878452643752098,0.628631055355072,0.7806758880615234,-0.03443732112646103,0.6259101033210754,0.7364018559455872,-0.04845818132162094,0.6446620225906372,0.7102870345115662,-0.061609942466020584,0.635822057723999,0.6953755021095276,-0.012135700322687626,0.6177707314491272,0.6259509325027466,-0.027919096872210503,0.603873610496521,0.582202136516571,-0.03885815292596817,0.5986596345901489,0.5422375202178955,-0.048305146396160126,0.6633691191673279,0.695542573928833,-0.016491122543811798,0.6699598431587219,0.6374118328094482,-0.051625337451696396,0.6658794283866882,0.6675931811332703,-0.0667056292295456,0.6641278266906738,0.6984982490539551,-0.06692038476467133,0.6904885172843933,0.7056470513343811,-0.023883888497948647,0.7051097750663757,0.6400057673454285,-0.0491144135594368,0.7165489196777344,0.59987473487854,-0.060204870998859406,0.7258435487747192,0.5637441873550415,-0.06324239075183868,0.7149540781974792,0.7272872924804688,-0.032584089785814285,0.7356133460998535,0.6827226877212524,-0.04735434055328369,0.7539364099502563,0.654035747051239,-0.052090443670749664,0.7688067555427551,0.6239725947380066,-0.05400533601641655
0.6751604080200195,0.8699328303337097,5.5748753169382326e-08,0.6440211534500122,0.8387149572372437,-0.01937248557806015,0.6287902593612671,0.7812259793281555,-0.03339056298136711,0.6267886757850647,0.736111581325531,-0.04697956144809723,0.6452399492263794,0.7096356153488159,-0.059673577547073364,0.6359878182411194,0.6957771182060242,-0.010357062332332134,0.6176998615264893,0.6263812184333801,-0.024994030594825745,0.6038099527359009,0.5826823115348816,-0.035362400114536285,0.5984658002853394,0.5427201986312866,-0.04451286047697067,0.663619339466095,0.6957483887672424,-0.014684163965284824,0.6700425148010254,0.6391416788101196,-0.048772796988487244,0.6664004325866699,0.6683192253112793,-0.06374869495630264,0.6653333902359009,0.6983929872512817,-0.06408174335956573,0.6905187368392944,0.7057034373283386,-0.02200651727616787,0.7047154307365417,0.640220046043396,-0.04659932851791382,0.7167620062828064,0.5997319221496582,-0.05777745321393013,0.7269546389579773,0.5630103349685669,-0.061004333198070526,0.714977502822876,0.7274007797241211,-0.03060239553451538,0.7356535792350769,0.6830839514732361,-0.04501069337129593,0.7543339729309082,0.6544405221939087,-0.04970141872763634,0.7697380185127258,0.6244446039199829,-0.05162162706255913
0.6755422353744507,0.870157778263092,5.98514517946569e-08,0.6437011957168579,0.8390895128250122,-0.02023126184940338,0.6285427212715149,0.7814684510231018,-0.03469669446349144,0.6261634230613708,0.736666738986969,-0.048634033650159836,0.644630491733551,0.7102950215339661,-0.061594169586896896,0.6364554166793823,0.6959151029586792,-0.010446249507367611,0.6182458400726318,0.6265645623207092,-0.025242457166314125,0.6039333939552307,0.5834761261940002,-0.035690028220415115,0.5984029769897461,0.5435796976089478,-0.04504229873418808,0.6641446352005005,0.6964386105537415,-0.014857259579002857,0.6710600852966309,0.6367300748825073,-0.0499311126768589,0.6665347218513489,0.6680863499641418,-0.06524010747671127,0.6649446487426758,0.7003404498100281,-0.06536179035902023,0.6911612749099731,0.7065790891647339,-0.022400446236133575,0.7061375379562378,0.6411555409431458,-0.046888045966625214,0.7175732254981995,0.6002907752990723,-0.058032602071762085,0.7271698713302612,0.5637573599815369,-0.06119000166654587,0.7155930399894714,0.7283055186271667,-0.031410571187734604,0.7363114953041077,0.684097945690155,-0.04519562050700188,0.7546117901802063,0.6553668975830078,-0.049729615449905396,0.7693597078323364,0.6255096793174744,-0.051679205149412155
0.6751200556755066,0.8701353073120117,5.262662483573877e-08,0.6430374979972839,0.8380903005599976,-0.018815426155924797,0.6281896233558655,0.7811689376831055,-0.032671719789505005,0.627021849155426,0.736971914768219,-0.04615592584013939,0.6455923318862915,0.7111304402351379,-0.05875426158308983,0.6365358233451843,0.6949720978736877,-0.010420357808470726,0.617817759513855,0.6256213784217834,-0.025094687938690186,0.6036983728408813,0.5826636552810669,-0.03554251790046692,0.5981461405754089,0.5429556965827942,-0.04479293152689934,0.664099931716919,0.6959488987922668,-0.015320147387683392,0.6719591021537781,0.6379672288894653,-0.049694038927555084,0.6677217483520508,0.6670406460762024,-0.06494805961847305,0.6656273007392883,0.6972556710243225,-0.06545338034629822,0.6909241676330566,0.7068750262260437,-0.02315511368215084,0.7063437700271606,0.6413754224777222,-0.0478716678917408,0.7182881832122803,0.6008286476135254,-0.05933249369263649,0.7281131148338318,0.5641774535179138,-0.06271356344223022,0.7151191830635071,0.7293230295181274,-0.03221802040934563,0.7358412146568298,0.6844576001167297,-0.04674842953681946,0.7545641660690308,0.65569669008255,-0.05153106153011322,0.7697494626045227,0.6257510185241699,-0.053510572761297226
0.6757618188858032,0.8684078454971313,5.192591245872791e-08,0.644774854183197,0.8382973670959473,-0.02168077975511551,0.6295765042304993,0.782427191734314,-0.03709553927183151,0.6262105107307434,0.738156795501709,-0.051678139716386795,0.6436394453048706,0.708740770816803,-0.0653981938958168,0.6374611258506775,0.6964238286018372,-0.013982743956148624,0.6186996698379517,0.625623881816864,-0.02995464578270912,0.6046348810195923,0.5820674300193787,-0.0414176806807518,0.5987922549247742,0.542133629322052,-0.051394395530223846,0.665113091468811,0.6969386339187622,-0.01748233288526535,0.6716716885566711,0.6392141580581665,-0.05360742658376694,0.66757732629776,0.6700429320335388,-0.06997958570718765,0.6652771830558777,0.7008201479911804,-0.07109308242797852,0.6919955611228943,0.7069392204284668,-0.024043362587690353,0.7075201272964478,0.6419169306755066,-0.04972415789961815,0.7201240658760071,0.6014382839202881,-0.061749644577503204,0.7300288677215576,0.5651463270187378,-0.06550449877977371,0.7163107991218567,0.7282202839851379,-0.03201177716255188,0.736972451210022,0.6840987801551819,-0.04700286686420441,0.7555776238441467,0.655780553817749,-0.05222012475132942,0.7705899477005005,0.625827431678772,-0.05453948304057121
0.6758831739425659,0.8690632581710815,7.911266663995775e-08,0.6439984440803528,0.838864803314209,-0.021770406514406204,0.6287118792533875,0.7828769087791443,-0.03727634623646736,0.6267576217651367,0.7381669878959656,-0.05186359956860542,0.6447604298591614,0.7111717462539673,-0.06551175564527512,0.6376758813858032,0.6961237192153931,-0.013709057122468948,0.6186007857322693,0.6258383989334106,-0.029666367918252945,0.6042840480804443,0.5825644731521606,-0.04114396870136261,0.5987971425056458,0.5425704717636108,-0.051170580089092255,0.665351152420044,0.6966076493263245,-0.017637230455875397,0.6739690899848938,0.6362682580947876,-0.05359994247555733,0.6701268553733826,0.6654654145240784,-0.06970003992319107,0.6684551239013672,0.6963290572166443,-0.0705692395567894,0.6918919682502747,0.7070577144622803,-0.02472246252000332,0.7077198028564453,0.641873300075531,-0.05039282515645027,0.7203880548477173,0.6010913848876953,-0.062352124601602554,0.7309271693229675,0.5645827054977417,-0.06598056107759476,0.716283917427063,0.7290141582489014,-0.03329487144947052,0.7368358969688416,0.6845419406890869,-0.04810802638530731,0.7555747032165527,0.6559010744094849,-0.053155962377786636,0.7706372737884521,0.6259866952896118,-0.055445265024900436
0.6759513020515442,0.8695934414863586,5.961385340924608e-08,0.643390417098999,0.8388325572013855,-0.02041502296924591,0.6284084916114807,0.7814892530441284,-0.034797221422195435,0.6263470649719238,0.7365955114364624,-0.04848100617527962,0.6449894309043884,0.7114256024360657,-0.06118030473589897,0.6377191543579102,0.6962894201278687,-0.011531444266438484,0.6187657117843628,0.626258373260498,-0.027325980365276337,0.6041616201400757,0.5830906629562378,-0.0387507788836956,0.5985762476921082,0.5429372787475586,-0.04868118092417717,0.6652967929840088,0.696382462978363,-0.01597657985985279,0.6730407476425171,0.6355907917022705,-0.05168977379798889,0.6686349511146545,0.6657430529594421,-0.06752029806375504,0.6668558716773987,0.6982885599136353,-0.0679679736495018,0.6920456290245056,0.7066007852554321,-0.02354653924703598,0.7075682878494263,0.6409772634506226,-0.048606980592012405,0.7197730541229248,0.6002413034439087,-0.0601668618619442,0.7302766442298889,0.5643184185028076,-0.06342197954654694,0.7164999842643738,0.7285981178283691,-0.032572340220212936,0.7369474172592163,0.6846750378608704,-0.04644256457686424,0.7552332282066345,0.6559939980506897,-0.05093523487448692,0.7700481414794922,0.626493513584137,-0.052829258143901825
0.6759722232818604,0.8696860671043396,5.241234646291559e-08,0.6431151032447815,0.8387444615364075,-0.019955765455961227,0.6281660199165344,0.7810620069503784,-0.03408382087945938,0.6266283392906189,0.73602294921875,-0.04756942018866539,0.645270824432373,0.7115198969841003,-0.06007305532693863,0.6376277208328247,0.6959513425827026,-0.011225469410419464,0.6187058687210083,0.6259772777557373,-0.026741938665509224,0.6041358709335327,0.5829785466194153,-0.03787316009402275,0.5985879898071289,0.5428345799446106,-0.047604531049728394,0.6653427481651306,0.6962476372718811,-0.015866216272115707,0.6731932163238525,0.6361010670661926,-0.05154154822230339,0.6683931350708008,0.6670402884483337,-0.06719958037137985,0.6664910316467285,0.6997823715209961,-0.06748629361391068,0.6921352744102478,0.7065841555595398,-0.023584501817822456,0.7079120874404907,0.6408812403678894,-0.04872598126530647,0.7199352979660034,0.6004050374031067,-0.06030488386750221,0.7303909659385681,0.5646283626556396,-0.06353990733623505,0.7165367603302002,0.7285745739936829,-0.03268933296203613,0.7369551062583923,0.6845355033874512,-0.046678852289915085,0.7553331851959229,0.655931830406189,-0.0512070469558239,0.7703213691711426,0.6264737248420715,-0.05308884382247925
0.6761146187782288,0.8700770735740662,5.680829673337939e-08,0.6444474458694458,0.8405798673629761,-0.021575022488832474,0.6289079189300537,0.7836840152740479,-0.03661510720849037,0.6260472536087036,0.7384799718856812,-0.05069014057517052,0.6438418626785278,0.7118256092071533,-0.06371793150901794,0.6374419927597046,0.6970029473304749,-0.013301761820912361,0.6188954710960388,0.6266584396362305,-0.029314447194337845,0.6045490503311157,0.583558201789856,-0.0406186617910862,0.5991618037223816,0.543226420879364,-0.050477128475904465,0.6651515364646912,0.6972824931144714,-0.017145441845059395,0.6729199290275574,0.6370136737823486,-0.05343605950474739,0.6682660579681396,0.6686190366744995,-0.06944362819194794,0.6662593483924866,0.7006282210350037,-0.07001747190952301,0.691758930683136,0.7075197696685791,-0.02413824200630188,0.7074480652809143,0.642097532749176,-0.04996205121278763,0.719879150390625,0.6019017696380615,-0.06196240335702896,0.73037189245224,0.565656840801239,-0.06546548008918762,0.7160406708717346,0.7293286919593811,-0.03256915509700775,0.7366828322410583,0.6846777200698853,-0.04723983630537987,0.7555541396141052,0.6561895608901978,-0.05228618532419205,0.7708232998847961,0.6264267563819885,-0.05453389883041382
0.6755244135856628,0.8692069053649902,5.431835603530999e-08,0.6434049606323242,0.8386094570159912,-0.020651888102293015,0.6285601258277893,0.781356692314148,-0.034827820956707,0.6267452239990234,0.7364646196365356,-0.04812931641936302,0.6446880102157593,0.7105547785758972,-0.060417816042900085,0.6374773979187012,0.6967625617980957,-0.012291894294321537,0.6192015409469604,0.6267497539520264,-0.02767099253833294,0.6048964262008667,0.583809494972229,-0.0386042483150959,0.599397599697113,0.5433869957923889,-0.04821571335196495,0.665056049823761,0.6970961689949036,-0.016368858516216278,0.6727867722511292,0.6370745301246643,-0.05182226747274399,0.6684066653251648,0.6672784686088562,-0.06759285926818848,0.6668933033943176,0.6988853812217712,-0.06815491616725922,0.6915079951286316,0.7075086832046509,-0.023499956354498863,0.7066295146942139,0.6426379680633545,-0.04882907494902611,0.7194027304649353,0.602137565612793,-0.06093199551105499,0.7304462194442749,0.5658538341522217,-0.06457750499248505,0.7156988978385925,0.729508101940155,-0.032003652304410934,0.7364756464958191,0.6851505041122437,-0.04644337669014931,0.7553218007087708,0.6565099358558655,-0.051580674946308136,0.7706176042556763,0.6268041729927063,-0.05393446981906891
0.6755686402320862,0.8697533011436462,5.492869448175952e-08,0.6434909105300903,0.8389541506767273,-0.02021043188869953,0.6287869215011597,0.7813569903373718,-0.03443678840994835,0.6267424821853638,0.7360947132110596,-0.0479019470512867,0.6444375514984131,0.7114003896713257,-0.0603780671954155,0.6374416351318359,0.6965384483337402,-0.012053262442350388,0.6189042329788208,0.6264801025390625,-0.02801375649869442,0.6044835448265076,0.583045244216919,-0.03939736634492874,0.5989991426467896,0.5425022840499878,-0.049204159528017044,0.6648847460746765,0.6967277526855469,-0.016349930316209793,0.6719794869422913,0.6374845504760742,-0.0517139807343483,0.6674553155899048,0.6676687598228455,-0.0671134889125824,0.665997326374054,0.6990765929222107,-0.06744176894426346,0.6916071772575378,0.7072223424911499,-0.02371809631586075,0.7067878842353821,0.6420292854309082,-0.04909356310963631,0.7194222807884216,0.6020461320877075,-0.06052403897047043,0.7304099798202515,0.5659515261650085,-0.06363441050052643,0.7160726189613342,0.7295130491256714,-0.032436762005090714,0.7367360591888428,0.6849926114082336,-0.046768903732299805,0.7555614113807678,0.6566174626350403,-0.05127030983567238,0.7709042429924011,0.6271090507507324,-0.05307021737098694
0.6754770874977112,0.8687224388122559,7.576391425345719e-08,0.6438078880310059,0.8377776145935059,-0.021015876904129982,0.6291486620903015,0.781133234500885,-0.03585134819149971,0.6268963813781738,0.7356446385383606,-0.04990179091691971,0.6448846459388733,0.7104498147964478,-0.06301961839199066,0.6371323466300964,0.6963858604431152,-0.012687391601502895,0.6187071800231934,0.6261429786682129,-0.0283664483577013,0.6044911742210388,0.5826415419578552,-0.03964224457740784,0.5991976261138916,0.5421764850616455,-0.04949294030666351,0.6646899580955505,0.6967322826385498,-0.016640735790133476,0.6724830269813538,0.6370752453804016,-0.05186748504638672,0.6688942313194275,0.6647904515266418,-0.06765896826982498,0.667789876461029,0.6949321031570435,-0.06849958002567291,0.6912077069282532,0.7073692083358765,-0.0236812774091959,0.7066084742546082,0.6426622867584229,-0.04885874316096306,0.7194348573684692,0.6017026901245117,-0.060865242034196854,0.7304295897483826,0.5655139684677124,-0.06457281112670898,0.715393602848053,0.7296883463859558,-0.03217010945081711,0.736217737197876,0.685461699962616,-0.04673374816775322,0.7549587488174438,0.6566215753555298,-0.052034005522727966,0.7703431248664856,0.6267500519752502,-0.05453488975763321
0.6759875416755676,0.8667129278182983,7.412445768295584e-08,0.6446208953857422,0.8373158574104309,-0.022809749469161034,0.6291665434837341,0.7810280323028564,-0.03859393298625946,0.625931441783905,0.7355894446372986,-0.05329698324203491,0.6449771523475647,0.7098532319068909,-0.06692191958427429,0.6372523903846741,0.6958811283111572,-0.014150071889162064,0.6188802719116211,0.625697672367096,-0.03042837604880333,0.6044539213180542,0.5821443200111389,-0.0419045090675354,0.5990439057350159,0.5418465733528137,-0.051921818405389786,0.665004551410675,0.6960195899009705,-0.01717967540025711,0.6726948618888855,0.6376129388809204,-0.05354803428053856,0.6690307259559631,0.6683964729309082,-0.06954289227724075,0.6677614450454712,0.6994622349739075,-0.07023153454065323,0.6918437480926514,0.7059646248817444,-0.02344553731381893,0.7077844738960266,0.6422248482704163,-0.0492536760866642,0.7200751304626465,0.6024229526519775,-0.06106891483068466,0.7299872040748596,0.5667508244514465,-0.0644647553563118,0.7163586616516113,0.7274980545043945,-0.03130260482430458,0.7378728985786438,0.6838407516479492,-0.04601024091243744,0.75645512342453,0.6555571556091309,-0.05128375440835953,0.7712652087211609,0.6258935332298279,-0.05367440730333328
0.6766270995140076,0.8665703535079956,4.86924491838181e-08,0.6450909972190857,0.8380346894264221,-0.021976158022880554,0.6292211413383484,0.7811315059661865,-0.03756127879023552,0.6254763007164001,0.7353588342666626,-0.05232216417789459,0.6439305543899536,0.708945631980896,-0.06610001623630524,0.6384466290473938,0.6972361207008362,-0.013674598187208176,0.6198763251304626,0.6259720325469971,-0.030026279389858246,0.6053792834281921,0.5818544626235962,-0.04125143215060234,0.5999327301979065,0.5414530634880066,-0.051105089485645294,0.6657077670097351,0.6967859268188477,-0.017247280105948448,0.6712359189987183,0.6391879320144653,-0.05424169823527336,0.6667169332504272,0.6726505160331726,-0.07015548646450043,0.6651387810707092,0.7053549885749817,-0.07059167325496674,0.6924756765365601,0.7058669924736023,-0.02400076948106289,0.7073942422866821,0.6413184404373169,-0.05017288401722908,0.7199659943580627,0.6024997234344482,-0.06179557740688324,0.7301701903343201,0.5677765607833862,-0.06501519680023193,0.7170373201370239,0.7264825701713562,-0.032248638570308685,0.7381632924079895,0.6829022169113159,-0.0471455454826355,0.7570964694023132,0.6551472544670105,-0.052422791719436646,0.7723046541213989,0.6259499788284302,-0.05480074882507324
0.6757065653800964,0.8657023310661316,4.7673001546399973e-08,0.6442274451255798,0.8368971347808838,-0.02159370854496956,0.6283366084098816,0.7804389595985413,-0.037325263023376465,0.6250272989273071,0.734847903251648,-0.05229170620441437,0.6443840861320496,0.7092856764793396,-0.06630594283342361,0.6382900476455688,0.6965802311897278,-0.01371085736900568,0.6193680167198181,0.6253247857093811,-0.03009466640651226,0.604911744594574,0.5812591910362244,-0.04118657112121582,0.5997492671012878,0.5408272743225098,-0.05091536045074463,0.6654526591300964,0.6964815855026245,-0.0175155121833086,0.6717248558998108,0.6392912864685059,-0.05484044551849365,0.667093813419342,0.6744373440742493,-0.07051416486501694,0.6656485199928284,0.7081007361412048,-0.0705479085445404,0.6920053362846375,0.7057725191116333,-0.0244645643979311,0.7075499296188354,0.6412649750709534,-0.05055568367242813,0.7200050950050354,0.6023901104927063,-0.06185191497206688,0.7302040457725525,0.5672325491905212,-0.06484350562095642,0.71637362241745,0.7267335057258606,-0.03288612887263298,0.7377715110778809,0.6836903095245361,-0.047565776854753494,0.7567213177680969,0.6558175086975098,-0.05256592109799385,0.7720355987548828,0.6261593699455261,-0.05475647747516632
0.6760890483856201,0.8676127195358276,5.319920504121001e-08,0.6443665027618408,0.8387256860733032,-0.0219988152384758,0.6286045908927917,0.7807555794715881,-0.037707842886447906,0.6243827939033508,0.7341816425323486,-0.052712615579366684,0.6434570550918579,0.7096995711326599,-0.06680179387331009,0.6388745307922363,0.6969730854034424,-0.012579886242747307,0.6200090050697327,0.6263261437416077,-0.028927989304065704,0.6056022644042969,0.5818696022033691,-0.040123630315065384,0.6003767251968384,0.5416195392608643,-0.049936693161726,0.6659513711929321,0.696499764919281,-0.016317933797836304,0.670947790145874,0.6390237212181091,-0.05355721712112427,0.6665250658988953,0.6742706894874573,-0.06914570927619934,0.665438175201416,0.7081222534179688,-0.06895735114812851,0.6925825476646423,0.7054989337921143,-0.023350775241851807,0.7072186470031738,0.6417175531387329,-0.04916438087821007,0.719684362411499,0.6026011109352112,-0.06018564850091934,0.7300249338150024,0.5673949122428894,-0.06292548030614853,0.7168581485748291,0.7263028621673584,-0.032007716596126556,0.7379264831542969,0.6834675073623657,-0.04634219780564308,0.7568042278289795,0.6557725071907043,-0.05114319175481796,0.7720792889595032,0.6264274716377258,-0.05318845435976982
0.6763005256652832,0.8674916625022888,7.076636165948003e-08,0.6446457505226135,0.8386850357055664,-0.022467756643891335,0.6289560794830322,0.7807521224021912,-0.03813882917165756,0.6248039603233337,0.7349092364311218,-0.05288909748196602,0.6437252759933472,0.7101959586143494,-0.06660598516464233,0.6384206414222717,0.6970517635345459,-0.01273924671113491,0.6195908784866333,0.6254469752311707,-0.028709495440125465,0.6053153276443481,0.5812631845474243,-0.04002152010798454,0.6000894904136658,0.5404688119888306,-0.05010424926877022,0.6658081412315369,0.6972968578338623,-0.016424771398305893,0.6722533702850342,0.6388530135154724,-0.05406571179628372,0.6678893566131592,0.6723296046257019,-0.07069424539804459,0.666553795337677,0.7056194543838501,-0.07121837884187698,0.6922925710678101,0.7067249417304993,-0.02336289919912815,0.7071236968040466,0.6433587670326233,-0.049300309270620346,0.7198888063430786,0.6027604341506958,-0.061107758432626724,0.7304853796958923,0.5659191608428955,-0.06442786753177643,0.7165921330451965,0.7277175784111023,-0.03195749223232269,0.7374915480613708,0.6844347715377808,-0.04630677029490471,0.7563092708587646,0.6562372446060181,-0.05125546455383301,0.7714411020278931,0.626369833946228,-0.05346953868865967
0.6766501069068909,0.8695249557495117,3.785845237302965e-08,0.644413411617279,0.8392283916473389,-0.020214710384607315,0.6287285089492798,0.7811891436576843,-0.034750767052173615,0.6249011158943176,0.7361896634101868,-0.0487312451004982,0.644121527671814,0.7116700410842896,-0.06179231405258179,0.6387459635734558,0.6969013214111328,-0.011296452954411507,0.6204503178596497,0.625434160232544,-0.027079712599515915,0.6061530113220215,0.5818347930908203,-0.03812362626194954,0.6009089946746826,0.5413814187049866,-0.04784589260816574,0.6660114526748657,0.697087824344635,-0.015620538964867592,0.6713477373123169,0.6392863988876343,-0.052534621208906174,0.6661546230316162,0.673580527305603,-0.06869678944349289,0.664343535900116,0.707671046257019,-0.06901455670595169,0.6925274133682251,0.706425130367279,-0.023018263280391693,0.707322359085083,0.6418519616127014,-0.048670969903469086,0.7195278406143188,0.6023469567298889,-0.06050027161836624,0.7297672033309937,0.5672546029090881,-0.06379339843988419,0.7167934775352478,0.7272243499755859,-0.03178676217794418,0.7378597259521484,0.6838634014129639,-0.04586964473128319,0.7565643787384033,0.6556353569030762,-0.05082903057336807,0.771643340587616,0.6262789964675903,-0.053004663437604904
0.6770172715187073,0.8699465990066528,3.652504076967489e-08,0.6448862552642822,0.8395394682884216,-0.020791267976164818,0.6291320323944092,0.7805713415145874,-0.03552686795592308,0.6249220371246338,0.7348430156707764,-0.049672115594148636,0.6441994309425354,0.7102468609809875,-0.06292024999856949,0.6393147706985474,0.6971552968025208,-0.011240359395742416,0.6213179230690002,0.6254978179931641,-0.027038712054491043,0.6073085069656372,0.5815953612327576,-0.03826277330517769,0.6018218398094177,0.5407744646072388,-0.04819394648075104,0.6665797233581543,0.6972901225090027,-0.015255333855748177,0.6709807515144348,0.6401965022087097,-0.05251457169651985,0.6664878129959106,0.6751000881195068,-0.06877527385950089,0.6652178168296814,0.7093529105186462,-0.06906531751155853,0.6933144330978394,0.7066814303398132,-0.0223829448223114,0.7077672481536865,0.6423056721687317,-0.048002663999795914,0.7201898097991943,0.602607011795044,-0.059359677135944366,0.7306644916534424,0.5670087337493896,-0.06232769042253494,0.7177156209945679,0.7273694276809692,-0.03098338283598423,0.7383817434310913,0.6838337779045105,-0.04482401907444,0.7567427158355713,0.6559109687805176,-0.04933078587055206,0.77180415391922,0.6261814832687378,-0.05119004100561142
0.6764590740203857,0.8665784597396851,6.513530337315387e-08,0.6452733874320984,0.8369338512420654,-0.022393353283405304,0.6298187971115112,0.780421257019043,-0.038096632808446884,0.6259998083114624,0.7356176376342773,-0.05287059023976326,0.644968569278717,0.7095381617546082,-0.0667705088853836,0.6384196877479553,0.6944674253463745,-0.013423287309706211,0.620795488357544,0.6241211891174316,-0.02899276092648506,0.6073476076126099,0.5809820890426636,-0.040296029299497604,0.6022176146507263,0.540813684463501,-0.05040472373366356,0.666205108165741,0.6951608657836914,-0.016613107174634933,0.6727014183998108,0.6387034058570862,-0.05309100076556206,0.6689876317977905,0.6705697178840637,-0.06972445547580719,0.6677194833755493,0.7021381855010986,-0.07090193778276443,0.6930620074272156,0.7055637240409851,-0.022905809804797173,0.708868682384491,0.6419622898101807,-0.0484258309006691,0.7212030291557312,0.6019725203514099,-0.06046413257718086,0.7311732172966003,0.5660308599472046,-0.06424406170845032,0.7175571322441101,0.7274492979049683,-0.030733272433280945,0.7388474345207214,0.6844335198402405,-0.04536416754126549,0.7573986053466797,0.6564136743545532,-0.050735507160425186,0.7723376750946045,0.626450777053833,-0.05326861888170242
0.6779245138168335,0.8685874938964844,3.68290713481656e-08,0.6466296315193176,0.838686466217041,-0.021741408854722977,0.6309464573860168,0.7822665572166443,-0.037059079855680466,0.6270016431808472,0.7369833588600159,-0.051371850073337555,0.644558846950531,0.7090803980827332,-0.06487621366977692,0.6391878128051758,0.6977649331092834,-0.015072842128574848,0.6217668056488037,0.626832127571106,-0.03194841742515564,0.6077688932418823,0.5823221206665039,-0.04384146258234978,0.6019467711448669,0.541540265083313,-0.054009608924388885,0.6664914488792419,0.6969637870788574,-0.018312042579054832,0.6722572445869446,0.6396344304084778,-0.054395049810409546,0.667161226272583,0.6708788871765137,-0.07043084502220154,0.6644375920295715,0.7023233771324158,-0.07157409936189651,0.6931629776954651,0.706459641456604,-0.02457967773079872,0.7091960310935974,0.6403902173042297,-0.05108438432216644,0.7213547825813293,0.6016333699226379,-0.06322801113128662,0.7310347557067871,0.5675551891326904,-0.06695785373449326,0.717251718044281,0.7275770902633667,-0.03212450072169304,0.7390177249908447,0.6836110353469849,-0.047939080744981766,0.758192777633667,0.6552531123161316,-0.05361243709921837,0.7736964821815491,0.6257072687149048,-0.05619022250175476
0.6769870519638062,0.8676134347915649,4.1839459896664266e-08,0.6454787254333496,0.8369176387786865,-0.01966504380106926,0.6308246850967407,0.7804306745529175,-0.03372959420084953,0.6286211013793945,0.7367979288101196,-0.047062650322914124,0.645836591720581,0.7126202583312988,-0.059416513890028,0.6384737491607666,0.6941447257995605,-0.011675805784761906,0.6217003464698792,0.6237468123435974,-0.02659062296152115,0.6081950664520264,0.5806280374526978,-0.0369410365819931,0.6030938029289246,0.5404461622238159,-0.0462149977684021,0.6660967469215393,0.6950416564941406,-0.01591714285314083,0.6736737489700317,0.6384954452514648,-0.051689036190509796,0.6690542101860046,0.672477662563324,-0.06710952520370483,0.6673018932342529,0.7052721977233887,-0.06732998043298721,0.6929678320884705,0.7055492401123047,-0.0230852123349905,0.7086734771728516,0.641110360622406,-0.04884710535407066,0.7207398414611816,0.6021671295166016,-0.06064336374402046,0.7309691905975342,0.5667771100997925,-0.06405657529830933,0.7174315452575684,0.7268826961517334,-0.03142338991165161,0.7391404509544373,0.683769702911377,-0.046459440141916275,0.7580718994140625,0.6559880971908569,-0.051656387746334076,0.7734092473983765,0.6262526512145996,-0.05385882034897804
0.6767336130142212,0.8674759268760681,2.831356482602132e-08,0.6459948420524597,0.8370369076728821,-0.021197358146309853,0.6306344270706177,0.7816255688667297,-0.03650900721549988,0.6270449757575989,0.7379294633865356,-0.05110166594386101,0.6443260908126831,0.7098821997642517,-0.06495016813278198,0.6396188735961914,0.6967706084251404,-0.014258264563977718,0.6227796077728271,0.6253027319908142,-0.030713509768247604,0.6091044545173645,0.5811804533004761,-0.04221293330192566,0.603533148765564,0.540497899055481,-0.052176281809806824,0.6667007207870483,0.696678638458252,-0.01792221888899803,0.6716200113296509,0.6401833295822144,-0.05400945991277695,0.6665174961090088,0.6735513210296631,-0.06985855102539062,0.664253294467926,0.7060161828994751,-0.07078320533037186,0.6935231685638428,0.7060484886169434,-0.02464538812637329,0.7087291479110718,0.6398924589157104,-0.050470322370529175,0.7216045260429382,0.601375162601471,-0.06223316118121147,0.7320411205291748,0.5674100518226624,-0.06589508801698685,0.7179895043373108,0.7267608046531677,-0.032720617949962616,0.7394131422042847,0.682689368724823,-0.047736626118421555,0.7588716149330139,0.6547573208808899,-0.05308610573410988,0.7747328877449036,0.6257975101470947,-0.055621951818466187
0.677390992641449,0.8683768510818481,5.265827951461688e-08,0.6458746790885925,0.8387743830680847,-0.021211616694927216,0.6303768754005432,0.7831065654754639,-0.036451660096645355,0.6271557807922363,0.7388980388641357,-0.05085663124918938,0.6445398926734924,0.7127444744110107,-0.06429892033338547,0.639417290687561,0.6971643567085266,-0.013883767649531364,0.6221508979797363,0.6251993775367737,-0.030458562076091766,0.6080657243728638,0.5809974670410156,-0.04203620180487633,0.6028715372085571,0.5398354530334473,-0.052058544009923935,0.6666496396064758,0.6970663666725159,-0.017796048894524574,0.6727902293205261,0.6385864615440369,-0.05425958335399628,0.6680436730384827,0.6697981357574463,-0.07006773352622986,0.6666953563690186,0.7017019391059875,-0.07070963084697723,0.6932710409164429,0.7069168090820312,-0.02480131946504116,0.7084890007972717,0.6416918635368347,-0.05068427324295044,0.7212390303611755,0.6026531457901001,-0.06210099160671234,0.7322328090667725,0.5680379867553711,-0.06531397998332977,0.7176926732063293,0.7282990217208862,-0.033264290541410446,0.7390508651733398,0.6843353509902954,-0.04812401160597801,0.7580661773681641,0.6561296582221985,-0.05316965654492378,0.7736179232597351,0.6267839074134827,-0.05538780242204666
0.6767781972885132,0.864334225654602,6.58964367517001e-08,0.6454333662986755,0.8344417810440063,-0.021549584344029427,0.6301526427268982,0.7806869745254517,-0.03695796802639961,0.6281785368919373,0.7380454540252686,-0.05139020457863808,0.6444881558418274,0.7099877595901489,-0.0648689717054367,0.6384429335594177,0.693449079990387,-0.014909541234374046,0.621960461139679,0.6229388117790222,-0.030540017411112785,0.6085882186889648,0.579782247543335,-0.04141807183623314,0.6034650802612305,0.5396982431411743,-0.05106794089078903,0.6663793921470642,0.6939947605133057,-0.018293358385562897,0.6744126677513123,0.6366483569145203,-0.05368239805102348,0.6707008481025696,0.6665756702423096,-0.06934889405965805,0.669563353061676,0.6962089538574219,-0.0704982653260231,0.6931970119476318,0.7044451832771301,-0.024640006944537163,0.7091994881629944,0.640475332736969,-0.05014544352889061,0.7216907739639282,0.6024775505065918,-0.061464544385671616,0.732136607170105,0.56839919090271,-0.06499797850847244,0.7176525592803955,0.7259647846221924,-0.03239845484495163,0.7395197153091431,0.6828925609588623,-0.04793243855237961,0.7584956288337708,0.6556029319763184,-0.05338810384273529,0.7738730311393738,0.6264245510101318,-0.05587589740753174
0.676442563533783,0.8660953640937805,4.549153587163346e-08,0.6457936763763428,0.836011528968811,-0.02078148163855076,0.6302443146705627,0.7808388471603394,-0.03624007850885391,0.6268029808998108,0.7371185421943665,-0.05114087462425232,0.6445921659469604,0.7085973024368286,-0.06532075256109238,0.6400361061096191,0.6951376795768738,-0.013567129150032997,0.6228775382041931,0.6243804097175598,-0.029519300907850266,0.6090857982635498,0.5803728103637695,-0.04057218134403229,0.6038671135902405,0.5402998328208923,-0.050307463854551315,0.6666874885559082,0.6953001618385315,-0.017508624121546745,0.6728454828262329,0.638496994972229,-0.05298498645424843,0.6675682067871094,0.6694174408912659,-0.06868573278188705,0.6649636626243591,0.7003501653671265,-0.0697798877954483,0.6931992173194885,0.70500648021698,-0.02450016513466835,0.7092138528823853,0.6394430994987488,-0.050436802208423615,0.7218140363693237,0.6003339886665344,-0.062369704246520996,0.7321956157684326,0.5662621259689331,-0.06620699167251587,0.7172852754592896,0.7258933186531067,-0.032755929976701736,0.7390190958976746,0.6819404363632202,-0.04851057007908821,0.7584130764007568,0.6538867354393005,-0.054385289549827576,0.7744492292404175,0.6249813437461853,-0.05725300312042236
0.6766277551651001,0.8639265298843384,6.566444454847442e-08,0.6444713473320007,0.8342609405517578,-0.020821943879127502,0.6294587254524231,0.7786092162132263,-0.035863153636455536,0.6274867057800293,0.7345223426818848,-0.05023626238107681,0.64615398645401,0.7080557346343994,-0.06374520063400269,0.6392214298248291,0.6937603950500488,-0.013466600328683853,0.6222270131111145,0.623149037361145,-0.02923482283949852,0.6084970235824585,0.5797625184059143,-0.04007546231150627,0.6035251617431641,0.5397047400474548,-0.04966123029589653,0.666930079460144,0.6940600275993347,-0.017335670068860054,0.6741886138916016,0.6352618932723999,-0.052683766931295395,0.6697475910186768,0.66465824842453,-0.06805557757616043,0.6682301759719849,0.6953188180923462,-0.06879935413599014,0.6936049461364746,0.7042270302772522,-0.024230636656284332,0.7092732191085815,0.6401374936103821,-0.04914001002907753,0.7216907739639282,0.6018532514572144,-0.060089826583862305,0.7322521805763245,0.5681488513946533,-0.06332078576087952,0.7177746891975403,0.725729763507843,-0.03261639550328255,0.739622950553894,0.6823184490203857,-0.047230854630470276,0.7584428787231445,0.6548866033554077,-0.05242711305618286,0.7738072276115417,0.6259444952011108,-0.05487118288874626
0.6768528819084167,0.8665239810943604,4.692253696703119e-08,0.6453843116760254,0.8370391726493835,-0.021001987159252167,0.6293085813522339,0.7816400527954102,-0.036529313772916794,0.626385509967804,0.7368941903114319,-0.05144621431827545,0.6449006795883179,0.7077621221542358,-0.06562885642051697,0.639751672744751,0.6958150863647461,-0.013839641585946083,0.6228011846542358,0.6244372129440308,-0.029882770031690598,0.6093214750289917,0.5800601840019226,-0.0410291813313961,0.6042004823684692,0.5398567914962769,-0.05085721239447594,0.6669010519981384,0.6953187584877014,-0.017729952931404114,0.6716974377632141,0.6380623579025269,-0.05338214337825775,0.6669068336486816,0.6687678694725037,-0.06904669106006622,0.664948582649231,0.6999714374542236,-0.07005215436220169,0.6936525106430054,0.7047813534736633,-0.024652136489748955,0.708728015422821,0.6394844651222229,-0.05005159229040146,0.7215656042098999,0.601172924041748,-0.06123577430844307,0.7321702837944031,0.5676696300506592,-0.06465408951044083,0.7177663445472717,0.7260980606079102,-0.032997578382492065,0.7391386032104492,0.6822539567947388,-0.04827049374580383,0.7581676840782166,0.6543081402778625,-0.053784243762493134,0.7738933563232422,0.6250811815261841,-0.056404609233140945
0.6773523688316345,0.8662422299385071,7.040892313625591e-08,0.6450626254081726,0.8370887637138367,-0.021575454622507095,0.6299616098403931,0.7807086110115051,-0.03655870631337166,0.6279827356338501,0.7349636554718018,-0.05064636468887329,0.6461739540100098,0.7080387473106384,-0.06384207308292389,0.6395196318626404,0.6948715448379517,-0.014208335429430008,0.6228341460227966,0.6239250898361206,-0.03024730086326599,0.6093548536300659,0.5798897743225098,-0.041308291256427765,0.6043145060539246,0.5395442843437195,-0.05094417557120323,0.6672782897949219,0.6946461796760559,-0.017638547345995903,0.674752414226532,0.6353083848953247,-0.05296774581074715,0.6701209545135498,0.662910521030426,-0.06832071393728256,0.6679931282997131,0.6926921010017395,-0.06906403601169586,0.6938271522521973,0.7049933671951294,-0.024151649326086044,0.7092126607894897,0.6407172679901123,-0.0495271310210228,0.7215193510055542,0.6021271347999573,-0.060819417238235474,0.7319566607475281,0.5681009292602539,-0.06414501368999481,0.7176828980445862,0.726821780204773,-0.03218405693769455,0.7393573522567749,0.6831210851669312,-0.04741520807147026,0.7581494450569153,0.6552108526229858,-0.05300242081284523,0.7735434770584106,0.6259143352508545,-0.05560583993792534
0.6769509315490723,0.8677301406860352,5.8219697507411183e-08,0.6448001265525818,0.8370945453643799,-0.020510971546173096,0.6295761466026306,0.7808665037155151,-0.03529609739780426,0.6271700859069824,0.7361929416656494,-0.04946821555495262,0.6446149349212646,0.708065927028656,-0.06287182867527008,0.640092670917511,0.696607232093811,-0.013555307872593403,0.6234990954399109,0.6246767640113831,-0.02956278994679451,0.610089898109436,0.5800215005874634,-0.04067235812544823,0.6048773527145386,0.5395529866218567,-0.05032941326498985,0.6673722267150879,0.6963615417480469,-0.017583157867193222,0.6737697720527649,0.6372456550598145,-0.052734293043613434,0.6691378951072693,0.6645229458808899,-0.06823507696390152,0.6670290231704712,0.6938881874084473,-0.06923530995845795,0.6938326358795166,0.7061876654624939,-0.02461770549416542,0.7086262702941895,0.6407926082611084,-0.04973467066884041,0.7214567065238953,0.6016725301742554,-0.060948871076107025,0.7322584986686707,0.567553699016571,-0.06439623981714249,0.7176464796066284,0.7275351881980896,-0.03309614211320877,0.7388510704040527,0.6834704279899597,-0.04821735993027687,0.7578574419021606,0.6553221344947815,-0.053662270307540894,0.773673951625824,0.6263331770896912,-0.056206006556749344
0.6779107451438904,0.8673150539398193,6.981023403795916e-08,0.6451386213302612,0.8370201587677002,-0.021552342921495438,0.6295331120491028,0.7804497480392456,-0.036655209958553314,0.6270145773887634,0.7349077463150024,-0.05093154311180115,0.6454949975013733,0.7081665992736816,-0.06434316188097,0.6405773162841797,0.6966930627822876,-0.013884099200367928,0.6237128973007202,0.624352216720581,-0.030075812712311745,0.6104131937026978,0.5797106027603149,-0.04141726717352867,0.6052625179290771,0.539071261882782,-0.05126124247908592,0.6678314208984375,0.6964914798736572,-0.017322955653071404,0.6741037964820862,0.6378554701805115,-0.05280809476971626,0.670332670211792,0.665643572807312,-0.06835397332906723,0.6691485047340393,0.6946410536766052,-0.06922262907028198,0.6941596269607544,0.706264317035675,-0.023886054754257202,0.7084053754806519,0.6421207189559937,-0.048927389085292816,0.7216558456420898,0.60293048620224,-0.05991797149181366,0.732917308807373,0.5680329203605652,-0.06313604861497879,0.718079686164856,0.7275058627128601,-0.032050807029008865,0.7389770746231079,0.6836644411087036,-0.046652115881443024,0.7579136490821838,0.6554898023605347,-0.05168512463569641,0.7735804915428162,0.6262018084526062,-0.05395745113492012
0.6781747937202454,0.8672356009483337,8.865489320442066e-08,0.6452509164810181,0.8374645709991455,-0.022388488054275513,0.6296135783195496,0.7799233794212341,-0.037670835852622986,0.6276293396949768,0.7333641052246094,-0.05200890451669693,0.645681619644165,0.7068821787834167,-0.06540755182504654,0.6399518847465515,0.6963081359863281,-0.013925358653068542,0.6234248280525208,0.6241527795791626,-0.029484955593943596,0.610519528388977,0.5794824361801147,-0.04033125564455986,0.605572521686554,0.5388619899749756,-0.049961157143116,0.6675370335578918,0.6962845325469971,-0.017150135710835457,0.674842894077301,0.6368430852890015,-0.052717164158821106,0.6707614064216614,0.6640584468841553,-0.06852763891220093,0.6689906716346741,0.6933004260063171,-0.06945056468248367,0.6937979459762573,0.7062575817108154,-0.023506740108132362,0.7086912989616394,0.6423181891441345,-0.04866001382470131,0.7214821577072144,0.6024935245513916,-0.060069456696510315,0.7321691513061523,0.5672284960746765,-0.06354483962059021,0.717671275138855,0.72765052318573,-0.03152512013912201,0.7392715215682983,0.6844071745872498,-0.04638136178255081,0.758074164390564,0.6560328602790833,-0.05182242393493652,0.7734236717224121,0.6263754963874817,-0.05438266694545746
0.6775628328323364,0.8671818971633911,6.208507841165556e-08,0.6447085738182068,0.8358654975891113,-0.020119309425354004,0.6293449997901917,0.7789544463157654,-0.03454237058758736,0.6276898980140686,0.7331897616386414,-0.0483982115983963,0.6466999053955078,0.7060667276382446,-0.06146949157118797,0.6396400332450867,0.6960256695747375,-0.012657636776566505,0.6232485175132751,0.6240751147270203,-0.02791818045079708,0.6107056140899658,0.5797483921051025,-0.03850648179650307,0.6061609983444214,0.5390539169311523,-0.04791781306266785,0.6671978831291199,0.6958961486816406,-0.016656814143061638,0.6747444868087769,0.6377745270729065,-0.051683343946933746,0.6702382564544678,0.6653329133987427,-0.06739333271980286,0.6678963303565979,0.6944416165351868,-0.06856102496385574,0.6935080885887146,0.7058637738227844,-0.023576129227876663,0.7089318633079529,0.641290009021759,-0.04896692931652069,0.7213286757469177,0.6018903255462646,-0.06098424270749092,0.7317057847976685,0.5674242973327637,-0.06492956727743149,0.7172594666481018,0.7269229292869568,-0.03179429471492767,0.7388594150543213,0.6833381652832031,-0.047255564481019974,0.7578681111335754,0.6552988290786743,-0.05326951667666435,0.7736192941665649,0.6260901093482971,-0.0562017560005188
0.6772880554199219,0.867495059967041,6.920421924405673e-08,0.6447285413742065,0.8365839123725891,-0.02053183503448963,0.6291925311088562,0.779213011264801,-0.03505673259496689,0.6270355582237244,0.7330289483070374,-0.04892423376441002,0.6465762853622437,0.7052136063575745,-0.06191965192556381,0.6398807168006897,0.6963872313499451,-0.01261398009955883,0.6236186623573303,0.6243049502372742,-0.0281324815005064,0.6110299825668335,0.5797590613365173,-0.03886602073907852,0.6067031025886536,0.538754940032959,-0.04836319386959076,0.6672751307487488,0.6960305571556091,-0.01649305783212185,0.6746827363967896,0.6361302137374878,-0.05194231867790222,0.6702256202697754,0.6638324856758118,-0.06766355782747269,0.6683430075645447,0.6942078471183777,-0.06856078654527664,0.6934995651245117,0.7059376239776611,-0.02335323952138424,0.7086290121078491,0.6416752934455872,-0.04875049740076065,0.7208119034767151,0.6014021039009094,-0.060588538646698,0.7312936186790466,0.5663535594940186,-0.0643049031496048,0.7173513770103455,0.7271965146064758,-0.03158891201019287,0.7388346195220947,0.6838064193725586,-0.04650174453854561,0.7575544714927673,0.6554227471351624,-0.052136071026325226,0.7729353904724121,0.6259925365447998,-0.0548945814371109
0.6768933534622192,0.8685389161109924,7.893734021990895e-08,0.6445747017860413,0.8368366956710815,-0.01987389661371708,0.6292179822921753,0.7797263860702515,-0.0340554378926754,0.6271624565124512,0.733650803565979,-0.04778169095516205,0.64638751745224,0.7052400708198547,-0.06070581078529358,0.6396981477737427,0.6963374018669128,-0.01174925547093153,0.6236793994903564,0.624510645866394,-0.027133049443364143,0.6111884117126465,0.5797604322433472,-0.038098473101854324,0.6066902279853821,0.5387735366821289,-0.04772529378533363,0.666913628578186,0.6960383057594299,-0.01588466204702854,0.6746564507484436,0.6360065340995789,-0.05019855126738548,0.670158326625824,0.6606205701828003,-0.0656777024269104,0.6677791476249695,0.6890812516212463,-0.0667865127325058,0.6932545304298401,0.706362247467041,-0.022977108135819435,0.708568274974823,0.6416219472885132,-0.04751594364643097,0.7209811806678772,0.6016503572463989,-0.05860622599720955,0.7315745949745178,0.5671007037162781,-0.061967771500349045,0.7170151472091675,0.7283552289009094,-0.031498122960329056,0.7384463548660278,0.6843974590301514,-0.04613756388425827,0.7572261095046997,0.6560584902763367,-0.05128546431660652,0.7728654146194458,0.6271065473556519,-0.05360933765769005
0.6773174405097961,0.868894100189209,7.947703295485553e-08,0.6453523635864258,0.8374896049499512,-0.02041914127767086,0.6299540996551514,0.779833972454071,-0.034462302923202515,0.6266592144966125,0.7335029244422913,-0.047913435846567154,0.6458789706230164,0.7044976949691772,-0.06049126014113426,0.6394760012626648,0.6974766254425049,-0.011948059312999249,0.623646080493927,0.6250836849212646,-0.02770533598959446,0.6111064553260803,0.5797433853149414,-0.03885206952691078,0.6068423986434937,0.5383330583572388,-0.04853161424398422,0.6666355133056641,0.6965861320495605,-0.015538147650659084,0.6737551689147949,0.6361664533615112,-0.04971672594547272,0.6697862148284912,0.6599874496459961,-0.06505993008613586,0.668079674243927,0.6877418756484985,-0.06616616249084473,0.6930598616600037,0.7064114809036255,-0.02217630296945572,0.7078283429145813,0.6421605348587036,-0.046774789690971375,0.7202706336975098,0.602173924446106,-0.057776983827352524,0.7309871315956116,0.5672430396080017,-0.061051104217767715,0.7169562578201294,0.7279772758483887,-0.030305268242955208,0.7386091947555542,0.684090256690979,-0.04513410106301308,0.757424533367157,0.6558223366737366,-0.05042868107557297,0.7730869054794312,0.6268060803413391,-0.05280258506536484
0.6771705746650696,0.8680808544158936,8.0769368082656e-08,0.6446385979652405,0.8369035720825195,-0.01944882422685623,0.6296576261520386,0.7802514433860779,-0.03318300098180771,0.6270846128463745,0.734540581703186,-0.04636316001415253,0.6457372307777405,0.70604008436203,-0.05867624282836914,0.6396219730377197,0.6958455443382263,-0.012590431608259678,0.6234294176101685,0.6239999532699585,-0.028865067288279533,0.6106334924697876,0.5787384510040283,-0.040344469249248505,0.6060539484024048,0.5375514626502991,-0.049989402294158936,0.6669721007347107,0.6952525973320007,-0.01641206257045269,0.674519956111908,0.6345347166061401,-0.05001575127243996,0.6713637709617615,0.6564335823059082,-0.06471984088420868,0.6696878671646118,0.682979166507721,-0.06556174904108047,0.6934796571731567,0.7058774828910828,-0.02317022904753685,0.7079936265945435,0.6414966583251953,-0.04756176099181175,0.7201841473579407,0.6020647883415222,-0.05792687460780144,0.730354368686676,0.5673112869262695,-0.06073692440986633,0.7173776626586914,0.7282944321632385,-0.03133144602179527,0.7389628887176514,0.6838824152946472,-0.04623888060450554,0.7575662732124329,0.6556776762008667,-0.05113477259874344,0.7729079127311707,0.6265459656715393,-0.05307251587510109
0.6774494647979736,0.867912232875824,9.454116423057712e-08,0.6461629271507263,0.8371933102607727,-0.021340975537896156,0.6306960582733154,0.7797660231590271,-0.03569340333342552,0.6268097162246704,0.7328611016273499,-0.049276672303676605,0.6447885036468506,0.7050660848617554,-0.061895206570625305,0.6396979093551636,0.695651113986969,-0.012558406218886375,0.6239010691642761,0.6239656805992126,-0.028116654604673386,0.6115838289260864,0.5794328451156616,-0.03892306610941887,0.6075076460838318,0.5384409427642822,-0.04839877784252167,0.6672526597976685,0.6952800750732422,-0.0159983579069376,0.6751357316970825,0.6340935826301575,-0.05073723942041397,0.6713218688964844,0.657459557056427,-0.06628625094890594,0.6697202324867249,0.6846171617507935,-0.06727607548236847,0.6936740279197693,0.7056773900985718,-0.02253466285765171,0.7080492973327637,0.6416974067687988,-0.047642141580581665,0.7201699018478394,0.6019129157066345,-0.05890127271413803,0.7305700182914734,0.5663087368011475,-0.06219310313463211,0.7177446484565735,0.7275401949882507,-0.03065352328121662,0.7387584447860718,0.6839943528175354,-0.04607124626636505,0.7575961351394653,0.6560372114181519,-0.051717475056648254,0.7732579112052917,0.6267412304878235,-0.054216720163822174
0.6766829490661621,0.8676482439041138,8.094217918142022e-08,0.6450039148330688,0.8359247446060181,-0.020072083920240402,0.6303753852844238,0.7795823216438293,-0.03411160781979561,0.6273193359375,0.7349392175674438,-0.047563083469867706,0.6442525386810303,0.7066179513931274,-0.060198549181222916,0.6391279101371765,0.6937859058380127,-0.01232690829783678,0.6238022446632385,0.622586727142334,-0.027880864217877388,0.6115036606788635,0.5784615278244019,-0.03881330043077469,0.6071526408195496,0.5377842783927917,-0.04839344695210457,0.6667165756225586,0.694283664226532,-0.01660730130970478,0.6748627424240112,0.633530855178833,-0.051430098712444305,0.6703091263771057,0.6581520438194275,-0.06720185279846191,0.6675817370414734,0.6863054633140564,-0.06844542175531387,0.6933655142784119,0.7054121494293213,-0.023880485445261,0.707819938659668,0.641385555267334,-0.04923200234770775,0.7199224233627319,0.6019666790962219,-0.06086178123950958,0.7300351858139038,0.5667833089828491,-0.0644783303141594,0.7175031900405884,0.7274901270866394,-0.0325465090572834,0.7387856841087341,0.6833089590072632,-0.04828520119190216,0.7577594518661499,0.6553375124931335,-0.054037146270275116,0.7733250856399536,0.6260012984275818,-0.05665775015950203
0.6771990656852722,0.8693552017211914,6.412792430410263e-08,0.6460673213005066,0.8379862308502197,-0.01998809538781643,0.6314025521278381,0.7828244566917419,-0.033937983214855194,0.6276525855064392,0.7389472126960754,-0.04728659242391586,0.6414894461631775,0.7059923410415649,-0.05999834090471268,0.6399316787719727,0.6963073015213013,-0.013746564276516438,0.6247257590293884,0.6255134344100952,-0.03047313541173935,0.6121501326560974,0.5804994106292725,-0.042464323341846466,0.6071847081184387,0.5394507050514221,-0.05245773494243622,0.6671158075332642,0.6954193115234375,-0.01769212633371353,0.6738011837005615,0.634365975856781,-0.0516752190887928,0.6702107787132263,0.6566670536994934,-0.0673668384552002,0.6675756573677063,0.6831215620040894,-0.06906751543283463,0.6934407949447632,0.70552659034729,-0.024629831314086914,0.7073615193367004,0.6407260894775391,-0.04951411485671997,0.7196552753448486,0.6010503172874451,-0.06123201921582222,0.7293539643287659,0.5658196210861206,-0.06519611924886703,0.7167558073997498,0.7273665070533752,-0.03297434747219086,0.7385461330413818,0.6829593181610107,-0.048893384635448456,0.7582250237464905,0.6547911763191223,-0.05499577894806862,0.7745218873023987,0.6259186863899231,-0.05789372697472572
0.6773776412010193,0.8682750463485718,8.635323922590032e-08,0.6461447477340698,0.8377777934074402,-0.021784503012895584,0.631201446056366,0.7820932269096375,-0.03647708520293236,0.6272510290145874,0.7365601062774658,-0.05014554038643837,0.6440873742103577,0.7038726210594177,-0.06285525113344193,0.6397790312767029,0.6953982710838318,-0.015022029168903828,0.624242901802063,0.6243209838867188,-0.03232689946889877,0.6113076210021973,0.5791318416595459,-0.04443443566560745,0.6067197918891907,0.5380004644393921,-0.05444031208753586,0.6670523285865784,0.6945533752441406,-0.018085205927491188,0.6739904880523682,0.6319363713264465,-0.05269138514995575,0.6708759665489197,0.6546137928962708,-0.06780362129211426,0.6690335273742676,0.6818846464157104,-0.06869276612997055,0.6937150359153748,0.7051215767860413,-0.02436664327979088,0.7072461843490601,0.640916109085083,-0.049722302705049515,0.7194631099700928,0.6017138361930847,-0.06083471700549126,0.7292913198471069,0.5662813186645508,-0.06404058635234833,0.7176371216773987,0.7274221777915955,-0.03224800527095795,0.7387108206748962,0.6824701428413391,-0.048341553658246994,0.7580786943435669,0.6544034481048584,-0.05423854663968086,0.774085283279419,0.6253058910369873,-0.05682412162423134
0.6775801777839661,0.8673571348190308,7.03965241655169e-08,0.6467265486717224,0.8368098735809326,-0.021062685176730156,0.6313655972480774,0.7816480994224548,-0.03589671105146408,0.6273331046104431,0.7367553114891052,-0.049910206347703934,0.6434484720230103,0.7031893134117126,-0.0630369707942009,0.6396372318267822,0.694564938545227,-0.01492319442331791,0.624093770980835,0.6232621669769287,-0.03209177404642105,0.6115422248840332,0.577926516532898,-0.043912746012210846,0.6070120334625244,0.5372092127799988,-0.0537085235118866,0.6671621203422546,0.6940408945083618,-0.018353860825300217,0.673484206199646,0.6325531601905823,-0.05346846580505371,0.6699251532554626,0.6575869917869568,-0.06847168505191803,0.6677753329277039,0.6861441731452942,-0.0691056028008461,0.694029688835144,0.7047315835952759,-0.0248859915882349,0.7073841094970703,0.6405391693115234,-0.05040021985769272,0.7194369435310364,0.6021527647972107,-0.061175644397735596,0.7289681434631348,0.5679369568824768,-0.06413476914167404,0.7180047631263733,0.7269378900527954,-0.03290903568267822,0.7386937737464905,0.682437539100647,-0.04909826070070267,0.7578110694885254,0.6551300287246704,-0.054735179990530014,0.773600697517395,0.626718282699585,-0.05706600844860077
0.6773815751075745,0.8684946298599243,8.191658906753219e-08,0.6467373967170715,0.8373776078224182,-0.021137474104762077,0.6316761374473572,0.7813151478767395,-0.035749826580286026,0.6277100443840027,0.7355536818504333,-0.04965265840291977,0.6447052955627441,0.7033726572990417,-0.0627584233880043,0.6397008895874023,0.6954498291015625,-0.013728734105825424,0.6240833401679993,0.6248311400413513,-0.03036019206047058,0.6118142008781433,0.5792240500450134,-0.04202258214354515,0.6074731945991516,0.5384330153465271,-0.05184413865208626,0.6672763824462891,0.6944243907928467,-0.017143545672297478,0.6741820573806763,0.6331682205200195,-0.05149165540933609,0.6710476875305176,0.6561251878738403,-0.06685301661491394,0.6689067482948303,0.6829209327697754,-0.0680779218673706,0.6940423846244812,0.704551637172699,-0.02367940917611122,0.7078462243080139,0.640076220035553,-0.04873398318886757,0.7196400761604309,0.6011489629745483,-0.05987279489636421,0.7287738919258118,0.566565752029419,-0.06328872591257095,0.717713475227356,0.726524829864502,-0.03175784647464752,0.7390954494476318,0.682544469833374,-0.04781713709235191,0.7583163380622864,0.6548700332641602,-0.05380505323410034,0.7740795016288757,0.6263279318809509,-0.05648908019065857
0.6765832304954529,0.8672687411308289,9.109567855603018e-08,0.6459836959838867,0.8362518548965454,-0.02147635631263256,0.6309444308280945,0.7800338864326477,-0.03617895022034645,0.627524197101593,0.7345134615898132,-0.050016582012176514,0.6457439064979553,0.7029094099998474,-0.0629572868347168,0.639617383480072,0.6935386657714844,-0.01395852118730545,0.624221920967102,0.6228349208831787,-0.03048860654234886,0.6117585897445679,0.578014612197876,-0.042008817195892334,0.6075699329376221,0.5374985933303833,-0.051732659339904785,0.6671283841133118,0.6933452486991882,-0.01737389527261257,0.6746610403060913,0.6316695213317871,-0.05202706530690193,0.6717223525047302,0.65510094165802,-0.06738470494747162,0.6703173518180847,0.6825023889541626,-0.06835905462503433,0.6937928199768066,0.704323947429657,-0.023957397788763046,0.7079087495803833,0.6401865482330322,-0.049296703189611435,0.7198193669319153,0.6012065410614014,-0.060624051839113235,0.729423999786377,0.5660595297813416,-0.06399829685688019,0.7177637219429016,0.7270611524581909,-0.03209604695439339,0.7390503883361816,0.6826112270355225,-0.048231419175863266,0.7583979964256287,0.654634952545166,-0.054248373955488205,0.7743533253669739,0.6254821419715881,-0.05693591386079788
0.6773054599761963,0.8681948781013489,8.349508817673268e-08,0.6459646821022034,0.836933970451355,-0.020487787202000618,0.6308555006980896,0.7795273661613464,-0.03436024487018585,0.6275452375411987,0.7330827116966248,-0.04759768024086952,0.6465028524398804,0.7031400799751282,-0.059921953827142715,0.6401302218437195,0.6937317252159119,-0.011402154341340065,0.6246136426925659,0.6237410306930542,-0.02701561339199543,0.6122328042984009,0.5788795948028564,-0.03795183077454567,0.608041524887085,0.5383558869361877,-0.0473867766559124,0.6677380800247192,0.6931098103523254,-0.015167594887316227,0.6753605008125305,0.6321532130241394,-0.04912509024143219,0.6718912720680237,0.6552621126174927,-0.06433631479740143,0.6701117753982544,0.682860791683197,-0.06520839780569077,0.6941759586334229,0.7035974264144897,-0.02208639308810234,0.7078560590744019,0.6400924921035767,-0.046873245388269424,0.7195399403572083,0.6006103754043579,-0.058145564049482346,0.729353666305542,0.5653667449951172,-0.06150858849287033,0.7177478075027466,0.7258762121200562,-0.030526872724294662,0.7391102313995361,0.6827796697616577,-0.046158887445926666,0.7583696842193604,0.6551819443702698,-0.052054040133953094,0.7743803262710571,0.6266030073165894,-0.0546831414103508
0.6776660680770874,0.8665189146995544,8.398893669436802e-08,0.6464360952377319,0.8360996842384338,-0.021256200969219208,0.6314293146133423,0.7802141904830933,-0.03517238423228264,0.6282396912574768,0.7343363165855408,-0.048037976026535034,0.6448822617530823,0.7022696733474731,-0.06003217399120331,0.6402422785758972,0.6948884725570679,-0.014271628111600876,0.6247192025184631,0.6250190734863281,-0.031003035604953766,0.6121516823768616,0.5803593397140503,-0.042676083743572235,0.6076580882072449,0.539358377456665,-0.05232468992471695,0.6678302884101868,0.6934410333633423,-0.01734895445406437,0.6750954389572144,0.6300447583198547,-0.05106163024902344,0.672033965587616,0.6514915227890015,-0.06602132320404053,0.6707687973976135,0.6785452365875244,-0.06695007532835007,0.6940279006958008,0.704106867313385,-0.023558534681797028,0.7077713012695312,0.6406798362731934,-0.048820432275533676,0.7193220853805542,0.6012574434280396,-0.060708802193403244,0.7291135787963867,0.5661042928695679,-0.0644715204834938,0.717442512512207,0.7265759706497192,-0.031230907887220383,0.739166796207428,0.6833782196044922,-0.04735810309648514,0.7586134672164917,0.6558920741081238,-0.05373641476035118,0.7747297286987305,0.6272885799407959,-0.056765925139188766
0.6772820949554443,0.8651354312896729,9.427414227047848e-08,0.6459548473358154,0.8343059420585632,-0.020650692284107208,0.6313936710357666,0.7782248258590698,-0.0342458076775074,0.6294236183166504,0.7322916984558105,-0.04703383147716522,0.6478981375694275,0.7015900015830994,-0.05885061249136925,0.6401196718215942,0.6926025748252869,-0.012081633321940899,0.6250270009040833,0.6229555606842041,-0.02753918431699276,0.6127117872238159,0.5788049101829529,-0.03837031498551369,0.6087225675582886,0.5383280515670776,-0.047715120017528534,0.6679331660270691,0.6916109323501587,-0.015418566763401031,0.6760832071304321,0.6296306252479553,-0.04842782020568848,0.6726170182228088,0.6511663794517517,-0.06343568116426468,0.6707180738449097,0.6780270934104919,-0.06455791741609573,0.6945324540138245,0.7021307945251465,-0.021862898021936417,0.7091153264045715,0.6392167806625366,-0.04623742774128914,0.7202048301696777,0.6006099581718445,-0.05767016485333443,0.7294021248817444,0.565937340259552,-0.06131512671709061,0.7184641361236572,0.7243620157241821,-0.029816385358572006,0.7403714060783386,0.6814450025558472,-0.04546399414539337,0.7592487931251526,0.6541340947151184,-0.05169571191072464,0.7747234106063843,0.6258281469345093,-0.054630059748888016
0.6773188710212708,0.8635268211364746,7.106358879127583e-08,0.6457244753837585,0.8324446678161621,-0.019530953839421272,0.6313868761062622,0.7768117785453796,-0.03316909074783325,0.6306443810462952,0.731540858745575,-0.046190936118364334,0.6491958498954773,0.7006574273109436,-0.05836549773812294,0.6409627199172974,0.6914746761322021,-0.01249568909406662,0.6260027885437012,0.6214923858642578,-0.027992008253932,0.6135841608047485,0.5774576663970947,-0.038497909903526306,0.6093977689743042,0.5373214483261108,-0.04757670685648918,0.6687899827957153,0.6912946105003357,-0.016443904489278793,0.6767835021018982,0.6297004222869873,-0.05011867731809616,0.6722918748855591,0.6547778844833374,-0.06474035978317261,0.6698513031005859,0.683586835861206,-0.06535203009843826,0.6954256892204285,0.7021858096122742,-0.023352211341261864,0.7100205421447754,0.638302743434906,-0.047967348247766495,0.7207867503166199,0.6001355051994324,-0.05916130170226097,0.7296938300132751,0.5660887956619263,-0.06263621896505356,0.7192423939704895,0.7243908047676086,-0.03158212825655937,0.7413656115531921,0.6811586618423462,-0.047082073986530304,0.7604343891143799,0.6541464328765869,-0.05302329733967781,0.7760111093521118,0.6258559823036194,-0.05582527443766594
0.6774203777313232,0.8656108379364014,9.49327301213998e-08,0.6459109783172607,0.8339208960533142,-0.019931519404053688,0.6313552260398865,0.7778323292732239,-0.03399020433425903,0.630413830280304,0.7324821949005127,-0.04750286415219307,0.6483073234558105,0.7004730701446533,-0.06015633046627045,0.6411723494529724,0.6921367645263672,-0.011625896207988262,0.625917911529541,0.6213641166687012,-0.02651800774037838,0.6138266921043396,0.5765460729598999,-0.036912329494953156,0.6098456978797913,0.5363611578941345,-0.04604678228497505,0.6687709093093872,0.6924242973327637,-0.015497599728405476,0.6769339442253113,0.6316564083099365,-0.04830200597643852,0.6732339859008789,0.6545354127883911,-0.06313369423151016,0.6712868809700012,0.681876540184021,-0.06425593048334122,0.6951568126678467,0.7031541466712952,-0.022447679191827774,0.7093075513839722,0.6388337016105652,-0.046431489288806915,0.7206586599349976,0.5996173024177551,-0.057775165885686874,0.7301439046859741,0.5646487474441528,-0.06167479231953621,0.7187194228172302,0.7252477407455444,-0.030805177986621857,0.7409465312957764,0.6817272901535034,-0.046121153980493546,0.7604457139968872,0.654689610004425,-0.052172351628541946,0.7765076160430908,0.6267285346984863,-0.05519367754459381
0.6781123876571655,0.8661954402923584,9.611907358930694e-08,0.6471977829933167,0.8345864415168762,-0.02123146876692772,0.6323364973068237,0.7779865264892578,-0.035719919949769974,0.6297717690467834,0.7315062284469604,-0.0494600310921669,0.6479424238204956,0.6993663311004639,-0.06234822794795036,0.6418218016624451,0.6934669017791748,-0.012750397436320782,0.6263967156410217,0.6232344508171082,-0.028519053012132645,0.6141067743301392,0.5781225562095642,-0.03953537344932556,0.6100767850875854,0.5376714468002319,-0.04906036704778671,0.6693059206008911,0.6930662989616394,-0.016112159937620163,0.6779878735542297,0.6303037405014038,-0.049726709723472595,0.6741427779197693,0.6527078151702881,-0.06503752619028091,0.6716169118881226,0.6802327632904053,-0.06628599762916565,0.6955589652061462,0.7035220265388489,-0.02264660969376564,0.7099779844284058,0.6395741701126099,-0.047009993344545364,0.7212531566619873,0.6000146865844727,-0.05859697237610817,0.7303993105888367,0.5651275515556335,-0.06253346800804138,0.718955934047699,0.7256842851638794,-0.030746905133128166,0.7411932945251465,0.6829442381858826,-0.0461156852543354,0.7604977488517761,0.6554529666900635,-0.05239148065447807,0.7762532830238342,0.6271268725395203,-0.055582378059625626
0.6780816316604614,0.8675787448883057,9.150329560725368e-08,0.6465888023376465,0.8358852863311768,-0.020073121413588524,0.6322159171104431,0.7789623141288757,-0.03383605554699898,0.6301054358482361,0.73236083984375,-0.04689587652683258,0.6482948064804077,0.70086669921875,-0.05912001058459282,0.6413468718528748,0.6926934123039246,-0.011869845911860466,0.6261088848114014,0.6233157515525818,-0.028025047853589058,0.6135287880897522,0.5784092545509338,-0.03948038071393967,0.6093682050704956,0.5378185510635376,-0.04904470220208168,0.6688205599784851,0.6924909353256226,-0.015434092842042446,0.6772913932800293,0.6303016543388367,-0.048193614929914474,0.6740760803222656,0.6525267958641052,-0.06279297918081284,0.6721334457397461,0.6797213554382324,-0.06363137066364288,0.6952847242355347,0.70368891954422,-0.022145330905914307,0.709896981716156,0.6390978693962097,-0.046369828283786774,0.7211914658546448,0.6000980734825134,-0.057455144822597504,0.7303087115287781,0.5651495456695557,-0.0608486533164978,0.7187966108322144,0.7268163561820984,-0.030271977186203003,0.7411030530929565,0.6828785538673401,-0.0455404669046402,0.7603504061698914,0.6549941897392273,-0.051254887133836746,0.7760191559791565,0.6259849071502686,-0.053870778530836105
0.6783790588378906,0.8690227270126343,8.947061047592797e-08,0.6467283368110657,0.8371024131774902,-0.019925566390156746,0.6325775384902954,0.7787059545516968,-0.03331463783979416,0.6301946640014648,0.7310178875923157,-0.04603779688477516,0.6488789916038513,0.7001011371612549,-0.057830724865198135,0.6418906450271606,0.6927946209907532,-0.010611350648105145,0.6262804865837097,0.6229957938194275,-0.02641456201672554,0.613531768321991,0.5779628753662109,-0.03764855116605759,0.6093149185180664,0.5373702049255371,-0.04712066054344177,0.6692624688148499,0.6924487948417664,-0.014314614236354828,0.6776946783065796,0.6295643448829651,-0.047292355448007584,0.6741361618041992,0.6524689793586731,-0.06187181919813156,0.6718922257423401,0.6808292865753174,-0.06238771602511406,0.6956562399864197,0.7036091089248657,-0.021219970658421516,0.7097644209861755,0.6390020847320557,-0.045586951076984406,0.7212562561035156,0.5994587540626526,-0.05682804062962532,0.7306333780288696,0.5643168091773987,-0.060152582824230194,0.71926349401474,0.7267076969146729,-0.029542066156864166,0.7410100102424622,0.6832290291786194,-0.04477629438042641,0.7603738307952881,0.6555425524711609,-0.050479430705308914,0.7761822938919067,0.6269749402999878,-0.0530211515724659
0.6782068014144897,0.8705666065216064,7.463280127240068e-08,0.646486759185791,0.8376977443695068,-0.019327649846673012,0.631837010383606,0.77979975938797,-0.03230198100209236,0.6296714544296265,0.7329781651496887,-0.044636622071266174,0.6488943099975586,0.700596272945404,-0.05596739798784256,0.6422176361083984,0.6933783888816833,-0.010481806471943855,0.6269062757492065,0.6240151524543762,-0.026339208707213402,0.6138874292373657,0.5796585083007812,-0.03774668648838997,0.6093176603317261,0.538896918296814,-0.04732245206832886,0.6692095398902893,0.6926660537719727,-0.014405988156795502,0.6776087880134583,0.6291366219520569,-0.04644808545708656,0.6732613444328308,0.6506590843200684,-0.06067294999957085,0.6703398823738098,0.6781479716300964,-0.06136302649974823,0.6954915523529053,0.703950822353363,-0.021521596238017082,0.7100531458854675,0.6400630474090576,-0.04533253610134125,0.7214913964271545,0.6008493304252625,-0.05625276267528534,0.7310407161712646,0.565727949142456,-0.059570521116256714,0.7189673781394958,0.7273129820823669,-0.030055765062570572,0.74078369140625,0.6832946538925171,-0.044792529195547104,0.7600899338722229,0.6552095413208008,-0.05018509179353714,0.7760425806045532,0.6263818144798279,-0.05267709121108055
0.677964448928833,0.8700134754180908,7.834557891328586e-08,0.6464533805847168,0.8379445672035217,-0.019858788698911667,0.632118284702301,0.7796513438224792,-0.03304488956928253,0.6288745999336243,0.7332010269165039,-0.04553358256816864,0.6478204131126404,0.7009178996086121,-0.057042695581912994,0.641828179359436,0.6930719614028931,-0.010417938232421875,0.6267628073692322,0.6231712102890015,-0.026121295988559723,0.6138837337493896,0.57902991771698,-0.03760146722197533,0.6096194386482239,0.5383561849594116,-0.047354307025671005,0.6689774990081787,0.6926722526550293,-0.014126447029411793,0.6770944595336914,0.6291664242744446,-0.04644232988357544,0.6724696159362793,0.6523351073265076,-0.060931917279958725,0.6695192456245422,0.6807405948638916,-0.061658576130867004,0.6955522298812866,0.7038484811782837,-0.021071312949061394,0.7098355293273926,0.6402584910392761,-0.04434093087911606,0.7214054465293884,0.6015070676803589,-0.05501880496740341,0.7309873700141907,0.5661358833312988,-0.05829646438360214,0.7192773818969727,0.7272392511367798,-0.029555611312389374,0.7411948442459106,0.6833491325378418,-0.043612055480480194,0.7602685689926147,0.6558014750480652,-0.04868369176983833,0.7758470773696899,0.6269840002059937,-0.05106222629547119
0.6779388785362244,0.8702423572540283,9.63306376888795e-08,0.6464335918426514,0.8376153111457825,-0.02008088119328022,0.631848931312561,0.7789470553398132,-0.033226337283849716,0.6283770203590393,0.7318326234817505,-0.04582276940345764,0.6471825242042542,0.6996299028396606,-0.057586561888456345,0.6410247087478638,0.6933336853981018,-0.009154453873634338,0.6262335181236267,0.6231226921081543,-0.024192366749048233,0.6137861013412476,0.5786694884300232,-0.035600125789642334,0.6095668077468872,0.5379010438919067,-0.045493077486753464,0.668402373790741,0.6925715208053589,-0.012713625095784664,0.6754121780395508,0.6298586130142212,-0.04424981772899628,0.671894371509552,0.6506649255752563,-0.0591639019548893,0.6703352928161621,0.6777742505073547,-0.06055537238717079,0.6950196623802185,0.7033531069755554,-0.0195523239672184,0.707764208316803,0.6399827599525452,-0.04208382964134216,0.7197546362876892,0.600814938545227,-0.05286039039492607,0.7302163243293762,0.5653480887413025,-0.05650131776928902,0.7189212441444397,0.7265059351921082,-0.02805783599615097,0.740063488483429,0.6828726530075073,-0.04198585823178291,0.7593029141426086,0.6554866433143616,-0.04728608950972557,0.7755823135375977,0.6270368695259094,-0.0499129593372345
0.6784349083900452,0.8697571754455566,9.803549971820757e-08,0.6475521922111511,0.8377996683120728,-0.021190693601965904,0.6327695846557617,0.7798458337783813,-0.034714486449956894,0.6287990212440491,0.7327554225921631,-0.04731345549225807,0.6463075280189514,0.7005035281181335,-0.058995481580495834,0.6407537460327148,0.6936140656471252,-0.010995043441653252,0.6256492733955383,0.6240933537483215,-0.026447312906384468,0.6132813692092896,0.5796303153038025,-0.03779417648911476,0.6090410947799683,0.5385810732841492,-0.04761335626244545,0.6684008836746216,0.6924447417259216,-0.014211424626410007,0.6753573417663574,0.6277968287467957,-0.04670135676860809,0.672177255153656,0.649386465549469,-0.06176605448126793,0.6707295179367065,0.6773907542228699,-0.06293801963329315,0.6949819922447205,0.7034188508987427,-0.020714426413178444,0.7080633640289307,0.640052080154419,-0.04434314742684364,0.7196816205978394,0.6007704138755798,-0.05575346201658249,0.7294892072677612,0.5655051469802856,-0.05955104902386665,0.7186678647994995,0.7266436219215393,-0.02888077311217785,0.7398666739463806,0.6836761832237244,-0.043863289058208466,0.7592767477035522,0.6564959287643433,-0.049918368458747864,0.7753978967666626,0.6283478736877441,-0.05294657126069069
0.677898108959198,0.8689326643943787,9.886659313451673e-08,0.6471471190452576,0.8362686634063721,-0.020141905173659325,0.6327897310256958,0.7782923579216003,-0.033522967249155045,0.6285932660102844,0.7319270372390747,-0.04632163792848587,0.6461254358291626,0.7004789710044861,-0.058336492627859116,0.6411272883415222,0.6928437352180481,-0.010740113444626331,0.6256058216094971,0.6227232813835144,-0.02668939344584942,0.6129462718963623,0.5775889754295349,-0.038556065410375595,0.608414351940155,0.5367634296417236,-0.04857337474822998,0.6684430241584778,0.6920484900474548,-0.01429827231913805,0.6749963760375977,0.6296608448028564,-0.046555254608392715,0.6715961694717407,0.6492418050765991,-0.06175610050559044,0.6696411967277527,0.6753231883049011,-0.06327583640813828,0.6950785517692566,0.7031124234199524,-0.021037915721535683,0.7083436846733093,0.6394240856170654,-0.04459725692868233,0.7198833227157593,0.600085437297821,-0.05570317432284355,0.7294546961784363,0.5650749206542969,-0.059315286576747894,0.718932569026947,0.7267590165138245,-0.029354680329561234,0.7400602698326111,0.6833321452140808,-0.04441272094845772,0.7591957449913025,0.6558398008346558,-0.050121139734983444,0.7752596735954285,0.6278482675552368,-0.052747178822755814
0.6777013540267944,0.866559624671936,9.13251483325439e-08,0.6471116542816162,0.8347740173339844,-0.02070135623216629,0.6325791478157043,0.7782219052314758,-0.0343334823846817,0.6288673877716064,0.732217013835907,-0.04715436324477196,0.645455002784729,0.6994634866714478,-0.05913451686501503,0.6406936645507812,0.6927056908607483,-0.012587531469762325,0.6256074905395508,0.6230059862136841,-0.02851046808063984,0.6131365299224854,0.5784206390380859,-0.03986965864896774,0.6083873510360718,0.5378851294517517,-0.049464110285043716,0.6681633591651917,0.6921367645263672,-0.015796348452568054,0.6750600934028625,0.62913978099823,-0.04832671955227852,0.6722389459609985,0.6500539779663086,-0.0630945935845375,0.6705173254013062,0.6767226457595825,-0.06423702836036682,0.6946729421615601,0.7033709287643433,-0.022144323214888573,0.7082637548446655,0.6401124000549316,-0.0460863821208477,0.7197118401527405,0.6011799573898315,-0.05714268237352371,0.7288222908973694,0.5664234161376953,-0.060684870928525925,0.7183154821395874,0.7266199588775635,-0.030044933781027794,0.7397890090942383,0.6831561326980591,-0.04556317627429962,0.759315550327301,0.6557347178459167,-0.05155443027615547,0.7755072712898254,0.6275173425674438,-0.05437113717198372
0.678098738193512,0.8660364747047424,1.1311701086924586e-07,0.6473897099494934,0.8345752358436584,-0.021367574110627174,0.632210910320282,0.7781908512115479,-0.035534054040908813,0.6289060115814209,0.7306944131851196,-0.04890422523021698,0.6469617486000061,0.6974480152130127,-0.06134645640850067,0.6405832767486572,0.6919867992401123,-0.012006006203591824,0.6254981756210327,0.6223644018173218,-0.027399759739637375,0.6130919456481934,0.5776893496513367,-0.03850404545664787,0.6084361672401428,0.5373455286026001,-0.0480910986661911,0.6680871248245239,0.6915371417999268,-0.014961445704102516,0.6756144165992737,0.6294206380844116,-0.047142140567302704,0.6728623509407043,0.6492807269096375,-0.06215989217162132,0.6710006594657898,0.6750022768974304,-0.06360533833503723,0.6945406198501587,0.7025893926620483,-0.021118683740496635,0.7080608010292053,0.639670193195343,-0.044668227434158325,0.7194117307662964,0.6009119153022766,-0.05581281706690788,0.7283894419670105,0.5662641525268555,-0.059535831212997437,0.7182976007461548,0.7257059216499329,-0.028940031304955482,0.7400252819061279,0.6827915906906128,-0.044372040778398514,0.7595264911651611,0.6555323004722595,-0.0506470613181591,0.7756016254425049,0.6275172233581543,-0.05365561321377754
0.678382933139801,0.8682007193565369,9.89399495665566e-08,0.6467658281326294,0.8365987539291382,-0.02036186493933201,0.6312955021858215,0.7797437310218811,-0.033899154514074326,0.627994954586029,0.7321733236312866,-0.04664434865117073,0.6469700932502747,0.698676586151123,-0.058467522263526917,0.6411533951759338,0.6936733722686768,-0.011504599824547768,0.6260359287261963,0.6237121224403381,-0.027188170701265335,0.6135735511779785,0.5787057280540466,-0.03846902772784233,0.6088704466819763,0.5383033156394958,-0.04799340292811394,0.6683021783828735,0.6924958825111389,-0.014695864170789719,0.6757781505584717,0.6279881596565247,-0.04620847478508949,0.6728372573852539,0.647280216217041,-0.06068015471100807,0.6705134510993958,0.6738084554672241,-0.06184525787830353,0.6946159601211548,0.7030276656150818,-0.021045934408903122,0.708106279373169,0.6394311785697937,-0.044122833758592606,0.7192907333374023,0.6007534861564636,-0.054984383285045624,0.72809237241745,0.5665171146392822,-0.05853830277919769,0.7181941866874695,0.7256481647491455,-0.028964059427380562,0.7400946021080017,0.6823145151138306,-0.04365726560354233,0.7593660950660706,0.655021071434021,-0.04946492984890938,0.7751861810684204,0.6271926164627075,-0.05228617414832115
0.6774405837059021,0.8664237260818481,8.774051707405306e-08,0.6461519598960876,0.8350141048431396,-0.019365429878234863,0.6316407322883606,0.7777217626571655,-0.03224644064903259,0.6285045742988586,0.7313202619552612,-0.044565603137016296,0.6467424035072327,0.6992069482803345,-0.05596234276890755,0.6407665014266968,0.6915501952171326,-0.010006695985794067,0.6254301071166992,0.6217186450958252,-0.025244148448109627,0.612860381603241,0.5775815844535828,-0.036270707845687866,0.6085740923881531,0.5372337102890015,-0.04571961984038353,0.6681466102600098,0.6910580992698669,-0.01381049957126379,0.6756213307380676,0.6279324293136597,-0.04595387727022171,0.6716930270195007,0.6492442488670349,-0.0606909915804863,0.6692703366279602,0.6766393184661865,-0.061698511242866516,0.6946498155593872,0.7021066546440125,-0.02070564031600952,0.7082276344299316,0.6391729712486267,-0.04405529797077179,0.7192824482917786,0.6006569266319275,-0.05494679510593414,0.7284849286079407,0.565913736820221,-0.058356236666440964,0.7184737324714661,0.7251822352409363,-0.029082978144288063,0.7401841878890991,0.6826700568199158,-0.04389410838484764,0.7593656182289124,0.6557632088661194,-0.049544304609298706,0.7753825187683105,0.6277080774307251,-0.05212217941880226
0.6776715517044067,0.8684191703796387,1.011691637131662e-07,0.6457401514053345,0.8357488512992859,-0.01969056762754917,0.6312248110771179,0.7764415740966797,-0.03238179534673691,0.6281501054763794,0.7283017039299011,-0.04455205798149109,0.6477923393249512,0.6992013454437256,-0.05578266829252243,0.641368567943573,0.6919156312942505,-0.008431864902377129,0.6263405680656433,0.6223324537277222,-0.023082483559846878,0.6136702299118042,0.578271746635437,-0.033837076276540756,0.6093158721923828,0.5374988317489624,-0.043295085430145264,0.6686190962791443,0.691611111164093,-0.012367160059511662,0.6759710311889648,0.6272615790367126,-0.044328730553388596,0.6718056201934814,0.6475786566734314,-0.059219978749752045,0.6698319911956787,0.674850583076477,-0.060258105397224426,0.6947833299636841,0.702811598777771,-0.019521519541740417,0.7080076932907104,0.6402852535247803,-0.04271780699491501,0.7190300822257996,0.6010008454322815,-0.05398144572973251,0.7286714911460876,0.5658762454986572,-0.05757185444235802,0.7185144424438477,0.7259384989738464,-0.028288763016462326,0.7400097250938416,0.6826460957527161,-0.042577195912599564,0.7593153119087219,0.6554601192474365,-0.04833461344242096,0.7754195928573608,0.6276522874832153,-0.051166437566280365
0.67706298828125,0.8676866888999939,8.745111301777797e-08,0.6456281542778015,0.834273099899292,-0.01929900236427784,0.6316341757774353,0.7756305932998657,-0.03175853192806244,0.6285579204559326,0.7290233373641968,-0.04371029511094093,0.6467677354812622,0.6993780136108398,-0.05478624999523163,0.6408811211585999,0.691109836101532,-0.009024004451930523,0.6258891224861145,0.6219897270202637,-0.023726174607872963,0.613319456577301,0.5782309174537659,-0.034462880343198776,0.6090630888938904,0.5376482009887695,-0.043885163962841034,0.6682825088500977,0.6912468075752258,-0.013180295936763287,0.6757357120513916,0.6269910335540771,-0.04542238637804985,0.6714282631874084,0.6481485962867737,-0.060429561883211136,0.6692165732383728,0.6756873726844788,-0.06152437999844551,0.694608211517334,0.7029408812522888,-0.02045651525259018,0.7083005309104919,0.6404505372047424,-0.04385093227028847,0.7193350791931152,0.6016078591346741,-0.055156268179416656,0.728773295879364,0.5667777061462402,-0.058800533413887024,0.7182656526565552,0.7264309525489807,-0.02928517758846283,0.7398836016654968,0.6831067204475403,-0.04402884468436241,0.759225070476532,0.6557576060295105,-0.04996276646852493,0.7754148244857788,0.6275796890258789,-0.05286223813891411
0.6775853633880615,0.8686923980712891,7.278428171275664e-08,0.6457502245903015,0.8355996608734131,-0.018985815346240997,0.6316612958908081,0.7759174704551697,-0.030796706676483154,0.628545880317688,0.7284822463989258,-0.041999682784080505,0.6475422978401184,0.6990969181060791,-0.05226540565490723,0.6414862871170044,0.6926480531692505,-0.008772092871367931,0.6267943382263184,0.6229076385498047,-0.023783542215824127,0.614163875579834,0.5787353515625,-0.03456581383943558,0.6096963882446289,0.5377675294876099,-0.04392550513148308,0.668675422668457,0.692116916179657,-0.012969175353646278,0.6755418181419373,0.626556396484375,-0.04551474377512932,0.6714882254600525,0.6486275792121887,-0.06018207594752312,0.6693950891494751,0.6773755550384521,-0.060787733644247055,0.6950827240943909,0.7033190131187439,-0.02031802386045456,0.7083419561386108,0.6407315731048584,-0.044080838561058044,0.719595730304718,0.6019072532653809,-0.0554078184068203,0.7291522026062012,0.5670811533927917,-0.05883636325597763,0.7188193202018738,0.7260810732841492,-0.029167449101805687,0.740437924861908,0.6830081343650818,-0.043868258595466614,0.7598292231559753,0.6560568809509277,-0.049706269055604935,0.7757734656333923,0.6283310055732727,-0.05249672010540962
0.6772716045379639,0.8690048456192017,8.11817102430723e-08,0.6456840634346008,0.8358429074287415,-0.018870482221245766,0.6315193176269531,0.7779060006141663,-0.03107414022088051,0.6286795139312744,0.7318289875984192,-0.04268626496195793,0.6460509896278381,0.7012701034545898,-0.05344569683074951,0.6418764591217041,0.6921476125717163,-0.010201516561210155,0.6266992092132568,0.6226757168769836,-0.025812171399593353,0.6141811013221741,0.5784052610397339,-0.03719865530729294,0.6096516847610474,0.5376617312431335,-0.046769168227910995,0.6689950823783875,0.6918669939041138,-0.014272025786340237,0.676235556602478,0.6280292868614197,-0.045930009335279465,0.6727461218833923,0.6479369401931763,-0.06045091897249222,0.6705071330070496,0.6745378971099854,-0.06150854378938675,0.6950875520706177,0.7035083770751953,-0.021449396386742592,0.7089498043060303,0.6412391662597656,-0.04487865790724754,0.7203133702278137,0.602607786655426,-0.056097228080034256,0.7296443581581116,0.5679723024368286,-0.05969119444489479,0.7184027433395386,0.7271193861961365,-0.030080970376729965,0.740368127822876,0.6839631795883179,-0.044863395392894745,0.7598282098770142,0.6567288637161255,-0.05061514675617218,0.7758561372756958,0.6288296580314636,-0.05333910509943962
0.6776317954063416,0.8682152628898621,7.228490517263708e-08,0.6461869478225708,0.8355172872543335,-0.019206766039133072,0.6318578124046326,0.7782901525497437,-0.031510286033153534,0.6293689012527466,0.7327810525894165,-0.042997874319553375,0.6460720896720886,0.7009217143058777,-0.05357694253325462,0.6417707800865173,0.6925280690193176,-0.011767636053264141,0.6268709897994995,0.6218791007995605,-0.02765657566487789,0.6146175861358643,0.5770649909973145,-0.03897200897336006,0.6103165149688721,0.5362228751182556,-0.04842667281627655,0.6694440245628357,0.6919113993644714,-0.015626247972249985,0.6762122511863708,0.6278607249259949,-0.047834936529397964,0.6725041270256042,0.6481944918632507,-0.06240019202232361,0.6703149080276489,0.6751649379730225,-0.06346521526575089,0.6957834362983704,0.7033148407936096,-0.022536402568221092,0.7096602320671082,0.6406105160713196,-0.04656636714935303,0.7209081053733826,0.6023969650268555,-0.057998958975076675,0.7303078770637512,0.5684561729431152,-0.06172427535057068,0.7193433046340942,0.7267245054244995,-0.030838385224342346,0.741056501865387,0.6838728785514832,-0.046337489038705826,0.7605810165405273,0.65691077709198,-0.05243125185370445,0.7767075300216675,0.6294322609901428,-0.0553104504942894
0.6774404048919678,0.8670437932014465,6.4711763059222e-08,0.6455069184303284,0.8344823122024536,-0.01873684488236904,0.6317200660705566,0.7771457433700562,-0.030453527346253395,0.6301912665367126,0.7311761975288391,-0.04139323532581329,0.6474018096923828,0.7001388669013977,-0.051436372101306915,0.641739010810852,0.692296028137207,-0.010806335136294365,0.6274053454399109,0.6225295662879944,-0.026288039982318878,0.6151139736175537,0.5782128572463989,-0.0372261144220829,0.6108713150024414,0.5370132327079773,-0.04646743834018707,0.6693234443664551,0.6915162205696106,-0.014769794419407845,0.676483154296875,0.6264169216156006,-0.04674004763364792,0.673707902431488,0.6475934982299805,-0.061256345361471176,0.6724686622619629,0.6750662922859192,-0.06221779063344002,0.695580244064331,0.7029553055763245,-0.021715601906180382,0.7092106938362122,0.6405429244041443,-0.0457758791744709,0.7211422324180603,0.6025350689888,-0.05754933878779411,0.7311155796051025,0.5686740875244141,-0.06141442805528641,0.7191219329833984,0.7259456515312195,-0.02998572774231434,0.7414861917495728,0.6831008791923523,-0.04542018473148346,0.761411726474762,0.6566128730773926,-0.051721371710300446,0.7776936888694763,0.6293299198150635,-0.054795149713754654
0.6778937578201294,0.8675470352172852,8.284070673880706e-08,0.6462571620941162,0.8351210951805115,-0.01847945712506771,0.6322207450866699,0.7779486775398254,-0.030478093773126602,0.6304179430007935,0.7313426733016968,-0.04175557568669319,0.648253858089447,0.7001722455024719,-0.052133578807115555,0.6415969133377075,0.691800594329834,-0.010935048572719097,0.6273911595344543,0.6217310428619385,-0.02620765194296837,0.6154216527938843,0.576811671257019,-0.03703382983803749,0.6111482977867126,0.5359211564064026,-0.04615207761526108,0.6693957448005676,0.6911852359771729,-0.014630711637437344,0.6770445704460144,0.627153217792511,-0.045560192316770554,0.6749944686889648,0.6461571455001831,-0.05967717990279198,0.6736968159675598,0.6717692613601685,-0.06073000654578209,0.6960208415985107,0.7027763724327087,-0.021214202046394348,0.710126519203186,0.6396225690841675,-0.04464980587363243,0.7218179702758789,0.6015838384628296,-0.0558701753616333,0.7312848567962646,0.5677542686462402,-0.05951394885778427,0.7198220491409302,0.7259649634361267,-0.02906201034784317,0.7424250841140747,0.6831009984016418,-0.04447706788778305,0.7621289491653442,0.6563048958778381,-0.05061193183064461,0.7783236503601074,0.6286660432815552,-0.05344162881374359
0.6768180727958679,0.8670555949211121,6.997368728889342e-08,0.6457725763320923,0.8334609866142273,-0.017807932570576668,0.632721483707428,0.7767594456672668,-0.029446206986904144,0.6323824524879456,0.7311829924583435,-0.04056183621287346,0.6494825482368469,0.7003414630889893,-0.050898805260658264,0.6422467827796936,0.6923402547836304,-0.010679064318537712,0.6274325847625732,0.6228008270263672,-0.025616943836212158,0.6153502464294434,0.5783681869506836,-0.03609718009829521,0.6110774874687195,0.5374301075935364,-0.045032426714897156,0.6698734164237976,0.6921511292457581,-0.014949487522244453,0.6782731413841248,0.6289156675338745,-0.046286072582006454,0.6752426028251648,0.6473731994628906,-0.060897909104824066,0.6731414794921875,0.6726567149162292,-0.06237427145242691,0.6959096193313599,0.7041189670562744,-0.02201942913234234,0.7108289003372192,0.6412166357040405,-0.04633544012904167,0.7222983837127686,0.602774441242218,-0.05858934670686722,0.7317192554473877,0.5690030455589294,-0.06287118047475815,0.7191827297210693,0.727299153804779,-0.030190784484148026,0.7419350743293762,0.683800220489502,-0.04634399339556694,0.7619127631187439,0.6564860939979553,-0.05319959670305252,0.7783643007278442,0.6285812258720398,-0.05661481246352196
0.6760333180427551,0.8667799234390259,7.187880868286811e-08,0.6454434990882874,0.8341284990310669,-0.017957765609025955,0.6328592896461487,0.7773663997650146,-0.029641004279255867,0.6327005624771118,0.7320189476013184,-0.04066690430045128,0.6490408182144165,0.7011269330978394,-0.05080901086330414,0.6421725153923035,0.6912894248962402,-0.01056197751313448,0.6272702217102051,0.6218904256820679,-0.025617089122533798,0.6150892376899719,0.5774937868118286,-0.036201056092977524,0.6110078692436218,0.5369067192077637,-0.04513120651245117,0.6697077751159668,0.691718578338623,-0.014751261100172997,0.6784816384315491,0.6287410259246826,-0.045913755893707275,0.6750601530075073,0.6483989953994751,-0.06012445315718651,0.6728177666664124,0.6741120219230652,-0.06119620054960251,0.6959264874458313,0.7040666937828064,-0.02182628959417343,0.7113984823226929,0.640498697757721,-0.04579244926571846,0.7228854298591614,0.6024986505508423,-0.05732898414134979,0.7324713468551636,0.568238377571106,-0.06111578643321991,0.7191874384880066,0.7277690768241882,-0.030048586428165436,0.7416477799415588,0.6841450333595276,-0.04579518735408783,0.761299729347229,0.6566264033317566,-0.0519968643784523,0.77750563621521,0.6280632019042969,-0.05490889772772789
0.6771286725997925,0.8686476945877075,7.388644007733092e-08,0.6462909579277039,0.8369271755218506,-0.019821349531412125,0.6327106356620789,0.77988201379776,-0.032665327191352844,0.6314393281936646,0.7337188720703125,-0.044588353484869,0.6490816473960876,0.7018007040023804,-0.05547850579023361,0.6423411965370178,0.6927952766418457,-0.011721819639205933,0.6277655363082886,0.6222414970397949,-0.027387674897909164,0.6151852011680603,0.5772368311882019,-0.03841124475002289,0.6110624074935913,0.536156415939331,-0.047757502645254135,0.6699105501174927,0.6927030086517334,-0.015426192432641983,0.6777870655059814,0.6293902397155762,-0.04776206240057945,0.6738283038139343,0.6512245535850525,-0.06211167573928833,0.6716766953468323,0.6790568232536316,-0.0628381296992302,0.6963480114936829,0.7044730186462402,-0.022254703566432,0.7104990482330322,0.6411814093589783,-0.04604780673980713,0.7221593260765076,0.6034939289093018,-0.05701329931616783,0.7321197986602783,0.5691641569137573,-0.060422834008932114,0.7197690606117249,0.7280231714248657,-0.03055824525654316,0.7420609593391418,0.6850462555885315,-0.045661136507987976,0.7615033984184265,0.6577240824699402,-0.05152164399623871,0.7774857878684998,0.6290828585624695,-0.05430071800947189
0.6776789426803589,0.8680889010429382,8.366118464664396e-08,0.6470208764076233,0.8364976048469543,-0.019633978605270386,0.6335936188697815,0.7805667519569397,-0.032595615833997726,0.6311022043228149,0.7360554933547974,-0.044844627380371094,0.645345151424408,0.7034608125686646,-0.05627638101577759,0.6423800587654114,0.6921108365058899,-0.011729730293154716,0.62773597240448,0.6221247911453247,-0.027048537507653236,0.6157628893852234,0.5771270990371704,-0.03812301158905029,0.611415445804596,0.536454975605011,-0.047594256699085236,0.6699540019035339,0.6922852993011475,-0.015585246495902538,0.6772366762161255,0.6300718784332275,-0.04776311293244362,0.6741271615028381,0.6508195400238037,-0.06271634995937347,0.6720525622367859,0.6775585412979126,-0.06417204439640045,0.696414589881897,0.7043056488037109,-0.022461099550127983,0.7103162407875061,0.6412938833236694,-0.04639176279306412,0.7220101952552795,0.6035007238388062,-0.05777820944786072,0.7315571904182434,0.5694738626480103,-0.06165720894932747,0.7197316884994507,0.7280455231666565,-0.03076690062880516,0.7421734929084778,0.6848755478858948,-0.046697113662958145,0.761925458908081,0.6581068634986877,-0.05303502082824707,0.7782886028289795,0.6301048398017883,-0.05607207119464874
0.6771179437637329,0.8670111298561096,7.744863239622646e-08,0.6456966400146484,0.8342568278312683,-0.01836283877491951,0.6325322389602661,0.7780664563179016,-0.030794771388173103,0.6307263374328613,0.7330947518348694,-0.04276118054986,0.6471090316772461,0.702729344367981,-0.05393776670098305,0.6427430510520935,0.691699206829071,-0.010640371590852737,0.6279815435409546,0.6215113997459412,-0.025844866409897804,0.6157552003860474,0.5768902897834778,-0.03675083816051483,0.6115198731422424,0.5362831354141235,-0.046077411621809006,0.6700644493103027,0.6917104721069336,-0.014999859035015106,0.6774940490722656,0.6295833587646484,-0.046694666147232056,0.6746087670326233,0.6496036648750305,-0.06137436255812645,0.6729033589363098,0.675571858882904,-0.06274047493934631,0.696416437625885,0.703593909740448,-0.022302212193608284,0.7102214694023132,0.6408270001411438,-0.045868877321481705,0.7221163511276245,0.6025425791740417,-0.05731195583939552,0.7320689558982849,0.5680896043777466,-0.061273202300071716,0.7198483347892761,0.7272052764892578,-0.03093874640762806,0.7423875331878662,0.6844768524169922,-0.04635294899344444,0.7620248794555664,0.6576007008552551,-0.0525764562189579,0.7783130407333374,0.629549503326416,-0.05562082678079605
0.6763163208961487,0.8674548864364624,8.652067151615483e-08,0.6459164619445801,0.8341119289398193,-0.018897645175457,0.6329734325408936,0.7772250771522522,-0.03125273063778877,0.6317617297172546,0.7309601902961731,-0.04307716339826584,0.6492122411727905,0.7004435658454895,-0.05402061343193054,0.6423380374908447,0.6918450593948364,-0.010218413546681404,0.6277258992195129,0.6223310828208923,-0.02532627247273922,0.6156613230705261,0.5771787166595459,-0.036214735358953476,0.6117311120033264,0.5363250970840454,-0.04545987397432327,0.6699579954147339,0.691646158695221,-0.013923472724854946,0.6784560084342957,0.6304666996002197,-0.04482581466436386,0.6753078699111938,0.6486181020736694,-0.05928868427872658,0.6732314825057983,0.6729774475097656,-0.060734767466783524,0.6962316036224365,0.7032793164253235,-0.0206468366086483,0.710797905921936,0.6409866809844971,-0.043864332139492035,0.7223825454711914,0.6029611825942993,-0.055009886622428894,0.7319820523262024,0.5688009858131409,-0.05874692648649216,0.7195805907249451,0.7268016934394836,-0.028768278658390045,0.7424343228340149,0.6842461824417114,-0.04381750151515007,0.761958658695221,0.6569911241531372,-0.04985592141747475,0.7781316637992859,0.6289413571357727,-0.052742525935173035
0.6764048337936401,0.8690125346183777,8.880380875098126e-08,0.6459088921546936,0.8367317914962769,-0.0194398146122694,0.6326925754547119,0.7787525653839111,-0.03190457820892334,0.6312708258628845,0.7323184609413147,-0.04365001618862152,0.6487658023834229,0.7010677456855774,-0.054463766515254974,0.6422467827796936,0.6924967169761658,-0.010020378977060318,0.6280310750007629,0.6222697496414185,-0.02503301575779915,0.615886926651001,0.5771399140357971,-0.03605882450938225,0.6119634509086609,0.536055862903595,-0.04544791206717491,0.6695976853370667,0.6926464438438416,-0.01356990821659565,0.6773395538330078,0.6302422285079956,-0.04432607814669609,0.6740062832832336,0.6498616337776184,-0.05861814320087433,0.6723964214324951,0.6756390333175659,-0.059754837304353714,0.6959565281867981,0.7043662667274475,-0.02024308778345585,0.7100090980529785,0.6409673690795898,-0.04290585592389107,0.7221212983131409,0.6025025844573975,-0.053699418902397156,0.7325357794761658,0.5671930313110352,-0.057250842452049255,0.7196319103240967,0.7281500101089478,-0.028413759544491768,0.7421366572380066,0.6849718689918518,-0.04266287758946419,0.7617993354797363,0.6575629711151123,-0.04807256907224655,0.7780969142913818,0.6288822889328003,-0.050661850720644
0.6771804094314575,0.8674686551094055,8.373546478424032e-08,0.6465524435043335,0.8353589773178101,-0.02061483822762966,0.6330814957618713,0.7789402008056641,-0.033508140593767166,0.6319282650947571,0.7327420115470886,-0.045322369784116745,0.648559033870697,0.7014254331588745,-0.05614543706178665,0.6413619518280029,0.6916608214378357,-0.011797904968261719,0.6275798082351685,0.6221966743469238,-0.027026528492569923,0.6158311367034912,0.5773587226867676,-0.037831272929906845,0.6122616529464722,0.5361731052398682,-0.0471000038087368,0.6696076393127441,0.6916084289550781,-0.014943834394216537,0.6774726510047913,0.6285839080810547,-0.04673106223344803,0.6738935112953186,0.6503025889396667,-0.060912344604730606,0.6723107099533081,0.6777119636535645,-0.06166447699069977,0.6963879466056824,0.703700840473175,-0.02127477526664734,0.7107943892478943,0.6404165625572205,-0.04484068602323532,0.722560465335846,0.602832555770874,-0.055727362632751465,0.7326405644416809,0.5684868097305298,-0.059158578515052795,0.7200021147727966,0.7277826070785522,-0.029161281883716583,0.7421436309814453,0.6849462389945984,-0.044442277401685715,0.7616090774536133,0.6577234864234924,-0.05041598901152611,0.7778666615486145,0.6287883520126343,-0.05326497182250023
0.6772013306617737,0.8664348125457764,9.565260938870779e-08,0.646724283695221,0.8337180018424988,-0.02006179466843605,0.6327974796295166,0.7780704498291016,-0.033227354288101196,0.6310078501701355,0.7319910526275635,-0.04559645056724548,0.6483845710754395,0.7006570100784302,-0.057014260441064835,0.6419329643249512,0.6916329264640808,-0.01142963208258152,0.6280005574226379,0.621913731098175,-0.0265582874417305,0.6161881685256958,0.5771180391311646,-0.03731231391429901,0.6123544573783875,0.5364283323287964,-0.046591777354478836,0.6697841286659241,0.6913961172103882,-0.014903215691447258,0.6778789162635803,0.6283868551254272,-0.04643597826361656,0.6752405762672424,0.6479448676109314,-0.060979537665843964,0.673893392086029,0.6736689805984497,-0.062264811247587204,0.6963256001472473,0.7030985951423645,-0.021457837894558907,0.7104585766792297,0.6408419609069824,-0.04478995501995087,0.7223636507987976,0.6027854084968567,-0.05589204654097557,0.7323094606399536,0.5686416029930115,-0.05964424088597298,0.720109224319458,0.7266185283660889,-0.029539156705141068,0.7424454689025879,0.6845628023147583,-0.04477595537900925,0.7619317770004272,0.6577844023704529,-0.05095154792070389,0.7780629396438599,0.629970133304596,-0.05398108810186386
0.6769184470176697,0.8680872917175293,9.189403016307551e-08,0.6460072994232178,0.8348548412322998,-0.019546128809452057,0.6319995522499084,0.7779494524002075,-0.03283538669347763,0.6304208636283875,0.7314749360084534,-0.045558806508779526,0.6494092345237732,0.7010802030563354,-0.0573711097240448,0.642836332321167,0.6922720074653625,-0.010642812587320805,0.6282894015312195,0.6220109462738037,-0.026271209120750427,0.6159371733665466,0.5770347118377686,-0.03738836571574211,0.6119797825813293,0.5362260341644287,-0.04685806855559349,0.6701682806015015,0.6922913193702698,-0.014636177569627762,0.6783265471458435,0.6288769245147705,-0.0468798503279686,0.6748165488243103,0.6495010256767273,-0.06142583116889,0.6730912327766418,0.6762412786483765,-0.062400754541158676,0.6964708566665649,0.7038205862045288,-0.021775025874376297,0.7106802463531494,0.6408469080924988,-0.04535740986466408,0.7221063375473022,0.602550208568573,-0.05614981800317764,0.731985867023468,0.5684128999710083,-0.05950086936354637,0.7200731635093689,0.7272073030471802,-0.03044491820037365,0.7423798441886902,0.6846619248390198,-0.045288316905498505,0.7617315053939819,0.657631516456604,-0.050932880491018295,0.7777943015098572,0.6298497915267944,-0.053591709583997726
0.6762070655822754,0.8668786883354187,8.327286593612371e-08,0.6461188197135925,0.8336108922958374,-0.01936781406402588,0.6330451965332031,0.7767093777656555,-0.03205971047282219,0.6316115260124207,0.7310307621955872,-0.044064294546842575,0.6494180560112,0.7000864148139954,-0.05519385635852814,0.6419007778167725,0.6914178729057312,-0.010796423070132732,0.627769947052002,0.6217272877693176,-0.02604929357767105,0.6158233284950256,0.5771394968032837,-0.03687344864010811,0.6120900511741638,0.5363112688064575,-0.046134207397699356,0.6696907877922058,0.6919049024581909,-0.014567489735782146,0.6784994006156921,0.6294455528259277,-0.04655671864748001,0.6746113300323486,0.6502693891525269,-0.06111818552017212,0.6723482608795166,0.6764591336250305,-0.06218620017170906,0.6961057186126709,0.7039490342140198,-0.02140866219997406,0.7107771635055542,0.6412836909294128,-0.04530041664838791,0.7220456004142761,0.6029374599456787,-0.056613821536302567,0.7316641807556152,0.568081796169281,-0.060297105461359024,0.7195913195610046,0.7274950742721558,-0.02964247763156891,0.7421908378601074,0.6851311922073364,-0.0451141782104969,0.7618911862373352,0.6579809188842773,-0.05122898146510124,0.778292179107666,0.629517674446106,-0.05414392799139023
0.6763334274291992,0.8674507737159729,8.517762495330317e-08,0.6455050706863403,0.8342321515083313,-0.01935400627553463,0.6320419311523438,0.7769668698310852,-0.03234359622001648,0.6308581233024597,0.7305970191955566,-0.044730138033628464,0.6493062973022461,0.6992567777633667,-0.056236088275909424,0.6423206329345703,0.6923574209213257,-0.010735761374235153,0.6280271410942078,0.6219861507415771,-0.026130344718694687,0.615974485874176,0.5768657922744751,-0.03714044392108917,0.6122177839279175,0.5355345010757446,-0.04657818004488945,0.6697608232498169,0.6926264762878418,-0.014721028506755829,0.6779159903526306,0.6295841932296753,-0.046638891100883484,0.6732975244522095,0.6505225896835327,-0.061055853962898254,0.670584499835968,0.6773989796638489,-0.06206103414297104,0.6961112022399902,0.704423189163208,-0.021835625171661377,0.7107657194137573,0.6413087248802185,-0.0454731285572052,0.7219902873039246,0.6025921106338501,-0.05665861815214157,0.7316433787345886,0.5678582787513733,-0.060357507318258286,0.7196740508079529,0.7278175950050354,-0.03039437159895897,0.7421935796737671,0.6845943927764893,-0.04537621885538101,0.7619547247886658,0.657228410243988,-0.05129462853074074,0.7784146666526794,0.6290136575698853,-0.05425163730978966
0.6760103702545166,0.866104245185852,8.585131183735939e-08,0.6455562114715576,0.8319408893585205,-0.018330780789256096,0.6327044367790222,0.7751393914222717,-0.03072107769548893,0.6313271522521973,0.7304843068122864,-0.04273097962141037,0.6489030718803406,0.7003248333930969,-0.05392651632428169,0.6423174142837524,0.690593421459198,-0.00976267084479332,0.6280584931373596,0.6210782527923584,-0.024459773674607277,0.616156816482544,0.5768303871154785,-0.03507200628519058,0.6122689843177795,0.5364922285079956,-0.0442727729678154,0.6699928045272827,0.6916019320487976,-0.01422435324639082,0.6786202192306519,0.6290502548217773,-0.04542914777994156,0.6743602752685547,0.6485903263092041,-0.059839777648448944,0.6714925765991211,0.6745520830154419,-0.06107722595334053,0.696497917175293,0.7039425373077393,-0.02169748768210411,0.7112032771110535,0.641604483127594,-0.04470488429069519,0.7223678231239319,0.6032783389091492,-0.05574683099985123,0.731758713722229,0.5689201951026917,-0.05951915308833122,0.7199671268463135,0.7276133298873901,-0.030568351969122887,0.7423043251037598,0.6845840215682983,-0.045422691851854324,0.761817455291748,0.6572997570037842,-0.051280196756124496,0.7781467437744141,0.6291848421096802,-0.054180555045604706
0.6759618520736694,0.8691512942314148,7.502125498604073e-08,0.6446617841720581,0.8342110514640808,-0.017728015780448914,0.6317336559295654,0.7756866812705994,-0.029999539256095886,0.6305413842201233,0.7300502061843872,-0.04209170863032341,0.6498429179191589,0.7004001140594482,-0.05333695188164711,0.6430298686027527,0.6917711496353149,-0.008535923436284065,0.6286404132843018,0.6214287877082825,-0.023892920464277267,0.6162781119346619,0.5764802098274231,-0.0350659005343914,0.612386167049408,0.5355508923530579,-0.04457598552107811,0.6700247526168823,0.6928443312644958,-0.013456234708428383,0.6780368685722351,0.630079448223114,-0.04500574618577957,0.6729516386985779,0.6505044102668762,-0.05930642783641815,0.6697186231613159,0.6770592331886292,-0.06026066094636917,0.6963591575622559,0.7047220468521118,-0.021513670682907104,0.7106294631958008,0.6414834856987,-0.04449596628546715,0.7219330072402954,0.6027362942695618,-0.05514780431985855,0.7316527962684631,0.5678319334983826,-0.05853685364127159,0.7198514938354492,0.7281222343444824,-0.030997956171631813,0.7424165606498718,0.684284508228302,-0.04512973129749298,0.7620223760604858,0.6568185091018677,-0.05032646656036377,0.7782330513000488,0.6288098096847534,-0.052832361310720444
0.6761864423751831,0.8679953217506409,7.841432392297065e-08,0.6446988582611084,0.8329731225967407,-0.017863932996988297,0.631679356098175,0.7745397686958313,-0.029985709115862846,0.630483090877533,0.7292193174362183,-0.04186443239450455,0.6500946283340454,0.6995378732681274,-0.05296546220779419,0.6425009965896606,0.6910754442214966,-0.00887488853186369,0.6284543871879578,0.6209204196929932,-0.024168604984879494,0.6161078214645386,0.5764962434768677,-0.03536751866340637,0.6122979521751404,0.5356268882751465,-0.044944990426301956,0.669723391532898,0.691985547542572,-0.013546439819037914,0.678424596786499,0.6283331513404846,-0.045236751437187195,0.6733944416046143,0.6480478048324585,-0.059899069368839264,0.6702487468719482,0.6746657490730286,-0.061166130006313324,0.6959906816482544,0.7039971947669983,-0.021284371614456177,0.7108535170555115,0.6411398649215698,-0.044142886996269226,0.7218323349952698,0.6029551029205322,-0.0550093911588192,0.7314453721046448,0.5686603784561157,-0.058622751384973526,0.7191473841667175,0.7276977300643921,-0.030485276132822037,0.7421570420265198,0.6847177147865295,-0.04467159882187843,0.7616438865661621,0.6573882102966309,-0.05027158558368683,0.7779234647750854,0.629116415977478,-0.05310507491230965
0.676352322101593,0.8684263825416565,7.831300052885126e-08,0.6452760696411133,0.8331016302108765,-0.017732450738549232,0.6319535374641418,0.7757582068443298,-0.02968803234398365,0.6307820081710815,0.731015682220459,-0.04131179675459862,0.6486861705780029,0.6993280053138733,-0.05219801515340805,0.6426317691802979,0.6919480562210083,-0.009509929455816746,0.6285821795463562,0.6224434971809387,-0.02474767155945301,0.6166141033172607,0.5779669284820557,-0.035954270511865616,0.6126082539558411,0.5370263457298279,-0.045490726828575134,0.6699736714363098,0.6922664046287537,-0.014171747490763664,0.6777128577232361,0.6281743049621582,-0.04534408077597618,0.6742996573448181,0.6454089283943176,-0.06026774272322655,0.6722660064697266,0.6701861619949341,-0.062052883207798004,0.6960862874984741,0.7043394446372986,-0.02179635316133499,0.7100085616111755,0.6410229206085205,-0.045045144855976105,0.7213723659515381,0.602081298828125,-0.05662892386317253,0.7311553955078125,0.5675480365753174,-0.0607631653547287,0.7193533182144165,0.7280253767967224,-0.03075079247355461,0.7417991757392883,0.6844944953918457,-0.04590717330574989,0.7614316940307617,0.6569000482559204,-0.052167315036058426,0.7778788208961487,0.6287765502929688,-0.05535944178700447
0.6764251589775085,0.8674020171165466,8.547589658292054e-08,0.6452798843383789,0.8332080841064453,-0.01863953471183777,0.6323221325874329,0.7754094004631042,-0.030905336141586304,0.6310482025146484,0.7298595905303955,-0.04266652837395668,0.650063157081604,0.6995900869369507,-0.053581591695547104,0.642208456993103,0.6915078163146973,-0.009696202352643013,0.6279590725898743,0.6213572025299072,-0.024857090786099434,0.6159760355949402,0.5765568017959595,-0.03596719726920128,0.6122839450836182,0.5356833934783936,-0.04546685144305229,0.6697406768798828,0.692106306552887,-0.013879857026040554,0.6775225400924683,0.6291319727897644,-0.04504178836941719,0.6736847758293152,0.6478196978569031,-0.05963871255517006,0.6714574098587036,0.6731438636779785,-0.06106021627783775,0.6961838006973267,0.7040699124336243,-0.021167205646634102,0.7102392315864563,0.6408283710479736,-0.04419172555208206,0.7216402292251587,0.6019902229309082,-0.055519551038742065,0.7314470410346985,0.5669023394584656,-0.059474632143974304,0.7197803854942322,0.7277674674987793,-0.029887016862630844,0.7422782182693481,0.6844977736473083,-0.044694192707538605,0.7618612051010132,0.6569394469261169,-0.05072198808193207,0.7781315445899963,0.6285105347633362,-0.05375722050666809
0.6764070391654968,0.8690767884254456,7.634908172349242e-08,0.6452520489692688,0.8349080681800842,-0.017886273562908173,0.6321428418159485,0.7766367793083191,-0.029751038178801537,0.6304594278335571,0.7306427359580994,-0.04134848713874817,0.6487941741943359,0.6993086934089661,-0.05216211825609207,0.6424381732940674,0.6922286152839661,-0.008564736694097519,0.6282986402511597,0.6220502257347107,-0.023488501086831093,0.6163320541381836,0.577129602432251,-0.03448553383350372,0.6124292612075806,0.5362825393676758,-0.04390198737382889,0.6695883274078369,0.6927317976951599,-0.012961702421307564,0.6770263314247131,0.6301790475845337,-0.04391012340784073,0.673170268535614,0.6490309238433838,-0.0585312694311142,0.6706019639968872,0.6744307279586792,-0.0599980503320694,0.695973813533783,0.7043799161911011,-0.02038470469415188,0.7099810838699341,0.6407286524772644,-0.04312035068869591,0.7215093970298767,0.6020428538322449,-0.05401833355426788,0.7312270998954773,0.5673480033874512,-0.057685937732458115,0.7194003462791443,0.7277383208274841,-0.029207181185483932,0.7419777512550354,0.6842495203018188,-0.04379018396139145,0.7616866827011108,0.6568624973297119,-0.049472883343696594,0.7781127095222473,0.6288033127784729,-0.05219901353120804
0.6762647032737732,0.8663190603256226,9.261932376602999e-08,0.6450233459472656,0.8329379558563232,-0.01911596953868866,0.6318016648292542,0.7753885388374329,-0.03192967176437378,0.6300109028816223,0.730103075504303,-0.04432617500424385,0.6483009457588196,0.7008382081985474,-0.05592523515224457,0.6421607732772827,0.6905756592750549,-0.009819217957556248,0.6276361346244812,0.6208007335662842,-0.02475631982088089,0.6159185171127319,0.5767421722412109,-0.03581445664167404,0.6121524572372437,0.5364408493041992,-0.04533594474196434,0.6694257855415344,0.6916905641555786,-0.013927653431892395,0.6767187118530273,0.6302910447120667,-0.04528070613741875,0.6733110547065735,0.6495327949523926,-0.06020268797874451,0.6715269684791565,0.6745287179946899,-0.06185681000351906,0.695741593837738,0.7038622498512268,-0.02114138938486576,0.7095624804496765,0.6410033106803894,-0.04427459090948105,0.7211819887161255,0.6019349098205566,-0.055701807141304016,0.731124997138977,0.5664104223251343,-0.059735335409641266,0.7194345593452454,0.7276339530944824,-0.029825719073414803,0.7417052388191223,0.6839267611503601,-0.04462311044335365,0.761348307132721,0.6564916968345642,-0.05054658651351929,0.7777509689331055,0.6279358863830566,-0.05352793261408806
0.6762663125991821,0.8680769801139832,9.952851343086877e-08,0.644791305065155,0.8340122103691101,-0.01954936981201172,0.6310239434242249,0.775891125202179,-0.032444506883621216,0.6298079490661621,0.7286643385887146,-0.04486306011676788,0.6495040059089661,0.6985357999801636,-0.056439515203237534,0.6421433687210083,0.6924715042114258,-0.010073703713715076,0.6277959942817688,0.6217768788337708,-0.02528967335820198,0.6159992814064026,0.5768492221832275,-0.03635483607649803,0.6122939586639404,0.5361277461051941,-0.04578552767634392,0.6695254445075989,0.6925001740455627,-0.013827385380864143,0.6777305006980896,0.6298074126243591,-0.04509413614869118,0.674354612827301,0.6472775936126709,-0.059982504695653915,0.6724294424057007,0.6714679598808289,-0.061603110283613205,0.6955716013908386,0.7038778066635132,-0.020720355212688446,0.7092506885528564,0.6415081024169922,-0.04379939287900925,0.7207909226417542,0.6023641228675842,-0.055313851684331894,0.7306631207466125,0.5673940181732178,-0.059356383979320526,0.7191669940948486,0.7269927859306335,-0.0291562769562006,0.7414002418518066,0.6841287612915039,-0.04387560859322548,0.7611254453659058,0.6568403840065002,-0.049999043345451355,0.7775322794914246,0.6292182207107544,-0.05308698117733002
0.6750375628471375,0.8652869462966919,8.785534788557925e-08,0.6438844799995422,0.8312402963638306,-0.01915592886507511,0.6309423446655273,0.7740984559059143,-0.03156324476003647,0.6301146149635315,0.7285034656524658,-0.043373674154281616,0.6493012309074402,0.6987402439117432,-0.054333921521902084,0.6413843035697937,0.6901416778564453,-0.010228126309812069,0.6274896860122681,0.6210334300994873,-0.025164056569337845,0.6156163215637207,0.5773108601570129,-0.03604701906442642,0.6118699908256531,0.5366883873939514,-0.04546068608760834,0.6690171360969543,0.69069504737854,-0.014128086157143116,0.6775147914886475,0.6278672218322754,-0.0452888086438179,0.6732990145683289,0.6462715864181519,-0.06005952134728432,0.6706841588020325,0.6713145971298218,-0.061652280390262604,0.6953249573707581,0.7028906345367432,-0.021098801866173744,0.7097448110580444,0.6409860849380493,-0.04416792094707489,0.7208690047264099,0.6022772789001465,-0.05567207559943199,0.7304147481918335,0.5672950744628906,-0.05974646657705307,0.7187901735305786,0.7267009019851685,-0.029547490179538727,0.7413991093635559,0.6840516924858093,-0.044344183057546616,0.7608670592308044,0.6566972136497498,-0.05054190009832382,0.7770623564720154,0.6284028887748718,-0.05373316630721092
0.6757857799530029,0.8660382032394409,6.934356377996664e-08,0.6444051861763,0.8329432010650635,-0.01884813793003559,0.6307148933410645,0.7765471339225769,-0.0315442755818367,0.6295974254608154,0.7306235432624817,-0.04358331114053726,0.6492340564727783,0.6985911130905151,-0.054712310433387756,0.6418086886405945,0.6927068829536438,-0.011762108653783798,0.6278679966926575,0.6223443150520325,-0.028411518782377243,0.6155081987380981,0.5773518681526184,-0.04017037898302078,0.6116071939468384,0.5361177921295166,-0.049802523106336594,0.6688105463981628,0.6922558546066284,-0.015624643303453922,0.6764907240867615,0.6287397146224976,-0.04746942222118378,0.6727463603019714,0.648433268070221,-0.06163676455616951,0.670572817325592,0.6743583083152771,-0.06264012306928635,0.6948679089546204,0.7035775184631348,-0.022593894973397255,0.708803653717041,0.6407639980316162,-0.04638303443789482,0.7201669216156006,0.6021397113800049,-0.05758571997284889,0.7298259735107422,0.5673215389251709,-0.06124817207455635,0.7182111740112305,0.7265231609344482,-0.030920134857296944,0.7411876916885376,0.6836549639701843,-0.04587113484740257,0.7608940601348877,0.6565616726875305,-0.05175143480300903,0.7770299315452576,0.6286554336547852,-0.05464703217148781
0.675818681716919,0.8660974502563477,8.054632161247355e-08,0.6446976661682129,0.8332422971725464,-0.01887178234755993,0.6307294368743896,0.776011049747467,-0.03103802539408207,0.6294605731964111,0.7293438911437988,-0.04251999035477638,0.6488902568817139,0.6989696621894836,-0.05314549058675766,0.6416720151901245,0.6926314234733582,-0.011332924477756023,0.6274603009223938,0.6224379539489746,-0.026933347806334496,0.6152936816215515,0.5778887271881104,-0.03789113461971283,0.611345648765564,0.5368753671646118,-0.04714570567011833,0.669075071811676,0.6924062967300415,-0.015178896486759186,0.6773090362548828,0.6289623975753784,-0.04675399884581566,0.6735405921936035,0.6477265954017639,-0.06101752072572708,0.6713954210281372,0.6733730435371399,-0.062104497104883194,0.6950166821479797,0.7040144801139832,-0.022052234038710594,0.7091732025146484,0.6414821743965149,-0.04572778195142746,0.7200929522514343,0.6028958559036255,-0.05714523047208786,0.7293356657028198,0.5683096051216125,-0.0609615296125412,0.7183243632316589,0.7270581722259521,-0.030292924493551254,0.7410690784454346,0.6843462586402893,-0.045463576912879944,0.7605481147766113,0.6570080518722534,-0.051708925515413284,0.776506245136261,0.6289961338043213,-0.05484098941087723
0.6757534742355347,0.8667947053909302,8.35795148645957e-08,0.6438962817192078,0.8327604532241821,-0.01766553334891796,0.6306766867637634,0.7750378847122192,-0.029151225462555885,0.6295574903488159,0.7291091084480286,-0.040202364325523376,0.6480944752693176,0.7004429697990417,-0.05048839747905731,0.6416895985603333,0.6922826766967773,-0.009857553988695145,0.6272780895233154,0.6225824356079102,-0.025244399905204773,0.6150853037834167,0.577976405620575,-0.0364106148481369,0.6107953190803528,0.5371115207672119,-0.04575416073203087,0.6688648462295532,0.6923586130142212,-0.014181052334606647,0.6769083142280579,0.629267156124115,-0.04466821998357773,0.6736170053482056,0.6458381414413452,-0.058890871703624725,0.671533465385437,0.6698670983314514,-0.06027911975979805,0.6947903037071228,0.7041938900947571,-0.021461226046085358,0.7088014483451843,0.6412390470504761,-0.04452067241072655,0.7199453115463257,0.6024168729782104,-0.05585787445306778,0.7293725609779358,0.5676427483558655,-0.05972308665513992,0.7179468870162964,0.7275562286376953,-0.0300409235060215,0.7407682538032532,0.6843335628509521,-0.04500538110733032,0.7603445649147034,0.6569082736968994,-0.051006611436605453,0.7765603065490723,0.6290858387947083,-0.05392180010676384
0.6758137941360474,0.8662075996398926,9.147946400389628e-08,0.6439930200576782,0.8341171145439148,-0.019709512591362,0.6304360628128052,0.7774073481559753,-0.03272624686360359,0.6285260915756226,0.7316624522209167,-0.04509245976805687,0.646867573261261,0.7004626989364624,-0.05668065324425697,0.6405695080757141,0.6929817795753479,-0.011357856914401054,0.6269980669021606,0.6226723194122314,-0.027383944019675255,0.6147478222846985,0.5775917172431946,-0.03889624401926994,0.6108226180076599,0.5366326570510864,-0.048555564135313034,0.6680158376693726,0.6927595138549805,-0.015015003271400928,0.6757834553718567,0.628857433795929,-0.047067683190107346,0.6720342040061951,0.6489563584327698,-0.06173096224665642,0.6700344085693359,0.6757169365882874,-0.06294165551662445,0.6943879127502441,0.7036952972412109,-0.02182101272046566,0.708147406578064,0.640599250793457,-0.045222144573926926,0.7191654443740845,0.6021395921707153,-0.056394100189208984,0.7286025285720825,0.5677049160003662,-0.06014221906661987,0.7179306745529175,0.726442277431488,-0.030160166323184967,0.7409128546714783,0.6837948560714722,-0.044964369386434555,0.7605292797088623,0.6567575931549072,-0.05092337355017662,0.7766533493995667,0.6289377212524414,-0.0539202056825161
0.6757702827453613,0.8659834861755371,8.088598235644895e-08,0.643669605255127,0.8332216739654541,-0.01877865381538868,0.6299248337745667,0.7762977480888367,-0.03148088976740837,0.6287522912025452,0.7304081320762634,-0.04365093261003494,0.6481913328170776,0.6999890804290771,-0.055005040019750595,0.6409422159194946,0.6923108696937561,-0.011024156585335732,0.6270639300346375,0.6219944357872009,-0.02665267512202263,0.6149033308029175,0.5775625705718994,-0.037762049585580826,0.6109583973884583,0.5369780659675598,-0.047230064868927,0.6683864593505859,0.6923555135726929,-0.015274180099368095,0.6762014627456665,0.6287323236465454,-0.04722355306148529,0.6715218424797058,0.6491483449935913,-0.06158178672194481,0.6686077117919922,0.6761005520820618,-0.06264878064393997,0.6948579549789429,0.7037031054496765,-0.022583598271012306,0.7087604403495789,0.6407928466796875,-0.04586845263838768,0.719281792640686,0.6025208234786987,-0.056810833513736725,0.7282654643058777,0.5684311389923096,-0.060466375201940536,0.7185286283493042,0.7266814112663269,-0.03135688975453377,0.7411821484565735,0.6839063167572021,-0.046150412410497665,0.7604943513870239,0.6567652225494385,-0.052062686532735825,0.7764018177986145,0.629004180431366,-0.0550411194562912
0.6761026382446289,0.8659349679946899,7.599066265129295e-08,0.6439276337623596,0.8322950005531311,-0.018238002434372902,0.6300265789031982,0.7741928696632385,-0.030246803537011147,0.6291765570640564,0.7276617288589478,-0.041766148060560226,0.6495029926300049,0.6990447640419006,-0.05247297137975693,0.6410570740699768,0.6923350095748901,-0.010190634988248348,0.6270613670349121,0.6225423216819763,-0.025620676577091217,0.6149865388870239,0.5779789686203003,-0.036428336054086685,0.6111031770706177,0.5370528101921082,-0.045600421726703644,0.6685246825218201,0.6921266317367554,-0.014476882293820381,0.6765195727348328,0.6282591819763184,-0.04652339220046997,0.6726809740066528,0.6486815810203552,-0.06081543117761612,0.67067551612854,0.6755678057670593,-0.06156819313764572,0.6948065161705017,0.7035580277442932,-0.021735448390245438,0.708992600440979,0.6406150460243225,-0.045441001653671265,0.7197984457015991,0.6023344397544861,-0.05651106312870979,0.7290276885032654,0.5684298276901245,-0.05989641696214676,0.7184519171714783,0.726577877998352,-0.030350742861628532,0.7415027022361755,0.6840707063674927,-0.04535441845655441,0.760960578918457,0.6568871736526489,-0.051273006945848465,0.7769431471824646,0.6289559602737427,-0.05406440794467926
0.6759845614433289,0.865525484085083,8.976259380233387e-08,0.6440073251724243,0.8334871530532837,-0.019527114927768707,0.6298242807388306,0.777319073677063,-0.03234561160206795,0.6289631128311157,0.7310067415237427,-0.04439264535903931,0.6480602025985718,0.6999357342720032,-0.055547937750816345,0.6403710842132568,0.6916890740394592,-0.011715524829924107,0.6266748905181885,0.6215752363204956,-0.02711551822721958,0.6149859428405762,0.5766981244087219,-0.03804580494761467,0.6113235950469971,0.5360310077667236,-0.04728493094444275,0.6681970953941345,0.6914512515068054,-0.01514039933681488,0.6763867139816284,0.6290878057479858,-0.04612766206264496,0.6726834774017334,0.6488602161407471,-0.06002295762300491,0.6705381870269775,0.6747783422470093,-0.0609981007874012,0.6946730613708496,0.7027229070663452,-0.02164893038570881,0.7089109420776367,0.6403931975364685,-0.04441716521978378,0.719537079334259,0.6027383208274841,-0.055096790194511414,0.7284426093101501,0.5686565041542053,-0.058671195060014725,0.7182802557945251,0.725849449634552,-0.0296726506203413,0.7414520382881165,0.6834701895713806,-0.04434841871261597,0.760913610458374,0.6566387414932251,-0.05023311451077461,0.7769334316253662,0.6288201212882996,-0.053134698420763016
0.6762998700141907,0.8660867810249329,9.116516963558752e-08,0.6440878510475159,0.8335703015327454,-0.019634077325463295,0.6295390725135803,0.7767373919487,-0.03273893892765045,0.6288087368011475,0.7295093536376953,-0.045137450098991394,0.6486116051673889,0.697899341583252,-0.056678708642721176,0.6408855319023132,0.692734956741333,-0.011923424899578094,0.6266885995864868,0.6227850914001465,-0.027678407728672028,0.615012526512146,0.5773608088493347,-0.038884829729795456,0.6111745238304138,0.5363485813140869,-0.04830387607216835,0.6684965491294861,0.692088782787323,-0.01542595587670803,0.6763138175010681,0.6294278502464294,-0.046896450221538544,0.6735184788703918,0.6482017040252686,-0.06132044643163681,0.671733558177948,0.6734327077865601,-0.06264927238225937,0.6946839690208435,0.7032435536384583,-0.021961426362395287,0.7090480923652649,0.640620231628418,-0.045242730528116226,0.7200356721878052,0.6021724343299866,-0.0563034862279892,0.7288095951080322,0.5680046081542969,-0.060035210102796555,0.7181681990623474,0.7264401316642761,-0.029982369393110275,0.7411264777183533,0.6835753321647644,-0.044920746237039566,0.7606234550476074,0.6561278104782104,-0.05099153146147728,0.7765105962753296,0.6279807686805725,-0.054005175828933716
0.676228940486908,0.8653120994567871,1.0369391389986049e-07,0.6449775099754333,0.8340034484863281,-0.020646989345550537,0.6305078268051147,0.7779390811920166,-0.034155070781707764,0.629075288772583,0.7314419150352478,-0.046798743307590485,0.6479108929634094,0.6994730234146118,-0.058572690933942795,0.6401102542877197,0.6920404434204102,-0.01257576048374176,0.6264965534210205,0.6214078068733215,-0.02787027508020401,0.6150476932525635,0.5763965249061584,-0.038753487169742584,0.611574113368988,0.5358806252479553,-0.0480482280254364,0.6681991815567017,0.6916142106056213,-0.015458363108336926,0.6757701635360718,0.6298964619636536,-0.046698927879333496,0.6729671955108643,0.6488569378852844,-0.0612029954791069,0.6716762781143188,0.6737715005874634,-0.06270069628953934,0.6946821808815002,0.7025008797645569,-0.02143027074635029,0.7089769840240479,0.6414833068847656,-0.04421253874897957,0.7199811339378357,0.6032707095146179,-0.055368129163980484,0.7289364337921143,0.5690708160400391,-0.05937456339597702,0.7184394598007202,0.7253653407096863,-0.029021576046943665,0.7414719462394714,0.6831579208374023,-0.043676357716321945,0.7607858180999756,0.6561299562454224,-0.04995818808674812,0.7765222787857056,0.628200113773346,-0.05321778357028961
0.676429808139801,0.8662263751029968,9.870318251614663e-08,0.6448401808738708,0.8343535661697388,-0.020488619804382324,0.6302661299705505,0.7784092426300049,-0.03426668420433998,0.62933748960495,0.7319725751876831,-0.04728102684020996,0.648594856262207,0.6989911794662476,-0.05945128574967384,0.6405946016311646,0.6933481693267822,-0.012755881063640118,0.6266354322433472,0.6224672794342041,-0.028510188683867455,0.6150631308555603,0.5769474506378174,-0.0397665910422802,0.6113638877868652,0.5359275341033936,-0.04935023561120033,0.6684576869010925,0.6924799680709839,-0.01604398898780346,0.676297128200531,0.630626380443573,-0.04797971993684769,0.6735338568687439,0.6494029760360718,-0.06302644312381744,0.6719754338264465,0.6743609309196472,-0.06487101316452026,0.6947392225265503,0.703255832195282,-0.02242746204137802,0.7083914875984192,0.6409478187561035,-0.04606340080499649,0.7195765376091003,0.6020799279212952,-0.057904202491045,0.7287632822990417,0.5674319267272949,-0.06231849640607834,0.7182785868644714,0.7259882688522339,-0.030330175533890724,0.7410517334938049,0.6834312081336975,-0.04585019871592522,0.7608845233917236,0.6563453078269958,-0.05261995643377304,0.7772865891456604,0.6285944581031799,-0.05617540329694748
0.676180362701416,0.8648481965065002,9.458427285835569e-08,0.6451849937438965,0.83272784948349,-0.020373595878481865,0.6311817169189453,0.7762317657470703,-0.03370675817131996,0.6291630268096924,0.7293985486030579,-0.04619668051600456,0.6486279368400574,0.6992068886756897,-0.05782339349389076,0.6407536268234253,0.6920042037963867,-0.012411817908287048,0.6266118884086609,0.6224671602249146,-0.028289390727877617,0.614561915397644,0.5777822136878967,-0.03948765620589256,0.6109230518341064,0.5368231534957886,-0.04892725124955177,0.6686564087867737,0.6915696859359741,-0.015531503595411777,0.6767507791519165,0.6287190318107605,-0.047419529408216476,0.6733632683753967,0.6487504243850708,-0.06183823198080063,0.6717029809951782,0.6744245886802673,-0.06295088678598404,0.694945216178894,0.7029502391815186,-0.02176341973245144,0.709257960319519,0.6411499977111816,-0.045493222773075104,0.7200227379798889,0.6028261184692383,-0.05694867670536041,0.7289276123046875,0.5684385299682617,-0.06077079847455025,0.7184014916419983,0.7260950803756714,-0.029497824609279633,0.741389274597168,0.6836468577384949,-0.04464356601238251,0.7608478665351868,0.6565467715263367,-0.050991032272577286,0.7767979502677917,0.6283676624298096,-0.05417976900935173
0.6767311096191406,0.8662147521972656,1.061273948721464e-07,0.6458437442779541,0.83479905128479,-0.020563988015055656,0.6314461827278137,0.778556227684021,-0.034534819424152374,0.6292546987533569,0.7317378520965576,-0.04773830622434616,0.6483278274536133,0.6992219686508179,-0.0601036362349987,0.6414554715156555,0.692194402217865,-0.0129770552739501,0.6272182464599609,0.6219183802604675,-0.029084252193570137,0.6151800751686096,0.576287031173706,-0.040520939975976944,0.6111727356910706,0.5356419086456299,-0.050049472600221634,0.6690291166305542,0.6919974088668823,-0.01599947176873684,0.6767928004264832,0.6309784650802612,-0.04750343784689903,0.6739324331283569,0.6498055458068848,-0.06173897534608841,0.672330915927887,0.674599826335907,-0.06299011409282684,0.6951747536659241,0.7033237218856812,-0.02217222936451435,0.7093399167060852,0.6406446099281311,-0.04541938751935959,0.7200623750686646,0.6023375391960144,-0.05615492910146713,0.7287768125534058,0.567923903465271,-0.05975872650742531,0.7183446884155273,0.7267674207687378,-0.029916515573859215,0.7413756251335144,0.6837766766548157,-0.04500562697649002,0.7608826160430908,0.6561812162399292,-0.05106786638498306,0.7769345045089722,0.6277586817741394,-0.054053474217653275
0.6770406365394592,0.8681976795196533,9.377678367172848e-08,0.64603191614151,0.8354248404502869,-0.01997956819832325,0.6322274804115295,0.7776902318000793,-0.03253478556871414,0.6303573250770569,0.7301689982414246,-0.044237665832042694,0.649332582950592,0.6985294818878174,-0.05509205162525177,0.6410946249961853,0.6925116181373596,-0.011409048922359943,0.6267783641815186,0.622198224067688,-0.026431618258357048,0.6152640581130981,0.5767906904220581,-0.03723658621311188,0.6118355393409729,0.535977303981781,-0.046425532549619675,0.6691307425498962,0.6920765042304993,-0.014370763674378395,0.6766752004623413,0.6303892731666565,-0.04473663121461868,0.6738747954368591,0.6484140157699585,-0.05884898826479912,0.6721281409263611,0.6727712154388428,-0.060215312987565994,0.695377767086029,0.7034099698066711,-0.02045760117471218,0.7095403075218201,0.6406244039535522,-0.04321557655930519,0.7205853462219238,0.6023681163787842,-0.054585833102464676,0.7294777631759644,0.5678582191467285,-0.058709610253572464,0.7185728549957275,0.7268527746200562,-0.028049249202013016,0.7412437796592712,0.6841756105422974,-0.04311497509479523,0.7609683871269226,0.6571235656738281,-0.04965637996792793,0.7772133350372314,0.6293208599090576,-0.05303281918168068
0.6767097115516663,0.8661592602729797,8.490044223208315e-08,0.6459549069404602,0.8332642912864685,-0.019397500902414322,0.6327148675918579,0.7768563032150269,-0.03172190859913826,0.6309959888458252,0.7309385538101196,-0.04319573938846588,0.6479202508926392,0.6992971301078796,-0.05385192856192589,0.641151487827301,0.6917502880096436,-0.012251881882548332,0.626950740814209,0.6220827102661133,-0.027693279087543488,0.6152938008308411,0.5772777795791626,-0.03857281059026718,0.6116573214530945,0.5363043546676636,-0.0477297268807888,0.6692555546760559,0.6916056871414185,-0.015594280324876308,0.6774674654006958,0.6279559135437012,-0.04668004438281059,0.674506425857544,0.6468566060066223,-0.06092321500182152,0.6724907755851746,0.6720449328422546,-0.06218290701508522,0.6955428719520569,0.7034729719161987,-0.021914588287472725,0.7099795341491699,0.6406126618385315,-0.045437224209308624,0.7211012244224548,0.6026242971420288,-0.057061877101659775,0.7299202084541321,0.5684499144554138,-0.061145711690187454,0.7188169360160828,0.7269988656044006,-0.02958504855632782,0.7416996955871582,0.6840236783027649,-0.04505012556910515,0.7612855434417725,0.6571678519248962,-0.05158807337284088,0.7771197557449341,0.6293089389801025,-0.05490880087018013
0.6762735247612,0.8659567832946777,9.723975580300248e-08,0.6456629633903503,0.8335587382316589,-0.019684698432683945,0.6322232484817505,0.7775877118110657,-0.03267854452133179,0.6306148767471313,0.7319332957267761,-0.04493976756930351,0.6479856371879578,0.6997220516204834,-0.05636249855160713,0.6415678858757019,0.6913427710533142,-0.012003690004348755,0.6276076436042786,0.6214510798454285,-0.02740279585123062,0.615871012210846,0.5762785077095032,-0.038412127643823624,0.6117885708808899,0.5355907678604126,-0.04775065928697586,0.6692824959754944,0.6916357278823853,-0.015466087497770786,0.6776875853538513,0.6298141479492188,-0.0464094802737236,0.6743634343147278,0.6479107737541199,-0.06076207011938095,0.6716073155403137,0.6723321080207825,-0.06229911744594574,0.6955200433731079,0.7035800218582153,-0.021973829716444016,0.70989990234375,0.6410467624664307,-0.045206230133771896,0.7209441661834717,0.6028759479522705,-0.056326255202293396,0.7296461462974548,0.5682920217514038,-0.06024562194943428,0.7187030911445618,0.7271745800971985,-0.02993248961865902,0.7415844202041626,0.6840842366218567,-0.0453345850110054,0.7612996101379395,0.6568625569343567,-0.05156874284148216,0.7773472666740417,0.628948450088501,-0.054683323949575424
0.6763003468513489,0.8669099807739258,8.500395409782868e-08,0.644798994064331,0.833740234375,-0.019045071676373482,0.6316566467285156,0.776472270488739,-0.03153692185878754,0.6310360431671143,0.7302303314208984,-0.04337708652019501,0.6501710414886475,0.6988716125488281,-0.054306354373693466,0.6420270800590515,0.6912365555763245,-0.010628163814544678,0.6278387308120728,0.6213005781173706,-0.026018653064966202,0.6157747507095337,0.5763794183731079,-0.036857087165117264,0.6118707656860352,0.535541832447052,-0.04606759920716286,0.6697980761528015,0.6913707256317139,-0.014532113447785378,0.6787171959877014,0.6281354427337646,-0.04610246792435646,0.6750416159629822,0.6480656266212463,-0.060405753552913666,0.6723532676696777,0.674072802066803,-0.06143704801797867,0.6960504055023193,0.7032526731491089,-0.021525749936699867,0.7104228734970093,0.640753448009491,-0.04510177671909332,0.7212216854095459,0.6022719144821167,-0.05632101744413376,0.7300771474838257,0.5674737691879272,-0.060040514916181564,0.7191652059555054,0.7267143726348877,-0.029929161071777344,0.7419562935829163,0.6839918494224548,-0.04520110785961151,0.7615913152694702,0.6568518877029419,-0.05134696140885353,0.7775272130966187,0.6288341283798218,-0.054357752203941345
0.6763677000999451,0.8665906190872192,9.06327386474004e-08,0.6454397439956665,0.8335979580879211,-0.02020653709769249,0.6319611668586731,0.7777611017227173,-0.033492300659418106,0.630738377571106,0.7324639558792114,-0.04591148719191551,0.6488142013549805,0.7001194953918457,-0.05747826024889946,0.641985297203064,0.6917383074760437,-0.012551475316286087,0.6280111074447632,0.6217162013053894,-0.028690198436379433,0.6159409284591675,0.5764450430870056,-0.04023905098438263,0.6119323968887329,0.5353482961654663,-0.0498812235891819,0.6698035597801208,0.6918017864227295,-0.015888169407844543,0.6780368089675903,0.6285757422447205,-0.04760446771979332,0.6750296950340271,0.6481547951698303,-0.06208949163556099,0.6731053590774536,0.6738276481628418,-0.06339653581380844,0.6959896683692932,0.7036867737770081,-0.022382039576768875,0.7100943922996521,0.64091956615448,-0.045972052961587906,0.7211136817932129,0.6026312112808228,-0.05722357705235481,0.7299966216087341,0.5680736303329468,-0.06106710433959961,0.71918785572052,0.727358341217041,-0.03038792684674263,0.7419946789741516,0.6846203207969666,-0.045780379325151443,0.7617506980895996,0.6576938629150391,-0.051998320966959,0.7777640223503113,0.6299614310264587,-0.055087801069021225
0.676893413066864,0.8670095205307007,9.065224304549702e-08,0.6461206078529358,0.8353914022445679,-0.019859272986650467,0.6321748495101929,0.7787153720855713,-0.03293929249048233,0.6304503083229065,0.7328366041183472,-0.04515863209962845,0.6482553482055664,0.700331449508667,-0.05646734684705734,0.6422796845436096,0.6914397478103638,-0.012137790210545063,0.6282207369804382,0.6212190985679626,-0.027889542281627655,0.6161659955978394,0.5759074687957764,-0.03912178426980972,0.6121340990066528,0.5351042151451111,-0.04855455830693245,0.6700550317764282,0.6915125846862793,-0.015492895618081093,0.6780415177345276,0.6288397312164307,-0.04710209369659424,0.6748884320259094,0.6488297581672668,-0.061320651322603226,0.6730397939682007,0.6751381158828735,-0.062328409403562546,0.6963210105895996,0.7032698392868042,-0.021941738203167915,0.7102591395378113,0.6407294273376465,-0.04518517479300499,0.7211999297142029,0.6025557518005371,-0.055915385484695435,0.7301908731460571,0.5679417252540588,-0.05940944328904152,0.7197767496109009,0.7269270420074463,-0.02988840639591217,0.7427970170974731,0.6846767067909241,-0.04484183341264725,0.7623488903045654,0.6576406955718994,-0.050680555403232574,0.7782489657402039,0.6294524669647217,-0.05348991975188255
0.6773024797439575,0.8690707087516785,8.69933174385551e-08,0.6463969349861145,0.836263120174408,-0.01884307526051998,0.6324782371520996,0.7778961658477783,-0.031078603118658066,0.6308870911598206,0.7313124537467957,-0.0427764430642128,0.6494638323783875,0.7001478672027588,-0.05361926928162575,0.6431021094322205,0.6923060417175293,-0.009989692829549313,0.6289464831352234,0.6214574575424194,-0.024603473022580147,0.6172522902488708,0.5763083100318909,-0.03513210639357567,0.6134797930717468,0.5351316928863525,-0.04430472105741501,0.6705232858657837,0.6923078298568726,-0.013965076766908169,0.677803635597229,0.6298110485076904,-0.04525715857744217,0.6740387082099915,0.6489975452423096,-0.05964749678969383,0.6719270348548889,0.6752520799636841,-0.060774631798267365,0.6966915726661682,0.7040882110595703,-0.0209660567343235,0.7101688385009766,0.6418506503105164,-0.04407452419400215,0.7211284041404724,0.602927565574646,-0.05531447380781174,0.7305193543434143,0.5679351687431335,-0.059169795364141464,0.7200369238853455,0.7275365591049194,-0.029403315857052803,0.7432013154029846,0.6853653788566589,-0.044433124363422394,0.7629246711730957,0.6581975221633911,-0.05068926140666008,0.7792731523513794,0.6300350427627563,-0.053839318454265594
0.6768947243690491,0.8673841953277588,6.373395677883309e-08,0.6454752087593079,0.8338157534599304,-0.018348675221204758,0.6322748064994812,0.7752256989479065,-0.02996220998466015,0.6309354305267334,0.7294436097145081,-0.04099437966942787,0.6503973603248596,0.7010550498962402,-0.051214005798101425,0.6435123085975647,0.6911705732345581,-0.00969432108104229,0.6292560696601868,0.6209064722061157,-0.024604737758636475,0.6171348690986633,0.5767237544059753,-0.03533371910452843,0.6133622527122498,0.5357455015182495,-0.044577036052942276,0.6707265377044678,0.6920137405395508,-0.013954334892332554,0.6774636507034302,0.6296562552452087,-0.04533114284276962,0.6730005145072937,0.6506673693656921,-0.05954066663980484,0.6710460186004639,0.6775411367416382,-0.06047290936112404,0.6966986060142517,0.7044000029563904,-0.02130589261651039,0.7105559706687927,0.6414347887039185,-0.04480525106191635,0.7217264175415039,0.6024361848831177,-0.056546714156866074,0.7315909266471863,0.5669885873794556,-0.06063214689493179,0.7200460433959961,0.72829270362854,-0.029995989054441452,0.7428008317947388,0.6857133507728577,-0.04503680020570755,0.7627666592597961,0.6584374904632568,-0.05136026814579964,0.7794426083564758,0.6300027370452881,-0.05465683713555336
0.6766570806503296,0.866135835647583,6.457484857946838e-08,0.6461514830589294,0.8340421915054321,-0.019284794107079506,0.6326388120651245,0.7764766216278076,-0.031783394515514374,0.63083815574646,0.7307250499725342,-0.04357271268963814,0.6488448977470398,0.7004477977752686,-0.05448520928621292,0.6432705521583557,0.6920602917671204,-0.010892132297158241,0.6294453740119934,0.6218701004981995,-0.026367610320448875,0.6173456907272339,0.5775041580200195,-0.03726903349161148,0.6136873364448547,0.536501407623291,-0.04660135880112648,0.6704028248786926,0.6921972036361694,-0.014815205708146095,0.6766770482063293,0.6295818090438843,-0.04743954539299011,0.672243058681488,0.652263879776001,-0.06190171837806702,0.6705267429351807,0.6806854605674744,-0.06261622160673141,0.6965556144714355,0.7039275169372559,-0.021829867735505104,0.7099721431732178,0.6408323645591736,-0.0458512119948864,0.7212662100791931,0.602317214012146,-0.05715218558907509,0.7311935424804688,0.5674667358398438,-0.060765717178583145,0.7200049161911011,0.7273215651512146,-0.03025759756565094,0.7430117130279541,0.6852473020553589,-0.04541463404893875,0.7628199458122253,0.6582295298576355,-0.051480166614055634,0.7791401743888855,0.6299209594726562,-0.054479822516441345
0.6769225597381592,0.8667550683021545,6.976949151749068e-08,0.6453930139541626,0.8344333171844482,-0.018950235098600388,0.6319121718406677,0.7765733003616333,-0.031097199767827988,0.6310267448425293,0.7304801940917969,-0.04244155064225197,0.6500977873802185,0.7003105878829956,-0.05286618322134018,0.6435147523880005,0.6910437345504761,-0.010637069121003151,0.6295443177223206,0.6209341883659363,-0.026132354512810707,0.6171807646751404,0.5764482021331787,-0.03723108768463135,0.6132875680923462,0.5355105996131897,-0.046582382172346115,0.6707811951637268,0.691431999206543,-0.01446432713419199,0.6774475574493408,0.6288338303565979,-0.04580787941813469,0.6731226444244385,0.6506545543670654,-0.059591058641672134,0.6714856624603271,0.67854243516922,-0.060112614184617996,0.6969051957130432,0.7033823728561401,-0.021443530917167664,0.7105666399002075,0.6404686570167542,-0.0445130318403244,0.721613883972168,0.6020166277885437,-0.05540096014738083,0.7314507365226746,0.5668312311172485,-0.05890535190701485,0.720328688621521,0.7272167801856995,-0.029855508357286453,0.7434422969818115,0.6848311424255371,-0.04413870349526405,0.7630469799041748,0.6576213836669922,-0.04970981925725937,0.7791013121604919,0.6291518807411194,-0.05248279869556427
0.6769579648971558,0.866614580154419,7.26031785802661e-08,0.6459741592407227,0.8347638249397278,-0.018789812922477722,0.6326003670692444,0.7764635682106018,-0.030892567709088326,0.6319224834442139,0.7299915552139282,-0.04239442199468613,0.6501632332801819,0.6994753479957581,-0.053047675639390945,0.6432552337646484,0.6908970475196838,-0.01002455223351717,0.6295140385627747,0.6212854385375977,-0.024853290989995003,0.6173511743545532,0.577023446559906,-0.035415466874837875,0.6134699583053589,0.5361647605895996,-0.04455588012933731,0.6706365346908569,0.6912045478820801,-0.014040709473192692,0.6779744625091553,0.6277918815612793,-0.04569056257605553,0.6738175749778748,0.6493571996688843,-0.05985894426703453,0.6719757318496704,0.6769355535507202,-0.06056041643023491,0.696819007396698,0.7032934427261353,-0.0210821982473135,0.7108219861984253,0.6403430700302124,-0.04421907290816307,0.7219445705413818,0.6018868088722229,-0.055099617689847946,0.7317046523094177,0.5672624707221985,-0.058597009629011154,0.7201295495033264,0.7271733283996582,-0.029571764171123505,0.7433116436004639,0.6846725940704346,-0.044234272092580795,0.7631546258926392,0.6576499938964844,-0.050083886831998825,0.7795782685279846,0.6294164061546326,-0.05298350006341934
0.6770390272140503,0.8680896759033203,8.177705268508362e-08,0.646245539188385,0.8360905051231384,-0.018892349675297737,0.6329003572463989,0.777172863483429,-0.03096879832446575,0.6317432522773743,0.7302982807159424,-0.04242938011884689,0.6496605277061462,0.699681282043457,-0.05306742712855339,0.643446683883667,0.6916637420654297,-0.010083411820232868,0.6295608282089233,0.6216598153114319,-0.025090230628848076,0.6174807548522949,0.5766811370849609,-0.035986997187137604,0.6133928894996643,0.5355698466300964,-0.045276619493961334,0.6707505583763123,0.6918811202049255,-0.013927175663411617,0.6777513027191162,0.6293716430664062,-0.045142147690057755,0.6741631031036377,0.6489663124084473,-0.059335675090551376,0.6726629137992859,0.6752155423164368,-0.06025666370987892,0.6967313885688782,0.7038484215736389,-0.020823216065764427,0.7102689146995544,0.6410479545593262,-0.0439525805413723,0.7215240001678467,0.6019586324691772,-0.055031079798936844,0.7313726544380188,0.5667625069618225,-0.05866539105772972,0.7199362516403198,0.7276841402053833,-0.029155254364013672,0.7427664399147034,0.6845782399177551,-0.04392727091908455,0.7626634240150452,0.6572374701499939,-0.04979316517710686,0.7791466116905212,0.6290485858917236,-0.05265199765563011
0.6768420934677124,0.867318868637085,9.193850303290674e-08,0.6464390158653259,0.8344960808753967,-0.020075997337698936,0.633350670337677,0.7761915922164917,-0.03269583359360695,0.6319569945335388,0.7295869588851929,-0.0445515401661396,0.6499427556991577,0.6984716057777405,-0.05552494153380394,0.6428070068359375,0.6913069486618042,-0.010731722228229046,0.6290717124938965,0.6215660572052002,-0.025882279500365257,0.6172517538070679,0.5766280889511108,-0.03682304918766022,0.6134833097457886,0.5354984402656555,-0.0461888313293457,0.6704616546630859,0.691461980342865,-0.014097585342824459,0.6779032349586487,0.6284297704696655,-0.045708511024713516,0.6744710206985474,0.64806067943573,-0.0601997934281826,0.6728758215904236,0.6741769909858704,-0.06127726286649704,0.6968435645103455,0.7033863663673401,-0.020630711689591408,0.7105678915977478,0.6410111784934998,-0.044053226709365845,0.7218775749206543,0.6022961735725403,-0.055289376527071,0.7315017580986023,0.5675162076950073,-0.05899369716644287,0.72038733959198,0.7271497249603271,-0.02872844785451889,0.7433626651763916,0.6843225955963135,-0.04393316060304642,0.7633414268493652,0.6572192311286926,-0.05017141252756119,0.77982097864151,0.6291598677635193,-0.05323130264878273
0.6769819259643555,0.8678614497184753,8.52886117286289e-08,0.6459859013557434,0.8342130780220032,-0.018496675416827202,0.6328181624412537,0.7754903435707092,-0.030631860718131065,0.6317310333251953,0.7289649248123169,-0.04236242175102234,0.6501456499099731,0.6978667378425598,-0.05325167253613472,0.6437339186668396,0.691545844078064,-0.009237388148903847,0.6295110583305359,0.6215932369232178,-0.024318795651197433,0.6174370646476746,0.5768176913261414,-0.03524497151374817,0.6135579347610474,0.5360063314437866,-0.044548746198415756,0.6708643436431885,0.6919441223144531,-0.013400611467659473,0.6788212656974792,0.6292399168014526,-0.04459858313202858,0.6747406125068665,0.6486896872520447,-0.05888252332806587,0.6725443601608276,0.674675703048706,-0.05988197401165962,0.6970254778862,0.7037836313247681,-0.020685415714979172,0.7107387185096741,0.6406626105308533,-0.043841391801834106,0.7220667600631714,0.6016868352890015,-0.05492909625172615,0.7319275140762329,0.566592276096344,-0.05857398360967636,0.7203909158706665,0.7274417281150818,-0.029393242672085762,0.7430395483970642,0.6844263076782227,-0.04422961175441742,0.7630420327186584,0.657286524772644,-0.05008154734969139,0.7797131538391113,0.629392683506012,-0.052900530397892
0.6766945123672485,0.8665370941162109,7.227966847267453e-08,0.6457244157791138,0.8335148096084595,-0.018594227731227875,0.6324936747550964,0.7766016721725464,-0.0313057042658329,0.6308547854423523,0.7318318486213684,-0.043451596051454544,0.648870050907135,0.7004573941230774,-0.05479693040251732,0.6433125138282776,0.6904317140579224,-0.010724476538598537,0.6293880939483643,0.6209201812744141,-0.026357043534517288,0.6171897649765015,0.5767966508865356,-0.03758867457509041,0.6132652759552002,0.5361301898956299,-0.04709291085600853,0.6705016493797302,0.6913607120513916,-0.015114794485270977,0.6786360144615173,0.6280490756034851,-0.04697854071855545,0.6736021041870117,0.6497231721878052,-0.061173390597105026,0.6706454157829285,0.6772531867027283,-0.06200065463781357,0.696662187576294,0.7038259506225586,-0.022604534402489662,0.7114381790161133,0.6410030722618103,-0.045995455235242844,0.7222545742988586,0.6022403240203857,-0.056978195905685425,0.7315972447395325,0.5669126510620117,-0.060624077916145325,0.7196712493896484,0.7280056476593018,-0.031476255506277084,0.7426738739013672,0.6851621866226196,-0.04624681919813156,0.762313723564148,0.6576451659202576,-0.05194775015115738,0.7786287069320679,0.6287269592285156,-0.05481940135359764
0.6770861148834229,0.8665226697921753,7.619037489803304e-08,0.6457758545875549,0.8337173461914062,-0.0186917707324028,0.632572591304779,0.7765877842903137,-0.031163612380623817,0.6315364241600037,0.731285572052002,-0.04309878125786781,0.6492743492126465,0.6999949812889099,-0.05419328808784485,0.6428735852241516,0.6904979348182678,-0.010083047673106194,0.6289651989936829,0.6209774613380432,-0.025223013013601303,0.6170586943626404,0.576668918132782,-0.03599412739276886,0.6133605241775513,0.5361540913581848,-0.045231904834508896,0.6704416275024414,0.69106525182724,-0.014359080232679844,0.6787645816802979,0.6277076601982117,-0.046215225011110306,0.6743062734603882,0.6494234800338745,-0.06044168770313263,0.671710193157196,0.6769875884056091,-0.0611891970038414,0.6969247460365295,0.703208863735199,-0.021727273240685463,0.7111820578575134,0.6404948234558105,-0.04510349780321121,0.7220800518989563,0.6021114587783813,-0.05606171488761902,0.7314375638961792,0.5673134922981262,-0.05962495133280754,0.7202725410461426,0.7269654273986816,-0.030507681891322136,0.7430556416511536,0.6842657327651978,-0.04546354338526726,0.7626825571060181,0.6573103666305542,-0.05129338800907135,0.778915524482727,0.6291757822036743,-0.05414304509758949
0.6771929264068604,0.8673397302627563,7.562717030396016e-08,0.6456019282341003,0.8339757323265076,-0.017940206453204155,0.6325194835662842,0.7760329246520996,-0.02978859469294548,0.6319277882575989,0.7304573655128479,-0.041241247206926346,0.648963987827301,0.6995620727539062,-0.0518951453268528,0.6430407166481018,0.6910876035690308,-0.009558368474245071,0.6288342475891113,0.6208481192588806,-0.024303153157234192,0.6169717907905579,0.5761424899101257,-0.03480076044797897,0.6132006645202637,0.5355052351951599,-0.04383540898561478,0.6705704927444458,0.6916004419326782,-0.014010491780936718,0.6785890460014343,0.6292694807052612,-0.04530714824795723,0.6743022203445435,0.6494805216789246,-0.05953958258032799,0.6718173623085022,0.6757534146308899,-0.06054878234863281,0.6968121528625488,0.7035666704177856,-0.021464882418513298,0.7105027437210083,0.6410706043243408,-0.044779520481824875,0.7214202284812927,0.6025923490524292,-0.05606166645884514,0.7308481931686401,0.5678104162216187,-0.05992063879966736,0.7201757431030273,0.7270457148551941,-0.030235327780246735,0.7429599761962891,0.6842888593673706,-0.04528181254863739,0.7627078890800476,0.6574438810348511,-0.05131382867693901,0.7790099382400513,0.6297236084938049,-0.05431927368044853
0.6776422262191772,0.8670265674591064,6.637648652940698e-08,0.6457493305206299,0.8339837789535522,-0.0181035827845335,0.632623016834259,0.7760640978813171,-0.029876843094825745,0.6321534514427185,0.7304576635360718,-0.04115236923098564,0.6494127511978149,0.6999695897102356,-0.05160536989569664,0.6428152322769165,0.6914158463478088,-0.009782836772501469,0.6288553476333618,0.6213669180870056,-0.024758759886026382,0.616897702217102,0.5770556330680847,-0.03528551012277603,0.6132649779319763,0.5362606048583984,-0.044321343302726746,0.6703526973724365,0.6916900277137756,-0.014181933365762234,0.6780356168746948,0.62861168384552,-0.045974794775247574,0.6739131212234497,0.6498556733131409,-0.060230057686567307,0.6719372272491455,0.6768603920936584,-0.06106480583548546,0.6966315507888794,0.7036113142967224,-0.021600065752863884,0.7103272080421448,0.6408806443214417,-0.045383911579847336,0.7213451266288757,0.6023969650268555,-0.056861259043216705,0.730995774269104,0.5674928426742554,-0.06069427356123924,0.720033586025238,0.7269214391708374,-0.03031083382666111,0.7427492737770081,0.6843740940093994,-0.045635540038347244,0.7624918222427368,0.6575958132743835,-0.05181292071938515,0.7787970900535583,0.6296565532684326,-0.05488342046737671
0.6777029037475586,0.8667923212051392,8.148759889081703e-08,0.6461957693099976,0.8343563079833984,-0.018276873975992203,0.6322471499443054,0.7783612012863159,-0.03057059273123741,0.6305713653564453,0.7336459159851074,-0.042385272681713104,0.6464827656745911,0.7014775276184082,-0.053401511162519455,0.643043041229248,0.6915011405944824,-0.010999833233654499,0.6287422776222229,0.6213250160217285,-0.026395222172141075,0.6165257692337036,0.5766696929931641,-0.03758648410439491,0.6121306419372559,0.5360671877861023,-0.04701681435108185,0.6704722046852112,0.6915680170059204,-0.01526603288948536,0.6775743365287781,0.6287875175476074,-0.04599188640713692,0.6743568181991577,0.6464033126831055,-0.06043741852045059,0.6724475622177124,0.6706225275993347,-0.06207150220870972,0.6966898441314697,0.7033451795578003,-0.022494226694107056,0.7099817991256714,0.6409695148468018,-0.04515524581074715,0.7211394906044006,0.6025888323783875,-0.05627855658531189,0.730548083782196,0.568067729473114,-0.060345858335494995,0.720176637172699,0.7268684506416321,-0.031137196347117424,0.7428780794143677,0.6843444108963013,-0.04591268301010132,0.7625203728675842,0.6574505567550659,-0.051925819367170334,0.7787290215492249,0.629898726940155,-0.05498584732413292
0.6774965524673462,0.8669585585594177,7.820718650464187e-08,0.6456997394561768,0.8340177536010742,-0.018212856724858284,0.6322004795074463,0.7767261266708374,-0.029948433861136436,0.6304751038551331,0.7308054566383362,-0.04112910479307175,0.6481287479400635,0.7005320191383362,-0.051430199295282364,0.6430913209915161,0.6916092038154602,-0.010059431195259094,0.6290306448936462,0.6216250061988831,-0.02523713931441307,0.6166855692863464,0.5769788026809692,-0.0360712893307209,0.6124769449234009,0.5362124443054199,-0.04523087292909622,0.6706070899963379,0.6915041208267212,-0.01418379694223404,0.67872154712677,0.6273062229156494,-0.044999878853559494,0.6747305393218994,0.6459416747093201,-0.05894967541098595,0.6721905469894409,0.6719356775283813,-0.05987011268734932,0.6967869400978088,0.7032449245452881,-0.02133881486952305,0.7106382846832275,0.640961229801178,-0.04416033625602722,0.7212123870849609,0.6027067303657532,-0.05518941953778267,0.73021000623703,0.5683372020721436,-0.05891050398349762,0.7199844121932983,0.7266395688056946,-0.029899729415774345,0.7428672909736633,0.6846829652786255,-0.044502392411231995,0.7622860074043274,0.6577266454696655,-0.05048801004886627,0.778319776058197,0.6299675107002258,-0.05349321290850639
0.676703691482544,0.8667826056480408,8.219463865088983e-08,0.6454266905784607,0.8333001136779785,-0.01839158870279789,0.6321743130683899,0.7757501006126404,-0.030586710199713707,0.6306458711624146,0.7298353314399719,-0.04234500229358673,0.6496504545211792,0.6996942162513733,-0.05324550345540047,0.6430115103721619,0.6908749938011169,-0.009674289263784885,0.6289592385292053,0.6207720637321472,-0.024698873981833458,0.6166437268257141,0.5762605667114258,-0.03554068133234978,0.6125996708869934,0.5354716777801514,-0.04486463591456413,0.6703804135322571,0.6914915442466736,-0.014012360945343971,0.6783215403556824,0.6282638311386108,-0.04534897953271866,0.6738090515136719,0.647553026676178,-0.05973983556032181,0.671097457408905,0.6736205220222473,-0.06087551265954971,0.696582555770874,0.7035560607910156,-0.02140195108950138,0.7105417251586914,0.6412400603294373,-0.044303011149168015,0.7212515473365784,0.6025638580322266,-0.05536527559161186,0.7304224967956543,0.5677633881568909,-0.05912886559963226,0.7199815511703491,0.7273132801055908,-0.030245963484048843,0.7427740097045898,0.6849633455276489,-0.04475507512688637,0.7622268199920654,0.6576737761497498,-0.05066404119133949,0.7783185839653015,0.6295650601387024,-0.053660377860069275
