0,1,2,3,4,5,6,7,8,9,10,11,12,13,14,15,16,17,18,19,20,21,22,23,24,25,26,27,28,29,30,31,32,33,34,35,36,37,38,39,40,41,42,43,44,45,46,47,48,49,50,51,52,53,54,55,56,57,58,59,60,61,62
0.7019431591033936,0.6572679281234741,-2.1829428931141592e-07,0.6792318820953369,0.597955584526062,0.005286213476210833,0.6341201066970825,0.5529186129570007,0.005437260493636131,0.6000289916992188,0.5269831418991089,0.004885869100689888,0.5746379494667053,0.5230484008789062,0.0033657450694590807,0.6069372296333313,0.5323114395141602,-0.01360916718840599,0.549071729183197,0.5318848490715027,-0.025951653718948364,0.5123645067214966,0.5307052135467529,-0.03393228352069855,0.48285073041915894,0.5302332639694214,-0.04016982018947601,0.6078235507011414,0.5631118416786194,-0.021830571815371513,0.5526877641677856,0.5993975400924683,-0.03421759232878685,0.5698269009590149,0.6094094514846802,-0.03266988694667816,0.5903515815734863,0.6033393144607544,-0.031522318720817566,0.6107944250106812,0.6023668050765991,-0.029226357117295265,0.5648771524429321,0.6357009410858154,-0.03935181722044945,0.5820134878158569,0.6411712169647217,-0.03046073019504547,0.5993387699127197,0.6319535970687866,-0.024403315037488937,0.615751326084137,0.6424223184585571,-0.03639194369316101,0.5805248618125916,0.6657832264900208,-0.04260459914803505,0.5953603386878967,0.6692158579826355,-0.03580879420042038,0.6108406186103821,0.6620678901672363,-0.03036690130829811
0.7029816508293152,0.6592667102813721,-2.258708207136806e-07,0.6805814504623413,0.599031388759613,0.006258498411625624,0.6364785432815552,0.5528190732002258,0.007159331813454628,0.6029481291770935,0.5255051255226135,0.0070886872708797455,0.5773035287857056,0.5219634175300598,0.006068212445825338,0.6081607341766357,0.5326062440872192,-0.011093647219240665,0.5507698655128479,0.5316643714904785,-0.022844569757580757,0.514165461063385,0.530723512172699,-0.030566144734621048,0.48467081785202026,0.5305551290512085,-0.036628637462854385,0.6079051494598389,0.5627981424331665,-0.019396748393774033,0.5529478192329407,0.5985943675041199,-0.031239597126841545,0.5696285963058472,0.6095314621925354,-0.02964712865650654,0.589991569519043,0.6043204069137573,-0.028361031785607338,0.609998881816864,0.6017504930496216,-0.026892604306340218,0.5651659369468689,0.6349539756774902,-0.036302052438259125,0.5819727778434753,0.6408098936080933,-0.02751198597252369,0.5991538166999817,0.6320688128471375,-0.021585822105407715,0.6143289804458618,0.6416453719139099,-0.03415141999721527,0.5811249613761902,0.6650243997573853,-0.03983773663640022,0.5956817269325256,0.6691648364067078,-0.033248499035835266,0.6106353998184204,0.6623640060424805,-0.027966022491455078
0.7025630474090576,0.6599906086921692,-2.24740460907924e-07,0.6804625988006592,0.6002035737037659,0.006813380867242813,0.635805070400238,0.5549555420875549,0.008041861467063427,0.6021586060523987,0.5274556279182434,0.008379697799682617,0.5780692100524902,0.5213726758956909,0.007689667399972677,0.6079961657524109,0.5332857966423035,-0.011948352679610252,0.5499187707901001,0.5327792167663574,-0.023640695959329605,0.5131836533546448,0.5310498476028442,-0.03143889829516411,0.48346439003944397,0.5296664237976074,-0.03765455260872841,0.6080235242843628,0.5639523863792419,-0.020279334858059883,0.5532379746437073,0.5988993048667908,-0.03156380355358124,0.570050060749054,0.6092119216918945,-0.02962457202374935,0.5902414917945862,0.6037250757217407,-0.02840564027428627,0.6102059483528137,0.6030930280685425,-0.027634473517537117,0.564777672290802,0.6349457502365112,-0.036642685532569885,0.5816571712493896,0.641028106212616,-0.027483243495225906,0.5989927649497986,0.6326074600219727,-0.021514831110835075,0.6145157814025879,0.6431284546852112,-0.03467002511024475,0.5800841450691223,0.6649336814880371,-0.040273841470479965,0.5946261286735535,0.6692224144935608,-0.033396024256944656,0.6098293662071228,0.6629520654678345,-0.027997413650155067
0.7031022906303406,0.6582637429237366,-2.239761869304857e-07,0.6807873845100403,0.5990108251571655,0.006614231504499912,0.6369484663009644,0.5533033609390259,0.007613633293658495,0.603941798210144,0.5248692035675049,0.007768203038722277,0.5785130262374878,0.5211890935897827,0.006954992655664682,0.6081339716911316,0.5332177877426147,-0.012278872542083263,0.5503222942352295,0.5323491096496582,-0.0242950227111578,0.5135449171066284,0.5308082699775696,-0.03240916132926941,0.4837219715118408,0.5300712585449219,-0.038834962993860245,0.6081317067146301,0.563505232334137,-0.020828112959861755,0.5525256395339966,0.5985609292984009,-0.03227521479129791,0.5693790912628174,0.6087058186531067,-0.03040575236082077,0.5897648930549622,0.60313481092453,-0.02924613654613495,0.6104080677032471,0.6026809215545654,-0.02846074476838112,0.5645058155059814,0.6348673105239868,-0.037446409463882446,0.5814231634140015,0.6404204964637756,-0.02824709378182888,0.5987734794616699,0.6315429210662842,-0.02235405705869198,0.6149929165840149,0.6426159739494324,-0.035832203924655914,0.5809469223022461,0.6652635931968689,-0.041427262127399445,0.595594584941864,0.6688594222068787,-0.03457501158118248,0.610730767250061,0.6620702743530273,-0.02926996909081936
0.7034622430801392,0.6600886583328247,-2.2440187308347959e-07,0.6820728182792664,0.6009337306022644,0.005792095325887203,0.637901782989502,0.554474413394928,0.006340676452964544,0.604522168636322,0.5256189703941345,0.006153834983706474,0.5784955024719238,0.5210420489311218,0.0050458479672670364,0.6093738675117493,0.5332918167114258,-0.013171790167689323,0.5511001944541931,0.5320059657096863,-0.025659190490841866,0.5141745209693909,0.53046715259552,-0.03408869355916977,0.4843514859676361,0.5301539897918701,-0.040720995515584946,0.6095659136772156,0.5634523630142212,-0.021480906754732132,0.5542682409286499,0.5995768308639526,-0.03353096917271614,0.5713092088699341,0.6094746589660645,-0.03202683851122856,0.591447651386261,0.6031440496444702,-0.031179111450910568,0.6115089058876038,0.6026263236999512,-0.028970759361982346,0.5652207136154175,0.6352945566177368,-0.03845486044883728,0.5822238326072693,0.6412365436553955,-0.02908613532781601,0.5993908643722534,0.6322218179702759,-0.023078622296452522,0.6153584718704224,0.6428480744361877,-0.03628777340054512,0.5804782509803772,0.6657493114471436,-0.04224399849772453,0.5951662659645081,0.6698004603385925,-0.035324811935424805,0.6103097200393677,0.6629360914230347,-0.029952138662338257
0.7043486833572388,0.659382164478302,-2.3194736797904625e-07,0.6818536520004272,0.6010432839393616,0.006840473506599665,0.6374114751815796,0.5558304190635681,0.007735363207757473,0.6045116186141968,0.5276615619659424,0.007740627508610487,0.5800246000289917,0.5222610235214233,0.006793382111936808,0.6090750694274902,0.5339767336845398,-0.012729037553071976,0.5509786605834961,0.5330763459205627,-0.025346670299768448,0.5140829682350159,0.5310573577880859,-0.03383547067642212,0.48427414894104004,0.5299535989761353,-0.04045319929718971,0.6097683310508728,0.5646815299987793,-0.021454550325870514,0.5531712174415588,0.5999496579170227,-0.03388555347919464,0.570509135723114,0.6101192235946655,-0.032394055277109146,0.5912330150604248,0.6044818162918091,-0.031291425228118896,0.6122938990592957,0.6038481593132019,-0.02921055443584919,0.5649211406707764,0.6366233825683594,-0.039264995604753494,0.5824407935142517,0.6424757242202759,-0.0301816463470459,0.600346565246582,0.6334806084632874,-0.024013986811041832,0.6167953014373779,0.6436862945556641,-0.036602143198251724,0.5810092687606812,0.6670289635658264,-0.043057288974523544,0.595950186252594,0.6707597374916077,-0.03641263768076897,0.6116063594818115,0.6633765697479248,-0.031045839190483093
0.7042029500007629,0.6600285172462463,-2.2211784767023346e-07,0.6819885969161987,0.600971519947052,0.006073758006095886,0.6379785537719727,0.5552782416343689,0.006404022220522165,0.6047492623329163,0.5274814963340759,0.005949364975094795,0.5796738862991333,0.5227320194244385,0.0044711497612297535,0.6093270778656006,0.5332013964653015,-0.013554795645177364,0.5515488386154175,0.532884955406189,-0.026121502742171288,0.5147587060928345,0.5310100317001343,-0.034642543643713,0.4847702980041504,0.530064046382904,-0.041406307369470596,0.6099646091461182,0.5635720491409302,-0.022051826119422913,0.5539607405662537,0.5997434258460999,-0.034226976335048676,0.5707684755325317,0.6097259521484375,-0.0326622910797596,0.5909631848335266,0.6039775609970093,-0.03175443038344383,0.6126028299331665,0.6029143929481506,-0.029628099873661995,0.5654163360595703,0.636258602142334,-0.03930998221039772,0.5823208093643188,0.6420024633407593,-0.029980940744280815,0.5997474789619446,0.6332460641860962,-0.023937739431858063,0.6171930432319641,0.6431819200515747,-0.03694774582982063,0.5811300873756409,0.6671091914176941,-0.04313815385103226,0.595779299736023,0.6708835363388062,-0.03627977892756462,0.6112253069877625,0.6637789607048035,-0.030911047011613846
0.7051154375076294,0.6601081490516663,-2.2106831920609693e-07,0.682572603225708,0.6013504266738892,0.0063249496743083,0.6375776529312134,0.5562514066696167,0.006816386245191097,0.6041336059570312,0.5293834209442139,0.0064935567788779736,0.5799655914306641,0.5245828628540039,0.005197562277317047,0.6095382571220398,0.5339233875274658,-0.012850583530962467,0.5519511699676514,0.5330327153205872,-0.02514755167067051,0.5153047442436218,0.5311242341995239,-0.033283334225416183,0.48568710684776306,0.5306806564331055,-0.03966492414474487,0.6095395088195801,0.5646290183067322,-0.021480930969119072,0.5537897348403931,0.6000174283981323,-0.033273402601480484,0.5710296034812927,0.609969973564148,-0.03136983513832092,0.5915919542312622,0.6045525074005127,-0.030163239687681198,0.6119568347930908,0.604041576385498,-0.029226163402199745,0.5656763911247253,0.6364926695823669,-0.038701385259628296,0.5830218195915222,0.641968309879303,-0.029433444142341614,0.6004445552825928,0.6333332061767578,-0.02339065633714199,0.6167035698890686,0.6442772746086121,-0.03669754043221474,0.5818530321121216,0.6670268774032593,-0.042506106197834015,0.5967177152633667,0.6705242991447449,-0.035565417259931564,0.6119597554206848,0.6637202501296997,-0.030182894319295883
0.7043421864509583,0.662248969078064,-2.0186870131055912e-07,0.6828603148460388,0.602415919303894,0.004674592986702919,0.6386551260948181,0.5560828447341919,0.004409349989145994,0.6047142744064331,0.5283375978469849,0.003373249899595976,0.5796302556991577,0.5245794653892517,0.001299363560974598,0.6104583144187927,0.5342358946800232,-0.013279247097671032,0.5528019666671753,0.5335372090339661,-0.024976033717393875,0.5161163210868835,0.5310300588607788,-0.03257295489311218,0.4862144887447357,0.5295758247375488,-0.03879635035991669,0.6096138954162598,0.5648462772369385,-0.021259378641843796,0.5546239018440247,0.6009659171104431,-0.033601272851228714,0.5709314346313477,0.6114538311958313,-0.032120998948812485,0.5909126996994019,0.6063567399978638,-0.03104548342525959,0.6112061738967896,0.6041772961616516,-0.028450433164834976,0.5664870738983154,0.6370951533317566,-0.038204360753297806,0.5829334259033203,0.6429606676101685,-0.029132826253771782,0.5998578071594238,0.6347808241844177,-0.023165106773376465,0.6148737072944641,0.6444616913795471,-0.03558168187737465,0.5811415910720825,0.667615532875061,-0.041592683643102646,0.5955877304077148,0.6719663143157959,-0.03491329401731491,0.6105275750160217,0.6654678583145142,-0.029653307050466537
0.707890510559082,0.6639858484268188,-1.5472227232748992e-07,0.6835469603538513,0.6061158776283264,-1.8115772036253475e-05,0.634924054145813,0.5635902881622314,-0.001909051090478897,0.5962338447570801,0.5439059734344482,-0.00432383781298995,0.5669332146644592,0.54410320520401,-0.007244485896080732,0.6090020537376404,0.5392124652862549,-0.012942100875079632,0.5521845817565918,0.5350719094276428,-0.026233743876218796,0.5143119096755981,0.5300914645195007,-0.03431859239935875,0.48419588804244995,0.5266684889793396,-0.04055364802479744,0.6079803109169006,0.5691900253295898,-0.020026227459311485,0.5548130869865417,0.6102330684661865,-0.035885654389858246,0.5711989998817444,0.6224276423454285,-0.0359078049659729,0.5915489196777344,0.615479052066803,-0.03470321744680405,0.6094944477081299,0.608633816242218,-0.027202904224395752,0.5663208365440369,0.6468817591667175,-0.04106602817773819,0.58326655626297,0.6540601849555969,-0.033198777586221695,0.5997907519340515,0.6431918740272522,-0.02675556391477585,0.6141302585601807,0.64963698387146,-0.034815963357686996,0.5820754170417786,0.6757718920707703,-0.04380633682012558,0.5975741744041443,0.6815545558929443,-0.03794277086853981,0.6129503846168518,0.6744577884674072,-0.032336339354515076
0.7050816416740417,0.6795847415924072,-1.1899979313056974e-07,0.6778923273086548,0.623355507850647,-0.001803113496862352,0.6244523525238037,0.5827052593231201,-0.004273742903023958,0.5815796256065369,0.5680967569351196,-0.007109410595148802,0.5511304140090942,0.5797885060310364,-0.010519692674279213,0.602118194103241,0.5555649399757385,-0.014248657040297985,0.545172929763794,0.5469903349876404,-0.02889869548380375,0.5066908597946167,0.5406357645988464,-0.037033192813396454,0.4762701690196991,0.5358873605728149,-0.043203651905059814,0.6016489267349243,0.5848994851112366,-0.02116435579955578,0.5484961271286011,0.634583592414856,-0.03943322226405144,0.5651155710220337,0.6493407487869263,-0.039386603981256485,0.5849108695983887,0.6422656774520874,-0.03770219907164574,0.6045519113540649,0.6259251236915588,-0.028512107208371162,0.5635851621627808,0.6730942130088806,-0.0454077273607254,0.581673800945282,0.6804880499839783,-0.03764478489756584,0.59757000207901,0.6681605577468872,-0.03067948669195175,0.6105837225914001,0.6692604422569275,-0.036372631788253784,0.582417905330658,0.7023200988769531,-0.04840623959898949,0.5996583104133606,0.7093837857246399,-0.043433498591184616,0.6141830086708069,0.7009648680686951,-0.03789390251040459
0.6977813243865967,0.7027828097343445,-1.62003985337833e-07,0.6652884483337402,0.6463543176651001,0.0022756396792829037,0.6067518591880798,0.6094613671302795,-0.00040310111944563687,0.5590015053749084,0.6040825843811035,-0.004615375306457281,0.5267951488494873,0.6237403750419617,-0.010081357322633266,0.5855937004089355,0.5803009867668152,-0.008347781375050545,0.5284256935119629,0.5807108879089355,-0.02290036901831627,0.4951518177986145,0.5925418138504028,-0.033523738384246826,0.4726259708404541,0.6049257516860962,-0.040327515453100204,0.5860537886619568,0.6117161512374878,-0.01605067402124405,0.5278515815734863,0.6516830921173096,-0.028182897716760635,0.5254829525947571,0.6698293089866638,-0.03167632594704628,0.5289484262466431,0.6723734140396118,-0.03459952771663666,0.5900573134422302,0.6519528031349182,-0.02358495630323887,0.5425076484680176,0.6897494792938232,-0.03468446433544159,0.5514042377471924,0.6970248818397522,-0.028698090463876724,0.5632074475288391,0.6924102306365967,-0.024157335981726646,0.596778392791748,0.6932746171951294,-0.030990591272711754,0.5555502772331238,0.7158836126327515,-0.038118280470371246,0.5635775923728943,0.7215156555175781,-0.03104698285460472,0.5744235515594482,0.7185203433036804,-0.024626202881336212
0.6948718428611755,0.7237513661384583,-6.821534270784468e-08,0.6553876996040344,0.6667903065681458,0.0038117102812975645,0.598672091960907,0.6390334367752075,0.002683111233636737,0.5539510846138,0.6350400447845459,-0.0006790935876779258,0.5234102010726929,0.6488352417945862,-0.0047887591645121574,0.5696139335632324,0.6316402554512024,-0.003942582756280899,0.5108699798583984,0.6363433599472046,-0.015233221463859081,0.49004822969436646,0.6435596942901611,-0.023211760446429253,0.4832508862018585,0.6481161713600159,-0.027756676077842712,0.571769118309021,0.6635446548461914,-0.011246811598539352,0.5190415978431702,0.6877835988998413,-0.01778772659599781,0.5236809253692627,0.6927105784416199,-0.019231488928198814,0.536838710308075,0.6875945329666138,-0.021076031029224396,0.5806704163551331,0.7007590532302856,-0.01841045171022415,0.5423107147216797,0.7263535857200623,-0.022761547937989235,0.5528740882873535,0.7274500727653503,-0.01638200506567955,0.567472517490387,0.7182169556617737,-0.01352372020483017,0.5936984419822693,0.7382169961929321,-0.02574058063328266,0.5659113526344299,0.7571810483932495,-0.028024684637784958,0.5776597261428833,0.7575434446334839,-0.020792540162801743,0.5916078686714172,0.7525156736373901,-0.015442865900695324
0.76202791929245,0.6309824585914612,2.791465476548183e-07,0.7449573278427124,0.5774682760238647,-0.001547043095342815,0.7051090002059937,0.5374568700790405,-0.010098827071487904,0.6648341417312622,0.5372475981712341,-0.0194326713681221,0.6396006941795349,0.5493682622909546,-0.030004989355802536,0.6972637176513672,0.5001896023750305,-0.02697555162012577,0.6360623240470886,0.481564998626709,-0.04489933326840401,0.5988526344299316,0.4707745313644409,-0.054756827652454376,0.5700467228889465,0.46260684728622437,-0.06029052287340164,0.6930848360061646,0.5285068154335022,-0.03663250803947449,0.6237266659736633,0.5122519731521606,-0.05562541261315346,0.5808448195457458,0.4984181821346283,-0.06554415822029114,0.5473536849021912,0.4863746166229248,-0.07114706933498383,0.6899679899215698,0.5661715865135193,-0.044482480734586716,0.6311762928962708,0.5933123826980591,-0.060578446835279465,0.6460800766944885,0.6052693724632263,-0.05785205960273743,0.6641888618469238,0.6017178297042847,-0.052032653242349625,0.6876024007797241,0.6084814071655273,-0.05223104730248451,0.6444814801216125,0.6309424042701721,-0.06183583289384842,0.6582680940628052,0.6373738050460815,-0.0554468147456646,0.6750186681747437,0.6315497756004333,-0.04794800281524658
0.7707070112228394,0.6354981064796448,1.6655819479183265e-07,0.749208927154541,0.5772718191146851,0.0034848542418330908,0.7078342437744141,0.5403022766113281,-0.0034305534791201353,0.6665186882019043,0.5473722219467163,-0.013001610524952412,0.6430513262748718,0.5669060349464417,-0.02389632537961006,0.6948188543319702,0.495291531085968,-0.01824125647544861,0.6345646977424622,0.47860249876976013,-0.035896074026823044,0.5983307957649231,0.46733444929122925,-0.04678549990057945,0.5688682794570923,0.45931029319763184,-0.05324473977088928,0.6928133964538574,0.5230091214179993,-0.030458223074674606,0.624656081199646,0.5064894556999207,-0.04801143705844879,0.5818914771080017,0.4917100667953491,-0.058669377118349075,0.5466639399528503,0.47888338565826416,-0.06544314324855804,0.6916431188583374,0.5613051652908325,-0.04098661616444588,0.6285154819488525,0.5888790488243103,-0.05600423365831375,0.6468321084976196,0.6051003336906433,-0.053553175181150436,0.6678934097290039,0.6030981540679932,-0.048291441053152084,0.6909098029136658,0.6049580574035645,-0.05121196433901787,0.6426010727882385,0.6295629739761353,-0.059738870710134506,0.6563089489936829,0.6391901969909668,-0.05327809974551201,0.6736328601837158,0.634543240070343,-0.046137113124132156
0.7730931043624878,0.6361663937568665,1.2863658582773496e-07,0.7518741488456726,0.5744447708129883,0.002630047732964158,0.7110912799835205,0.5312450528144836,-0.0038451063446700573,0.669092059135437,0.5284663438796997,-0.012495775707066059,0.6424093246459961,0.5400235056877136,-0.022247176617383957,0.6951147317886353,0.491384893655777,-0.018578553572297096,0.6340697407722473,0.4740672707557678,-0.035018086433410645,0.5978347063064575,0.4639582633972168,-0.044243741780519485,0.5693879127502441,0.4560146927833557,-0.04922720417380333,0.6927307844161987,0.520045280456543,-0.029187116771936417,0.6220855712890625,0.505029022693634,-0.04565870016813278,0.5808697938919067,0.49133771657943726,-0.054220881313085556,0.548321008682251,0.4779365360736847,-0.059182584285736084,0.6917312145233154,0.5581269860267639,-0.03824017196893692,0.6295645833015442,0.5880077481269836,-0.05271264165639877,0.6466343402862549,0.6023801565170288,-0.05064322054386139,0.6675381064414978,0.599541425704956,-0.04555151239037514,0.6910502910614014,0.6014436483383179,-0.046942032873630524,0.6425153613090515,0.6255242824554443,-0.054747581481933594,0.6563601493835449,0.6342617869377136,-0.048689354211091995,0.6746979355812073,0.6290773749351501,-0.041823603212833405
0.7733202576637268,0.6362590789794922,1.0969697683549384e-07,0.7508182525634766,0.5722150206565857,0.004378878511488438,0.7091675996780396,0.5291996598243713,-0.0015594057040289044,0.66880863904953,0.5263142585754395,-0.010134614072740078,0.6438149213790894,0.5368006825447083,-0.019969211891293526,0.6947648525238037,0.48927175998687744,-0.018407098948955536,0.633537769317627,0.4736788868904114,-0.035209860652685165,0.5977336764335632,0.4642581343650818,-0.04511157050728798,0.5692826509475708,0.4564289152622223,-0.05070256441831589,0.6928542256355286,0.5211981534957886,-0.03031819313764572,0.6236174702644348,0.5054950714111328,-0.04701602831482887,0.5828297138214111,0.49141523241996765,-0.055960848927497864,0.5501329302787781,0.47788166999816895,-0.06146717444062233,0.6923995614051819,0.5607798099517822,-0.04051928594708443,0.631359875202179,0.5858681201934814,-0.05505942925810814,0.6488567590713501,0.5994221568107605,-0.05291181802749634,0.6699978709220886,0.5967764854431152,-0.04788605496287346,0.6925564408302307,0.604124128818512,-0.05025292560458183,0.6444124579429626,0.6228368878364563,-0.05813134089112282,0.6581995487213135,0.6305659413337708,-0.05180041491985321,0.6770117878913879,0.6256189346313477,-0.04478399083018303
0.7763051986694336,0.6359042525291443,1.1368864960559222e-07,0.7539269924163818,0.57292240858078,0.005312884692102671,0.7101943492889404,0.532395601272583,0.0013634602073580027,0.6695851683616638,0.5351790189743042,-0.005409757606685162,0.6454469561576843,0.5510751008987427,-0.013129369355738163,0.6934018135070801,0.48827317357063293,-0.012499475851655006,0.6321443319320679,0.47221308946609497,-0.02676129713654518,0.5961490273475647,0.46279191970825195,-0.03516712412238121,0.5675252079963684,0.4556155800819397,-0.03966447710990906,0.6887515187263489,0.5175122022628784,-0.02340862527489662,0.6211045980453491,0.5033214092254639,-0.037454117089509964,0.5806114077568054,0.49081113934516907,-0.04563923925161362,0.5479859113693237,0.4782867729663849,-0.05045187473297119,0.6863468885421753,0.5550526976585388,-0.03275974094867706,0.6314890384674072,0.5857049822807312,-0.0439673475921154,0.6482095718383789,0.6001668572425842,-0.042602621018886566,0.6674730777740479,0.5973899364471436,-0.0385245606303215,0.6848977208137512,0.5969278812408447,-0.04184241592884064,0.6430497169494629,0.6204503774642944,-0.04636725038290024,0.6561715006828308,0.630307674407959,-0.04034583270549774,0.6728243231773376,0.6263279318809509,-0.033944353461265564
0.7712874412536621,0.6328477263450623,8.61456399547933e-08,0.7465487122535706,0.5688262581825256,0.007262720260769129,0.7028663158416748,0.5273609757423401,0.0033497102558612823,0.6639149785041809,0.5229966640472412,-0.0035823662765324116,0.6387490034103394,0.5356940031051636,-0.01172318123281002,0.6866050362586975,0.4860643446445465,-0.013793829828500748,0.6229966878890991,0.4731007516384125,-0.028317350894212723,0.5862287282943726,0.4661611318588257,-0.03685339167714119,0.5567886829376221,0.46049267053604126,-0.041634414345026016,0.6836349368095398,0.5167990922927856,-0.026093797758221626,0.6137105226516724,0.5059708952903748,-0.04041195288300514,0.5720643401145935,0.4959748089313507,-0.04868374392390251,0.5384848117828369,0.48547524213790894,-0.053876616060733795,0.6832717657089233,0.5551648139953613,-0.03647017106413841,0.6266821622848511,0.5859917998313904,-0.048147790133953094,0.6434159278869629,0.598361611366272,-0.046895042061805725,0.6631011366844177,0.5937411785125732,-0.04320643097162247,0.6839280724525452,0.597687840461731,-0.046278540045022964,0.6405231356620789,0.6208624243736267,-0.05167818069458008,0.6534371376037598,0.6289525032043457,-0.04588879272341728,0.6707616448402405,0.6230541467666626,-0.039741337299346924
0.7712704539299011,0.6339996457099915,8.819336727583504e-08,0.7459638118743896,0.5698122382164001,0.0073194499127566814,0.7013512849807739,0.5293488502502441,0.003461312735453248,0.6629273295402527,0.5272721648216248,-0.0038679668214172125,0.6378752589225769,0.5421692132949829,-0.012573987245559692,0.6837227940559387,0.48719483613967896,-0.011187383905053139,0.6207500100135803,0.4748114049434662,-0.02447512559592724,0.5848861932754517,0.46908697485923767,-0.0321861132979393,0.5561847686767578,0.4640064835548401,-0.03640487790107727,0.6810668706893921,0.5178463459014893,-0.024106668308377266,0.6109669804573059,0.5074955821037292,-0.03699318319559097,0.5694177150726318,0.49783769249916077,-0.04478689655661583,0.5355448126792908,0.4867499768733978,-0.04977445304393768,0.6813746094703674,0.5568923950195312,-0.035346757620573044,0.6259021759033203,0.5879126787185669,-0.046881578862667084,0.643379271030426,0.6001523733139038,-0.046344928443431854,0.663217306137085,0.5945632457733154,-0.043120190501213074,0.6825674176216125,0.6003742218017578,-0.045977938920259476,0.6387773752212524,0.6225767135620117,-0.05145629122853279,0.6526609659194946,0.6302902698516846,-0.04558561369776726,0.6707074046134949,0.6245587468147278,-0.03943342715501785
0.770164966583252,0.6353187561035156,6.704781441158048e-08,0.7443574070930481,0.5714191198348999,0.006828118581324816,0.6987397074699402,0.5292163491249084,0.0035272713284939528,0.6586073040962219,0.523452639579773,-0.0028050667606294155,0.6315147876739502,0.5327724814414978,-0.010233315639197826,0.6823647618293762,0.4880433976650238,-0.011973230168223381,0.6191015839576721,0.47584691643714905,-0.02547330968081951,0.582537055015564,0.47042301297187805,-0.032999202609062195,0.5531668663024902,0.46590667963027954,-0.036886341869831085,0.6795061826705933,0.518820583820343,-0.02396552264690399,0.6091809868812561,0.5093579888343811,-0.03713565692305565,0.5676433444023132,0.5003934502601624,-0.044432785362005234,0.5334588289260864,0.48996442556381226,-0.048793185502290726,0.6794625520706177,0.5572527647018433,-0.03431367874145508,0.6244872212409973,0.5898829102516174,-0.04601937532424927,0.6417179107666016,0.6014112234115601,-0.04537816345691681,0.6614449620246887,0.5952643752098083,-0.04191463440656662,0.6800593137741089,0.5998682379722595,-0.044083695858716965,0.6372835636138916,0.6228787302970886,-0.04984525591135025,0.650812566280365,0.6308445930480957,-0.04431658238172531,0.6685793995857239,0.6252699494361877,-0.03820476308465004
0.7699843645095825,0.6352308988571167,7.839062732273305e-08,0.7431765198707581,0.5713242888450623,0.007121211849153042,0.6979225277900696,0.5305495858192444,0.0037343495059758425,0.6580271124839783,0.527402400970459,-0.0028978115878999233,0.6316888332366943,0.5392993688583374,-0.01060640998184681,0.6810125708580017,0.4889717698097229,-0.010472088120877743,0.6169295310974121,0.4776781499385834,-0.023689884692430496,0.5801756978034973,0.47263070940971375,-0.031176894903182983,0.5505037903785706,0.46816766262054443,-0.03502301126718521,0.6769127249717712,0.5200141668319702,-0.022731386125087738,0.6062301397323608,0.5100467801094055,-0.035496264696121216,0.5649171471595764,0.501634418964386,-0.042847856879234314,0.5313363075256348,0.49142253398895264,-0.04713044688105583,0.6762112379074097,0.5580455660820007,-0.03341660648584366,0.6235638856887817,0.591092050075531,-0.044828299432992935,0.6411041021347046,0.6032246351242065,-0.0445212759077549,0.6609339714050293,0.5970099568367004,-0.04122796282172203,0.6765312552452087,0.6000736951828003,-0.04354233667254448,0.6352546811103821,0.6238468885421753,-0.04851778596639633,0.6495000123977661,0.6325631737709045,-0.042669638991355896,0.667431652545929,0.6268359422683716,-0.03640999272465706
0.7675668001174927,0.6341707110404968,7.997028461659283e-08,0.7400590777397156,0.569726288318634,0.00725270202383399,0.6943601965904236,0.5293190479278564,0.0037972163408994675,0.6550623774528503,0.5267442464828491,-0.0028841583989560604,0.6291070580482483,0.539038896560669,-0.010708037763834,0.6770951151847839,0.48740673065185547,-0.01151641272008419,0.6144546270370483,0.47829359769821167,-0.025250066071748734,0.577479362487793,0.47396761178970337,-0.03347402811050415,0.547668993473053,0.4699997305870056,-0.03807290643453598,0.6741471886634827,0.5192522406578064,-0.023875808343291283,0.6045068502426147,0.5118120908737183,-0.037265606224536896,0.562655508518219,0.5034009218215942,-0.04513527452945709,0.528517484664917,0.4933779537677765,-0.05009886994957924,0.6743386387825012,0.558152973651886,-0.03452996164560318,0.620700478553772,0.5920524001121521,-0.04612123593688011,0.638568103313446,0.6036673784255981,-0.0452834814786911,0.65848708152771,0.597836434841156,-0.04183278977870941,0.6758089065551758,0.6010187864303589,-0.04467354714870453,0.6347692608833313,0.625557541847229,-0.05023111775517464,0.6493916511535645,0.6333901286125183,-0.04447066783905029,0.6675646305084229,0.6270586252212524,-0.03827839344739914
0.7636629343032837,0.6341283321380615,6.759547943602229e-08,0.7376166582107544,0.570065438747406,0.0068281302228569984,0.6923706531524658,0.5287215709686279,0.003329728962853551,0.6520462036132812,0.5239853858947754,-0.002986745210364461,0.6258291006088257,0.5339481234550476,-0.010202941484749317,0.6749175190925598,0.4871572256088257,-0.012818857096135616,0.6131590008735657,0.47759032249450684,-0.027168655768036842,0.576356828212738,0.47282910346984863,-0.036006998270750046,0.5465849041938782,0.46873989701271057,-0.04121647775173187,0.673259437084198,0.5183579325675964,-0.02464165911078453,0.6033676862716675,0.5112144947052002,-0.03890037164092064,0.5615918040275574,0.5025361180305481,-0.04737001657485962,0.5277242064476013,0.4925774931907654,-0.05302765592932701,0.6736248135566711,0.5567961931228638,-0.03466910868883133,0.616908848285675,0.5878145694732666,-0.04673417657613754,0.6343756318092346,0.600429892539978,-0.0449066087603569,0.6539596915245056,0.5962943434715271,-0.04084727168083191,0.6747880578041077,0.5988892912864685,-0.044216323643922806,0.631604790687561,0.6224268078804016,-0.05047607421875,0.6456747055053711,0.6305186748504639,-0.044719647616147995,0.6633084416389465,0.6249319314956665,-0.03848502039909363
0.7623209953308105,0.6314876079559326,7.460531037395413e-08,0.7365650534629822,0.5672543048858643,0.006396567914634943,0.6919549107551575,0.5274794697761536,0.002502033021301031,0.6521826386451721,0.523987352848053,-0.004281577654182911,0.6267459392547607,0.5360198616981506,-0.01218214351683855,0.6733680367469788,0.48744910955429077,-0.012907336466014385,0.6111539602279663,0.47766900062561035,-0.026615917682647705,0.5745902061462402,0.47330158948898315,-0.034619055688381195,0.5451506972312927,0.469086229801178,-0.03921890631318092,0.6714916229248047,0.5179613828659058,-0.024484509602189064,0.6016333699226379,0.5115540623664856,-0.03818249702453613,0.5597211122512817,0.5032472610473633,-0.04601863771677017,0.5261866450309753,0.493291974067688,-0.05118633806705475,0.6720470190048218,0.5567830801010132,-0.03431593254208565,0.6166677474975586,0.5894455909729004,-0.04575830698013306,0.6336201429367065,0.6013383865356445,-0.043957438319921494,0.6529616117477417,0.5964145064353943,-0.04000050947070122,0.6734832525253296,0.5993818640708923,-0.04370555281639099,0.6301876902580261,0.6232883334159851,-0.0489850714802742,0.6438352465629578,0.6306010484695435,-0.0429258793592453,0.6612791419029236,0.6243575811386108,-0.03670033439993858
0.762769341468811,0.6304396390914917,7.934212220561676e-08,0.736556351184845,0.566072940826416,0.006149612367153168,0.6916288733482361,0.5277471542358398,0.0020911875180900097,0.6519865393638611,0.5269227027893066,-0.004819509107619524,0.6268258094787598,0.5403038859367371,-0.012748212553560734,0.6723598837852478,0.4865032434463501,-0.012998360209167004,0.6094202399253845,0.47880852222442627,-0.02727648615837097,0.5720073580741882,0.47455835342407227,-0.03595363348722458,0.5423929691314697,0.47053980827331543,-0.040996912866830826,0.6704410910606384,0.5174035429954529,-0.024479445070028305,0.6010138988494873,0.511848509311676,-0.03875500336289406,0.5588959455490112,0.5039014220237732,-0.04723391681909561,0.5253005623817444,0.494037002325058,-0.05277544632554054,0.6711257100105286,0.5562652349472046,-0.034229576587677,0.6153754591941833,0.5890214443206787,-0.045935604721307755,0.6327774524688721,0.6026790738105774,-0.0439685694873333,0.6525391340255737,0.5985938310623169,-0.03977357596158981,0.6731451153755188,0.5988541841506958,-0.043567802757024765,0.6301683783531189,0.6237316727638245,-0.04892933368682861,0.6444190740585327,0.6314480304718018,-0.0426839180290699,0.6621174216270447,0.6248696446418762,-0.03619777038693428
0.7573438882827759,0.6322187781333923,5.285535209509362e-08,0.7307679653167725,0.5673738718032837,0.007051305845379829,0.6843347549438477,0.5276612639427185,0.0039187828078866005,0.6434968709945679,0.5257113575935364,-0.0019879729952663183,0.6177071928977966,0.5380168557167053,-0.0088506443426013,0.665394127368927,0.48519229888916016,-0.011653091758489609,0.5990176796913147,0.48048001527786255,-0.02479531615972519,0.5610761642456055,0.47827833890914917,-0.03267953544855118,0.5306940078735352,0.47631776332855225,-0.037488918751478195,0.662610650062561,0.5173168778419495,-0.02357802726328373,0.5914273262023926,0.5146264433860779,-0.03664713352918625,0.5502619743347168,0.5109783411026001,-0.0448242723941803,0.5170236825942993,0.5050833225250244,-0.050449714064598083,0.662851870059967,0.5572277307510376,-0.033695779740810394,0.608103334903717,0.5890365839004517,-0.044630181044340134,0.6280108690261841,0.5995298624038696,-0.0431770496070385,0.6485946178436279,0.5928451418876648,-0.03992622718214989,0.6647783517837524,0.6014257073402405,-0.0432715117931366,0.6238168478012085,0.6260704398155212,-0.04886775091290474,0.6398321986198425,0.6323398351669312,-0.043272070586681366,0.6580140590667725,0.6246427297592163,-0.03747057169675827
0.7576355934143066,0.6351851224899292,4.63793092819742e-08,0.7300496101379395,0.5691112875938416,0.005530400667339563,0.682583212852478,0.5307385325431824,0.0010799886658787727,0.6427369713783264,0.5297995805740356,-0.006113989278674126,0.6169065237045288,0.5453002452850342,-0.014701247215270996,0.6640280485153198,0.4878804385662079,-0.012980359606444836,0.5991219878196716,0.48310163617134094,-0.026807671412825584,0.5613216757774353,0.48163655400276184,-0.035289034247398376,0.5309703946113586,0.47909238934516907,-0.04024908319115639,0.6616321206092834,0.5216591358184814,-0.02471432462334633,0.5922207236289978,0.518286406993866,-0.03769147768616676,0.5531601905822754,0.5142402052879333,-0.04491188004612923,0.521375834941864,0.5060669183731079,-0.049594055861234665,0.6623399257659912,0.5621127486228943,-0.03496377915143967,0.6081157922744751,0.5928479433059692,-0.04710565134882927,0.6267709732055664,0.6032970547676086,-0.046278662979602814,0.6474081873893738,0.5965542793273926,-0.042911481112241745,0.6643279790878296,0.606285572052002,-0.04471871256828308,0.6220414042472839,0.6272170543670654,-0.05076663941144943,0.6369805932044983,0.6339014768600464,-0.04480275511741638,0.6557090878486633,0.6271036863327026,-0.03856614977121353
0.7566220164299011,0.6352964043617249,5.5547968003111237e-08,0.7290235757827759,0.568388044834137,0.006006169132888317,0.6815938949584961,0.5306946039199829,0.0016135626938194036,0.6413807272911072,0.5288896560668945,-0.005604603327810764,0.6152287721633911,0.5416569113731384,-0.014131689444184303,0.6631750464439392,0.4894613027572632,-0.01383932214230299,0.5988197326660156,0.48488205671310425,-0.028147272765636444,0.5609156489372253,0.4835657775402069,-0.03705012798309326,0.5301532745361328,0.48137301206588745,-0.04237724840641022,0.6609583497047424,0.5228103399276733,-0.025702064856886864,0.5906702876091003,0.5203442573547363,-0.039354998618364334,0.5487653613090515,0.5157240033149719,-0.04734613373875618,0.5147610902786255,0.5080962181091309,-0.052792634814977646,0.6615318059921265,0.5631808638572693,-0.03587380051612854,0.6065919399261475,0.5947694182395935,-0.047394007444381714,0.6254503130912781,0.6044216156005859,-0.04562877118587494,0.6458890438079834,0.5977249145507812,-0.04196932911872864,0.66363525390625,0.6066417098045349,-0.04566830396652222,0.6213855743408203,0.6286572217941284,-0.05132337659597397,0.6363335847854614,0.635016918182373,-0.04502344876527786,0.6546240448951721,0.6281393766403198,-0.038639649748802185
0.7557357549667358,0.6342869400978088,6.647439221296736e-08,0.7283058762550354,0.5693137645721436,0.005712071433663368,0.680903434753418,0.5331990122795105,0.0009942618198692799,0.6402948498725891,0.5352180004119873,-0.006494065281003714,0.6143776774406433,0.5510178804397583,-0.015170935541391373,0.6613181233406067,0.4905235767364502,-0.014762728475034237,0.5971441268920898,0.4861287474632263,-0.029920849949121475,0.5589678287506104,0.4841534495353699,-0.03932694345712662,0.5277345776557922,0.48134952783584595,-0.04496554285287857,0.6598915457725525,0.5232002139091492,-0.02664853073656559,0.5891789793968201,0.5205796360969543,-0.04107201099395752,0.546235978603363,0.5154225826263428,-0.049525048583745956,0.5107702016830444,0.5077762007713318,-0.05521819368004799,0.6614805459976196,0.5626947283744812,-0.036842070519924164,0.6062232851982117,0.5975926518440247,-0.049231622368097305,0.6251763105392456,0.6086925864219666,-0.04811675101518631,0.6454821825027466,0.6018204689025879,-0.04463852569460869,0.6647267937660217,0.6054957509040833,-0.04662642627954483,0.6232540607452393,0.6312404274940491,-0.052985191345214844,0.6378893852233887,0.6381838917732239,-0.0473778210580349,0.6556341052055359,0.6303297281265259,-0.041363686323165894
0.7533795237541199,0.6330805420875549,8.4384005560878e-08,0.7268620133399963,0.5683205723762512,0.005893335677683353,0.6798882484436035,0.5344133973121643,0.0016203161794692278,0.6400186419487,0.5402827858924866,-0.005524829961359501,0.61602783203125,0.5607488751411438,-0.013906591571867466,0.6597821116447449,0.49149468541145325,-0.012800561264157295,0.5948400497436523,0.48670342564582825,-0.026790212839841843,0.5570024251937866,0.48485007882118225,-0.035081326961517334,0.5264303684234619,0.48273563385009766,-0.039865437895059586,0.6573479771614075,0.5232390761375427,-0.024537254124879837,0.5854129791259766,0.5200455784797668,-0.038018859922885895,0.5435961484909058,0.5157425403594971,-0.045741017907857895,0.509440004825592,0.5090846419334412,-0.0505320243537426,0.6584258675575256,0.5625870823860168,-0.03464333340525627,0.6055583357810974,0.5986042022705078,-0.04663513973355293,0.6246122717857361,0.6091739535331726,-0.04587036371231079,0.6443649530410767,0.602320671081543,-0.04235106334090233,0.6612865924835205,0.6056725978851318,-0.044265855103731155,0.622388482093811,0.631395161151886,-0.04990866407752037,0.6379008889198303,0.6383305788040161,-0.04392107576131821,0.6553741097450256,0.6310850381851196,-0.03759150952100754
0.7545627951622009,0.6331212520599365,7.301554205696448e-08,0.7271875739097595,0.5691731572151184,0.0064369989559054375,0.67973393201828,0.5335021018981934,0.0030639783944934607,0.6398937702178955,0.5355117321014404,-0.0033389520831406116,0.6156570911407471,0.5525321364402771,-0.01093713752925396,0.6581454277038574,0.4920438230037689,-0.011400564573705196,0.5936892032623291,0.48802393674850464,-0.02527444437146187,0.5558974146842957,0.4858170747756958,-0.03374771401286125,0.5253480672836304,0.48350322246551514,-0.03874153271317482,0.6559337377548218,0.5236822962760925,-0.02324291691184044,0.5849128365516663,0.5211852788925171,-0.036881957203149796,0.5421227812767029,0.5165724754333496,-0.045012012124061584,0.5072174668312073,0.5102490782737732,-0.050182946026325226,0.657441258430481,0.562959611415863,-0.03346783295273781,0.6042115092277527,0.5978758335113525,-0.04568321257829666,0.624579906463623,0.6080625057220459,-0.04450035095214844,0.6451118588447571,0.6016135811805725,-0.04054645448923111,0.6614865064620972,0.6061438918113708,-0.043192435055971146,0.6206728219985962,0.630523681640625,-0.04917695000767708,0.6368312835693359,0.6369916200637817,-0.042953480035066605,0.6549500226974487,0.629930317401886,-0.03629608452320099
0.7539616823196411,0.6343990564346313,7.415876979166569e-08,0.7271863222122192,0.5695372223854065,0.006175857502967119,0.6792362928390503,0.5324851274490356,0.0030449610203504562,0.6385058164596558,0.533504843711853,-0.0029037976637482643,0.6132758855819702,0.549630343914032,-0.009990062564611435,0.6579272747039795,0.4931543469429016,-0.01178708579391241,0.5931340456008911,0.4882785379886627,-0.02551090344786644,0.5551769137382507,0.48695725202560425,-0.033324796706438065,0.5244213938713074,0.48571014404296875,-0.037625811994075775,0.6550911068916321,0.524289608001709,-0.02303098700940609,0.5832813382148743,0.5214939713478088,-0.03647730499505997,0.5401834845542908,0.5177845358848572,-0.044004905968904495,0.5050222277641296,0.512028157711029,-0.04849342256784439,0.6561314463615417,0.5629108548164368,-0.03264402598142624,0.6034406423568726,0.6000432968139648,-0.044254425913095474,0.6226000189781189,0.6106089949607849,-0.04298058897256851,0.642232358455658,0.6037300825119019,-0.038998790085315704,0.6591859459877014,0.6056811213493347,-0.041823212057352066,0.6197479367256165,0.6324957609176636,-0.047150250524282455,0.635221004486084,0.6392096281051636,-0.04114491492509842,0.6526898145675659,0.6314846277236938,-0.03469979390501976
0.7514042258262634,0.6330156326293945,4.9632873810878664e-08,0.7226262092590332,0.5675559639930725,0.006328864488750696,0.6740884184837341,0.5306315422058105,0.002670601475983858,0.6329197287559509,0.528685986995697,-0.0037210313603281975,0.6065320372581482,0.5411604642868042,-0.011258439160883427,0.6536731719970703,0.4913964867591858,-0.012821478769183159,0.5889083743095398,0.4898300766944885,-0.02659003436565399,0.5509253144264221,0.49014604091644287,-0.03502432629466057,0.5197728276252747,0.4892997443675995,-0.04016672447323799,0.6525795459747314,0.5246076583862305,-0.024652624502778053,0.581709086894989,0.5253632664680481,-0.03824588656425476,0.5388986468315125,0.5232348442077637,-0.04642730951309204,0.5036595463752747,0.5178177952766418,-0.05206146091222763,0.6545785665512085,0.5651606321334839,-0.03474617749452591,0.6008462905883789,0.5986873507499695,-0.046681370586156845,0.6207109093666077,0.6078375577926636,-0.04498734325170517,0.6409993171691895,0.6006091833114624,-0.04121308773756027,0.6580765247344971,0.6091208457946777,-0.04435475915670395,0.6160774827003479,0.632790207862854,-0.0503983236849308,0.6311494708061218,0.6385021209716797,-0.0442022867500782,0.6487402319908142,0.6309166550636292,-0.037836894392967224
0.751095175743103,0.6345722079277039,6.030368382425877e-08,0.7236508131027222,0.5685083270072937,0.006514113396406174,0.6755637526512146,0.5325313210487366,0.0037561350036412477,0.6341447234153748,0.5313817858695984,-0.001781879342161119,0.6073451042175293,0.5453590154647827,-0.008417440578341484,0.6530279517173767,0.49270111322402954,-0.010912981815636158,0.5881723761558533,0.4904065728187561,-0.023846711963415146,0.5497502088546753,0.489888072013855,-0.031675588339567184,0.5185610055923462,0.48907122015953064,-0.03622518479824066,0.6501034498214722,0.525661289691925,-0.022182730957865715,0.5792534947395325,0.5262702107429504,-0.03534472733736038,0.536088228225708,0.5231434106826782,-0.043337348848581314,0.5009262561798096,0.5172086358070374,-0.04836362227797508,0.6509979367256165,0.5658671259880066,-0.031723104417324066,0.5994589328765869,0.6007750630378723,-0.04346916824579239,0.618254542350769,0.6112256646156311,-0.042314834892749786,0.6378917694091797,0.6056416034698486,-0.03841752931475639,0.6538951396942139,0.6097419261932373,-0.040739044547080994,0.6147075891494751,0.6340025663375854,-0.046213578432798386,0.6296579241752625,0.6403182148933411,-0.04011180251836777,0.6469667553901672,0.6331943273544312,-0.0335187166929245
0.7497119307518005,0.6334027647972107,5.098856803442686e-08,0.7221498489379883,0.5674839019775391,0.006686350796371698,0.6738470196723938,0.5313504934310913,0.0037986612878739834,0.6313576698303223,0.5302267074584961,-0.0017452036263421178,0.6047337651252747,0.543306291103363,-0.008398642763495445,0.6524770259857178,0.4930620789527893,-0.013048240914940834,0.5865548849105835,0.4905235469341278,-0.0269919503480196,0.5478222966194153,0.49059057235717773,-0.035135917365550995,0.5165334939956665,0.4902215301990509,-0.03983697667717934,0.6505982279777527,0.5258021354675293,-0.024482054635882378,0.5775931477546692,0.5266596078872681,-0.03856871277093887,0.533947229385376,0.5234797596931458,-0.046646930277347565,0.49860262870788574,0.5177592635154724,-0.05179300531744957,0.6519780158996582,0.5658001899719238,-0.03403458744287491,0.5975029468536377,0.6003161072731018,-0.046300631016492844,0.6163302659988403,0.6106972098350525,-0.04424307122826576,0.636134922504425,0.6050518155097961,-0.03969292715191841,0.6549206376075745,0.6093736886978149,-0.04303489625453949,0.6127161383628845,0.6334194540977478,-0.04919755086302757,0.6272303462028503,0.6402111649513245,-0.04282265156507492,0.6444204449653625,0.6336908340454102,-0.03593296930193901
0.7489081621170044,0.6323912143707275,6.025396714903763e-08,0.7210952043533325,0.5669283270835876,0.005717567168176174,0.6730546951293945,0.5308457612991333,0.002617327496409416,0.6305813193321228,0.5311442017555237,-0.002883453853428364,0.6039394736289978,0.5458717346191406,-0.009337139315903187,0.6519975066184998,0.4933580160140991,-0.012324003502726555,0.5866482853889465,0.4909685552120209,-0.026166869327425957,0.5477417707443237,0.4913638234138489,-0.03439803794026375,0.5164396166801453,0.49098166823387146,-0.03911967575550079,0.6494765877723694,0.526004433631897,-0.02293425239622593,0.5776259303092957,0.5264692306518555,-0.0367903858423233,0.5348371267318726,0.5233511328697205,-0.04460380598902702,0.5000377297401428,0.5167856812477112,-0.04946095496416092,0.650100588798523,0.5655477643013,-0.031891271471977234,0.5967534780502319,0.5998713970184326,-0.04431542009115219,0.6155753135681152,0.6106001138687134,-0.04272301867604256,0.6353499293327332,0.6050034761428833,-0.03836575150489807,0.6522942781448364,0.6088143587112427,-0.04036865755915642,0.6127758026123047,0.6330670118331909,-0.04642172157764435,0.6278879046440125,0.6397483944892883,-0.04038507118821144,0.6449604034423828,0.6327525973320007,-0.0337793193757534
0.7487280964851379,0.6319108605384827,7.050326189528278e-08,0.7210122346878052,0.5673608779907227,0.005904656369239092,0.6729733347892761,0.5309458374977112,0.0030552095267921686,0.6293346285820007,0.5300596356391907,-0.0021403259597718716,0.6020262837409973,0.5436258912086487,-0.008271192200481892,0.6508104801177979,0.4942038655281067,-0.012956050224602222,0.5854541063308716,0.49183526635169983,-0.02705487422645092,0.5464556217193604,0.49172165989875793,-0.03523877635598183,0.5149003863334656,0.4915871322154999,-0.039912253618240356,0.6483681201934814,0.5259454250335693,-0.023744534701108932,0.5751631855964661,0.526075541973114,-0.038222696632146835,0.53144371509552,0.5224454402923584,-0.04624227061867714,0.49624723196029663,0.5162385702133179,-0.05104528367519379,0.6493744254112244,0.5652672648429871,-0.032738007605075836,0.5960692763328552,0.6015731692314148,-0.045433398336172104,0.6145448088645935,0.6132364273071289,-0.0433351956307888,0.6338784694671631,0.6079054474830627,-0.038456033915281296,0.6521816253662109,0.6084126830101013,-0.041225675493478775,0.6121651530265808,0.6347575783729553,-0.047454748302698135,0.6275726556777954,0.6422340273857117,-0.04102213680744171,0.6445953845977783,0.6355190277099609,-0.033952031284570694
0.7481698989868164,0.6312904953956604,6.963622922739887e-08,0.7209137082099915,0.5673856735229492,0.005374907050281763,0.6720197200775146,0.531133770942688,0.0027894023805856705,0.6279066801071167,0.529667854309082,-0.0020270822569727898,0.6003222465515137,0.5433347225189209,-0.007740688044577837,0.6498098969459534,0.4945051372051239,-0.01237844955176115,0.5841661095619202,0.4918590188026428,-0.025793788954615593,0.54575115442276,0.4914590120315552,-0.03307591378688812,0.5145699381828308,0.4916703999042511,-0.037024836987257004,0.6469664573669434,0.5259751081466675,-0.022696025669574738,0.5743497610092163,0.5261149406433105,-0.03673047944903374,0.5312741994857788,0.52344810962677,-0.04421132802963257,0.49641671776771545,0.5184673070907593,-0.04843531921505928,0.6479372382164001,0.5651379823684692,-0.03136206790804863,0.5966622829437256,0.6012468338012695,-0.04424543306231499,0.6150201559066772,0.6122857332229614,-0.042755745351314545,0.6338248252868652,0.6068296432495117,-0.03809361532330513,0.6505234837532043,0.6081711053848267,-0.03950454667210579,0.6121445298194885,0.6338093876838684,-0.046003229916095734,0.6275050640106201,0.6412360668182373,-0.0401017963886261,0.6442005634307861,0.6350540518760681,-0.033341240137815475
0.7461864352226257,0.6315463781356812,7.684393921181254e-08,0.7179436683654785,0.5661248564720154,0.006541662849485874,0.6698008179664612,0.5307319760322571,0.0035081568639725447,0.627265214920044,0.5311134457588196,-0.0022104557137936354,0.6015155911445618,0.5460788607597351,-0.009098232723772526,0.6486983299255371,0.4943286180496216,-0.013336842879652977,0.5836988687515259,0.49115580320358276,-0.027405504137277603,0.5450868010520935,0.4911560118198395,-0.035412054508924484,0.5136677622795105,0.4917071461677551,-0.03992408141493797,0.6463250517845154,0.5263466835021973,-0.024753421545028687,0.5733043551445007,0.5265602469444275,-0.03909020498394966,0.528931200504303,0.5238599181175232,-0.04733444005250931,0.4936741888523102,0.5191162824630737,-0.05242002382874489,0.6474417448043823,0.5661420822143555,-0.03422494977712631,0.5949488878250122,0.6018894910812378,-0.04613708332180977,0.6138373017311096,0.6116130352020264,-0.0437145009636879,0.6333311200141907,0.6051849126815796,-0.03889413923025131,0.6502410173416138,0.6094396710395813,-0.04322084039449692,0.6098716855049133,0.6342062950134277,-0.048783086240291595,0.6254811882972717,0.640064001083374,-0.04192196950316429,0.6429246664047241,0.6328048706054688,-0.03470658138394356
0.7449638843536377,0.6309910416603088,7.547985347855501e-08,0.7169533371925354,0.5661578178405762,0.005144878756254911,0.6685422658920288,0.5299147963523865,0.0019462855998426676,0.6257981657981873,0.5285916924476624,-0.003616055240854621,0.599349856376648,0.5411404371261597,-0.010157592594623566,0.6479052901268005,0.49342161417007446,-0.013308520428836346,0.5833940505981445,0.49070167541503906,-0.027242237702012062,0.5451074242591858,0.4910210371017456,-0.03499976545572281,0.5139771699905396,0.49151504039764404,-0.03923529386520386,0.644798994064331,0.525631844997406,-0.023984044790267944,0.5722047090530396,0.5267674922943115,-0.038242485374212265,0.5283423662185669,0.5238433480262756,-0.04621223732829094,0.49320799112319946,0.5180848240852356,-0.05087465047836304,0.6455473303794861,0.5654380917549133,-0.03296854346990585,0.5946349501609802,0.6016207933425903,-0.045565880835056305,0.6130713820457458,0.6120321154594421,-0.043829768896102905,0.6320216059684753,0.6058247685432434,-0.03915766254067421,0.6480697393417358,0.609057605266571,-0.04153735563158989,0.6088651418685913,0.6346807479858398,-0.047588739544153214,0.623833954334259,0.641251802444458,-0.041281964629888535,0.6404237747192383,0.6342378854751587,-0.03433423861861229
0.7436543703079224,0.6307075619697571,7.82701263801755e-08,0.7154365181922913,0.5659514665603638,0.004711351357400417,0.6666238307952881,0.5295130610466003,0.0011632925597950816,0.623487114906311,0.5281127691268921,-0.004542754031717777,0.5968927145004272,0.5392172336578369,-0.011172696948051453,0.647304356098175,0.4927560091018677,-0.014397664926946163,0.5822192430496216,0.490435391664505,-0.02838592790067196,0.5440740585327148,0.49105367064476013,-0.03601757064461708,0.512994647026062,0.4915716350078583,-0.04014276713132858,0.6442899703979492,0.5254100561141968,-0.02484392188489437,0.5715926289558411,0.5260646343231201,-0.039039965718984604,0.5279282927513123,0.523384153842926,-0.04677276313304901,0.4929736256599426,0.5179960131645203,-0.051258619874715805,0.6449496150016785,0.5653703808784485,-0.033590443432331085,0.5945218801498413,0.6020623445510864,-0.04598987475037575,0.6132018566131592,0.611735999584198,-0.0440555177628994,0.6323332190513611,0.6049536466598511,-0.03933973237872124,0.6473924517631531,0.6089779734611511,-0.04195098578929901,0.6086259484291077,0.6343892216682434,-0.04781333729624748,0.6241549849510193,0.6406968235969543,-0.04130345210433006,0.6409739851951599,0.6333861351013184,-0.03426795080304146
0.7437241077423096,0.6298069953918457,6.93288910724732e-08,0.7156627774238586,0.5647419691085815,0.005567579995840788,0.6681675314903259,0.5285171866416931,0.002044325228780508,0.6251687407493591,0.5271125435829163,-0.003918479662388563,0.5981684327125549,0.5393059849739075,-0.010917567647993565,0.6472131013870239,0.4930187463760376,-0.013852119445800781,0.5816304087638855,0.4909822940826416,-0.027791280299425125,0.5433701872825623,0.49114102125167847,-0.035659309476614,0.51216721534729,0.4908221662044525,-0.04008066654205322,0.6443617939949036,0.5256510972976685,-0.024764036759734154,0.5714431405067444,0.5262255668640137,-0.038750845938920975,0.5280587077140808,0.5235210061073303,-0.04646660014986992,0.49327969551086426,0.5182318091392517,-0.05115542560815811,0.6455014944076538,0.5654395222663879,-0.033899616450071335,0.5936069488525391,0.601222038269043,-0.04631892964243889,0.6131991147994995,0.6108547449111938,-0.04436875879764557,0.6332988739013672,0.6043456196784973,-0.039741095155477524,0.6486879587173462,0.608877956867218,-0.04256359487771988,0.6091619729995728,0.6331010460853577,-0.04865526407957077,0.6249482035636902,0.6391861438751221,-0.04230712354183197,0.6423342227935791,0.6319995522499084,-0.035402435809373856
0.7444586157798767,0.6318814754486084,7.171190219423806e-08,0.7168323993682861,0.5672442317008972,0.0051578376442193985,0.6684685349464417,0.5304877758026123,0.002016473328694701,0.625336766242981,0.5285643935203552,-0.0033923168666660786,0.5986630320549011,0.5407867431640625,-0.009714707732200623,0.6468048691749573,0.49335113167762756,-0.013598144054412842,0.5812391638755798,0.4913959205150604,-0.027629725635051727,0.5422448515892029,0.4915958046913147,-0.03572394326329231,0.5109028220176697,0.4915068745613098,-0.04034605249762535,0.6443257927894592,0.5256227850914001,-0.02415529638528824,0.571906566619873,0.5266317129135132,-0.03859313204884529,0.5281195044517517,0.5235540866851807,-0.046791285276412964,0.4932791590690613,0.5179657340049744,-0.051798153668642044,0.6453143358230591,0.5654463768005371,-0.03299158811569214,0.5938795804977417,0.6011307835578918,-0.0454961359500885,0.6125428676605225,0.6106597781181335,-0.043444257229566574,0.6319079399108887,0.6044656038284302,-0.038682132959365845,0.6481026411056519,0.6089666485786438,-0.04141831398010254,0.6081896424293518,0.6333035826683044,-0.047260310500860214,0.6235148906707764,0.6394500732421875,-0.04065823554992676,0.6405979990959167,0.632539689540863,-0.03359200805425644
0.7440646886825562,0.6318874955177307,5.212200804294298e-08,0.7161744832992554,0.5686779022216797,0.0055449651554226875,0.6679747104644775,0.5310004353523254,0.0023803547956049442,0.6240915656089783,0.5257301330566406,-0.002995579270645976,0.5974869728088379,0.5317848920822144,-0.009270885959267616,0.6463293433189392,0.49560919404029846,-0.01624416932463646,0.5786433815956116,0.493008553981781,-0.030930494889616966,0.5397375822067261,0.49281075596809387,-0.038772910833358765,0.5084749460220337,0.4924168288707733,-0.04320129379630089,0.644800066947937,0.5265134572982788,-0.02710440382361412,0.5708552598953247,0.5271801948547363,-0.04238857328891754,0.5274828672409058,0.5242329835891724,-0.050209324806928635,0.4923911988735199,0.5190175771713257,-0.054944705218076706,0.6466132998466492,0.5659265518188477,-0.03598920255899429,0.592961311340332,0.6017164587974548,-0.04898786544799805,0.6114690899848938,0.6116430759429932,-0.045896295458078384,0.6305904388427734,0.6056347489356995,-0.04043572396039963,0.6501232981681824,0.6092960238456726,-0.04437274485826492,0.6085567474365234,0.6344075798988342,-0.050924573093652725,0.6235169768333435,0.6405276656150818,-0.04405459761619568,0.6405061483383179,0.6339958906173706,-0.03665843978524208
0.7434020042419434,0.6310995817184448,2.2322689474663093e-08,0.7140126824378967,0.5689668655395508,0.0020059305243194103,0.6620017886161804,0.5246678590774536,-0.001229770015925169,0.6148397922515869,0.5036954283714294,-0.005808587186038494,0.583306074142456,0.4867347776889801,-0.010849256999790668,0.6449429988861084,0.4954775273799896,-0.018527459353208542,0.5777353644371033,0.49510255455970764,-0.03489045053720474,0.5387920141220093,0.4955722689628601,-0.043479207903146744,0.5072847008705139,0.4953775703907013,-0.048143744468688965,0.6441574692726135,0.5273323059082031,-0.027875352650880814,0.5715934038162231,0.528797447681427,-0.044770095497369766,0.5292569398880005,0.5250001549720764,-0.052627772092819214,0.49377256631851196,0.5191382765769958,-0.05715365335345268,0.6463719010353088,0.5670448541641235,-0.03582388162612915,0.5926569104194641,0.6012464165687561,-0.05236521735787392,0.6105610728263855,0.6102431416511536,-0.04921918362379074,0.6294305920600891,0.6049510836601257,-0.04276832193136215,0.6499823331832886,0.6109541058540344,-0.04341631382703781,0.6078171133995056,0.6340059638023376,-0.05309488996863365,0.6223108768463135,0.6394344568252563,-0.04699024185538292,0.6394391059875488,0.633377730846405,-0.03955157473683357
0.7416435480117798,0.6322035789489746,9.742990414451924e-09,0.7126376628875732,0.57039874792099,0.0021567156072705984,0.6586570143699646,0.5254510641098022,-0.0007630427717231214,0.6114310026168823,0.5011904835700989,-0.005049950908869505,0.5793070793151855,0.4791584312915802,-0.009774071164429188,0.6438155174255371,0.49688732624053955,-0.01786624826490879,0.5762425661087036,0.49716508388519287,-0.0340188592672348,0.5377931594848633,0.4977274537086487,-0.04249763861298561,0.5067503452301025,0.49800580739974976,-0.04716990515589714,0.64316725730896,0.528967022895813,-0.027310647070407867,0.572016716003418,0.529869794845581,-0.04397828131914139,0.529591977596283,0.5277326703071594,-0.05226784944534302,0.4936962127685547,0.524288535118103,-0.05731674283742905,0.6456913352012634,0.568723738193512,-0.03534834086894989,0.5921640396118164,0.6023233532905579,-0.051374003291130066,0.6106873750686646,0.6116054058074951,-0.04797208681702614,0.6294920444488525,0.6063852310180664,-0.0417206808924675,0.649738609790802,0.6121286153793335,-0.04307868704199791,0.6091413497924805,0.6361503005027771,-0.05276182293891907,0.6239297986030579,0.6412504315376282,-0.04705939441919327,0.6408352851867676,0.6346350908279419,-0.04006858170032501
0.7366349101066589,0.6373127102851868,1.1532011789938679e-08,0.7076380848884583,0.577921450138092,0.002695428906008601,0.6548428535461426,0.5331659317016602,-0.0004669906629715115,0.6078776717185974,0.5082685947418213,-0.0051953657530248165,0.5777112245559692,0.4805358648300171,-0.010478376410901546,0.6382662057876587,0.5033316016197205,-0.018521040678024292,0.5680834054946899,0.5060486793518066,-0.03488524258136749,0.5283820033073425,0.5066534280776978,-0.043087802827358246,0.4963255822658539,0.5069494843482971,-0.04757055640220642,0.6383435726165771,0.5337913036346436,-0.028377674520015717,0.5651891231536865,0.537238597869873,-0.04565609619021416,0.522493839263916,0.5367958545684814,-0.053768955171108246,0.48729920387268066,0.5355736017227173,-0.058416325598955154,0.6419910192489624,0.5733121633529663,-0.03664349392056465,0.5899286270141602,0.6133615970611572,-0.05243771895766258,0.6087698936462402,0.6227185726165771,-0.048139169812202454,0.6273612976074219,0.6165075898170471,-0.04119788110256195,0.6471816897392273,0.6172643899917603,-0.044571440666913986,0.6078351140022278,0.6472383737564087,-0.05329619348049164,0.6235253810882568,0.6521790027618408,-0.046644847840070724,0.6405458450317383,0.6446729302406311,-0.03902269899845123
0.736594021320343,0.6366438865661621,6.286065445948452e-09,0.7072174549102783,0.5763684511184692,0.0020700297318398952,0.6543909907341003,0.5332701206207275,-0.0009137269225902855,0.6069775819778442,0.50882887840271,-0.005278707016259432,0.574510395526886,0.48468488454818726,-0.010133970528841019,0.6380175352096558,0.5055078864097595,-0.018812056630849838,0.5687278509140015,0.5074203610420227,-0.03533598780632019,0.5295217037200928,0.5084092020988464,-0.04389083385467529,0.4974766969680786,0.5086021423339844,-0.04864004626870155,0.6369847059249878,0.5375799536705017,-0.02808568812906742,0.5643224716186523,0.5403799414634705,-0.044879306107759476,0.5218514204025269,0.5391544103622437,-0.05288601294159889,0.48624998331069946,0.5359206795692444,-0.05777161940932274,0.6391852498054504,0.5773589015007019,-0.03591826185584068,0.5872435569763184,0.6131372451782227,-0.05207296460866928,0.6060099601745605,0.622707724571228,-0.048483867198228836,0.624913215637207,0.6168968081474304,-0.04211284592747688,0.6428839564323425,0.6209908127784729,-0.04343421012163162,0.6039745807647705,0.6470429301261902,-0.05301849916577339,0.6196628212928772,0.6522747874259949,-0.047068145126104355,0.6367380619049072,0.6453446745872498,-0.039932768791913986
0.7364714741706848,0.6351244449615479,3.737320852792436e-08,0.7066441774368286,0.5763052105903625,0.002804994583129883,0.654628574848175,0.5329431295394897,-0.00045676971785724163,0.6074036955833435,0.508160412311554,-0.005099674686789513,0.5754653215408325,0.4844536781311035,-0.010147355496883392,0.637154221534729,0.5066290497779846,-0.019916007295250893,0.5681681036949158,0.5096092820167542,-0.03679962083697319,0.5297819972038269,0.5097538232803345,-0.045092009007930756,0.49840104579925537,0.5098682641983032,-0.049506500363349915,0.6370053887367249,0.5377157926559448,-0.029448645189404488,0.5632955431938171,0.5392786264419556,-0.047211386263370514,0.5200303792953491,0.5373305082321167,-0.05523717775940895,0.4845128655433655,0.5350779891014099,-0.059828516095876694,0.6398997902870178,0.5773090720176697,-0.03726097196340561,0.58768230676651,0.6139273643493652,-0.0536397360265255,0.6051700115203857,0.6230884790420532,-0.0488140694797039,0.6231867074966431,0.6176151633262634,-0.04123464226722717,0.6438984274864197,0.6210256218910217,-0.04466060921549797,0.603723406791687,0.6466065049171448,-0.053646184504032135,0.6191950440406799,0.6515024304389954,-0.04643203690648079,0.6359336972236633,0.6446520090103149,-0.03825375810265541
0.7353755831718445,0.6347053050994873,4.1966615071942215e-08,0.7062234282493591,0.5771745443344116,0.0020619668066501617,0.6542021632194519,0.5334771871566772,-0.001825217274017632,0.6061220765113831,0.5104682445526123,-0.006971966940909624,0.5744637846946716,0.4869096577167511,-0.012508951127529144,0.6369434595108032,0.5066924095153809,-0.021909039467573166,0.5670948028564453,0.5096510648727417,-0.039767272770404816,0.5281903147697449,0.5102700591087341,-0.048516787588596344,0.49656006693840027,0.511534571647644,-0.05310584604740143,0.637022852897644,0.5384069681167603,-0.03146578371524811,0.5634660124778748,0.5387111306190491,-0.05012628063559532,0.5198887586593628,0.5377158522605896,-0.05836613476276398,0.4841305613517761,0.5367218852043152,-0.06295116990804672,0.6402324438095093,0.5782648324966431,-0.039320189505815506,0.5883550643920898,0.6142809987068176,-0.05651979148387909,0.6057619452476501,0.6231766939163208,-0.051546625792980194,0.6237084269523621,0.6175434589385986,-0.043624501675367355,0.6443579792976379,0.6222242712974548,-0.046764813363552094,0.6034200191497803,0.6465759873390198,-0.05636216327548027,0.6187301278114319,0.6517900228500366,-0.0489015206694603,0.6353083848953247,0.6452730894088745,-0.040367525070905685
0.7356241345405579,0.6342272162437439,4.036525069750496e-08,0.7057591080665588,0.5773593783378601,0.0024783178232610226,0.6538783311843872,0.5342438817024231,-0.0013330701040104032,0.6062411069869995,0.5102671384811401,-0.0065969075076282024,0.5744645595550537,0.48598477244377136,-0.012300283648073673,0.636623203754425,0.5060725212097168,-0.021251555532217026,0.5669594407081604,0.5098443627357483,-0.03910084068775177,0.5280945301055908,0.5104930400848389,-0.04779570922255516,0.49655836820602417,0.5111166834831238,-0.05240544676780701,0.637274444103241,0.5366531014442444,-0.031086884438991547,0.5631988644599915,0.5388572216033936,-0.04997953027486801,0.5193737745285034,0.5377616882324219,-0.05828878656029701,0.4836301803588867,0.5363264679908752,-0.0629630982875824,0.6408190131187439,0.5764105319976807,-0.039246566593647,0.5881401300430298,0.6143767237663269,-0.05687016621232033,0.6053785085678101,0.6247151494026184,-0.05182043835520744,0.6233025193214417,0.6198281049728394,-0.04376991093158722,0.6451618075370789,0.6207218766212463,-0.046964842826128006,0.6037738919258118,0.646779477596283,-0.05698738619685173,0.6190612316131592,0.6525808572769165,-0.0497097373008728,0.6355515718460083,0.646350622177124,-0.04128051549196243
0.7347987294197083,0.6355190277099609,3.5589373226230236e-08,0.7053892016410828,0.5770774483680725,0.0031945244409143925,0.6548372507095337,0.5333248376846313,-0.0003586623934097588,0.6070696115493774,0.5091343522071838,-0.005401976872235537,0.573334813117981,0.48763278126716614,-0.01094081625342369,0.6373401880264282,0.506945788860321,-0.020776810124516487,0.5677281022071838,0.5091204643249512,-0.03781425207853317,0.5291252136230469,0.5094629526138306,-0.045918047428131104,0.4979950487613678,0.509749174118042,-0.05016224831342697,0.6375787258148193,0.5378468036651611,-0.030877593904733658,0.5623548030853271,0.5399235486984253,-0.04905989393591881,0.5189104080200195,0.5382633805274963,-0.056900590658187866,0.48406872153282166,0.5360028743743896,-0.06130189448595047,0.6408817172050476,0.5775584578514099,-0.03917429968714714,0.5875723361968994,0.6137455701828003,-0.05582467094063759,0.6053662300109863,0.6235856413841248,-0.05035151541233063,0.6237001419067383,0.618689775466919,-0.04230327531695366,0.6454077363014221,0.6212226748466492,-0.047013361006975174,0.6043030619621277,0.6461642980575562,-0.056354355067014694,0.6197528839111328,0.651790201663971,-0.04880031198263168,0.6363148093223572,0.6456265449523926,-0.04031900689005852
0.7328789830207825,0.6342964768409729,3.025552075541782e-08,0.7037167549133301,0.574126660823822,0.002540878253057599,0.6533045768737793,0.5318297743797302,-0.0013238152023404837,0.6057036519050598,0.5107651948928833,-0.006471298635005951,0.572780966758728,0.49394094944000244,-0.012233037501573563,0.6362637877464294,0.5055197477340698,-0.021587522700428963,0.5675632357597351,0.5076374411582947,-0.037940073758363724,0.5291609168052673,0.5092983841896057,-0.045968055725097656,0.4980800151824951,0.510516881942749,-0.05032104626297951,0.6370938420295715,0.5375227332115173,-0.03131910040974617,0.5623677968978882,0.5410760641098022,-0.04851432517170906,0.5194827318191528,0.5390670299530029,-0.05608430132269859,0.48468345403671265,0.5356467962265015,-0.06057749316096306,0.6407066583633423,0.5776771306991577,-0.03926191106438637,0.5869602560997009,0.6130964159965515,-0.055171698331832886,0.6055344343185425,0.6210752129554749,-0.05050806701183319,0.6245846748352051,0.6149899959564209,-0.043402280658483505,0.645553469657898,0.6212885975837708,-0.04678228870034218,0.6042699217796326,0.6457020044326782,-0.055992115288972855,0.6197311878204346,0.6502155661582947,-0.0490025170147419,0.6368660926818848,0.6435025334358215,-0.04113833233714104
0.734062135219574,0.6381568908691406,7.779607358315843e-08,0.7060110569000244,0.5751186609268188,0.00509110651910305,0.6593926548957825,0.5420247316360474,0.0006942716427147388,0.6159740090370178,0.5453704595565796,-0.006124318577349186,0.5902920961380005,0.5613749623298645,-0.014039569534361362,0.6377454996109009,0.5052079558372498,-0.01638677529990673,0.5703475475311279,0.5064212679862976,-0.031178707256913185,0.5316986441612244,0.5079776644706726,-0.03932762145996094,0.5000400543212891,0.5083867311477661,-0.04403884708881378,0.635964035987854,0.5385676622390747,-0.02802811749279499,0.561254620552063,0.5406798720359802,-0.04330465570092201,0.5182168483734131,0.5393346548080444,-0.051080282777547836,0.4843115508556366,0.5352555513381958,-0.05566363409161568,0.6381456851959229,0.5794075727462769,-0.03783828392624855,0.5860898494720459,0.6142373085021973,-0.051793623715639114,0.6062752604484558,0.6225387454032898,-0.04929272085428238,0.626832127571106,0.6157102584838867,-0.04385185241699219,0.6424097418785095,0.6235429644584656,-0.047155462205410004,0.6037793159484863,0.6470228433609009,-0.05445311963558197,0.620143711566925,0.6510668992996216,-0.04784463346004486,0.637860119342804,0.6431199312210083,-0.0405343696475029
0.7350094318389893,0.6387502551078796,7.45576542726667e-08,0.7069739699363708,0.5759883522987366,0.004169239196926355,0.659064769744873,0.5412560105323792,0.00018583003839012235,0.6150787472724915,0.5420092344284058,-0.0059658316895365715,0.5883879065513611,0.5558530688285828,-0.013193693943321705,0.6371809244155884,0.5049184560775757,-0.015528013929724693,0.5702658295631409,0.5059337615966797,-0.030083587393164635,0.5317440629005432,0.5073524117469788,-0.03793712332844734,0.5002653002738953,0.5078672170639038,-0.042207758873701096,0.6353577971458435,0.5374917387962341,-0.0261631328612566,0.5615741014480591,0.5407801270484924,-0.041237760335206985,0.5191246271133423,0.5393343567848206,-0.048725925385951996,0.4849599003791809,0.5349376797676086,-0.052754245698451996,0.6375612616539001,0.5776583552360535,-0.035166751593351364,0.587212324142456,0.6151124238967896,-0.04937075078487396,0.6060558557510376,0.6241996884346008,-0.047823477536439896,0.6251533627510071,0.6175855994224548,-0.042722657322883606,0.6414877772331238,0.6216076016426086,-0.04368807375431061,0.6035105586051941,0.6464012861251831,-0.050933074206113815,0.6191691160202026,0.651740312576294,-0.04477100074291229,0.6361294984817505,0.6446329951286316,-0.037621330469846725
0.7352595329284668,0.6387680768966675,7.614907104880331e-08,0.7069696187973022,0.5763006210327148,0.004429637920111418,0.6591199636459351,0.5423572659492493,0.00021382857812568545,0.6154027581214905,0.5433287620544434,-0.006248923949897289,0.5885490775108337,0.5567482709884644,-0.013805682770907879,0.6370816826820374,0.5062471628189087,-0.01627265475690365,0.5700423717498779,0.5062999725341797,-0.031181516125798225,0.5314355492591858,0.5076876878738403,-0.03910525515675545,0.4997134208679199,0.5081117749214172,-0.04337858036160469,0.6358455419540405,0.5385028719902039,-0.027092929929494858,0.5622221827507019,0.5406844019889832,-0.04254067316651344,0.5191663503646851,0.5391722917556763,-0.04992976784706116,0.48441895842552185,0.5347456336021423,-0.053919486701488495,0.6384222507476807,0.5782198309898376,-0.03621332347393036,0.5872697830200195,0.6153883337974548,-0.050290562212467194,0.6055182218551636,0.6240410208702087,-0.04838934913277626,0.6244148015975952,0.6170421242713928,-0.043156687170267105,0.6424646377563477,0.6218715906143188,-0.04485424980521202,0.6034013032913208,0.6464381814002991,-0.05177045613527298,0.6183727979660034,0.6513546705245972,-0.04535685107111931,0.6352987289428711,0.643677294254303,-0.03815709426999092
0.7348478436470032,0.6397939920425415,9.081647078801325e-08,0.7071601152420044,0.5774520635604858,0.0035938748624175787,0.6588431000709534,0.5447262525558472,-0.0014652371173724532,0.6150809526443481,0.5497487783432007,-0.008717936463654041,0.5890042781829834,0.5669462084770203,-0.01714063435792923,0.6368979215621948,0.5067039132118225,-0.017924923449754715,0.5697118639945984,0.5065576434135437,-0.03332534432411194,0.5306611657142639,0.5081435441970825,-0.041679803282022476,0.498497873544693,0.5091155171394348,-0.04631151258945465,0.6360027194023132,0.5394240617752075,-0.0289022084325552,0.5622827410697937,0.5405109524726868,-0.04455460608005524,0.5184762477874756,0.5390536785125732,-0.05237826704978943,0.48317021131515503,0.5354695320129395,-0.056849900633096695,0.6388411521911621,0.5796849131584167,-0.038181159645318985,0.5870425701141357,0.6150856018066406,-0.052535541355609894,0.6052684187889099,0.6236359477043152,-0.05047513544559479,0.6242684125900269,0.6173632144927979,-0.04515949264168739,0.6431111693382263,0.6237359642982483,-0.04705226793885231,0.6027151346206665,0.6458473801612854,-0.054262675344944,0.6175827980041504,0.6507048606872559,-0.047408733516931534,0.6346831321716309,0.6441575288772583,-0.03988177701830864
0.7347633838653564,0.6412608623504639,9.267994016681769e-08,0.7075018882751465,0.5783263444900513,0.0032816461753100157,0.658599853515625,0.5444431304931641,-0.0015527663053944707,0.6148305535316467,0.5479001998901367,-0.008560176938772202,0.5882459282875061,0.5637310743331909,-0.01660531759262085,0.6368526220321655,0.5067335963249207,-0.017186833545565605,0.5692353844642639,0.5063989758491516,-0.032360371202230453,0.5301870703697205,0.5077431201934814,-0.04023284837603569,0.4980388581752777,0.5086812973022461,-0.044411882758140564,0.635252833366394,0.5396256446838379,-0.027972683310508728,0.5613477826118469,0.5402274131774902,-0.04388917610049248,0.5181763172149658,0.5390967130661011,-0.0515279620885849,0.48334288597106934,0.5354891419410706,-0.05548770725727081,0.6375541687011719,0.5796635746955872,-0.03718812018632889,0.5873463153839111,0.6163141131401062,-0.05177387595176697,0.6059162616729736,0.6253158450126648,-0.0501946359872818,0.6246415972709656,0.6184490919113159,-0.044961441308259964,0.6412009000778198,0.6232274770736694,-0.046029768884181976,0.6023880243301392,0.6466513276100159,-0.05311024188995361,0.6174650192260742,0.6519554257392883,-0.04664377123117447,0.6342121958732605,0.6450302004814148,-0.03933217003941536
0.7340948581695557,0.6396697759628296,7.88470870816127e-08,0.7055032253265381,0.5770068168640137,0.004162140656262636,0.656017005443573,0.5433902144432068,-0.0006331112235784531,0.6122360229492188,0.5462236404418945,-0.007701643276959658,0.5858212113380432,0.5613016486167908,-0.015903133898973465,0.6345828771591187,0.5056442618370056,-0.017759734764695168,0.5674673914909363,0.505936324596405,-0.03296586126089096,0.5285255312919617,0.5074272751808167,-0.0412033312022686,0.496130108833313,0.5080029964447021,-0.04593495652079582,0.6342942714691162,0.5375239253044128,-0.028825566172599792,0.5606410503387451,0.5406249761581421,-0.04423560947179794,0.5171968340873718,0.5395782589912415,-0.051779139786958694,0.4817809462547302,0.5356392860412598,-0.05632832273840904,0.6378087401390076,0.577252209186554,-0.038145989179611206,0.5864536166191101,0.617098867893219,-0.05152792111039162,0.6051575541496277,0.6257469654083252,-0.04938265308737755,0.624205470085144,0.6178781986236572,-0.044592346996068954,0.6427388191223145,0.6207755208015442,-0.04711734503507614,0.6034556031227112,0.6478594541549683,-0.05366422235965729,0.61859530210495,0.6523364186286926,-0.04725314676761627,0.6356216073036194,0.6440209150314331,-0.04044294357299805
0.7341375350952148,0.6403637528419495,8.231850756601489e-08,0.7051518559455872,0.576789915561676,0.00510975020006299,0.6561822891235352,0.5438269972801208,0.0006538248271681368,0.6132699251174927,0.547193169593811,-0.006337988190352917,0.5873547792434692,0.56391441822052,-0.014555749483406544,0.6344988942146301,0.5053499937057495,-0.015908755362033844,0.566639244556427,0.5058261752128601,-0.030560214072465897,0.5276041030883789,0.5072016716003418,-0.03852648660540581,0.49534010887145996,0.507867157459259,-0.04301540553569794,0.6330356597900391,0.5381928086280823,-0.027576277032494545,0.5587530136108398,0.5403974056243896,-0.04256149008870125,0.515422523021698,0.5396209955215454,-0.050212208181619644,0.48039209842681885,0.5358867645263672,-0.05465468019247055,0.6355241537094116,0.5785964131355286,-0.03746924176812172,0.5849611759185791,0.6154921054840088,-0.05066044628620148,0.6041525602340698,0.6239133477210999,-0.048640165477991104,0.6231948733329773,0.616264820098877,-0.04375104233622551,0.6395260691642761,0.6225364804267883,-0.046921078115701675,0.5998362302780151,0.6465572118759155,-0.05305071920156479,0.615244448184967,0.6514859795570374,-0.04608859494328499,0.6322982907295227,0.6442018151283264,-0.03876908868551254
0.7324127554893494,0.6415392160415649,9.019895230721886e-08,0.7042593359947205,0.5775535106658936,0.0037157039623707533,0.6551718711853027,0.5430364608764648,-0.0009936122223734856,0.6124719381332397,0.5446458458900452,-0.007936328649520874,0.586610734462738,0.5591509342193604,-0.015871353447437286,0.6333540678024292,0.5050545930862427,-0.01648750528693199,0.5662341117858887,0.506264865398407,-0.03090297058224678,0.5276457667350769,0.5075727701187134,-0.0386248342692852,0.4956963062286377,0.5079339146614075,-0.04289214313030243,0.6311478018760681,0.5381850600242615,-0.02717224508523941,0.5579490065574646,0.5408334732055664,-0.042156368494033813,0.5143167972564697,0.5394186973571777,-0.05006411671638489,0.478770911693573,0.5349011421203613,-0.05461366847157478,0.6328250169754028,0.5781087279319763,-0.036183182150125504,0.5842993855476379,0.6170129776000977,-0.04939112067222595,0.6035641431808472,0.625402569770813,-0.047999560832977295,0.6224728226661682,0.6169570684432983,-0.04347231611609459,0.6360666155815125,0.6214001774787903,-0.04488801211118698,0.5986798405647278,0.647292971611023,-0.05085274949669838,0.6145984530448914,0.6523901224136353,-0.04442531615495682,0.6317166090011597,0.6442705392837524,-0.037492744624614716
0.7303061485290527,0.640161395072937,9.221145802484898e-08,0.7019346952438354,0.5760605335235596,0.005152581259608269,0.6525520086288452,0.5433253049850464,0.0009723140392452478,0.6100513935089111,0.547987699508667,-0.005831073969602585,0.5846254229545593,0.5644569993019104,-0.013728799298405647,0.6297450661659241,0.5044849514961243,-0.014412852935492992,0.5625995397567749,0.5057559609413147,-0.02837992273271084,0.5247061848640442,0.5072382688522339,-0.03596707060933113,0.4928726553916931,0.5080782175064087,-0.04021506756544113,0.6276831030845642,0.537976861000061,-0.026117408648133278,0.5537516474723816,0.5399017930030823,-0.0404539555311203,0.510056734085083,0.5393891334533691,-0.048448022454977036,0.47420647740364075,0.5364202260971069,-0.05311013013124466,0.6298023462295532,0.5784779787063599,-0.0360991470515728,0.5815223455429077,0.6162846684455872,-0.049255356192588806,0.6017324924468994,0.6238700151443481,-0.04811319708824158,0.6208749413490295,0.6148785948753357,-0.043761011213064194,0.6338055729866028,0.6221309304237366,-0.045617036521434784,0.5963096022605896,0.6473408937454224,-0.051934000104665756,0.6126517057418823,0.6522890329360962,-0.045471448451280594,0.6296810507774353,0.644391655921936,-0.038453634828329086
0.7291026711463928,0.6393435001373291,8.790210870301962e-08,0.6997641324996948,0.5755528807640076,0.0050524258986115456,0.6513165235519409,0.5421168804168701,0.0003227624110877514,0.6090279817581177,0.5436351299285889,-0.006891451310366392,0.5833560824394226,0.5576424598693848,-0.015261316671967506,0.6292004585266113,0.5055959820747375,-0.017017250880599022,0.5606483817100525,0.5066021084785461,-0.0323452465236187,0.5216784477233887,0.5086503028869629,-0.04053863510489464,0.4894389510154724,0.5097240805625916,-0.04494616016745567,0.6280307769775391,0.5383877158164978,-0.028620535507798195,0.5526343584060669,0.5401215553283691,-0.04419249668717384,0.508695125579834,0.53933185338974,-0.05191860347986221,0.4735676646232605,0.5358536243438721,-0.056168701499700546,0.6307448744773865,0.5785024762153625,-0.038414109498262405,0.5803799629211426,0.6170714497566223,-0.05203407630324364,0.5995715856552124,0.6251884698867798,-0.049990154802799225,0.6189081072807312,0.6167476177215576,-0.04482165351510048,0.6350365281105042,0.6219960451126099,-0.047744136303663254,0.5951565504074097,0.6470565795898438,-0.05386132374405861,0.6107958555221558,0.6520296335220337,-0.04672941565513611,0.6281619071960449,0.6439626216888428,-0.03916201740503311
0.7289169430732727,0.6396838426589966,8.86246027675952e-08,0.699785053730011,0.575930655002594,0.004996069706976414,0.650592565536499,0.5420422554016113,0.0009219993371516466,0.6080869436264038,0.5434511303901672,-0.005710009951144457,0.5823923349380493,0.5579049587249756,-0.013465076684951782,0.628031849861145,0.5058755278587341,-0.014768796041607857,0.5604984164237976,0.5068102478981018,-0.029335228726267815,0.5218552947044373,0.5086370706558228,-0.03698834031820297,0.49017953872680664,0.5095771551132202,-0.040912460535764694,0.6263553500175476,0.5383021831512451,-0.026076216250658035,0.5520697236061096,0.539493203163147,-0.04094388708472252,0.5084187388420105,0.5382035374641418,-0.04829121753573418,0.4735047221183777,0.5342587828636169,-0.052081093192100525,0.6287205219268799,0.5778481364250183,-0.03577366843819618,0.579259991645813,0.6159518361091614,-0.049174461513757706,0.5979210734367371,0.625016987323761,-0.04765629395842552,0.616765558719635,0.6172558665275574,-0.042641472071409225,0.6325875520706177,0.6211755275726318,-0.04502730816602707,0.5935408473014832,0.6464601159095764,-0.05088123679161072,0.6087121367454529,0.652301549911499,-0.04415983334183693,0.6256542205810547,0.6449115872383118,-0.03682621568441391
0.7285836935043335,0.6392952799797058,8.194322020926847e-08,0.6996403932571411,0.575883686542511,0.006502989213913679,0.6508883237838745,0.5451391935348511,0.002908433321863413,0.6082090139389038,0.5514242649078369,-0.0034520819317549467,0.5831236839294434,0.5691331028938293,-0.010903806425631046,0.6281562447547913,0.5068254470825195,-0.014446849934756756,0.5608822703361511,0.5069100856781006,-0.02905915305018425,0.5222564935684204,0.5078521966934204,-0.03725762665271759,0.49061334133148193,0.5085912346839905,-0.04166534170508385,0.6264539361000061,0.5392665863037109,-0.0261220782995224,0.552065372467041,0.5401144623756409,-0.04017415642738342,0.5079209208488464,0.537812352180481,-0.04777945205569267,0.47255897521972656,0.5339710116386414,-0.05231999233365059,0.6287670135498047,0.5785592794418335,-0.03593083471059799,0.5779175162315369,0.616094172000885,-0.04789100959897041,0.5969724655151367,0.624176025390625,-0.04600445553660393,0.6164959669113159,0.6166585087776184,-0.04137393459677696,0.6329006552696228,0.6216922998428345,-0.04522794485092163,0.594160258769989,0.6469179391860962,-0.05010051280260086,0.6095150113105774,0.6518869996070862,-0.0431339293718338,0.6266705989837646,0.6442282199859619,-0.03593889996409416
0.7280904054641724,0.6397046446800232,8.404141738083126e-08,0.6995563507080078,0.5759895443916321,0.006804096978157759,0.6506054401397705,0.5455989837646484,0.0033603531774133444,0.6075671315193176,0.553938627243042,-0.0028692784253507853,0.5830485224723816,0.5742185711860657,-0.010220619849860668,0.6282083988189697,0.5063782334327698,-0.014067859388887882,0.5609378218650818,0.5062392354011536,-0.028363298624753952,0.52237468957901,0.5072622299194336,-0.03628482669591904,0.490623414516449,0.5084732174873352,-0.04065559804439545,0.6258516907691956,0.5389062762260437,-0.02601606771349907,0.5510148406028748,0.5394247174263,-0.0398101881146431,0.5071077942848206,0.5379512310028076,-0.04724965617060661,0.4720967710018158,0.5350435972213745,-0.0517130084335804,0.6279677152633667,0.5784804821014404,-0.036058586090803146,0.5773876309394836,0.615534782409668,-0.04783550277352333,0.5971764922142029,0.62382572889328,-0.045749589800834656,0.6169397234916687,0.616437554359436,-0.04108782485127449,0.632235586643219,0.6219497323036194,-0.04558257758617401,0.5949051976203918,0.6470028758049011,-0.050680819898843765,0.6108700037002563,0.651662290096283,-0.043850917369127274,0.6278895735740662,0.6435965299606323,-0.03677208349108696
0.7284829020500183,0.6386674642562866,8.779120719282218e-08,0.6992285847663879,0.5747743844985962,0.00586920278146863,0.6495411992073059,0.5448874831199646,0.0019950084388256073,0.606281578540802,0.5541264414787292,-0.004574383143335581,0.5816123485565186,0.5744901895523071,-0.01226319931447506,0.6271654367446899,0.5057907104492188,-0.014349265955388546,0.5604463219642639,0.50641930103302,-0.029113758355379105,0.5218676924705505,0.50737065076828,-0.03756355121731758,0.48992085456848145,0.5083653926849365,-0.04221343621611595,0.6252029538154602,0.5383588075637817,-0.025787923485040665,0.5517842173576355,0.5397095680236816,-0.04001717269420624,0.5078893303871155,0.538121223449707,-0.04782408848404884,0.47240638732910156,0.5349195599555969,-0.05249512940645218,0.6275606155395508,0.5776208639144897,-0.03543870896100998,0.5772905945777893,0.6159626245498657,-0.04758324474096298,0.5966877937316895,0.6247928142547607,-0.045895110815763474,0.6162948608398438,0.6173286437988281,-0.041395582258701324,0.6318818926811218,0.620694100856781,-0.04464373737573624,0.5940067768096924,0.6475158929824829,-0.04977678135037422,0.6095783710479736,0.6525234580039978,-0.043096620589494705,0.6267368793487549,0.6443777084350586,-0.03609844669699669
0.7278079390525818,0.6385432481765747,8.325752531845865e-08,0.6985152959823608,0.5747066140174866,0.006855633109807968,0.6489225625991821,0.5449011921882629,0.003277895273640752,0.6061308979988098,0.5527073740959167,-0.0031682574190199375,0.5814068913459778,0.5722232460975647,-0.010680901817977428,0.6265796422958374,0.5058308839797974,-0.013689176179468632,0.5600607395172119,0.5062647461891174,-0.02814745530486107,0.5217928886413574,0.5072479844093323,-0.03640231862664223,0.4899498522281647,0.5084728002548218,-0.04110112413764,0.6247938275337219,0.5381262898445129,-0.025820933282375336,0.550534725189209,0.5392848253250122,-0.03981754928827286,0.506665825843811,0.5379010438919067,-0.047625962644815445,0.471235454082489,0.5352033972740173,-0.0525064691901207,0.6274774074554443,0.5775237679481506,-0.036067936569452286,0.5758153796195984,0.6151142716407776,-0.04814792424440384,0.596062958240509,0.6235638856887817,-0.045981764793395996,0.6160845756530762,0.6158905625343323,-0.04132848232984543,0.6324684619903564,0.6206684112548828,-0.04579535871744156,0.5937470197677612,0.6470010876655579,-0.05127399414777756,0.609958827495575,0.651622474193573,-0.04445313289761543,0.6273691654205322,0.6432651281356812,-0.03740672394633293
0.727011501789093,0.6383389234542847,7.819667757757998e-08,0.6975866556167603,0.5752391815185547,0.006574337370693684,0.6477482914924622,0.5448317527770996,0.002918798243626952,0.6046874523162842,0.5508226156234741,-0.003522532759234309,0.579495370388031,0.5686109066009521,-0.011024773120880127,0.6253495216369629,0.5059224963188171,-0.014363839291036129,0.5585417151451111,0.5066239833831787,-0.02913760393857956,0.5200210213661194,0.5078767538070679,-0.03754422813653946,0.4880717992782593,0.5090407133102417,-0.0423109233379364,0.6245713829994202,0.5378702282905579,-0.026418568566441536,0.5503278970718384,0.5397589206695557,-0.040795426815748215,0.5062912702560425,0.5381916761398315,-0.048691071569919586,0.4706973731517792,0.5352606773376465,-0.05359157174825668,0.6281038522720337,0.5770657658576965,-0.036608144640922546,0.5763262510299683,0.6162368059158325,-0.04915745556354523,0.5960437655448914,0.6241567134857178,-0.04718106985092163,0.6159378290176392,0.6159507632255554,-0.04254709556698799,0.6336605548858643,0.6202268600463867,-0.046259015798568726,0.5941336154937744,0.6470887064933777,-0.05208529159426689,0.6098594665527344,0.6514182090759277,-0.045379213988780975,0.627324640750885,0.6426512598991394,-0.03835764527320862
0.7268773317337036,0.6389216780662537,7.948981561867186e-08,0.697510838508606,0.5749419331550598,0.007230903021991253,0.6483509540557861,0.5445309281349182,0.0036650141701102257,0.6065524816513062,0.5505331754684448,-0.0029532546177506447,0.581390380859375,0.5683858394622803,-0.010745513252913952,0.6248108744621277,0.5055578351020813,-0.013310752809047699,0.5579469799995422,0.5071181058883667,-0.02779204398393631,0.5193750858306885,0.5085656046867371,-0.03623291477560997,0.48742496967315674,0.5096617341041565,-0.04108383506536484,0.6238247752189636,0.5377006530761719,-0.02575826272368431,0.5499777793884277,0.539873480796814,-0.03984544798731804,0.5059573650360107,0.5381609797477722,-0.04788544774055481,0.47032198309898376,0.5349308252334595,-0.05294268578290939,0.6271387934684753,0.577288806438446,-0.03631765767931938,0.5754870176315308,0.6162714958190918,-0.04859364405274391,0.5955983400344849,0.6237852573394775,-0.04674182087182999,0.6156083345413208,0.61541348695755,-0.04229239374399185,0.6326958537101746,0.620843231678009,-0.04630319029092789,0.5931893587112427,0.6472338438034058,-0.05188722535967827,0.6091328859329224,0.6512981653213501,-0.04506031423807144,0.6267094612121582,0.6424179077148438,-0.037999384105205536
0.7268753051757812,0.6390150785446167,8.084099079042062e-08,0.697239875793457,0.5749351978302002,0.007708154618740082,0.6480216383934021,0.5454604029655457,0.004115727264434099,0.6070156693458557,0.5538708567619324,-0.0027118746656924486,0.5835158824920654,0.5746974945068359,-0.010758432559669018,0.6244221925735474,0.5054512619972229,-0.012319397181272507,0.5573927164077759,0.5077433586120605,-0.026300569996237755,0.5190926194190979,0.5096041560173035,-0.0345696285367012,0.4876424968242645,0.5111226439476013,-0.039425332099199295,0.6232290863990784,0.5381478667259216,-0.025243842974305153,0.5491816997528076,0.5399839878082275,-0.03879103809595108,0.505646288394928,0.5393718481063843,-0.04681846871972084,0.47060415148735046,0.5370094180107117,-0.051986999809741974,0.6263881325721741,0.5782701373100281,-0.036265403032302856,0.5742688179016113,0.6159253716468811,-0.048052042722702026,0.5954838395118713,0.6236767768859863,-0.04612750560045242,0.6159533858299255,0.6151372790336609,-0.04178725928068161,0.6320406794548035,0.621940016746521,-0.046699654310941696,0.5926373600959778,0.6472089886665344,-0.05198388174176216,0.6092613935470581,0.6515078544616699,-0.04497109353542328,0.6269122362136841,0.6430736184120178,-0.03787209466099739
0.7270459532737732,0.638501763343811,7.731600959459684e-08,0.696307897567749,0.5752739906311035,0.007036352064460516,0.6463725566864014,0.5465125441551208,0.0026736585423350334,0.6053467392921448,0.5558321475982666,-0.004793242551386356,0.5824342370033264,0.5771381855010986,-0.013550658710300922,0.6245154142379761,0.5053194165229797,-0.014601468108594418,0.557036280632019,0.508384644985199,-0.02955240197479725,0.5186130404472351,0.5106830596923828,-0.03838783875107765,0.48692476749420166,0.5123587846755981,-0.04355504736304283,0.6243747472763062,0.5386961102485657,-0.027538202702999115,0.5494655966758728,0.5411118865013123,-0.041849080473184586,0.5058537721633911,0.540530264377594,-0.05005702003836632,0.4706825613975525,0.538647472858429,-0.05538414791226387,0.6282690167427063,0.5792955160140991,-0.038536105304956436,0.5746287703514099,0.6163667440414429,-0.0511024184525013,0.5960900783538818,0.6234038472175598,-0.04900508001446724,0.6170204877853394,0.6151655316352844,-0.04437675327062607,0.634382426738739,0.6232717037200928,-0.04894871264696121,0.5928382277488708,0.6469864249229431,-0.054792191833257675,0.6092706918716431,0.6508690714836121,-0.047532495111227036,0.6273629665374756,0.6429646611213684,-0.04015468433499336
0.7277489900588989,0.6398804187774658,7.884893449272568e-08,0.697565495967865,0.5760595798492432,0.006971787195652723,0.6477146744728088,0.5454953908920288,0.003441035281866789,0.6062281131744385,0.552039384841919,-0.003103428753092885,0.5818987488746643,0.5702733993530273,-0.010715230368077755,0.6246509552001953,0.5060845613479614,-0.01229029893875122,0.5574002265930176,0.5088241696357727,-0.026334907859563828,0.519062876701355,0.510683536529541,-0.034481462091207504,0.4874337911605835,0.5121365189552307,-0.03912315517663956,0.6230512261390686,0.5389476418495178,-0.0246196947991848,0.5488290786743164,0.5412408113479614,-0.03827766701579094,0.5056635141372681,0.5405542850494385,-0.04613771289587021,0.4707498252391815,0.5378190875053406,-0.05100082978606224,0.6258201003074646,0.5787827968597412,-0.035162556916475296,0.5745658278465271,0.6162614822387695,-0.04710535332560539,0.595687747001648,0.6240301728248596,-0.04525560140609741,0.6158265471458435,0.6156866550445557,-0.04078013077378273,0.6308898329734802,0.6221843957901001,-0.04520654305815697,0.5923238396644592,0.6472761631011963,-0.050474267452955246,0.6089732050895691,0.6516216993331909,-0.04365049675107002,0.6264190077781677,0.6433690190315247,-0.03659532591700554
0.7266679406166077,0.6404756903648376,7.363097864754309e-08,0.6970372796058655,0.5771649479866028,0.006592100486159325,0.6473680734634399,0.5459807515144348,0.0027520523872226477,0.605341374874115,0.5525534152984619,-0.004030643031001091,0.5808871388435364,0.5707857608795166,-0.011913513764739037,0.6248545050621033,0.5065720677375793,-0.013407119549810886,0.5576705932617188,0.5084725022315979,-0.027697589248418808,0.5196544528007507,0.5100501775741577,-0.035715751349925995,0.4882166385650635,0.5111767053604126,-0.04020320624113083,0.6239264607429504,0.5394342541694641,-0.02576611004769802,0.5492581129074097,0.5413514375686646,-0.03971821814775467,0.5061399340629578,0.5405905246734619,-0.0474528893828392,0.4711472988128662,0.5378949642181396,-0.05216910317540169,0.6272801160812378,0.5790881514549255,-0.03634491190314293,0.5754194259643555,0.6167789101600647,-0.049038950353860855,0.5962767004966736,0.6244198083877563,-0.0474243126809597,0.6163426637649536,0.6160488128662109,-0.04291873052716255,0.6326731443405151,0.6225637793540955,-0.04636899381875992,0.5929023623466492,0.6477807760238647,-0.052355244755744934,0.6092764735221863,0.6523327827453613,-0.04572495073080063,0.6268170475959778,0.644232988357544,-0.03870990872383118
0.7260956764221191,0.639261782169342,7.153377623581036e-08,0.6961237788200378,0.5759224891662598,0.007842582650482655,0.647208571434021,0.5446066856384277,0.004521672148257494,0.6060622930526733,0.5484322309494019,-0.001953274244442582,0.5817583799362183,0.5650853514671326,-0.009714487008750439,0.6244051456451416,0.5069113373756409,-0.012606722302734852,0.5570616722106934,0.5087365508079529,-0.02640732191503048,0.51936936378479,0.5102660059928894,-0.03405160456895828,0.48824024200439453,0.5115357041358948,-0.038263607770204544,0.6233702898025513,0.5393857359886169,-0.02536648139357567,0.5485945343971252,0.5413383841514587,-0.03893977403640747,0.5055878162384033,0.5406226515769958,-0.046357713639736176,0.471170037984848,0.5381209850311279,-0.05083712562918663,0.6266821622848511,0.5792509913444519,-0.03620917722582817,0.5753349661827087,0.6169692277908325,-0.04812515154480934,0.5952337980270386,0.6249567866325378,-0.046099741011857986,0.6148406863212585,0.616966724395752,-0.04143436998128891,0.6319016218185425,0.6228254437446594,-0.04640640690922737,0.5916646122932434,0.6478108167648315,-0.051508888602256775,0.6074377298355103,0.652480959892273,-0.04438105598092079,0.6248177289962769,0.6446637511253357,-0.037100329995155334
0.7263862490653992,0.6387454271316528,7.07682588085845e-08,0.6965761780738831,0.5761144757270813,0.0073714409954845905,0.6477420926094055,0.5447991490364075,0.004304355941712856,0.6058892607688904,0.5491109490394592,-0.0016936465399339795,0.5811766386032104,0.5659679770469666,-0.008857968263328075,0.6246578097343445,0.5069249272346497,-0.012569190934300423,0.5573181509971619,0.5085874795913696,-0.026351764798164368,0.5193158388137817,0.5099942088127136,-0.033973149955272675,0.4881514012813568,0.5110880136489868,-0.038121335208415985,0.6233994960784912,0.5393210649490356,-0.024734316393733025,0.5485668778419495,0.5416507720947266,-0.038247250020504,0.5053523778915405,0.5409886837005615,-0.04571141302585602,0.4706888198852539,0.5382090210914612,-0.05015029385685921,0.626350998878479,0.5788212418556213,-0.035025473684072495,0.5754615068435669,0.6172088384628296,-0.047043576836586,0.5953738689422607,0.6253294944763184,-0.04531000182032585,0.6148403882980347,0.617222011089325,-0.04073748737573624,0.6311721801757812,0.6222020983695984,-0.044681016355752945,0.5918723344802856,0.6480718851089478,-0.04991129785776138,0.6079384684562683,0.653127908706665,-0.04306979477405548,0.6251218318939209,0.6452699899673462,-0.03591012954711914
0.7264952659606934,0.6395037174224854,7.063361096015797e-08,0.6969960331916809,0.5765784978866577,0.007111644838005304,0.6477454900741577,0.5458765625953674,0.003754515666514635,0.6056714057922363,0.5524016618728638,-0.0025165900588035583,0.5809105634689331,0.5707851052284241,-0.010000533424317837,0.6249869465827942,0.5073564052581787,-0.01337695773690939,0.5580070614814758,0.5087552070617676,-0.027630215510725975,0.5199335217475891,0.5100715160369873,-0.035774797201156616,0.4886910021305084,0.5114439725875854,-0.040216464549303055,0.6238080859184265,0.5402703285217285,-0.025528931990265846,0.5492266416549683,0.5420684218406677,-0.03902997821569443,0.5057661533355713,0.5409340262413025,-0.04653213918209076,0.4709063172340393,0.5384901165962219,-0.05111129954457283,0.6269521713256836,0.57989102602005,-0.03580820560455322,0.5747019648551941,0.6172088980674744,-0.047708310186862946,0.5947301983833313,0.6244641542434692,-0.04585544764995575,0.6146896481513977,0.6161943078041077,-0.04131003096699715,0.6322601437568665,0.6233179569244385,-0.045478157699108124,0.5919857621192932,0.6479871273040771,-0.0507536418735981,0.6078260540962219,0.6524550318717957,-0.043800752609968185,0.6253705620765686,0.6444355845451355,-0.03656022250652313
0.7254696488380432,0.6387535929679871,6.827245613294508e-08,0.6960097551345825,0.5758443474769592,0.007274223491549492,0.6472965478897095,0.5443371534347534,0.0038628731854259968,0.6046085357666016,0.5473463535308838,-0.0023237313143908978,0.5785796642303467,0.5622622966766357,-0.009661280550062656,0.6253777742385864,0.5073972940444946,-0.014347781427204609,0.5579407811164856,0.5080063343048096,-0.028702205047011375,0.5198493599891663,0.5093461275100708,-0.036529652774333954,0.488292932510376,0.5108009576797485,-0.04081560671329498,0.6242566704750061,0.5396328568458557,-0.026477916166186333,0.5491260886192322,0.5414912104606628,-0.04035518318414688,0.5057195425033569,0.540739893913269,-0.04755934700369835,0.47101473808288574,0.538648247718811,-0.05197696015238762,0.6272768974304199,0.5792403817176819,-0.036660682410001755,0.5747483372688293,0.6166052222251892,-0.04881907254457474,0.5948449969291687,0.6241791248321533,-0.04629061743617058,0.6147109866142273,0.6162341833114624,-0.04133737459778786,0.632220983505249,0.6226691007614136,-0.04620655998587608,0.5918513536453247,0.6476102471351624,-0.05184663459658623,0.6078221201896667,0.6522398591041565,-0.04480193927884102,0.6252451539039612,0.6444182395935059,-0.037513695657253265
0.7257096767425537,0.6397969126701355,7.496609555346367e-08,0.6969535946846008,0.5772622227668762,0.007407583296298981,0.6480256915092468,0.5466907024383545,0.004469634499400854,0.6057488322257996,0.552452027797699,-0.0013927166583016515,0.5812757015228271,0.5703884363174438,-0.008314509876072407,0.6244978904724121,0.5068876147270203,-0.012353960424661636,0.5571779012680054,0.5079044699668884,-0.02596447616815567,0.5193220973014832,0.5090310573577881,-0.03333095461130142,0.488166868686676,0.5101257562637329,-0.0374075323343277,0.623331606388092,0.5389302372932434,-0.024669792503118515,0.5484673976898193,0.540659487247467,-0.038161832839250565,0.5054753422737122,0.5395360589027405,-0.04546855017542839,0.47090333700180054,0.5365815162658691,-0.04981881007552147,0.6264738440513611,0.578639030456543,-0.035136282444000244,0.576117992401123,0.6159804463386536,-0.04721415787935257,0.5960974097251892,0.624405026435852,-0.04522072896361351,0.6153298020362854,0.6170870065689087,-0.040471453219652176,0.631585955619812,0.6221981644630432,-0.04498550668358803,0.5933677554130554,0.646970272064209,-0.05037838593125343,0.609382152557373,0.6517837047576904,-0.04351378604769707,0.6259747743606567,0.6443857550621033,-0.036360859870910645
0.7257327437400818,0.6403152942657471,7.129241197390002e-08,0.6965545415878296,0.5771771669387817,0.006894317921251059,0.6469494700431824,0.5450471043586731,0.003987319767475128,0.6050282120704651,0.5489639639854431,-0.0018075016560032964,0.5805461406707764,0.565098762512207,-0.008642811328172684,0.624291181564331,0.5061359405517578,-0.011904354207217693,0.5572404861450195,0.5079643130302429,-0.025307653471827507,0.5194377899169922,0.5094023942947388,-0.03271402046084404,0.48849594593048096,0.5101062059402466,-0.03676919266581535,0.6230865120887756,0.5389038324356079,-0.023831423372030258,0.5494332313537598,0.5408318638801575,-0.037203576415777206,0.5065699815750122,0.5395817160606384,-0.04460420086979866,0.47194045782089233,0.5359362363815308,-0.04896528646349907,0.6259267330169678,0.5785316228866577,-0.03403307870030403,0.576353907585144,0.6164775490760803,-0.04623722657561302,0.5959137082099915,0.6247847676277161,-0.04489065334200859,0.6152765154838562,0.6170586347579956,-0.04045764356851578,0.630575954914093,0.6219727396965027,-0.04365501552820206,0.5926327109336853,0.6469959616661072,-0.048975154757499695,0.6085317730903625,0.6518270969390869,-0.042503416538238525,0.625552773475647,0.6440743207931519,-0.035612329840660095
0.7251667380332947,0.6420673131942749,6.538459018656795e-08,0.696548581123352,0.5788260698318481,0.006605028174817562,0.6481196284294128,0.5466166138648987,0.0031582603696733713,0.6066934466362,0.5523571372032166,-0.0032412903383374214,0.5827619433403015,0.5702953934669495,-0.010688683949410915,0.6250865459442139,0.5062669515609741,-0.013014129363000393,0.5582015514373779,0.5083894729614258,-0.027384690940380096,0.5201536417007446,0.5100064277648926,-0.03571506217122078,0.48919355869293213,0.5107495784759521,-0.04043002426624298,0.624337375164032,0.5391179919242859,-0.025312457233667374,0.5502026081085205,0.5414400696754456,-0.03938926011323929,0.5068361759185791,0.5396533012390137,-0.04750753194093704,0.47189992666244507,0.535640299320221,-0.05252759903669357,0.6275238990783691,0.5788241028785706,-0.035886120051145554,0.576692521572113,0.6155954599380493,-0.048750992864370346,0.5969063639640808,0.6235380172729492,-0.047370657324790955,0.6168494820594788,0.6158366799354553,-0.04292039945721626,0.6325557827949524,0.6224187016487122,-0.045914553105831146,0.5934206247329712,0.6467670798301697,-0.05198751762509346,0.6093506813049316,0.6515036821365356,-0.045471832156181335,0.6266202330589294,0.6438825130462646,-0.03847288712859154
0.7241151332855225,0.6435445547103882,6.850141431868906e-08,0.6957569122314453,0.5796136856079102,0.00629006139934063,0.6478991508483887,0.5450416803359985,0.002930700546130538,0.6063041090965271,0.5459904670715332,-0.0032193853985518217,0.5812737941741943,0.5607103705406189,-0.010423983447253704,0.6254477500915527,0.5059713125228882,-0.012581216171383858,0.5581222772598267,0.5076531171798706,-0.026362622156739235,0.520168125629425,0.50873863697052,-0.03415954113006592,0.4890146851539612,0.509080708026886,-0.03857836499810219,0.6236774325370789,0.5384799242019653,-0.024507731199264526,0.5496422052383423,0.5403664708137512,-0.038560833781957626,0.5068408846855164,0.5387700200080872,-0.046453122049570084,0.47235676646232605,0.534390389919281,-0.051130883395671844,0.625835657119751,0.5784217715263367,-0.03471629321575165,0.575620710849762,0.614609956741333,-0.047597140073776245,0.5953536629676819,0.6236644387245178,-0.04599008336663246,0.6147280931472778,0.6164854168891907,-0.04129527881741524,0.6298252940177917,0.621783435344696,-0.044400058686733246,0.5913244485855103,0.646060585975647,-0.050444744527339935,0.6074014902114868,0.6516883373260498,-0.0438019223511219,0.6244952082633972,0.6447712779045105,-0.036649007350206375
0.7234810590744019,0.6432675719261169,6.193479151761494e-08,0.6955808401107788,0.5795520544052124,0.0047785439528524876,0.6474742889404297,0.5442938208580017,0.000689654320012778,0.605609655380249,0.5454418659210205,-0.005833490286022425,0.5808442234992981,0.5600118637084961,-0.01339301560074091,0.625874400138855,0.5049044489860535,-0.014440445229411125,0.5581427812576294,0.506668746471405,-0.028630448505282402,0.5199836492538452,0.5081702470779419,-0.036501429975032806,0.4885519742965698,0.5085269212722778,-0.04093019664287567,0.6238894462585449,0.5384355783462524,-0.02580117993056774,0.5494548678398132,0.5404686331748962,-0.04018751531839371,0.5068879723548889,0.5397291779518127,-0.047955453395843506,0.4725339114665985,0.5356080532073975,-0.052457571029663086,0.6257103681564331,0.578719973564148,-0.03557122126221657,0.5760539174079895,0.6138855218887329,-0.048949796706438065,0.5959011912345886,0.6225688457489014,-0.04763045534491539,0.6151997447013855,0.6150976419448853,-0.04298210144042969,0.629219114780426,0.6221798658370972,-0.04490404576063156,0.5907014608383179,0.6449872255325317,-0.05119752511382103,0.6066506505012512,0.6506723165512085,-0.044690996408462524,0.6236039996147156,0.6441448330879211,-0.03760121762752533
0.7224706411361694,0.6430699825286865,6.081413062020147e-08,0.6942348480224609,0.5781080722808838,0.005045467987656593,0.6465176343917847,0.543247401714325,0.0007553827599622309,0.6052783131599426,0.5440492033958435,-0.006090804003179073,0.5803844332695007,0.5578358173370361,-0.014003953896462917,0.6251122355461121,0.503582239151001,-0.01431336347013712,0.5582806468009949,0.5062461495399475,-0.02854970656335354,0.5203901529312134,0.5078966617584229,-0.03663652762770653,0.48896145820617676,0.5077237486839294,-0.041333507746458054,0.6232645511627197,0.5370497703552246,-0.02590157836675644,0.5495617389678955,0.5402857661247253,-0.040335845202207565,0.5070388913154602,0.5397339463233948,-0.04823651909828186,0.4723416864871979,0.5352593660354614,-0.05296776071190834,0.6252852082252502,0.5775566697120667,-0.03585636615753174,0.575369656085968,0.6141481399536133,-0.04939919337630272,0.5956816673278809,0.6236712336540222,-0.04817018285393715,0.6154478788375854,0.6162295341491699,-0.043703872710466385,0.6291812062263489,0.6211078763008118,-0.045352283865213394,0.5912155508995056,0.6459380388259888,-0.051987696439027786,0.6073464751243591,0.6516543626785278,-0.045771434903144836,0.6245670914649963,0.6443561315536499,-0.03893236070871353
0.7208651900291443,0.6459643244743347,5.318651119523565e-08,0.6941152215003967,0.5808404088020325,0.005609352607280016,0.6463949680328369,0.5470555424690247,0.0010339944856241345,0.6050732135772705,0.5505805611610413,-0.006225704215466976,0.580787181854248,0.5673391222953796,-0.014688091352581978,0.6248800158500671,0.5052511096000671,-0.01488783024251461,0.5574572682380676,0.5069491267204285,-0.029272427782416344,0.51943039894104,0.508197009563446,-0.0376817062497139,0.48788416385650635,0.5078744888305664,-0.04273252189159393,0.624110996723175,0.5389174222946167,-0.027106961235404015,0.5497775673866272,0.5412560701370239,-0.041546523571014404,0.5075781941413879,0.5402788519859314,-0.04950343072414398,0.4735252857208252,0.5358183979988098,-0.05454830452799797,0.6269361972808838,0.5793155431747437,-0.03757596015930176,0.5744689702987671,0.6133897304534912,-0.05108201503753662,0.5947147607803345,0.6224285960197449,-0.04959264025092125,0.6150619983673096,0.6153678894042969,-0.04517504572868347,0.6313868761062622,0.6226482391357422,-0.047515034675598145,0.592061460018158,0.6449331045150757,-0.0543886162340641,0.6081812977790833,0.6494081616401672,-0.04811226949095726,0.6260525584220886,0.6415504813194275,-0.04134219139814377
0.7196272015571594,0.6441450715065002,5.751899934125504e-08,0.6926092505455017,0.5784555077552795,0.00508895143866539,0.6450327634811401,0.5452711582183838,-0.0003988952958025038,0.6039115786552429,0.5498864650726318,-0.008446102030575275,0.5798175930976868,0.5676649808883667,-0.01785111613571644,0.6246118545532227,0.5046778917312622,-0.01672735996544361,0.5565198659896851,0.5066182613372803,-0.031190073117613792,0.5185765027999878,0.5079808831214905,-0.039543017745018005,0.4867178201675415,0.507468044757843,-0.04470179229974747,0.6233420968055725,0.5389024615287781,-0.02882176823914051,0.5489528775215149,0.5412927865982056,-0.04324870929121971,0.5075200796127319,0.5409266352653503,-0.050748493522405624,0.47393113374710083,0.536675751209259,-0.0556531697511673,0.6255170702934265,0.5798557996749878,-0.03910691291093826,0.573650062084198,0.6129424571990967,-0.052123717963695526,0.5944176912307739,0.6213857531547546,-0.05007056146860123,0.614849865436554,0.6141399145126343,-0.045652247965335846,0.6293315291404724,0.6231379508972168,-0.048937905579805374,0.5906115174293518,0.644159197807312,-0.05529109388589859,0.607329785823822,0.6484659314155579,-0.04848241060972214,0.6253272294998169,0.6412730813026428,-0.04162237420678139
0.7199543118476868,0.6422438621520996,2.9642936993923286e-08,0.6925801634788513,0.5779160261154175,0.003476315876469016,0.6439257264137268,0.5448617935180664,-0.0020123091526329517,0.6023845672607422,0.5479004383087158,-0.009579665958881378,0.5771133303642273,0.5636966228485107,-0.018352076411247253,0.6239919662475586,0.5035750865936279,-0.017771795392036438,0.5556687712669373,0.507718563079834,-0.03256846219301224,0.5172470808029175,0.5120253562927246,-0.04125985875725746,0.48539096117019653,0.5139724612236023,-0.04643826559185982,0.6229855418205261,0.5386095643043518,-0.028627516701817513,0.5504939556121826,0.5422826409339905,-0.04281144589185715,0.5091195106506348,0.5442397594451904,-0.05030503869056702,0.47502851486206055,0.5420764684677124,-0.05514061823487282,0.6249514222145081,0.5795691013336182,-0.03784523159265518,0.5753971338272095,0.612784743309021,-0.05070309340953827,0.5959193110466003,0.6192967295646667,-0.04907654598355293,0.6161085367202759,0.6112333536148071,-0.044917427003383636,0.62836092710495,0.6228934526443481,-0.04674763232469559,0.591285765171051,0.6426738500595093,-0.052991997450590134,0.6076735258102417,0.646519660949707,-0.046377576887607574,0.625598132610321,0.6397396326065063,-0.03957143798470497
0.7191464304924011,0.6417173147201538,3.5216952909422616e-08,0.6916050910949707,0.576503574848175,0.0033343015238642693,0.6430548429489136,0.5435361266136169,-0.002664444502443075,0.6015686988830566,0.5461905598640442,-0.010642323642969131,0.5765827298164368,0.561636745929718,-0.020020119845867157,0.623967707157135,0.503082275390625,-0.020397502928972244,0.556442379951477,0.5071374177932739,-0.035305578261613846,0.5183869004249573,0.5109683871269226,-0.043920036405324936,0.4863555133342743,0.5122131109237671,-0.04929839447140694,0.6235547065734863,0.5387977957725525,-0.03141990303993225,0.5509427189826965,0.5437254309654236,-0.04630875587463379,0.5090619325637817,0.5454508662223816,-0.05411366745829582,0.4746130108833313,0.5431806445121765,-0.05935445800423622,0.6257641315460205,0.5802760720252991,-0.04055360332131386,0.5751076936721802,0.612044095993042,-0.053810037672519684,0.5955166220664978,0.617750346660614,-0.05182284489274025,0.6157479286193848,0.6097702383995056,-0.047544803470373154,0.6293022632598877,0.6237210631370544,-0.0493287667632103,0.5902977585792542,0.6429113745689392,-0.056144166737794876,0.6061593294143677,0.6459909677505493,-0.04949655011296272,0.6240997314453125,0.6389747262001038,-0.04268994182348251
0.7191532254219055,0.6417175531387329,5.40470850296515e-08,0.6917744874954224,0.5761137008666992,0.0034061893820762634,0.6437980532646179,0.5422362685203552,-0.0026555852964520454,0.6024048924446106,0.5451826453208923,-0.010675869882106781,0.5774449706077576,0.5611094236373901,-0.020185157656669617,0.6253300905227661,0.5031528472900391,-0.020714521408081055,0.5577247738838196,0.5065863728523254,-0.036072906106710434,0.5195427536964417,0.5096954107284546,-0.044815436005592346,0.48751190304756165,0.5106010437011719,-0.049990326166152954,0.6238794326782227,0.5394914746284485,-0.03180186450481415,0.5510867834091187,0.5418233275413513,-0.04668958857655525,0.5089759826660156,0.5422333478927612,-0.05421715974807739,0.47481465339660645,0.5394428372383118,-0.059024497866630554,0.6255224943161011,0.5812676548957825,-0.041037656366825104,0.5745739340782166,0.6115785241127014,-0.05450356379151344,0.595086395740509,0.6181610822677612,-0.0524754635989666,0.6157301664352417,0.6107913851737976,-0.04785849526524544,0.6288406848907471,0.6248314380645752,-0.0498630627989769,0.5897666215896606,0.6425796151161194,-0.05669155716896057,0.6057511568069458,0.6462649703025818,-0.04981475695967674,0.6237784028053284,0.6397314667701721,-0.042641621083021164
0.7199647426605225,0.6396756172180176,5.296336880178387e-08,0.6923192143440247,0.5746825933456421,0.004336935468018055,0.6445513963699341,0.5418819785118103,-0.0008653910481370986,0.6037864685058594,0.5450736880302429,-0.008413105271756649,0.5789177417755127,0.5612776875495911,-0.017417041584849358,0.6244614124298096,0.5029122829437256,-0.017491415143013,0.5569376349449158,0.5066624879837036,-0.03188481554389,0.5195802450180054,0.5088068246841431,-0.04024837538599968,0.48841339349746704,0.5087700486183167,-0.04528927430510521,0.6236783266067505,0.5382509827613831,-0.029073059558868408,0.5505538582801819,0.542050838470459,-0.04329115152359009,0.5087344646453857,0.5418314337730408,-0.05103656277060509,0.4748142957687378,0.5383553504943848,-0.05613157898187637,0.6262224316596985,0.5799886584281921,-0.03890535980463028,0.5743193030357361,0.6115094423294067,-0.05251016467809677,0.594523549079895,0.6189331412315369,-0.05105758085846901,0.6149567365646362,0.6116434931755066,-0.04677310585975647,0.6304551362991333,0.6239657998085022,-0.04819370061159134,0.5902110934257507,0.6431046724319458,-0.05549287050962448,0.6058355569839478,0.6467483043670654,-0.04904276877641678,0.6236764788627625,0.640056848526001,-0.042125582695007324
0.720196008682251,0.6398880481719971,7.367551546622053e-08,0.6926217675209045,0.5754690766334534,0.0017631021328270435,0.6451461911201477,0.5412943959236145,-0.004478119313716888,0.6037134528160095,0.543839156627655,-0.012624844908714294,0.5790578722953796,0.5602231025695801,-0.02212219499051571,0.6263260841369629,0.5031874179840088,-0.020550662651658058,0.5598853826522827,0.5051431655883789,-0.03645569458603859,0.5220791697502136,0.5066646337509155,-0.04559564217925072,0.49044257402420044,0.5066041946411133,-0.05081939324736595,0.6253204345703125,0.5390205383300781,-0.03127170354127884,0.5536770224571228,0.540311872959137,-0.046969033777713776,0.5110504627227783,0.538625180721283,-0.05524469539523125,0.4762410521507263,0.5344467759132385,-0.06034127622842789,0.6274059414863586,0.5806718468666077,-0.040446046739816666,0.5767046213150024,0.6106378436088562,-0.055427905172109604,0.595301628112793,0.6175942420959473,-0.054294295608997345,0.6150811910629272,0.6108857989311218,-0.04967992380261421,0.6304665803909302,0.6247010827064514,-0.04930137097835541,0.5896825790405273,0.6426030397415161,-0.05724681168794632,0.6040092706680298,0.6466708779335022,-0.05088244006037712,0.6216982007026672,0.6408575773239136,-0.04373924806714058
0.7207894921302795,0.635127067565918,8.659062444849042e-08,0.6943609714508057,0.5713648200035095,0.0023903707042336464,0.6465428471565247,0.537956953048706,-0.0037575503811240196,0.6039586663246155,0.5406866073608398,-0.011606884188950062,0.5789125561714172,0.5546246767044067,-0.0206940658390522,0.6285106539726257,0.5010830760002136,-0.022065673023462296,0.5625051856040955,0.5003843903541565,-0.03880782052874565,0.524513840675354,0.500206708908081,-0.04848526790738106,0.49342241883277893,0.5000251531600952,-0.05383829027414322,0.6274398565292358,0.5367650389671326,-0.03236381709575653,0.5550912022590637,0.5350325107574463,-0.04842597618699074,0.511643648147583,0.5306740403175354,-0.05660098418593407,0.47708797454833984,0.5263916254043579,-0.061695490032434464,0.6293711066246033,0.5779439210891724,-0.040860336273908615,0.5750135779380798,0.6059166193008423,-0.05485234037041664,0.5930863618850708,0.6130120158195496,-0.052162375301122665,0.6129751205444336,0.608102023601532,-0.04673903062939644,0.6327319145202637,0.621064305305481,-0.04902667924761772,0.5902521014213562,0.6374199390411377,-0.05600866302847862,0.6041054129600525,0.6411997079849243,-0.04883657395839691,0.621351420879364,0.635443925857544,-0.04119417443871498
0.7206208109855652,0.6363759636878967,8.090789549441979e-08,0.6947376132011414,0.572578489780426,0.004157529212534428,0.6480576992034912,0.5397545695304871,-0.0007754048565402627,0.60596764087677,0.5442731380462646,-0.007741414476186037,0.5806970596313477,0.5602059364318848,-0.01593615487217903,0.6284285187721252,0.5007622838020325,-0.018074899911880493,0.5633379817008972,0.4992275834083557,-0.033254627138376236,0.5257464051246643,0.498956561088562,-0.04220683500170708,0.4949207305908203,0.4987347424030304,-0.047217730432748795,0.6265016794204712,0.5351599454879761,-0.02867283672094345,0.5552995204925537,0.5328294038772583,-0.043082427233457565,0.511920690536499,0.529363751411438,-0.050948165357112885,0.4769861698150635,0.5252038240432739,-0.05594959110021591,0.6277820467948914,0.5753270387649536,-0.03741572052240372,0.5747687220573425,0.604239284992218,-0.049938928335905075,0.5923184156417847,0.6125051379203796,-0.04778274521231651,0.6116649508476257,0.6076862812042236,-0.04306036978960037,0.6306560039520264,0.6182504892349243,-0.045710641890764236,0.5896919369697571,0.6366661190986633,-0.05168144777417183,0.6034505367279053,0.6412580013275146,-0.04477537050843239,0.6204248070716858,0.6353435516357422,-0.037504736334085464
0.7196952700614929,0.6347199082374573,8.945927021386524e-08,0.6930789351463318,0.5712257623672485,0.004088121931999922,0.6466010212898254,0.5390943288803101,-0.001314300810918212,0.6046627759933472,0.5435909032821655,-0.008811558596789837,0.5797063112258911,0.5602487325668335,-0.017645414918661118,0.6279138326644897,0.5007401704788208,-0.019146105274558067,0.5626649856567383,0.49861472845077515,-0.034619856625795364,0.5252261161804199,0.4980197548866272,-0.04368731379508972,0.4943004846572876,0.49750059843063354,-0.04887516051530838,0.6262155175209045,0.5348324775695801,-0.029923008754849434,0.5549414753913879,0.5321904420852661,-0.044786807149648666,0.511782705783844,0.5282965898513794,-0.05272350460290909,0.47705399990081787,0.5240814685821533,-0.057857345789670944,0.6276121139526367,0.5753260850906372,-0.03878592327237129,0.5743745565414429,0.6039028167724609,-0.051518820226192474,0.5927250385284424,0.6116530299186707,-0.048932310193777084,0.6125587821006775,0.6068647503852844,-0.04398547112941742,0.6306154727935791,0.6181347966194153,-0.047221627086400986,0.5894771218299866,0.6359283924102783,-0.053433626890182495,0.6036404371261597,0.6399994492530823,-0.04634970426559448,0.6207999587059021,0.6342876553535461,-0.039004988968372345
0.7193348407745361,0.6362669467926025,7.799275891784418e-08,0.6937625408172607,0.5727479457855225,0.0038660087157040834,0.648099422454834,0.5379103422164917,-0.0009683934040367603,0.6058920621871948,0.5376288890838623,-0.007800926920026541,0.5791322588920593,0.5498842597007751,-0.015844620764255524,0.6288740038871765,0.5006609559059143,-0.018086636438965797,0.5630425810813904,0.4980316758155823,-0.033290740102529526,0.525281548500061,0.49726492166519165,-0.04178602248430252,0.49442678689956665,0.49662697315216064,-0.04643542319536209,0.6269659399986267,0.5339241027832031,-0.028788277879357338,0.554057240486145,0.5313804745674133,-0.04372531920671463,0.5111488699913025,0.5272432565689087,-0.05144431069493294,0.4767163395881653,0.5224443674087524,-0.056028831750154495,0.628362774848938,0.5739985704421997,-0.037742871791124344,0.5742868781089783,0.6036777496337891,-0.05184033513069153,0.5926604866981506,0.6114501357078552,-0.049992635846138,0.6123982667922974,0.6060744524002075,-0.044950563460588455,0.6312376260757446,0.6169924736022949,-0.04615408182144165,0.5892974138259888,0.6355350613594055,-0.053810615092515945,0.6036588549613953,0.6404069662094116,-0.047448016703128815,0.6209381818771362,0.6349111199378967,-0.04020041227340698
0.719190776348114,0.6348506808280945,8.59279793985479e-08,0.6937878131866455,0.5711221694946289,0.002834747778251767,0.6477434635162354,0.5365636348724365,-0.0023180970456451178,0.6054615378379822,0.5373261570930481,-0.009317280724644661,0.5794678330421448,0.5503906607627869,-0.017528198659420013,0.628112256526947,0.5005347728729248,-0.018323080614209175,0.5627199411392212,0.49766677618026733,-0.033184539526700974,0.5253605246543884,0.49633875489234924,-0.041307833045721054,0.49441441893577576,0.49489426612854004,-0.04576635733246803,0.62564617395401,0.5334631204605103,-0.0284477099776268,0.5541622638702393,0.5311965942382812,-0.043321892619132996,0.5122149586677551,0.5269609689712524,-0.05087093263864517,0.4777994155883789,0.5214404463768005,-0.0552232563495636,0.6267010569572449,0.5730586647987366,-0.0369417779147625,0.575424313545227,0.6045375466346741,-0.050831884145736694,0.5941652059555054,0.6118797063827515,-0.049392711371183395,0.6134864687919617,0.6051030158996582,-0.04466432332992554,0.6292433142662048,0.6155441403388977,-0.04499984160065651,0.5893760323524475,0.6356536746025085,-0.05205729231238365,0.6042312383651733,0.6403611898422241,-0.04575125500559807,0.6214205026626587,0.6342315673828125,-0.038698188960552216
0.7187443971633911,0.6351137757301331,8.820798313990963e-08,0.6941260099411011,0.5712733268737793,0.001996350707486272,0.6483038067817688,0.5362143516540527,-0.003147869138047099,0.6053066849708557,0.5381615161895752,-0.009957797825336456,0.5794074535369873,0.5514882802963257,-0.017923446372151375,0.6281610727310181,0.5007700324058533,-0.019034670665860176,0.5632358193397522,0.4976949393749237,-0.034126944839954376,0.5256798267364502,0.4968920946121216,-0.04233631119132042,0.4948868453502655,0.49596303701400757,-0.04684675484895706,0.6260563135147095,0.5334382057189941,-0.028762727975845337,0.5547524690628052,0.5311192274093628,-0.04397924244403839,0.5120998024940491,0.5269190073013306,-0.05170664191246033,0.4777787923812866,0.5214715003967285,-0.05623793229460716,0.6272194385528564,0.5729280114173889,-0.03693060204386711,0.5755401849746704,0.6038526296615601,-0.050984401255846024,0.5933619141578674,0.6118114590644836,-0.049294017255306244,0.6125260591506958,0.605826735496521,-0.04440753534436226,0.6295543909072876,0.6156031489372253,-0.04477834701538086,0.5891328454017639,0.6365742087364197,-0.05222237482666969,0.6033880710601807,0.6413846015930176,-0.04612286761403084,0.6203292012214661,0.6352459192276001,-0.03920307010412216
0.718792200088501,0.633611798286438,9.3903423703523e-08,0.6933193206787109,0.5706388354301453,0.002312870929017663,0.6482259631156921,0.5355148911476135,-0.003543427912518382,0.6052595973014832,0.5362619161605835,-0.011073559522628784,0.5790699124336243,0.5483992099761963,-0.01982920989394188,0.6283385157585144,0.5004026293754578,-0.021045830100774765,0.5631210803985596,0.49751320481300354,-0.03719143569469452,0.5256665349006653,0.49645519256591797,-0.046000219881534576,0.4949333667755127,0.4953477680683136,-0.05079619958996773,0.6270070672035217,0.5336492657661438,-0.03112262859940529,0.5551666617393494,0.5304438471794128,-0.04729905351996422,0.5123435258865356,0.5256237983703613,-0.055307719856500626,0.47806769609451294,0.5199880003929138,-0.0600033737719059,0.6287796497344971,0.5736180543899536,-0.039447177201509476,0.5752053260803223,0.6032423377037048,-0.054047662764787674,0.5922964215278625,0.6124751567840576,-0.051793213933706284,0.6114188432693481,0.6076360940933228,-0.04640757292509079,0.6315695643424988,0.6165075302124023,-0.04736185073852539,0.5892453789710999,0.6360985040664673,-0.054938968271017075,0.6028086543083191,0.6413462162017822,-0.048345353454351425,0.6196458339691162,0.6355606317520142,-0.04098356515169144
0.717987060546875,0.6324217915534973,9.473738060705728e-08,0.6923726797103882,0.5703677535057068,0.002313041128218174,0.6464799642562866,0.5354359745979309,-0.0030904910527169704,0.6035445332527161,0.5364211201667786,-0.010142752900719643,0.5774013996124268,0.5485438704490662,-0.018321553245186806,0.62834632396698,0.49947381019592285,-0.019722800701856613,0.5631698369979858,0.4961748421192169,-0.03509758040308952,0.5259371995925903,0.4952753186225891,-0.0431898795068264,0.4953833520412445,0.49453485012054443,-0.04736161604523659,0.6263046860694885,0.5326471328735352,-0.02956564910709858,0.5544005036354065,0.5292533040046692,-0.04488131031394005,0.5119572281837463,0.5246737599372864,-0.0523911714553833,0.4777066111564636,0.5192718505859375,-0.05654436722397804,0.6273950338363647,0.5723301768302917,-0.0377681590616703,0.5757418870925903,0.6043274998664856,-0.05203469842672348,0.5937383770942688,0.6122902631759644,-0.05052641034126282,0.6129720211029053,0.6061046123504639,-0.04551747068762779,0.6295719146728516,0.6150262951850891,-0.0455293133854866,0.5886825323104858,0.6360516548156738,-0.05277644097805023,0.6029817461967468,0.6412961483001709,-0.04644935205578804,0.6198827624320984,0.6353034973144531,-0.03926248103380203
0.7187665700912476,0.6321659684181213,9.688880453495585e-08,0.6930848956108093,0.569962739944458,0.002273671329021454,0.6470045447349548,0.5343668460845947,-0.0028854224365204573,0.6041265726089478,0.5344491004943848,-0.009704738855361938,0.5777285695075989,0.5464989542961121,-0.0176270492374897,0.6280531287193298,0.49822333455085754,-0.01871049776673317,0.5632520318031311,0.4949023127555847,-0.03395868465304375,0.5262075662612915,0.4938567578792572,-0.042088333517313004,0.49582046270370483,0.4930602014064789,-0.04621637612581253,0.6259273290634155,0.5314310789108276,-0.0284266397356987,0.5541865229606628,0.5281672477722168,-0.04364515841007233,0.5114920735359192,0.5240741968154907,-0.05133950710296631,0.47727400064468384,0.5191366076469421,-0.055505651980638504,0.6270907521247864,0.5712779760360718,-0.03656258061528206,0.5766287446022034,0.6032199263572693,-0.05073757469654083,0.5940449237823486,0.6129526495933533,-0.049414485692977905,0.6127269268035889,0.6082297563552856,-0.044393617659807205,0.6292552351951599,0.6141886115074158,-0.04427528381347656,0.5892072319984436,0.6346688866615295,-0.05125002562999725,0.6032832860946655,0.6408634781837463,-0.044897809624671936,0.619672417640686,0.6359232068061829,-0.037609346210956573
0.7196007370948792,0.6341635584831238,8.994530986683458e-08,0.6935666799545288,0.5711864233016968,0.00305515737272799,0.6473245024681091,0.5349578857421875,-0.0012883729068562388,0.6053159832954407,0.5345759391784668,-0.00758970994502306,0.579351544380188,0.5465830564498901,-0.014929261058568954,0.6279191374778748,0.49848800897598267,-0.016238592565059662,0.5637065172195435,0.4946666657924652,-0.03092292882502079,0.5265350937843323,0.49319988489151,-0.03885100409388542,0.495761513710022,0.4922073185443878,-0.0429585836827755,0.6251949071884155,0.5310794115066528,-0.026396047323942184,0.5539039373397827,0.5278044939041138,-0.04108889400959015,0.5113380551338196,0.5238287448883057,-0.04872285574674606,0.47678375244140625,0.5188663005828857,-0.05283782258629799,0.6262627243995667,0.570496678352356,-0.035076916217803955,0.576494038105011,0.6035677790641785,-0.04895267263054848,0.5948328971862793,0.6122917532920837,-0.04796552658081055,0.6138432621955872,0.6062307953834534,-0.043229516595602036,0.6287639737129211,0.6134515404701233,-0.04333796724677086,0.5896252393722534,0.6349568367004395,-0.05015154182910919,0.6042521595954895,0.6405702233314514,-0.04404477775096893,0.6208773255348206,0.6345511674880981,-0.0369960255920887
0.718856692314148,0.6347987055778503,9.846678494795924e-08,0.6936315894126892,0.5705490112304688,0.002630579983815551,0.648173451423645,0.5345666408538818,-0.002494688844308257,0.6062912344932556,0.5349858403205872,-0.00949093233793974,0.5806340575218201,0.5477129220962524,-0.017702236771583557,0.6286893486976624,0.4988839626312256,-0.01861613430082798,0.5636969804763794,0.4947870969772339,-0.03397655487060547,0.526084303855896,0.4931570887565613,-0.04213367775082588,0.49522194266319275,0.4917334318161011,-0.04636663943529129,0.6259496212005615,0.5316647887229919,-0.028573159128427505,0.5544693470001221,0.5280018448829651,-0.04403790459036827,0.511696457862854,0.5237555503845215,-0.051687803119421005,0.47728484869003296,0.5180833339691162,-0.05577743053436279,0.6267821192741394,0.5710311532020569,-0.03692345693707466,0.5755046606063843,0.602792501449585,-0.05109164118766785,0.5930169820785522,0.612540066242218,-0.04969804361462593,0.6119208335876465,0.6070590019226074,-0.04470735788345337,0.6288577914237976,0.6137956976890564,-0.04488663002848625,0.5894300937652588,0.6348946690559387,-0.051973842084407806,0.6035285592079163,0.6405722498893738,-0.0458785742521286,0.6201500296592712,0.6343542337417603,-0.03879474848508835
0.719120442867279,0.6338608860969543,9.311816029367037e-08,0.6943837404251099,0.5710087418556213,0.0029017131309956312,0.6481375694274902,0.5356245636940002,-0.0016491906717419624,0.606021523475647,0.5357680320739746,-0.008181540295481682,0.5803884267807007,0.5485702753067017,-0.01585165411233902,0.62901371717453,0.4983460307121277,-0.017320482060313225,0.5631998181343079,0.4937412440776825,-0.03197769448161125,0.5257578492164612,0.4920618236064911,-0.039574429392814636,0.4954107999801636,0.49042361974716187,-0.043368346989154816,0.626331090927124,0.5306960940361023,-0.027330148965120316,0.553502082824707,0.5272706747055054,-0.0419173389673233,0.5108866691589355,0.5224321484565735,-0.0492352731525898,0.4770119786262512,0.5162711143493652,-0.05312453582882881,0.6272438168525696,0.5702174305915833,-0.0358014777302742,0.5772911310195923,0.6020636558532715,-0.04951804131269455,0.5945817232131958,0.6116607785224915,-0.048326168209314346,0.6132740378379822,0.6065794825553894,-0.0434274859726429,0.6292029023170471,0.6133208274841309,-0.04386809468269348,0.5890934467315674,0.6331788301467896,-0.0505974143743515,0.6030150055885315,0.6395613551139832,-0.04429643228650093,0.6195665597915649,0.6349830627441406,-0.03707079961895943
0.7194312810897827,0.6341853141784668,8.852970978523445e-08,0.6941903829574585,0.5705837607383728,0.0032468680292367935,0.6477465033531189,0.5345555543899536,-0.0010462942300364375,0.6055311560630798,0.5349712371826172,-0.007301929872483015,0.5796265006065369,0.5486247539520264,-0.014598775655031204,0.6290181875228882,0.4982304275035858,-0.016425976529717445,0.5629076361656189,0.49316245317459106,-0.030443625524640083,0.5252529382705688,0.4910682439804077,-0.0378747433423996,0.4945877492427826,0.48923441767692566,-0.041746675968170166,0.6256871819496155,0.5307213664054871,-0.026246793568134308,0.553765594959259,0.5272535085678101,-0.04002903029322624,0.5114415884017944,0.522902250289917,-0.047332968562841415,0.47769689559936523,0.5170549750328064,-0.05149660259485245,0.6259371042251587,0.5699166059494019,-0.03450288251042366,0.5763262510299683,0.6011375784873962,-0.04678782448172569,0.594294011592865,0.6097090244293213,-0.04552644118666649,0.6133028268814087,0.6036983132362366,-0.04115501046180725,0.6274186372756958,0.6123944520950317,-0.042422451078891754,0.5891660451889038,0.6327174305915833,-0.04803800582885742,0.60359126329422,0.6383663415908813,-0.0419141948223114,0.6201876997947693,0.6328880786895752,-0.03516557812690735
0.720831573009491,0.6351734399795532,9.509876264246486e-08,0.6951106786727905,0.5705229043960571,0.003959127701818943,0.6479830741882324,0.5350390076637268,7.808486407157034e-05,0.6063498854637146,0.5371048450469971,-0.00603084359318018,0.5807679891586304,0.5516967177391052,-0.013248349539935589,0.6281646490097046,0.4980318546295166,-0.014692462049424648,0.563095211982727,0.493211030960083,-0.028706056997179985,0.5252805352210999,0.4910132884979248,-0.03630601242184639,0.49453848600387573,0.4892588257789612,-0.040298692882061005,0.6246210336685181,0.5301399827003479,-0.02503763511776924,0.5535580515861511,0.5260848999023438,-0.039135951548814774,0.5112813115119934,0.5210530757904053,-0.04664887115359306,0.4772467613220215,0.5144819021224976,-0.05077507719397545,0.6250285506248474,0.5691336393356323,-0.03383355960249901,0.5751639604568481,0.6008833646774292,-0.04644950479269028,0.5927746891975403,0.6106250882148743,-0.045282840728759766,0.6114092469215393,0.6049615144729614,-0.04084772244095802,0.6269195675849915,0.6117624640464783,-0.04225714132189751,0.5885898470878601,0.6342317461967468,-0.04814649745821953,0.6025822758674622,0.6402629017829895,-0.04209372401237488,0.6188469529151917,0.6341291666030884,-0.035309094935655594
0.7200640439987183,0.6349358558654785,8.111037885782935e-08,0.6939477324485779,0.5707302689552307,0.004738487768918276,0.6464093923568726,0.5344209671020508,0.0011781620560213923,0.6047712564468384,0.5351637601852417,-0.004674613941460848,0.5798062682151794,0.5485340356826782,-0.011624133214354515,0.6274681687355042,0.496926486492157,-0.014440532773733139,0.5620941519737244,0.4924388527870178,-0.028194300830364227,0.5247756242752075,0.49059373140335083,-0.035448990762233734,0.4946773052215576,0.48926109075546265,-0.03920600935816765,0.6247797012329102,0.5294747352600098,-0.025110775604844093,0.5528596043586731,0.5261210203170776,-0.039036236703395844,0.5107241272926331,0.5218672156333923,-0.046347372233867645,0.4769439399242401,0.5159837007522583,-0.05040660500526428,0.6257296204566956,0.5688667297363281,-0.03413322940468788,0.5747246146202087,0.5996119976043701,-0.046794094145298004,0.5924248099327087,0.6100908517837524,-0.045322369784116745,0.6110904216766357,0.6054626107215881,-0.0406477227807045,0.6279505491256714,0.6118905544281006,-0.042679931968450546,0.5890586972236633,0.6334678530693054,-0.04874977841973305,0.6030462384223938,0.6398245692253113,-0.04264642670750618,0.619151771068573,0.6344020366668701,-0.03578493371605873
0.7205286622047424,0.6341728568077087,7.916163724530634e-08,0.6943473815917969,0.5695697069168091,0.004479852505028248,0.646984338760376,0.5331606268882751,0.0007549984147772193,0.6055641174316406,0.5329029560089111,-0.005277559161186218,0.5798783302307129,0.5453086495399475,-0.012358235195279121,0.627096951007843,0.49555081129074097,-0.014103056862950325,0.5622050762176514,0.49171578884124756,-0.02785634808242321,0.524626612663269,0.4898664653301239,-0.03530515730381012,0.49395740032196045,0.4878107011318207,-0.03930356726050377,0.624639630317688,0.5273403525352478,-0.024727417156100273,0.5529682636260986,0.5247159004211426,-0.03855840489268303,0.510572612285614,0.5206415057182312,-0.04597024247050285,0.47646093368530273,0.5147535800933838,-0.050187066197395325,0.6258460283279419,0.5663859248161316,-0.03377825394272804,0.575324296951294,0.6007224917411804,-0.04620766267180443,0.5937134027481079,0.610511064529419,-0.044935617595911026,0.6130177974700928,0.6042327284812927,-0.040583036839962006,0.6283904314041138,0.6092022657394409,-0.04243616387248039,0.5897015333175659,0.6334392428398132,-0.04834235832095146,0.6044711470603943,0.6394574642181396,-0.0423722043633461,0.6213323473930359,0.6327770352363586,-0.03573070093989372
0.7197537422180176,0.6338456273078918,8.598779288604419e-08,0.6938074827194214,0.5694044232368469,0.004730333108454943,0.6469793319702148,0.53355872631073,0.0008860606467351317,0.6053429841995239,0.5336464643478394,-0.005341946613043547,0.579235315322876,0.546870231628418,-0.012748044915497303,0.6267628073692322,0.49561989307403564,-0.01436470914632082,0.56195068359375,0.49103376269340515,-0.02774173580110073,0.5247252583503723,0.48900333046913147,-0.03470715880393982,0.49422502517700195,0.48661893606185913,-0.03836851567029953,0.6243152022361755,0.5268465876579285,-0.0250309556722641,0.5525727868080139,0.5240207314491272,-0.038668129593133926,0.5103172063827515,0.5195896029472351,-0.04573405906558037,0.47651538252830505,0.5134323239326477,-0.0496339313685894,0.6255139112472534,0.5657804012298584,-0.034027475863695145,0.5757532715797424,0.6013461351394653,-0.04619001969695091,0.5930182933807373,0.6113717555999756,-0.04489937424659729,0.6117641925811768,0.6052756905555725,-0.04057200625538826,0.6278012990951538,0.6086689233779907,-0.042586687952280045,0.5890623331069946,0.6335083842277527,-0.048209939152002335,0.6033720970153809,0.6398123502731323,-0.042121730744838715,0.6203097701072693,0.6334513425827026,-0.03542374074459076
0.719334065914154,0.634347677230835,8.690935260347032e-08,0.6932381391525269,0.5698648691177368,0.003933245781809092,0.6463454365730286,0.5335829257965088,-0.00019794779655057937,0.6047546863555908,0.5334932208061218,-0.006525252480059862,0.5790541172027588,0.5462591052055359,-0.013861970975995064,0.62711101770401,0.49540990591049194,-0.014902993105351925,0.5627173781394958,0.4906094968318939,-0.028421666473150253,0.5256908535957336,0.48828190565109253,-0.035598672926425934,0.495291143655777,0.4856020212173462,-0.039524201303720474,0.6246150732040405,0.5268085598945618,-0.0252076368778944,0.5535582900047302,0.5240148901939392,-0.039175428450107574,0.5115112662315369,0.5189483761787415,-0.04667455330491066,0.47759756445884705,0.5117902159690857,-0.05097223445773125,0.6256067752838135,0.565646231174469,-0.03388924524188042,0.5760419368743896,0.6009308695793152,-0.046218279749155045,0.5941914319992065,0.6107761263847351,-0.04504766687750816,0.6132151484489441,0.6045977473258972,-0.04084640368819237,0.6280190348625183,0.608123242855072,-0.042231250554323196,0.5908260941505432,0.6330149173736572,-0.048092328011989594,0.6056954860687256,0.6389963030815125,-0.042340707033872604,0.6225495934486389,0.632408857345581,-0.03592932969331741
0.7191740870475769,0.634145200252533,9.16386824201254e-08,0.6933454871177673,0.5700748562812805,0.0038178993854671717,0.6468669772148132,0.5339429974555969,-0.0003062940086238086,0.6055145859718323,0.5341344475746155,-0.006694165989756584,0.5799044370651245,0.5475442409515381,-0.014062019065022469,0.6276193261146545,0.49555015563964844,-0.014074700884521008,0.5629873871803284,0.4901283383369446,-0.027449587360024452,0.5259823203086853,0.4874410629272461,-0.03438793867826462,0.4957428574562073,0.4844047725200653,-0.038041017949581146,0.6248970627784729,0.5268529653549194,-0.02433604933321476,0.5534795522689819,0.5230560898780823,-0.03806707635521889,0.5115170478820801,0.5182340145111084,-0.04531710594892502,0.47773563861846924,0.5113627910614014,-0.04927162453532219,0.6258427500724792,0.5654632449150085,-0.033094726502895355,0.5763488411903381,0.6002597808837891,-0.045750413089990616,0.5942690968513489,0.6102838516235352,-0.04494429752230644,0.6133316159248352,0.6041008830070496,-0.04073948785662651,0.6281909942626953,0.607966423034668,-0.04146864637732506,0.5907889008522034,0.6322684288024902,-0.04748533293604851,0.6058079600334167,0.6383935809135437,-0.041773464530706406,0.6230225563049316,0.6321050524711609,-0.035262782126665115
0.7186523675918579,0.6333592534065247,9.256863364726087e-08,0.6928991079330444,0.5691347122192383,0.003916328307241201,0.6461899280548096,0.5327439904212952,-5.36870356881991e-05,0.6043602228164673,0.5321077108383179,-0.006243757903575897,0.5778740048408508,0.5442909002304077,-0.013439147733151913,0.6276279091835022,0.4957106113433838,-0.014393126592040062,0.5627769231796265,0.48966285586357117,-0.027714194729924202,0.5257806181907654,0.4870837330818176,-0.03438495844602585,0.4955170154571533,0.48428332805633545,-0.037783183157444,0.6245391368865967,0.5271569490432739,-0.0246881190687418,0.5529957413673401,0.5227066874504089,-0.038329657167196274,0.5114498138427734,0.5178208351135254,-0.045173563063144684,0.4780307412147522,0.5111545920372009,-0.048735588788986206,0.625343918800354,0.5659420490264893,-0.033465608954429626,0.5765185952186584,0.6005604863166809,-0.04604555666446686,0.5945335030555725,0.6098509430885315,-0.04501482844352722,0.613517165184021,0.6033385396003723,-0.04065818339586258,0.6276043653488159,0.6086730360984802,-0.04184430092573166,0.5902740359306335,0.632196307182312,-0.04781423881649971,0.6053412556648254,0.6380984783172607,-0.0418882742524147,0.6225062012672424,0.6318599581718445,-0.0352160818874836
0.7189216613769531,0.6342962980270386,9.836804082397066e-08,0.692707896232605,0.5706281661987305,0.0037920759059488773,0.6465715765953064,0.5341656804084778,-0.0007214961806312203,0.6050590872764587,0.5323734879493713,-0.007458486594259739,0.5780608057975769,0.5445149540901184,-0.015199885703623295,0.6281569004058838,0.49591708183288574,-0.015100289136171341,0.5631051063537598,0.49001747369766235,-0.029020749032497406,0.5255552530288696,0.48729556798934937,-0.03612489625811577,0.4950156509876251,0.4843650162220001,-0.03972383216023445,0.6255090236663818,0.5272947549819946,-0.025613563135266304,0.5534864068031311,0.5228950381278992,-0.040068112313747406,0.5114069581031799,0.517764151096344,-0.04723228141665459,0.4780060648918152,0.510591447353363,-0.0508536621928215,0.6264206171035767,0.5662376880645752,-0.03458242490887642,0.5765738487243652,0.6001071333885193,-0.047802042216062546,0.593294084072113,0.6109254360198975,-0.0465666763484478,0.6117619276046753,0.6056810021400452,-0.0418088324368,0.6282771229743958,0.6090368628501892,-0.04314638301730156,0.589418888092041,0.6313881874084473,-0.04937213286757469,0.6036177277565002,0.6381816864013672,-0.04310491308569908,0.6205226182937622,0.632720947265625,-0.03602012246847153
0.7189444899559021,0.6339419484138489,1.0898356350708127e-07,0.6931960582733154,0.5698047876358032,0.003098349552601576,0.6474398970603943,0.5346096158027649,-0.002100287703797221,0.6071155667304993,0.5360761284828186,-0.009518425911664963,0.5816926956176758,0.5510829091072083,-0.018035635352134705,0.6286299228668213,0.49643009901046753,-0.01611703634262085,0.5637485384941101,0.49036771059036255,-0.03018845058977604,0.5263792872428894,0.4876214563846588,-0.03760840371251106,0.4960387945175171,0.48443999886512756,-0.041439469903707504,0.6259652376174927,0.5286067724227905,-0.026433134451508522,0.555133581161499,0.5234515070915222,-0.040751658380031586,0.5132612586021423,0.5174500942230225,-0.04815192520618439,0.47990643978118896,0.509570837020874,-0.052136726677417755,0.6268010139465332,0.567907452583313,-0.035223785787820816,0.5764814615249634,0.5995382070541382,-0.04827791079878807,0.593343198299408,0.6100099086761475,-0.04728922247886658,0.612266480922699,0.6052097678184509,-0.042808398604393005,0.6287676692008972,0.6105074882507324,-0.04365767166018486,0.5901964902877808,0.6315302848815918,-0.04967615008354187,0.6041371822357178,0.6377951502799988,-0.0435095839202404,0.621135413646698,0.6324717998504639,-0.036592237651348114
0.7193351984024048,0.6348289251327515,9.458624106173374e-08,0.6935089826583862,0.5712898969650269,0.0033904286101460457,0.6473225355148315,0.5351055264472961,-0.0011899360688403249,0.6060512661933899,0.5340275764465332,-0.007952661253511906,0.5796656012535095,0.5466175079345703,-0.01573903113603592,0.6280102133750916,0.4961232542991638,-0.015019364655017853,0.5640163421630859,0.4902366101741791,-0.029000066220760345,0.5266163349151611,0.48800599575042725,-0.036434952169656754,0.49623721837997437,0.4851452708244324,-0.0403953455388546,0.6259024739265442,0.5271363258361816,-0.025340311229228973,0.5551859736442566,0.523597002029419,-0.03967074677348137,0.5132251977920532,0.5183172225952148,-0.04699641093611717,0.4795517325401306,0.5104719400405884,-0.051013145595788956,0.6271782517433167,0.5659908652305603,-0.03420843556523323,0.5764231085777283,0.5999351739883423,-0.047498781234025955,0.5931750535964966,0.6105837225914001,-0.04627201333642006,0.6118095517158508,0.6049695014953613,-0.04170888289809227,0.6295902729034424,0.608680248260498,-0.04273265600204468,0.5901267528533936,0.6322885751724243,-0.04927109181880951,0.6042110323905945,0.6389937996864319,-0.04326511174440384,0.6212016940116882,0.6330481171607971,-0.0364716574549675
0.7193095684051514,0.636570930480957,8.889887936902596e-08,0.6937016844749451,0.5721990466117859,0.004198478534817696,0.6485527753829956,0.5353498458862305,-0.00011366141552571207,0.6083978414535522,0.53465735912323,-0.0068994793109595776,0.5828098058700562,0.5472100973129272,-0.014883461408317089,0.6290081143379211,0.49711334705352783,-0.014487088657915592,0.5643778443336487,0.49087387323379517,-0.02844608761370182,0.5270735025405884,0.48797306418418884,-0.035808950662612915,0.49677351117134094,0.4847114086151123,-0.03962275758385658,0.6268173456192017,0.5284475088119507,-0.02532476745545864,0.5554725527763367,0.5241109132766724,-0.03938951715826988,0.5138387084007263,0.5181422233581543,-0.04676442593336105,0.4801631271839142,0.5101150870323181,-0.05073581263422966,0.6284637451171875,0.5673180222511292,-0.034638505429029465,0.5779532790184021,0.6015624403953552,-0.04786040633916855,0.5956366062164307,0.6118996739387512,-0.047177668660879135,0.6146669387817383,0.605775773525238,-0.042874615639448166,0.6313177347183228,0.6100737452507019,-0.04347514733672142,0.5917515754699707,0.6339194774627686,-0.050021737813949585,0.6060901880264282,0.6404629945755005,-0.04417406767606735,0.6234015226364136,0.6345228552818298,-0.03739297017455101
0.7195018529891968,0.6357626914978027,9.339697726318263e-08,0.6937670707702637,0.5717712640762329,0.0036832380574196577,0.6482918858528137,0.534868597984314,-0.0006536107393912971,0.6079612374305725,0.5347185730934143,-0.007340510841459036,0.583031415939331,0.5483775734901428,-0.015122941695153713,0.6286923885345459,0.49688637256622314,-0.014203529804944992,0.5643858313560486,0.4907492399215698,-0.027924757450819016,0.5274072885513306,0.4878576993942261,-0.03517075255513191,0.497168630361557,0.48480576276779175,-0.03900432959198952,0.6265101432800293,0.5278252959251404,-0.024703776463866234,0.5552949905395508,0.5237220525741577,-0.038796789944171906,0.5139215588569641,0.5180607438087463,-0.046179261058568954,0.4802994728088379,0.5103051066398621,-0.05017808452248573,0.6278154253959656,0.5668172240257263,-0.03374730423092842,0.57781982421875,0.601290762424469,-0.04707427695393562,0.5956945419311523,0.611209511756897,-0.04633815586566925,0.6146142482757568,0.6049621105194092,-0.04198601841926575,0.6302647590637207,0.6096499562263489,-0.04236668348312378,0.5911639928817749,0.6331268548965454,-0.04889429733157158,0.6061674356460571,0.6396851539611816,-0.04288473725318909,0.6234636902809143,0.6340056657791138,-0.03604695573449135
0.7194302082061768,0.6359613537788391,9.03209311786668e-08,0.6939928531646729,0.57161545753479,0.004158997908234596,0.6486897468566895,0.5354505181312561,-5.698964014300145e-05,0.6081543564796448,0.5354532599449158,-0.006643368862569332,0.5826231837272644,0.5491971969604492,-0.014275281690061092,0.6289467215538025,0.4971865713596344,-0.014246040023863316,0.5644923448562622,0.4908076226711273,-0.027935493737459183,0.5275179147720337,0.48792171478271484,-0.03506127744913101,0.4973744750022888,0.4850843846797943,-0.03879722207784653,0.6261329054832458,0.52837735414505,-0.024859722703695297,0.5549864172935486,0.5238407254219055,-0.03882278501987457,0.5136094093322754,0.5183615684509277,-0.0461500808596611,0.4800519347190857,0.5109272599220276,-0.05012417957186699,0.6270892024040222,0.5673022270202637,-0.03392932936549187,0.5769739747047424,0.6014566421508789,-0.046902429312467575,0.5955594778060913,0.6114199757575989,-0.04594987630844116,0.6149004697799683,0.605006754398346,-0.04158635810017586,0.6296453475952148,0.6099889874458313,-0.04254596307873726,0.5910780429840088,0.6338574886322021,-0.048849284648895264,0.6063218712806702,0.6404250860214233,-0.042816564440727234,0.6236724257469177,0.6343188285827637,-0.036001790314912796
0.7206723093986511,0.637820839881897,9.574580417393008e-08,0.6951344013214111,0.5730537176132202,0.003733297809958458,0.6493049263954163,0.5363340377807617,-0.0006618572515435517,0.6086880564689636,0.5364555716514587,-0.007314315531402826,0.5828665494918823,0.5501397252082825,-0.015068717300891876,0.6300414204597473,0.4979068338871002,-0.014742027968168259,0.5653390884399414,0.49127188324928284,-0.0283284243196249,0.5281526446342468,0.48830339312553406,-0.03539013862609863,0.49773073196411133,0.4852692484855652,-0.03904561698436737,0.6268172264099121,0.5296139717102051,-0.0251587126404047,0.5558046102523804,0.5241346955299377,-0.03902535140514374,0.5138726234436035,0.5184119343757629,-0.04629339277744293,0.4797286093235016,0.5109333992004395,-0.05015804246068001,0.6274897456169128,0.5686241984367371,-0.034028057008981705,0.5776086449623108,0.6020423769950867,-0.04680540785193443,0.5956412553787231,0.611496090888977,-0.046022988855838776,0.6146613955497742,0.605008602142334,-0.04176583141088486,0.6296710968017578,0.6114032864570618,-0.04246923699975014,0.5911232829093933,0.633874773979187,-0.048486996442079544,0.605897068977356,0.6402173042297363,-0.04235167056322098,0.6230930685997009,0.6342811584472656,-0.03546290472149849
0.7208915948867798,0.6389830708503723,9.516681842569596e-08,0.6959071159362793,0.5732035636901855,0.004571929574012756,0.6495595574378967,0.5368868112564087,0.0003609340055845678,0.6082718372344971,0.539020836353302,-0.006259288173168898,0.5831771492958069,0.5550042390823364,-0.014079625718295574,0.6300244927406311,0.4981638193130493,-0.014853714033961296,0.5648586750030518,0.49181896448135376,-0.028505759313702583,0.5274463891983032,0.48866742849349976,-0.035651739686727524,0.49698033928871155,0.4856131970882416,-0.03946351632475853,0.6269084811210632,0.5295143127441406,-0.025672664865851402,0.5552905201911926,0.5241461396217346,-0.039434533566236496,0.5128949284553528,0.5185728073120117,-0.04672703519463539,0.47889935970306396,0.5114856362342834,-0.050817158073186874,0.6275493502616882,0.5684972405433655,-0.034801457077264786,0.5767524242401123,0.6024306416511536,-0.04699088633060455,0.5948283672332764,0.6124656200408936,-0.04578670486807823,0.6140285134315491,0.6062341928482056,-0.0415508858859539,0.6297705769538879,0.6113543510437012,-0.043499480932950974,0.5911734104156494,0.634824275970459,-0.04915233701467514,0.6062408685684204,0.6410544514656067,-0.04297579452395439,0.623531699180603,0.6345949172973633,-0.036233995109796524
0.7202204465866089,0.6385279297828674,9.153513502724309e-08,0.6950477361679077,0.5730305910110474,0.003722528927028179,0.6484770774841309,0.5355069637298584,-0.0007220182451419532,0.6067752242088318,0.534483790397644,-0.007270797621458769,0.5810821056365967,0.5473691821098328,-0.014952601864933968,0.6296882629394531,0.49772533774375916,-0.016310790553689003,0.5648046135902405,0.49110081791877747,-0.03027467243373394,0.527489423751831,0.4881844222545624,-0.03746166452765465,0.49697721004486084,0.4851602613925934,-0.04124484211206436,0.6271811127662659,0.5293586850166321,-0.02651997096836567,0.5560195446014404,0.5243450999259949,-0.04075063019990921,0.5138205289840698,0.5185162425041199,-0.047904569655656815,0.47967037558555603,0.5109524726867676,-0.05188031494617462,0.6278871297836304,0.5684536099433899,-0.035085298120975494,0.5770989060401917,0.6023445725440979,-0.04778439179062843,0.5947830677032471,0.6125409603118896,-0.04649907350540161,0.6139097213745117,0.6066533327102661,-0.04209158569574356,0.6296812891960144,0.6111888289451599,-0.04326358065009117,0.5912036299705505,0.6346010565757751,-0.049266353249549866,0.6059673428535461,0.6408172249794006,-0.04331110045313835,0.6232203841209412,0.6345540285110474,-0.0366840586066246
0.7197753190994263,0.6377131938934326,8.917663052443459e-08,0.6947287917137146,0.5725829601287842,0.003702622139826417,0.6483571529388428,0.5358595252037048,-0.0003865343751385808,0.6075525283813477,0.5353654623031616,-0.0068495445884764194,0.5826020240783691,0.5484017133712769,-0.01435086503624916,0.6294880509376526,0.4977737069129944,-0.014296433888375759,0.565195620059967,0.49103832244873047,-0.028172234073281288,0.5281297564506531,0.4878697395324707,-0.0355084165930748,0.4977675974369049,0.48483335971832275,-0.03943033143877983,0.6264572143554688,0.5287588238716125,-0.024822503328323364,0.5553514957427979,0.523705244064331,-0.038991838693618774,0.5132742524147034,0.518116295337677,-0.04651983454823494,0.479180246591568,0.5110638737678528,-0.050667792558670044,0.6271939873695374,0.5675472617149353,-0.03390318527817726,0.5778288245201111,0.6024060249328613,-0.0469166524708271,0.5960295796394348,0.6117827892303467,-0.0461001917719841,0.6151452660560608,0.605019211769104,-0.041864022612571716,0.6294045448303223,0.61025071144104,-0.04265528917312622,0.5915512442588806,0.6343092918395996,-0.04885218292474747,0.6065500378608704,0.6403144001960754,-0.04301043972373009,0.6237901449203491,0.633855938911438,-0.03644639626145363
0.719736635684967,0.636664628982544,8.629262993053999e-08,0.6944230794906616,0.572373628616333,0.004120356868952513,0.6484792828559875,0.5355467200279236,-2.8275526346988045e-05,0.6078091263771057,0.5339145660400391,-0.006560399662703276,0.5826320648193359,0.5455197691917419,-0.014112317003309727,0.6293873190879822,0.49781590700149536,-0.0144902179017663,0.5651606321334839,0.490924209356308,-0.028276637196540833,0.5281376838684082,0.4877294600009918,-0.03545190021395683,0.4978000521659851,0.4845559895038605,-0.039266735315322876,0.6270877122879028,0.5287230014801025,-0.025083642452955246,0.5563310980796814,0.5242907404899597,-0.039104294031858444,0.5144418478012085,0.5186145305633545,-0.04650697484612465,0.4805293679237366,0.5111773610115051,-0.050676051527261734,0.6284435391426086,0.5672548413276672,-0.03416309133172035,0.5785282254219055,0.6026190519332886,-0.04697363078594208,0.5967862606048584,0.6123419404029846,-0.04623810201883316,0.6159607768058777,0.6056053042411804,-0.04216647520661354,0.6311883926391602,0.609599769115448,-0.042840056121349335,0.5933108329772949,0.6341910362243652,-0.04905206710100174,0.6082087159156799,0.6402322053909302,-0.04351264238357544,0.62542724609375,0.633487343788147,-0.03718799725174904
0.7200800180435181,0.6357837319374084,9.354045005238731e-08,0.694278359413147,0.5714956521987915,0.004944105166941881,0.6492877006530762,0.5342268943786621,0.0007077717455103993,0.6082666516304016,0.5325368046760559,-0.0061135059222579,0.5825842022895813,0.5445175170898438,-0.014061357825994492,0.629365861415863,0.4964885115623474,-0.014128327369689941,0.5647490620613098,0.49014705419540405,-0.027997547760605812,0.5277099609375,0.4871161878108978,-0.03544415161013603,0.49737757444381714,0.483887642621994,-0.03953396901488304,0.6267757415771484,0.5279436111450195,-0.02530701644718647,0.5550366044044495,0.5240388512611389,-0.03950446471571922,0.5128934383392334,0.5184028148651123,-0.047154199331998825,0.4790298342704773,0.510800838470459,-0.0515982061624527,0.6277746558189392,0.5673025250434875,-0.03485875576734543,0.5766818523406982,0.6018334627151489,-0.047764383256435394,0.5954742431640625,0.6120679378509521,-0.046417780220508575,0.6149899959564209,0.6056632399559021,-0.041964318603277206,0.6302604079246521,0.6103082299232483,-0.04395554959774017,0.59087073802948,0.6335200071334839,-0.050318215042352676,0.6064977049827576,0.6399652361869812,-0.04421710595488548,0.6240657567977905,0.6335500478744507,-0.03742844983935356
0.7201930284500122,0.6368318200111389,7.775194887926773e-08,0.6945708394050598,0.5721942782402039,0.005031755659729242,0.6486061215400696,0.5348107814788818,0.001587226171977818,0.6075453758239746,0.53299480676651,-0.004345968831330538,0.5821153521537781,0.5448812246322632,-0.011316949501633644,0.628572940826416,0.49672824144363403,-0.012780489400029182,0.5644826292991638,0.4904658794403076,-0.0259841401129961,0.5274734497070312,0.48729026317596436,-0.03308693692088127,0.4972594380378723,0.4840506911277771,-0.03705544024705887,0.6263173222541809,0.5276147723197937,-0.02363608591258526,0.55527263879776,0.5242196917533875,-0.037023626267910004,0.5136197805404663,0.5189565420150757,-0.04448429122567177,0.47978222370147705,0.5115340352058411,-0.04897318780422211,0.6275938749313354,0.5666574835777283,-0.032928790897130966,0.5763852000236511,0.6015157103538513,-0.04530351608991623,0.5953837633132935,0.6108665466308594,-0.04426281526684761,0.6148946285247803,0.6038487553596497,-0.0402192696928978,0.6304802298545837,0.6095910668373108,-0.04175138100981712,0.591485321521759,0.6341431736946106,-0.04791456088423729,0.6071551442146301,0.6399597525596619,-0.04223009571433067,0.6245902180671692,0.6329523324966431,-0.035896044224500656
0.7202550768852234,0.6383658647537231,8.474489021637055e-08,0.694727897644043,0.5736631155014038,0.004751418251544237,0.6491661071777344,0.5351995825767517,0.0009757632506079972,0.6088343262672424,0.532299816608429,-0.005372221115976572,0.5833996534347534,0.5436515808105469,-0.012710921466350555,0.6282364726066589,0.4969274699687958,-0.01250872015953064,0.5641436576843262,0.49083006381988525,-0.02586221508681774,0.5271281599998474,0.48753371834754944,-0.03310369327664375,0.4968677759170532,0.4842991828918457,-0.03710789978504181,0.6256408095359802,0.5279802083969116,-0.023456573486328125,0.5552211999893188,0.5240333080291748,-0.03719408065080643,0.5136200189590454,0.5185556411743164,-0.04484694451093674,0.47974729537963867,0.5108606815338135,-0.04928036406636238,0.6268418431282043,0.5669753551483154,-0.03293013200163841,0.5766344666481018,0.601699709892273,-0.045580510050058365,0.5955946445465088,0.6117910742759705,-0.04476136341691017,0.6149689555168152,0.604921817779541,-0.04071913659572601,0.6295674443244934,0.6098915338516235,-0.04198300838470459,0.5911628007888794,0.6340824365615845,-0.048035878688097,0.6067572236061096,0.6405268907546997,-0.04230157285928726,0.6240602731704712,0.6336324214935303,-0.03588085621595383
0.7198754549026489,0.6386481523513794,8.863690936777857e-08,0.6945873498916626,0.5737187266349792,0.004516100510954857,0.6489362120628357,0.5357407331466675,0.0006139867473393679,0.6081916093826294,0.5336736440658569,-0.005824527703225613,0.5828165411949158,0.546168327331543,-0.0133418133482337,0.6283193826675415,0.49756133556365967,-0.013152463361620903,0.5637301206588745,0.4910447895526886,-0.026454636827111244,0.5265239477157593,0.48799869418144226,-0.033498603850603104,0.49624910950660706,0.48458582162857056,-0.037272993475198746,0.6256638169288635,0.5287432670593262,-0.023850614205002785,0.5548495054244995,0.5246005654335022,-0.03758159279823303,0.5129567980766296,0.5192541480064392,-0.045001156628131866,0.4792781472206116,0.5115735530853271,-0.04913980886340141,0.6267418265342712,0.5677728652954102,-0.033026281744241714,0.5768667459487915,0.6023540496826172,-0.045687634497880936,0.5945730805397034,0.6129540205001831,-0.04489598423242569,0.6136050820350647,0.6071934103965759,-0.040728919208049774,0.6291174292564392,0.610765278339386,-0.04178803786635399,0.5910519361495972,0.6341841816902161,-0.04768243804574013,0.6058495044708252,0.6406707167625427,-0.04188280180096626,0.6229902505874634,0.6344355940818787,-0.03535042703151703
0.719241201877594,0.6388156414031982,9.34120478746081e-08,0.6935468912124634,0.5740948915481567,0.003987534437328577,0.647569477558136,0.5362961292266846,-0.00013732632214669138,0.6076458692550659,0.5350329279899597,-0.006767281796783209,0.5827866792678833,0.548875093460083,-0.014402922242879868,0.6275838613510132,0.4972919225692749,-0.012668848037719727,0.5630975961685181,0.49136799573898315,-0.025849057361483574,0.5261850357055664,0.4882885217666626,-0.03291182219982147,0.49593377113342285,0.48464691638946533,-0.036757368594408035,0.6247235536575317,0.5290346741676331,-0.023352239280939102,0.5544657707214355,0.5250339508056641,-0.03723669797182083,0.5133222341537476,0.5203251242637634,-0.04477589577436447,0.47982466220855713,0.5126591324806213,-0.048866741359233856,0.6255447268486023,0.5680238008499146,-0.032667845487594604,0.5770261287689209,0.6023788452148438,-0.04592535272240639,0.5952290892601013,0.6129463315010071,-0.045740757137537,0.6141647696495056,0.6067265272140503,-0.04179241508245468,0.6276087760925293,0.6107387542724609,-0.041591692715883255,0.590907633304596,0.6338237524032593,-0.04786599799990654,0.6061524152755737,0.6405719518661499,-0.042375531047582626,0.6231676340103149,0.6343702673912048,-0.036014266312122345
0.7189310789108276,0.638933539390564,9.538205603121241e-08,0.693303644657135,0.5740474462509155,0.004147303756326437,0.6470668315887451,0.5370962619781494,0.00027500081341713667,0.607275128364563,0.5360679030418396,-0.006157884374260902,0.5817325115203857,0.5496708750724792,-0.01356178056448698,0.62668377161026,0.49798595905303955,-0.011991249397397041,0.5625356435775757,0.49194368720054626,-0.025083011016249657,0.5257639288902283,0.4887402057647705,-0.032136157155036926,0.49577030539512634,0.48519060015678406,-0.035879045724868774,0.6231527924537659,0.5294714570045471,-0.022588813677430153,0.553183913230896,0.5253864526748657,-0.03610488772392273,0.5123955011367798,0.5206312537193298,-0.04353341460227966,0.47924870252609253,0.5130017399787903,-0.04748232662677765,0.6237409114837646,0.5684065818786621,-0.03184118494391441,0.576461672782898,0.6033501625061035,-0.044682420790195465,0.5944409370422363,0.6138328909873962,-0.04457402229309082,0.6132007837295532,0.6075753569602966,-0.04074709862470627,0.6258358359336853,0.6112214922904968,-0.04072018340229988,0.5903328657150269,0.6351813673973083,-0.046703312546014786,0.6055102348327637,0.6418948173522949,-0.04123811796307564,0.6225183606147766,0.6356174349784851,-0.03489052504301071
0.7186309099197388,0.6389431357383728,9.227891695218204e-08,0.6932170987129211,0.574486255645752,0.003711915109306574,0.6467475295066833,0.5379961133003235,-0.0006386713939718902,0.6060508489608765,0.5369656682014465,-0.007241318933665752,0.5808557868003845,0.5494966506958008,-0.014812088571488857,0.627753496170044,0.4989470839500427,-0.014964641071856022,0.5630279779434204,0.4923957884311676,-0.028814423829317093,0.5256245732307434,0.4895022511482239,-0.036020297557115555,0.49505987763404846,0.48653313517570496,-0.03982614725828171,0.624923050403595,0.5300938487052917,-0.025391872972249985,0.5532929301261902,0.5256081819534302,-0.03938024118542671,0.511407732963562,0.5202512741088867,-0.046719152480363846,0.4776589870452881,0.5127001404762268,-0.05073542520403862,0.6258095502853394,0.5687241554260254,-0.034302011132240295,0.5766746997833252,0.604136049747467,-0.04695972055196762,0.5950250625610352,0.613918662071228,-0.046107783913612366,0.614179253578186,0.607306182384491,-0.04192671552300453,0.6281663179397583,0.61126708984375,-0.042895350605249405,0.5916210412979126,0.6360431909561157,-0.0488647036254406,0.6068640351295471,0.6420890092849731,-0.04319305717945099,0.6239729523658752,0.635339081287384,-0.03675461560487747
0.7180114984512329,0.6390789747238159,9.892870878047688e-08,0.6921306848526001,0.5753254294395447,0.004243993200361729,0.6461355686187744,0.5395253896713257,-0.00039364281110465527,0.6060386300086975,0.5416639447212219,-0.007498130202293396,0.5819203853607178,0.5576626062393188,-0.015711383894085884,0.6272146701812744,0.49907606840133667,-0.014711651019752026,0.5627070665359497,0.49295705556869507,-0.028601989150047302,0.5256263017654419,0.4898824691772461,-0.03602686896920204,0.49518606066703796,0.4865427613258362,-0.04008359834551811,0.6245962381362915,0.5306017994880676,-0.02583971619606018,0.5527909994125366,0.5256081223487854,-0.039745230227708817,0.5114694833755493,0.5201561450958252,-0.04726492241024971,0.4781169295310974,0.5123966336250305,-0.051474642008543015,0.6260703206062317,0.5695660710334778,-0.03538905829191208,0.5761979222297668,0.6040346622467041,-0.048265241086483,0.594818115234375,0.6150423288345337,-0.04759766161441803,0.6141804456710815,0.6091657876968384,-0.04353215917944908,0.6290655732154846,0.6124923825263977,-0.044533032923936844,0.5920520424842834,0.6368746161460876,-0.050767991691827774,0.6073052883148193,0.643273651599884,-0.04507188871502876,0.6244127750396729,0.6366523504257202,-0.0386049784719944
0.7171542644500732,0.6390405893325806,9.426054248251603e-08,0.6920270919799805,0.5739035606384277,0.00399762624874711,0.6467857956886292,0.5367065668106079,-0.00018670179997570813,0.6063961982727051,0.5359694361686707,-0.006692484486848116,0.5813194513320923,0.5485396385192871,-0.014249463565647602,0.6268298625946045,0.4991392195224762,-0.01458523515611887,0.5624986290931702,0.4931723177433014,-0.0282156802713871,0.5253489017486572,0.4901772737503052,-0.03549107164144516,0.49482017755508423,0.4870182275772095,-0.03944677487015724,0.6236613988876343,0.530643880367279,-0.025111183524131775,0.5530371069908142,0.5259630680084229,-0.03895097225904465,0.5114153027534485,0.5205588936805725,-0.046504098922014236,0.47779929637908936,0.5131804347038269,-0.050749875605106354,0.6245782375335693,0.5694582462310791,-0.03405991196632385,0.5761075615882874,0.6035395264625549,-0.04654775187373161,0.5944201946258545,0.6139668226242065,-0.04574437439441681,0.613605797290802,0.6080662608146667,-0.04171550273895264,0.6271912455558777,0.6119852662086487,-0.042643867433071136,0.5909805297851562,0.636086642742157,-0.04858637973666191,0.606351912021637,0.6422375440597534,-0.04287474602460861,0.6236003041267395,0.6356388330459595,-0.036423370242118835
0.7168574929237366,0.6383160352706909,9.61248787234581e-08,0.6915605068206787,0.5738866925239563,0.003644483396783471,0.6470483541488647,0.536065936088562,-0.0006133073475211859,0.6065081357955933,0.5333285331726074,-0.007224025204777718,0.5810409188270569,0.5445181727409363,-0.014834756031632423,0.6269615888595581,0.4993552267551422,-0.014024628326296806,0.5624356865882874,0.49251413345336914,-0.02765817381441593,0.5254271030426025,0.48935526609420776,-0.034636322408914566,0.49505165219306946,0.4860495924949646,-0.03825478255748749,0.6240423321723938,0.5300062894821167,-0.02448360063135624,0.5531381964683533,0.5252465605735779,-0.03877228870987892,0.5113527774810791,0.5198298692703247,-0.04615457355976105,0.47764527797698975,0.5124447345733643,-0.04998702555894852,0.6251418590545654,0.5685514807701111,-0.033510178327560425,0.5768133401870728,0.6035852432250977,-0.04704752564430237,0.594914436340332,0.6144375205039978,-0.046403948217630386,0.6139122247695923,0.6087945103645325,-0.04198900982737541,0.6276594400405884,0.6110472083091736,-0.04213274270296097,0.5901913046836853,0.6349014043807983,-0.048726920038461685,0.6054853796958923,0.6420032978057861,-0.04293375089764595,0.6227906942367554,0.6362663507461548,-0.03618912771344185
0.7171569466590881,0.6370323896408081,8.703560894218754e-08,0.69118332862854,0.5732002854347229,0.004033027682453394,0.6461256742477417,0.5353198051452637,6.860496796434745e-05,0.6054532527923584,0.531916081905365,-0.006214477587491274,0.579785943031311,0.5421550273895264,-0.013469245284795761,0.6268923878669739,0.4991670250892639,-0.01394699327647686,0.5627543330192566,0.49210643768310547,-0.0275561586022377,0.5256639719009399,0.48885056376457214,-0.03458956629037857,0.4953683018684387,0.4853677749633789,-0.03834269940853119,0.6246524453163147,0.5293058753013611,-0.02454695664346218,0.5532505512237549,0.5249893069267273,-0.03871527686715126,0.5119459629058838,0.5191788673400879,-0.04617892578244209,0.47874563932418823,0.5111545324325562,-0.05021233484148979,0.6261777877807617,0.567362904548645,-0.033666763454675674,0.5767269730567932,0.6035689115524292,-0.04691502824425697,0.5951606035232544,0.613914430141449,-0.04616620019078255,0.6143738031387329,0.6072491407394409,-0.041910819709300995,0.6290473341941833,0.6094521284103394,-0.042360853403806686,0.5907694697380066,0.6352437734603882,-0.04902343079447746,0.6062672734260559,0.6421394944190979,-0.04336997866630554,0.6237837672233582,0.6357971429824829,-0.036805495619773865
0.7177243232727051,0.6366916298866272,9.237277964757595e-08,0.6922241449356079,0.5725650787353516,0.0036142063327133656,0.6470634937286377,0.5356888771057129,-0.0003230699512641877,0.6067996025085449,0.5327498912811279,-0.006536548025906086,0.5815330147743225,0.5436951518058777,-0.013646118342876434,0.627206027507782,0.49896013736724854,-0.013577662408351898,0.5629379153251648,0.49175482988357544,-0.02705373615026474,0.5258048176765442,0.48817551136016846,-0.033998966217041016,0.49535441398620605,0.4846780300140381,-0.03760891035199165,0.6243911385536194,0.5292949676513672,-0.023748215287923813,0.5533412098884583,0.5251867771148682,-0.03764784708619118,0.5119606852531433,0.5198348760604858,-0.04498038440942764,0.47859030961990356,0.5121949911117554,-0.0488484725356102,0.6255744099617004,0.5673013925552368,-0.032524894922971725,0.57750004529953,0.6045292019844055,-0.04550808668136597,0.5956799983978271,0.6149927377700806,-0.045117296278476715,0.6147165298461914,0.6086123585700989,-0.041045963764190674,0.6282320618629456,0.6092579364776611,-0.04093998298048973,0.5919120907783508,0.6352999210357666,-0.04715488851070404,0.6074691414833069,0.6421406269073486,-0.04170489311218262,0.6248100996017456,0.635848343372345,-0.03531252220273018
0.7175101041793823,0.6384552717208862,9.415759194553175e-08,0.6922305226325989,0.5737764835357666,0.004069014452397823,0.6470843553543091,0.5359893441200256,0.0001304146571783349,0.6072460412979126,0.5320726633071899,-0.0063068075105547905,0.5823851823806763,0.5419003963470459,-0.013758388347923756,0.6272245645523071,0.4993797838687897,-0.013609679415822029,0.5628324747085571,0.4918975830078125,-0.027283059433102608,0.5256557464599609,0.48839104175567627,-0.03419219329953194,0.4953242540359497,0.4849587678909302,-0.037754449993371964,0.6249935626983643,0.529437780380249,-0.024315087124705315,0.5535444617271423,0.5248555541038513,-0.03858865797519684,0.5116175413131714,0.5194028615951538,-0.04596862941980362,0.4780341386795044,0.5121193528175354,-0.04981079697608948,0.6267263293266296,0.5674120783805847,-0.033599477261304855,0.5776757001876831,0.6041874885559082,-0.04686770215630531,0.5954830050468445,0.6146016120910645,-0.04623246565461159,0.6143547892570496,0.608162522315979,-0.041907262057065964,0.6297845244407654,0.6096711158752441,-0.04248356819152832,0.5914406180381775,0.6349377632141113,-0.04887942969799042,0.6066091060638428,0.6414715647697449,-0.043204598128795624,0.6241216659545898,0.6350163817405701,-0.03661276027560234
0.7174215912818909,0.6356966495513916,9.417368573849672e-08,0.6915335655212402,0.571988582611084,0.004379574675112963,0.6464845538139343,0.534998893737793,0.00042158819269388914,0.6070501208305359,0.5316146612167358,-0.006094235461205244,0.5821429491043091,0.5423093438148499,-0.013629654422402382,0.6272423267364502,0.4979453980922699,-0.013367272913455963,0.5625114440917969,0.49034178256988525,-0.026807935908436775,0.525570273399353,0.48682650923728943,-0.03360772132873535,0.49533379077911377,0.4829343259334564,-0.037097446620464325,0.6248860955238342,0.5285351872444153,-0.02424962818622589,0.5531225800514221,0.5239740014076233,-0.038159921765327454,0.5120132565498352,0.5177868604660034,-0.04531445354223251,0.4790262281894684,0.5095042586326599,-0.04904936999082565,0.6263782382011414,0.5671693682670593,-0.03368743136525154,0.5775008797645569,0.6028140187263489,-0.04690401256084442,0.5960779190063477,0.6128961443901062,-0.046290136873722076,0.6153720617294312,0.606751024723053,-0.04195985570549965,0.6292355060577393,0.6098634004592896,-0.04267921298742294,0.5914347767829895,0.6339111924171448,-0.04908059164881706,0.6067465543746948,0.6404044032096863,-0.043368708342313766,0.6241746544837952,0.6344918608665466,-0.03674813359975815
0.717127799987793,0.6354007720947266,9.595510164217558e-08,0.6910744309425354,0.5712617635726929,0.004443909041583538,0.646456241607666,0.5342159867286682,0.0006368762697093189,0.606846034526825,0.5317662954330444,-0.005649113561958075,0.5816681981086731,0.5432410836219788,-0.012957858853042126,0.6277227997779846,0.49792414903640747,-0.013688687235116959,0.5624967217445374,0.49028465151786804,-0.027091477066278458,0.5254130363464355,0.48686352372169495,-0.03370710089802742,0.49517321586608887,0.4831370413303375,-0.036996010690927505,0.6249061226844788,0.5284297466278076,-0.024384159594774246,0.5530821084976196,0.5233801007270813,-0.03807900473475456,0.5118364691734314,0.517533004283905,-0.04509482532739639,0.4790197014808655,0.5094951391220093,-0.04870457202196121,0.6259071230888367,0.5668588876724243,-0.03360160067677498,0.5774121880531311,0.6020016670227051,-0.04655569791793823,0.5958142876625061,0.6114600896835327,-0.046076733618974686,0.615230917930603,0.6048398017883301,-0.04188840836286545,0.6282559037208557,0.609690248966217,-0.0423445962369442,0.5913835763931274,0.633741557598114,-0.04854896664619446,0.6068089604377747,0.6397402286529541,-0.042957603931427,0.6242868900299072,0.6333900690078735,-0.03644223511219025
0.7176975011825562,0.6354967355728149,8.824542163665683e-08,0.6919825673103333,0.5717642307281494,0.00441287225112319,0.6467841267585754,0.5348926186561584,0.0008006587740965188,0.6068957448005676,0.5330422520637512,-0.00530940480530262,0.5818512439727783,0.5452314615249634,-0.012439700774848461,0.6270462870597839,0.49683794379234314,-0.01279932539910078,0.5632128119468689,0.4901362955570221,-0.02601875737309456,0.5261198282241821,0.4868585467338562,-0.03302539139986038,0.49585822224617004,0.4834173619747162,-0.03676249831914902,0.6243641376495361,0.5273760557174683,-0.023414723575115204,0.5537049174308777,0.5238658785820007,-0.03683454915881157,0.5126755237579346,0.5178900361061096,-0.04408382996916771,0.47953248023986816,0.509658694267273,-0.04807820916175842,0.6254933476448059,0.5660058259963989,-0.032573919743299484,0.5768400430679321,0.6016762256622314,-0.04520883783698082,0.5953188538551331,0.6111510992050171,-0.04468787461519241,0.6144621968269348,0.6047120690345764,-0.04068632423877716,0.6282097697257996,0.6088931560516357,-0.04132771119475365,0.5915845632553101,0.6334965229034424,-0.04746316000819206,0.6068894267082214,0.6396613121032715,-0.041944652795791626,0.6239880323410034,0.6333557367324829,-0.035588957369327545
0.717570424079895,0.6355226039886475,9.81591554705119e-08,0.6919983625411987,0.5711967349052429,0.0047301906161010265,0.6468076705932617,0.5352579355239868,0.0013181747635826468,0.6068875193595886,0.5352118611335754,-0.004719443153589964,0.5820133686065674,0.549182116985321,-0.011748161166906357,0.6275758743286133,0.49770209193229675,-0.012026902288198471,0.5632088780403137,0.49042508006095886,-0.024797601625323296,0.5260729789733887,0.486996591091156,-0.031443506479263306,0.4958643913269043,0.4836025834083557,-0.034971900284290314,0.6241529583930969,0.5279579758644104,-0.022817563265562057,0.5532565712928772,0.5235159993171692,-0.03582815080881119,0.5121040940284729,0.5174984931945801,-0.043096207082271576,0.4789758324623108,0.509364664554596,-0.04713040962815285,0.6248884201049805,0.5663927793502808,-0.03215574845671654,0.5769803524017334,0.6026130318641663,-0.04432481899857521,0.5959644317626953,0.6121130585670471,-0.043999429792165756,0.6153059601783752,0.6050530672073364,-0.04025968909263611,0.6274027228355408,0.6090379357337952,-0.04108014330267906,0.5913130640983582,0.6345360279083252,-0.046931229531764984,0.607132077217102,0.6408731341362,-0.0414465069770813,0.6243872046470642,0.6344219446182251,-0.03518764302134514
0.7174765467643738,0.6363442540168762,1.0415252660322949e-07,0.6923365592956543,0.571915864944458,0.003445336129516363,0.6466475129127502,0.5359839200973511,-0.000719060015399009,0.6063206791877747,0.5363373756408691,-0.007096746936440468,0.5814993977546692,0.5496895909309387,-0.014381082728505135,0.6282532811164856,0.4980069398880005,-0.014614556916058064,0.5631993412971497,0.49079370498657227,-0.028142012655735016,0.5256478190422058,0.4871515929698944,-0.034961502999067307,0.49507999420166016,0.4838055968284607,-0.03841041401028633,0.6245276927947998,0.528718888759613,-0.02464117668569088,0.5534763932228088,0.5240346193313599,-0.03849282115697861,0.5120105147361755,0.5181616544723511,-0.04581684619188309,0.47866880893707275,0.5102106332778931,-0.049600038677453995,0.6247208714485168,0.5668103098869324,-0.03316643461585045,0.5771454572677612,0.6030627489089966,-0.045490898191928864,0.595300555229187,0.6123766899108887,-0.04499226436018944,0.6140905618667603,0.6053075194358826,-0.040994539856910706,0.6266021728515625,0.6088347434997559,-0.04139978438615799,0.5912302732467651,0.6342211365699768,-0.04704521596431732,0.6067361235618591,0.6406009793281555,-0.04143739119172096,0.6238535046577454,0.6341888308525085,-0.03497505560517311
0.7181566953659058,0.6373984813690186,9.585578908399839e-08,0.694065272808075,0.5727868676185608,0.00433467049151659,0.6483346819877625,0.5369387269020081,0.0008073019562289119,0.6076295971870422,0.5373324155807495,-0.005136062391102314,0.582698404788971,0.5506728887557983,-0.012030042707920074,0.6285012364387512,0.4985569715499878,-0.013366231694817543,0.5635324716567993,0.49087223410606384,-0.026504268869757652,0.5261261463165283,0.48717591166496277,-0.033164042979478836,0.4957037568092346,0.48384401202201843,-0.03660965710878372,0.6251055002212524,0.5289385914802551,-0.023779982700943947,0.5535814166069031,0.5238476395606995,-0.03733568638563156,0.5118342638015747,0.5175131559371948,-0.04459770396351814,0.47841280698776245,0.5094104409217834,-0.04848188906908035,0.6256446242332458,0.5670444369316101,-0.03265185281634331,0.5768820643424988,0.6026207208633423,-0.04482995718717575,0.595077395439148,0.6123197078704834,-0.044167015701532364,0.6140570640563965,0.6058789491653442,-0.04010112211108208,0.6279016733169556,0.6093988418579102,-0.04115927591919899,0.5914695858955383,0.6338001489639282,-0.04685081169009209,0.6067755222320557,0.640068769454956,-0.04129050672054291,0.6238941550254822,0.6336837410926819,-0.03489677235484123
0.7189613580703735,0.638071596622467,9.730248962114274e-08,0.6943995356559753,0.5723745226860046,0.0050444332882761955,0.6482229828834534,0.5372322201728821,0.0017080707475543022,0.608201801776886,0.5388875007629395,-0.004330008290708065,0.5838631391525269,0.5540544986724854,-0.011411034502089024,0.6283903121948242,0.4982912540435791,-0.01212822925299406,0.5634110569953918,0.49132829904556274,-0.025176722556352615,0.526069700717926,0.4875353276729584,-0.03210854157805443,0.49548912048339844,0.4841248691082001,-0.035862959921360016,0.6247321367263794,0.5288035869598389,-0.023085152730345726,0.553484320640564,0.5241309404373169,-0.03637870401144028,0.512082040309906,0.5178170204162598,-0.04379073157906532,0.4786755442619324,0.5097317099571228,-0.04792390391230583,0.6253085136413574,0.5672100186347961,-0.03252395614981651,0.576759934425354,0.6028587818145752,-0.04438924044370651,0.59583580493927,0.6121854186058044,-0.04376399517059326,0.6151959896087646,0.6052099466323853,-0.03990629315376282,0.6279233694076538,0.6098794341087341,-0.041587963700294495,0.5916407704353333,0.6344593167304993,-0.047018084675073624,0.6074249148368835,0.6404432654380798,-0.04130715876817703,0.6247523427009583,0.6336736679077148,-0.03494627773761749
0.7203089594841003,0.6394410729408264,8.825561081948763e-08,0.6954900026321411,0.5731304883956909,0.006416123826056719,0.6487993001937866,0.5387250185012817,0.003684835508465767,0.6085706949234009,0.5426508784294128,-0.001995823811739683,0.5842075347900391,0.5599911212921143,-0.008844848722219467,0.6291220784187317,0.49892938137054443,-0.010908836498856544,0.5635780692100525,0.4919440746307373,-0.02337709628045559,0.5262412428855896,0.48817864060401917,-0.030246103182435036,0.49577680230140686,0.4845563769340515,-0.03409966081380844,0.6250139474868774,0.5294756889343262,-0.022360671311616898,0.5531725287437439,0.5241668224334717,-0.03460485488176346,0.5116175413131714,0.5178459882736206,-0.04185815528035164,0.4783058166503906,0.5102140307426453,-0.04617753252387047,0.6254438161849976,0.5679270625114441,-0.03212113305926323,0.5762063264846802,0.6025487780570984,-0.042603448033332825,0.5956158638000488,0.6118892431259155,-0.04163818433880806,0.6153994202613831,0.6053645014762878,-0.03804723173379898,0.6282432675361633,0.6106992959976196,-0.041444387286901474,0.5919961929321289,0.6351456642150879,-0.046118587255477905,0.6078343987464905,0.6408606171607971,-0.04020766541361809,0.6252766251564026,0.634157657623291,-0.0339093953371048
0.7203744053840637,0.6393031477928162,9.643324005992326e-08,0.6954062581062317,0.572401762008667,0.005368715152144432,0.6493961811065674,0.5372063517570496,0.0015638036420568824,0.6085533499717712,0.5402293801307678,-0.005026777740567923,0.5832922458648682,0.556701123714447,-0.012792147696018219,0.6286822557449341,0.49849382042884827,-0.013024524785578251,0.5639122724533081,0.4914565086364746,-0.02648237906396389,0.5266372561454773,0.48782777786254883,-0.03360329568386078,0.49582231044769287,0.4845902621746063,-0.03752375766634941,0.6254223585128784,0.5286610722541809,-0.024410849437117577,0.5535178184509277,0.523775577545166,-0.03793904557824135,0.5113918781280518,0.5181348919868469,-0.04527940973639488,0.4773200452327728,0.5113092064857483,-0.04943858087062836,0.6265246868133545,0.5672698616981506,-0.03416040539741516,0.577308177947998,0.604918360710144,-0.04597770795226097,0.5964471697807312,0.6142941117286682,-0.04479365423321724,0.6160130500793457,0.6068801283836365,-0.040782373398542404,0.6296486258506775,0.610322117805481,-0.04353129491209984,0.5927958488464355,0.6371890902519226,-0.049061212688684464,0.6088947057723999,0.6428824663162231,-0.04299485310912132,0.6266115307807922,0.6355292201042175,-0.03646104410290718
0.7205907106399536,0.6391302943229675,9.716080029420482e-08,0.6955013275146484,0.5729814767837524,0.00568178528919816,0.6496037244796753,0.5381273031234741,0.0018677135230973363,0.6090025305747986,0.541572093963623,-0.004838663153350353,0.5840762257575989,0.5585010647773743,-0.012660532258450985,0.6293018460273743,0.4990861415863037,-0.012602417729794979,0.5646682977676392,0.49143102765083313,-0.025903576985001564,0.5275266170501709,0.4877632260322571,-0.03291837498545647,0.49702054262161255,0.48427802324295044,-0.03682313114404678,0.6259799003601074,0.5289976596832275,-0.02423865906894207,0.5539588332176208,0.5235399007797241,-0.037688713520765305,0.5121318697929382,0.5172526240348816,-0.045000456273555756,0.47871994972229004,0.5095644593238831,-0.049199678003787994,0.6269615888595581,0.567341685295105,-0.03425358608365059,0.5775859355926514,0.6040417551994324,-0.045739736407995224,0.5969423651695251,0.6135663390159607,-0.044386859983205795,0.6166207194328308,0.6063472628593445,-0.04038432613015175,0.6299965977668762,0.6099302172660828,-0.04390968009829521,0.593071699142456,0.636038601398468,-0.04907803237438202,0.6091071367263794,0.6419883966445923,-0.04295317456126213,0.6266338229179382,0.6347669363021851,-0.03649965301156044
0.7205556035041809,0.6395285725593567,9.582884530345837e-08,0.6958191990852356,0.5741445422172546,0.006073781289160252,0.6496445536613464,0.5388016700744629,0.0025568888522684574,0.6080354452133179,0.5428587794303894,-0.003716900246217847,0.5832411646842957,0.5604963302612305,-0.01105800736695528,0.6296398043632507,0.49864763021469116,-0.012621576897799969,0.5641646385192871,0.4912019670009613,-0.025663377717137337,0.5269712209701538,0.4875364899635315,-0.03238087147474289,0.4964488744735718,0.48418548703193665,-0.036051202565431595,0.6260713338851929,0.5285676717758179,-0.02410059981048107,0.5531797409057617,0.5230822563171387,-0.037239447236061096,0.5113127827644348,0.5171177387237549,-0.044292014092206955,0.4780500829219818,0.509913980960846,-0.048310790210962296,0.6266133189201355,0.566987931728363,-0.03382405266165733,0.5766582489013672,0.6036918759346008,-0.04487181827425957,0.5959087014198303,0.6137934923171997,-0.04323989897966385,0.6155379414558411,0.6070446372032166,-0.03909604623913765,0.6290743947029114,0.609736442565918,-0.043139588087797165,0.5926235318183899,0.6359288692474365,-0.0480172224342823,0.6088066101074219,0.6423275470733643,-0.04180053621530533,0.6262081861495972,0.6353883743286133,-0.03526284173130989
0.7201313376426697,0.6404672861099243,9.647659027223199e-08,0.6958461403846741,0.5741838812828064,0.005173180717974901,0.6504765748977661,0.5373836755752563,0.0016498616896569729,0.6099057197570801,0.5368260741233826,-0.004448677878826857,0.5838398933410645,0.5498233437538147,-0.01154556218534708,0.630445659160614,0.49842625856399536,-0.012131578288972378,0.5648450255393982,0.49049800634384155,-0.024735545739531517,0.5275619029998779,0.4870207607746124,-0.0311419777572155,0.49700528383255005,0.48331236839294434,-0.03447935730218887,0.6259148716926575,0.5290776491165161,-0.022923752665519714,0.5539329051971436,0.5230278372764587,-0.03592028096318245,0.5122193098068237,0.5174193978309631,-0.04288496449589729,0.47898760437965393,0.5101092457771301,-0.046507321298122406,0.625596284866333,0.567564070224762,-0.03212280571460724,0.5776982307434082,0.603062629699707,-0.04346373677253723,0.5963956117630005,0.6127234697341919,-0.042499519884586334,0.6156492829322815,0.6061336398124695,-0.038492098450660706,0.627064049243927,0.6101066470146179,-0.04094314202666283,0.5916067361831665,0.6342673301696777,-0.04584904760122299,0.6074846386909485,0.6410053968429565,-0.0398118793964386,0.6248963475227356,0.6347013711929321,-0.033212918788194656
0.7210567593574524,0.63999342918396,8.987439770180572e-08,0.6962602138519287,0.5738855600357056,0.005491967778652906,0.6506467461585999,0.5375436544418335,0.0022449218668043613,0.6108426451683044,0.537233829498291,-0.0037778690457344055,0.58555006980896,0.5507598519325256,-0.010843898169696331,0.6298990845680237,0.4985363185405731,-0.011306528002023697,0.5654453039169312,0.49083811044692993,-0.023997332900762558,0.5282840132713318,0.4868287444114685,-0.030699467286467552,0.49792245030403137,0.4831898808479309,-0.034306105226278305,0.625592827796936,0.5286726951599121,-0.02235422655940056,0.5547100305557251,0.5231493711471558,-0.03522779047489166,0.5132086873054504,0.5171946883201599,-0.04232211038470268,0.47996455430984497,0.509757936000824,-0.046245090663433075,0.6256266236305237,0.5670790076255798,-0.031868863850831985,0.5776072144508362,0.6024876236915588,-0.042959440499544144,0.5967532992362976,0.6119414567947388,-0.04188278317451477,0.6161978244781494,0.6052073240280151,-0.03799056261777878,0.6276819705963135,0.6097306609153748,-0.04104170948266983,0.5918426513671875,0.6346592903137207,-0.045849185436964035,0.6078072190284729,0.6410279273986816,-0.03983667865395546,0.6252011060714722,0.6345392465591431,-0.0333857461810112
0.7215496897697449,0.639147162437439,9.329563965820853e-08,0.6965270042419434,0.5734052062034607,0.0062420726753771305,0.6507728099822998,0.53852379322052,0.0028355384711176157,0.610547661781311,0.5407655835151672,-0.00337590160779655,0.5855923295021057,0.5567824244499207,-0.010700344108045101,0.6309022903442383,0.49873265624046326,-0.012048061937093735,0.5653712153434753,0.4908466041088104,-0.0245975349098444,0.5280593037605286,0.48715656995773315,-0.030888285487890244,0.49773603677749634,0.48361414670944214,-0.034130703657865524,0.6266503930091858,0.5291308760643005,-0.02330707013607025,0.5545348525047302,0.5231564044952393,-0.035900525748729706,0.5129186511039734,0.5175424218177795,-0.042525772005319595,0.4800258278846741,0.5104203820228577,-0.04610757157206535,0.6266806125640869,0.5676048994064331,-0.032815590500831604,0.5776494145393372,0.603107213973999,-0.04337586462497711,0.5965890884399414,0.6136316061019897,-0.04184837266802788,0.6160405278205872,0.6077382564544678,-0.037710875272750854,0.6288090348243713,0.6100627779960632,-0.041889358311891556,0.5928857922554016,0.635015606880188,-0.04611754044890404,0.6086859703063965,0.6418599486351013,-0.039727624505758286,0.6259790062904358,0.635881245136261,-0.033040713518857956
0.7209900617599487,0.6395877599716187,9.444884341291981e-08,0.696290910243988,0.5736771821975708,0.006000441499054432,0.6505374312400818,0.5389357805252075,0.002627158770337701,0.6106981039047241,0.5408274531364441,-0.0035606243181973696,0.5856961011886597,0.5568773746490479,-0.0107495142146945,0.6307799220085144,0.49820858240127563,-0.011270957067608833,0.5653373599052429,0.4907758831977844,-0.023644819855690002,0.5278881788253784,0.4871408939361572,-0.030035698786377907,0.4975426197052002,0.4838123619556427,-0.03332388028502464,0.6259496212005615,0.5287576913833618,-0.022311951965093613,0.5545722246170044,0.5232736468315125,-0.03461737930774689,0.5131138563156128,0.5176340341567993,-0.041415002197027206,0.48021405935287476,0.5102584958076477,-0.04509248957037926,0.6255783438682556,0.5671460628509521,-0.03168390318751335,0.5779520869255066,0.6032048463821411,-0.04191099852323532,0.5966088175773621,0.6135534048080444,-0.040855661034584045,0.6158407330513,0.6074267029762268,-0.03710436820983887,0.6274470686912537,0.6094579696655273,-0.04067594185471535,0.5930711627006531,0.6353685259819031,-0.04457994922995567,0.6086717844009399,0.6422175168991089,-0.038450103253126144,0.6258081793785095,0.6360867023468018,-0.03199176490306854
0.7180104851722717,0.6361650228500366,1.1501901298061057e-07,0.6930888891220093,0.5714449286460876,0.003301834687590599,0.6461411118507385,0.5334752202033997,-0.0007981938542798162,0.6054166555404663,0.5341666340827942,-0.007418178953230381,0.5793846249580383,0.5489802360534668,-0.014968027360737324,0.6262636780738831,0.4915560781955719,-0.011815493926405907,0.5616296529769897,0.48409438133239746,-0.02395820803940296,0.5253314971923828,0.4794730246067047,-0.03032671846449375,0.4963117241859436,0.47433793544769287,-0.033777978271245956,0.6235494017601013,0.5230839848518372,-0.022155679762363434,0.5558931231498718,0.519178032875061,-0.0349874310195446,0.5182111263275146,0.5110647678375244,-0.041859112679958344,0.4875659942626953,0.5006179213523865,-0.045517370104789734,0.6250404119491577,0.5632414221763611,-0.03126844763755798,0.5773274302482605,0.5955992937088013,-0.04421710968017578,0.5955442190170288,0.6059881448745728,-0.0440300852060318,0.6149064302444458,0.600969672203064,-0.0402456670999527,0.628288745880127,0.6081123948097229,-0.040039848536252975,0.5933569669723511,0.6306796073913574,-0.04700753092765808,0.6079829931259155,0.6367658376693726,-0.04204859212040901,0.6248782873153687,0.63163822889328,-0.03599931299686432
0.717145562171936,0.634730339050293,9.082672391969027e-08,0.690941333770752,0.568640947341919,0.003664519637823105,0.6426156759262085,0.5300977230072021,-0.0005838579963892698,0.5999984741210938,0.5301157832145691,-0.0072380611672997475,0.5708181262016296,0.5456121563911438,-0.015083513222634792,0.6270264387130737,0.488031268119812,-0.011949144303798676,0.5640242695808411,0.48060497641563416,-0.024473905563354492,0.526918888092041,0.47741934657096863,-0.031845998018980026,0.49696552753448486,0.4731171131134033,-0.036134783178567886,0.6231011152267456,0.5208011269569397,-0.022364985197782516,0.555224597454071,0.5149818658828735,-0.03475138545036316,0.5156873464584351,0.5076609253883362,-0.041449323296546936,0.48386150598526,0.49785909056663513,-0.045475129038095474,0.623030424118042,0.5613653063774109,-0.03154197335243225,0.5739218592643738,0.58804851770401,-0.04347304627299309,0.5915974974632263,0.5976337194442749,-0.04236573353409767,0.6110585927963257,0.5938229560852051,-0.03862252086400986,0.6245338320732117,0.6055961847305298,-0.04046573117375374,0.5890007019042969,0.623793363571167,-0.0467085987329483,0.6036381721496582,0.630640983581543,-0.04109089449048042,0.6211592555046082,0.6273086071014404,-0.034942544996738434
0.7158486247062683,0.6338550448417664,1.2070560728716373e-07,0.6914037466049194,0.568120002746582,0.003842851147055626,0.6455404162406921,0.5296957492828369,0.00014906843716744334,0.6062877774238586,0.5284075140953064,-0.006428412161767483,0.5799381732940674,0.5443878173828125,-0.013834510929882526,0.6267619729042053,0.48528051376342773,-0.008434223011136055,0.5624778270721436,0.4761941432952881,-0.01963290572166443,0.5255855917930603,0.47167956829071045,-0.02595381624996662,0.4957914650440216,0.46634694933891296,-0.02931923046708107,0.6214135885238647,0.5163156986236572,-0.018660007044672966,0.5547994375228882,0.5090792775154114,-0.03009450063109398,0.5159090757369995,0.5008009076118469,-0.03692926838994026,0.48536378145217896,0.49102506041526794,-0.04051681607961655,0.6200630068778992,0.5557799339294434,-0.027845075353980064,0.5767560005187988,0.5849882960319519,-0.038808632642030716,0.59406578540802,0.5960572957992554,-0.03903036564588547,0.6128892302513123,0.5928774476051331,-0.03579353168606758,0.6198091506958008,0.5991439819335938,-0.03690529614686966,0.5884920358657837,0.6171477437019348,-0.041729774326086044,0.6030294895172119,0.6259640455245972,-0.03650398179888725,0.6201059818267822,0.6242992281913757,-0.030468430370092392
0.7136551141738892,0.6305874586105347,1.0216293588882763e-07,0.68824303150177,0.5646911263465881,0.003825004445388913,0.6413964033126831,0.5248314142227173,6.367440073518082e-05,0.5997921824455261,0.5221555233001709,-0.0065884641371667385,0.5716558694839478,0.5363724231719971,-0.014140111394226551,0.6243681311607361,0.4810561537742615,-0.008525770157575607,0.5614948272705078,0.4721519351005554,-0.02078457735478878,0.5245695114135742,0.46738770604133606,-0.02783871628344059,0.4943649172782898,0.4614826738834381,-0.03195641189813614,0.6201090812683105,0.5112009048461914,-0.01931028813123703,0.552977979183197,0.5041890740394592,-0.032170370221138,0.5143797993659973,0.4959704577922821,-0.039426229894161224,0.48369425535202026,0.4850815534591675,-0.04340706393122673,0.6198561787605286,0.5501150488853455,-0.02915475331246853,0.573933482170105,0.5819048881530762,-0.0418846495449543,0.5909242630004883,0.5941206812858582,-0.041868288069963455,0.6096954345703125,0.5900845527648926,-0.038396671414375305,0.6205839514732361,0.5935285091400146,-0.03884590417146683,0.5865122675895691,0.6157817244529724,-0.04536224529147148,0.6010724306106567,0.6250748038291931,-0.040515899658203125,0.6184991598129272,0.6218982338905334,-0.034779030829668045
0.709993839263916,0.6244208216667175,1.0413971551770373e-07,0.6845518350601196,0.5601605772972107,0.0026855466421693563,0.6361784338951111,0.5209363698959351,-0.0014945236034691334,0.5913357734680176,0.5186693668365479,-0.008044258691370487,0.5607935190200806,0.5302367806434631,-0.015132255852222443,0.6219604015350342,0.4771709442138672,-0.010070268996059895,0.5575096011161804,0.4681873619556427,-0.022885259240865707,0.5206982493400574,0.4628864526748657,-0.02953716740012169,0.49069395661354065,0.4569864273071289,-0.033177781850099564,0.6174708604812622,0.5067799687385559,-0.020186375826597214,0.5475675463676453,0.5009927749633789,-0.03351519629359245,0.5092505216598511,0.49290698766708374,-0.04034961387515068,0.47886648774147034,0.4818035364151001,-0.043833449482917786,0.6171170473098755,0.545494794845581,-0.02947506681084633,0.572231113910675,0.5814061164855957,-0.04293802008032799,0.5901534557342529,0.5933507680892944,-0.04286729544401169,0.6087846159934998,0.5881171822547913,-0.03912818059325218,0.6177926063537598,0.5890012383460999,-0.03861531987786293,0.5861965417861938,0.6156300902366638,-0.04570561274886131,0.6018942594528198,0.6245025396347046,-0.041290283203125,0.6187277436256409,0.6202093958854675,-0.03579698130488396
0.7069131135940552,0.6187920570373535,1.3840887902460963e-07,0.6825549006462097,0.5538805723190308,0.0028203914407640696,0.6370782256126404,0.5148287415504456,-0.0008061514818109572,0.5972023010253906,0.5143819451332092,-0.007159002590924501,0.5713933110237122,0.5320264101028442,-0.014195432886481285,0.6197119355201721,0.47316357493400574,-0.008781536482274532,0.5561224222183228,0.4626730680465698,-0.020877854898571968,0.5192787647247314,0.45698899030685425,-0.02746128849685192,0.4893745183944702,0.4511106014251709,-0.03090142458677292,0.6140673160552979,0.5028084516525269,-0.01843465492129326,0.5479623675346375,0.4952385127544403,-0.03096633031964302,0.5091935396194458,0.4854170083999634,-0.03826312720775604,0.4781479239463806,0.4737083315849304,-0.042010437697172165,0.6126015782356262,0.5414848327636719,-0.027232924476265907,0.57164466381073,0.5737047791481018,-0.03900322690606117,0.5884975790977478,0.5848451852798462,-0.0395243763923645,0.6064202189445496,0.5810437202453613,-0.03621942549943924,0.6120432615280151,0.5847116112709045,-0.03601812198758125,0.5837041139602661,0.6065357327461243,-0.040722090750932693,0.5983526110649109,0.6149708032608032,-0.03573283925652504,0.6146336197853088,0.6129522323608398,-0.029969332739710808
0.70621258020401,0.6175282001495361,1.242067781959122e-07,0.6821463108062744,0.5518445372581482,0.0030761731322854757,0.6350358128547668,0.5132834911346436,5.637435970129445e-05,0.5928618907928467,0.5126421451568604,-0.005593682639300823,0.5645132064819336,0.5264705419540405,-0.011729666963219643,0.618983268737793,0.4709811508655548,-0.007059989497065544,0.5546902418136597,0.4602608382701874,-0.018604643642902374,0.5174844264984131,0.4542735815048218,-0.02487032115459442,0.4873712658882141,0.4480910301208496,-0.02814924716949463,0.6120895743370056,0.5005601048469543,-0.016483986750245094,0.5461369156837463,0.4923437535762787,-0.02842170000076294,0.507490873336792,0.4829927980899811,-0.03555380180478096,0.47698307037353516,0.4710734784603119,-0.03924386203289032,0.6096200942993164,0.5383896231651306,-0.02513517066836357,0.5678218007087708,0.5696176886558533,-0.03631630539894104,0.5854325890541077,0.5807379484176636,-0.03653290495276451,0.6042060256004333,0.5761845707893372,-0.03329484164714813,0.6088696122169495,0.5809165239334106,-0.03380432724952698,0.5800504088401794,0.6038678884506226,-0.038751617074012756,0.5957432985305786,0.6126904487609863,-0.03410736843943596,0.612946093082428,0.609611988067627,-0.02857939898967743
0.7078680396080017,0.6175498366355896,1.2735704046917817e-07,0.683633029460907,0.553042471408844,0.002817729953676462,0.636967122554779,0.5142487287521362,-5.580226570600644e-05,0.5966988801956177,0.5130161046981812,-0.005772446747869253,0.5715144276618958,0.528755247592926,-0.011816288344562054,0.6175622344017029,0.4704400300979614,-0.006266242358833551,0.5539037585258484,0.46019989252090454,-0.018416909500956535,0.5166486501693726,0.4540160894393921,-0.025056112557649612,0.48588067293167114,0.4487765431404114,-0.028591269627213478,0.6109879016876221,0.4981824457645416,-0.016114572063088417,0.5435752868652344,0.49038439989089966,-0.02884775400161743,0.5045042634010315,0.4815436005592346,-0.03645079582929611,0.4728984236717224,0.4702284336090088,-0.04021034389734268,0.6092633008956909,0.5349968671798706,-0.02537013776600361,0.5692105889320374,0.571465253829956,-0.03705326467752457,0.5875009298324585,0.5820423364639282,-0.03775664418935776,0.605595052242279,0.5753526091575623,-0.03453167900443077,0.609079897403717,0.5767380595207214,-0.03479893133044243,0.581108570098877,0.6037855744361877,-0.03939563035964966,0.5974106788635254,0.6125541925430298,-0.034735359251499176,0.6141057014465332,0.6085309982299805,-0.02923549897968769
0.7023765444755554,0.6121494174003601,1.2956152772858331e-07,0.6765119433403015,0.547580361366272,0.005028299521654844,0.6302662491798401,0.508933424949646,0.0010266209719702601,0.5901840329170227,0.5037729144096375,-0.005984087474644184,0.5627084970474243,0.5143280029296875,-0.013824794441461563,0.6135156750679016,0.46730270981788635,-0.011133583262562752,0.5486177206039429,0.4574895203113556,-0.024000104516744614,0.5115215182304382,0.45234590768814087,-0.030506281182169914,0.48108717799186707,0.4474450647830963,-0.03393164277076721,0.6092972755432129,0.4969928562641144,-0.0226993840187788,0.5390312075614929,0.48798391222953796,-0.035774704068899155,0.5002430081367493,0.47892892360687256,-0.04278989136219025,0.46989116072654724,0.46885946393013,-0.046434734016656876,0.6097955107688904,0.536483645439148,-0.032906319946050644,0.5655628442764282,0.5713329315185547,-0.04471033811569214,0.5828335285186768,0.582746684551239,-0.04404039308428764,0.6012522578239441,0.5777024626731873,-0.040207765996456146,0.611692488193512,0.5806002616882324,-0.04281368851661682,0.578409731388092,0.6056481003761292,-0.04781648889183998,0.5928869843482971,0.613886833190918,-0.04198584705591202,0.6100331544876099,0.6105101108551025,-0.035635825246572495
0.7012943029403687,0.6145486831665039,9.896947261722744e-08,0.675211489200592,0.550632119178772,0.0042456709779798985,0.6301534175872803,0.5118294358253479,0.0007584933191537857,0.5917053818702698,0.5060775279998779,-0.005671583116054535,0.5654267072677612,0.5175878405570984,-0.012855744920670986,0.611967146396637,0.4687667489051819,-0.009274137206375599,0.5491142868995667,0.45956331491470337,-0.022511446848511696,0.5117807984352112,0.4546165466308594,-0.029965419322252274,0.48151081800460815,0.44940656423568726,-0.03411560133099556,0.6076915264129639,0.49726438522338867,-0.02038431726396084,0.5391556024551392,0.49008774757385254,-0.03371729701757431,0.5004088282585144,0.482181191444397,-0.04103727638721466,0.4696657061576843,0.4713325500488281,-0.04492998495697975,0.6079031229019165,0.535099446773529,-0.0305312592536211,0.5625280737876892,0.5711140632629395,-0.04310428351163864,0.5796000361442566,0.5825803279876709,-0.043164219707250595,0.5984653830528259,0.5762121081352234,-0.0397632010281086,0.609380304813385,0.5782636404037476,-0.040572915226221085,0.5756025910377502,0.6053187251091003,-0.046650953590869904,0.5905855894088745,0.6133922338485718,-0.04176110774278641,0.6083745360374451,0.6079034805297852,-0.03605782985687256
0.6988675594329834,0.6170234680175781,1.0723788079758378e-07,0.6729247570037842,0.5518084764480591,0.0036950516514480114,0.6277166604995728,0.5133959054946899,-0.0005961250280961394,0.5883652567863464,0.5104830265045166,-0.007710753008723259,0.5611925721168518,0.5230856537818909,-0.015629302710294724,0.6118959188461304,0.47128134965896606,-0.010124302469193935,0.548502504825592,0.461270809173584,-0.02362304925918579,0.5107063055038452,0.45653143525123596,-0.03131374716758728,0.47956886887550354,0.452027827501297,-0.03561972454190254,0.6060815453529358,0.5005658864974976,-0.02103167027235031,0.538475513458252,0.49093252420425415,-0.03454510495066643,0.49912217259407043,0.48339948058128357,-0.042043570429086685,0.4671829342842102,0.47348278760910034,-0.04605031758546829,0.6049188375473022,0.5385276675224304,-0.030946535989642143,0.5595760345458984,0.57101970911026,-0.04316580668091774,0.5773008465766907,0.582020103931427,-0.042781710624694824,0.5959591269493103,0.5759134888648987,-0.03928724303841591,0.6054898500442505,0.5809932351112366,-0.04078730568289757,0.5723356604576111,0.6052597761154175,-0.04638230428099632,0.5878223180770874,0.6134459376335144,-0.04085526987910271,0.6053558588027954,0.6085513234138489,-0.034808430820703506
0.6948698163032532,0.6179258823394775,8.526509986950259e-08,0.6696796417236328,0.5515475273132324,0.0027105137705802917,0.6239273548126221,0.5129750370979309,-0.0018246727995574474,0.5838742852210999,0.5097082257270813,-0.008785665966570377,0.5565814971923828,0.5222411751747131,-0.01674494333565235,0.6092938780784607,0.4723682403564453,-0.012626486830413342,0.5464099049568176,0.46347033977508545,-0.02664363570511341,0.5083000659942627,0.45950743556022644,-0.034920431673526764,0.47655898332595825,0.45548364520072937,-0.039853282272815704,0.6035869717597961,0.5018500089645386,-0.022885119542479515,0.5374800562858582,0.4945974051952362,-0.03642779216170311,0.4983767569065094,0.48922863602638245,-0.043717414140701294,0.46621471643447876,0.48082974553108215,-0.047981519252061844,0.602264404296875,0.5398162603378296,-0.03211430460214615,0.5576542615890503,0.5707557797431946,-0.04406337812542915,0.575857400894165,0.5802130103111267,-0.04318429157137871,0.5948721766471863,0.5739352703094482,-0.03983768820762634,0.6028858423233032,0.5823783874511719,-0.04140782356262207,0.5720229148864746,0.6062191128730774,-0.047411855310201645,0.5880398154258728,0.6132110953330994,-0.042258162051439285,0.6058048605918884,0.6079914569854736,-0.03666318207979202
0.6964884400367737,0.6223503947257996,8.313737964726897e-08,0.6699569225311279,0.557110071182251,0.0017777999164536595,0.6225637197494507,0.5173719525337219,-0.004122365731745958,0.5823969841003418,0.5146753787994385,-0.012383281253278255,0.5542293787002563,0.5260593295097351,-0.021909046918153763,0.6079950928688049,0.47391119599342346,-0.015016362071037292,0.5456817150115967,0.46805888414382935,-0.03016766719520092,0.5079224109649658,0.4639623463153839,-0.03953973948955536,0.4766395688056946,0.4585368037223816,-0.04544369876384735,0.604586124420166,0.505092978477478,-0.02626670151948929,0.5373874306678772,0.5009287595748901,-0.04135941341519356,0.49769097566604614,0.4946421682834625,-0.04966500401496887,0.464633047580719,0.48427101969718933,-0.054747067391872406,0.6053253412246704,0.5451976656913757,-0.036477986723184586,0.5564478039741516,0.5721163749694824,-0.05125606805086136,0.5747080445289612,0.5822829604148865,-0.05049225315451622,0.5938732028007507,0.5762621760368347,-0.04671661928296089,0.6076655983924866,0.5897305011749268,-0.04664485156536102,0.5718006491661072,0.6099806427955627,-0.05581485107541084,0.5870583653450012,0.6167771220207214,-0.05087822675704956,0.6049103736877441,0.6121357679367065,-0.044895246624946594
0.6936749219894409,0.6208175420761108,8.035409848616837e-08,0.6670684814453125,0.5550263524055481,0.0031988879200071096,0.6201461553573608,0.5167471766471863,-0.0009733404731377959,0.5804408192634583,0.5145758390426636,-0.007818209007382393,0.5534963607788086,0.5271684527397156,-0.015829265117645264,0.6046143770217896,0.47634467482566833,-0.011086716316640377,0.5424607396125793,0.47018685936927795,-0.023780949413776398,0.5063978433609009,0.4664120674133301,-0.031392503529787064,0.4764809012413025,0.46120530366897583,-0.03597559034824371,0.5994746685028076,0.5077551007270813,-0.021489743143320084,0.53468918800354,0.504249095916748,-0.03408466652035713,0.49768635630607605,0.4990687966346741,-0.04123331606388092,0.4673328995704651,0.4903668165206909,-0.04546332731842995,0.5988668203353882,0.546952486038208,-0.030834628269076347,0.5565834045410156,0.5754389762878418,-0.04262027516961098,0.5753911137580872,0.5845628976821899,-0.042609766125679016,0.5943508148193359,0.5787876844406128,-0.03975704684853554,0.600041925907135,0.5901080369949341,-0.04009954258799553,0.5706310272216797,0.6104730367660522,-0.04613390564918518,0.5863969326019287,0.6166934967041016,-0.04154352471232414,0.6037977933883667,0.6121801733970642,-0.03624247387051582
0.6932145953178406,0.626579999923706,9.065416151088357e-08,0.6684342622756958,0.5582798719406128,0.003980251494795084,0.6221082806587219,0.5221249461174011,0.001517858006991446,0.5819761157035828,0.522674560546875,-0.003827441018074751,0.554826021194458,0.5375809073448181,-0.010161083191633224,0.602638304233551,0.48185670375823975,-0.006535989232361317,0.5408162474632263,0.477104127407074,-0.017730962485074997,0.5042482018470764,0.4739835858345032,-0.024699291214346886,0.4743928611278534,0.46970683336257935,-0.02883673645555973,0.5948774814605713,0.5129023194313049,-0.016354026272892952,0.5313903093338013,0.5107337236404419,-0.027923470363020897,0.4952992796897888,0.5048943161964417,-0.03502413257956505,0.4656450152397156,0.49552851915359497,-0.038716692477464676,0.5922463536262512,0.551494836807251,-0.025186415761709213,0.5527759194374084,0.5831747651100159,-0.0363219752907753,0.5717756748199463,0.5929580330848694,-0.03674625605344772,0.5903311371803284,0.5881791114807129,-0.03376661241054535,0.5924261212348938,0.5942999720573425,-0.03398387134075165,0.5668565630912781,0.6171415448188782,-0.03941504657268524,0.5832775235176086,0.6242860555648804,-0.035035572946071625,0.6002451181411743,0.620080292224884,-0.02955341339111328
0.6949467658996582,0.6279292702674866,8.605318413401619e-08,0.6700160503387451,0.5615856647491455,0.004909399431198835,0.624573290348053,0.5249952673912048,0.0028287777677178383,0.5859941244125366,0.5231063961982727,-0.0022799752186983824,0.5597015619277954,0.5348950028419495,-0.008299735374748707,0.6030526161193848,0.48528823256492615,-0.006537182256579399,0.5416420102119446,0.4788966774940491,-0.01823979802429676,0.5047340393066406,0.47497010231018066,-0.02511657401919365,0.4748131036758423,0.47116708755493164,-0.028990713879466057,0.5970510840415955,0.5153645873069763,-0.01697487384080887,0.5324339866638184,0.5116207003593445,-0.028797198086977005,0.49443143606185913,0.5058562159538269,-0.03608069568872452,0.46355679631233215,0.49713587760925293,-0.04004164785146713,0.5961158275604248,0.5535092353820801,-0.026354555040597916,0.5553737878799438,0.5844249725341797,-0.03719855844974518,0.5732300877571106,0.5949356555938721,-0.03701437637209892,0.5909367203712463,0.590406596660614,-0.03376723825931549,0.5974476933479309,0.5960184335708618,-0.03563401848077774,0.5694221258163452,0.6198582053184509,-0.04049942269921303,0.5844689011573792,0.6272909045219421,-0.03564154729247093,0.6003713607788086,0.6230442523956299,-0.029997030273079872
0.6942976117134094,0.6269546151161194,9.269615475204773e-08,0.6687998175621033,0.5598809719085693,0.005535290576517582,0.6231250166893005,0.5238027572631836,0.003012076485902071,0.5843708515167236,0.5232536792755127,-0.0025595049373805523,0.5582603812217712,0.5364720821380615,-0.009235229343175888,0.6034279465675354,0.48553887009620667,-0.008031832054257393,0.5419173836708069,0.4785712659358978,-0.019738707691431046,0.5049340724945068,0.4755128026008606,-0.02656131237745285,0.47499504685401917,0.47206950187683105,-0.03050355613231659,0.5978253483772278,0.5165585279464722,-0.01873699575662613,0.5329161286354065,0.5115986466407776,-0.030435161665081978,0.494742751121521,0.5062178373336792,-0.037398453801870346,0.46445155143737793,0.4983493685722351,-0.041377853602170944,0.5970974564552307,0.5553886294364929,-0.028150003403425217,0.5551488995552063,0.584671139717102,-0.0382259376347065,0.5730441212654114,0.5942385792732239,-0.03714950010180473,0.591564416885376,0.5900769829750061,-0.0336918942630291,0.5986456274986267,0.5981029868125916,-0.037419237196445465,0.5697385668754578,0.6203271150588989,-0.04155974090099335,0.584723711013794,0.6265384554862976,-0.036028873175382614,0.6011634469032288,0.6219487190246582,-0.030163845047354698
0.6940292716026306,0.6262331008911133,9.292013913864139e-08,0.6687653064727783,0.5593351125717163,0.005356941372156143,0.6231703758239746,0.523170530796051,0.0028317412361502647,0.5843068361282349,0.5230798721313477,-0.0027097580023109913,0.5583140254020691,0.5364759564399719,-0.009379091672599316,0.6031792759895325,0.4853786826133728,-0.008319376967847347,0.5415864586830139,0.47868603467941284,-0.020341886207461357,0.504254937171936,0.4756818115711212,-0.027360966429114342,0.4740636348724365,0.4725000262260437,-0.031408995389938354,0.5977729558944702,0.5161913633346558,-0.0190289169549942,0.5326053500175476,0.511412501335144,-0.031057780608534813,0.4940081834793091,0.5061344504356384,-0.03817848861217499,0.4633353352546692,0.498459130525589,-0.04220697656273842,0.5973491668701172,0.5548413395881653,-0.028452912345528603,0.5548776388168335,0.5848230719566345,-0.0389343798160553,0.5729215741157532,0.5945819020271301,-0.03784704580903053,0.5914848446846008,0.5903542637825012,-0.034244634211063385,0.5992529392242432,0.5976483225822449,-0.037726446986198425,0.5694298148155212,0.6202442646026611,-0.042212311178445816,0.5845134854316711,0.6265493631362915,-0.03660249710083008,0.6010375618934631,0.6218483448028564,-0.030590932816267014
0.6945009231567383,0.6270955204963684,9.02312393691318e-08,0.6695132255554199,0.5597679615020752,0.005851115565747023,0.6243142485618591,0.5231583714485168,0.003079918911680579,0.584565281867981,0.5220378637313843,-0.0026031965389847755,0.5578513145446777,0.533988893032074,-0.00940710213035345,0.603986918926239,0.4856276512145996,-0.00915053952485323,0.5418235063552856,0.47869762778282166,-0.02144845575094223,0.5043982267379761,0.475149929523468,-0.02860497310757637,0.4741968512535095,0.4716292917728424,-0.0327330157160759,0.5992689728736877,0.5170261859893799,-0.020168881863355637,0.5334511399269104,0.5113838315010071,-0.03252311795949936,0.4944966435432434,0.5061361193656921,-0.03966137394309044,0.4635539650917053,0.4981952905654907,-0.043742164969444275,0.5992631912231445,0.5559093356132507,-0.02975611947476864,0.5546787977218628,0.5839486718177795,-0.04042700305581093,0.572575569152832,0.594279408454895,-0.03878306970000267,0.5911421775817871,0.5899219512939453,-0.0348217636346817,0.6015782356262207,0.5987079739570618,-0.03907344862818718,0.5697550177574158,0.6198853254318237,-0.043702658265829086,0.5849084258079529,0.626167356967926,-0.03762686625123024,0.6015350818634033,0.6208978891372681,-0.031240928918123245
0.696631133556366,0.6280034184455872,8.416009933398527e-08,0.6713898777961731,0.5600429177284241,0.0065863910131156445,0.6259342432022095,0.5247517228126526,0.004508749581873417,0.5871769189834595,0.5241665244102478,-0.0006791959167458117,0.5609480142593384,0.5369269847869873,-0.006969952955842018,0.6048011779785156,0.4865763783454895,-0.006831122096627951,0.5431104302406311,0.479775071144104,-0.01818845421075821,0.5061246156692505,0.4757884442806244,-0.0250791497528553,0.476435124874115,0.4713415205478668,-0.02914215251803398,0.5998429656028748,0.5172038674354553,-0.01774749346077442,0.5346431732177734,0.5128466486930847,-0.029035700485110283,0.49625271558761597,0.5073196887969971,-0.036044009029865265,0.46568575501441956,0.4984965920448303,-0.04023183882236481,0.5995055437088013,0.555396318435669,-0.027260536327958107,0.5554488301277161,0.5839583873748779,-0.03700469434261322,0.5730689167976379,0.5947183966636658,-0.03594503179192543,0.591438353061676,0.5907126665115356,-0.03266376629471779,0.6014673709869385,0.5977039933204651,-0.03648322820663452,0.5706392526626587,0.6201943159103394,-0.040748052299022675,0.5856143236160278,0.6272287368774414,-0.035234637558460236,0.6020467877388,0.6224218606948853,-0.02938326820731163
0.6976372003555298,0.6296722292900085,9.562351976910577e-08,0.6725432276725769,0.5626033544540405,0.00610419362783432,0.6273021697998047,0.5261965990066528,0.003778355196118355,0.588805615901947,0.5254203677177429,-0.0018402183195576072,0.5627977252006531,0.5384672284126282,-0.008516006171703339,0.6060934066772461,0.4867427349090576,-0.0067974296398460865,0.5435168743133545,0.47947415709495544,-0.01839304529130459,0.506237804889679,0.4750521183013916,-0.0249948613345623,0.47642403841018677,0.47038987278938293,-0.028707630932331085,0.6009382009506226,0.5170713067054749,-0.01788291148841381,0.5352034568786621,0.512518584728241,-0.029912564903497696,0.4967779815196991,0.5067312121391296,-0.037162892520427704,0.4663132131099701,0.4983838200569153,-0.041149772703647614,0.6006829738616943,0.5552952885627747,-0.02771124430000782,0.5578780174255371,0.5873404741287231,-0.03840410336852074,0.5761868357658386,0.5979807376861572,-0.03795989975333214,0.5948306322097778,0.593317985534668,-0.03462941199541092,0.6024236083030701,0.5978344082832336,-0.03727172687649727,0.5713122487068176,0.6218684911727905,-0.04182121157646179,0.5863708853721619,0.629061222076416,-0.03662215173244476,0.6029542684555054,0.6241848468780518,-0.03084474429488182
0.6967401504516602,0.6275386214256287,1.0029870622929593e-07,0.6711273193359375,0.5598178505897522,0.005679104011505842,0.6257694363594055,0.523872971534729,0.0024737173225730658,0.5864948034286499,0.5231889486312866,-0.003674590028822422,0.5600535273551941,0.5369444489479065,-0.01099592074751854,0.6064710021018982,0.4861829876899719,-0.009765509516000748,0.5432063341140747,0.4785175323486328,-0.021539654582738876,0.506192147731781,0.4745153486728668,-0.028032049536705017,0.4763251543045044,0.4697715938091278,-0.03164384141564369,0.6012997627258301,0.5176815390586853,-0.020431986078619957,0.5345855951309204,0.5130563974380493,-0.03232724592089653,0.49613603949546814,0.5072168707847595,-0.03885652497410774,0.465847909450531,0.4986703395843506,-0.04250233992934227,0.6007277369499207,0.5565446019172668,-0.02965295873582363,0.5569067001342773,0.5873368978500366,-0.03957294672727585,0.5747509598731995,0.5977644324302673,-0.03820398077368736,0.5934118628501892,0.5936304330825806,-0.03457910194993019,0.6019952893257141,0.5991528630256653,-0.03864919766783714,0.570647656917572,0.6213793158531189,-0.04237285256385803,0.585758626461029,0.6281821131706238,-0.036476440727710724,0.6025190949440002,0.6234650611877441,-0.030413471162319183
0.7008334994316101,0.628320038318634,9.653863486391856e-08,0.676508367061615,0.560724675655365,0.00299200601875782,0.6308834552764893,0.5235971808433533,-0.0009925724007189274,0.5905951261520386,0.5236817002296448,-0.0074369595386087894,0.5634488463401794,0.5375782251358032,-0.014818557538092136,0.60955810546875,0.48344722390174866,-0.011329516768455505,0.5460752844810486,0.4775069057941437,-0.02418842352926731,0.5079967379570007,0.4736518859863281,-0.03177570924162865,0.4773995280265808,0.4696192145347595,-0.03614611178636551,0.604475200176239,0.5159598588943481,-0.02120472490787506,0.5379258990287781,0.5123764276504517,-0.034616049379110336,0.49825331568717957,0.5066200494766235,-0.04265216365456581,0.46639567613601685,0.4980214238166809,-0.04716691002249718,0.6040247082710266,0.5556668639183044,-0.029857514426112175,0.5601754188537598,0.585502564907074,-0.041911955922842026,0.5785850882530212,0.5950461626052856,-0.04153672978281975,0.5974428057670593,0.5901970863342285,-0.03795270621776581,0.6056545972824097,0.5991864204406738,-0.03840700536966324,0.5740678906440735,0.620186984539032,-0.04412612318992615,0.5892957448959351,0.6262681484222412,-0.03887028247117996,0.6061571836471558,0.6212236881256104,-0.03276226297020912
0.7029006481170654,0.6289030313491821,9.73526042002959e-08,0.6778185963630676,0.5620725750923157,0.004372269846498966,0.6306071281433105,0.5238831043243408,0.0017520685214549303,0.5898663997650146,0.5201011896133423,-0.0036468205507844687,0.5626732110977173,0.5315757393836975,-0.009897809475660324,0.6109846830368042,0.4834505021572113,-0.008708421140909195,0.5474827885627747,0.47548559308052063,-0.021552501246333122,0.5089497566223145,0.4710564911365509,-0.02879834547638893,0.4779616892337799,0.46697741746902466,-0.032675210386514664,0.6056731343269348,0.5140968561172485,-0.018982596695423126,0.5376584529876709,0.5096063613891602,-0.032329101115465164,0.4975346326828003,0.5029849410057068,-0.03993089124560356,0.4653140902519226,0.4936786890029907,-0.04379751533269882,0.6051033735275269,0.5524193644523621,-0.028126699849963188,0.5604302287101746,0.5865150690078735,-0.040135473012924194,0.5776395201683044,0.5981077551841736,-0.039822667837142944,0.5956218838691711,0.593718409538269,-0.03599271923303604,0.6062195301055908,0.595385730266571,-0.03712120279669762,0.5740128755569458,0.6201874017715454,-0.04226624593138695,0.5886632800102234,0.6281624436378479,-0.03700082004070282,0.6052563786506653,0.62360680103302,-0.030849888920783997
0.7038230299949646,0.6286705732345581,1.0075260092889948e-07,0.6794923543930054,0.5605802536010742,0.0040231808088719845,0.6324824690818787,0.5231606960296631,0.0013743967283517122,0.592311441898346,0.5206996202468872,-0.004027375020086765,0.565883219242096,0.5329572558403015,-0.010352724231779575,0.6117379069328308,0.4832279086112976,-0.009937681257724762,0.5469617247581482,0.4751476049423218,-0.022691771388053894,0.5080795288085938,0.4714263081550598,-0.02976585179567337,0.47651758790016174,0.4678802788257599,-0.03360624983906746,0.6061404943466187,0.5136290788650513,-0.020123673602938652,0.5374059081077576,0.5087342262268066,-0.033196572214365005,0.4967230558395386,0.5020216703414917,-0.041065048426389694,0.4641571640968323,0.49318158626556396,-0.04533425718545914,0.6054426431655884,0.5523785948753357,-0.029090678319334984,0.5625321865081787,0.5860682725906372,-0.04061829671263695,0.581081748008728,0.5959394574165344,-0.040755316615104675,0.5998167991638184,0.5909883379936218,-0.03749779239296913,0.6064673662185669,0.5958119630813599,-0.03794935345649719,0.576200008392334,0.6210672855377197,-0.043041035532951355,0.5914641618728638,0.6279651522636414,-0.03821345046162605,0.6084429025650024,0.6234370470046997,-0.03249071165919304
0.7041457295417786,0.6285600066184998,9.393345834496358e-08,0.6791724562644958,0.5608798265457153,0.004638160113245249,0.6315599083900452,0.5219385027885437,0.0018515991978347301,0.5911545157432556,0.5189134478569031,-0.003901388496160507,0.5646181702613831,0.5313048958778381,-0.010590864345431328,0.6111763119697571,0.4817233681678772,-0.009653663262724876,0.5466655492782593,0.47379282116889954,-0.022454874590039253,0.5082165598869324,0.4697149097919464,-0.0294413510710001,0.47710511088371277,0.46562469005584717,-0.0333452969789505,0.607046365737915,0.5123645067214966,-0.020622825250029564,0.5383806824684143,0.5073557496070862,-0.03406483680009842,0.4983525276184082,0.5007005333900452,-0.0417761504650116,0.46649354696273804,0.4920118451118469,-0.04599515348672867,0.6076606512069702,0.5514636635780334,-0.0303940512239933,0.5624529719352722,0.584631621837616,-0.04264947399497032,0.5808938145637512,0.5950501561164856,-0.04243433102965355,0.5999348759651184,0.589934229850769,-0.03886033594608307,0.609815776348114,0.5951686501502991,-0.039967190474271774,0.5768654346466064,0.6195785999298096,-0.045788951218128204,0.591740608215332,0.6264220476150513,-0.04089835286140442,0.6088563203811646,0.6213667988777161,-0.0351099856197834
0.7046228647232056,0.6280291080474854,9.440555714945731e-08,0.6786287426948547,0.5604101419448853,0.004903620108962059,0.6319209337234497,0.5224550366401672,0.0018561390461400151,0.5929333567619324,0.5194497108459473,-0.004265247378498316,0.5668699145317078,0.532778263092041,-0.01140560396015644,0.6113430857658386,0.4818921685218811,-0.009604617021977901,0.5474673509597778,0.4730606973171234,-0.022762132808566093,0.5088582038879395,0.4690803587436676,-0.030322067439556122,0.4771205484867096,0.46516358852386475,-0.03460118919610977,0.6062880754470825,0.5128785967826843,-0.020745355635881424,0.5381077527999878,0.5067552328109741,-0.033908143639564514,0.4981490969657898,0.5003932118415833,-0.0415644608438015,0.46598654985427856,0.49194300174713135,-0.045851707458496094,0.6062380075454712,0.5519070625305176,-0.030673950910568237,0.5618427991867065,0.5852370262145996,-0.0424337200820446,0.580559492111206,0.5956661105155945,-0.04217147454619408,0.5998628735542297,0.5909214019775391,-0.03873630613088608,0.6079366207122803,0.5953453183174133,-0.04046470671892166,0.5755893588066101,0.6194769144058228,-0.04558726027607918,0.5906215906143188,0.6267033815383911,-0.040321461856365204,0.6080109477043152,0.6219579577445984,-0.034413088113069534
0.7060180902481079,0.6261034607887268,1.009077479352527e-07,0.6798450350761414,0.5586425065994263,0.004055189434438944,0.6319940090179443,0.5193809270858765,0.0010085850954055786,0.591040313243866,0.5154601335525513,-0.004893142264336348,0.5640605688095093,0.5259310007095337,-0.011555468663573265,0.6113819479942322,0.48122406005859375,-0.009941112250089645,0.5465005040168762,0.4726450741291046,-0.023372067138552666,0.507419228553772,0.4685359001159668,-0.03046322800219059,0.4755765497684479,0.4649614691734314,-0.03426310420036316,0.6065917611122131,0.5113660097122192,-0.020728524774312973,0.5366649627685547,0.5062161684036255,-0.034895848482847214,0.4958001971244812,0.49991878867149353,-0.04265337809920311,0.46303024888038635,0.4913572669029236,-0.04657004401087761,0.6067133545875549,0.5497943758964539,-0.030446643009781837,0.5620272159576416,0.5869593024253845,-0.04325077682733536,0.5810211896896362,0.5965985655784607,-0.04300089552998543,0.5998526811599731,0.5892960429191589,-0.039129588752985,0.6084191203117371,0.5929368734359741,-0.04006258770823479,0.5748803019523621,0.6197670698165894,-0.04585225507616997,0.5907659530639648,0.6270022988319397,-0.04063762351870537,0.6079756617546082,0.6208651661872864,-0.0345594584941864
0.7058826684951782,0.6267282962799072,9.920511701011492e-08,0.6803359389305115,0.558014452457428,0.005673382431268692,0.6326399445533752,0.5201694965362549,0.0033105018083006144,0.5921226143836975,0.5165731906890869,-0.0020532698836177588,0.565170168876648,0.5277479290962219,-0.008322523906826973,0.6119981408119202,0.4813516139984131,-0.009031757712364197,0.5466517210006714,0.4726991057395935,-0.021498050540685654,0.5077478885650635,0.46902453899383545,-0.028058035299181938,0.4761536121368408,0.46563616394996643,-0.03150160610675812,0.6058817505836487,0.5120911002159119,-0.01990727335214615,0.536231517791748,0.5063221454620361,-0.03244265913963318,0.4958934187889099,0.4999772012233734,-0.03936177119612694,0.46392887830734253,0.49153074622154236,-0.04290862753987312,0.6049309968948364,0.5508033633232117,-0.029473720118403435,0.5618448853492737,0.5862182378768921,-0.0399044007062912,0.5808418393135071,0.595982015132904,-0.039126764982938766,0.5997490286827087,0.5898998975753784,-0.03554205223917961,0.6060057878494263,0.5939637422561646,-0.03889777511358261,0.5757325887680054,0.6200031042098999,-0.04279088228940964,0.5915034413337708,0.62708580493927,-0.037281159311532974,0.6084127426147461,0.6213744878768921,-0.03132416307926178
0.7075632214546204,0.6284104585647583,1.147629546949247e-07,0.6831420660018921,0.5598671436309814,0.005559590645134449,0.6366129517555237,0.5215776562690735,0.002527841366827488,0.5959713459014893,0.5185647010803223,-0.003423797432333231,0.5682795643806458,0.531173050403595,-0.010270238853991032,0.6145449280738831,0.48158133029937744,-0.010227941907942295,0.547865629196167,0.47264209389686584,-0.02266405150294304,0.508682370185852,0.4683592915534973,-0.02920893393456936,0.47705185413360596,0.4641781151294708,-0.032650209963321686,0.6076985597610474,0.513414740562439,-0.021209891885519028,0.5377656817436218,0.505538821220398,-0.033834706991910934,0.49705350399017334,0.4978826344013214,-0.04097817838191986,0.46530136466026306,0.4877602458000183,-0.04468699172139168,0.6061274409294128,0.5529287457466125,-0.030720578506588936,0.5627575516700745,0.582960307598114,-0.041058044880628586,0.5818384289741516,0.5936565399169922,-0.03986530378460884,0.6010124683380127,0.5891635417938232,-0.035958778113126755,0.6067710518836975,0.5964629650115967,-0.040063317865133286,0.576897919178009,0.6191454529762268,-0.04386764019727707,0.5926067233085632,0.6265553832054138,-0.03795104846358299,0.6093524694442749,0.6220247745513916,-0.031568046659231186
0.7081918120384216,0.6299793124198914,1.2399509330407454e-07,0.6832869052886963,0.5607388615608215,0.005185721907764673,0.6370255351066589,0.5223614573478699,0.001352790161035955,0.597164511680603,0.5206249356269836,-0.0054625398479402065,0.5705772638320923,0.5349677205085754,-0.013374320231378078,0.6160312294960022,0.4826132357120514,-0.012449856847524643,0.548530101776123,0.4727802276611328,-0.025785699486732483,0.5089294910430908,0.46778079867362976,-0.03278104588389397,0.4769335091114044,0.46293386816978455,-0.03644917532801628,0.6101826429367065,0.514638364315033,-0.023791087791323662,0.5400250554084778,0.5054219365119934,-0.037266165018081665,0.49918466806411743,0.4974193572998047,-0.044617217034101486,0.4675883650779724,0.4877091646194458,-0.04843033477663994,0.6091576218605042,0.5543795228004456,-0.033612724393606186,0.5646677017211914,0.5841416120529175,-0.04472808539867401,0.5831013917922974,0.5943470001220703,-0.04354812949895859,0.6021637320518494,0.5893592238426208,-0.03949689492583275,0.6098323464393616,0.5979627370834351,-0.04323415830731392,0.5770953893661499,0.6186689138412476,-0.0473821796476841,0.5922465920448303,0.6261104345321655,-0.04101308435201645,0.609296977519989,0.6218363046646118,-0.03427843749523163
0.7091882824897766,0.6309124231338501,1.1153926493534527e-07,0.6846802830696106,0.5610348582267761,0.005253933370113373,0.6383658647537231,0.52278733253479,0.0016832982655614614,0.5983268618583679,0.522137463092804,-0.004885098431259394,0.5713924765586853,0.5374922752380371,-0.01252998597919941,0.6170523166656494,0.48226848244667053,-0.010874065570533276,0.5505831837654114,0.4725503623485565,-0.023614615201950073,0.5113973021507263,0.46842533349990845,-0.03071245551109314,0.4794817864894867,0.4644072651863098,-0.03453665226697922,0.6104057431221008,0.5153888463973999,-0.021937323734164238,0.5406871438026428,0.5064379572868347,-0.03451579809188843,0.49993574619293213,0.49906161427497864,-0.041664160788059235,0.46792924404144287,0.4901103377342224,-0.045471493154764175,0.6088383197784424,0.5554752945899963,-0.03155871853232384,0.564213216304779,0.5852118134498596,-0.04184572398662567,0.5831355452537537,0.5946258902549744,-0.04087023809552193,0.602593719959259,0.5894603729248047,-0.03717903792858124,0.6092793345451355,0.5989742279052734,-0.04103821516036987,0.5774180889129639,0.618896484375,-0.04465089738368988,0.592987060546875,0.6257296800613403,-0.03840605914592743,0.6103854775428772,0.6209712028503418,-0.031876277178525925
0.7092480659484863,0.6324347257614136,1.1859814463832663e-07,0.6845716238021851,0.5632055401802063,0.004755059722810984,0.6384429335594177,0.524804949760437,0.0008414709009230137,0.598466694355011,0.5249903798103333,-0.006053517106920481,0.5725629925727844,0.5413399934768677,-0.013984580524265766,0.6172982454299927,0.48319852352142334,-0.011509216390550137,0.5510139465332031,0.47367793321609497,-0.024591069668531418,0.5120883584022522,0.4690858721733093,-0.03174099326133728,0.48038893938064575,0.46459800004959106,-0.03568219020962715,0.6120403409004211,0.5156737565994263,-0.02273169532418251,0.5418024063110352,0.507359504699707,-0.03627496585249901,0.5009698271751404,0.49959951639175415,-0.04390060156583786,0.4689273536205292,0.49010753631591797,-0.04802309349179268,0.6112921833992004,0.5557225942611694,-0.03253715857863426,0.5654551982879639,0.5868642926216125,-0.04424871876835823,0.5840253829956055,0.5969892144203186,-0.04338132590055466,0.603521466255188,0.5921419858932495,-0.039408840239048004,0.6120976209640503,0.5995976328849792,-0.04217598959803581,0.5783404111862183,0.6206175088882446,-0.04694894328713417,0.5938848853111267,0.6273532509803772,-0.040850989520549774,0.611461877822876,0.6224344372749329,-0.034289002418518066
0.7103265523910522,0.6331652402877808,1.1939314958908653e-07,0.6864922046661377,0.5640384554862976,0.003894128603860736,0.6397610902786255,0.5267066955566406,0.0002037840458797291,0.5998324155807495,0.5279110074043274,-0.006405401509255171,0.5741897225379944,0.5455506443977356,-0.013933936133980751,0.6174342036247253,0.4844605624675751,-0.010637993924319744,0.5520712733268738,0.4752936363220215,-0.02410149946808815,0.5130531191825867,0.47076988220214844,-0.031831759959459305,0.48111703991889954,0.4665602445602417,-0.036189932376146317,0.6113148927688599,0.5165587663650513,-0.021475745365023613,0.5423076152801514,0.5083799362182617,-0.03513777256011963,0.5015734434127808,0.5007627606391907,-0.043152112513780594,0.468771368265152,0.49101585149765015,-0.04748101159930229,0.6102307438850403,0.5562679171562195,-0.03112811967730522,0.5660531520843506,0.5889803171157837,-0.04334589093923569,0.585349440574646,0.5986809134483337,-0.04323677346110344,0.6049126386642456,0.5925321578979492,-0.03965219482779503,0.6110894680023193,0.6000325679779053,-0.040728408843278885,0.5795007944107056,0.6229797601699829,-0.046020373702049255,0.5955966711044312,0.6297426819801331,-0.04043332859873772,0.6131536364555359,0.6239520311355591,-0.03416682779788971
0.7105855941772461,0.636020839214325,1.0251030602148603e-07,0.6857644319534302,0.565750241279602,0.004970941226929426,0.6392120122909546,0.5270203948020935,0.0018256258917972445,0.5996158123016357,0.5261496305465698,-0.004284312017261982,0.574050784111023,0.543090283870697,-0.011462115682661533,0.6178144812583923,0.48576581478118896,-0.009382828138768673,0.5527552366256714,0.47744855284690857,-0.02177378349006176,0.514453113079071,0.4733096659183502,-0.02890671044588089,0.48315107822418213,0.4690636694431305,-0.03299645707011223,0.6117734909057617,0.5179545879364014,-0.02040931023657322,0.5429157018661499,0.5112968683242798,-0.03308600187301636,0.5028858184814453,0.5051740407943726,-0.040598150342702866,0.4709728956222534,0.496242880821228,-0.04476681724190712,0.610547661781311,0.5576331615447998,-0.03014601394534111,0.5660758018493652,0.5893501043319702,-0.041449014097452164,0.584797203540802,0.6001294851303101,-0.04117172956466675,0.6039569973945618,0.5951021313667297,-0.037774305790662766,0.611073911190033,0.6011252999305725,-0.03971528634428978,0.5791211128234863,0.6232337951660156,-0.04442838206887245,0.5949795246124268,0.6306631565093994,-0.03886782005429268,0.6122300028800964,0.625444769859314,-0.03279370069503784
0.7111648321151733,0.6354141235351562,9.762363362142423e-08,0.6865267753601074,0.5662301778793335,0.004513536114245653,0.639596700668335,0.5272635817527771,0.0010196059010922909,0.5995513200759888,0.525534451007843,-0.005351764615625143,0.5736117959022522,0.5401766896247864,-0.012669234536588192,0.6190693378448486,0.4861799478530884,-0.010629982687532902,0.5532836318016052,0.4772472679615021,-0.023548277094960213,0.5145754814147949,0.4729701280593872,-0.030614743009209633,0.4829770028591156,0.4688548445701599,-0.034537214785814285,0.6136099100112915,0.5181514024734497,-0.0215738657861948,0.5432912707328796,0.5113093852996826,-0.03495056554675102,0.5027952790260315,0.5052362084388733,-0.04240649938583374,0.4707200527191162,0.49688273668289185,-0.046392589807510376,0.6127779483795166,0.557887077331543,-0.031235992908477783,0.5666821002960205,0.5908696055412292,-0.042892489582300186,0.5852208733558655,0.601341962814331,-0.042317505925893784,0.6043053269386292,0.596157968044281,-0.038595572113990784,0.613438069820404,0.6014928817749023,-0.04076045751571655,0.579741358757019,0.6243790984153748,-0.045501530170440674,0.5950177907943726,0.6317808628082275,-0.03983747959136963,0.6120699048042297,0.6267793774604797,-0.03366781771183014
0.7107335329055786,0.6364272832870483,9.992272254066847e-08,0.6870375275611877,0.5661312341690063,0.004867447540163994,0.6411968469619751,0.5278381705284119,0.0012638806365430355,0.601651132106781,0.526727557182312,-0.005274863447993994,0.5760248303413391,0.5419089794158936,-0.012890532612800598,0.6191995143890381,0.4872018098831177,-0.011433730833232403,0.5529282093048096,0.478203684091568,-0.024476822465658188,0.5142209529876709,0.4740031063556671,-0.03179272264242172,0.482514351606369,0.46990302205085754,-0.03591286391019821,0.6130868792533875,0.5194207429885864,-0.02250448800623417,0.5429894924163818,0.5118510723114014,-0.035744328051805496,0.5019903779029846,0.5060040354728699,-0.0432962030172348,0.46974340081214905,0.4981426000595093,-0.047486890107393265,0.611796498298645,0.5593441724777222,-0.032136235386133194,0.5665255188941956,0.5893446803092957,-0.043167028576135635,0.5848932266235352,0.5994058847427368,-0.042144447565078735,0.6038774251937866,0.5947431325912476,-0.038341645151376724,0.6124153733253479,0.6027736067771912,-0.041643183678388596,0.5793812870979309,0.6230769157409668,-0.045819904655218124,0.5947092771530151,0.6303150057792664,-0.03959333151578903,0.6117897629737854,0.6259351968765259,-0.033079300075769424
0.7111730575561523,0.6367796063423157,1.0895682578393462e-07,0.6868380308151245,0.5673525333404541,0.005118854809552431,0.6409415006637573,0.5297290682792664,0.001186660141684115,0.6018293499946594,0.5300107002258301,-0.00572294881567359,0.5768073797225952,0.5465140342712402,-0.013677970506250858,0.6194901466369629,0.48726600408554077,-0.011815657839179039,0.5527657270431519,0.478508859872818,-0.02496434934437275,0.5139871835708618,0.4740711450576782,-0.03244532644748688,0.4820406436920166,0.4699256420135498,-0.036610495299100876,0.6131040453910828,0.5202551484107971,-0.022998392581939697,0.5433490872383118,0.5120384693145752,-0.03614414110779762,0.5026042461395264,0.5058717131614685,-0.043856047093868256,0.4702281355857849,0.497928261756897,-0.04811937361955643,0.6115228533744812,0.5602632164955139,-0.03263533115386963,0.566634476184845,0.5906608700752258,-0.04329705610871315,0.5855420827865601,0.6007197499275208,-0.04248804599046707,0.6047759056091309,0.5957523584365845,-0.03885498270392418,0.6119082570075989,0.6034790277481079,-0.04212411493062973,0.5795141458511353,0.623708963394165,-0.045791760087013245,0.5952127575874329,0.6310071349143982,-0.03943954408168793,0.6124699115753174,0.6263686418533325,-0.03283774107694626
0.7106676697731018,0.6379543542861938,1.0104108127961808e-07,0.6864400506019592,0.5674618482589722,0.006076134741306305,0.6408776640892029,0.5301216840744019,0.00255262921564281,0.6020932793617249,0.5302805304527283,-0.004055135417729616,0.5768076181411743,0.5463886260986328,-0.011711093597114086,0.619051992893219,0.48750942945480347,-0.010111438110470772,0.5533575415611267,0.47867080569267273,-0.022673392668366432,0.5148103833198547,0.4744998812675476,-0.0299929641187191,0.48328015208244324,0.4702875018119812,-0.03416067361831665,0.6124000549316406,0.5202040672302246,-0.021433589980006218,0.5433582663536072,0.5123355388641357,-0.03367068991065025,0.5032256245613098,0.5067490935325623,-0.04100343957543373,0.4714478850364685,0.49869975447654724,-0.045217692852020264,0.610754132270813,0.5601184368133545,-0.031176399439573288,0.5658919811248779,0.5903165936470032,-0.04086589813232422,0.5842442512512207,0.6015769839286804,-0.03970037400722504,0.6033076643943787,0.5975013971328735,-0.03621630370616913,0.6112737655639648,0.6033583283424377,-0.04074547067284584,0.5798937678337097,0.6249209642410278,-0.04383036121726036,0.5952481031417847,0.6326200366020203,-0.03749209642410278,0.612244188785553,0.6279654502868652,-0.031097372993826866
0.7105818390846252,0.6373017430305481,1.0491395840972473e-07,0.6863640546798706,0.5677947402000427,0.004842182155698538,0.6398974061012268,0.5290743708610535,0.0010680044069886208,0.5997938513755798,0.5271470546722412,-0.005676001776009798,0.5738019347190857,0.5409902334213257,-0.013338856399059296,0.6185893416404724,0.4871830344200134,-0.010742894373834133,0.5526519417762756,0.4784137010574341,-0.02404269389808178,0.5137249231338501,0.47422870993614197,-0.03155812621116638,0.48193803429603577,0.4700331687927246,-0.035817183554172516,0.6130393147468567,0.5191010236740112,-0.02193511836230755,0.542993426322937,0.5120579600334167,-0.03561415150761604,0.502278745174408,0.5059064030647278,-0.04340297728776932,0.4702366292476654,0.4975644648075104,-0.04765811190009117,0.612175703048706,0.558849036693573,-0.03177759423851967,0.5662751793861389,0.591733455657959,-0.043354425579309464,0.5849608778953552,0.6023774147033691,-0.04245947301387787,0.6042458415031433,0.5971158742904663,-0.03860637918114662,0.6130746603012085,0.602299690246582,-0.04149997979402542,0.57962566614151,0.6252904534339905,-0.046142060309648514,0.5952589511871338,0.6329568028450012,-0.040144916623830795,0.6125882863998413,0.6279193758964539,-0.03371060639619827
0.7113572359085083,0.6376216411590576,9.27639476344666e-08,0.6871587634086609,0.5686191320419312,0.005498838145285845,0.6403152346611023,0.5307848453521729,0.0027175631839782,0.6004037857055664,0.5299175977706909,-0.0031424311455339193,0.5745288729667664,0.5442588329315186,-0.009835644625127316,0.6181669235229492,0.487657368183136,-0.00835239328444004,0.5529068112373352,0.4790154695510864,-0.02048441395163536,0.5145599842071533,0.47452178597450256,-0.027254363521933556,0.483246773481369,0.4698200821876526,-0.03110625594854355,0.6126871705055237,0.5186072587966919,-0.0192769393324852,0.5434246063232422,0.5125881433486938,-0.03167159482836723,0.5038785338401794,0.5065671801567078,-0.03880532830953598,0.47238457202911377,0.4977489113807678,-0.04276958853006363,0.6117924451828003,0.5575423836708069,-0.02895236387848854,0.5670348405838013,0.5924854278564453,-0.03966547176241875,0.5860762596130371,0.6030543446540833,-0.039271287620067596,0.6054601669311523,0.5973021984100342,-0.03597835451364517,0.6125097870826721,0.6005539298057556,-0.038492731750011444,0.5810497403144836,0.6259361505508423,-0.042664818465709686,0.5969682335853577,0.6335139870643616,-0.03742895647883415,0.6141766309738159,0.6278971433639526,-0.03174717724323273
0.7114351987838745,0.6385096311569214,1.04557123847826e-07,0.6871361136436462,0.5686790943145752,0.0048592877574265,0.639766275882721,0.531233549118042,0.0016554754693061113,0.60005122423172,0.5326534509658813,-0.0045542968437075615,0.5747807025909424,0.5495616793632507,-0.011578405275940895,0.6188495755195618,0.48787933588027954,-0.008665542118251324,0.5531930923461914,0.4794688820838928,-0.02058567851781845,0.5150737166404724,0.47521883249282837,-0.027260662987828255,0.48392996191978455,0.4704892635345459,-0.031053123995661736,0.6128641366958618,0.5200291275978088,-0.019428996369242668,0.5440992116928101,0.5132402777671814,-0.03161090612411499,0.5051926374435425,0.5070195198059082,-0.038812629878520966,0.47429579496383667,0.4980096220970154,-0.0427764430642128,0.6115562319755554,0.559592068195343,-0.028980646282434464,0.5675601363182068,0.5924082398414612,-0.039683613926172256,0.5868560671806335,0.6027666330337524,-0.03960978612303734,0.6064954996109009,0.5975530743598938,-0.03644558787345886,0.612048327922821,0.6027871370315552,-0.03842252865433693,0.5813087224960327,0.6260401010513306,-0.04250010848045349,0.5972058176994324,0.6334229707717896,-0.03726150467991829,0.6143864989280701,0.6284446716308594,-0.03154721111059189
0.7107553482055664,0.637847900390625,1.0731532285035428e-07,0.687192976474762,0.5679072141647339,0.005071949679404497,0.6407366991043091,0.5302453637123108,0.0014083880232647061,0.6005540490150452,0.5301541090011597,-0.005294164177030325,0.5743921995162964,0.5458746552467346,-0.012898890301585197,0.6190757751464844,0.48856043815612793,-0.010123400017619133,0.5524457693099976,0.4795960485935211,-0.02262440137565136,0.5139219760894775,0.47530239820480347,-0.02948075719177723,0.48242032527923584,0.4707977771759033,-0.033306319266557693,0.6130272150039673,0.5207324624061584,-0.021334990859031677,0.5423592329025269,0.5127885937690735,-0.03407857567071915,0.5022289156913757,0.5062986016273499,-0.04132164642214775,0.47069472074508667,0.49768126010894775,-0.04524447023868561,0.6118987202644348,0.5603935122489929,-0.031192010268568993,0.5665917992591858,0.5931074619293213,-0.042263537645339966,0.5857329368591309,0.6030675768852234,-0.04170797020196915,0.6054702997207642,0.5973902344703674,-0.038173869252204895,0.6128439903259277,0.6036024689674377,-0.04088187217712402,0.5801331400871277,0.6263786554336548,-0.04522987827658653,0.5961213111877441,0.6337380409240723,-0.039392199367284775,0.613867998123169,0.628715991973877,-0.0331617034971714
0.7101079821586609,0.6367510557174683,9.790408483922874e-08,0.6856685876846313,0.5669521689414978,0.005863656289875507,0.6395511627197266,0.530441403388977,0.0027505115140229464,0.6003673672676086,0.5313831567764282,-0.0035453587770462036,0.5748292207717896,0.5477629899978638,-0.01077142171561718,0.6179282069206238,0.48798680305480957,-0.008590818382799625,0.5521541833877563,0.4793713390827179,-0.0205069687217474,0.5140109658241272,0.4753760099411011,-0.02718106284737587,0.4829826056957245,0.47080546617507935,-0.030921030789613724,0.6118904948234558,0.5199960470199585,-0.019706925377249718,0.5428075194358826,0.5133219957351685,-0.03161245957016945,0.5037122368812561,0.5075066089630127,-0.03853273764252663,0.4728040099143982,0.49891749024391174,-0.04234887287020683,0.6109265089035034,0.5593838095664978,-0.029460705816745758,0.5674092173576355,0.5931564569473267,-0.039533309638500214,0.5864417552947998,0.603472113609314,-0.03916437551379204,0.6059958934783936,0.5979189872741699,-0.03604428470134735,0.6119680404663086,0.6024998426437378,-0.03902332857251167,0.5810751914978027,0.6266059279441833,-0.04261108115315437,0.5969189405441284,0.6340727806091309,-0.036986399441957474,0.6144253015518188,0.6288041472434998,-0.03107403963804245
0.7085254788398743,0.6353377103805542,1.0167351405243608e-07,0.6842021942138672,0.565923810005188,0.00603604968637228,0.6381133794784546,0.5286473035812378,0.003052877727895975,0.5987178683280945,0.5280331373214722,-0.0030585217755287886,0.5729831457138062,0.5436275005340576,-0.010075964964926243,0.6166497468948364,0.4873444437980652,-0.008418265730142593,0.5510330200195312,0.4784732758998871,-0.02011016197502613,0.5128785371780396,0.47462937235832214,-0.0265845637768507,0.48195481300354004,0.4703165590763092,-0.030181368812918663,0.6104015707969666,0.5193926095962524,-0.01947380043566227,0.5414837598800659,0.512886106967926,-0.03128651902079582,0.5023608803749084,0.5071983337402344,-0.03812418133020401,0.47176340222358704,0.49866244196891785,-0.041857026517391205,0.6090167164802551,0.5587839484214783,-0.029111217707395554,0.5659974813461304,0.5918020606040955,-0.03892632573843002,0.584089994430542,0.6027060747146606,-0.03820648044347763,0.6028726100921631,0.5981059074401855,-0.03488971292972565,0.6095449924468994,0.601630687713623,-0.03857889398932457,0.5798134207725525,0.6249711513519287,-0.04193684086203575,0.5953624248504639,0.6328762173652649,-0.03620361536741257,0.6123600006103516,0.628282368183136,-0.03022097237408161
0.7097351551055908,0.6361140012741089,9.58851984478315e-08,0.6856865286827087,0.5667673945426941,0.005713977850973606,0.6390196084976196,0.5286620259284973,0.003143346169963479,0.5988857746124268,0.5265998840332031,-0.0023528507445007563,0.5724571347236633,0.5414413213729858,-0.008740518242120743,0.6168779730796814,0.4876083731651306,-0.008088748902082443,0.5515204071998596,0.4787023067474365,-0.020152566954493523,0.5130347013473511,0.4748213291168213,-0.026895998045802116,0.48171162605285645,0.47102096676826477,-0.030583366751670837,0.6109112501144409,0.5189769864082336,-0.018932608887553215,0.541194498538971,0.5121861100196838,-0.031051890924572945,0.5012853741645813,0.5068688988685608,-0.03807833790779114,0.46964454650878906,0.49870187044143677,-0.041771307587623596,0.6098504066467285,0.5581619143486023,-0.0284604299813509,0.5656176805496216,0.5916752815246582,-0.03896581754088402,0.5838354825973511,0.6030232310295105,-0.03841641545295715,0.6025066375732422,0.5979927182197571,-0.03489752858877182,0.6104658842086792,0.6012940406799316,-0.037779878824949265,0.579361081123352,0.6253924369812012,-0.04170937091112137,0.5949627161026001,0.6335273385047913,-0.03602226451039314,0.6119469404220581,0.6285194754600525,-0.029869982972741127
0.7097877264022827,0.6354607343673706,9.759041574852745e-08,0.684917151927948,0.5660762190818787,0.004763954319059849,0.637296736240387,0.5274530649185181,0.0013721197610720992,0.596326470375061,0.5257372856140137,-0.004763948731124401,0.569674015045166,0.5402776598930359,-0.011962688528001308,0.6176838278770447,0.4876629412174225,-0.01055349875241518,0.5521348714828491,0.4782486855983734,-0.023253604769706726,0.5137486457824707,0.4740239977836609,-0.03023439832031727,0.48243045806884766,0.46982160210609436,-0.0340411514043808,0.612158477306366,0.5198845863342285,-0.021339453756809235,0.5418931245803833,0.5121433138847351,-0.03425450995564461,0.5017074346542358,0.5060580968856812,-0.04142719507217407,0.4696734547615051,0.4976995885372162,-0.04519236087799072,0.6114383339881897,0.5593301653862,-0.03077899105846882,0.5649236440658569,0.5910491943359375,-0.04252414032816887,0.5834648609161377,0.6013097763061523,-0.04219778999686241,0.6027674674987793,0.5960391163825989,-0.03857794404029846,0.6124392151832581,0.6027311682701111,-0.03994131460785866,0.5787877440452576,0.6248552799224854,-0.04502260684967041,0.5943570137023926,0.631879448890686,-0.039490241557359695,0.6119868159294128,0.6266087889671326,-0.03329740837216377
0.7101104855537415,0.6355794668197632,9.165123060483893e-08,0.6853296160697937,0.5666375756263733,0.0038822523783892393,0.636670708656311,0.5266461372375488,0.0010159648954868317,0.595535397529602,0.5234251618385315,-0.004464959725737572,0.5693910717964172,0.5347175598144531,-0.010706057772040367,0.6173624396324158,0.4869786500930786,-0.00986913125962019,0.5529760718345642,0.4774693548679352,-0.022549474611878395,0.5143852233886719,0.4731487035751343,-0.029404759407043457,0.48276662826538086,0.4694299101829529,-0.03325464203953743,0.6120622754096985,0.5171661972999573,-0.02010108344256878,0.543069064617157,0.5115463733673096,-0.03345867246389389,0.5028032660484314,0.5056032538414001,-0.041018046438694,0.4702868163585663,0.49770763516426086,-0.04508911445736885,0.6114357113838196,0.5554823279380798,-0.02921338565647602,0.566679060459137,0.5933050513267517,-0.04090924933552742,0.5864347219467163,0.6025970578193665,-0.04086999222636223,0.6058909893035889,0.5956467390060425,-0.037645138800144196,0.6123158931732178,0.5983763933181763,-0.03826690837740898,0.5806914567947388,0.6263343691825867,-0.04349305480718613,0.597213864326477,0.6329871416091919,-0.03880012035369873,0.6147083044052124,0.6263934373855591,-0.03339262306690216
0.710702657699585,0.6347688436508179,9.07922128590144e-08,0.685663640499115,0.5659973621368408,0.003864461090415716,0.6379322409629822,0.5262651443481445,0.0008138951961882412,0.5976629853248596,0.5238661766052246,-0.0048517403192818165,0.5717816948890686,0.5374860763549805,-0.01137267891317606,0.618267834186554,0.4864056706428528,-0.010000509209930897,0.5531783699989319,0.47672945261001587,-0.023447612300515175,0.51393061876297,0.4724060297012329,-0.031029270961880684,0.481673926115036,0.46888136863708496,-0.035361628979444504,0.6123715043067932,0.5168149471282959,-0.02051994390785694,0.5421304106712341,0.5102583765983582,-0.03417140990495682,0.5015735626220703,0.5052750706672668,-0.041954126209020615,0.4686237573623657,0.4978385865688324,-0.04615568742156029,0.611678421497345,0.5554745197296143,-0.029948867857456207,0.5658158659934998,0.5910258293151855,-0.042273085564374924,0.5858034491539001,0.6013939380645752,-0.042220260947942734,0.6054425835609436,0.5948811173439026,-0.03884853795170784,0.6128066778182983,0.5986613035202026,-0.03928445279598236,0.5810081362724304,0.6266335844993591,-0.04511720687150955,0.5976855158805847,0.633750855922699,-0.04026063159108162,0.6151943802833557,0.6270754933357239,-0.03461771830916405
