0,1,2,3,4,5,6,7,8,9,10,11,12,13,14,15,16,17,18,19,20,21,22,23,24,25,26,27,28,29,30,31,32,33,34,35,36,37,38,39,40,41,42,43,44,45,46,47,48,49,50,51,52,53,54,55,56,57,58,59,60,61,62
0.7122080326080322,0.6321967840194702,7.578609739766762e-08,0.686414361000061,0.5651633143424988,0.004328820388764143,0.6389736533164978,0.5259103775024414,0.001112692872993648,0.597312867641449,0.5218657851219177,-0.004699829500168562,0.5702915787696838,0.5329408049583435,-0.01130373403429985,0.6189875602722168,0.4851066470146179,-0.010840551927685738,0.5541843175888062,0.47627919912338257,-0.024585925042629242,0.515284538269043,0.4724617004394531,-0.032079897820949554,0.4836215674877167,0.4687541425228119,-0.03627944737672806,0.6154931783676147,0.5145039558410645,-0.021538879722356796,0.5442123413085938,0.5090957880020142,-0.035705991089344025,0.5040543675422668,0.50373375415802,-0.04338732734322548,0.47192302346229553,0.4951799809932709,-0.04747547581791878,0.6164490580558777,0.5529822707176208,-0.03100748360157013,0.5677047967910767,0.589551568031311,-0.04403778538107872,0.5863667726516724,0.6017806529998779,-0.04340077564120293,0.6056330800056458,0.5958583354949951,-0.03937447816133499,0.6185054779052734,0.596135675907135,-0.040224283933639526,0.5824481844902039,0.6245331168174744,-0.046583451330661774,0.5974566340446472,0.6328208446502686,-0.04135313257575035,0.6145452857017517,0.626891553401947,-0.03523923084139824
0.7124269008636475,0.6330564618110657,8.015648944592613e-08,0.6873514652252197,0.5657907724380493,0.004225332755595446,0.6403679847717285,0.5255466103553772,0.0012647431576624513,0.5997112989425659,0.5209998488426208,-0.004331997595727444,0.5732705593109131,0.5326699614524841,-0.010727140121161938,0.6202771067619324,0.4848688840866089,-0.010190012864768505,0.5553205013275146,0.4759038984775543,-0.023333048447966576,0.5164682865142822,0.4719396233558655,-0.030423171818256378,0.4846286475658417,0.46819600462913513,-0.03437463939189911,0.6153636574745178,0.5143208503723145,-0.020781833678483963,0.5445731282234192,0.5087042450904846,-0.03449924662709236,0.5043242573738098,0.5030582547187805,-0.041965968906879425,0.47192710638046265,0.49436116218566895,-0.04582969471812248,0.6151703000068665,0.5525979399681091,-0.030190326273441315,0.5692061185836792,0.5903799533843994,-0.04256591945886612,0.5884556174278259,0.601793110370636,-0.042307160794734955,0.6077635884284973,0.5952298045158386,-0.03866686671972275,0.6162617802619934,0.5956571698188782,-0.03944704681634903,0.5828546285629272,0.6243975162506104,-0.04521103948354721,0.5987907648086548,0.6329528093338013,-0.04016953706741333,0.6161167621612549,0.6272386312484741,-0.034304842352867126
0.712685763835907,0.6338562965393066,8.741932333578006e-08,0.6876959800720215,0.5654520988464355,0.004620952066034079,0.6407832503318787,0.5259506702423096,0.0015364796854555607,0.6008092164993286,0.5231553912162781,-0.004392123315483332,0.5749452114105225,0.5362317562103271,-0.011244547553360462,0.6208764314651489,0.485270231962204,-0.010261714458465576,0.5557256937026978,0.4763627350330353,-0.023433269932866096,0.516961932182312,0.4723518192768097,-0.03058447688817978,0.48527252674102783,0.46828722953796387,-0.034615036100149155,0.6161997318267822,0.5151482224464417,-0.021337300539016724,0.545347273349762,0.5091320276260376,-0.034893155097961426,0.5050728917121887,0.5028197169303894,-0.042413800954818726,0.472895085811615,0.4938519299030304,-0.04646528139710426,0.616070032119751,0.5539197325706482,-0.031212806701660156,0.569915235042572,0.5903306007385254,-0.04334873706102371,0.5892876386642456,0.6004554629325867,-0.04310224950313568,0.6088998317718506,0.5933511853218079,-0.03961214795708656,0.6172484755516052,0.5974836945533752,-0.04093161225318909,0.5833643674850464,0.6245338916778564,-0.046504050493240356,0.5991554856300354,0.6320995688438416,-0.04140465334057808,0.6165884137153625,0.6261589527130127,-0.03561794385313988
0.7132417559623718,0.6336522698402405,9.404978129623487e-08,0.6883189082145691,0.5654141306877136,0.004286037292331457,0.6414707899093628,0.5249040126800537,0.0011377030750736594,0.6008142828941345,0.5208504796028137,-0.004808382596820593,0.5746600031852722,0.5334044694900513,-0.011665758676826954,0.6211020946502686,0.4850586950778961,-0.01037261076271534,0.5560616254806519,0.47592058777809143,-0.023360827937722206,0.5175662040710449,0.47177955508232117,-0.03031834028661251,0.4860292673110962,0.46753180027008057,-0.03417833521962166,0.6163330674171448,0.5152432918548584,-0.021178292110562325,0.5458683967590332,0.5093666315078735,-0.03478703647851944,0.5054296255111694,0.5026640892028809,-0.042234841734170914,0.4732862710952759,0.4935673773288727,-0.0461590401828289,0.6159358024597168,0.5542959570884705,-0.030804654583334923,0.5703906416893005,0.5905985236167908,-0.04296628385782242,0.5894046425819397,0.6004242897033691,-0.04258150979876518,0.6089372038841248,0.5934182405471802,-0.03888819366693497,0.6166843175888062,0.5980727076530457,-0.04031790792942047,0.582835853099823,0.6235719919204712,-0.04572968930006027,0.5986504554748535,0.6309032440185547,-0.0404125452041626,0.6161866188049316,0.6251612901687622,-0.03441736102104187
0.7132484912872314,0.6343510746955872,9.389322030983749e-08,0.6884730458259583,0.5658298134803772,0.0043120067566633224,0.6412603259086609,0.5255552530288696,0.0010948425624519587,0.6007741689682007,0.522320568561554,-0.0049379426054656506,0.5749048590660095,0.5355258584022522,-0.011922718025743961,0.6210184097290039,0.4850980043411255,-0.010521474294364452,0.5556790232658386,0.4761908948421478,-0.0235175471752882,0.5171689391136169,0.47218284010887146,-0.030537378042936325,0.4856075644493103,0.46803224086761475,-0.03446667641401291,0.6162907481193542,0.5156582593917847,-0.02148044854402542,0.5455607175827026,0.5095779299736023,-0.035040535032749176,0.5051711201667786,0.5028223991394043,-0.04259301349520683,0.4730098843574524,0.49375614523887634,-0.0466194748878479,0.6160174012184143,0.5548955798149109,-0.03124062344431877,0.5701938271522522,0.590416431427002,-0.04345780983567238,0.5892442464828491,0.6001635193824768,-0.043173883110284805,0.6087762117385864,0.5933945178985596,-0.03953797370195389,0.6170029640197754,0.5987841486930847,-0.04086440056562424,0.5828620791435242,0.623426616191864,-0.0463203564286232,0.5985302329063416,0.6306443214416504,-0.04097868129611015,0.6160639524459839,0.6251223683357239,-0.03495797887444496
0.7132413387298584,0.6333299875259399,9.419370172736308e-08,0.6880496144294739,0.5656478404998779,0.0038613176438957453,0.6407443284988403,0.5248640775680542,0.0003470970259513706,0.6003360152244568,0.5196437239646912,-0.005882965866476297,0.5742689371109009,0.5304268598556519,-0.012979968450963497,0.6209664344787598,0.4853985905647278,-0.011852922849357128,0.5558887124061584,0.4757171869277954,-0.025553962215781212,0.51716548204422,0.4714500904083252,-0.03282015025615692,0.485277384519577,0.4673449397087097,-0.036864858120679855,0.6167238354682922,0.5154480934143066,-0.022740716114640236,0.545852780342102,0.5092324614524841,-0.03713962063193321,0.5051947832107544,0.5022820830345154,-0.04479449242353439,0.4727850556373596,0.4931727945804596,-0.048823099583387375,0.6169565916061401,0.5543660521507263,-0.032428476959466934,0.5708935260772705,0.5905399322509766,-0.04525279998779297,0.5899009108543396,0.600468635559082,-0.0447196438908577,0.6093406677246094,0.5937844514846802,-0.04080595821142197,0.6183188557624817,0.5980342626571655,-0.04202117770910263,0.5839171409606934,0.6234907507896423,-0.047900598496198654,0.59939044713974,0.6304940581321716,-0.04260397329926491,0.6168153882026672,0.624605655670166,-0.036565035581588745
0.7124835252761841,0.6314474940299988,9.899133601720678e-08,0.6869364976882935,0.5641038417816162,0.004311038181185722,0.6399820446968079,0.5238432884216309,0.0007742599700577557,0.5996856093406677,0.519299328327179,-0.0055234478786587715,0.5740126371383667,0.5308394432067871,-0.012681212276220322,0.6203244924545288,0.4842336177825928,-0.01146070845425129,0.5550025105476379,0.4751715064048767,-0.025105612352490425,0.5165600776672363,0.47123920917510986,-0.03228622302412987,0.48500776290893555,0.46716850996017456,-0.03619974106550217,0.6161502599716187,0.5146046876907349,-0.022535104304552078,0.5443682670593262,0.5085501074790955,-0.03673151507973671,0.5037147402763367,0.5015457272529602,-0.04434695094823837,0.47129252552986145,0.4922019839286804,-0.0483207032084465,0.6163372993469238,0.5537993311882019,-0.03235805779695511,0.569916844367981,0.5904396176338196,-0.044975049793720245,0.5887935757637024,0.6003496646881104,-0.04441443830728531,0.6079115867614746,0.5934743285179138,-0.04047591611742973,0.6177251935005188,0.5975404381752014,-0.04202864691615105,0.5834906697273254,0.6233453750610352,-0.04754200577735901,0.5988743901252747,0.6305115222930908,-0.042043536901474,0.6158463954925537,0.6247391104698181,-0.03588138520717621
0.7121222615242004,0.6312038898468018,1.0056361787746937e-07,0.6866699457168579,0.562538743019104,0.004117391537874937,0.6400970816612244,0.523369312286377,-2.7173804483027197e-05,0.5998418927192688,0.5207849740982056,-0.006722648628056049,0.5738005042076111,0.5346707701683044,-0.014455241151154041,0.6211493611335754,0.483523428440094,-0.012835393659770489,0.5559999942779541,0.47442880272865295,-0.026516329497098923,0.51743084192276,0.47071194648742676,-0.034088727086782455,0.48558926582336426,0.4667174220085144,-0.0383165180683136,0.6163342595100403,0.5156124830245972,-0.023493723943829536,0.5464577078819275,0.5083895325660706,-0.03736254200339317,0.5060168504714966,0.5020161867141724,-0.044775545597076416,0.473608136177063,0.49304845929145813,-0.048767004162073135,0.6157941818237305,0.5552441477775574,-0.0327582024037838,0.569037675857544,0.5880427360534668,-0.044586729258298874,0.5878943204879761,0.598447322845459,-0.04337409511208534,0.6074646711349487,0.5929031372070312,-0.03929680958390236,0.6167555451393127,0.598747968673706,-0.04187765344977379,0.5828006267547607,0.6219353675842285,-0.046714045107364655,0.5985332131385803,0.6292425394058228,-0.04053497314453125,0.6161478757858276,0.6238036155700684,-0.03399616479873657
0.710993766784668,0.6309126019477844,1.0771416469879114e-07,0.686374843120575,0.5630119442939758,0.003755090059712529,0.639784574508667,0.5232678651809692,-8.457152580376714e-05,0.598730742931366,0.5194804668426514,-0.006367974914610386,0.571989119052887,0.5310908555984497,-0.013445308431982994,0.6212708950042725,0.4832289516925812,-0.012141087092459202,0.5556322336196899,0.47318533062934875,-0.025709718465805054,0.5168383121490479,0.46893221139907837,-0.03271948918700218,0.4850796163082123,0.46496522426605225,-0.03639372065663338,0.6156030893325806,0.5140082240104675,-0.02242683432996273,0.5448395013809204,0.5068148374557495,-0.03638576343655586,0.5040009021759033,0.5002835392951965,-0.04356451332569122,0.4715830087661743,0.4909780025482178,-0.047108352184295654,0.6142226457595825,0.5528806447982788,-0.03145331144332886,0.5683953166007996,0.5887367725372314,-0.04349703714251518,0.5870271325111389,0.5995737910270691,-0.04255443811416626,0.6061595678329468,0.5933376550674438,-0.03846452012658119,0.6143720746040344,0.5962252020835876,-0.04038305580615997,0.5821001529693604,0.6223814487457275,-0.04549764469265938,0.5982459783554077,0.6302769780158997,-0.039807286113500595,0.6155177354812622,0.6245195865631104,-0.03349392116069794
0.712243378162384,0.6288323402404785,9.937689782191228e-08,0.6870215535163879,0.5621166825294495,0.0035909535363316536,0.6406053900718689,0.5219650864601135,8.124839223455638e-05,0.5991491675376892,0.5174675583839417,-0.005852396134287119,0.5727961659431458,0.5287920832633972,-0.012495762668550014,0.620786726474762,0.48358431458473206,-0.011889954097568989,0.5561069846153259,0.47308000922203064,-0.025806423276662827,0.5169719457626343,0.4686289131641388,-0.03328458219766617,0.4849632680416107,0.4647090435028076,-0.03741056099534035,0.6162742972373962,0.5134684443473816,-0.0222272127866745,0.5460801124572754,0.5061098337173462,-0.03657799959182739,0.5047398805618286,0.499214231967926,-0.044259317219257355,0.47174978256225586,0.48964837193489075,-0.048382434993982315,0.6159389615058899,0.5519507527351379,-0.03136761114001274,0.5690551996231079,0.587703287601471,-0.044044628739356995,0.5878595113754272,0.5984209775924683,-0.04333898052573204,0.6072039604187012,0.5918340086936951,-0.03938811644911766,0.6168727278709412,0.5950682759284973,-0.040412578731775284,0.5831867456436157,0.6219380497932434,-0.04637264460325241,0.5992649793624878,0.6294764280319214,-0.041117314249277115,0.6166558265686035,0.623100757598877,-0.03510603681206703
0.7127469182014465,0.6308830380439758,1.0757575097386507e-07,0.6887843608856201,0.5630998015403748,0.003986172378063202,0.6425495743751526,0.5237671136856079,0.000609840324614197,0.6022385358810425,0.5199935436248779,-0.005289471708238125,0.5756298303604126,0.5326854586601257,-0.011911805719137192,0.6224349737167358,0.48379090428352356,-0.01059151440858841,0.5566219687461853,0.4740343391895294,-0.023737892508506775,0.5178130865097046,0.46958428621292114,-0.030559789389371872,0.48619019985198975,0.46582984924316406,-0.03404156491160393,0.6162251830101013,0.5142503976821899,-0.020842183381319046,0.5454615950584412,0.5066058039665222,-0.03434804454445839,0.5047704577445984,0.500052809715271,-0.04152124002575874,0.47244617342948914,0.49096739292144775,-0.044956594705581665,0.6145752668380737,0.5529472231864929,-0.02991955354809761,0.5696353316307068,0.5890650153160095,-0.041903991252183914,0.5886748433113098,0.599384069442749,-0.04174451902508736,0.607945442199707,0.5923919677734375,-0.038018129765987396,0.6144802570343018,0.596158504486084,-0.03883877024054527,0.5827392339706421,0.6222813725471497,-0.043958328664302826,0.5992170572280884,0.6303538084030151,-0.03866765648126602,0.6165929436683655,0.6242945790290833,-0.032556191086769104
0.7126654386520386,0.6379039287567139,1.1725661153150213e-07,0.6893128752708435,0.5679344534873962,0.0019464707002043724,0.641539454460144,0.5277796387672424,-0.0022775318939238787,0.6015409231185913,0.526540994644165,-0.008851379156112671,0.5749648213386536,0.5404397249221802,-0.016098398715257645,0.6236534118652344,0.4863981306552887,-0.011863785795867443,0.5575125217437744,0.47610437870025635,-0.02567961812019348,0.5176779627799988,0.47145888209342957,-0.033587679266929626,0.48489004373550415,0.46742814779281616,-0.03804059699177742,0.6164828538894653,0.5183390378952026,-0.021962054073810577,0.5471298694610596,0.5092455148696899,-0.03628924489021301,0.5058133602142334,0.5018943548202515,-0.044868580996990204,0.4721730351448059,0.4924321174621582,-0.0494719035923481,0.6141704320907593,0.5573946833610535,-0.03104241192340851,0.5699387192726135,0.5885563492774963,-0.043847713619470596,0.5891147255897522,0.597434937953949,-0.0441572368144989,0.6081864833831787,0.5913107991218567,-0.040804941207170486,0.6138752102851868,0.6002322435379028,-0.04019944742321968,0.5825430750846863,0.6223756670951843,-0.046008188277482986,0.5986079573631287,0.629307746887207,-0.04076284542679787,0.6159946322441101,0.6241968274116516,-0.03472132980823517
0.7155449986457825,0.6745812296867371,8.353858049758855e-08,0.6813771724700928,0.6168572902679443,3.5199707781430334e-05,0.62371426820755,0.5720904469490051,-0.006319750566035509,0.5761970281600952,0.5621994733810425,-0.014829099178314209,0.5429036617279053,0.570552408695221,-0.025036239996552467,0.6114305257797241,0.527466893196106,-0.020530689507722855,0.5511322021484375,0.5140674114227295,-0.04010460898280144,0.509883463382721,0.5089938044548035,-0.05343790352344513,0.47682875394821167,0.5047575235366821,-0.06182326003909111,0.6178116798400879,0.554054319858551,-0.03250579163432121,0.5524709820747375,0.5430495738983154,-0.04987332224845886,0.5091111660003662,0.5354834794998169,-0.05988026037812233,0.47332051396369934,0.5302156805992126,-0.06703605502843857,0.6286006569862366,0.5953790545463562,-0.04356861859560013,0.5710410475730896,0.6175163984298706,-0.06150388717651367,0.5755398869514465,0.6374895572662354,-0.06065749377012253,0.5867156982421875,0.6458304524421692,-0.05690845474600792,0.6402314305305481,0.6455916166305542,-0.05448026582598686,0.5924913287162781,0.6614999771118164,-0.06698230654001236,0.591773271560669,0.671515166759491,-0.06251704692840576,0.5995009541511536,0.6749844551086426,-0.05695079267024994
0.6676023602485657,0.8353540897369385,-3.744199545963056e-07,0.6398091912269592,0.8062666654586792,-0.015779618173837662,0.620752215385437,0.7687191963195801,-0.029131388291716576,0.6143897771835327,0.7352287173271179,-0.04132081940770149,0.6125765442848206,0.7018435597419739,-0.05215895548462868,0.6418254971504211,0.721210241317749,-0.02972642332315445,0.6279423832893372,0.7247582674026489,-0.05335571616888046,0.6259528398513794,0.7491607069969177,-0.0683998316526413,0.6221224069595337,0.7789891958236694,-0.07552427798509598,0.6701585650444031,0.7316365242004395,-0.03151177987456322,0.6591336727142334,0.7635723948478699,-0.056190285831689835,0.6510071158409119,0.810874879360199,-0.06434723734855652,0.6418855786323547,0.8511025309562683,-0.06599927693605423,0.6954024434089661,0.7548149228096008,-0.03450710326433182,0.689407467842102,0.7946475744247437,-0.05751439929008484,0.6802976727485657,0.8306575417518616,-0.05637750029563904,0.6708186864852905,0.8592929840087891,-0.05113165080547333,0.7157657146453857,0.7842955589294434,-0.03877425193786621,0.7164223194122314,0.8166738748550415,-0.055874697864055634,0.7052214741706848,0.8440918922424316,-0.05383993685245514,0.6952283978462219,0.8638412356376648,-0.04824458062648773
0.6747763752937317,0.863451361656189,-1.5793615659731586e-07,0.6399747133255005,0.8373026251792908,-0.01018502190709114,0.6206721663475037,0.7906736731529236,-0.016250981017947197,0.6313849091529846,0.7529006600379944,-0.023086003959178925,0.6453614234924316,0.7284097671508789,-0.029316429048776627,0.628772497177124,0.7004208564758301,-0.005826759617775679,0.6175874471664429,0.6629250049591064,-0.01981576532125473,0.6114374995231628,0.628657877445221,-0.03339729085564613,0.607628345489502,0.5970689058303833,-0.04463130235671997,0.6593251824378967,0.6949208378791809,-0.01003456674516201,0.6452746391296387,0.6900229454040527,-0.025706160813570023,0.6396594643592834,0.714160144329071,-0.032184772193431854,0.6384832262992859,0.7299245595932007,-0.03445427492260933,0.6873045563697815,0.7084769606590271,-0.016209980472922325,0.6727280020713806,0.7167031764984131,-0.028798408806324005,0.6629623770713806,0.7462160587310791,-0.022914858534932137,0.6606054902076721,0.7655351161956787,-0.01683378592133522,0.7121111750602722,0.7352771162986755,-0.02470906265079975,0.6990466117858887,0.7435172200202942,-0.03259864076972008,0.6870688199996948,0.766849935054779,-0.027279142290353775,0.683330237865448,0.783427894115448,-0.02145365998148918
0.682827889919281,0.8368105292320251,4.168773273249826e-07,0.6555023193359375,0.7738617658615112,-0.009901599958539009,0.643839955329895,0.7115319967269897,-0.022476019337773323,0.6599600911140442,0.6612160205841064,-0.035259999334812164,0.6820641160011292,0.6253424882888794,-0.04814997315406799,0.6132727265357971,0.6933459043502808,-0.028659360483288765,0.5994102954864502,0.631618857383728,-0.053767360746860504,0.5969881415367126,0.5810178518295288,-0.07330676168203354,0.5974621176719666,0.5383816957473755,-0.08759874850511551,0.6319068074226379,0.7030335068702698,-0.036809153854846954,0.6275224089622498,0.650650680065155,-0.06512117385864258,0.6407268643379211,0.6171265840530396,-0.08143261075019836,0.6568940877914429,0.5952073931694031,-0.09142960608005524,0.6574335098266602,0.7212830185890198,-0.04587148129940033,0.6559796929359436,0.6715915203094482,-0.07107087969779968,0.6679043769836426,0.6383213400840759,-0.08004146814346313,0.681709885597229,0.616923451423645,-0.08398222178220749,0.6856718063354492,0.745196521282196,-0.05565683916211128,0.6880626678466797,0.7005279660224915,-0.07562913745641708,0.6945764422416687,0.6656515002250671,-0.08315517008304596,0.7030988931655884,0.6366645693778992,-0.08718516677618027
0.6811006665229797,0.790047287940979,1.8281831160038564e-07,0.6474292874336243,0.7465952634811401,-0.013458668254315853,0.6351534724235535,0.6882858276367188,-0.020593008026480675,0.6556944847106934,0.6412951350212097,-0.02983788400888443,0.6780129671096802,0.612266480922699,-0.03828580304980278,0.6164896488189697,0.6261597871780396,0.0020814472809433937,0.608638346195221,0.5613452792167664,-0.01001631747931242,0.6057649254798889,0.5159203410148621,-0.0219612717628479,0.6014198064804077,0.4763386845588684,-0.030922330915927887,0.6447708606719971,0.6215165257453918,-0.0007352647371590137,0.6508877873420715,0.5847413539886475,-0.023195413872599602,0.6512836813926697,0.6114780902862549,-0.03551541641354561,0.6472970247268677,0.6351258754730225,-0.03806878253817558,0.6724742650985718,0.6274043321609497,-0.0059787617065012455,0.6817154288291931,0.5976777672767639,-0.02440909668803215,0.67703777551651,0.6240411996841431,-0.02548479661345482,0.670656681060791,0.6454837918281555,-0.020116213709115982,0.6963448524475098,0.6434889435768127,-0.0132452929392457,0.7074617743492126,0.6103826761245728,-0.021616831421852112,0.7002838253974915,0.6261897087097168,-0.017688950523734093,0.693100094795227,0.6423040628433228,-0.010942927561700344
0.675365686416626,0.7584764957427979,7.558021763998113e-08,0.6473948955535889,0.7303095459938049,-0.02540355734527111,0.6363039612770081,0.6747298240661621,-0.039467692375183105,0.6578226089477539,0.6286089420318604,-0.05343499779701233,0.6819210052490234,0.5955946445465088,-0.06546173989772797,0.6130467653274536,0.5919544696807861,-0.014415331184864044,0.6025617718696594,0.5156776905059814,-0.034917544573545456,0.5987939238548279,0.4707520604133606,-0.04844488576054573,0.5961639285087585,0.4279000759124756,-0.057443756610155106,0.6437709331512451,0.5892486572265625,-0.014223514124751091,0.6533859372138977,0.5654228925704956,-0.04959934949874878,0.652069091796875,0.6114946007728577,-0.061422791332006454,0.6454495787620544,0.635892927646637,-0.060583941638469696,0.6732358932495117,0.5993798971176147,-0.017516326159238815,0.6847338676452637,0.5829940438270569,-0.04882421717047691,0.6791505217552185,0.6268032789230347,-0.045983005315065384,0.671092689037323,0.647608757019043,-0.03488029167056084,0.6971411108970642,0.6187346577644348,-0.023473335430026054,0.7089059352874756,0.5988671183586121,-0.04084021970629692,0.7018687129020691,0.6297585964202881,-0.03515308350324631,0.6941996812820435,0.6480968594551086,-0.02495378628373146
0.6742799282073975,0.7520045638084412,7.703143012349756e-08,0.6419533491134644,0.7241171598434448,-0.02888919785618782,0.6319988369941711,0.6723709106445312,-0.04407220333814621,0.6547635793685913,0.6277271509170532,-0.0570024773478508,0.6793428063392639,0.5955998301506042,-0.0672924667596817,0.6115005016326904,0.5847166180610657,-0.02296476624906063,0.600223183631897,0.5052530169487,-0.03967820852994919,0.5937167406082153,0.4573385715484619,-0.04979186877608299,0.5896655321121216,0.4138174057006836,-0.056471772491931915,0.6419041752815247,0.5813006162643433,-0.017624106258153915,0.6515339016914368,0.551619291305542,-0.04924784228205681,0.6468860507011414,0.5886067152023315,-0.06017943099141121,0.6395959258079529,0.6139135360717773,-0.05900481343269348,0.6699373722076416,0.5897716879844666,-0.014882533811032772,0.6795949935913086,0.5699240565299988,-0.04428267851471901,0.6748921871185303,0.606787383556366,-0.044593412429094315,0.6679081320762634,0.6294781565666199,-0.03471990302205086,0.6939557194709778,0.6023555994033813,-0.014559458941221237,0.7099626064300537,0.5602633953094482,-0.032633572816848755,0.711796760559082,0.5437253713607788,-0.03298838809132576,0.7097650170326233,0.5270413756370544,-0.026755617931485176
0.670251190662384,0.7369053959846497,6.94533213163595e-08,0.6377851366996765,0.7093057036399841,-0.027378501370549202,0.6254978179931641,0.6599020957946777,-0.043313827365636826,0.6458289623260498,0.6145600080490112,-0.05739958956837654,0.6706182360649109,0.5811126828193665,-0.06923675537109375,0.608765721321106,0.5715307593345642,-0.024072784930467606,0.5956380367279053,0.4944300055503845,-0.04045378789305687,0.5867828726768494,0.448320209980011,-0.05005626380443573,0.5801698565483093,0.4057984948158264,-0.05607793480157852,0.6386367678642273,0.5680881142616272,-0.01973375678062439,0.6490662693977356,0.5388225317001343,-0.05322061479091644,0.6481465101242065,0.5815844535827637,-0.06551485508680344,0.6438260674476624,0.6093094348907471,-0.06452179700136185,0.6658051609992981,0.574868381023407,-0.017291134223341942,0.6752183437347412,0.5584425926208496,-0.04829660430550575,0.6703386902809143,0.6024531722068787,-0.04888184368610382,0.6628491878509521,0.6269981861114502,-0.038504261523485184,0.6887319087982178,0.5852583646774292,-0.01672670617699623,0.7024105787277222,0.5374996066093445,-0.03349090367555618,0.70823073387146,0.5104151368141174,-0.032155174762010574,0.7101953029632568,0.481360524892807,-0.0249482374638319
0.6605048775672913,0.7165460586547852,6.969511900933867e-08,0.6290037631988525,0.6912859678268433,-0.024533985182642937,0.6202338933944702,0.6385757923126221,-0.03736257925629616,0.635169267654419,0.5915759801864624,-0.04783402010798454,0.6574274301528931,0.5591360330581665,-0.0554744116961956,0.5970101356506348,0.5579318404197693,-0.021910009905695915,0.578586757183075,0.4829460084438324,-0.03681709244847298,0.566756010055542,0.43649962544441223,-0.046216931194067,0.5578649640083313,0.3948381543159485,-0.05143848806619644,0.625298798084259,0.5562342405319214,-0.016479840502142906,0.6371743083000183,0.5238624811172485,-0.04831990227103233,0.634907603263855,0.5615549087524414,-0.06264887005090714,0.6285462975502014,0.589031457901001,-0.06306876242160797,0.6524336934089661,0.5598345398902893,-0.012118691578507423,0.6609856486320496,0.5359485149383545,-0.03980349376797676,0.6545487642288208,0.5742375254631042,-0.04317125678062439,0.6474019289016724,0.600706934928894,-0.03505946323275566,0.673922061920166,0.5658422112464905,-0.009011439047753811,0.6836735606193542,0.5158053040504456,-0.021238353103399277,0.6876009106636047,0.48359036445617676,-0.01995699666440487,0.6898764967918396,0.4513746201992035,-0.013180569745600224
0.6562225818634033,0.7126958966255188,9.277617607494903e-08,0.627571165561676,0.6855050325393677,-0.02683822624385357,0.6218359470367432,0.6331045627593994,-0.04068058729171753,0.6388620138168335,0.5851019024848938,-0.052483316510915756,0.660988450050354,0.5548221468925476,-0.06209405139088631,0.591813325881958,0.5560238361358643,-0.01765902154147625,0.5748115181922913,0.48302996158599854,-0.030278947204351425,0.561410129070282,0.43817347288131714,-0.03800573572516441,0.5524430274963379,0.3981838524341583,-0.04252112656831741,0.6211006045341492,0.5541521310806274,-0.01181685272604227,0.6325214505195618,0.5191347002983093,-0.042999956756830215,0.6310456395149231,0.5552299618721008,-0.058269888162612915,0.6277389526367188,0.5811696648597717,-0.059089913964271545,0.6486747860908508,0.5585137009620667,-0.0074203135445714,0.6597588062286377,0.5326365232467651,-0.034793559461832047,0.6543372273445129,0.5660467743873596,-0.03968382626771927,0.6464518904685974,0.5879232883453369,-0.03291039913892746,0.670278787612915,0.5659986138343811,-0.004507442470639944,0.6804661750793457,0.518183171749115,-0.0164613276720047,0.6841403245925903,0.4851517379283905,-0.01578659564256668,0.6849592328071594,0.45155423879623413,-0.009810017421841621
0.6525714993476868,0.7122730612754822,4.923816021573657e-08,0.6213846206665039,0.6846141815185547,-0.02077539451420307,0.6126983761787415,0.6341180801391602,-0.032873526215553284,0.6309643387794495,0.5889208912849426,-0.044218555092811584,0.6542110443115234,0.5590036511421204,-0.05348370224237442,0.5871702432632446,0.5547768473625183,-0.014515680260956287,0.5709726810455322,0.48244816064834595,-0.028109684586524963,0.5577561259269714,0.43758624792099,-0.0369819775223732,0.5486408472061157,0.397846519947052,-0.042483557015657425,0.6161172986030579,0.5515652894973755,-0.012390581890940666,0.627487301826477,0.5226479172706604,-0.04251180216670036,0.6255402565002441,0.557985246181488,-0.056732866913080215,0.6223844289779663,0.5820412635803223,-0.05796502158045769,0.6440495848655701,0.5562314987182617,-0.011536340229213238,0.6546452641487122,0.5350570678710938,-0.03872433304786682,0.6481384634971619,0.5722337365150452,-0.04168466106057167,0.6413049697875977,0.5964034795761108,-0.03412047028541565,0.6670728325843811,0.5642113089561462,-0.01194029115140438,0.6787053942680359,0.5180426836013794,-0.02524084970355034,0.6821616888046265,0.48638683557510376,-0.02422969974577427,0.6836307048797607,0.45325449109077454,-0.018064837902784348
0.6468032002449036,0.7202867865562439,2.0080754836726555e-08,0.6115296483039856,0.6850326061248779,-0.011303983628749847,0.6016604900360107,0.6288477182388306,-0.02019900269806385,0.6163333654403687,0.5842241644859314,-0.029868612065911293,0.6390748620033264,0.5550009608268738,-0.03805126994848251,0.584345817565918,0.5586009621620178,-0.011175374500453472,0.568362295627594,0.48529326915740967,-0.02649359032511711,0.5555230975151062,0.43847882747650146,-0.03856643661856651,0.5465666651725769,0.39734262228012085,-0.047235891222953796,0.6121501326560974,0.5582053065299988,-0.013672205619513988,0.6194243431091309,0.5241801142692566,-0.0420607253909111,0.6125369071960449,0.5604246854782104,-0.054995302110910416,0.6073732972145081,0.5894732475280762,-0.05732690915465355,0.6396674513816833,0.5659106969833374,-0.01685260981321335,0.6467345356941223,0.5374404788017273,-0.03985359147191048,0.6331687569618225,0.5755575299263,-0.03885757178068161,0.6244927644729614,0.6063700914382935,-0.031296439468860626,0.6624377369880676,0.5794504880905151,-0.021127963438630104,0.6761330962181091,0.5307320356369019,-0.0336933359503746,0.6775449514389038,0.49964940547943115,-0.032342810183763504,0.6795299649238586,0.4703609347343445,-0.027312643826007843
0.6518163681030273,0.7248198986053467,3.032207374076279e-09,0.6233067512512207,0.6954077482223511,-0.03061315231025219,0.6136327385902405,0.6437348127365112,-0.04593215510249138,0.6351029276847839,0.5946012735366821,-0.059018295258283615,0.6591529846191406,0.5571757555007935,-0.06919141113758087,0.5831997990608215,0.566433310508728,-0.0219753198325634,0.5662887096405029,0.48888522386550903,-0.03980264812707901,0.5571658611297607,0.4417854845523834,-0.0504864864051342,0.5501370429992676,0.39919090270996094,-0.057856880128383636,0.6124932169914246,0.559765636920929,-0.016437921673059464,0.6252263188362122,0.5296874642372131,-0.04631197825074196,0.6259043216705322,0.5686408281326294,-0.05574003979563713,0.6188631057739258,0.592534065246582,-0.05506962910294533,0.6405990123748779,0.5657617449760437,-0.014203564263880253,0.6532202363014221,0.5407261252403259,-0.04303392395377159,0.6497819423675537,0.5784556269645691,-0.0418676920235157,0.6400877237319946,0.5992753505706787,-0.032627981156110764,0.6640024781227112,0.5778607130050659,-0.014697576873004436,0.6775940656661987,0.5444782376289368,-0.032573383301496506,0.6744515895843506,0.5562229752540588,-0.030576862394809723,0.6667413115501404,0.5629022717475891,-0.023293934762477875
0.6516664028167725,0.7345389127731323,-1.0978251197002464e-08,0.618288516998291,0.7026551365852356,-0.02431001327931881,0.6053076386451721,0.6493971347808838,-0.03746126964688301,0.6218088865280151,0.6026633977890015,-0.0504157580435276,0.6417938470840454,0.5678954720497131,-0.06145009025931358,0.584107518196106,0.5721122622489929,-0.017570430412888527,0.5682340264320374,0.4936685562133789,-0.03606555983424187,0.560636043548584,0.44627517461776733,-0.047896403819322586,0.5551663041114807,0.4047068953514099,-0.05560988932847977,0.6150983572006226,0.5690935850143433,-0.016199791803956032,0.6234291791915894,0.544486939907074,-0.04846157133579254,0.6230010390281677,0.5793909430503845,-0.060117121785879135,0.6179699897766113,0.6034160852432251,-0.060259487479925156,0.6441750526428223,0.5764122009277344,-0.017633596435189247,0.65411376953125,0.5624637603759766,-0.04785168915987015,0.6509668231010437,0.6020126342773438,-0.04742424935102463,0.6446906328201294,0.6272887587547302,-0.03792571648955345,0.6680276393890381,0.5904220938682556,-0.021406851708889008,0.6792708039283752,0.5641627311706543,-0.0387042760848999,0.674444317817688,0.5885577201843262,-0.03493785113096237,0.6677941083908081,0.6070061922073364,-0.026114273816347122
0.650700569152832,0.7529042959213257,-7.146236669086647e-08,0.614784836769104,0.7233258485794067,-0.020491760224103928,0.5979896783828735,0.6735805869102478,-0.03446926176548004,0.6136822700500488,0.6297183632850647,-0.049038633704185486,0.6340855360031128,0.5959706902503967,-0.06268195807933807,0.5881534218788147,0.5850510001182556,-0.01893582008779049,0.5773984789848328,0.5086513161659241,-0.03936896100640297,0.5730553865432739,0.46075332164764404,-0.053747087717056274,0.570132851600647,0.4178558588027954,-0.0636921152472496,0.620191752910614,0.5810278058052063,-0.020923364907503128,0.626539409160614,0.554206371307373,-0.053030747920274734,0.6217408180236816,0.5963407158851624,-0.06379783898591995,0.6149434447288513,0.6282727718353271,-0.06371146440505981,0.6496593356132507,0.590423583984375,-0.025249825790524483,0.6554805636405945,0.5781885385513306,-0.05109120160341263,0.65000981092453,0.6185520887374878,-0.04696118086576462,0.6443764567375183,0.6458092927932739,-0.036857523024082184,0.6742138266563416,0.60973060131073,-0.03218763694167137,0.6802517771720886,0.5912198424339294,-0.04495078697800636,0.672545850276947,0.6186010241508484,-0.03811677545309067,0.6665706634521484,0.6401483416557312,-0.02841905876994133
0.6494907736778259,0.7580427527427673,7.0111920713600284e-09,0.6117615103721619,0.7329256534576416,-0.018917875364422798,0.5939735174179077,0.686406135559082,-0.03160412982106209,0.6103226542472839,0.6453797817230225,-0.04494801536202431,0.6295742988586426,0.615932285785675,-0.057506244629621506,0.5881414413452148,0.5943744778633118,-0.01960749551653862,0.5837305784225464,0.5192216634750366,-0.04039536789059639,0.585218608379364,0.4705391824245453,-0.05459584668278694,0.5868854522705078,0.4297102093696594,-0.06393175572156906,0.6199156045913696,0.5930393934249878,-0.02231910265982151,0.6245762705802917,0.5642639398574829,-0.05363754555583,0.6181488037109375,0.5950214862823486,-0.06451525539159775,0.6094622611999512,0.6230391263961792,-0.0644843652844429,0.6489986181259155,0.603772759437561,-0.02702798694372177,0.6509098410606384,0.6034234166145325,-0.05179937928915024,0.6436277031898499,0.6413991451263428,-0.04926186800003052,0.6366180181503296,0.6671974062919617,-0.040505170822143555,0.6732775568962097,0.6252891421318054,-0.034298546612262726,0.6729791760444641,0.6347914934158325,-0.046658724546432495,0.6636017560958862,0.6642876267433167,-0.04161260649561882,0.6564155220985413,0.6833297610282898,-0.03332822397351265
0.6466322541236877,0.7750495672225952,-9.233161790689337e-08,0.6089567542076111,0.7519366145133972,-0.01762903481721878,0.5894554853439331,0.7072138786315918,-0.03074660338461399,0.6031824350357056,0.6668729782104492,-0.045178450644016266,0.6259516477584839,0.6392404437065125,-0.05903631076216698,0.5889333486557007,0.6116809844970703,-0.018960675224661827,0.5879533290863037,0.5395572185516357,-0.04015941917896271,0.59212327003479,0.4917391836643219,-0.05438236892223358,0.5962402820587158,0.45012784004211426,-0.06416135281324387,0.6215759515762329,0.604621946811676,-0.02265087142586708,0.6211449503898621,0.6023680567741394,-0.05371364206075668,0.6155189871788025,0.6453700065612793,-0.062006160616874695,0.6111821532249451,0.6732763051986694,-0.06052828207612038,0.651246964931488,0.615300178527832,-0.028521809726953506,0.6466043591499329,0.6380952596664429,-0.05184192955493927,0.6392594575881958,0.6789606809616089,-0.04541560262441635,0.6346056461334229,0.6992594003677368,-0.03515099361538887,0.6767662763595581,0.6372631192207336,-0.037281665951013565,0.6715573072433472,0.6626061201095581,-0.04785271733999252,0.6613300442695618,0.693912923336029,-0.04061787202954292,0.6554954648017883,0.708602249622345,-0.03127458691596985
0.7090073823928833,0.7756050825119019,-2.3948598482093075e-07,0.6669423580169678,0.7483147978782654,-0.016335243359208107,0.6456139087677002,0.6918668746948242,-0.025616900995373726,0.6472299695014954,0.6334855556488037,-0.03511834144592285,0.6578903794288635,0.5876171588897705,-0.04148431867361069,0.6527091264724731,0.6290717124938965,-0.006589210592210293,0.65125572681427,0.5748479962348938,-0.025978948920965195,0.6549057364463806,0.5962668061256409,-0.03719346225261688,0.6584579944610596,0.6241649985313416,-0.039735160768032074,0.6814055442810059,0.6188446879386902,-0.0052681551314890385,0.6823915839195251,0.5642025470733643,-0.024974601343274117,0.6829915046691895,0.5894716382026672,-0.03485122323036194,0.6831299066543579,0.6181291937828064,-0.03600434958934784,0.7076930403709412,0.615647554397583,-0.007016520015895367,0.7080931067466736,0.5600468516349792,-0.02498691901564598,0.7055786848068237,0.5805621147155762,-0.028522323817014694,0.7036572694778442,0.6062937378883362,-0.02477911300957203,0.7283221483230591,0.6177644729614258,-0.009760544635355473,0.7285807132720947,0.556165337562561,-0.01748739182949066,0.7260802388191223,0.5182263851165771,-0.018240798264741898,0.7234114408493042,0.4880223572254181,-0.015816761180758476
0.6867138147354126,0.7169780731201172,2.909142438056733e-07,0.6495645642280579,0.6637077927589417,-0.009456582367420197,0.634257435798645,0.6067750453948975,-0.011116968467831612,0.6414302587509155,0.5540633797645569,-0.014120040461421013,0.6565893292427063,0.5167648792266846,-0.015907863155007362,0.6255592703819275,0.5699509978294373,0.02265099622309208,0.6232329607009888,0.5339548587799072,0.0160775538533926,0.6261164546012878,0.5123275518417358,0.004097844939678907,0.6322245001792908,0.4963497519493103,-0.004028742667287588,0.6485543847084045,0.56190025806427,0.022543178871273994,0.64958256483078,0.521571695804596,0.01710730418562889,0.651316225528717,0.5023738741874695,0.004544348921626806,0.6554543972015381,0.49006175994873047,-0.0033958693966269493,0.6723788976669312,0.5615689754486084,0.018661951646208763,0.67340487241745,0.5244773626327515,0.013089390471577644,0.6727601885795593,0.5040465593338013,0.006353371776640415,0.6750134825706482,0.4930081069469452,0.002901537576690316,0.6968432664871216,0.5689074993133545,0.012958982959389687,0.6935633420944214,0.5314087867736816,0.01104019396007061,0.6888182759284973,0.5091005563735962,0.010652400553226471,0.6856950521469116,0.4910218119621277,0.01114831306040287
0.6777350902557373,0.6773989200592041,6.270870045455013e-08,0.643016517162323,0.6338661313056946,-0.02031184919178486,0.6296961903572083,0.5759174227714539,-0.02854924276471138,0.6380595564842224,0.5191096067428589,-0.03587710112333298,0.6601877808570862,0.4819650650024414,-0.03921497240662575,0.618162214756012,0.5315683484077454,0.009035742841660976,0.6205297112464905,0.4875689446926117,-0.00486718351021409,0.6268737316131592,0.5065440535545349,-0.016312401741743088,0.632908284664154,0.5247898101806641,-0.02008369378745556,0.6429483890533447,0.5239799618721008,0.014257642440497875,0.6449733376502991,0.47423723340034485,-0.00162092549726367,0.6458611488342285,0.4976573884487152,-0.013963093049824238,0.6472657918930054,0.5223181843757629,-0.016145693138241768,0.6673979759216309,0.5205838680267334,0.015200991183519363,0.6686532497406006,0.476627379655838,0.0031111962161958218,0.6630812883377075,0.492659330368042,-0.001851999550126493,0.6601626873016357,0.5129234790802002,0.00046680113882757723,0.6885669231414795,0.5228636860847473,0.014047650620341301,0.6882914900779724,0.46955549716949463,0.012238429859280586,0.6872745752334595,0.4322771728038788,0.01181258074939251,0.6855198740959167,0.4000539779663086,0.013771459460258484
0.6747415661811829,0.6474570035934448,-1.5648069506823958e-07,0.6428149342536926,0.6226004362106323,-0.025400931015610695,0.6258167028427124,0.5696313381195068,-0.03748873993754387,0.6321085095405579,0.5131538510322571,-0.048259321600198746,0.6520451307296753,0.4797409474849701,-0.0540798157453537,0.6122682690620422,0.5054796934127808,-0.004043113440275192,0.6200666427612305,0.46533676981925964,-0.026046147570014,0.6317005157470703,0.5003093481063843,-0.03948565572500229,0.638343095779419,0.5273765325546265,-0.04281151667237282,0.6375964879989624,0.49904027581214905,0.00215693237259984,0.6455896496772766,0.45734846591949463,-0.0230014119297266,0.6531117558479309,0.4989806115627289,-0.034853771328926086,0.6555625200271606,0.5281351208686829,-0.034416165202856064,0.6621408462524414,0.4972419738769531,0.003886598628014326,0.6707242727279663,0.458232045173645,-0.017505530267953873,0.6720575094223022,0.49384722113609314,-0.019953645765781403,0.6708658933639526,0.5232797861099243,-0.012799244374036789,0.6842299699783325,0.501258134841919,0.003588850609958172,0.6831824779510498,0.4517121911048889,-0.003180227242410183,0.6825456619262695,0.41996338963508606,-0.0024991724640130997,0.6808319091796875,0.3900265395641327,0.002175884786993265
0.6688982844352722,0.6365193128585815,-1.3358571493427007e-07,0.6358271837234497,0.6077908873558044,-0.02203379198908806,0.6206849217414856,0.5525774359703064,-0.03195086121559143,0.6285133957862854,0.49805179238319397,-0.04075906425714493,0.6483485698699951,0.47071000933647156,-0.0455937534570694,0.6089540719985962,0.5024294853210449,-0.0022246548905968666,0.6174047589302063,0.4569154381752014,-0.020403385162353516,0.6309278607368469,0.4836578369140625,-0.03164926543831825,0.6384124755859375,0.5083832144737244,-0.033928032964468,0.6344900727272034,0.49639973044395447,0.0034240498207509518,0.6446331143379211,0.4489501118659973,-0.018708249554038048,0.6568633913993835,0.4859789311885834,-0.030074819922447205,0.6623679995536804,0.5180141925811768,-0.029606150463223457,0.658249020576477,0.4935705363750458,0.005419617518782616,0.6699039936065674,0.44521641731262207,-0.012492298148572445,0.6772560477256775,0.47632306814193726,-0.01563163287937641,0.6801058053970337,0.5085232257843018,-0.009688286110758781,0.6785063147544861,0.49716439843177795,0.00567441014572978,0.6776443719863892,0.44787004590034485,0.0016283636214211583,0.6774966716766357,0.4160235524177551,0.002310929587110877,0.6762737035751343,0.3881967067718506,0.006245442666113377
0.6635068655014038,0.6292458176612854,-1.1298136826098926e-07,0.6287307739257812,0.60138338804245,-0.01973421685397625,0.6141934394836426,0.5477890968322754,-0.02981828711926937,0.6240249276161194,0.4958723485469818,-0.03951024264097214,0.6473920345306396,0.47124341130256653,-0.045315034687519073,0.6063476204872131,0.4949997067451477,0.0004976199707016349,0.6099985241889954,0.45400360226631165,-0.020074443891644478,0.6163142919540405,0.47745463252067566,-0.032239772379398346,0.6212199926376343,0.4955318570137024,-0.03462710976600647,0.6310704350471497,0.49071455001831055,0.0037456380669027567,0.6369761228561401,0.4456135630607605,-0.02277669683098793,0.6389948129653931,0.4821048974990845,-0.03579023852944374,0.6399025917053223,0.5099013447761536,-0.0348079577088356,0.654233455657959,0.48852506279945374,0.0032112940680235624,0.6601539254188538,0.4482291340827942,-0.018430642783641815,0.656064510345459,0.4808114171028137,-0.02301189862191677,0.6527597904205322,0.5097416043281555,-0.016547413542866707,0.6740215420722961,0.4918704628944397,0.0012348586460575461,0.672805905342102,0.44305306673049927,-0.004511505365371704,0.6703156232833862,0.4114348590373993,-0.00407009944319725,0.6682352423667908,0.3827242851257324,0.00047228916082531214
0.6588516235351562,0.6226420998573303,-1.1281451861577807e-07,0.6272340416908264,0.5974818468093872,-0.02100706472992897,0.6130242347717285,0.5484127402305603,-0.0318683460354805,0.6221805214881897,0.4971165359020233,-0.04187556356191635,0.6434962153434753,0.4705832600593567,-0.0475817508995533,0.5989707112312317,0.4926651120185852,-0.0030071367509663105,0.6045528054237366,0.4493541419506073,-0.022014670073986053,0.6130372285842896,0.47379302978515625,-0.032888203859329224,0.6184804439544678,0.4924130439758301,-0.03515671193599701,0.623859167098999,0.48653069138526917,0.0011891080066561699,0.6309500932693481,0.4418495297431946,-0.0218381118029356,0.6361551284790039,0.47624388337135315,-0.032047368586063385,0.6385078430175781,0.5013350248336792,-0.030736634507775307,0.647820770740509,0.48337528109550476,0.0016561952652409673,0.6559627652168274,0.4417838454246521,-0.017393087968230247,0.6559342741966248,0.4731220602989197,-0.019486121833324432,0.6546026468276978,0.5007956624031067,-0.012646690011024475,0.6690650582313538,0.4852602183818817,0.00041800347389653325,0.6675638556480408,0.43667012453079224,-0.004780767019838095,0.6665021777153015,0.40551671385765076,-0.003760731080546975,0.6651703715324402,0.3777022957801819,0.0007250860799103975
0.6558224558830261,0.6288705468177795,-4.595783664740338e-08,0.6229202747344971,0.6024165153503418,-0.01811685599386692,0.6092416644096375,0.5493618845939636,-0.027590690180659294,0.6151262521743774,0.497159481048584,-0.03686773404479027,0.6324909925460815,0.46664902567863464,-0.04350409656763077,0.6005710363388062,0.5020870566368103,-0.0024488389026373625,0.6020718216896057,0.45040005445480347,-0.02118060365319252,0.6098479628562927,0.45640185475349426,-0.033274125307798386,0.6188249588012695,0.4698958396911621,-0.03651658818125725,0.6249662041664124,0.4957842230796814,-0.0003029906947631389,0.6335563659667969,0.4435209631919861,-0.026647359132766724,0.6367786526679993,0.47575363516807556,-0.04108589142560959,0.6401575207710266,0.5096956491470337,-0.04175271466374397,0.6472843885421753,0.49108248949050903,-0.0012209918349981308,0.6546123027801514,0.4420994818210602,-0.022450294345617294,0.6510297060012817,0.4680609107017517,-0.029090452939271927,0.6490709185600281,0.49809327721595764,-0.025122810155153275,0.6657055020332336,0.4922036826610565,-0.003316120943054557,0.6651480793952942,0.43996837735176086,-0.009505012072622776,0.6626909971237183,0.40729308128356934,-0.009985494427382946,0.6601530909538269,0.3803192377090454,-0.007038886658847332
0.644095242023468,0.6280462741851807,-2.0009015599953273e-07,0.6116927862167358,0.6036480665206909,-0.020730672404170036,0.5940796136856079,0.5484029054641724,-0.030407167971134186,0.6010556221008301,0.49383190274238586,-0.039585720747709274,0.618053674697876,0.4632270336151123,-0.04428362846374512,0.5861254334449768,0.4884532690048218,-0.0033214720897376537,0.5940213203430176,0.44445860385894775,-0.024375837296247482,0.6056368947029114,0.4766545593738556,-0.035554878413677216,0.6123786568641663,0.5008115172386169,-0.03714878857135773,0.6099991202354431,0.48343223333358765,0.0009309168090112507,0.6215972304344177,0.4435666799545288,-0.02437453344464302,0.6299729943275452,0.49027740955352783,-0.03336518257856369,0.6329270005226135,0.519035279750824,-0.030260303989052773,0.6335538625717163,0.482083261013031,0.0011635756818577647,0.6458418369293213,0.44447630643844604,-0.02043306455016136,0.6478496789932251,0.4918949604034424,-0.019180327653884888,0.6463156342506409,0.5278381109237671,-0.00870617013424635,0.6552644371986389,0.48654791712760925,-0.000386197556508705,0.6546893119812012,0.436438649892807,-0.007242623250931501,0.6543394327163696,0.405388206243515,-0.004884293768554926,0.6534327864646912,0.37416934967041016,0.0014692326076328754
0.6436219215393066,0.6271679997444153,-1.4643167389749578e-07,0.6111499667167664,0.5986979603767395,-0.02115057408809662,0.5966312289237976,0.5439677834510803,-0.0313679464161396,0.6032105684280396,0.48990434408187866,-0.04168165475130081,0.6271517276763916,0.46065279841423035,-0.04766353592276573,0.5881549119949341,0.49432483315467834,0.0005784480017609894,0.5879545211791992,0.4468628168106079,-0.022611884400248528,0.6023498177528381,0.473261296749115,-0.03599836304783821,0.6139731407165527,0.4953268766403198,-0.03799234703183174,0.6121137738227844,0.48848479986190796,0.004774567671120167,0.6172499656677246,0.44163182377815247,-0.023765161633491516,0.6262152194976807,0.48213091492652893,-0.036380182951688766,0.6323423981666565,0.5117934346199036,-0.034242983907461166,0.6348920464515686,0.4845111072063446,0.004641036037355661,0.6432923078536987,0.4466382563114166,-0.02001764252781868,0.6443911194801331,0.49218085408210754,-0.02244531735777855,0.6448549032211304,0.5297558307647705,-0.012729089707136154,0.6552954316139221,0.4851958751678467,0.002826788229867816,0.6545317769050598,0.43565526604652405,-0.00381532427854836,0.6528277397155762,0.40160486102104187,-0.0024183231871575117,0.6510558724403381,0.37066805362701416,0.003578638657927513
0.6448106169700623,0.6225850582122803,-1.236603992538221e-07,0.6125763058662415,0.5957874655723572,-0.01962125487625599,0.5966259241104126,0.547020435333252,-0.03050292655825615,0.6020775437355042,0.4960610866546631,-0.04186112806200981,0.6209009289741516,0.46348902583122253,-0.049718815833330154,0.5858046412467957,0.4906374216079712,-0.001825221930630505,0.5893766283988953,0.4455729126930237,-0.024818850681185722,0.6040194034576416,0.4642288088798523,-0.038918424397706985,0.617270290851593,0.48497477173805237,-0.04217644780874252,0.610802412033081,0.4843074679374695,0.0013191846664994955,0.6188437938690186,0.44230157136917114,-0.02665870264172554,0.6290401816368103,0.48400789499282837,-0.03895963728427887,0.6357631683349609,0.5169711709022522,-0.03757365420460701,0.6346811652183533,0.4806325137615204,0.0005496605299413204,0.6436933875083923,0.442288339138031,-0.024060839787125587,0.6466878652572632,0.48696237802505493,-0.025556465610861778,0.6478173732757568,0.5246708393096924,-0.01586161181330681,0.6558876633644104,0.48238351941108704,-0.0017630265792831779,0.6559284329414368,0.4328050911426544,-0.010014389641582966,0.6551869511604309,0.4019555449485779,-0.008491367101669312,0.6535685062408447,0.372978150844574,-0.002385578118264675
0.6447486281394958,0.6248384714126587,-1.1423416879097203e-07,0.6110347509384155,0.5968128442764282,-0.016663867980241776,0.5961798429489136,0.5431712865829468,-0.02441764622926712,0.6033581495285034,0.49019357562065125,-0.03323059156537056,0.6242210268974304,0.45960161089897156,-0.03912390023469925,0.5891848802566528,0.49446091055870056,0.003964627627283335,0.5892603397369385,0.446035772562027,-0.01591658592224121,0.6027591824531555,0.4572444260120392,-0.02824406512081623,0.6168239116668701,0.4744180142879486,-0.03050173446536064,0.6133489012718201,0.48837053775787354,0.0063891299068927765,0.6224083304405212,0.44439268112182617,-0.020030852407217026,0.63204026222229,0.4851612448692322,-0.032001227140426636,0.6391192078590393,0.5204301476478577,-0.02997533604502678,0.6360483765602112,0.4839661717414856,0.0050514619797468185,0.6458315849304199,0.44546735286712646,-0.01844213902950287,0.6482973694801331,0.487788587808609,-0.021236013621091843,0.6501442193984985,0.525176465511322,-0.012226032093167305,0.6562390923500061,0.4839000999927521,0.0024019749835133553,0.6577875018119812,0.43482333421707153,-0.004794883541762829,0.6578076481819153,0.40374210476875305,-0.0037133307196199894,0.6577479839324951,0.3756817877292633,0.0020452209282666445
0.6453897953033447,0.628008246421814,-8.798671302656658e-08,0.6110453009605408,0.5988896489143372,-0.016042577102780342,0.5963662266731262,0.5459727048873901,-0.0239186380058527,0.6023554801940918,0.49258852005004883,-0.03292631730437279,0.6227362751960754,0.4607538878917694,-0.03932061791419983,0.588498055934906,0.4958920478820801,0.00360934529453516,0.5880228877067566,0.4510052800178528,-0.017031347379088402,0.6029262542724609,0.45710742473602295,-0.030160313472151756,0.6190123558044434,0.46918508410453796,-0.0331849567592144,0.6131734848022461,0.48866724967956543,0.00514101842418313,0.6195053458213806,0.4466489255428314,-0.022744156420230865,0.6293922662734985,0.4859188199043274,-0.035520877689123154,0.6372934579849243,0.5198882818222046,-0.033775147050619125,0.6368173956871033,0.4841613173484802,0.0030462590511888266,0.6441149711608887,0.4482961893081665,-0.022172236815094948,0.6469012498855591,0.48903924226760864,-0.025582710281014442,0.6494409441947937,0.5247014164924622,-0.016606712713837624,0.6572216749191284,0.4851907193660736,-0.00018416500824969262,0.6592737436294556,0.43555861711502075,-0.008357333950698376,0.6595749855041504,0.4044921100139618,-0.0072954134084284306,0.6598923802375793,0.37704789638519287,-0.001388619770295918
0.6449883580207825,0.628478467464447,-4.7845666983903357e-08,0.6129350662231445,0.6014107465744019,-0.01812642067670822,0.598393440246582,0.547772228717804,-0.025820448994636536,0.6032418608665466,0.4948263466358185,-0.034114718437194824,0.6191234588623047,0.4598435163497925,-0.04017101600766182,0.5883899331092834,0.4999813437461853,0.00152211741078645,0.5859336256980896,0.4521285891532898,-0.016726355999708176,0.5980023741722107,0.4457099735736847,-0.027833959087729454,0.6123524904251099,0.4498019814491272,-0.030267754569649696,0.6135523319244385,0.49138009548187256,0.004614102654159069,0.6213843822479248,0.45013242959976196,-0.02247442677617073,0.6309598684310913,0.48982906341552734,-0.033936358988285065,0.6379418969154358,0.5251816511154175,-0.03160044923424721,0.6376199126243591,0.48598623275756836,0.004128243308514357,0.6457768082618713,0.44769060611724854,-0.021090079098939896,0.6484655737876892,0.48801031708717346,-0.0239116158336401,0.6506548523902893,0.5236997008323669,-0.014808503910899162,0.6586023569107056,0.48560377955436707,0.002389670815318823,0.6616291999816895,0.4366556704044342,-0.006890144199132919,0.6623573303222656,0.4065823554992676,-0.006405728403478861,0.6625741124153137,0.3792596161365509,-0.0009264497202821076
0.6442534923553467,0.6290366649627686,-9.141641754695229e-08,0.6115977764129639,0.6040562391281128,-0.019119992852211,0.5962117314338684,0.5491764545440674,-0.027773329988121986,0.60145103931427,0.49325504899024963,-0.036469344049692154,0.6204469799995422,0.45800548791885376,-0.042479198426008224,0.5895845890045166,0.49642765522003174,-0.0006967518711462617,0.5934721231460571,0.4518846273422241,-0.021003933623433113,0.6050925850868225,0.4564198851585388,-0.03286966681480408,0.6167618632316589,0.4689018428325653,-0.03511500731110573,0.6150821447372437,0.48938605189323425,0.002994651673361659,0.6249465346336365,0.4494746923446655,-0.0248284712433815,0.6329330801963806,0.49255889654159546,-0.03581235185265541,0.6376934051513672,0.5293890833854675,-0.03289497271180153,0.6392905116081238,0.485811322927475,0.002966200700029731,0.6478214263916016,0.45024624466896057,-0.022621599957346916,0.6495482921600342,0.4915463626384735,-0.02482745237648487,0.6501897573471069,0.5273426175117493,-0.015200356021523476,0.6603281497955322,0.4870662987232208,0.0017695075366646051,0.6631413102149963,0.43763279914855957,-0.007392592262476683,0.6647739410400391,0.4076278507709503,-0.006257065571844578,0.6650593876838684,0.3796349763870239,-0.0001836830488173291
0.6450362205505371,0.6345964074134827,-2.2190414483702625e-07,0.6127182245254517,0.6066005229949951,-0.015144219622015953,0.5977373123168945,0.5484045147895813,-0.0222339890897274,0.6055540442466736,0.49305665493011475,-0.030322909355163574,0.6288766860961914,0.46391934156417847,-0.035382308065891266,0.5974134802818298,0.5000693202018738,0.0026333641726523638,0.6020671725273132,0.4547714591026306,-0.018683327361941338,0.6089320182800293,0.47582054138183594,-0.030217554420232773,0.6153483986854553,0.5017614364624023,-0.031240032985806465,0.6235477924346924,0.4972021281719208,0.0041059209033846855,0.6319147944450378,0.454816997051239,-0.02380129136145115,0.6350454092025757,0.5024230480194092,-0.03390929847955704,0.6363211870193481,0.5440363883972168,-0.03006461262702942,0.6477537155151367,0.49592894315719604,0.0018650498241186142,0.6528935432434082,0.45618516206741333,-0.02311963587999344,0.6521413326263428,0.49887481331825256,-0.024762211367487907,0.6519571542739868,0.5376293063163757,-0.01467812992632389,0.6685870885848999,0.49770691990852356,-0.0013117346679791808,0.6711152791976929,0.4453775882720947,-0.009083644486963749,0.6717995405197144,0.4125753939151764,-0.007728470955044031,0.6715821027755737,0.38314610719680786,-0.0018133862176910043
0.64890456199646,0.6383265256881714,-2.2886233352892305e-07,0.6170732378959656,0.6109717488288879,-0.019570693373680115,0.6013168096542358,0.5542640089988708,-0.028423605486750603,0.607768714427948,0.49881938099861145,-0.037537552416324615,0.6275391578674316,0.4648578464984894,-0.04259562864899635,0.595617413520813,0.5002080202102661,0.001282236655242741,0.604084312915802,0.45679593086242676,-0.021958056837320328,0.6147052049636841,0.4867216646671295,-0.03505465015769005,0.6220717430114746,0.5180960893630981,-0.036538880318403244,0.6231114864349365,0.49647554755210876,0.005247646942734718,0.6345478296279907,0.4571759104728699,-0.022365950047969818,0.6405000686645508,0.5068991184234619,-0.03304247930645943,0.6422879099845886,0.5465649366378784,-0.029883773997426033,0.6486514210700989,0.49512094259262085,0.004877547733485699,0.6576471924781799,0.45664334297180176,-0.02012800984084606,0.6577125191688538,0.5039253234863281,-0.02130562998354435,0.6561406850814819,0.5446322560310364,-0.010815666057169437,0.6706945896148682,0.49775007367134094,0.003151468001306057,0.6725791096687317,0.4452292025089264,-0.00449927756562829,0.6736965179443359,0.41351866722106934,-0.0027067228220403194,0.6741941571235657,0.38520413637161255,0.0038068601861596107
0.6486642360687256,0.6399027705192566,-1.302593375385186e-07,0.6164643168449402,0.6121091246604919,-0.018431227654218674,0.6016654372215271,0.5576326847076416,-0.026635458692908287,0.608440637588501,0.5024937987327576,-0.03526143729686737,0.6285308599472046,0.4680356979370117,-0.0410471111536026,0.5966792106628418,0.506071150302887,0.0014561560237780213,0.601227343082428,0.45922979712486267,-0.019119566306471825,0.6107310056686401,0.4687209725379944,-0.03134508058428764,0.6201510429382324,0.4884519875049591,-0.03335847333073616,0.6238201260566711,0.5006830096244812,0.004720720928162336,0.6341784596443176,0.46090182662010193,-0.023147961124777794,0.6392810940742493,0.5054700374603271,-0.035099178552627563,0.6423776745796204,0.545504093170166,-0.032739944756031036,0.6489431858062744,0.4982474446296692,0.00415676087141037,0.6571918725967407,0.46298831701278687,-0.021711135283112526,0.6561006307601929,0.5063483715057373,-0.02502739243209362,0.6551176309585571,0.5450866222381592,-0.0158171858638525,0.6703934669494629,0.4997235834598541,0.0024694104213267565,0.6744523644447327,0.4482353627681732,-0.006710860412567854,0.6756952404975891,0.4161136746406555,-0.006215851288288832,0.6759122610092163,0.3874322474002838,-0.000590219278819859
0.6512449383735657,0.6472050547599792,-8.237080351136683e-08,0.6185513734817505,0.6198080778121948,-0.017213838174939156,0.6027697920799255,0.5623763799667358,-0.02490038052201271,0.6096044778823853,0.5070992708206177,-0.0332726314663887,0.6284380555152893,0.46929633617401123,-0.039444953203201294,0.5988852977752686,0.5129517316818237,0.0024079028517007828,0.6004968881607056,0.46475720405578613,-0.01600201241672039,0.6105892658233643,0.45985013246536255,-0.027321353554725647,0.6219849586486816,0.467403382062912,-0.029851214960217476,0.6257626414299011,0.5067942142486572,0.004592555575072765,0.6361073851585388,0.4649813175201416,-0.023316403850913048,0.6418743133544922,0.5085783004760742,-0.035071972757577896,0.6446110606193542,0.5488563776016235,-0.03277119621634483,0.6505236625671387,0.5037283301353455,0.003253149101510644,0.6590895056724548,0.4612954556941986,-0.022576460614800453,0.6598801612854004,0.5032954812049866,-0.024902863427996635,0.6600633859634399,0.5425604581832886,-0.015387599356472492,0.6721938848495483,0.504713773727417,0.0007838030578568578,0.6763838529586792,0.45193588733673096,-0.008862280286848545,0.6783113479614258,0.4192962646484375,-0.008136955089867115,0.6792159080505371,0.38964247703552246,-0.0025981473736464977
0.6516706347465515,0.6457309126853943,-1.1697083124317942e-07,0.6177412867546082,0.6169906258583069,-0.014093829318881035,0.6010192632675171,0.5604442358016968,-0.02105565555393696,0.6080572605133057,0.5054163932800293,-0.02969079092144966,0.6308754682540894,0.47030454874038696,-0.036269646137952805,0.6016390323638916,0.5100931525230408,0.0063621653243899345,0.6025434136390686,0.46437954902648926,-0.012740524485707283,0.6112346649169922,0.46553635597229004,-0.024665581062436104,0.6216278672218323,0.47898903489112854,-0.027092890813946724,0.6273419260978699,0.5046719908714294,0.006840749178081751,0.6354856491088867,0.4643920660018921,-0.020532481372356415,0.6399539113044739,0.5079555511474609,-0.032305698841810226,0.6432260870933533,0.5482689142227173,-0.02993074804544449,0.651671826839447,0.5023391246795654,0.0037576870527118444,0.6578519940376282,0.4640161097049713,-0.021793484687805176,0.6568905115127563,0.5076810717582703,-0.02413051389157772,0.6573647260665894,0.547598659992218,-0.014378462918102741,0.6733702421188354,0.5034360885620117,-0.00023354467703029513,0.6777616739273071,0.4507489800453186,-0.00923001766204834,0.6791950464248657,0.4179355502128601,-0.008004631847143173,0.6800774335861206,0.38844114542007446,-0.0020758125465363264
0.6525800824165344,0.6440435647964478,-1.368827753367441e-07,0.6187334656715393,0.6175252795219421,-0.015168529935181141,0.6020091772079468,0.5604548454284668,-0.022215457633137703,0.6098347306251526,0.5051167607307434,-0.03038495033979416,0.6330757141113281,0.4710579216480255,-0.03647657483816147,0.6024525761604309,0.5110479593276978,0.0032403089571744204,0.6031994819641113,0.4648604989051819,-0.0160333514213562,0.6125934720039368,0.4658895432949066,-0.02746143937110901,0.6239104270935059,0.47840815782546997,-0.029376551508903503,0.6286590099334717,0.5052654147148132,0.004635609686374664,0.6366570591926575,0.46475911140441895,-0.023158134892582893,0.6418600678443909,0.51108717918396,-0.0340232215821743,0.6456236839294434,0.5528160929679871,-0.030706308782100677,0.6531144380569458,0.5025193691253662,0.0025946623645722866,0.6597064137458801,0.463865727186203,-0.023486658930778503,0.6600820422172546,0.5089117288589478,-0.02516072802245617,0.6615426540374756,0.5492838025093079,-0.014618964865803719,0.6752899289131165,0.5031323432922363,-0.00031121601932682097,0.6792377233505249,0.44970428943634033,-0.008999507874250412,0.6802340745925903,0.41726186871528625,-0.007010757457464933,0.6806058287620544,0.3884773552417755,-0.0004577099753078073
0.6527798771858215,0.646007239818573,-1.986382898166994e-07,0.6213058233261108,0.6188558340072632,-0.016004281118512154,0.6051290035247803,0.5623657703399658,-0.023828046396374702,0.6113691329956055,0.5080371499061584,-0.03268077224493027,0.6315279006958008,0.4732397198677063,-0.03854283317923546,0.6052122712135315,0.5101801753044128,0.0020239208824932575,0.6100950837135315,0.4642277956008911,-0.01918652467429638,0.6196268200874329,0.48249438405036926,-0.031370289623737335,0.6284416913986206,0.5084086060523987,-0.033102333545684814,0.6312781572341919,0.5054354071617126,0.003867949126288295,0.640654444694519,0.4641745090484619,-0.023363782092928886,0.6456921696662903,0.5117878913879395,-0.033757586032152176,0.6485534310340881,0.5538920164108276,-0.030671361833810806,0.6560531258583069,0.5036595463752747,0.0019066367531195283,0.6628168821334839,0.4626166820526123,-0.02308220975100994,0.6629552245140076,0.5076884031295776,-0.02425588108599186,0.6635637283325195,0.5487708449363708,-0.014044184237718582,0.6776451468467712,0.5054237842559814,-0.0011057204101234674,0.6820977926254272,0.45204561948776245,-0.00985762383788824,0.682845950126648,0.419169157743454,-0.008713961578905582,0.6826867461204529,0.3895840048789978,-0.0029294516425579786
0.6547897458076477,0.6495182514190674,-2.2149302481011546e-07,0.6231517195701599,0.6220523118972778,-0.013726837933063507,0.6070857644081116,0.5640888214111328,-0.0204010047018528,0.6146907210350037,0.5092540979385376,-0.028767531737685204,0.6361055970191956,0.4767018258571625,-0.03403788059949875,0.6067925691604614,0.5100258588790894,0.005477408412843943,0.609372079372406,0.4663139581680298,-0.015439111739397049,0.6204105019569397,0.4888085722923279,-0.027872923761606216,0.6311061382293701,0.5159227252006531,-0.029807554557919502,0.6323620080947876,0.5049883723258972,0.006032930687069893,0.6401410698890686,0.46608269214630127,-0.01977563463151455,0.6461927890777588,0.5125401616096497,-0.03000645712018013,0.6499220728874207,0.5519473552703857,-0.02728378400206566,0.6569920778274536,0.5030025243759155,0.002751742722466588,0.6630525588989258,0.4634939432144165,-0.020860591903328896,0.6637885570526123,0.5087892413139343,-0.021622583270072937,0.6647633910179138,0.5494980812072754,-0.011580676771700382,0.6786767840385437,0.5046709775924683,-0.0015932435635477304,0.6825838685035706,0.45183852314949036,-0.009135537780821323,0.6837273240089417,0.4194682240486145,-0.007333538495004177,0.6843730807304382,0.39056500792503357,-0.0013551970478147268
0.6572537422180176,0.6533110737800598,-2.4803438236631337e-07,0.623394250869751,0.6234568357467651,-0.015225685201585293,0.6089385747909546,0.5640707015991211,-0.022159237414598465,0.6184954047203064,0.5075563788414001,-0.0303158238530159,0.6418054103851318,0.47619467973709106,-0.0351114496588707,0.6102927923202515,0.5151252746582031,0.0059569962322711945,0.6160009503364563,0.4708566665649414,-0.015484040603041649,0.6263250112533569,0.49782222509384155,-0.02826436422765255,0.6342881321907043,0.5279013514518738,-0.03011779859662056,0.6376917362213135,0.5114040374755859,0.00748126395046711,0.6474857926368713,0.4678223133087158,-0.01987883634865284,0.6509270071983337,0.5168603658676147,-0.03111630119383335,0.651386022567749,0.5605750679969788,-0.028212260454893112,0.6629303693771362,0.5097466111183167,0.005039879120886326,0.6698994636535645,0.4669226408004761,-0.018895963206887245,0.6692540049552917,0.5106169581413269,-0.020548434928059578,0.6686331033706665,0.5520807504653931,-0.010675424709916115,0.6848788857460022,0.5115842223167419,0.0014858909416943789,0.6880382299423218,0.4581220746040344,-0.005096948705613613,0.6892043948173523,0.4248204231262207,-0.003324888413771987,0.6893711090087891,0.39593926072120667,0.0026437800843268633
0.6587060689926147,0.654128909111023,-2.5737958253557736e-07,0.6255518198013306,0.6255921125411987,-0.015307383611798286,0.6111041307449341,0.5664089918136597,-0.022416172549128532,0.6213581562042236,0.5110498666763306,-0.030938416719436646,0.6419859528541565,0.47552669048309326,-0.035909444093704224,0.6117188930511475,0.5126678347587585,0.004796667490154505,0.6170750856399536,0.4695550799369812,-0.017626555636525154,0.6278005838394165,0.4984087646007538,-0.030416429042816162,0.636435866355896,0.5285734534263611,-0.032137010246515274,0.6388916373252869,0.5095913410186768,0.006030747201293707,0.6477916240692139,0.4695582389831543,-0.02151559293270111,0.6519795060157776,0.5193613767623901,-0.03217950463294983,0.6533598303794861,0.5597710013389587,-0.029210202395915985,0.6647173762321472,0.5091529488563538,0.0031664285343140364,0.671901285648346,0.467987596988678,-0.02163643389940262,0.6698983907699585,0.5155561566352844,-0.022072793915867805,0.6681049466133118,0.5567663311958313,-0.011298335157334805,0.6872413158416748,0.5125019550323486,-0.0008846189011819661,0.6898549199104309,0.45891308784484863,-0.009518589824438095,0.6903529167175293,0.4248759150505066,-0.008181316778063774,0.6904662847518921,0.3934619724750519,-0.0020652564708143473
0.661832869052887,0.6561405062675476,-1.7656851980518695e-07,0.6285311579704285,0.6287659406661987,-0.01800571009516716,0.6128531694412231,0.5699589848518372,-0.02604433335363865,0.6213788986206055,0.5136672854423523,-0.03478948026895523,0.6433274149894714,0.4773150384426117,-0.040528591722249985,0.6129520535469055,0.518772542476654,0.0009331151959486306,0.6152427196502686,0.4702474772930145,-0.02039659209549427,0.6268709301948547,0.48366737365722656,-0.03287484869360924,0.6385534405708313,0.5036153793334961,-0.03506937623023987,0.6395443677902222,0.5134518146514893,0.003680927213281393,0.6490955948829651,0.4717370271682739,-0.02473403885960579,0.6534386873245239,0.5199127197265625,-0.036304932087659836,0.6555725932121277,0.5599266290664673,-0.03383716940879822,0.6647903919219971,0.5109256505966187,0.0026083667762577534,0.6738532781600952,0.4668789207935333,-0.023303324356675148,0.6720170378684998,0.514496386051178,-0.02456325851380825,0.670376181602478,0.5564857125282288,-0.01406747568398714,0.6869556903839111,0.5127747654914856,0.000235846295254305,0.6903116703033447,0.45858967304229736,-0.009189192205667496,0.6908676028251648,0.42436063289642334,-0.008223616518080235,0.6915302872657776,0.39358794689178467,-0.0022659774404019117
0.6623564958572388,0.6551867127418518,-1.202693056256976e-07,0.6291479468345642,0.6281501054763794,-0.017199916765093803,0.6131047606468201,0.5695149302482605,-0.02484791725873947,0.6212766766548157,0.512690007686615,-0.033040523529052734,0.6426460146903992,0.47648337483406067,-0.03886561095714569,0.6119514107704163,0.5200188755989075,0.00029440276557579637,0.6132360696792603,0.4706253409385681,-0.018553897738456726,0.6243783235549927,0.4709513187408447,-0.029924092814326286,0.6369951963424683,0.48246586322784424,-0.032507240772247314,0.6390783190727234,0.5136707425117493,0.0026192786172032356,0.6497098207473755,0.47104179859161377,-0.025006532669067383,0.654941737651825,0.5162911415100098,-0.03628731146454811,0.6582097411155701,0.5569011569023132,-0.03406583517789841,0.6646075248718262,0.5108416080474854,0.0015672884183004498,0.6740850806236267,0.4668019413948059,-0.02380148321390152,0.6732260584831238,0.5104930400848389,-0.025562673807144165,0.6725032925605774,0.5509729981422424,-0.016014019027352333,0.6866623163223267,0.5126045942306519,-0.0006359830731526017,0.691352367401123,0.45921045541763306,-0.010508634150028229,0.692155122756958,0.4254094064235687,-0.010054652579128742,0.6925168037414551,0.39512404799461365,-0.004878740757703781
0.6601454019546509,0.6567860841751099,-1.9839791320919176e-07,0.6266488432884216,0.6292896866798401,-0.01667703688144684,0.6116007566452026,0.5678905248641968,-0.02427106909453869,0.6213600635528564,0.5103453397750854,-0.03271590173244476,0.6447727680206299,0.4757249355316162,-0.03830089047551155,0.6132742166519165,0.5162143707275391,0.0018607998499646783,0.6170787811279297,0.4707656800746918,-0.018698498606681824,0.6271488666534424,0.48927903175354004,-0.030955921858549118,0.6371282339096069,0.5137908458709717,-0.03300609067082405,0.6401180028915405,0.5120878219604492,0.003999370150268078,0.6501301527023315,0.47074955701828003,-0.022968612611293793,0.6546628475189209,0.5182760953903198,-0.034187402576208115,0.6571477055549622,0.5601231455802917,-0.03170980140566826,0.6656411290168762,0.5106881856918335,0.002469925209879875,0.6738085150718689,0.4693007171154022,-0.021919172257184982,0.6726757287979126,0.5158527493476868,-0.023401273414492607,0.6716039180755615,0.5581744909286499,-0.013478835113346577,0.6877388954162598,0.5130044221878052,-0.00020130601478740573,0.6907817125320435,0.4590049982070923,-0.008255631662905216,0.6918148398399353,0.4253055155277252,-0.006763521581888199,0.6923261880874634,0.39487341046333313,-0.0008038079831749201
0.6624423265457153,0.654944658279419,-2.5008222337419284e-07,0.6286343932151794,0.6249589323997498,-0.019917229190468788,0.6129027009010315,0.564708948135376,-0.02895122393965721,0.6223772168159485,0.5068982839584351,-0.038382649421691895,0.6470442414283752,0.47464126348495483,-0.043688077479600906,0.612565279006958,0.5108700394630432,0.0022433348931372166,0.6198638677597046,0.468730628490448,-0.02139059267938137,0.6309606432914734,0.502753734588623,-0.03448503836989403,0.6385688781738281,0.5342862010002136,-0.03579877316951752,0.6397370100021362,0.5083682537078857,0.006354340352118015,0.6509750485420227,0.46915531158447266,-0.021787885576486588,0.6566526889801025,0.5217218399047852,-0.032166529446840286,0.6572640538215637,0.5620173215866089,-0.028444070369005203,0.6654679179191589,0.5079373121261597,0.005902047269046307,0.674364447593689,0.4683608412742615,-0.019609082490205765,0.6741990447044373,0.518520712852478,-0.020316211506724358,0.6717867851257324,0.5606908798217773,-0.009038759395480156,0.6881191730499268,0.5113973021507263,0.004050994757562876,0.6908707618713379,0.4582269787788391,-0.0036166179925203323,0.6926920413970947,0.42527103424072266,-0.001770217320881784,0.6927919387817383,0.39437180757522583,0.0049488600343465805
0.6652086973190308,0.6502817273139954,-1.8462331752289174e-07,0.6320303082466125,0.6237186789512634,-0.02217782847583294,0.6172221899032593,0.5655435919761658,-0.032862789928913116,0.6260682940483093,0.5096438527107239,-0.04315081611275673,0.6483583450317383,0.47516340017318726,-0.05010445788502693,0.6151191592216492,0.5081416964530945,-0.004532709717750549,0.6209478974342346,0.46477729082107544,-0.028457850217819214,0.6319302916526794,0.4855235815048218,-0.04251137375831604,0.641362726688385,0.510986328125,-0.045049529522657394,0.6416072845458984,0.5039610862731934,0.00016008397506084293,0.6542416214942932,0.4642302393913269,-0.02990781143307686,0.6583620309829712,0.5166676640510559,-0.04164757579565048,0.658331036567688,0.5596920847892761,-0.0387248732149601,0.6661864519119263,0.5031527876853943,0.0007004436338320374,0.6774325966835022,0.4646845757961273,-0.026296596974134445,0.6768900752067566,0.5122392177581787,-0.028679242357611656,0.6744510531425476,0.5533218383789062,-0.01860981434583664,0.6874332427978516,0.5068373084068298,-0.00016117532504722476,0.6905593872070312,0.45315423607826233,-0.008979075588285923,0.6927146911621094,0.4208487868309021,-0.007617576513439417,0.6933491230010986,0.3909685015678406,-0.0013817904982715845
0.6659765243530273,0.6503135561943054,-1.6739809893806523e-07,0.6326348185539246,0.6243689060211182,-0.02118903398513794,0.6175149083137512,0.5664330720901489,-0.03129778802394867,0.6271724700927734,0.5109832286834717,-0.041199661791324615,0.649239182472229,0.4781496524810791,-0.0477810762822628,0.6128174662590027,0.5081279277801514,-0.0032607619650661945,0.6206504702568054,0.46314093470573425,-0.025837810710072517,0.6325134038925171,0.48132261633872986,-0.039006251841783524,0.6432812809944153,0.5035905838012695,-0.041496723890304565,0.6405638456344604,0.50364089012146,0.000896745827049017,0.6545449495315552,0.46248510479927063,-0.028268413618206978,0.6599874496459961,0.5142907500267029,-0.03916594758629799,0.6615841388702393,0.5570850968360901,-0.03586224839091301,0.6662640571594238,0.5023567080497742,0.001007306156679988,0.6779491901397705,0.4621485769748688,-0.02524116262793541,0.6780867576599121,0.5107914805412292,-0.026553727686405182,0.6763800382614136,0.552638828754425,-0.015900831669569016,0.6882975697517395,0.5059511065483093,-0.00033183343475684524,0.6912720203399658,0.4536024332046509,-0.009252410382032394,0.693000316619873,0.42193537950515747,-0.007851424627006054,0.6935125589370728,0.3916626572608948,-0.0016141495434567332
0.6652286052703857,0.6509703397750854,-1.9332587442022486e-07,0.6336691379547119,0.6229652166366577,-0.02079642564058304,0.6197105646133423,0.5663415193557739,-0.03135756403207779,0.627643346786499,0.511954128742218,-0.04204544425010681,0.6483202576637268,0.479394793510437,-0.04892249405384064,0.6126500368118286,0.5043114423751831,-0.0016765777254477143,0.6241123080253601,0.4623450040817261,-0.025922387838363647,0.6361576318740845,0.4899352192878723,-0.03999766707420349,0.6454073786735535,0.5180410742759705,-0.04244016483426094,0.6399256587028503,0.5005078911781311,0.0020448665600270033,0.6556519269943237,0.4597674310207367,-0.02772405371069908,0.6617096662521362,0.5116193890571594,-0.038966480642557144,0.6630852818489075,0.5533986687660217,-0.03566494956612587,0.6655019521713257,0.4995473027229309,0.001448288094252348,0.6780626177787781,0.4617217183113098,-0.02537619136273861,0.6783538460731506,0.5117262601852417,-0.026771558448672295,0.67630934715271,0.5536454319953918,-0.015808412805199623,0.6873719096183777,0.5041301250457764,-0.0005698417080566287,0.6906176805496216,0.4520200490951538,-0.009483525529503822,0.6929231286048889,0.4199427366256714,-0.007926000282168388,0.6938184499740601,0.3894308805465698,-0.0012875939719378948
0.6641425490379333,0.6484622359275818,-1.808233065503373e-07,0.6318562030792236,0.6220017671585083,-0.018193261697888374,0.6181824803352356,0.5638145804405212,-0.02742457203567028,0.6291128993034363,0.5092042684555054,-0.037131939083337784,0.6510505676269531,0.4790703058242798,-0.04363901540637016,0.6117826700210571,0.5043869018554688,-0.0012149664107710123,0.6201682686805725,0.4615439176559448,-0.024096712470054626,0.6320170760154724,0.48265087604522705,-0.03769463300704956,0.642758309841156,0.5072108507156372,-0.04036921635270119,0.6391470432281494,0.5001676678657532,0.0012238072231411934,0.6521844267845154,0.46135497093200684,-0.027573995292186737,0.6572284698486328,0.5110287666320801,-0.03864599019289017,0.6596725583076477,0.5513023138046265,-0.03567802160978317,0.6648669242858887,0.4995242953300476,-0.0001862835488282144,0.6763783097267151,0.461961030960083,-0.02579345740377903,0.6752837300300598,0.5099742412567139,-0.02675033174455166,0.6730454564094543,0.5503577589988708,-0.016175679862499237,0.686923623085022,0.5040929317474365,-0.0028883940540254116,0.690129816532135,0.45202362537384033,-0.011774656362831593,0.6918434500694275,0.4203149080276489,-0.009980369359254837,0.6927539110183716,0.38929328322410583,-0.003453038167208433
0.6653589606285095,0.6495321393013,-1.7774807758996758e-07,0.6328705549240112,0.6215600967407227,-0.018748842179775238,0.6191830635070801,0.5643043518066406,-0.028364939615130424,0.6288394927978516,0.5100676417350769,-0.03840706869959831,0.6494106650352478,0.4792201817035675,-0.04507099464535713,0.6114428639411926,0.5048835277557373,-0.0003425181203056127,0.6209675073623657,0.4631499648094177,-0.023480098694562912,0.6334529519081116,0.48604726791381836,-0.037717606872320175,0.6440637111663818,0.5119864344596863,-0.04079004004597664,0.6388081908226013,0.5004282593727112,0.002542034024372697,0.6519379615783691,0.4602896571159363,-0.02590705081820488,0.6580178141593933,0.5091032981872559,-0.03754105791449547,0.6609325408935547,0.5491156578063965,-0.03512440249323845,0.6647909283638,0.4993090033531189,0.0015051773516461253,0.6758968830108643,0.46034327149391174,-0.02382791042327881,0.6753435134887695,0.508716344833374,-0.024861866608262062,0.6737127900123596,0.549993097782135,-0.014316502958536148,0.6871384382247925,0.5042685866355896,-0.0009037156123667955,0.689950168132782,0.4529072344303131,-0.009586017578840256,0.691622793674469,0.42102473974227905,-0.007895172573626041,0.6924445629119873,0.38988006114959717,-0.0014118553372099996
0.6644013524055481,0.6489608883857727,-1.3151732503047242e-07,0.6319262385368347,0.6221960783004761,-0.018170377239584923,0.6182360053062439,0.5631582140922546,-0.027008675038814545,0.6279269456863403,0.5082454085350037,-0.03632692992687225,0.6488882303237915,0.47687283158302307,-0.042927127331495285,0.6132156848907471,0.5073352456092834,-0.0007898758631199598,0.6196552515029907,0.46099984645843506,-0.02250448800623417,0.6300939321517944,0.47231537103652954,-0.036022577434778214,0.6408466696739197,0.493135005235672,-0.03913019597530365,0.6400121450424194,0.5027026534080505,0.0018683193484321237,0.6518576741218567,0.46121925115585327,-0.02679651416838169,0.6570019721984863,0.5069488286972046,-0.038927268236875534,0.6604635119438171,0.5480319857597351,-0.036944564431905746,0.6654245257377625,0.5015588998794556,0.0008974228985607624,0.6753183603286743,0.46021008491516113,-0.02448423206806183,0.6742587089538574,0.5057108402252197,-0.026355942711234093,0.6730412840843201,0.5470178723335266,-0.016679177060723305,0.6870667934417725,0.5057024955749512,-0.0013881234917789698,0.6908696293830872,0.4535212814807892,-0.010864323005080223,0.6921321153640747,0.42063671350479126,-0.010202683508396149,0.692599892616272,0.38925743103027344,-0.004679084289819002
0.6650648713111877,0.650837779045105,-1.4722640173658874e-07,0.6320396065711975,0.6233696937561035,-0.018062492832541466,0.618395984172821,0.565467357635498,-0.02697068452835083,0.6271688938140869,0.5104570984840393,-0.03652438148856163,0.6479752659797668,0.47854146361351013,-0.04316120222210884,0.6135464310646057,0.5092190504074097,0.0007624895079061389,0.6191091537475586,0.463388055562973,-0.02074381709098816,0.6317880749702454,0.47951027750968933,-0.034461721777915955,0.6437461376190186,0.5028222799301147,-0.03768707811832428,0.6398845314979553,0.5038082003593445,0.00320613500662148,0.6507136821746826,0.46149173378944397,-0.024452408775687218,0.6575725674629211,0.5064600110054016,-0.0371236577630043,0.6619561910629272,0.546177089214325,-0.03577958419919014,0.6649374961853027,0.5016326308250427,0.0019139284268021584,0.6748501658439636,0.46050745248794556,-0.02276240475475788,0.674809455871582,0.5046340227127075,-0.025438373908400536,0.6739543080329895,0.5448906421661377,-0.01653922162950039,0.6864892840385437,0.5044999122619629,-0.0006783382268622518,0.6887354850769043,0.4524276852607727,-0.009283262304961681,0.6901711821556091,0.4201010763645172,-0.008456789888441563,0.6907663345336914,0.3897239565849304,-0.0030123344622552395
0.6638108491897583,0.6491236090660095,-8.443715415751285e-08,0.6301634311676025,0.6225504875183105,-0.017229266464710236,0.6168972849845886,0.5622240900993347,-0.02496662735939026,0.6274329423904419,0.5058016180992126,-0.03339437022805214,0.6488962173461914,0.4732544422149658,-0.039468225091695786,0.6120894551277161,0.5102581977844238,0.0014649457298219204,0.614116907119751,0.46113765239715576,-0.01837756484746933,0.6251746416091919,0.4613051414489746,-0.030962159857153893,0.6375907063484192,0.4735889136791229,-0.033968329429626465,0.6391934156417847,0.5042617321014404,0.003684675320982933,0.648838460445404,0.46087774634361267,-0.024912677705287933,0.6541280746459961,0.5036616325378418,-0.03734404221177101,0.6585120558738708,0.5437068343162537,-0.03533270210027695,0.664438784122467,0.5021849870681763,0.0024545518681406975,0.6738924980163574,0.4611964523792267,-0.023105798289179802,0.6718815565109253,0.5065034031867981,-0.025141984224319458,0.6705661416053772,0.5476717352867126,-0.015353169292211533,0.6863104104995728,0.5051335692405701,-4.7782432375242934e-05,0.6900067925453186,0.45368489623069763,-0.009511876851320267,0.690809428691864,0.42038968205451965,-0.008728760294616222,0.6914901733398438,0.3893568515777588,-0.0030982093885540962
0.666286289691925,0.6488029956817627,-1.2852399322582642e-07,0.6332590579986572,0.6214103698730469,-0.017992081120610237,0.6188048124313354,0.5648019909858704,-0.027146734297275543,0.6273598670959473,0.5101850628852844,-0.03688082471489906,0.647551953792572,0.4770139455795288,-0.04378394037485123,0.6106511950492859,0.5077297687530518,-8.836948836687952e-05,0.615540623664856,0.46110254526138306,-0.021295946091413498,0.6295346021652222,0.4729287624359131,-0.03517656400799751,0.6437161564826965,0.49342453479766846,-0.03891809657216072,0.6373212337493896,0.5014227628707886,0.0024929761420935392,0.6496994495391846,0.4600207507610321,-0.025133656337857246,0.6581408381462097,0.5058303475379944,-0.03745003789663315,0.6634464859962463,0.5460240244865417,-0.03615500032901764,0.662945568561554,0.4988211989402771,0.0015255033504217863,0.6752411723136902,0.45796626806259155,-0.02300805039703846,0.6755911707878113,0.5054786801338196,-0.02420191839337349,0.6743428111076355,0.5476786494255066,-0.014455133117735386,0.685228168964386,0.5024189949035645,-0.000856878119520843,0.688285768032074,0.4520980417728424,-0.00989998783916235,0.6901801228523254,0.42022839188575745,-0.008608894422650337,0.6914597749710083,0.3895185589790344,-0.0027393007185310125
0.6657904982566833,0.6470896005630493,-1.0209490852730596e-07,0.6325187683105469,0.6201924681663513,-0.01655023917555809,0.6176902055740356,0.5647290945053101,-0.024883689358830452,0.6262967586517334,0.5107558965682983,-0.0341658778488636,0.6459353566169739,0.47752493619918823,-0.040990278124809265,0.6105088591575623,0.5095311403274536,0.0006149763939902186,0.6153585910797119,0.46078217029571533,-0.019854437559843063,0.6287263035774231,0.46604958176612854,-0.032892853021621704,0.6426490545272827,0.48121291399002075,-0.036372847855091095,0.6376275420188904,0.5033761262893677,0.0022994023747742176,0.6498848795890808,0.46029335260391235,-0.026081841439008713,0.6570812463760376,0.5047017931938171,-0.0384637713432312,0.6616441011428833,0.5447617769241333,-0.037077177315950394,0.6631183624267578,0.5005573630332947,0.0005703087081201375,0.6740334033966064,0.45983678102493286,-0.024959413334727287,0.6735919713973999,0.5047597885131836,-0.027183089405298233,0.6724636554718018,0.5452862977981567,-0.01793941855430603,0.6849918961524963,0.5033031105995178,-0.0023931111209094524,0.6892458200454712,0.4522537589073181,-0.012621005065739155,0.6910195350646973,0.4200367033481598,-0.01249157078564167,0.692055881023407,0.38965320587158203,-0.007385740987956524
0.6656362414360046,0.6477504372596741,-1.4468430720171455e-07,0.6321509480476379,0.6189199686050415,-0.01561642810702324,0.6183074712753296,0.5635417103767395,-0.023769881576299667,0.6276117563247681,0.5103117227554321,-0.033290356397628784,0.6465784907341003,0.477640300989151,-0.04004605859518051,0.6111130118370056,0.5075369477272034,0.0032607968896627426,0.6183525919914246,0.46092620491981506,-0.01792904920876026,0.6320961713790894,0.4742251932621002,-0.03175774961709976,0.644586980342865,0.49547451734542847,-0.035344697535037994,0.6384800672531128,0.5021390914916992,0.0045133610256016254,0.6503340601921082,0.46075594425201416,-0.023191941902041435,0.657697319984436,0.5066380500793457,-0.03571239858865738,0.6618525981903076,0.5467649102210999,-0.03450458124279976,0.6641741991043091,0.4996112883090973,0.0021257929038256407,0.6747137308120728,0.459511935710907,-0.022709844633936882,0.6749838590621948,0.5047867894172668,-0.024789098650217056,0.6741788387298584,0.5454257130622864,-0.015481698326766491,0.6863023638725281,0.5025748610496521,-0.001484225387685001,0.6903501152992249,0.4517016112804413,-0.010882554575800896,0.6920774579048157,0.4200698137283325,-0.010329943150281906,0.6926823258399963,0.38999176025390625,-0.004893575794994831
0.6654065847396851,0.647934079170227,-1.0309704379096729e-07,0.6310985684394836,0.6216339468955994,-0.016851408407092094,0.6165921688079834,0.5638985633850098,-0.024395214393734932,0.6258542537689209,0.508489191532135,-0.032928820699453354,0.646821916103363,0.4764517545700073,-0.039027776569128036,0.6117528080940247,0.510282039642334,0.002441531978547573,0.6152971386909485,0.4616589844226837,-0.017582984641194344,0.6280910968780518,0.46620243787765503,-0.030404943972826004,0.6415659785270691,0.4808428883552551,-0.03361296281218529,0.6389243006706238,0.5038967132568359,0.004472141154110432,0.6497039198875427,0.46123045682907104,-0.023886926472187042,0.6567060947418213,0.5053817629814148,-0.03661061450839043,0.6611367464065552,0.544979989528656,-0.03509339317679405,0.6643022298812866,0.501018226146698,0.0029885293915867805,0.6743231415748596,0.4603734314441681,-0.022737931460142136,0.6742730736732483,0.5063167810440063,-0.02517063543200493,0.6735826730728149,0.5474402904510498,-0.015671508386731148,0.6862944960594177,0.5032340288162231,0.0002503019059076905,0.6905011534690857,0.4523550868034363,-0.00951981358230114,0.6919278502464294,0.420239120721817,-0.009141574613749981,0.6925088763237,0.389841765165329,-0.0037431076634675264
0.6638554334640503,0.6464845538139343,-1.4529987879541295e-07,0.6314583420753479,0.6180846095085144,-0.01740279421210289,0.6184848546981812,0.5628169178962708,-0.0262368842959404,0.6270153522491455,0.5091262459754944,-0.03597007691860199,0.6467381715774536,0.47647958993911743,-0.042786359786987305,0.6129472255706787,0.5066697597503662,0.0019197775982320309,0.6204462051391602,0.46025219559669495,-0.019793471321463585,0.6333704590797424,0.4760194420814514,-0.03378288447856903,0.64488685131073,0.4988347589969635,-0.03714251518249512,0.6397411227226257,0.5017960071563721,0.004170351196080446,0.6515886783599854,0.45949819684028625,-0.02403952367603779,0.6575231552124023,0.505387008190155,-0.03703683614730835,0.6609393358230591,0.5457630157470703,-0.03580779954791069,0.6647402048110962,0.49944019317626953,0.0027011819183826447,0.6753670573234558,0.459624320268631,-0.022531384602189064,0.6746954321861267,0.5050137042999268,-0.025320032611489296,0.6733353734016418,0.5459545850753784,-0.01619330234825611,0.6862775683403015,0.5022093057632446,-1.6006437363103032e-05,0.6897372007369995,0.45104458928108215,-0.008923622779548168,0.6915720701217651,0.4190567433834076,-0.008211379870772362,0.6924149394035339,0.38918423652648926,-0.0026482620742172003
0.6657348871231079,0.6495975852012634,-1.8083512998146034e-07,0.633166491985321,0.6217610239982605,-0.019889062270522118,0.618781566619873,0.5656057596206665,-0.030254289507865906,0.6273801326751709,0.5112133622169495,-0.04087784141302109,0.647854745388031,0.4779943823814392,-0.04767985641956329,0.6119140982627869,0.5038304328918457,-0.0006067325593903661,0.621309220790863,0.4614991843700409,-0.024238403886556625,0.6344076991081238,0.48887428641319275,-0.03888494148850441,0.6443023681640625,0.5176903605461121,-0.0420282706618309,0.6389837861061096,0.49998944997787476,0.002881056861951947,0.6512717604637146,0.45924699306488037,-0.025229275226593018,0.6584936380386353,0.5068490505218506,-0.03744032233953476,0.6618196964263916,0.5455732941627502,-0.035694804042577744,0.6647278070449829,0.49865877628326416,0.0022667415905743837,0.6765393614768982,0.45950770378112793,-0.022555680945515633,0.6762676239013672,0.5075429081916809,-0.0238534826785326,0.6743294596672058,0.5489158034324646,-0.01373703870922327,0.687187671661377,0.5028926730155945,0.00013679362018592656,0.6891052722930908,0.4512161612510681,-0.00798326451331377,0.690668523311615,0.41879841685295105,-0.006322936620563269,0.6914820671081543,0.3883184790611267,2.0740782929351553e-05
0.6649788022041321,0.6473268270492554,-1.0275532247305819e-07,0.6319804191589355,0.6193305253982544,-0.017280297353863716,0.618060290813446,0.5636731386184692,-0.025968097150325775,0.6269469261169434,0.5097183585166931,-0.03556016832590103,0.6462319493293762,0.4762304127216339,-0.042785461992025375,0.6129891872406006,0.5079007148742676,0.0010075311874970794,0.6165949106216431,0.46046510338783264,-0.01997951604425907,0.6278982162475586,0.46430477499961853,-0.03355051204562187,0.6405634880065918,0.4793037474155426,-0.03723732754588127,0.6393961906433105,0.5019710063934326,0.0028929042164236307,0.6506102681159973,0.46007969975471497,-0.026025639846920967,0.6565639972686768,0.5054725408554077,-0.03868638724088669,0.6606363654136658,0.5459278225898743,-0.03723728284239769,0.6645054817199707,0.4994853138923645,0.0012040414148941636,0.6752979755401611,0.4581136703491211,-0.02475469559431076,0.6745277047157288,0.5036664009094238,-0.026739561930298805,0.673503577709198,0.5446341633796692,-0.017105571925640106,0.6860664486885071,0.5025084614753723,-0.0018072697566822171,0.6901671290397644,0.4507750868797302,-0.011870503425598145,0.692011833190918,0.41863924264907837,-0.011212827637791634,0.6933626532554626,0.38860374689102173,-0.005658574402332306
0.6649933457374573,0.6495906710624695,-2.1180593989811314e-07,0.6318691968917847,0.6195467710494995,-0.016356421634554863,0.618670642375946,0.5621584057807922,-0.024510517716407776,0.6288316249847412,0.5075955390930176,-0.033798698335886,0.6500859260559082,0.47517311573028564,-0.03971811383962631,0.6147883534431458,0.5049623847007751,0.004910419229418039,0.6236485242843628,0.46247535943984985,-0.01706480234861374,0.635792076587677,0.4885677993297577,-0.03115697018802166,0.6452592015266418,0.5175914764404297,-0.03422113507986069,0.6413356065750122,0.500979483127594,0.006886634510010481,0.6533657312393188,0.4601908326148987,-0.02033855766057968,0.6592972278594971,0.5086323618888855,-0.03268495574593544,0.6621809601783752,0.5496446490287781,-0.031046627089381218,0.6664144992828369,0.4992845356464386,0.004898946266621351,0.6769786477088928,0.4593334197998047,-0.01918128691613674,0.6761274933815002,0.5059399604797363,-0.021199120208621025,0.6746349930763245,0.5475989580154419,-0.011736403219401836,0.6881973743438721,0.5030041337013245,0.001639026333577931,0.69110107421875,0.45177656412124634,-0.0062012034468352795,0.6928213238716125,0.4192750155925751,-0.005054170731455088,0.6938315629959106,0.38888484239578247,0.0007498392951674759
0.663677453994751,0.6500568389892578,-1.830552491810522e-07,0.6310713291168213,0.6208446621894836,-0.016182074323296547,0.6182880401611328,0.5609701871871948,-0.02415788173675537,0.6286098957061768,0.5057494640350342,-0.033193424344062805,0.6493324041366577,0.47189438343048096,-0.03930602967739105,0.6162794828414917,0.5069157481193542,0.0023952615447342396,0.6217545866966248,0.4615376591682434,-0.01899612881243229,0.6318351626396179,0.47950977087020874,-0.03231537342071533,0.6414056420326233,0.5037205815315247,-0.035272058099508286,0.6426483392715454,0.5030652284622192,0.003967734519392252,0.6534514427185059,0.46122562885284424,-0.023759542033076286,0.6574512124061584,0.5087417364120483,-0.035537030547857285,0.6596088409423828,0.5497313141822815,-0.03355873376131058,0.6678312420845032,0.5021093487739563,0.0018480601720511913,0.6774005889892578,0.4586927890777588,-0.022636840119957924,0.6754646301269531,0.5056732892990112,-0.02363014593720436,0.6737999320030212,0.5478801727294922,-0.013586926274001598,0.6893472671508789,0.5062990784645081,-0.0015642479993402958,0.6933538317680359,0.45391231775283813,-0.01047557219862938,0.6948057413101196,0.42063426971435547,-0.009478689171373844,0.6959579586982727,0.38917118310928345,-0.0038126399740576744
0.6654890179634094,0.650342583656311,-1.4511785195736593e-07,0.6313266158103943,0.6232807040214539,-0.018407946452498436,0.6175144910812378,0.5616893768310547,-0.02593783475458622,0.6267713308334351,0.5040279030799866,-0.03421855345368385,0.6478953957557678,0.4682855010032654,-0.03961096331477165,0.6159546971321106,0.5118398666381836,0.0030469398479908705,0.617959201335907,0.463134229183197,-0.01784786395728588,0.6297874450683594,0.47282546758651733,-0.030787291005253792,0.6419866681098938,0.491690456867218,-0.03348604589700699,0.6424341797828674,0.5066782832145691,0.0059562502428889275,0.6522768139839172,0.46471214294433594,-0.022925227880477905,0.6561272740364075,0.5108471512794495,-0.03556017205119133,0.6584096550941467,0.5510384440422058,-0.03351428732275963,0.6673901081085205,0.5043743252754211,0.004927929025143385,0.6759475469589233,0.46178138256073,-0.02128833718597889,0.6734598875045776,0.5090670585632324,-0.023352261632680893,0.6717841625213623,0.5511878132820129,-0.013242626562714577,0.6890992522239685,0.5061680674552917,0.0024945437908172607,0.6927838325500488,0.4535755515098572,-0.007288615219295025,0.6937123537063599,0.42017635703086853,-0.006889978889375925,0.6943849921226501,0.3885013461112976,-0.0013242940185591578
0.6653468608856201,0.6494457125663757,-1.7673296781595127e-07,0.6327992677688599,0.6213572025299072,-0.018837684765458107,0.6178245544433594,0.5618727803230286,-0.027187341824173927,0.6252213716506958,0.504508912563324,-0.03605233505368233,0.6461774706840515,0.46879416704177856,-0.041589222848415375,0.616605818271637,0.5081796646118164,0.0023604950401932,0.6214257478713989,0.46204203367233276,-0.019007250666618347,0.6336771845817566,0.48119020462036133,-0.032083675265312195,0.6448080539703369,0.5061311721801758,-0.034563206136226654,0.6425999999046326,0.5033577680587769,0.0058580003678798676,0.6532992720603943,0.46245038509368896,-0.02145516127347946,0.6580237746238708,0.5094473361968994,-0.033281825482845306,0.6606405377388,0.5495683550834656,-0.03124721720814705,0.6673961281776428,0.5013044476509094,0.005329325329512358,0.6774491667747498,0.4595547020435333,-0.019325915724039078,0.6757997870445251,0.5062103867530823,-0.021024974063038826,0.6740816831588745,0.5481950640678406,-0.011209568940103054,0.6891031861305237,0.5039393901824951,0.003404895542189479,0.6917503476142883,0.45156335830688477,-0.005074010230600834,0.6931616067886353,0.4187024235725403,-0.004068882670253515,0.6946722269058228,0.38834044337272644,0.0017455810448154807
0.6658744812011719,0.6488080620765686,-1.7717785283366538e-07,0.6328678131103516,0.6214783787727356,-0.017261045053601265,0.6182567477226257,0.5606256723403931,-0.02464900352060795,0.6264628767967224,0.5035815834999084,-0.03292926028370857,0.6467070579528809,0.4683351516723633,-0.03814324736595154,0.6155605316162109,0.5099852085113525,0.002662617713212967,0.618587076663971,0.4628371000289917,-0.018132351338863373,0.6321364045143127,0.4784855842590332,-0.030636560171842575,0.6453080177307129,0.5001496076583862,-0.0330914668738842,0.642010509967804,0.5043211579322815,0.0050940667279064655,0.652306079864502,0.46352919936180115,-0.022445326671004295,0.6584747433662415,0.511032223701477,-0.03370968997478485,0.6619748473167419,0.5507484674453735,-0.03141051530838013,0.6672183275222778,0.5019782185554504,0.0036328695714473724,0.6767874956130981,0.4590984582901001,-0.021338682621717453,0.676338255405426,0.5061265826225281,-0.02238127775490284,0.675231397151947,0.5477721095085144,-0.01226108893752098,0.6889925003051758,0.5042457580566406,0.0008345000678673387,0.6925426125526428,0.4520114064216614,-0.008246827870607376,0.6939365267753601,0.4192521870136261,-0.007335072383284569,0.6950384974479675,0.3881949782371521,-0.0017205452313646674
0.6651413440704346,0.6487030386924744,-1.855009656992479e-07,0.631447970867157,0.6209596991539001,-0.01722392439842224,0.6164147853851318,0.5573814511299133,-0.023878559470176697,0.6251110434532166,0.49817174673080444,-0.031308479607105255,0.6481726169586182,0.4644407033920288,-0.035811714828014374,0.6164921522140503,0.5113108158111572,0.004365681670606136,0.6182470321655273,0.4637039005756378,-0.015823611989617348,0.6307419538497925,0.47859129309654236,-0.028175659477710724,0.6429569721221924,0.5003406405448914,-0.030396906659007072,0.6426060199737549,0.5060451030731201,0.007283759769052267,0.6521713137626648,0.4647420644760132,-0.019319947808980942,0.6576622128486633,0.5114976763725281,-0.030494701117277145,0.6607847809791565,0.5511767864227295,-0.028175245970487595,0.667266845703125,0.503587007522583,0.006221896503120661,0.6761232614517212,0.45892247557640076,-0.017869869247078896,0.6751076579093933,0.5043092966079712,-0.01933378353714943,0.6739840507507324,0.5461516976356506,-0.009630609303712845,0.6889675855636597,0.5052112340927124,0.0038237962871789932,0.6912828683853149,0.4522531032562256,-0.004126251209527254,0.6923352479934692,0.4187592566013336,-0.003152416320517659,0.6935056447982788,0.3881937265396118,0.0022767730988562107
0.6644982695579529,0.6500157713890076,-2.296690126968315e-07,0.6328057646751404,0.6217056512832642,-0.02038615569472313,0.6168200969696045,0.5598024725914001,-0.02923733927309513,0.6228011846542358,0.5005464553833008,-0.038596995174884796,0.6462108492851257,0.4646042585372925,-0.04393967613577843,0.6167142391204834,0.5078309178352356,0.0035698781721293926,0.6207861304283142,0.46296805143356323,-0.019524266943335533,0.6333828568458557,0.4925230145454407,-0.032875217497348785,0.6435476541519165,0.5228165984153748,-0.03474820405244827,0.6426019072532654,0.5031745433807373,0.007793261669576168,0.6529609560966492,0.4611859917640686,-0.020310699939727783,0.6589230298995972,0.512304425239563,-0.031256504356861115,0.6608664393424988,0.5533220171928406,-0.028051456436514854,0.6671602725982666,0.5013286471366882,0.007356479298323393,0.6764943599700928,0.4569108486175537,-0.01776457391679287,0.676028847694397,0.5060775279998779,-0.018642742186784744,0.6745210886001587,0.5494450926780701,-0.007895597256720066,0.689024806022644,0.5038177967071533,0.005333603825420141,0.6909869313240051,0.45098406076431274,-0.0022700487170368433,0.6923338770866394,0.41846829652786255,-0.0007866760133765638,0.6933051347732544,0.3886255919933319,0.0053712474182248116
0.6645044684410095,0.6478121876716614,-2.127892315684221e-07,0.6305810213088989,0.6193667650222778,-0.018795564770698547,0.6140024662017822,0.5579125881195068,-0.02701561711728573,0.6210784316062927,0.4983820617198944,-0.036037515848875046,0.6470697522163391,0.465557724237442,-0.041392404586076736,0.6148772239685059,0.5071536898612976,0.004991001449525356,0.6184316873550415,0.46226954460144043,-0.01797582022845745,0.6309999823570251,0.48872050642967224,-0.03154945373535156,0.641315758228302,0.5174923539161682,-0.03352707624435425,0.6407579779624939,0.5028274059295654,0.008389967493712902,0.6503381729125977,0.46127045154571533,-0.019647736102342606,0.6556749939918518,0.5104895830154419,-0.030702190473675728,0.657015323638916,0.5504917502403259,-0.027477050200104713,0.6651445031166077,0.5009491443634033,0.007241866551339626,0.6734741926193237,0.4586126208305359,-0.01798449270427227,0.6726819276809692,0.5065636038780212,-0.019212519749999046,0.6710216403007507,0.548554539680481,-0.008479665033519268,0.6871052980422974,0.5031492710113525,0.004680171143263578,0.689624011516571,0.45062899589538574,-0.0025617179926484823,0.6907902956008911,0.41807717084884644,-0.0006494667613878846,0.6908665299415588,0.3877474069595337,0.005838712677359581
0.6620949506759644,0.6470163464546204,-1.995379506070094e-07,0.6278881430625916,0.616381049156189,-0.01695668324828148,0.612123429775238,0.5549419522285461,-0.02486354112625122,0.6191955804824829,0.4968907833099365,-0.03387667238712311,0.6460850238800049,0.46387234330177307,-0.03950619697570801,0.6152408123016357,0.5057662129402161,0.006399164907634258,0.6181854009628296,0.4605052173137665,-0.015895098447799683,0.6289639472961426,0.48289114236831665,-0.028891852125525475,0.6389403939247131,0.5088595747947693,-0.030386481434106827,0.6406389474868774,0.5027593374252319,0.009056733921170235,0.6511216163635254,0.4601021707057953,-0.019322188571095467,0.6549694538116455,0.5088798403739929,-0.030564798042178154,0.6560866832733154,0.5503292083740234,-0.02684125117957592,0.6645467877388,0.5014855265617371,0.007460195571184158,0.6721599102020264,0.4614647328853607,-0.017728155478835106,0.6709277629852295,0.5089677572250366,-0.019451314583420753,0.6699573397636414,0.5506967306137085,-0.008607658557593822,0.6861321926116943,0.5037872791290283,0.004692066926509142,0.6891432404518127,0.4507964253425598,-0.0019858558662235737,0.6908273696899414,0.4182429611682892,0.0001009576881187968,0.6918144226074219,0.3887917101383209,0.006901246961206198
0.6620569229125977,0.6464328765869141,-2.2165873758694943e-07,0.6274356842041016,0.6161277294158936,-0.01638682186603546,0.6122744679450989,0.5547202825546265,-0.023505669087171555,0.6205824017524719,0.49624279141426086,-0.03174557164311409,0.6467501521110535,0.46416711807250977,-0.03636195510625839,0.6142826080322266,0.5052075386047363,0.0074157919734716415,0.6173945665359497,0.4599108397960663,-0.014493290334939957,0.629115641117096,0.48546451330184937,-0.02721291035413742,0.6392324566841125,0.5130460858345032,-0.028495678678154945,0.6401190757751465,0.5022571086883545,0.010033974424004555,0.6500162482261658,0.4593855142593384,-0.01743907295167446,0.6541658639907837,0.5084400773048401,-0.028408322483301163,0.6549288034439087,0.5490387082099915,-0.02479572407901287,0.6643182039260864,0.5010328888893127,0.008416569791734219,0.6717701554298401,0.4607800543308258,-0.01612113043665886,0.6701135635375977,0.5091827511787415,-0.01733432337641716,0.6685641407966614,0.5511471033096313,-0.006349834147840738,0.6862856149673462,0.5034245848655701,0.005624270066618919,0.6889663934707642,0.4505815804004669,-0.000760252180043608,0.6903794407844543,0.41767260432243347,0.001531591871753335,0.6912654638290405,0.38795211911201477,0.008432229980826378
0.6621559262275696,0.6457740068435669,-2.5142023218904797e-07,0.6285257935523987,0.6166110634803772,-0.016989298164844513,0.6130673885345459,0.5555639863014221,-0.02456195279955864,0.6211784482002258,0.4979216456413269,-0.03306570649147034,0.6452067494392395,0.46551159024238586,-0.03781919181346893,0.6143329739570618,0.5035197138786316,0.00491148279979825,0.6193954348564148,0.4598289728164673,-0.017573248594999313,0.630950927734375,0.488959401845932,-0.030365915969014168,0.6405836939811707,0.5183453559875488,-0.03172815218567848,0.640286386013031,0.5008804798126221,0.007779554929584265,0.6506178379058838,0.4592902660369873,-0.01980132795870304,0.6553497314453125,0.5103839039802551,-0.030233241617679596,0.656715452671051,0.5516968965530396,-0.026524990797042847,0.6649530529975891,0.4996950924396515,0.006462711840867996,0.6729529500007629,0.45843878388404846,-0.018121711909770966,0.6721013188362122,0.5080949068069458,-0.018539126962423325,0.6706472039222717,0.550978422164917,-0.007236379664391279,0.6870862245559692,0.5024394392967224,0.003916230518370867,0.6888517737388611,0.4495832026004791,-0.0028800589498132467,0.6896955966949463,0.41739511489868164,-0.0004687847977038473,0.6899051666259766,0.3880586326122284,0.006481910590082407
0.662851870059967,0.6464836597442627,-2.1704039454562007e-07,0.6289260983467102,0.6174622178077698,-0.01817145384848118,0.612942099571228,0.5549041628837585,-0.025629505515098572,0.620532214641571,0.4957166612148285,-0.03380880504846573,0.6458393335342407,0.46334969997406006,-0.03833002224564552,0.61363685131073,0.5050218105316162,0.005613342393189669,0.6165220141410828,0.46000945568084717,-0.016185415908694267,0.6292650103569031,0.4841071367263794,-0.028707506135106087,0.6409241557121277,0.5102900862693787,-0.02999904938042164,0.6397632956504822,0.5016499757766724,0.009312638081610203,0.6496241092681885,0.4603123068809509,-0.018239429220557213,0.6545284390449524,0.5107191205024719,-0.02885488234460354,0.6561367511749268,0.5513982772827148,-0.02503531239926815,0.6643718481063843,0.5005358457565308,0.008685137145221233,0.6722164750099182,0.4591067135334015,-0.016229379922151566,0.6711624264717102,0.5085252523422241,-0.017214098945260048,0.6699011921882629,0.5512219071388245,-0.006013736594468355,0.6866137981414795,0.5032742023468018,0.006756913382560015,0.6889169216156006,0.4503946006298065,-0.00019403811893425882,0.6894077658653259,0.4178635776042938,0.0017582139698788524,0.6894243955612183,0.38777732849121094,0.00848463550209999
0.6618987917900085,0.6462430953979492,-2.5005121528920426e-07,0.6285184621810913,0.6167787313461304,-0.01891862042248249,0.6129180788993835,0.554753303527832,-0.02716386318206787,0.6206606030464172,0.4959826171398163,-0.036094024777412415,0.6455081701278687,0.4635821580886841,-0.04098116606473923,0.6134523153305054,0.5022649765014648,0.004804727155715227,0.6191283464431763,0.45944899320602417,-0.018413007259368896,0.6306431293487549,0.4912540316581726,-0.03153776749968529,0.6397023797035217,0.5219573378562927,-0.03292098268866539,0.6395760774612427,0.49962684512138367,0.008559837937355042,0.6496351361274719,0.4595700204372406,-0.019537655636668205,0.6551705002784729,0.5112323760986328,-0.03012848272919655,0.6571844220161438,0.5515235662460327,-0.026356644928455353,0.6642935276031494,0.49863138794898987,0.0077654169872403145,0.6723021864891052,0.45763981342315674,-0.017223214730620384,0.6718516945838928,0.5070141553878784,-0.017800629138946533,0.6705105900764465,0.5490304827690125,-0.006489895284175873,0.6861063241958618,0.5016822814941406,0.005549894645810127,0.6879684925079346,0.4492639899253845,-0.0014360025525093079,0.6890279650688171,0.41747868061065674,0.0007097898633219302,0.6893499493598938,0.38758885860443115,0.007578739896416664
0.6611336469650269,0.6464870572090149,-2.2216327977275796e-07,0.6272842884063721,0.6186383962631226,-0.01829594187438488,0.6123723387718201,0.5551249980926514,-0.025666773319244385,0.6205573081970215,0.4958113431930542,-0.033792708069086075,0.6455793380737305,0.46355295181274414,-0.038424957543611526,0.6142573952674866,0.5071560144424438,0.004834585357457399,0.6168504357337952,0.4606955647468567,-0.016882359981536865,0.6285949945449829,0.4846181571483612,-0.02945219725370407,0.6394427418708801,0.5114171504974365,-0.030909961089491844,0.6400827169418335,0.503329873085022,0.008458925411105156,0.6490886807441711,0.46093323826789856,-0.018897686153650284,0.6537333726882935,0.5105408430099487,-0.029661888256669044,0.6558457612991333,0.5509499311447144,-0.026215679943561554,0.6642995476722717,0.501582145690918,0.007797757629305124,0.6718050837516785,0.4581955075263977,-0.016852494329214096,0.6704567670822144,0.5071722865104675,-0.017794813960790634,0.6693742275238037,0.5500906705856323,-0.006866617128252983,0.6860623359680176,0.5035191178321838,0.005765567999333143,0.6878949999809265,0.4500616192817688,-0.001296838279813528,0.6885678768157959,0.41727131605148315,0.0005171490483917296,0.6892614960670471,0.38698437809944153,0.006956114899367094
0.6626377105712891,0.6485411524772644,-2.452153466947493e-07,0.6279794573783875,0.6203285455703735,-0.018181506544351578,0.6114068031311035,0.5564883947372437,-0.02584673836827278,0.6196348071098328,0.49690166115760803,-0.034427445381879807,0.6460191607475281,0.46407416462898254,-0.03922645002603531,0.6135739684104919,0.5074228644371033,0.005670327693223953,0.6166720986366272,0.4612412750720978,-0.017023034393787384,0.628570556640625,0.4886245131492615,-0.030040914192795753,0.6387074589729309,0.5169287919998169,-0.03168531134724617,0.6398319602012634,0.5038858652114868,0.008874326944351196,0.6488344073295593,0.4611411988735199,-0.01925009861588478,0.6533817052841187,0.5126927495002747,-0.0299235712736845,0.6544725298881531,0.5534983277320862,-0.026339957490563393,0.6644914150238037,0.5024916529655457,0.0075294566340744495,0.6716764569282532,0.4573777914047241,-0.017650680616497993,0.6708184480667114,0.5066424608230591,-0.018250122666358948,0.6697768568992615,0.5497082471847534,-0.0070693716406822205,0.6871033310890198,0.5046575665473938,0.004741704557090998,0.6889194846153259,0.4506387412548065,-0.0027017544489353895,0.6897610425949097,0.41755568981170654,-0.0011356788454577327,0.6903452277183533,0.38696691393852234,0.005105831194669008
0.661787748336792,0.64792400598526,-1.8672716350920382e-07,0.6263248920440674,0.6200112104415894,-0.015972323715686798,0.6111351847648621,0.5551803112030029,-0.022337760776281357,0.6209964752197266,0.496124804019928,-0.029990019276738167,0.6467809677124023,0.4638826251029968,-0.034912753850221634,0.6141331195831299,0.5084903240203857,0.007269745692610741,0.6158173680305481,0.46141257882118225,-0.01280437596142292,0.625535249710083,0.4751769006252289,-0.02552015148103237,0.6357994079589844,0.4973997473716736,-0.027869263663887978,0.6403198838233948,0.5042216181755066,0.009356376715004444,0.6497453451156616,0.4617975354194641,-0.017831405624747276,0.6527986526489258,0.5091731548309326,-0.029667537659406662,0.6543905735015869,0.5506518483161926,-0.0271487794816494,0.6648057103157043,0.5027421712875366,0.007490731310099363,0.6726254820823669,0.4590446352958679,-0.016911465674638748,0.6699753999710083,0.5066930651664734,-0.018416842445731163,0.6684197187423706,0.5497820973396301,-0.008153274655342102,0.6868868470191956,0.5049958825111389,0.004363104235380888,0.689852774143219,0.45168745517730713,-0.0031609302386641502,0.6907702088356018,0.4186957776546478,-0.0015986558282747865,0.6916893720626831,0.3882664740085602,0.0044707064516842365
0.6626359820365906,0.6478570699691772,-2.4122229547174356e-07,0.6276042461395264,0.6198347806930542,-0.016007285565137863,0.6121199131011963,0.5567745566368103,-0.02267141453921795,0.6220782995223999,0.4980170726776123,-0.030620334669947624,0.6465114951133728,0.46506214141845703,-0.035059358924627304,0.6140532493591309,0.506875216960907,0.007004081271588802,0.6170459389686584,0.4617157280445099,-0.013996711932122707,0.6281619668006897,0.4879256784915924,-0.026579488068819046,0.6380259394645691,0.516604483127594,-0.028523193672299385,0.6400861144065857,0.5031396746635437,0.009206149727106094,0.6485100984573364,0.46213507652282715,-0.01690053381025791,0.6528886556625366,0.5112640261650085,-0.02745283767580986,0.6550453305244446,0.5509981513023376,-0.02466530352830887,0.6648736596107483,0.5018711686134338,0.007215917110443115,0.6723898649215698,0.45824939012527466,-0.016135431826114655,0.6704837679862976,0.5069236755371094,-0.016162684187293053,0.6689761281013489,0.5496292114257812,-0.0054615335538983345,0.6875470876693726,0.5044630169868469,0.003846979234367609,0.6899627447128296,0.4518758952617645,-0.0031787087209522724,0.6909039616584778,0.41959887742996216,-0.0011734793661162257,0.6917891502380371,0.38917285203933716,0.005054826382547617
0.6626899838447571,0.6480733156204224,-2.1816867956658825e-07,0.6281231045722961,0.6203727722167969,-0.017894215881824493,0.6122205257415771,0.5570401549339294,-0.025356164202094078,0.6212478876113892,0.4977361559867859,-0.033757105469703674,0.6469666957855225,0.4651167094707489,-0.038765013217926025,0.6141796112060547,0.5087018609046936,0.005170692224055529,0.616942286491394,0.46196943521499634,-0.01659395918250084,0.6283813714981079,0.4848385751247406,-0.02960771881043911,0.6392941474914551,0.5120341777801514,-0.03177221491932869,0.6401157379150391,0.5044284462928772,0.008249405771493912,0.6494824886322021,0.46269747614860535,-0.019219350069761276,0.6537829637527466,0.5124555826187134,-0.030086752027273178,0.656120240688324,0.5527933835983276,-0.027088453993201256,0.6647558808326721,0.5030322670936584,0.006983786355704069,0.672863781452179,0.45874032378196716,-0.01771758310496807,0.6711450815200806,0.5072489976882935,-0.018406663089990616,0.6701500415802002,0.549835741519928,-0.007689101155847311,0.6872107982635498,0.505594789981842,0.004255652893334627,0.6904427409172058,0.452604740858078,-0.0038099163211882114,0.6912984848022461,0.4199222922325134,-0.002581894863396883,0.692158579826355,0.38906627893447876,0.0033218818716704845
0.6634209752082825,0.6485418081283569,-1.9488439306769578e-07,0.6283494830131531,0.6213799715042114,-0.01865621656179428,0.611918568611145,0.5585938096046448,-0.02619701623916626,0.6207712292671204,0.49881669878959656,-0.03439159691333771,0.646866500377655,0.46525973081588745,-0.039364203810691833,0.6137129664421082,0.5098276734352112,0.004906799178570509,0.6159840226173401,0.46339181065559387,-0.01645158976316452,0.6280409693717957,0.4825964570045471,-0.0296202190220356,0.6396199464797974,0.5081427693367004,-0.031996726989746094,0.6400817632675171,0.5050014853477478,0.008626053109765053,0.6496467590332031,0.46349677443504333,-0.0186166912317276,0.6541231274604797,0.5122221112251282,-0.029958046972751617,0.6562324166297913,0.5530596971511841,-0.027283232659101486,0.664829671382904,0.5031922459602356,0.008025464601814747,0.6729490160942078,0.4610224664211273,-0.016780037432909012,0.6713191270828247,0.5086393356323242,-0.018328368663787842,0.6702399849891663,0.5509224534034729,-0.008100724779069424,0.6873942613601685,0.5051299333572388,0.005994562990963459,0.6903703808784485,0.45246392488479614,-0.002024001209065318,0.6915023326873779,0.4199666380882263,-0.000951112830080092,0.692306637763977,0.3895108103752136,0.004856619518250227
0.6623861193656921,0.6493838429450989,-2.054656249583786e-07,0.6289957761764526,0.6213929057121277,-0.01942412368953228,0.6132071614265442,0.5596681833267212,-0.027770064771175385,0.6210501790046692,0.5009625554084778,-0.036607105284929276,0.645203173160553,0.46628743410110474,-0.042072828859090805,0.6134922504425049,0.5089773535728455,0.0029983874410390854,0.6176989674568176,0.46301034092903137,-0.019328249618411064,0.6290270090103149,0.48464417457580566,-0.032618943601846695,0.6394220590591431,0.5106568932533264,-0.03484119102358818,0.6401669383049011,0.5050308108329773,0.006870420183986425,0.6505516171455383,0.4630304276943207,-0.021130597218871117,0.654862105846405,0.5132214426994324,-0.03230518847703934,0.656531035900116,0.554028332233429,-0.029328374192118645,0.6653382182121277,0.5040878653526306,0.0064040739089250565,0.6736932992935181,0.4616404175758362,-0.018999328836798668,0.6724995970726013,0.5094209313392639,-0.020278949290513992,0.6712502837181091,0.5510869026184082,-0.009705065749585629,0.687941312789917,0.5070342421531677,0.004514479078352451,0.6907026767730713,0.4534628093242645,-0.003842849750071764,0.6916623711585999,0.4209938049316406,-0.002567143877968192,0.6919513940811157,0.3906928300857544,0.003542317310348153
0.6632286906242371,0.651479959487915,-1.2516497349679412e-07,0.6301572322845459,0.6262593865394592,-0.017106221988797188,0.614454448223114,0.5635833740234375,-0.023596443235874176,0.6231233477592468,0.5048107504844666,-0.030762895941734314,0.6471842527389526,0.47101446986198425,-0.03571194410324097,0.6155745983123779,0.5156694054603577,0.0034824463073164225,0.6169559359550476,0.46668851375579834,-0.014804189093410969,0.6267709732055664,0.4652760326862335,-0.02624814584851265,0.6381670832633972,0.4785204231739044,-0.028628459200263023,0.6414511799812317,0.5099745988845825,0.006574682425707579,0.6527767777442932,0.46823376417160034,-0.020896170288324356,0.6566829085350037,0.5142004489898682,-0.03237025812268257,0.6583435535430908,0.5572076439857483,-0.029890939593315125,0.665722668170929,0.5071538686752319,0.0060717263258993626,0.6766910552978516,0.4646724462509155,-0.019690684974193573,0.6746306419372559,0.5103399157524109,-0.02198484167456627,0.6729626059532166,0.5530474185943604,-0.01230966579169035,0.6873466372489929,0.5083999633789062,0.0044396985322237015,0.6931289434432983,0.45753344893455505,-0.005400342866778374,0.6971815824508667,0.42704707384109497,-0.005189789459109306,0.7013854384422302,0.39987826347351074,0.00010729081986937672
0.6632732152938843,0.6515145897865295,-1.433321585864178e-07,0.631565511226654,0.6268977522850037,-0.018604407086968422,0.6151996850967407,0.5635921955108643,-0.025627756491303444,0.62331622838974,0.5043472647666931,-0.03273364156484604,0.6473131775856018,0.47192731499671936,-0.037331387400627136,0.6163944602012634,0.5135732889175415,-0.0010438173776492476,0.6185681819915771,0.4646846652030945,-0.019443806260824203,0.6286710500717163,0.4704191982746124,-0.02998257614672184,0.6396713256835938,0.4886617064476013,-0.03200346976518631,0.6423080563545227,0.5091354250907898,0.002911993069574237,0.6547202467918396,0.4684753715991974,-0.023711273446679115,0.6599400639533997,0.5172041058540344,-0.03327922895550728,0.6621627807617188,0.5599426627159119,-0.030277302488684654,0.6668257713317871,0.5085600018501282,0.003168567083775997,0.6787009835243225,0.4673425257205963,-0.022592803463339806,0.6774890422821045,0.5128181576728821,-0.024323318153619766,0.6760172843933105,0.5542848706245422,-0.014863579533994198,0.6886839270591736,0.5121081471443176,0.0022324547171592712,0.697896420955658,0.461593359708786,-0.009550741873681545,0.7049769163131714,0.4304395318031311,-0.010877485387027264,0.7116689682006836,0.40142005681991577,-0.00677912961691618
0.6625899076461792,0.6545039415359497,-1.5226351024466567e-07,0.6311907172203064,0.6248537302017212,-0.015337896533310413,0.6176134347915649,0.5653178691864014,-0.021742092445492744,0.6268067955970764,0.5091301798820496,-0.029322169721126556,0.6488021016120911,0.4746052026748657,-0.034308649599552155,0.6179445385932922,0.5135405659675598,0.004354159347712994,0.6222224235534668,0.4679473638534546,-0.013942633755505085,0.6322555541992188,0.4789949655532837,-0.025483330711722374,0.6419953107833862,0.5005278587341309,-0.02834874950349331,0.6444721221923828,0.5092765092849731,0.006213904824107885,0.6560131907463074,0.47190773487091064,-0.01917223073542118,0.659850537776947,0.5187147259712219,-0.0300331749022007,0.6613431572914124,0.5597294569015503,-0.028870612382888794,0.6698508858680725,0.5086650252342224,0.0043337782844901085,0.6815054416656494,0.4690028429031372,-0.020708702504634857,0.6783425807952881,0.5135906338691711,-0.023279644548892975,0.6753619313240051,0.5545607805252075,-0.015076207928359509,0.691679835319519,0.513074517250061,0.0013869416434317827,0.7049511671066284,0.46388673782348633,-0.010926970280706882,0.7141616940498352,0.4327066242694855,-0.013045299798250198,0.7220590710639954,0.4034367501735687,-0.009707714430987835
0.6605751514434814,0.6543282270431519,-8.322813016548025e-08,0.6288151741027832,0.624943196773529,-0.013625849038362503,0.6159427165985107,0.56364506483078,-0.01889175735414028,0.6268324255943298,0.5077565312385559,-0.0255667082965374,0.6494598388671875,0.47647836804389954,-0.030201803892850876,0.6187014579772949,0.51219242811203,0.0049348315224051476,0.621374249458313,0.4670301675796509,-0.01245296560227871,0.6313061714172363,0.46634310483932495,-0.023093856871128082,0.6424338221549988,0.48088961839675903,-0.02563674934208393,0.645933985710144,0.5087852478027344,0.005692736711353064,0.6560882925987244,0.4714583158493042,-0.020562412217259407,0.658840537071228,0.5155410766601562,-0.031122658401727676,0.6601020693778992,0.5563333034515381,-0.029218651354312897,0.672184944152832,0.5099550485610962,0.002998463809490204,0.6820173859596252,0.4717610776424408,-0.023301005363464355,0.6769800782203674,0.5166115164756775,-0.02543417178094387,0.6728616952896118,0.5577686429023743,-0.016479870304465294,0.6947980523109436,0.516107439994812,-0.00056270050117746,0.7109315991401672,0.46840816736221313,-0.01401642244309187,0.7209895849227905,0.4365333318710327,-0.016195811331272125,0.7292826175689697,0.4056382179260254,-0.012719814665615559
0.6601680517196655,0.6548219323158264,-8.070382051528213e-08,0.6281179189682007,0.6228458285331726,-0.014602171257138252,0.6156564950942993,0.5603464841842651,-0.01995900832116604,0.6276748180389404,0.5032060146331787,-0.026805758476257324,0.6548371315002441,0.47685107588768005,-0.03127489611506462,0.6194522976875305,0.5112795233726501,0.007969390600919724,0.6234484314918518,0.46462205052375793,-0.009953822009265423,0.6330544948577881,0.47119030356407166,-0.02139974944293499,0.642542839050293,0.49117952585220337,-0.024193549528717995,0.6462951898574829,0.5089793801307678,0.009391959756612778,0.657315194606781,0.4693180322647095,-0.016743414103984833,0.6592198014259338,0.5120304822921753,-0.028486663475632668,0.6601473689079285,0.5511704683303833,-0.02714286930859089,0.672263503074646,0.5108662843704224,0.006972731091082096,0.6830942630767822,0.47324150800704956,-0.018726609647274017,0.6768389940261841,0.5184573531150818,-0.02175842970609665,0.6718991994857788,0.5596722960472107,-0.013159976340830326,0.6949388384819031,0.5176523923873901,0.0034624885302037,0.7109878063201904,0.4719970226287842,-0.009174926206469536,0.7226673364639282,0.44157135486602783,-0.011785810813307762,0.7329668998718262,0.41206783056259155,-0.008522051386535168
0.6615606546401978,0.6540865898132324,-1.1526325494060075e-07,0.6294615864753723,0.6216340065002441,-0.016050750389695168,0.6162674427032471,0.5614867210388184,-0.022651968523859978,0.626761257648468,0.5051770806312561,-0.030429571866989136,0.6530812978744507,0.4768136143684387,-0.03538201376795769,0.619015097618103,0.5078938603401184,0.00550281023606658,0.6255142092704773,0.4627949893474579,-0.013910667970776558,0.6341226100921631,0.47797244787216187,-0.02607465162873268,0.6420394778251648,0.5022171139717102,-0.02917281724512577,0.646392822265625,0.5055756568908691,0.007386771496385336,0.6586339473724365,0.4685027599334717,-0.019000306725502014,0.6600064039230347,0.5143113732337952,-0.030674250796437263,0.6609174609184265,0.5533044338226318,-0.029740918427705765,0.6729051470756531,0.5077643990516663,0.005196923855692148,0.6844790577888489,0.4727461040019989,-0.021098069846630096,0.6776027679443359,0.5183209776878357,-0.0244569331407547,0.6725090146064758,0.5585402250289917,-0.016348790377378464,0.6959574818611145,0.5153899192810059,0.0018742108950391412,0.713067352771759,0.4690663814544678,-0.01124203484505415,0.7256112098693848,0.4385037124156952,-0.014170456677675247,0.736758291721344,0.40882840752601624,-0.011281057260930538
0.6616867184638977,0.6573243141174316,-1.250209038516914e-07,0.631244957447052,0.6220667362213135,-0.019264891743659973,0.619900107383728,0.561350405216217,-0.026779647916555405,0.6295703649520874,0.5035234689712524,-0.03481170907616615,0.6547183990478516,0.47202426195144653,-0.03912777826189995,0.6190578937530518,0.5083004236221313,0.006745410617440939,0.6275849342346191,0.464759886264801,-0.013923415914177895,0.636618971824646,0.488461434841156,-0.02699054777622223,0.6435918211936951,0.5166366100311279,-0.030126040801405907,0.6468401551246643,0.5063236951828003,0.010662795044481754,0.6588916182518005,0.4679572284221649,-0.01622408628463745,0.6611796021461487,0.5136653184890747,-0.02881910651922226,0.6620599627494812,0.5519735813140869,-0.028112661093473434,0.6735091209411621,0.5088005065917969,0.009936312213540077,0.6845064759254456,0.4729498326778412,-0.016468511894345284,0.6785380840301514,0.5180760025978088,-0.02021694742143154,0.6735579371452332,0.5581353306770325,-0.011998545378446579,0.6964735984802246,0.5169957876205444,0.00781987514346838,0.7130303382873535,0.4706214666366577,-0.0046323793940246105,0.7254882454872131,0.4399002492427826,-0.007559433113783598,0.7357767820358276,0.4098622798919678,-0.004433055408298969
0.6622172594070435,0.6603474020957947,-6.824541287642205e-08,0.6308335065841675,0.6257724761962891,-0.01842212677001953,0.6187511682510376,0.5650842785835266,-0.02493683621287346,0.6270608305931091,0.5075793862342834,-0.032217223197221756,0.6501989364624023,0.47615846991539,-0.03655903413891792,0.6171908974647522,0.5107090473175049,0.007472745608538389,0.6254094243049622,0.46555668115615845,-0.010973459109663963,0.6351432204246521,0.47696393728256226,-0.023189183324575424,0.6440132260322571,0.49748215079307556,-0.026768650859594345,0.6458861231803894,0.507872998714447,0.010707509703934193,0.6582065224647522,0.4687073230743408,-0.016032632440328598,0.6608970761299133,0.5123381614685059,-0.029318450018763542,0.6625075936317444,0.5499398112297058,-0.029260408133268356,0.673290491104126,0.5097478032112122,0.009670892730355263,0.6855105757713318,0.4716154634952545,-0.0170124564319849,0.6788588166236877,0.5141655206680298,-0.021938636898994446,0.6729982495307922,0.5530137419700623,-0.014657106250524521,0.6966620683670044,0.5175520777702332,0.0073297591879963875,0.7135288119316101,0.47083523869514465,-0.006557919085025787,0.725976288318634,0.4404855966567993,-0.010466222651302814,0.736441969871521,0.4106869697570801,-0.007938696071505547
0.6590936779975891,0.6588291525840759,-5.685137693944853e-08,0.6277581453323364,0.6242330074310303,-0.017532197758555412,0.6175007820129395,0.5631814002990723,-0.024070609360933304,0.6284244060516357,0.5055511593818665,-0.03165999427437782,0.6504948139190674,0.47286683320999146,-0.03651074692606926,0.6175851225852966,0.510563850402832,0.008041798137128353,0.6224703192710876,0.46350914239883423,-0.010614508762955666,0.6334920525550842,0.47226327657699585,-0.023401563987135887,0.6442579030990601,0.4925887882709503,-0.027171457186341286,0.6450780034065247,0.507845401763916,0.010820917785167694,0.6574568748474121,0.4672638773918152,-0.015722360461950302,0.6613911390304565,0.5086027383804321,-0.029379870742559433,0.6641165018081665,0.5453879237174988,-0.029594702646136284,0.6714259386062622,0.5094467401504517,0.00946571584790945,0.6852828860282898,0.4680054187774658,-0.01638338714838028,0.6793577075004578,0.5105316638946533,-0.02029479295015335,0.6741344928741455,0.5506590008735657,-0.01242330577224493,0.693543016910553,0.5169530510902405,0.006723014172166586,0.7097014784812927,0.47011837363243103,-0.0062758587300777435,0.7209227681159973,0.43928083777427673,-0.009090187959372997,0.7305752038955688,0.40900370478630066,-0.005758483428508043
0.6601765155792236,0.6577432155609131,-8.55068904570544e-08,0.6288152933120728,0.6226725578308105,-0.017925506457686424,0.618068516254425,0.5633886456489563,-0.0250529982149601,0.628378689289093,0.5065714716911316,-0.03314521536231041,0.6499199271202087,0.4714622497558594,-0.038188256323337555,0.6154980659484863,0.5085970163345337,0.007635415531694889,0.6238040328025818,0.4645131230354309,-0.012255409732460976,0.6331235766410828,0.4788675904273987,-0.02562081441283226,0.6416460871696472,0.5026400089263916,-0.029308980330824852,0.6440685391426086,0.5051357746124268,0.010640178807079792,0.6558117270469666,0.4656221270561218,-0.016316886991262436,0.6596675515174866,0.508222758769989,-0.03019968792796135,0.6628851890563965,0.546517014503479,-0.030355922877788544,0.6713320016860962,0.5062389373779297,0.009386757388710976,0.683696985244751,0.46947768330574036,-0.017351113259792328,0.6779067516326904,0.514333188533783,-0.021640093997120857,0.6730979681015015,0.5550698637962341,-0.013541238382458687,0.6942340731620789,0.5129937529563904,0.006899347063153982,0.7091175317764282,0.46630972623825073,-0.005802519153803587,0.7204203009605408,0.43630561232566833,-0.008083432912826538,0.7301252484321594,0.40730613470077515,-0.004277110565453768
0.6591876149177551,0.6558003425598145,-9.545718171466433e-08,0.6269584894180298,0.6219920516014099,-0.01704862341284752,0.6165830492973328,0.5611960291862488,-0.023532189428806305,0.6281007528305054,0.5041086673736572,-0.031109804287552834,0.6516399383544922,0.4725203514099121,-0.035739053040742874,0.6142258048057556,0.5080666542053223,0.007867393083870411,0.6217048764228821,0.4642080068588257,-0.011381746269762516,0.6313804984092712,0.478092759847641,-0.024106048047542572,0.6397750973701477,0.5013967752456665,-0.027393344789743423,0.6426401138305664,0.5049317479133606,0.010493000969290733,0.6543141007423401,0.46551552414894104,-0.016100455075502396,0.6579226851463318,0.5080548524856567,-0.02942546270787716,0.660283088684082,0.5464703440666199,-0.029088381677865982,0.6697853207588196,0.5057758092880249,0.008998934179544449,0.6821901202201843,0.469496488571167,-0.017465248703956604,0.676804780960083,0.5140866637229919,-0.02178001217544079,0.672257125377655,0.5547234416007996,-0.013651631772518158,0.6931523680686951,0.5118942856788635,0.006339980289340019,0.7075369358062744,0.4651298224925995,-0.006164953112602234,0.7188509702682495,0.4353560507297516,-0.008436290547251701,0.7285964488983154,0.40684282779693604,-0.004590258933603764
0.6583126783370972,0.6556235551834106,-6.48122622237679e-08,0.6259024739265442,0.6206440329551697,-0.015800002962350845,0.6159818768501282,0.5587635040283203,-0.021878613159060478,0.6290791630744934,0.5022199749946594,-0.029256418347358704,0.6551942825317383,0.47123393416404724,-0.03404597193002701,0.6156902313232422,0.5089693665504456,0.008941350504755974,0.6213721036911011,0.4642525315284729,-0.00932350754737854,0.6308690905570984,0.47182098031044006,-0.021624499931931496,0.6403826475143433,0.4908406138420105,-0.024849794805049896,0.6430799961090088,0.5062941312789917,0.010881065391004086,0.6547943353652954,0.4652835726737976,-0.015315474942326546,0.6572350859642029,0.5057498216629028,-0.028445687144994736,0.6591743230819702,0.5434610843658447,-0.027883512899279594,0.6691818237304688,0.5075552463531494,0.008869869634509087,0.6811793446540833,0.4714840352535248,-0.01710549369454384,0.674871027469635,0.5163965821266174,-0.021001217886805534,0.6703003644943237,0.557040274143219,-0.012560897506773472,0.6918587684631348,0.5137332081794739,0.005752514116466045,0.7065639495849609,0.46649113297462463,-0.005932447034865618,0.7178074717521667,0.43572771549224854,-0.00753577658906579,0.7276086211204529,0.40657246112823486,-0.003372304607182741
0.6583523154258728,0.6548383235931396,-7.794434253582949e-08,0.6264196634292603,0.6214163899421692,-0.01609494909644127,0.615576446056366,0.5609951615333557,-0.022561728954315186,0.6268928647041321,0.5049483180046082,-0.030168678611516953,0.6512984037399292,0.472521036863327,-0.035280197858810425,0.6154465079307556,0.5088951587677002,0.0067366729490458965,0.6210243701934814,0.4648750424385071,-0.011198519729077816,0.630672812461853,0.4712221026420593,-0.022918689996004105,0.6404702067375183,0.4884234070777893,-0.02600022964179516,0.6432210803031921,0.5053820610046387,0.008798149414360523,0.6546214818954468,0.4674568474292755,-0.017178619280457497,0.6574488878250122,0.5104320645332336,-0.029462123289704323,0.6594350934028625,0.5490766763687134,-0.02860136330127716,0.66970294713974,0.5061127543449402,0.007045735605061054,0.6814294457435608,0.4705125391483307,-0.018991364166140556,0.6755677461624146,0.5160973072052002,-0.02235524356365204,0.6709219813346863,0.5568588376045227,-0.013800844550132751,0.6926270723342896,0.511830747127533,0.0042447918094694614,0.7069357633590698,0.4645167589187622,-0.007709503173828125,0.7176302671432495,0.4343196153640747,-0.00915540847927332,0.7267262935638428,0.4052659273147583,-0.004988329019397497
0.6574346423149109,0.6545907258987427,-8.452965971628146e-08,0.626158595085144,0.6202470064163208,-0.015883147716522217,0.6160988807678223,0.5596288442611694,-0.02219320461153984,0.628017246723175,0.5037928819656372,-0.02972232550382614,0.6526528000831604,0.47216781973838806,-0.03461691737174988,0.615084707736969,0.5095522403717041,0.007658058777451515,0.6204611659049988,0.46418309211730957,-0.010657379403710365,0.6307628154754639,0.47074049711227417,-0.022455556318163872,0.6405625939369202,0.4891379177570343,-0.02523775026202202,0.6430047154426575,0.5063774585723877,0.009719569236040115,0.654417872428894,0.46750718355178833,-0.016245530918240547,0.6568764448165894,0.5113272070884705,-0.028036441653966904,0.6577330827713013,0.5504472851753235,-0.026594482362270355,0.6694536805152893,0.5073826313018799,0.00782508309930563,0.6805456280708313,0.47032397985458374,-0.01817312091588974,0.6754627227783203,0.5152881145477295,-0.021188274025917053,0.671328067779541,0.5558739304542542,-0.012194929644465446,0.6922483444213867,0.5130642652511597,0.004870752803981304,0.7062348127365112,0.4653358459472656,-0.00646753516048193,0.7161079049110413,0.4355572760105133,-0.007468787953257561,0.7243548631668091,0.4072806239128113,-0.002957218326628208
0.6581096649169922,0.6550087928771973,-1.0362070668179513e-07,0.6266524195671082,0.6209897994995117,-0.016512466594576836,0.6162735819816589,0.5603092312812805,-0.02320009469985962,0.628289520740509,0.5042121410369873,-0.03099212981760502,0.6529634594917297,0.4726506471633911,-0.035888735204935074,0.615296483039856,0.5092036128044128,0.0070866006426513195,0.6212143301963806,0.4638342559337616,-0.011854664422571659,0.6315638422966003,0.4752011299133301,-0.024014070630073547,0.6410351991653442,0.4969567358493805,-0.026868458837270737,0.6432085633277893,0.5061429738998413,0.009470860473811626,0.6547081470489502,0.46742674708366394,-0.01622237265110016,0.6573955416679382,0.511817455291748,-0.027847079560160637,0.6585195660591125,0.5507902503013611,-0.026499813422560692,0.669705331325531,0.5072793364524841,0.007757943123579025,0.6811631917953491,0.4696308970451355,-0.017752697691321373,0.6763327717781067,0.5146822333335876,-0.02049475722014904,0.6723175644874573,0.5553082823753357,-0.01156865805387497,0.6924432516098022,0.5132536888122559,0.004877676256000996,0.7062093019485474,0.46566838026046753,-0.006116695236414671,0.7160497307777405,0.4359595775604248,-0.007059421855956316,0.7243134379386902,0.4074157178401947,-0.0026406808756291866
0.6571541428565979,0.6566368341445923,-9.427675706774608e-08,0.6263987421989441,0.6228604912757874,-0.01484200730919838,0.61590975522995,0.5624966621398926,-0.020765339955687523,0.6273282170295715,0.5067314505577087,-0.028176721185445786,0.6512740850448608,0.4751078188419342,-0.032884154468774796,0.6165437698364258,0.5116400122642517,0.008403188548982143,0.62171870470047,0.46484601497650146,-0.009853530675172806,0.6314972639083862,0.4758797883987427,-0.022056812420487404,0.6406253576278687,0.49729636311531067,-0.025376860052347183,0.6434220671653748,0.5083731412887573,0.009850958362221718,0.6540502905845642,0.4672434628009796,-0.015207849442958832,0.6566318869590759,0.507659375667572,-0.02764962613582611,0.6582038998603821,0.54410719871521,-0.027473576366901398,0.6695619821548462,0.5093507170677185,0.007481318898499012,0.6808603405952454,0.46961653232574463,-0.017046967521309853,0.6747340559959412,0.5137066841125488,-0.019776204600930214,0.669721782207489,0.5539115071296692,-0.011476234532892704,0.6919847726821899,0.5153418183326721,0.003946480341255665,0.7059881687164307,0.46823570132255554,-0.007426879368722439,0.7155572175979614,0.4373356103897095,-0.008939492516219616,0.7234503626823425,0.40717047452926636,-0.005181219428777695
0.6571108102798462,0.6554228663444519,-6.160735921412197e-08,0.626174807548523,0.6240389347076416,-0.015830937772989273,0.6153000593185425,0.5641480088233948,-0.02192302979528904,0.6257727146148682,0.5085157155990601,-0.02926916442811489,0.6484580636024475,0.47573229670524597,-0.034303102642297745,0.6164407730102539,0.511825442314148,0.006696917116641998,0.6196300983428955,0.4652179777622223,-0.011186987161636353,0.6301149129867554,0.466377317905426,-0.023039963096380234,0.6408725380897522,0.48159921169281006,-0.026315955445170403,0.6431413292884827,0.5078452825546265,0.0086009306833148,0.6528717279434204,0.4684734642505646,-0.01751517876982689,0.6556509137153625,0.5086010098457336,-0.030157266184687614,0.6573665142059326,0.5456268787384033,-0.029741931706666946,0.6690315008163452,0.5084467530250549,0.006819705944508314,0.6805888414382935,0.46997207403182983,-0.01922580599784851,0.6743240356445312,0.5139832496643066,-0.02246347814798355,0.6690507531166077,0.5541031360626221,-0.014091954566538334,0.6914486289024353,0.5140514373779297,0.00391876045614481,0.7055846452713013,0.46764492988586426,-0.008762478828430176,0.7151505947113037,0.4374561309814453,-0.010620285756886005,0.7235166430473328,0.40812748670578003,-0.006784418132156134
0.6576194167137146,0.6547259092330933,-1.211095934650075e-07,0.6263192892074585,0.6229902505874634,-0.015773756429553032,0.6149346232414246,0.563173770904541,-0.021991265937685966,0.6253902912139893,0.5072498917579651,-0.02950861118733883,0.6488329768180847,0.475044846534729,-0.034218911081552505,0.6162458658218384,0.5105906128883362,0.006967551074922085,0.6212745904922485,0.4639349579811096,-0.011974927969276905,0.6305835843086243,0.4764353036880493,-0.024076959118247032,0.6392186880111694,0.5002756714820862,-0.026909159496426582,0.6431400775909424,0.5071112513542175,0.009089117869734764,0.6534591913223267,0.4684569239616394,-0.016372419893741608,0.6558713316917419,0.5123217701911926,-0.028211725875735283,0.6570321917533875,0.5511511564254761,-0.02739398181438446,0.6690628528594971,0.5079610347747803,0.007244430016726255,0.6800912022590637,0.4699656665325165,-0.01792740263044834,0.6742109060287476,0.5152434706687927,-0.020734107121825218,0.669347882270813,0.5561258792877197,-0.012286004610359669,0.691332221031189,0.5137143731117249,0.004238212946802378,0.7052305936813354,0.4664159417152405,-0.007614880800247192,0.715286135673523,0.435949444770813,-0.009430513717234135,0.7240554094314575,0.4066087007522583,-0.005707273259758949
0.6571879982948303,0.6551302075386047,-9.071128914683868e-08,0.6253584027290344,0.6217973232269287,-0.015011652372777462,0.6148456931114197,0.5612223744392395,-0.020938167348504066,0.6268174648284912,0.5054517388343811,-0.02831944264471531,0.6518746614456177,0.4747430086135864,-0.03311074897646904,0.6157859563827515,0.5102759599685669,0.008556412532925606,0.6204303503036499,0.4637669026851654,-0.009483084082603455,0.6304694414138794,0.47248929738998413,-0.021356014534831047,0.6401327252388,0.49265480041503906,-0.02426203526556492,0.6430235505104065,0.5072656869888306,0.010072611272335052,0.6534394025802612,0.467098593711853,-0.015497209504246712,0.6553671360015869,0.5091639757156372,-0.02787448838353157,0.6565197706222534,0.5478991866111755,-0.02711470052599907,0.6688114404678345,0.508470892906189,0.007717913016676903,0.6792672276496887,0.4718272089958191,-0.01750570349395275,0.6726996302604675,0.5166565775871277,-0.020925818011164665,0.6677709221839905,0.5575099587440491,-0.012619281187653542,0.6912088990211487,0.5142313241958618,0.004268776159733534,0.7047376036643982,0.46666592359542847,-0.006930716801434755,0.7146758437156677,0.43580931425094604,-0.008482587523758411,0.7233557105064392,0.40664809942245483,-0.004643425345420837
0.6586492657661438,0.6556888818740845,-8.771510806582228e-08,0.6269477605819702,0.62263423204422,-0.016031935811042786,0.6158120036125183,0.5618373155593872,-0.022183137014508247,0.6268678903579712,0.5054399371147156,-0.0295835193246603,0.6519359946250916,0.4743635058403015,-0.03429145738482475,0.6162819266319275,0.5112826228141785,0.007839968428015709,0.6198884844779968,0.46419352293014526,-0.010164759121835232,0.6301785707473755,0.4729597568511963,-0.021879538893699646,0.6403162479400635,0.49239081144332886,-0.024697527289390564,0.6431586146354675,0.5078505277633667,0.010028742253780365,0.6533699035644531,0.46774959564208984,-0.015583809465169907,0.6556797027587891,0.5094531178474426,-0.027919752523303032,0.6570299863815308,0.5474081039428711,-0.027091355994343758,0.6688420176506042,0.5087276101112366,0.00829352904111147,0.6791629195213318,0.47183114290237427,-0.016967399045825005,0.6730548739433289,0.5168763995170593,-0.02036443166434765,0.6684612035751343,0.5574930906295776,-0.011957247741520405,0.6910290122032166,0.514327347278595,0.005382777191698551,0.7047103047370911,0.46708476543426514,-0.0058908406645059586,0.7143484354019165,0.4361584484577179,-0.007631596177816391,0.7228204011917114,0.4066981077194214,-0.0038507794961333275
0.657161295413971,0.6554487943649292,-8.887411695468472e-08,0.6250183582305908,0.6226353049278259,-0.015558557584881783,0.6142048835754395,0.5598963499069214,-0.02127217687666416,0.6252647638320923,0.5032263994216919,-0.028319036588072777,0.65011066198349,0.4727533459663391,-0.03277001902461052,0.6166512370109558,0.5103957056999207,0.00863783247768879,0.6205096244812012,0.46450939774513245,-0.009618351235985756,0.6300524473190308,0.4731181561946869,-0.02169959247112274,0.6398504972457886,0.4929637014865875,-0.024705536663532257,0.6433876752853394,0.5074151754379272,0.01048903726041317,0.6536033749580383,0.46685945987701416,-0.015731405466794968,0.6552333235740662,0.5085957646369934,-0.02842170000076294,0.6564146280288696,0.5468738675117493,-0.027613604441285133,0.6688776612281799,0.5089571475982666,0.00842162687331438,0.6791709065437317,0.4716699719429016,-0.01735149696469307,0.672343373298645,0.5174398422241211,-0.020556045696139336,0.6673887968063354,0.558819055557251,-0.011851231567561626,0.6910320520401001,0.5150490999221802,0.005220523104071617,0.7046874761581421,0.4674198627471924,-0.006256265565752983,0.7142759561538696,0.43620193004608154,-0.007679441012442112,0.7226394414901733,0.4060514569282532,-0.0036326029803603888
0.6583148241043091,0.6550129055976868,-6.960252108001441e-08,0.6264775395393372,0.6248199939727783,-0.01652628742158413,0.6144973635673523,0.5645653605461121,-0.02286382205784321,0.6248747110366821,0.5082706809043884,-0.030263803899288177,0.648051917552948,0.47482627630233765,-0.035220660269260406,0.6152842044830322,0.5122072100639343,0.005570600274950266,0.6195676326751709,0.4652135372161865,-0.012728428468108177,0.6306747198104858,0.46678683161735535,-0.024503622204065323,0.6421265602111816,0.4820786416530609,-0.027574004605412483,0.6423652768135071,0.507815420627594,0.007758154533803463,0.6534957885742188,0.4680406153202057,-0.0190616212785244,0.6571139097213745,0.5106790065765381,-0.03136824816465378,0.6592868566513062,0.5509845018386841,-0.030355285853147507,0.6682935953140259,0.5079125165939331,0.006159032229334116,0.6798105239868164,0.4697990119457245,-0.020309073850512505,0.6750950217247009,0.5140223503112793,-0.023513201624155045,0.6713110208511353,0.5551334023475647,-0.014841358177363873,0.6907729506492615,0.5128427147865295,0.0034238591324537992,0.7047945857048035,0.4651654362678528,-0.008914460428059101,0.7145840525627136,0.43498724699020386,-0.010522921569645405,0.7230870723724365,0.40690645575523376,-0.006521434523165226
0.6582358479499817,0.6548493504524231,-5.9332837309966635e-08,0.6267765760421753,0.624082088470459,-0.015791967511177063,0.6146976351737976,0.5642562508583069,-0.021921426057815552,0.6240686178207397,0.5081881284713745,-0.02930595725774765,0.6469853520393372,0.47524720430374146,-0.03439589589834213,0.6156545877456665,0.5126593708992004,0.006155878305435181,0.6188052892684937,0.4664941430091858,-0.011795178055763245,0.6296215653419495,0.46762004494667053,-0.023371940478682518,0.6414074897766113,0.4820716083049774,-0.026446018368005753,0.6421773433685303,0.5079302191734314,0.007936532609164715,0.6525357961654663,0.46832966804504395,-0.01854570582509041,0.6563421487808228,0.5095143914222717,-0.030707107856869698,0.6591061949729919,0.5481976866722107,-0.02973550744354725,0.6679474115371704,0.5080673694610596,0.006003496702760458,0.6787394881248474,0.47069624066352844,-0.02038610354065895,0.6740753054618835,0.5157392621040344,-0.02330842800438404,0.6704964637756348,0.5567139387130737,-0.014452625066041946,0.6905562877655029,0.5131447315216064,0.002957041608169675,0.704733669757843,0.46553266048431396,-0.00968674011528492,0.7144569754600525,0.43472540378570557,-0.011408950202167034,0.7228246927261353,0.40543901920318604,-0.007446473930031061
0.6577776074409485,0.6540241837501526,-6.469280577903191e-08,0.6252272129058838,0.6237184405326843,-0.01472392212599516,0.6133971810340881,0.5613752603530884,-0.019886085763573647,0.6238774061203003,0.5043461322784424,-0.02648187428712845,0.6490278840065002,0.47463369369506836,-0.031153792515397072,0.6164294481277466,0.5115041732788086,0.007006544154137373,0.6177768111228943,0.46596184372901917,-0.010630172677338123,0.6291111707687378,0.46472683548927307,-0.022124189883470535,0.6409891247749329,0.47677919268608093,-0.025139067322015762,0.6428123712539673,0.5073722004890442,0.008370690047740936,0.6522597074508667,0.4693355858325958,-0.018529439345002174,0.6544881463050842,0.5118706822395325,-0.030778903514146805,0.6554165482521057,0.5505133271217346,-0.02950061671435833,0.6681127548217773,0.5078007578849792,0.006130484864115715,0.6774000525474548,0.47141018509864807,-0.020465228706598282,0.6716287136077881,0.5159291625022888,-0.023904893547296524,0.6672588586807251,0.5558954477310181,-0.015249205753207207,0.6901178359985352,0.5128546357154846,0.002900905441492796,0.7040183544158936,0.4651327133178711,-0.00958847813308239,0.7136678099632263,0.43446433544158936,-0.011439304798841476,0.7221359610557556,0.4051239490509033,-0.007553835399448872
0.6580697298049927,0.6541990637779236,-8.180607835583942e-08,0.6253807544708252,0.6234593391418457,-0.015248539857566357,0.6130704879760742,0.5616042017936707,-0.02072247490286827,0.6235527396202087,0.5047300457954407,-0.027533138170838356,0.6487136483192444,0.47465407848358154,-0.03222062811255455,0.6159699559211731,0.5111899971961975,0.006727933418005705,0.6189180016517639,0.4655395746231079,-0.010932673700153828,0.6295687556266785,0.4681328237056732,-0.022424830123782158,0.6403138637542725,0.4837438464164734,-0.025325452908873558,0.6427019238471985,0.5075129866600037,0.008492466062307358,0.6523162126541138,0.4692676365375519,-0.017486631870269775,0.6549886465072632,0.5123977661132812,-0.029524918645620346,0.656408965587616,0.5522993206977844,-0.028456352651119232,0.6682780385017395,0.5080525279045105,0.00657740468159318,0.6777250170707703,0.4709717035293579,-0.01938422955572605,0.6721497774124146,0.5159165859222412,-0.022843478247523308,0.6679773926734924,0.557241678237915,-0.014414533972740173,0.6905515193939209,0.5131309628486633,0.0036287670955061913,0.7038814425468445,0.46506908535957336,-0.008629788644611835,0.713504433631897,0.43439188599586487,-0.010596894659101963,0.7220633029937744,0.40556469559669495,-0.006891370750963688
0.6588519811630249,0.6551638841629028,-9.161929881429387e-08,0.6260796189308167,0.623939037322998,-0.016913656145334244,0.6136499047279358,0.5626890659332275,-0.023304041475057602,0.6236173510551453,0.5055515170097351,-0.030746348202228546,0.6485616564750671,0.4732775092124939,-0.0355633869767189,0.6153092384338379,0.5109622478485107,0.006484524346888065,0.6193190217018127,0.4651826024055481,-0.012602010741829872,0.6299791932106018,0.474181592464447,-0.025022223591804504,0.6403965950012207,0.4944254159927368,-0.02812221646308899,0.6422115564346313,0.5075465440750122,0.009010517038404942,0.6525629758834839,0.4687105119228363,-0.0174033772200346,0.6552157998085022,0.5116174221038818,-0.029975278303027153,0.6566258072853088,0.5498993396759033,-0.029251445084810257,0.6678568720817566,0.5085119605064392,0.007495388854295015,0.6780042052268982,0.47199416160583496,-0.01886952668428421,0.6720049381256104,0.5174229741096497,-0.02256632223725319,0.6674556732177734,0.5581611394882202,-0.014169902540743351,0.6901516914367676,0.5141171813011169,0.004794067703187466,0.7032524347305298,0.46591684222221375,-0.007541612256318331,0.7130202054977417,0.43501949310302734,-0.009586022235453129,0.7218238115310669,0.4057680368423462,-0.005827296059578657
0.6569557189941406,0.6564195156097412,-6.851696099374749e-08,0.6245301365852356,0.6242998838424683,-0.015735840424895287,0.6134533882141113,0.5633841753005981,-0.02172509953379631,0.6245988011360168,0.5071938633918762,-0.029041996225714684,0.648642897605896,0.47360169887542725,-0.03396381437778473,0.6156496405601501,0.5122250914573669,0.008098449558019638,0.6194072365760803,0.4659888744354248,-0.009675323963165283,0.6288282871246338,0.4691884517669678,-0.021560976281762123,0.6386931538581848,0.4853828549385071,-0.024792492389678955,0.6424881815910339,0.5084551572799683,0.009905606508255005,0.6529382467269897,0.4680640697479248,-0.01628376916050911,0.6558305621147156,0.5088327527046204,-0.029234450310468674,0.6576527953147888,0.546421229839325,-0.02887711673974991,0.6678998470306396,0.5092719197273254,0.007896778173744678,0.6786863803863525,0.4713864326477051,-0.018251756206154823,0.672756552696228,0.5165713429450989,-0.021712277084589005,0.6681635975837708,0.5573041439056396,-0.01324575487524271,0.6900289058685303,0.5149047374725342,0.004759384319186211,0.7033666372299194,0.46687811613082886,-0.007682740222662687,0.7129995822906494,0.43557009100914,-0.009524179622530937,0.7214482426643372,0.40581613779067993,-0.005648245103657246
0.6579229235649109,0.6535853147506714,-6.688299691859356e-08,0.6258605718612671,0.6229331493377686,-0.01733521744608879,0.6139549612998962,0.5635009407997131,-0.023986468091607094,0.6233848929405212,0.5069499015808105,-0.03178926929831505,0.6474583148956299,0.47414496541023254,-0.03724192455410957,0.6153925061225891,0.5119571685791016,0.006434242706745863,0.618952214717865,0.4655489921569824,-0.012791486456990242,0.6309233903884888,0.468838095664978,-0.025557752698659897,0.6427647471427917,0.4852355122566223,-0.02901672199368477,0.6421276926994324,0.5074515342712402,0.009072164073586464,0.6527637839317322,0.4686104953289032,-0.018292536959052086,0.6562880277633667,0.5114355087280273,-0.03142951428890228,0.6581894159317017,0.5505293607711792,-0.03086075745522976,0.6678314208984375,0.5073550939559937,0.007721104193478823,0.6788361072540283,0.46948307752609253,-0.019518336281180382,0.6734458208084106,0.5150998830795288,-0.02322681061923504,0.6691228151321411,0.5564916729927063,-0.014516620896756649,0.6899458765983582,0.5121753811836243,0.005168474279344082,0.7031896114349365,0.46454668045043945,-0.007714923471212387,0.7126532793045044,0.43403610587120056,-0.009603884071111679,0.7211332321166992,0.4054584503173828,-0.005509278271347284
0.656590461730957,0.6557369828224182,-4.327048230834407e-08,0.6249473094940186,0.6241456270217896,-0.017102420330047607,0.6142376661300659,0.5620788931846619,-0.02309521473944187,0.6244339346885681,0.5049898624420166,-0.030077889561653137,0.649811863899231,0.47308996319770813,-0.03474308177828789,0.6154993176460266,0.5136995315551758,0.007487427443265915,0.6184577941894531,0.4680481553077698,-0.010041113942861557,0.6288924813270569,0.4677833914756775,-0.021731195971369743,0.6401627063751221,0.48128220438957214,-0.024772750213742256,0.6424028873443604,0.5094994902610779,0.01015475019812584,0.6528021693229675,0.46914052963256836,-0.016408110037446022,0.6558147072792053,0.5084559321403503,-0.029640410095453262,0.658056378364563,0.5464447736740112,-0.029068928211927414,0.6678013205528259,0.5099079012870789,0.008942616172134876,0.678382396697998,0.4727700650691986,-0.017520727589726448,0.6720826625823975,0.5165703892707825,-0.0218967255204916,0.6677404642105103,0.5569695830345154,-0.013674203306436539,0.6900709271430969,0.5148017406463623,0.006557875778526068,0.7031109929084778,0.4664260745048523,-0.005578774493187666,0.712253987789154,0.4347049593925476,-0.007783394772559404,0.7206856608390808,0.405617892742157,-0.0040800366550683975
0.6571033000946045,0.654700756072998,-1.086365415403634e-07,0.6243409514427185,0.6233823895454407,-0.016105884686112404,0.6130830645561218,0.5608968138694763,-0.021824318915605545,0.6242620348930359,0.5040512084960938,-0.02887009270489216,0.6505563855171204,0.4746786653995514,-0.033275146037340164,0.6156535744667053,0.5101749897003174,0.008046137169003487,0.6179295778274536,0.4661807715892792,-0.010473902337253094,0.6291074752807617,0.4776462912559509,-0.022521181032061577,0.6399224996566772,0.4980834126472473,-0.025284018367528915,0.6424438953399658,0.5068330764770508,0.010206752456724644,0.6523110270500183,0.468205988407135,-0.01573829911649227,0.6551611423492432,0.5115759372711182,-0.028046835213899612,0.6558534502983093,0.5491355061531067,-0.026866963133215904,0.6681334972381592,0.507704496383667,0.008395078592002392,0.6783177852630615,0.47032397985458374,-0.017378441989421844,0.6726226806640625,0.5168797373771667,-0.020628182217478752,0.6679456830024719,0.5583031177520752,-0.011697270907461643,0.6907223463058472,0.512628972530365,0.005424504168331623,0.7031949758529663,0.4643922746181488,-0.00580308074131608,0.7124212980270386,0.433560311794281,-0.007025494240224361,0.720758855342865,0.4045811891555786,-0.002587910508736968
0.6575570702552795,0.6536762118339539,-1.1384096154642975e-07,0.6254713535308838,0.6209522485733032,-0.0141706932336092,0.6141713857650757,0.5610785484313965,-0.019813137128949165,0.6253573298454285,0.5067239999771118,-0.02718268893659115,0.6489699482917786,0.47640588879585266,-0.032052334398031235,0.6152133941650391,0.5098110437393188,0.008359115570783615,0.6207239627838135,0.4646110236644745,-0.010226189158856869,0.6313993334770203,0.4757090210914612,-0.02254416234791279,0.6411910057067871,0.49788764119148254,-0.025579435750842094,0.642238199710846,0.5065550208091736,0.009320167824625969,0.653598964214325,0.466932475566864,-0.01648496650159359,0.6570631861686707,0.5103256702423096,-0.02895057387650013,0.6587903499603271,0.5497511625289917,-0.02819366566836834,0.6681361198425293,0.5073257088661194,0.006526988931000233,0.679149866104126,0.46932661533355713,-0.018755434080958366,0.6741911172866821,0.5151659250259399,-0.021817797794938087,0.6699318885803223,0.5569940209388733,-0.013128879480063915,0.6904932856559753,0.5126442909240723,0.0027084099128842354,0.7031199336051941,0.4641520380973816,-0.008401298895478249,0.7123556733131409,0.4336839020252228,-0.009318411350250244,0.7203498482704163,0.40538591146469116,-0.004891172982752323
0.6593656539916992,0.6562697291374207,-7.302264748432208e-08,0.6270623207092285,0.624594509601593,-0.016155371442437172,0.6149114966392517,0.5644698739051819,-0.022041063755750656,0.6244506239891052,0.5085867047309875,-0.029147576540708542,0.6479111909866333,0.4756920039653778,-0.03378211334347725,0.6155399680137634,0.5132336020469666,0.007508494425565004,0.61960369348526,0.4665772020816803,-0.010542434640228748,0.6313394904136658,0.4708607792854309,-0.022511238232254982,0.6430975198745728,0.48800191283226013,-0.025507990270853043,0.6425520777702332,0.509097158908844,0.00964856892824173,0.6536597609519958,0.46912699937820435,-0.016839152202010155,0.6567378044128418,0.5106821060180664,-0.029909644275903702,0.6584612131118774,0.5499122738838196,-0.029273325577378273,0.6681455969810486,0.5091851353645325,0.007954568602144718,0.6791723370552063,0.47190219163894653,-0.01828482188284397,0.673848569393158,0.516044020652771,-0.022576523944735527,0.6695874333381653,0.5567259788513184,-0.014406906440854073,0.6902778148651123,0.5139297842979431,0.005178231280297041,0.702762246131897,0.46539539098739624,-0.006658642552793026,0.7118497490882874,0.43446773290634155,-0.008484194055199623,0.7201095819473267,0.40591585636138916,-0.004516984336078167
0.6580090522766113,0.654687762260437,-8.797329087428807e-08,0.625372052192688,0.6241157650947571,-0.014553876593708992,0.6134167313575745,0.5622217655181885,-0.01992466300725937,0.6242103576660156,0.5055938363075256,-0.026871081441640854,0.6483529210090637,0.47416993975639343,-0.03148244321346283,0.6165335178375244,0.5112817883491516,0.008036302402615547,0.6199654340744019,0.4663933217525482,-0.00950930267572403,0.6315287351608276,0.47350600361824036,-0.021229596808552742,0.6433204412460327,0.49125993251800537,-0.024393297731876373,0.6427890062332153,0.5074278116226196,0.009451732970774174,0.6532558798789978,0.468278169631958,-0.01585199497640133,0.6570811867713928,0.5092318654060364,-0.02820785902440548,0.6597417593002319,0.5465226173400879,-0.027729135006666183,0.6683432459831238,0.5077605247497559,0.007222637068480253,0.6793120503425598,0.46930503845214844,-0.017872311174869537,0.674202561378479,0.5146166086196899,-0.02091285027563572,0.6700534224510193,0.5555245876312256,-0.01250982191413641,0.6905633211135864,0.5127871036529541,0.003940093796700239,0.7035886645317078,0.4652722179889679,-0.007733561564236879,0.7121262550354004,0.4353886842727661,-0.009164654649794102,0.7195771932601929,0.4063125550746918,-0.005162349436432123
0.6580685973167419,0.6549115180969238,-1.2674391314249078e-07,0.6251587271690369,0.6236510276794434,-0.015373433008790016,0.6141479015350342,0.5603886246681213,-0.020938783884048462,0.6256936192512512,0.5034743547439575,-0.027925457805395126,0.650026261806488,0.473035603761673,-0.032165225595235825,0.6166351437568665,0.5110939145088196,0.008016698062419891,0.620531439781189,0.46563637256622314,-0.010868538171052933,0.6313267946243286,0.4795473515987396,-0.023067835718393326,0.6416236162185669,0.5032344460487366,-0.025782374665141106,0.6430772542953491,0.507616400718689,0.010012556798756123,0.6534815430641174,0.46744051575660706,-0.015571998432278633,0.6566740274429321,0.511152446269989,-0.02748538926243782,0.6582387685775757,0.5501493215560913,-0.026280131191015244,0.6686028838157654,0.5083997249603271,0.008056815713644028,0.6787002682685852,0.46853214502334595,-0.016803665086627007,0.6739444136619568,0.5143787264823914,-0.019344493746757507,0.6703745126724243,0.5562393069267273,-0.010372214019298553,0.6907185316085815,0.5136617422103882,0.004930934868752956,0.7030346393585205,0.4648714065551758,-0.005820243153721094,0.7115512490272522,0.4340744614601135,-0.006841093301773071,0.7192090153694153,0.40496543049812317,-0.002512028906494379
0.6580974459648132,0.6554457545280457,-1.2068437627021922e-07,0.6253395080566406,0.6234961152076721,-0.014706352725625038,0.6140042543411255,0.5606391429901123,-0.020139969885349274,0.6257871985435486,0.5038907527923584,-0.02701289765536785,0.6505655646324158,0.4735822081565857,-0.03123917430639267,0.6156831383705139,0.511181652545929,0.008408533409237862,0.6206976771354675,0.46610763669013977,-0.009828156791627407,0.6306162476539612,0.47868895530700684,-0.021713456138968468,0.6394005417823792,0.5019344091415405,-0.02431979775428772,0.642219066619873,0.5078919529914856,0.010097634978592396,0.6523252129554749,0.467814177274704,-0.014885927550494671,0.6551774144172668,0.5096368789672852,-0.026929249987006187,0.6565215587615967,0.5482935309410095,-0.02593359909951687,0.6677345633506775,0.5087359547615051,0.007964563556015491,0.6772872805595398,0.4708578586578369,-0.016480419784784317,0.6721570491790771,0.5159940719604492,-0.01947610266506672,0.6681672930717468,0.5573908090591431,-0.010925592854619026,0.6899341940879822,0.5139548778533936,0.004763987381011248,0.7020887732505798,0.46533137559890747,-0.00569785526022315,0.7110245227813721,0.4342440068721771,-0.006772283930331469,0.7188788056373596,0.40493083000183105,-0.0026006128173321486
0.6566564440727234,0.6548187732696533,-1.419735156105162e-07,0.6242303848266602,0.6235870122909546,-0.013803938403725624,0.6128561496734619,0.560794472694397,-0.018885599449276924,0.6242441534996033,0.5039972066879272,-0.025515908375382423,0.6478020548820496,0.4744020402431488,-0.029499294236302376,0.6162269115447998,0.5095599293708801,0.00846579298377037,0.621756374835968,0.4650975465774536,-0.009523213841021061,0.6300767064094543,0.4799782931804657,-0.02098422683775425,0.6372773051261902,0.5050832629203796,-0.023333512246608734,0.6426588892936707,0.5069525837898254,0.009745423682034016,0.6525155305862427,0.4681316614151001,-0.014960572123527527,0.6548590064048767,0.5105960369110107,-0.026668865233659744,0.655716061592102,0.5498291254043579,-0.02559516206383705,0.6681849956512451,0.5084840655326843,0.007333027198910713,0.6775663495063782,0.47167450189590454,-0.01674284227192402,0.672084391117096,0.5170438885688782,-0.019352514296770096,0.6674126386642456,0.558280348777771,-0.01079306285828352,0.6902673840522766,0.5142495036125183,0.003932724706828594,0.70285564661026,0.4659038186073303,-0.006547144614160061,0.7115669250488281,0.4347723722457886,-0.0075338599272072315,0.7188301086425781,0.40478184819221497,-0.0033811696339398623
0.6574551463127136,0.6562648415565491,-1.4455270047619706e-07,0.6251748204231262,0.624013364315033,-0.01605837605893612,0.6125127077102661,0.5632118582725525,-0.022717047482728958,0.6221572756767273,0.5070779919624329,-0.030511386692523956,0.6466952562332153,0.4765087962150574,-0.035235993564128876,0.6134335398674011,0.5094881057739258,0.0068319146521389484,0.6199212670326233,0.46584296226501465,-0.01293093990534544,0.6290172338485718,0.48544174432754517,-0.025684848427772522,0.6360762715339661,0.5111353993415833,-0.028676195070147514,0.6406336426734924,0.5069935917854309,0.00882216077297926,0.6514442563056946,0.4677703082561493,-0.017008421942591667,0.6532866358757019,0.5126269459724426,-0.02932639792561531,0.6530376076698303,0.5505971908569336,-0.02851155586540699,0.6666685938835144,0.5087300539016724,0.006838496774435043,0.6770635843276978,0.4715055823326111,-0.017895840108394623,0.6711957454681396,0.5173344612121582,-0.020710013806819916,0.6654043793678284,0.5579553246498108,-0.012114587239921093,0.6889615654945374,0.5151850581169128,0.003671986283734441,0.7005029916763306,0.46636319160461426,-0.006729913409799337,0.7094725370407104,0.4357220530509949,-0.007485661190003157,0.7167520523071289,0.4067285656929016,-0.00306787621229887
0.6553787589073181,0.6569080948829651,-1.189623617392499e-07,0.6237634420394897,0.6242793202400208,-0.016884364187717438,0.6122883558273315,0.5641894340515137,-0.02381926029920578,0.6214579939842224,0.5080902576446533,-0.03195968642830849,0.6466370820999146,0.47745242714881897,-0.03712184354662895,0.6130510568618774,0.5124886631965637,0.007941583171486855,0.6191922426223755,0.46619901061058044,-0.01246579922735691,0.6275090575218201,0.48321837186813354,-0.025663701817393303,0.633914589881897,0.5099517107009888,-0.028399519622325897,0.6407543420791626,0.5100817680358887,0.010353739373385906,0.651629626750946,0.46831053495407104,-0.01685051992535591,0.6523841023445129,0.5119012594223022,-0.030235104262828827,0.6515643000602722,0.5517970323562622,-0.029342081397771835,0.666789710521698,0.511201024055481,0.008580273017287254,0.6761472821235657,0.4734329581260681,-0.01762204058468342,0.6691458225250244,0.5197330713272095,-0.021636320278048515,0.6634079217910767,0.5615381598472595,-0.013004722073674202,0.6890124082565308,0.5163682103157043,0.005651550367474556,0.7004013061523438,0.46692007780075073,-0.004997507203370333,0.7089342474937439,0.43508225679397583,-0.006073445547372103,0.7159785032272339,0.4054867625236511,-0.0015585980145260692
0.6560442447662354,0.6567748785018921,-1.641328140067344e-07,0.6238630414009094,0.6243398189544678,-0.016649669036269188,0.6112259030342102,0.5641242265701294,-0.0236557237803936,0.6209182143211365,0.507008969783783,-0.031826429069042206,0.6478147506713867,0.47749388217926025,-0.036751244217157364,0.6138065457344055,0.5129292607307434,0.007698207627981901,0.6206598877906799,0.4665015935897827,-0.012509011663496494,0.6292852759361267,0.4891388416290283,-0.025478189811110497,0.635184645652771,0.5187010169029236,-0.028202107176184654,0.6412160396575928,0.5105968713760376,0.010383293963968754,0.651810884475708,0.46939754486083984,-0.015561055392026901,0.6527144312858582,0.5156059265136719,-0.02778570167720318,0.6518986225128174,0.5562038421630859,-0.026625173166394234,0.6672252416610718,0.5113562345504761,0.0088603300973773,0.6771817803382874,0.47115421295166016,-0.015710629522800446,0.6708957552909851,0.5164961814880371,-0.018714943900704384,0.6654366254806519,0.5582501888275146,-0.01007090788334608,0.6894808411598206,0.5163990259170532,0.006109615787863731,0.7007148265838623,0.4672183096408844,-0.003744805231690407,0.7093533277511597,0.4360823631286621,-0.004706087522208691,0.7164899110794067,0.4070577025413513,-0.00039629547973163426
0.6563181281089783,0.6571103930473328,-1.6605318364781851e-07,0.6245260834693909,0.6245743036270142,-0.01690618135035038,0.6118462085723877,0.5658666491508484,-0.024107230827212334,0.6212266683578491,0.5095286965370178,-0.03260455280542374,0.6457195281982422,0.47807857394218445,-0.03767507150769234,0.6124466061592102,0.5126140713691711,0.007394117768853903,0.6197543144226074,0.46759551763534546,-0.013199891895055771,0.6288695931434631,0.49246224761009216,-0.026180529966950417,0.6353671550750732,0.5222839713096619,-0.028980955481529236,0.6400232315063477,0.5093225836753845,0.009824425913393497,0.650811493396759,0.46906745433807373,-0.016409650444984436,0.652854859828949,0.5156770348548889,-0.02845371700823307,0.653084397315979,0.5556787848472595,-0.027282094582915306,0.666400134563446,0.5098093748092651,0.007906372658908367,0.6760152578353882,0.4709621071815491,-0.01724799908697605,0.6706281900405884,0.5172895193099976,-0.019998744130134583,0.6661155819892883,0.5592105388641357,-0.011140294373035431,0.6888142824172974,0.5149912238121033,0.0046924022026360035,0.7002332806587219,0.46608856320381165,-0.005952470935881138,0.7089057564735413,0.43543416261672974,-0.007128516677767038,0.7163909673690796,0.4071422815322876,-0.0028857204597443342
0.6562833189964294,0.6567067503929138,-1.7246071593035595e-07,0.6243022084236145,0.6244382858276367,-0.01672953926026821,0.6116715669631958,0.5656445622444153,-0.02398369088768959,0.6212834119796753,0.5094975233078003,-0.03255314379930496,0.6453866958618164,0.47736597061157227,-0.03770245984196663,0.6125180125236511,0.511996865272522,0.007018860429525375,0.6194405555725098,0.4683709442615509,-0.013989892788231373,0.6287797689437866,0.4940270185470581,-0.027209701016545296,0.6357313394546509,0.5240834355354309,-0.030116448178887367,0.6399588584899902,0.5087016820907593,0.009250846691429615,0.6505326628684998,0.46943986415863037,-0.01727265678346157,0.6527164578437805,0.5167922973632812,-0.029311152175068855,0.6531791090965271,0.5567018985748291,-0.02813309244811535,0.6662334203720093,0.5092800855636597,0.007137395441532135,0.6757582426071167,0.47111189365386963,-0.018313203006982803,0.6704453229904175,0.5177772045135498,-0.021003419533371925,0.6660323739051819,0.5594744682312012,-0.012092376127839088,0.6885503530502319,0.5146363973617554,0.0037571170832961798,0.7000395059585571,0.4654991030693054,-0.007079576142132282,0.708620011806488,0.43501701951026917,-0.00817407388240099,0.7159830331802368,0.40666940808296204,-0.0038503019604831934
0.655997633934021,0.6569568514823914,-1.7719129630222596e-07,0.6235640048980713,0.6246882081031799,-0.01701892353594303,0.6112700700759888,0.5633751749992371,-0.02381039597094059,0.6215795278549194,0.5059868693351746,-0.031763531267642975,0.6472461819648743,0.4765930473804474,-0.03626297786831856,0.612597644329071,0.5121282935142517,0.007443650159984827,0.6191803216934204,0.46860381960868835,-0.013561063446104527,0.628809928894043,0.4944306015968323,-0.026464004069566727,0.6359483599662781,0.5243858695030212,-0.02887454815208912,0.640086829662323,0.509580671787262,0.010076507925987244,0.6509066820144653,0.46974775195121765,-0.016637464985251427,0.6528938412666321,0.5175163149833679,-0.028367264196276665,0.6526669859886169,0.5575875043869019,-0.0265452079474926,0.666204035282135,0.5105507373809814,0.008281093090772629,0.675456702709198,0.4724978804588318,-0.01724448800086975,0.6700488328933716,0.5194092392921448,-0.01998889073729515,0.6654961109161377,0.5610759854316711,-0.01077993493527174,0.6887263059616089,0.5157943367958069,0.005228680092841387,0.7001341581344604,0.46617788076400757,-0.005007697269320488,0.7087104320526123,0.4353565573692322,-0.0059247203171253204,0.715927004814148,0.406631737947464,-0.001411253702826798
0.6569201350212097,0.6571402549743652,-1.7577953315139894e-07,0.6239868998527527,0.6270307302474976,-0.01660004071891308,0.6112872958183289,0.5645613074302673,-0.023219820111989975,0.6217086315155029,0.5067088007926941,-0.03090209886431694,0.6475889682769775,0.4763387143611908,-0.03554714843630791,0.6138902902603149,0.513820230960846,0.005331346765160561,0.619602620601654,0.46903958916664124,-0.014603688381612301,0.6289099454879761,0.4904558062553406,-0.026905132457613945,0.6364776492118835,0.5187121033668518,-0.029394224286079407,0.6406559348106384,0.5106506943702698,0.007866340689361095,0.6512400507926941,0.4716293215751648,-0.017965443432331085,0.65293288230896,0.5192015767097473,-0.029071083292365074,0.6529116630554199,0.5603564381599426,-0.02730400301516056,0.6663588881492615,0.510909914970398,0.006313926540315151,0.6759528517723083,0.47116589546203613,-0.01834261789917946,0.6707075238227844,0.5177615880966187,-0.02056301198899746,0.6663993000984192,0.5600714087486267,-0.011577869765460491,0.6885079145431519,0.5155559778213501,0.0035334855783730745,0.6999948620796204,0.4661385416984558,-0.00683459360152483,0.7085922956466675,0.43554550409317017,-0.007769755553454161,0.7160062193870544,0.4065275192260742,-0.0035310955718159676
0.6559362411499023,0.6582933664321899,-1.7884417502500582e-07,0.6241782903671265,0.6273852586746216,-0.01642579771578312,0.6122259497642517,0.5640949010848999,-0.023019060492515564,0.6226920485496521,0.5060021877288818,-0.03079472854733467,0.6471110582351685,0.47468578815460205,-0.0353887714445591,0.6143984198570251,0.5136449933052063,0.005999378394335508,0.62027508020401,0.4693661332130432,-0.014249850064516068,0.629961371421814,0.49363258481025696,-0.02674228698015213,0.6375467777252197,0.5234697461128235,-0.029279449954628944,0.6409429311752319,0.5106357932090759,0.008391930721700191,0.6515573859214783,0.4712632894515991,-0.017363639548420906,0.6540034413337708,0.5182163119316101,-0.028493763878941536,0.6544266939163208,0.5584530830383301,-0.026851290836930275,0.6666139960289001,0.5114057660102844,0.006601655390113592,0.6764835715293884,0.4712400436401367,-0.017805971205234528,0.6713914275169373,0.5184503197669983,-0.01962561160326004,0.6668704748153687,0.5608669519424438,-0.010519292205572128,0.6887101531028748,0.5167078375816345,0.003522622399032116,0.7003424763679504,0.46736952662467957,-0.006863362155854702,0.7091097831726074,0.43629392981529236,-0.007820244878530502,0.7166985869407654,0.406363844871521,-0.0036394388880580664
0.6600839495658875,0.6550845503807068,-1.6105116174003342e-07,0.6282464265823364,0.6243282556533813,-0.018119273707270622,0.6145723462104797,0.564811110496521,-0.025518542155623436,0.6238706707954407,0.5071938037872314,-0.0336846187710762,0.6494519710540771,0.4774014949798584,-0.03864332288503647,0.6155574917793274,0.5118874311447144,0.003962498623877764,0.6212904453277588,0.4670943319797516,-0.01699020154774189,0.6330718398094177,0.48868101835250854,-0.029851963743567467,0.6423860788345337,0.5162409543991089,-0.03242579102516174,0.6422872543334961,0.5080103874206543,0.007439513690769672,0.6539005637168884,0.47040510177612305,-0.01878678798675537,0.6576598286628723,0.5184658169746399,-0.029921745881438255,0.6583082675933838,0.5582827925682068,-0.028145188465714455,0.6678842306137085,0.5079359412193298,0.006647759582847357,0.6783910393714905,0.4707058370113373,-0.018984194844961166,0.674627959728241,0.5182099342346191,-0.021519625559449196,0.6709690690040588,0.5603931546211243,-0.012298532761633396,0.690123438835144,0.5125964879989624,0.004595790058374405,0.7012227773666382,0.46321213245391846,-0.00609740661457181,0.7098284959793091,0.4329427480697632,-0.007018009666353464,0.7174428105354309,0.405062735080719,-0.0024918061681091785
0.6577717661857605,0.6541087031364441,-1.351847203068246e-07,0.6263569593429565,0.6236254572868347,-0.017654452472925186,0.6141287088394165,0.5648302435874939,-0.024980321526527405,0.6236565709114075,0.5091385841369629,-0.03329651430249214,0.6489477753639221,0.4795148968696594,-0.038670457899570465,0.6145604848861694,0.5102627277374268,0.004777871537953615,0.6205728650093079,0.4662143588066101,-0.016267040744423866,0.630517840385437,0.48362821340560913,-0.029238935559988022,0.6392590403556824,0.5081282258033752,-0.031929049640893936,0.6418570280075073,0.5068222284317017,0.00745628634467721,0.653705358505249,0.4691348969936371,-0.02012581378221512,0.6562537550926208,0.5162046551704407,-0.03222915157675743,0.6569761037826538,0.5561586618423462,-0.030512263998389244,0.6677670478820801,0.5075687766075134,0.005904277320951223,0.6781923174858093,0.47366976737976074,-0.021168677136301994,0.6736557483673096,0.5204111337661743,-0.02473803609609604,0.6695523262023926,0.5608034133911133,-0.015638047829270363,0.6899759769439697,0.5129184126853943,0.0032151394989341497,0.7019492387771606,0.4640120267868042,-0.008081645704805851,0.7109641432762146,0.43341800570487976,-0.009091383777558804,0.7183265686035156,0.40470221638679504,-0.0044003818184137344
0.6585150957107544,0.6570253968238831,-1.5913239792553213e-07,0.6266603469848633,0.6236347556114197,-0.015499500557780266,0.6154636740684509,0.5623692870140076,-0.022017652168869972,0.6269002556800842,0.5073011517524719,-0.02993682771921158,0.6528167724609375,0.4767201542854309,-0.034652937203645706,0.6154318451881409,0.5107520222663879,0.00782689731568098,0.6214435696601868,0.46649062633514404,-0.012160350568592548,0.6307165622711182,0.48732155561447144,-0.024534502997994423,0.6386353969573975,0.5132719278335571,-0.026876745745539665,0.6429194808006287,0.5081055164337158,0.0097022894769907,0.6539060473442078,0.4690689742565155,-0.016518456861376762,0.656580924987793,0.5153017044067383,-0.028234057128429413,0.6573764681816101,0.5543936491012573,-0.02649218775331974,0.669230580329895,0.5091153383255005,0.007490532472729683,0.6792601943016052,0.47141993045806885,-0.017787504941225052,0.6742488145828247,0.5189266800880432,-0.019982650876045227,0.6700419187545776,0.5608490705490112,-0.01034276932477951,0.6918221712112427,0.514642596244812,0.004166473168879747,0.7035011053085327,0.46502557396888733,-0.005773778539150953,0.7116721272468567,0.43338871002197266,-0.005997009575366974,0.7184329628944397,0.4037010073661804,-0.0009290745947510004
0.657647967338562,0.6545112729072571,-1.8745279817267146e-07,0.6263428330421448,0.6228376626968384,-0.015512688085436821,0.6157529354095459,0.562363862991333,-0.021992148831486702,0.6280162334442139,0.5065193176269531,-0.029914092272520065,0.6528721451759338,0.4763041138648987,-0.034521348774433136,0.6172275543212891,0.510052502155304,0.007299348711967468,0.6243264675140381,0.46613019704818726,-0.012850170023739338,0.6333584785461426,0.4914305806159973,-0.025191402062773705,0.6403194069862366,0.5210497975349426,-0.027624007314443588,0.6443129181861877,0.5071163177490234,0.00918482430279255,0.6547929644584656,0.46790534257888794,-0.016670137643814087,0.6575385332107544,0.515288233757019,-0.027887942269444466,0.6582648158073425,0.5548442006111145,-0.026260485872626305,0.6699192523956299,0.5080592632293701,0.0069096144288778305,0.6797512769699097,0.46986818313598633,-0.017837664112448692,0.6751490235328674,0.5179252624511719,-0.019467689096927643,0.670983076095581,0.5599597692489624,-0.009995383210480213,0.691825270652771,0.5135586857795715,0.003426865441724658,0.7035477757453918,0.46545228362083435,-0.006723027676343918,0.7122020721435547,0.434855580329895,-0.00724000483751297,0.7191671133041382,0.40502694249153137,-0.0027132981922477484
0.6604941487312317,0.655536949634552,-2.2546421973856923e-07,0.6285195350646973,0.6275376081466675,-0.014566036872565746,0.616131067276001,0.5644782185554504,-0.020312489941716194,0.6290661096572876,0.5075200796127319,-0.02757260389626026,0.652786910533905,0.47582101821899414,-0.031571898609399796,0.6172842979431152,0.5121307969093323,0.005928213242441416,0.623195469379425,0.4689829349517822,-0.014505837112665176,0.6329025030136108,0.495392382144928,-0.026822911575436592,0.6407404541969299,0.5263301730155945,-0.029315676540136337,0.6439034342765808,0.508453905582428,0.007149429526180029,0.6539875864982605,0.46979856491088867,-0.018142282962799072,0.6572073698043823,0.518102765083313,-0.028139138594269753,0.6582573056221008,0.5582807660102844,-0.02607804909348488,0.6696964502334595,0.5090522170066833,0.004265059716999531,0.6793603301048279,0.4689520299434662,-0.0195880439132452,0.6760088801383972,0.5165398716926575,-0.019874779507517815,0.6731638312339783,0.5585266351699829,-0.0101476376876235,0.692131757736206,0.5141167640686035,9.859969577519223e-05,0.7033896446228027,0.46501943469047546,-0.009936656802892685,0.7118512392044067,0.4342356324195862,-0.010110185481607914,0.7192826271057129,0.4045068025588989,-0.005680692847818136
0.6580758094787598,0.6546028256416321,-1.893372854055997e-07,0.6264489889144897,0.624252438545227,-0.016489502042531967,0.6151303648948669,0.5613112449645996,-0.022914456203579903,0.6269977688789368,0.5042479038238525,-0.030468890443444252,0.6531156897544861,0.4742381274700165,-0.034551605582237244,0.6159611940383911,0.5091758370399475,0.0062808869406580925,0.6210929751396179,0.46763747930526733,-0.01433692779392004,0.6305816173553467,0.4935825765132904,-0.026534583419561386,0.6382367610931396,0.5213754177093506,-0.02882065251469612,0.643182635307312,0.5062965750694275,0.008647489361464977,0.6531957983970642,0.4687974452972412,-0.01759723573923111,0.6558091640472412,0.5171604752540588,-0.02811255306005478,0.6559271216392517,0.555134654045105,-0.025868864730000496,0.6694815158843994,0.5078436136245728,0.006697176489979029,0.6790151596069336,0.469322144985199,-0.018491676077246666,0.6738548874855042,0.518059253692627,-0.019429920241236687,0.6690647602081299,0.5594772100448608,-0.009379788301885128,0.6921246647834778,0.514167308807373,0.0034306899178773165,0.7043498754501343,0.4654614329338074,-0.0072199637070298195,0.7127063870429993,0.43472322821617126,-0.007833614945411682,0.7193900346755981,0.40446221828460693,-0.0032205558381974697
0.6597750186920166,0.6554633378982544,-1.8456854888881935e-07,0.6278328895568848,0.62408447265625,-0.016497379168868065,0.616239070892334,0.5617913603782654,-0.02301741950213909,0.6277039051055908,0.5049086809158325,-0.03066505677998066,0.6531856060028076,0.47356730699539185,-0.0349530354142189,0.6165393590927124,0.5109778046607971,0.00663196062669158,0.6218774318695068,0.468452125787735,-0.014080336317420006,0.6318422555923462,0.4923754334449768,-0.026809822767972946,0.6398242115974426,0.5201486945152283,-0.029381167143583298,0.6433494687080383,0.50786292552948,0.009064883925020695,0.6536425352096558,0.4698399305343628,-0.016994386911392212,0.6562215685844421,0.5171843767166138,-0.028030501678586006,0.6565613150596619,0.5557324290275574,-0.026168689131736755,0.669296383857727,0.5088940262794495,0.007197774481028318,0.6791129112243652,0.4703733026981354,-0.017682066187262535,0.6741724014282227,0.5177621245384216,-0.019117504358291626,0.6699105501174927,0.5591371655464172,-0.009430411271750927,0.6917940378189087,0.5145928859710693,0.004009721800684929,0.7035619616508484,0.4654500186443329,-0.0062415762804448605,0.7119629383087158,0.4345560371875763,-0.006736976560205221,0.7189788222312927,0.4050009250640869,-0.002080346457660198
0.660667359828949,0.6556013822555542,-1.631638752996878e-07,0.6287766098976135,0.62534099817276,-0.0181159395724535,0.6158360242843628,0.5636690855026245,-0.025520121678709984,0.6255600452423096,0.5063679218292236,-0.03377765789628029,0.6505923271179199,0.4741526246070862,-0.038612689822912216,0.6159343719482422,0.5108509659767151,0.004818159155547619,0.6207646727561951,0.46842628717422485,-0.016704823821783066,0.6313160061836243,0.49174296855926514,-0.02996356226503849,0.6405298709869385,0.5193979144096375,-0.032859183847904205,0.6428548693656921,0.5070198178291321,0.007813072763383389,0.652877926826477,0.4689585268497467,-0.019497329369187355,0.6558915972709656,0.5164651870727539,-0.0311833918094635,0.6569427847862244,0.5555886030197144,-0.02950485236942768,0.669100284576416,0.507740318775177,0.00642769318073988,0.678715169429779,0.46965834498405457,-0.019526410847902298,0.6739838719367981,0.5179454684257507,-0.021278465166687965,0.6698180437088013,0.5601014494895935,-0.011519490741193295,0.6915633082389832,0.5135558247566223,0.00363017525523901,0.7029703259468079,0.464572012424469,-0.007368593011051416,0.7111133933067322,0.43379276990890503,-0.008086143061518669,0.7179733514785767,0.4040946066379547,-0.003393345046788454
0.6592360734939575,0.6562982797622681,-1.577039938638336e-07,0.6275013089179993,0.6254513263702393,-0.019030272960662842,0.615355372428894,0.5625811815261841,-0.026436572894454002,0.6253585815429688,0.5044371485710144,-0.0344720333814621,0.6529780030250549,0.47377124428749084,-0.0389801487326622,0.6168111562728882,0.5110563039779663,0.005552644841372967,0.620872974395752,0.46844595670700073,-0.01601036638021469,0.6317095160484314,0.4922558665275574,-0.029093004763126373,0.6411938071250916,0.5188072919845581,-0.03158416599035263,0.6433582305908203,0.5080872774124146,0.009288144297897816,0.653732180595398,0.4696117043495178,-0.01859211176633835,0.6563958525657654,0.5171115398406982,-0.03063270077109337,0.6569789052009583,0.5553075075149536,-0.028708098456263542,0.6687130928039551,0.5093498229980469,0.008471800945699215,0.6779758334159851,0.47266441583633423,-0.018066998571157455,0.672915518283844,0.5204471349716187,-0.02090921811759472,0.6688812971115112,0.5614479184150696,-0.011457625776529312,0.6904697418212891,0.5153362154960632,0.006269369274377823,0.7022528052330017,0.46624886989593506,-0.004400456789880991,0.7108123898506165,0.43498778343200684,-0.005558596923947334,0.7180027365684509,0.40501657128334045,-0.0011029854649677873
0.6612528562545776,0.6560214161872864,-1.4014780447269004e-07,0.6298473477363586,0.6269068121910095,-0.01802188530564308,0.6163106560707092,0.5661017298698425,-0.02555079385638237,0.6253508925437927,0.509041428565979,-0.033874038606882095,0.6502290964126587,0.47698119282722473,-0.03920156508684158,0.6158038377761841,0.5144972205162048,0.0032192529179155827,0.620059609413147,0.4684557616710663,-0.017112093046307564,0.6324673891067505,0.48597252368927,-0.03002275712788105,0.6438714861869812,0.5105931758880615,-0.033279772847890854,0.6428191661834717,0.510368287563324,0.006205391604453325,0.65333092212677,0.4708825647830963,-0.020604446530342102,0.6574100852012634,0.5182113647460938,-0.032472193241119385,0.6592679023742676,0.5581356883049011,-0.031338103115558624,0.668992817401886,0.5105012059211731,0.005158092826604843,0.6791017651557922,0.4694441258907318,-0.020285142585635185,0.6754485368728638,0.5163014531135559,-0.02236853912472725,0.6720063090324402,0.5586270689964294,-0.013308185152709484,0.6914492845535278,0.5157277584075928,0.0027402546256780624,0.7028346061706543,0.4663566052913666,-0.008491373620927334,0.7110615372657776,0.4353836476802826,-0.009612279944121838,0.7180311679840088,0.4058079421520233,-0.005490064155310392
0.6594318747520447,0.6577236652374268,-1.3036185464443406e-07,0.6285585761070251,0.6269885301589966,-0.018085453659296036,0.6159616112709045,0.5663456320762634,-0.025768892839550972,0.6242703795433044,0.5091327428817749,-0.03432483226060867,0.6497655510902405,0.47675931453704834,-0.03967982903122902,0.6147497892379761,0.5125130414962769,0.005987490992993116,0.6204081177711487,0.4688989222049713,-0.014472583308815956,0.6305493116378784,0.48761194944381714,-0.027298083528876305,0.6393046379089355,0.5123149156570435,-0.03009745664894581,0.6421001553535461,0.5088152289390564,0.00887864176183939,0.6530949473381042,0.4698430001735687,-0.01865815557539463,0.6559947729110718,0.5159874558448792,-0.0312504917383194,0.6567389369010925,0.5554473400115967,-0.029872316867113113,0.6681739091873169,0.5095370411872864,0.007508810143917799,0.678231418132782,0.4730026125907898,-0.018961818888783455,0.6737385392189026,0.5203062891960144,-0.022303417325019836,0.6696475744247437,0.5618386268615723,-0.013336407952010632,0.6905984282493591,0.515273928642273,0.004902316257357597,0.7022558450698853,0.4664890766143799,-0.006077539175748825,0.7109556198120117,0.43519338965415955,-0.007307398598641157,0.718014657497406,0.40518802404403687,-0.002967496868222952
0.6594018340110779,0.6595237851142883,-1.4806681747359107e-07,0.6289190053939819,0.6284927129745483,-0.017337894067168236,0.6163064241409302,0.568562924861908,-0.02496442012488842,0.6248046159744263,0.5124326944351196,-0.03357233479619026,0.6483815908432007,0.48031172156333923,-0.03896915167570114,0.614633321762085,0.5141894221305847,0.0047402759082615376,0.6223019957542419,0.46896985173225403,-0.015124744735658169,0.6310514211654663,0.4890899062156677,-0.027398796752095222,0.6374565362930298,0.5159058570861816,-0.03017697110772133,0.6423368453979492,0.5109466910362244,0.007190883159637451,0.653252124786377,0.47186484932899475,-0.018892299383878708,0.655845582485199,0.5178905129432678,-0.03059338964521885,0.6562029719352722,0.5573263168334961,-0.02950490079820156,0.6689271926879883,0.5120561122894287,0.0055393315851688385,0.6794469356536865,0.47207483649253845,-0.019529331475496292,0.6747393608093262,0.5174965858459473,-0.022250134497880936,0.6698955297470093,0.5585547089576721,-0.01379493996500969,0.691251814365387,0.5182483196258545,0.002625850262120366,0.7028968334197998,0.46906280517578125,-0.008673641830682755,0.7112022042274475,0.437467485666275,-0.010395891964435577,0.7177638411521912,0.4072991609573364,-0.006721829064190388
0.6596518754959106,0.6615910530090332,-1.3628135775434203e-07,0.6287880539894104,0.6301300525665283,-0.01828380860388279,0.6163573265075684,0.5689321756362915,-0.025806454941630363,0.6246989965438843,0.5119307041168213,-0.03423808142542839,0.6476567983627319,0.4791009724140167,-0.03947949782013893,0.6155684590339661,0.5166502594947815,0.005387873388826847,0.6226414442062378,0.47003689408302307,-0.014947370626032352,0.631546676158905,0.4885140359401703,-0.027556249871850014,0.638553261756897,0.5143863558769226,-0.03034374490380287,0.6429567933082581,0.5136920213699341,0.008374743163585663,0.654098391532898,0.47336360812187195,-0.01861700788140297,0.6562681198120117,0.5190830826759338,-0.030884215608239174,0.6565946340560913,0.5583933591842651,-0.029718900099396706,0.669120728969574,0.5148628950119019,0.007083368021994829,0.6794992685317993,0.474235475063324,-0.01880260556936264,0.6744074821472168,0.5202369689941406,-0.02175864204764366,0.6696561574935913,0.561578094959259,-0.012997077777981758,0.6911758184432983,0.520851731300354,0.004447285085916519,0.7026247978210449,0.47142118215560913,-0.007107291370630264,0.7109889984130859,0.4395618140697479,-0.008840760216116905,0.7177785038948059,0.40872398018836975,-0.004957223776727915
0.6595559120178223,0.6613836288452148,-1.5603849590206664e-07,0.6283327341079712,0.6304316520690918,-0.019085267558693886,0.6158206462860107,0.5694491863250732,-0.02717643603682518,0.6249762177467346,0.5116536021232605,-0.03601165488362312,0.6494911909103394,0.48091617226600647,-0.04119565710425377,0.614651620388031,0.5150238871574402,0.004492008127272129,0.6226857900619507,0.47049248218536377,-0.016876960173249245,0.6325267553329468,0.49683669209480286,-0.02979830838739872,0.6393858194351196,0.5270344614982605,-0.032310329377651215,0.6422262191772461,0.5116028785705566,0.008018653839826584,0.6533843278884888,0.47129514813423157,-0.018871840089559555,0.6566580533981323,0.5181057453155518,-0.030654923990368843,0.6574366092681885,0.5577314496040344,-0.029074562713503838,0.6685513257980347,0.5122546553611755,0.00711191026493907,0.6785194277763367,0.47303295135498047,-0.01870795525610447,0.6743369102478027,0.521022379398346,-0.021102335304021835,0.6702033281326294,0.5636568069458008,-0.01175512932240963,0.6906049847602844,0.5178890228271484,0.004808563739061356,0.7020124793052673,0.46863168478012085,-0.006021017208695412,0.7107619643211365,0.43741798400878906,-0.007107498124241829,0.7177577614784241,0.40753042697906494,-0.0026920244563370943
0.659938395023346,0.6605671048164368,-1.1184877024561501e-07,0.6276633739471436,0.6307085156440735,-0.017348213121294975,0.6150400638580322,0.5705696940422058,-0.02419927529990673,0.6248937845230103,0.5129966139793396,-0.03207775205373764,0.648952066898346,0.4808797240257263,-0.037172574549913406,0.6149260997772217,0.5188556909561157,0.005504431203007698,0.6198238134384155,0.471877783536911,-0.013730596750974655,0.6304566860198975,0.48377713561058044,-0.02587617188692093,0.6403924822807312,0.5062754154205322,-0.028680890798568726,0.642196774482727,0.5140305757522583,0.008310317993164062,0.6537193059921265,0.474786639213562,-0.018221065402030945,0.6565542817115784,0.519304633140564,-0.03022393211722374,0.6576780080795288,0.5592165589332581,-0.029073406010866165,0.6682328581809998,0.5135538578033447,0.007058944087475538,0.6787076592445374,0.47535911202430725,-0.018824050202965736,0.673905074596405,0.52176433801651,-0.02183619700372219,0.6700166463851929,0.5637158155441284,-0.013115283101797104,0.6903707385063171,0.5178849101066589,0.004570929799228907,0.7026070356369019,0.4694087505340576,-0.007064939010888338,0.7113502621650696,0.43825384974479675,-0.008761746808886528,0.7188106179237366,0.4084707796573639,-0.0049208360724151134
0.6604228019714355,0.6631021499633789,-1.6181623152533575e-07,0.6286993026733398,0.6328237056732178,-0.018298888579010963,0.6166640520095825,0.5715616941452026,-0.025872070342302322,0.6267696619033813,0.5142561197280884,-0.0343717485666275,0.6503505706787109,0.47984862327575684,-0.03947395086288452,0.6159483194351196,0.5206509828567505,0.00478783156722784,0.6208070516586304,0.47352397441864014,-0.01601044088602066,0.6315277814865112,0.49588167667388916,-0.02907026931643486,0.6406075358390808,0.5237720012664795,-0.032208263874053955,0.6432902216911316,0.516075849533081,0.007877024821937084,0.6532216668128967,0.4750620722770691,-0.01857948489487171,0.657088041305542,0.5218228697776794,-0.03056791052222252,0.6585889458656311,0.5606943964958191,-0.029794160276651382,0.6695395708084106,0.5157504677772522,0.006625553127378225,0.6795526742935181,0.47243380546569824,-0.018509211018681526,0.6753168702125549,0.5199292302131653,-0.020339008420705795,0.6714118719100952,0.5624385476112366,-0.011298974975943565,0.6917074918746948,0.5207579731941223,0.003867481369525194,0.7033302187919617,0.4710010588169098,-0.00741244712844491,0.7114307880401611,0.4388655722141266,-0.008947080001235008,0.717960000038147,0.4074782431125641,-0.005169261712580919
0.660103976726532,0.6612890362739563,-1.5844469203329936e-07,0.62812739610672,0.6312878727912903,-0.01957247033715248,0.6164381504058838,0.5701678395271301,-0.02761928364634514,0.6268813610076904,0.5128422379493713,-0.036275945603847504,0.6502968072891235,0.47939205169677734,-0.041406724601984024,0.6163567900657654,0.5184940695762634,0.002696766285225749,0.6207714676856995,0.4724767804145813,-0.018711553886532784,0.6319552659988403,0.4964098632335663,-0.031612031161785126,0.6411965489387512,0.5250005125999451,-0.03432011231780052,0.6431682705879211,0.5142090916633606,0.006500896532088518,0.6525657176971436,0.4747168719768524,-0.02035762183368206,0.6566352844238281,0.5222500562667847,-0.03207357972860336,0.6585371494293213,0.5604326128959656,-0.0309157595038414,0.6691274046897888,0.5142638087272644,0.005919148214161396,0.6792709827423096,0.47305846214294434,-0.01980157196521759,0.6747717261314392,0.5216225981712341,-0.021691756322979927,0.6705979704856873,0.5641655921936035,-0.012442154809832573,0.6909449696540833,0.5194542407989502,0.003799675265327096,0.7025312781333923,0.46992361545562744,-0.007716845255345106,0.7108309268951416,0.4382608234882355,-0.009183675050735474,0.7178512811660767,0.4074770212173462,-0.005178968887776136
0.6608991026878357,0.6622370481491089,-1.437779673096884e-07,0.6289215087890625,0.6319937705993652,-0.020612569525837898,0.616413950920105,0.5714980363845825,-0.029269812628626823,0.6256654858589172,0.5137079358100891,-0.03835476189851761,0.6499036550521851,0.4798852503299713,-0.04410191997885704,0.6167749762535095,0.5193171501159668,0.002257215790450573,0.621283769607544,0.47378459572792053,-0.01966584473848343,0.6327537298202515,0.4955584406852722,-0.0335785448551178,0.6425936818122864,0.523353636264801,-0.03700252249836922,0.643882155418396,0.5147863030433655,0.006501699332147837,0.6534061431884766,0.47564151883125305,-0.021021643653512,0.6573835611343384,0.5230640769004822,-0.033890966325998306,0.659276008605957,0.5624986886978149,-0.033360593020915985,0.6698042750358582,0.5145915150642395,0.006339420564472675,0.6797025203704834,0.4736088812351227,-0.01980689913034439,0.675639271736145,0.521274745464325,-0.02263750322163105,0.6718679070472717,0.5641642808914185,-0.01381414569914341,0.6915369033813477,0.5198114514350891,0.004611482378095388,0.7030367255210876,0.4699580669403076,-0.00683571444824338,0.7110884189605713,0.43824851512908936,-0.00844215415418148,0.7175387740135193,0.4078862965106964,-0.004483173135668039
0.6597003936767578,0.659969687461853,-1.761321897220114e-07,0.6278891563415527,0.629875898361206,-0.019928257912397385,0.6151143312454224,0.5693798065185547,-0.02853182516992092,0.6250820159912109,0.5120515823364258,-0.03781634941697121,0.6505416631698608,0.4802502691745758,-0.04342714324593544,0.6169157028198242,0.5151276588439941,0.00320098246447742,0.6222964525222778,0.4720224440097809,-0.019229399040341377,0.6329628229141235,0.5009921193122864,-0.03282208740711212,0.6409211754798889,0.5319082736968994,-0.03563353791832924,0.6439827084541321,0.5115254521369934,0.007061758078634739,0.6538524031639099,0.4734431505203247,-0.02013389952480793,0.6577836275100708,0.5225006937980652,-0.03192313015460968,0.658696711063385,0.5610930323600769,-0.030594082549214363,0.669940710067749,0.5121648907661438,0.006352618336677551,0.6798989176750183,0.47234123945236206,-0.019849952310323715,0.6758071184158325,0.5226436257362366,-0.021724382415413857,0.6714052557945251,0.5658079981803894,-0.012105531990528107,0.6919836401939392,0.517905592918396,0.004130559973418713,0.7028449773788452,0.46849608421325684,-0.006911061704158783,0.7109509706497192,0.43785279989242554,-0.0077349659986793995,0.7174704074859619,0.40787965059280396,-0.0031413817778229713
0.6605534553527832,0.6618740558624268,-1.916184828587575e-07,0.6291302442550659,0.6314454078674316,-0.018901577219367027,0.6167771220207214,0.5689772963523865,-0.026547247543931007,0.6273481249809265,0.5113763213157654,-0.0349738784134388,0.6519301533699036,0.47966521978378296,-0.03965912014245987,0.6174588799476624,0.5151224136352539,0.0046906848438084126,0.6239557862281799,0.47220349311828613,-0.016875507310032845,0.6353184580802917,0.5014337301254272,-0.030047670006752014,0.6437988877296448,0.5323031544685364,-0.0327007994055748,0.6444969177246094,0.512256920337677,0.008251299150288105,0.6554473042488098,0.47388243675231934,-0.01812201365828514,0.659535825252533,0.5235260128974915,-0.029374253004789352,0.6605417728424072,0.5628106594085693,-0.027708785608410835,0.6701432466506958,0.5132814049720764,0.007273869123309851,0.6805954575538635,0.47270357608795166,-0.01761050336062908,0.6772380471229553,0.5213931202888489,-0.01915396936237812,0.6736468076705933,0.5639136433601379,-0.009648016653954983,0.6918984651565552,0.5191593170166016,0.004771419335156679,0.7029092311859131,0.46912992000579834,-0.005194841418415308,0.7108575105667114,0.43765565752983093,-0.005822161212563515,0.7175574898719788,0.4071740210056305,-0.0013409674866124988
0.6594580411911011,0.6611326336860657,-1.6612423792139452e-07,0.628355860710144,0.6320674419403076,-0.020331844687461853,0.6163463592529297,0.5698551535606384,-0.028727680444717407,0.626318097114563,0.511573851108551,-0.03749503940343857,0.6503701210021973,0.4792286157608032,-0.04280542954802513,0.6166303157806396,0.5174154043197632,0.0017007190035656095,0.622803807258606,0.47230127453804016,-0.020099619403481483,0.6338666081428528,0.497023344039917,-0.033571042120456696,0.6425032019615173,0.5263127088546753,-0.03670249879360199,0.6436131000518799,0.513981282711029,0.005762019660323858,0.6545577049255371,0.4747680425643921,-0.021548062562942505,0.6579947471618652,0.5229700207710266,-0.033620111644268036,0.6588249206542969,0.5624147653579712,-0.03260015696287155,0.6696838736534119,0.5147951245307922,0.00544580165296793,0.6803991198539734,0.47330358624458313,-0.020152654498815536,0.6757475137710571,0.5208045244216919,-0.02225898951292038,0.6709870100021362,0.5632513761520386,-0.013253683224320412,0.6916218996047974,0.5206745266914368,0.003542286343872547,0.7030060291290283,0.4707796275615692,-0.007622634060680866,0.7111725807189941,0.4389364421367645,-0.008982819505035877,0.7178078293800354,0.40814757347106934,-0.005048399791121483
0.6602320075035095,0.6597927808761597,-1.6171145489352057e-07,0.6287837624549866,0.6305608749389648,-0.020126884803175926,0.616496205329895,0.5694698095321655,-0.028401033952832222,0.6261640787124634,0.5114671587944031,-0.037082068622112274,0.6508119702339172,0.4795495271682739,-0.04227874428033829,0.6165271401405334,0.5169402360916138,0.002947308821603656,0.6223458647727966,0.47229427099227905,-0.01911647617816925,0.6336063742637634,0.4969954788684845,-0.03292948007583618,0.6424567699432373,0.526843249797821,-0.036050453782081604,0.6435642242431641,0.5140215754508972,0.007021789439022541,0.6542490720748901,0.4740692377090454,-0.020642492920160294,0.6576263904571533,0.5220969915390015,-0.033035676926374435,0.6582316756248474,0.56223064661026,-0.031916387379169464,0.6693567037582397,0.5149990916252136,0.006656539626419544,0.6791849136352539,0.47449687123298645,-0.019345082342624664,0.6749465465545654,0.5225242376327515,-0.021681679412722588,0.6708492636680603,0.5653010606765747,-0.012456960044801235,0.6912023425102234,0.5208227038383484,0.004756646696478128,0.7022506594657898,0.47121307253837585,-0.006173481699079275,0.7104504704475403,0.4395194351673126,-0.007302259560674429,0.7171455025672913,0.4091941714286804,-0.003070068545639515
0.6601762771606445,0.6612051725387573,-1.4627009647938394e-07,0.6286757588386536,0.6313103437423706,-0.018866276368498802,0.6163743734359741,0.5704571008682251,-0.02674270235002041,0.6263176202774048,0.5133246183395386,-0.03527245298027992,0.6507850885391235,0.4805392026901245,-0.040594249963760376,0.6158028841018677,0.5179604887962341,0.003439823165535927,0.620913565158844,0.4730492830276489,-0.017788181081414223,0.6324148774147034,0.4940445125102997,-0.031405311077833176,0.642274796962738,0.5213032960891724,-0.03481333702802658,0.643233597278595,0.5143125653266907,0.006751065608114004,0.6538904905319214,0.4741828143596649,-0.020492391660809517,0.6571898460388184,0.5213446021080017,-0.03300076723098755,0.6581273674964905,0.5609260201454163,-0.032183073461055756,0.6691308617591858,0.514931857585907,0.005810608621686697,0.6788761615753174,0.4748727083206177,-0.01992049440741539,0.6743469834327698,0.5218816995620728,-0.022565210238099098,0.6702839732170105,0.5638380646705627,-0.01373573299497366,0.691070556640625,0.5207381248474121,0.0034370722714811563,0.7025801539421082,0.4709843099117279,-0.007542334496974945,0.7104637622833252,0.4393554925918579,-0.00881135929375887,0.7167155146598816,0.40896451473236084,-0.004804105963557959
0.6596910357475281,0.660641074180603,-1.386354426813341e-07,0.6281567215919495,0.6296563744544983,-0.016694096848368645,0.616780161857605,0.5683584213256836,-0.023667411878705025,0.6275281310081482,0.5130727291107178,-0.03178338333964348,0.6519872546195984,0.48102903366088867,-0.03711524233222008,0.6171346306800842,0.5162184238433838,0.005112392827868462,0.6218631863594055,0.4720684885978699,-0.014789324253797531,0.6320870518684387,0.4884216785430908,-0.027580508962273598,0.6414481401443481,0.5124436020851135,-0.030657514929771423,0.6441729068756104,0.5131720304489136,0.007310791872441769,0.6551269888877869,0.47370603680610657,-0.019337786361575127,0.6576093435287476,0.519670307636261,-0.03167128562927246,0.658581554889679,0.5589240789413452,-0.03060009516775608,0.6698245406150818,0.5142647624015808,0.005560525227338076,0.6800370812416077,0.47595080733299255,-0.019989129155874252,0.6748216152191162,0.5229589939117432,-0.022758731618523598,0.6705988645553589,0.5644592046737671,-0.013803730718791485,0.6914528012275696,0.5202184319496155,0.002608287613838911,0.7031674385070801,0.4703906178474426,-0.008218343369662762,0.7109295129776001,0.43921026587486267,-0.00906912237405777,0.7173009514808655,0.40932196378707886,-0.004615812562406063
0.6609789729118347,0.6596014499664307,-1.283275707919529e-07,0.6293749809265137,0.6281740665435791,-0.01726238988339901,0.6175852417945862,0.568751335144043,-0.024463698267936707,0.6278508901596069,0.5135658979415894,-0.032830409705638885,0.6519734859466553,0.48176324367523193,-0.03846529498696327,0.6164010167121887,0.5168953537940979,0.005592793226242065,0.6215490698814392,0.4724968671798706,-0.014866884797811508,0.6329579949378967,0.4866766333580017,-0.028152691200375557,0.6433415412902832,0.509411096572876,-0.03144063055515289,0.6439797282218933,0.5133964419364929,0.00807652436196804,0.6549027562141418,0.47425681352615356,-0.019337892532348633,0.6579002737998962,0.5215325355529785,-0.031952790915966034,0.6587367653846741,0.5616744756698608,-0.030867895111441612,0.6698348522186279,0.5138147473335266,0.006474246270954609,0.6796417832374573,0.4746587872505188,-0.020015232264995575,0.6757787466049194,0.5220593214035034,-0.022927671670913696,0.67249596118927,0.564336359500885,-0.013699146918952465,0.6915900707244873,0.5190296173095703,0.0036476138047873974,0.7031101584434509,0.46939849853515625,-0.007433909457176924,0.7113324999809265,0.4386887550354004,-0.008200117386877537,0.7180103659629822,0.4095569849014282,-0.00353897619061172
0.661207377910614,0.6616219878196716,-1.3838956647305167e-07,0.6300022006034851,0.6306952238082886,-0.018673982471227646,0.6179748177528381,0.5696731209754944,-0.02661549672484398,0.6274716854095459,0.5135437846183777,-0.03519566357135773,0.6523458361625671,0.48146963119506836,-0.040788374841213226,0.6167362928390503,0.5161718130111694,0.0036721471697092056,0.6224621534347534,0.47228139638900757,-0.01772463694214821,0.6326038241386414,0.489325612783432,-0.03134618327021599,0.6418929696083069,0.5134230256080627,-0.034499406814575195,0.6442533135414124,0.5134000182151794,0.006976568140089512,0.6560012102127075,0.47441479563713074,-0.020964166149497032,0.65852290391922,0.5223373770713806,-0.033608220517635345,0.6590546369552612,0.5623461604118347,-0.03219786286354065,0.6702408790588379,0.5143735408782959,0.0061506652273237705,0.68101567029953,0.47574833035469055,-0.020458169281482697,0.6764464378356934,0.5229814052581787,-0.023345978930592537,0.6722413897514343,0.564628541469574,-0.01393350400030613,0.6921101212501526,0.5204125046730042,0.004071415401995182,0.703050971031189,0.47007960081100464,-0.006529721897095442,0.7107489109039307,0.4390536844730377,-0.006813878193497658,0.7167014479637146,0.4096069931983948,-0.0016820927849039435
0.661602258682251,0.6621263027191162,-1.0261805272193669e-07,0.6298621892929077,0.6315754652023315,-0.019722335040569305,0.6176702380180359,0.5713696479797363,-0.027926653623580933,0.6268210411071777,0.5146111845970154,-0.03665239363908768,0.6510778069496155,0.48181334137916565,-0.0425526425242424,0.6157822608947754,0.5185152292251587,0.0029380035120993853,0.6215035915374756,0.47357070446014404,-0.018133332952857018,0.6325945854187012,0.4859265685081482,-0.03178056329488754,0.6432039737701416,0.5072504878044128,-0.03531333804130554,0.6436095833778381,0.5146489143371582,0.0065971845760941505,0.654834508895874,0.47546088695526123,-0.021916721016168594,0.657957136631012,0.5219237804412842,-0.03525187447667122,0.6595875024795532,0.5619361400604248,-0.03434170410037041,0.6697877049446106,0.5148613452911377,0.006101652979850769,0.6803146600723267,0.4773009419441223,-0.021185310557484627,0.6759178042411804,0.5243307948112488,-0.024747541174292564,0.6719736456871033,0.5660090446472168,-0.015709228813648224,0.691649317741394,0.5202493071556091,0.0042481254786252975,0.7032355070114136,0.4707503318786621,-0.007373173721134663,0.7113969326019287,0.43963006138801575,-0.008539730682969093,0.7179092168807983,0.4098888635635376,-0.003987285308539867
0.6616179347038269,0.6617415547370911,-1.262571771576404e-07,0.6303477883338928,0.6304336786270142,-0.018170170485973358,0.618147611618042,0.5700179934501648,-0.026002658531069756,0.6281623840332031,0.5140912532806396,-0.03465316444635391,0.6528481841087341,0.48299139738082886,-0.04046301916241646,0.615066409111023,0.5178470015525818,0.003535835538059473,0.6215904951095581,0.47298187017440796,-0.01704508252441883,0.6330569386482239,0.4876580536365509,-0.03026665560901165,0.6434870362281799,0.5107617974281311,-0.033623065799474716,0.6434289813041687,0.5139589309692383,0.006454298738390207,0.6549011468887329,0.47552749514579773,-0.020961729809641838,0.6587773561477661,0.5233433842658997,-0.03330236300826073,0.6604238748550415,0.5639088153839111,-0.032120395451784134,0.6700310111045837,0.5140781998634338,0.005324372090399265,0.6806620955467224,0.47530943155288696,-0.021012676879763603,0.6775732040405273,0.5224544405937195,-0.02386125922203064,0.6742784380912781,0.5645557045936584,-0.014758271165192127,0.6925711035728455,0.5194318294525146,0.002926087472587824,0.7035974860191345,0.469684898853302,-0.00814247876405716,0.7118300199508667,0.43905365467071533,-0.00894258078187704,0.7182925939559937,0.40966159105300903,-0.004369768314063549
0.6617638468742371,0.6626603603363037,-1.359423720259656e-07,0.6298525929450989,0.6318044066429138,-0.01891986094415188,0.6177263259887695,0.5705012083053589,-0.02690846100449562,0.6271669864654541,0.5135096907615662,-0.03555021435022354,0.6516997814178467,0.4819779694080353,-0.04109519347548485,0.6154990792274475,0.517715573310852,0.003630363615229726,0.6223621368408203,0.4738727807998657,-0.01802041195333004,0.6327939629554749,0.49168357253074646,-0.03164754435420036,0.6421024799346924,0.5165606141090393,-0.03480193018913269,0.6434981226921082,0.5142602920532227,0.006964374799281359,0.6551490426063538,0.4750821590423584,-0.02139226906001568,0.6583663821220398,0.5226510167121887,-0.03404998034238815,0.6597316861152649,0.5628789067268372,-0.0326107032597065,0.6699283719062805,0.5145920515060425,0.00605585053563118,0.6804043650627136,0.47699207067489624,-0.020877419039607048,0.6764407157897949,0.5240681171417236,-0.024053459987044334,0.6727412343025208,0.5658125281333923,-0.014816716313362122,0.6922739148139954,0.5200286507606506,0.0038473436143249273,0.70330411195755,0.4703976511955261,-0.007274045143276453,0.7117441892623901,0.4394427239894867,-0.008242185227572918,0.7185050249099731,0.4099677801132202,-0.0036014753859490156
0.6623499393463135,0.6622229218482971,-1.3010938459956378e-07,0.6303825378417969,0.6310589909553528,-0.017373856157064438,0.6177957057952881,0.5710664391517639,-0.02480422705411911,0.6275173425674438,0.5146250128746033,-0.033245425671339035,0.6517825722694397,0.48290425539016724,-0.038656022399663925,0.6154286861419678,0.519243597984314,0.005088265519589186,0.6218627691268921,0.47438108921051025,-0.015114833600819111,0.6330345869064331,0.4916279911994934,-0.028067929670214653,0.643459677696228,0.5160629153251648,-0.031265925616025925,0.6435426473617554,0.5150632858276367,0.007700867485255003,0.6548742651939392,0.47545287013053894,-0.019121799618005753,0.6587685942649841,0.521856963634491,-0.03126038983464241,0.6610601544380188,0.5617965459823608,-0.03009708970785141,0.6702120900154114,0.5150050520896912,0.006239384412765503,0.6808112859725952,0.47569727897644043,-0.019340282306075096,0.6771571636199951,0.5229777097702026,-0.02163747139275074,0.6740555763244629,0.5654650926589966,-0.012377853505313396,0.6929032802581787,0.5202692151069641,0.003471167990937829,0.7044498324394226,0.4707615375518799,-0.007381199859082699,0.7126033306121826,0.43934473395347595,-0.008267943747341633,0.7192448377609253,0.4093741178512573,-0.003834253642708063
0.6620849967002869,0.6626638770103455,-1.2177926578260667e-07,0.6301730871200562,0.6313220262527466,-0.01750883460044861,0.6175220012664795,0.5712639093399048,-0.025015462189912796,0.627196729183197,0.5150210857391357,-0.03352730721235275,0.6515151262283325,0.48293858766555786,-0.039092764258384705,0.6153910756111145,0.5188738703727722,0.005317835137248039,0.6227934956550598,0.475100040435791,-0.014643646776676178,0.6329175233840942,0.4904601573944092,-0.027639463543891907,0.6420877575874329,0.5137650370597839,-0.03109937720000744,0.6439241170883179,0.5146204233169556,0.00779276667162776,0.6553974747657776,0.4753131866455078,-0.019120538607239723,0.6590669751167297,0.5212563276290894,-0.03154778853058815,0.6609419584274292,0.5612269639968872,-0.030629459768533707,0.6708264946937561,0.5146523118019104,0.006198627408593893,0.6814063787460327,0.47535306215286255,-0.019611528143286705,0.6778011322021484,0.5223097205162048,-0.022133810445666313,0.6744642853736877,0.5645841360092163,-0.013021019287407398,0.693719744682312,0.5201167464256287,0.003298554103821516,0.7049371004104614,0.47078418731689453,-0.007678783964365721,0.7126366496086121,0.4396279454231262,-0.008506089448928833,0.7185462117195129,0.4096902012825012,-0.004070209339261055
0.6612862944602966,0.6630256175994873,-1.4052984909085353e-07,0.6286583542823792,0.6314975619316101,-0.018026191741228104,0.6169334053993225,0.5696619153022766,-0.02547217160463333,0.6273056864738464,0.5123024582862854,-0.033798184245824814,0.653110146522522,0.48228031396865845,-0.03896588087081909,0.6158316731452942,0.5184635519981384,0.005081023555248976,0.6219936013221741,0.4759595990180969,-0.015801772475242615,0.6321817636489868,0.4957633912563324,-0.02901119366288185,0.6410055756568909,0.5215046405792236,-0.03202904760837555,0.6433469653129578,0.514506995677948,0.008026781491935253,0.6542749404907227,0.47561824321746826,-0.019348671659827232,0.6575100421905518,0.5224538445472717,-0.031577013432979584,0.6586328148841858,0.5619792938232422,-0.030061013996601105,0.6695684194564819,0.5147373080253601,0.006731550674885511,0.679519534111023,0.4768522381782532,-0.019386043772101402,0.6753036379814148,0.5249184370040894,-0.02200969308614731,0.6716521382331848,0.567269504070282,-0.012556989677250385,0.6919769048690796,0.5202668309211731,0.0041002193465828896,0.7034228444099426,0.470731645822525,-0.006696485448628664,0.7117437720298767,0.4394214153289795,-0.007617549039423466,0.7185491919517517,0.4094509482383728,-0.0030056864488869905
0.6599560379981995,0.6633894443511963,-1.3621726679957646e-07,0.6286982297897339,0.6321203708648682,-0.01835803873836994,0.6166144013404846,0.5692043304443359,-0.02575680986046791,0.6260925531387329,0.5122542381286621,-0.03395813703536987,0.6516950130462646,0.48284417390823364,-0.03905205428600311,0.6160681247711182,0.5180023312568665,0.004096014890819788,0.6221295595169067,0.47464898228645325,-0.016620656475424767,0.6321294903755188,0.492850124835968,-0.029688164591789246,0.6408464312553406,0.5176135897636414,-0.032728467136621475,0.6430597305297852,0.5146378874778748,0.007304868195205927,0.6554352641105652,0.4766184985637665,-0.01986689865589142,0.6588137149810791,0.5234113335609436,-0.0318843312561512,0.6597133278846741,0.562468945980072,-0.030439313501119614,0.6692898869514465,0.5153672695159912,0.0063376654870808125,0.6811100244522095,0.4755060374736786,-0.0195228923112154,0.6763579249382019,0.5230068564414978,-0.02183954417705536,0.6718155145645142,0.5655568242073059,-0.012389951385557652,0.6916951537132263,0.5212997198104858,0.00398824829608202,0.7037997841835022,0.4714239239692688,-0.007166531402617693,0.7117810249328613,0.43992486596107483,-0.008200258016586304,0.7183851003646851,0.40979504585266113,-0.0036130754742771387
0.660450279712677,0.6629208922386169,-1.7092605730795185e-07,0.6290134787559509,0.6328245997428894,-0.01754932291805744,0.6168301105499268,0.5699343085289001,-0.02487679198384285,0.6276888847351074,0.5126971006393433,-0.03312944620847702,0.6530002355575562,0.4829038679599762,-0.03807685524225235,0.6163042783737183,0.5172183513641357,0.0039747911505401134,0.6233813166618347,0.4739084541797638,-0.017339782789349556,0.6336405277252197,0.4973738193511963,-0.030580608174204826,0.6418704986572266,0.52632075548172,-0.033514440059661865,0.6433316469192505,0.5139190554618835,0.00665586581453681,0.6549623012542725,0.4749078154563904,-0.020213138312101364,0.6585353016853333,0.5229673981666565,-0.03168783336877823,0.6596208214759827,0.5629050135612488,-0.03005930781364441,0.669303834438324,0.5147890448570251,0.005113561637699604,0.6800103783607483,0.47452878952026367,-0.02021242305636406,0.676392674446106,0.5223285555839539,-0.02197800762951374,0.6729809641838074,0.5649099349975586,-0.012500258162617683,0.6915286779403687,0.5206584930419922,0.002200145972892642,0.7032696008682251,0.47062787413597107,-0.008340138010680676,0.7113368511199951,0.43943533301353455,-0.009008847177028656,0.7179679870605469,0.4093340039253235,-0.0044978344812989235
0.6608227491378784,0.664238452911377,-1.2806168570023146e-07,0.6290010809898376,0.6337806582450867,-0.017430534586310387,0.6170985102653503,0.5714448094367981,-0.02446790039539337,0.6281687021255493,0.5144028067588806,-0.03240766376256943,0.6521774530410767,0.48202553391456604,-0.03742704167962074,0.6158802509307861,0.5195953845977783,0.004710620269179344,0.621778666973114,0.4739835262298584,-0.015284441411495209,0.6324878334999084,0.48909085988998413,-0.028231719508767128,0.6419289708137512,0.5135118961334229,-0.03150857239961624,0.6435477137565613,0.5157834887504578,0.007391100749373436,0.6552129983901978,0.4758850038051605,-0.019259842112660408,0.6586092710494995,0.5216391086578369,-0.03141092136502266,0.6597755551338196,0.5616750717163086,-0.030439062044024467,0.6696830987930298,0.5165136456489563,0.006012720055878162,0.6809682250022888,0.4757925271987915,-0.01924222521483898,0.6762237548828125,0.5227826833724976,-0.021466225385665894,0.6717921495437622,0.5653945803642273,-0.012457535602152348,0.6915748119354248,0.5225276947021484,0.0032731411047279835,0.7034935355186462,0.4731178879737854,-0.007830954156816006,0.7116401195526123,0.4414921998977661,-0.00897776149213314,0.7183828353881836,0.4110105335712433,-0.004845460876822472
0.6589726209640503,0.6644386649131775,-1.4679174853426957e-07,0.6278101801872253,0.6314882636070251,-0.016640538349747658,0.6157679557800293,0.5699543356895447,-0.023493144661188126,0.6259098649024963,0.51291424036026,-0.03160091117024422,0.652746856212616,0.4832756519317627,-0.03642742708325386,0.6162101030349731,0.518851637840271,0.007432305719703436,0.6228632926940918,0.473233163356781,-0.012210667133331299,0.6323648691177368,0.49466225504875183,-0.024432605132460594,0.639723539352417,0.5214725732803345,-0.026964237913489342,0.6433083415031433,0.5155711770057678,0.009864026680588722,0.6547374725341797,0.4754164218902588,-0.015736471861600876,0.6573292016983032,0.5208908319473267,-0.02713453583419323,0.6579160094261169,0.5593045949935913,-0.02566838636994362,0.6693708896636963,0.5161915421485901,0.008043590001761913,0.6800671815872192,0.47567400336265564,-0.016736526042222977,0.6747921109199524,0.52276611328125,-0.01897023618221283,0.6703126430511475,0.5649192333221436,-0.009838424623012543,0.6916930079460144,0.5216177701950073,0.004931868053972721,0.7039905786514282,0.4725669324398041,-0.005408002529293299,0.7118741273880005,0.4412980079650879,-0.006435085088014603,0.7183519005775452,0.41142499446868896,-0.002181385876610875
0.6585449576377869,0.6611170768737793,-1.6810444947168435e-07,0.6278682351112366,0.628044605255127,-0.017838018015027046,0.6158431172370911,0.5690711140632629,-0.02586023323237896,0.626086950302124,0.5131970047950745,-0.034897491335868835,0.6521192789077759,0.4842677414417267,-0.04045534133911133,0.6158627271652222,0.5156180262565613,0.0050514512695372105,0.6238348484039307,0.4720350503921509,-0.016004113480448723,0.6337877511978149,0.49876004457473755,-0.029014073312282562,0.6405795216560364,0.5289822816848755,-0.031713951379060745,0.6435534954071045,0.5129332542419434,0.007863958366215229,0.6550867557525635,0.47480523586273193,-0.018415838479995728,0.6577649116516113,0.5225310325622559,-0.03012309968471527,0.6578715443611145,0.5622372627258301,-0.028809210285544395,0.6698927283287048,0.513965904712677,0.006375012453645468,0.6799187064170837,0.47635871171951294,-0.0187113918364048,0.6751937866210938,0.5237094163894653,-0.02131822146475315,0.6704317331314087,0.5658537745475769,-0.01241865660995245,0.692227840423584,0.519519567489624,0.003560149809345603,0.7032000422477722,0.47026774287223816,-0.006526367273181677,0.7116780877113342,0.4394635260105133,-0.007356732152402401,0.7185397148132324,0.4106901288032532,-0.002991907764226198
0.6600714325904846,0.6637938618659973,-1.7351436554235988e-07,0.628919780254364,0.6324156522750854,-0.0175950787961483,0.6169535517692566,0.5715721249580383,-0.02493792213499546,0.6271177530288696,0.5140258073806763,-0.03322106972336769,0.6518412828445435,0.4833683967590332,-0.03791070356965065,0.6170434355735779,0.5193823575973511,0.005659158807247877,0.6242117285728455,0.47279173135757446,-0.015121589414775372,0.6343288421630859,0.5000830888748169,-0.027855010703206062,0.6408901810646057,0.5319138169288635,-0.03020654246211052,0.6443785429000854,0.5166702270507812,0.008497525937855244,0.6548179984092712,0.47579002380371094,-0.01737396791577339,0.6572484374046326,0.5223885774612427,-0.02920304611325264,0.6569108963012695,0.5625051856040955,-0.02795567363500595,0.6702276468276978,0.5176814794540405,0.007007553242146969,0.6788145303726196,0.47832146286964417,-0.017198799178004265,0.6738664507865906,0.5237089395523071,-0.02015632763504982,0.6691152453422546,0.5652025938034058,-0.011819818057119846,0.6918991804122925,0.5226925015449524,0.004179728217422962,0.7025831937789917,0.4725985527038574,-0.005148713476955891,0.7106788158416748,0.4404630959033966,-0.006261350121349096,0.7170613408088684,0.4109446704387665,-0.002415750175714493
0.6593347191810608,0.6612595915794373,-1.2055407694333553e-07,0.62840735912323,0.6312492489814758,-0.01831097900867462,0.6165434122085571,0.5739337205886841,-0.026112018153071404,0.6262162327766418,0.5186151266098022,-0.03454415500164032,0.646923840045929,0.4868631064891815,-0.04001283273100853,0.6129992604255676,0.5167322754859924,0.0030303774401545525,0.6214511394500732,0.4732242524623871,-0.016680574044585228,0.6310058832168579,0.48604950308799744,-0.02920566126704216,0.6390814185142517,0.508836030960083,-0.03233596310019493,0.6415761113166809,0.5125101804733276,0.006010360084474087,0.6532674431800842,0.47607582807540894,-0.020756375044584274,0.6562946438789368,0.5217426419258118,-0.03284751623868942,0.657433271408081,0.5624889731407166,-0.03179670870304108,0.6685499548912048,0.5130166411399841,0.005061575677245855,0.679837167263031,0.4769636392593384,-0.02087356150150299,0.6755173802375793,0.5223826766014099,-0.023793190717697144,0.6711276769638062,0.5634464025497437,-0.015059194527566433,0.691163182258606,0.5185843706130981,0.00282763852737844,0.70205157995224,0.47000715136528015,-0.008974496275186539,0.7102982401847839,0.4395783841609955,-0.010217267088592052,0.7172839641571045,0.41115662455558777,-0.0059019774198532104
0.6591248512268066,0.6623554229736328,-1.715388719958355e-07,0.6273451447486877,0.631924569606781,-0.019269563257694244,0.6157680153846741,0.5704643130302429,-0.027194377034902573,0.6256608366966248,0.5134056806564331,-0.03574606776237488,0.6495305895805359,0.4832250773906708,-0.04076647385954857,0.6148771643638611,0.5159157514572144,0.004512420855462551,0.6218388676643372,0.47407710552215576,-0.017151158303022385,0.6310628652572632,0.49910321831703186,-0.030572902411222458,0.6381624937057495,0.5282339453697205,-0.033379144966602325,0.6426712274551392,0.5126339197158813,0.007954091764986515,0.6532719135284424,0.47580260038375854,-0.01961338147521019,0.6559206247329712,0.5238312482833862,-0.03208431228995323,0.6564059853553772,0.5637233257293701,-0.030771510675549507,0.6690933108329773,0.5136533379554749,0.006942639593034983,0.6791072487831116,0.4772256910800934,-0.019402308389544487,0.6745325326919556,0.5249131321907043,-0.022512124851346016,0.670022189617157,0.5668421983718872,-0.01352451741695404,0.6913367509841919,0.5194612145423889,0.004529247526079416,0.7020705938339233,0.46995091438293457,-0.006370257120579481,0.7102401852607727,0.43856656551361084,-0.007550531066954136,0.7168983221054077,0.4086953103542328,-0.0031831511296331882
0.6595308184623718,0.6614410877227783,-1.7522555140203622e-07,0.6269566416740417,0.6326861381530762,-0.018000071868300438,0.6147503852844238,0.5709389448165894,-0.02523088827729225,0.6257293820381165,0.5140379071235657,-0.03329143300652504,0.650399386882782,0.48399826884269714,-0.038212426006793976,0.6163566708564758,0.5178390741348267,0.003972010221332312,0.6221819519996643,0.4746064245700836,-0.016590101644396782,0.6321077346801758,0.49561432003974915,-0.029364656656980515,0.640124499797821,0.5238571166992188,-0.03206680715084076,0.6436933279037476,0.5143193006515503,0.006806951481848955,0.6545166373252869,0.4769172966480255,-0.019614245742559433,0.6569647789001465,0.5246583819389343,-0.03117435984313488,0.6569483280181885,0.5658422708511353,-0.029671574011445045,0.669585645198822,0.514946460723877,0.005441260524094105,0.6794508099555969,0.4764977693557739,-0.019952872768044472,0.6754631996154785,0.5229791402816772,-0.022702569141983986,0.6716197729110718,0.5651001334190369,-0.013925394974648952,0.6916397213935852,0.5197827816009521,0.0027549252845346928,0.7022144794464111,0.4698036015033722,-0.007893478497862816,0.7100818157196045,0.43886393308639526,-0.008922167122364044,0.7167697548866272,0.4097946286201477,-0.004727100487798452
0.6595665812492371,0.6612597107887268,-1.7875365188047e-07,0.6273741126060486,0.6327894926071167,-0.017872288823127747,0.6149955987930298,0.5714018940925598,-0.025226091966032982,0.6260960698127747,0.5148612260818481,-0.033357173204422,0.650397539138794,0.4839446246623993,-0.038304731249809265,0.6164531707763672,0.5178503394126892,0.002971239620819688,0.6217895746231079,0.47525057196617126,-0.017737977206707,0.6329893469810486,0.4983314871788025,-0.030521508306264877,0.6419567465782166,0.5275803804397583,-0.03326914831995964,0.6436823606491089,0.5143346786499023,0.0057756961323320866,0.6539101004600525,0.47671717405319214,-0.02019117958843708,0.6573249697685242,0.5248438715934753,-0.03135424107313156,0.6578365564346313,0.5654234290122986,-0.029952291399240494,0.6696187257766724,0.5153186321258545,0.00442500039935112,0.6789277195930481,0.47608622908592224,-0.020583501085639,0.6753795742988586,0.5234867930412292,-0.022727100178599358,0.6719672679901123,0.5659393072128296,-0.013863570988178253,0.6918128728866577,0.5207669138908386,0.0017330513801425695,0.7027830481529236,0.4705825448036194,-0.009039126336574554,0.710719883441925,0.4388676881790161,-0.010162904858589172,0.7173227667808533,0.40855172276496887,-0.006197802722454071
0.6595525741577148,0.6613099575042725,-1.7430660648187768e-07,0.6273058652877808,0.6332371830940247,-0.017614703625440598,0.6148929595947266,0.5710693001747131,-0.024737223982810974,0.6263064742088318,0.5141116976737976,-0.03264223039150238,0.6505102515220642,0.48286083340644836,-0.037474051117897034,0.6163845062255859,0.5178713202476501,0.0030086208134889603,0.6211845278739929,0.4750306010246277,-0.017431821674108505,0.6321084499359131,0.4962392747402191,-0.030096931383013725,0.6412053108215332,0.5249322652816772,-0.03284480422735214,0.6435689330101013,0.5142700672149658,0.0057221753522753716,0.6537256240844727,0.47691774368286133,-0.020242834463715553,0.6569263935089111,0.5248844027519226,-0.03135503828525543,0.6574127078056335,0.565739631652832,-0.029868755489587784,0.6696251630783081,0.5153176784515381,0.004344129469245672,0.6792353987693787,0.47595345973968506,-0.02055843360722065,0.6753399968147278,0.5232291221618652,-0.02252677083015442,0.6716348528862,0.5658420920372009,-0.01357891783118248,0.6918370127677917,0.5208615660667419,0.0016257046954706311,0.7029083371162415,0.4707820415496826,-0.009291590191423893,0.7107684016227722,0.43897947669029236,-0.010402875021100044,0.7174270153045654,0.4084452986717224,-0.006391475442796946
0.6596142053604126,0.6609342098236084,-1.8783116217946372e-07,0.6274351477622986,0.6313451528549194,-0.01877051219344139,0.6147260069847107,0.5701076984405518,-0.026338959112763405,0.6256333589553833,0.5130886435508728,-0.03456611558794975,0.6507791876792908,0.48483914136886597,-0.03913365304470062,0.6138221621513367,0.5156671404838562,0.003841141937300563,0.6217231750488281,0.4738115668296814,-0.01729363575577736,0.6321030855178833,0.5021370053291321,-0.029867714270949364,0.6391636729240417,0.5329455137252808,-0.03208068013191223,0.6418843269348145,0.5126237869262695,0.007181847468018532,0.6530138254165649,0.475496768951416,-0.01920686662197113,0.6564038991928101,0.5245405435562134,-0.030088985338807106,0.6566631197929382,0.5644630789756775,-0.027906669303774834,0.6683433055877686,0.513579249382019,0.006079026497900486,0.6776388883590698,0.47788068652153015,-0.01924608275294304,0.674005389213562,0.5259560942649841,-0.02152210846543312,0.6701335906982422,0.5678489804267883,-0.012185744009912014,0.6911979913711548,0.5186470150947571,0.003573932219296694,0.700958251953125,0.4688718318939209,-0.0066365525126457214,0.7094248533248901,0.43824005126953125,-0.007400416769087315,0.7165526747703552,0.40955650806427,-0.0028685485012829304
0.6594492793083191,0.6618870496749878,-1.525758648313058e-07,0.6273927092552185,0.6321521997451782,-0.018006229773163795,0.6148536205291748,0.5701862573623657,-0.025114839896559715,0.6250022053718567,0.5133441090583801,-0.032953858375549316,0.6499157547950745,0.4833974242210388,-0.03776152431964874,0.6139155030250549,0.518375813961029,0.0035750288516283035,0.6206173896789551,0.4746413230895996,-0.016833698377013206,0.6312299966812134,0.493338406085968,-0.029259338974952698,0.6401216983795166,0.5195499062538147,-0.031633976846933365,0.6416494250297546,0.5149471163749695,0.006745920516550541,0.6530288457870483,0.4768734276294708,-0.02026899717748165,0.6561499834060669,0.5245247483253479,-0.03171806037425995,0.6570947766304016,0.5663490295410156,-0.029676267877221107,0.667927622795105,0.5153989195823669,0.005769583862274885,0.677509605884552,0.4790734350681305,-0.020402556285262108,0.6738373041152954,0.5267391800880432,-0.023333821445703506,0.6707696318626404,0.5694388747215271,-0.01408613845705986,0.6905045509338379,0.5199224948883057,0.0035806468222290277,0.7012645602226257,0.4698014259338379,-0.0072331782430410385,0.7095838189125061,0.438570499420166,-0.008316952735185623,0.7168352603912354,0.40961384773254395,-0.003901064395904541
0.6587572693824768,0.6621148586273193,-1.590232727721741e-07,0.6271163821220398,0.6309798955917358,-0.018594056367874146,0.6147930026054382,0.5703249573707581,-0.02647331729531288,0.6248977184295654,0.5142483115196228,-0.03508400544524193,0.6502754092216492,0.48384979367256165,-0.040326256304979324,0.6141346096992493,0.5169817805290222,0.004171440843492746,0.6218537092208862,0.4744034707546234,-0.017171582207083702,0.6318780779838562,0.4985528290271759,-0.030341224744915962,0.639470636844635,0.5272283554077148,-0.033037614077329636,0.6420843005180359,0.5140849351882935,0.007396775763481855,0.6536452770233154,0.47527047991752625,-0.01991763897240162,0.6567931771278381,0.5233598947525024,-0.03189610689878464,0.6575210094451904,0.5635405778884888,-0.03021148405969143,0.6682009696960449,0.515044629573822,0.006285908166319132,0.6778646111488342,0.4784831404685974,-0.019869236275553703,0.6739980578422546,0.5268056988716125,-0.02274935133755207,0.670449435710907,0.5690343379974365,-0.013475954532623291,0.6906138062477112,0.5205200910568237,0.003873425303027034,0.7014713883399963,0.4707013666629791,-0.006573764141649008,0.7097718119621277,0.43957000970840454,-0.0073763164691627026,0.7164852023124695,0.40987420082092285,-0.002774735214188695
0.659064531326294,0.6622626185417175,-1.6405256531015766e-07,0.6266577243804932,0.6324747204780579,-0.0173810888081789,0.6144447922706604,0.5712737441062927,-0.024461308494210243,0.6249719262123108,0.5151293277740479,-0.03247438371181488,0.6499781608581543,0.4847637116909027,-0.03727555647492409,0.6149244904518127,0.5188024044036865,0.004757450427860022,0.6214736700057983,0.4748089611530304,-0.01628805883228779,0.6320562362670898,0.49699637293815613,-0.029423994943499565,0.6407992839813232,0.5250548720359802,-0.03217282146215439,0.6425031423568726,0.5156756043434143,0.0074606845155358315,0.6539928317070007,0.47575199604034424,-0.019685588777065277,0.6571316123008728,0.5231995582580566,-0.03171703964471817,0.6580934524536133,0.5632408261299133,-0.030115075409412384,0.6683797836303711,0.5162865519523621,0.006012741010636091,0.678176760673523,0.4785529375076294,-0.019838975742459297,0.6738083362579346,0.5267081260681152,-0.02230643667280674,0.67038494348526,0.5689502954483032,-0.012799674645066261,0.690780758857727,0.5214481353759766,0.0033153584226965904,0.701856255531311,0.47125717997550964,-0.007132583297789097,0.709745466709137,0.4395386576652527,-0.007706983480602503,0.7163705825805664,0.409277081489563,-0.0029315180145204067
0.6597729325294495,0.6621004939079285,-1.5234726902235707e-07,0.6269453763961792,0.6305211186408997,-0.01700197532773018,0.614654004573822,0.5704020857810974,-0.024194253608584404,0.6257744431495667,0.5150175094604492,-0.032501038163900375,0.6509042382240295,0.4844991862773895,-0.03782232105731964,0.6138622164726257,0.5183058381080627,0.005764184053987265,0.6208502054214478,0.4744958281517029,-0.014711664989590645,0.6317418813705444,0.49421823024749756,-0.028000719845294952,0.6406622529029846,0.5203609466552734,-0.031245660036802292,0.6419737339019775,0.5152401924133301,0.008102667517960072,0.6535108685493469,0.4760854244232178,-0.018654609099030495,0.6564626097679138,0.524121880531311,-0.030968066304922104,0.6568862199783325,0.5641428828239441,-0.029871301725506783,0.6681767702102661,0.5159898400306702,0.006320432759821415,0.6786884069442749,0.4767976701259613,-0.01914745755493641,0.6743661761283875,0.5246595740318298,-0.021600155159831047,0.6703920364379883,0.5671475529670715,-0.012394888326525688,0.6908154487609863,0.5216693878173828,0.0032526489812880754,0.7016880512237549,0.4713815450668335,-0.007157656829804182,0.7096711993217468,0.439975768327713,-0.007691468112170696,0.7160958647727966,0.40977734327316284,-0.0030326670967042446
0.6591506004333496,0.6622010469436646,-1.6013835590911185e-07,0.6265354156494141,0.6307936906814575,-0.01593836396932602,0.6143354177474976,0.5696501731872559,-0.022476812824606895,0.6256295442581177,0.5135877132415771,-0.030241845175623894,0.6506438851356506,0.4823223054409027,-0.03503211587667465,0.6148276329040527,0.5194401144981384,0.006799433846026659,0.6215571761131287,0.4751877784729004,-0.012791587971150875,0.6316173672676086,0.4951045513153076,-0.02552245557308197,0.6401987671852112,0.5218936204910278,-0.028627028688788414,0.6427261829376221,0.5162784457206726,0.008834893815219402,0.6541429162025452,0.4762920141220093,-0.017169853672385216,0.6565098166465759,0.5230847597122192,-0.029009530320763588,0.6571058630943298,0.5633276104927063,-0.027835123240947723,0.6687900424003601,0.5169470310211182,0.006839715410023928,0.6795466542243958,0.47663813829421997,-0.017696239054203033,0.6746060848236084,0.5234928131103516,-0.019613219425082207,0.6705445051193237,0.5655549168586731,-0.01043009478598833,0.6913161873817444,0.5225491523742676,0.0035758984740823507,0.7026768326759338,0.4730500280857086,-0.0066545442678034306,0.7103577852249146,0.4412800073623657,-0.007301619276404381,0.7166838645935059,0.4103868007659912,-0.002887638285756111
0.6595627665519714,0.6607747673988342,-1.78886679691459e-07,0.6274752616882324,0.6308815479278564,-0.017321383580565453,0.6147153973579407,0.5687890648841858,-0.023967590183019638,0.6252361536026001,0.5108200907707214,-0.03158441558480263,0.650730550289154,0.4807437062263489,-0.0359758585691452,0.6153640747070312,0.5177171230316162,0.0056361365132033825,0.6209585666656494,0.47407034039497375,-0.01430144626647234,0.6316959857940674,0.49732252955436707,-0.026498273015022278,0.6403746604919434,0.5261468887329102,-0.02881089597940445,0.6427056789398193,0.5142130851745605,0.008637974038720131,0.6535317301750183,0.47636502981185913,-0.016973549500107765,0.6567162275314331,0.5244275331497192,-0.027881301939487457,0.657139003276825,0.5645774602890015,-0.025951728224754333,0.6686680316925049,0.5145589709281921,0.007385571021586657,0.6784420013427734,0.4759376049041748,-0.017352815717458725,0.6745026707649231,0.5235317945480347,-0.019510166719555855,0.6708498597145081,0.565738320350647,-0.010271841660141945,0.691119909286499,0.5192503929138184,0.004848803859204054,0.7019939422607422,0.4697513282299042,-0.0053139179944992065,0.7100502252578735,0.43907275795936584,-0.006180185358971357,0.7169204950332642,0.4097263813018799,-0.00178409309592098
0.6585120558738708,0.6594880223274231,-1.3931723685800534e-07,0.6272516846656799,0.6291201710700989,-0.017334116622805595,0.6154279708862305,0.5684853196144104,-0.0243711918592453,0.6257621049880981,0.5122666954994202,-0.03229976072907448,0.6509208679199219,0.4823979139328003,-0.037351880222558975,0.6155799627304077,0.517907440662384,0.00449634762480855,0.620513379573822,0.47313177585601807,-0.015031881630420685,0.631092369556427,0.48918938636779785,-0.0272065419703722,0.6403436064720154,0.5138566493988037,-0.029765529558062553,0.6428558230400085,0.5142697691917419,0.007251006085425615,0.6535311937332153,0.4759809374809265,-0.018936267122626305,0.6560498476028442,0.5219303965568542,-0.03061159886419773,0.6564971208572388,0.5619980096817017,-0.0291083212941885,0.6685002446174622,0.5146282911300659,0.006005896255373955,0.6779873371124268,0.47757697105407715,-0.019307861104607582,0.6732416152954102,0.5241434574127197,-0.022265208885073662,0.6691374778747559,0.5658419728279114,-0.013452509418129921,0.6905794143676758,0.5194035172462463,0.0035585612058639526,0.7015901803970337,0.4702364504337311,-0.006973198615014553,0.7098203301429749,0.4394724369049072,-0.007993249222636223,0.7167550325393677,0.4105028808116913,-0.003709969809278846
0.6591334342956543,0.6604254841804504,-1.3807981247282441e-07,0.6274330615997314,0.6317081451416016,-0.01688668690621853,0.6149757504463196,0.5704431533813477,-0.023797329515218735,0.6252069473266602,0.5146489143371582,-0.031458232551813126,0.6488021016120911,0.4829232096672058,-0.036344997584819794,0.6144696474075317,0.5185482501983643,0.0028128272388130426,0.6205829381942749,0.47400909662246704,-0.016024403274059296,0.6309067606925964,0.4871005713939667,-0.02783532440662384,0.6405563354492188,0.5093291997909546,-0.03073081746697426,0.6423959732055664,0.5142396688461304,0.005228840280324221,0.6533248424530029,0.4765567183494568,-0.02061682939529419,0.6559460759162903,0.5229083299636841,-0.03173261135816574,0.6568362712860107,0.5635517239570618,-0.03025885857641697,0.6688433885574341,0.514646589756012,0.003926538396626711,0.6790551543235779,0.4761238992214203,-0.02083250693976879,0.6747660636901855,0.5225598812103271,-0.022589927539229393,0.6705766916275024,0.56427401304245,-0.013485420495271683,0.6911481022834778,0.5199753046035767,0.001400665147230029,0.7022656798362732,0.47072920203208923,-0.009424814023077488,0.7099717259407043,0.43957340717315674,-0.010079204104840755,0.7162052989006042,0.4096357822418213,-0.005734158214181662
0.6591541767120361,0.6585967540740967,-1.613640137065886e-07,0.6266946792602539,0.627693235874176,-0.01655682548880577,0.6140198707580566,0.5671488642692566,-0.023504076525568962,0.6246626973152161,0.5111976861953735,-0.03152596578001976,0.6509870290756226,0.4826280474662781,-0.03650165721774101,0.6154362559318542,0.5160377621650696,0.00522439181804657,0.6208536624908447,0.4735817611217499,-0.014877951703965664,0.6314315795898438,0.494818776845932,-0.027543550357222557,0.6401818990707397,0.5218784809112549,-0.030243171378970146,0.6426436901092529,0.5126115083694458,0.007513611111789942,0.6535627841949463,0.474760502576828,-0.018609868362545967,0.6565306186676025,0.5215363502502441,-0.030219869688153267,0.6570488810539246,0.5613222718238831,-0.02863006293773651,0.6684495210647583,0.5130418539047241,0.005779569037258625,0.677935004234314,0.47696784138679504,-0.019325582310557365,0.6735636591911316,0.5245898962020874,-0.02179007977247238,0.6694940328598022,0.5666691064834595,-0.012520961463451385,0.690718948841095,0.5179536938667297,0.0028681776020675898,0.7017340660095215,0.46859800815582275,-0.007099156733602285,0.7099643349647522,0.4380110502243042,-0.007414085324853659,0.7166045308113098,0.4093534052371979,-0.002562940586358309
0.6593543887138367,0.6589346528053284,-1.923913970358626e-07,0.6271218061447144,0.6308765411376953,-0.016487231478095055,0.6144132614135742,0.5690240859985352,-0.023403365164995193,0.6258813738822937,0.5125696063041687,-0.03127758204936981,0.6496068239212036,0.480426162481308,-0.0359652042388916,0.6155679225921631,0.5157753825187683,0.004009016789495945,0.6221600770950317,0.4739771783351898,-0.016506601125001907,0.6327399611473083,0.4980453550815582,-0.02952440083026886,0.6410329341888428,0.5277495980262756,-0.0326138511300087,0.6429990530014038,0.5123304128646851,0.006200468633323908,0.6542636156082153,0.4744509160518646,-0.019679101184010506,0.6575903296470642,0.5227922797203064,-0.030936500057578087,0.6580224633216858,0.5634050369262695,-0.02963174320757389,0.6691226959228516,0.5131848454475403,0.004399685654789209,0.6799585819244385,0.4741351902484894,-0.01990438997745514,0.6759082078933716,0.5218557119369507,-0.021153217181563377,0.6715532541275024,0.5641879439353943,-0.011841773986816406,0.6915165185928345,0.5189062356948853,0.0013107826234772801,0.7021637558937073,0.46924489736557007,-0.008860831148922443,0.7099642753601074,0.4383983910083771,-0.009030593559145927,0.7163495421409607,0.40879732370376587,-0.0043841274455189705
0.6602517366409302,0.660305917263031,-1.7846475941496465e-07,0.627234935760498,0.6318726539611816,-0.01799335516989231,0.6147499680519104,0.568612813949585,-0.024972928687930107,0.6257064938545227,0.5109187960624695,-0.032643016427755356,0.6501762866973877,0.4794574975967407,-0.037024129182100296,0.6160700917243958,0.5169779062271118,0.00445371912792325,0.6220335960388184,0.4747452735900879,-0.016622131690382957,0.6328551173210144,0.49790701270103455,-0.030000586062669754,0.641371488571167,0.5270049571990967,-0.033003512769937515,0.6433134078979492,0.5135373473167419,0.007603358011692762,0.6545799970626831,0.4753928482532501,-0.018958598375320435,0.6576349139213562,0.5234531164169312,-0.030633708462119102,0.6574240922927856,0.5636656284332275,-0.029178211465477943,0.6691429018974304,0.5144956707954407,0.006514706648886204,0.6794735789299011,0.47530579566955566,-0.01853887364268303,0.6751400828361511,0.523236095905304,-0.020202618092298508,0.6705841422080994,0.5657795667648315,-0.010677889920771122,0.6912615895271301,0.5201305150985718,0.004037533886730671,0.7020984292030334,0.47025352716445923,-0.006185981445014477,0.7099540829658508,0.4390166997909546,-0.006490429397672415,0.716190755367279,0.4089527726173401,-0.001717301900498569
0.6584963202476501,0.6586949229240417,-1.6666203350723663e-07,0.6266069412231445,0.6298683285713196,-0.016353372484445572,0.6141891479492188,0.567270815372467,-0.022525953128933907,0.6252215504646301,0.5101718306541443,-0.02975538931787014,0.6493574976921082,0.4801788926124573,-0.034147102385759354,0.6156696081161499,0.5166136026382446,0.0051030186004936695,0.6203420162200928,0.47351133823394775,-0.014385608956217766,0.6298497319221497,0.49127352237701416,-0.02660290151834488,0.638364315032959,0.5173444151878357,-0.029294349253177643,0.6428893208503723,0.5130694508552551,0.007454874459654093,0.65354984998703,0.47531166672706604,-0.01870196871459484,0.6560227870941162,0.5228613615036011,-0.02987821400165558,0.6561779975891113,0.5636482834815979,-0.02814878150820732,0.6688864231109619,0.5138053297996521,0.005866041872650385,0.6787430047988892,0.4746512174606323,-0.019138528034090996,0.6741178631782532,0.522854208946228,-0.02063683047890663,0.669986367225647,0.5657944679260254,-0.011019854806363583,0.6910827159881592,0.5189828872680664,0.0030441819690167904,0.7024602293968201,0.4696948826313019,-0.00760120153427124,0.7099131941795349,0.43840622901916504,-0.008093451149761677,0.7161052227020264,0.40817028284072876,-0.0034643039107322693
0.6593242883682251,0.6600692272186279,-1.8700512782743317e-07,0.6274568438529968,0.6308154463768005,-0.01830652728676796,0.6146299242973328,0.5674477219581604,-0.025685518980026245,0.6252205967903137,0.5101720094680786,-0.033805347979068756,0.6507827639579773,0.48032277822494507,-0.03858344256877899,0.6150841116905212,0.5158604383468628,0.003462326480075717,0.6220442056655884,0.47415298223495483,-0.017242563888430595,0.631896436214447,0.49939027428627014,-0.030078211799263954,0.6394190788269043,0.5282323956489563,-0.033064231276512146,0.6425715684890747,0.5125123262405396,0.006466543767601252,0.6535029411315918,0.474653959274292,-0.019667532294988632,0.6561819911003113,0.5237200856208801,-0.0307315606623888,0.65633225440979,0.5634351968765259,-0.029153482988476753,0.6688106060028076,0.5134857892990112,0.005223529413342476,0.679210364818573,0.47237199544906616,-0.019311264157295227,0.6752048134803772,0.5196937322616577,-0.02072327956557274,0.6711553335189819,0.5620168447494507,-0.01141468994319439,0.691173255443573,0.5193510055541992,0.0024887872859835625,0.7019869685173035,0.4693581163883209,-0.007770071271806955,0.7095255255699158,0.43807119131088257,-0.008444166742265224,0.7157754898071289,0.40804344415664673,-0.004143933299928904
0.6595972180366516,0.6614712476730347,-1.8957962311105803e-07,0.6284773945808411,0.6313968896865845,-0.019767850637435913,0.615451991558075,0.5693306922912598,-0.027899494394659996,0.6241104006767273,0.5111326575279236,-0.03639969229698181,0.6503133177757263,0.4810506999492645,-0.04100774601101875,0.6149036884307861,0.5136587619781494,0.0033971653319895267,0.6217468976974487,0.4732365608215332,-0.01868009939789772,0.6325199604034424,0.5022704601287842,-0.0317191556096077,0.6398867964744568,0.532040536403656,-0.03402610123157501,0.6421381235122681,0.5104449987411499,0.007409128360450268,0.6534013152122498,0.4746922254562378,-0.01982000842690468,0.6571800708770752,0.5244731903076172,-0.03086630254983902,0.6572965383529663,0.5632873177528381,-0.0284874327480793,0.668287992477417,0.5113177299499512,0.006856832187622786,0.6782242059707642,0.47607436776161194,-0.01910010538995266,0.674170196056366,0.5251106023788452,-0.020936476066708565,0.6695830821990967,0.5667533874511719,-0.010933717712759972,0.6908866763114929,0.5169307589530945,0.004885385278612375,0.7008218169212341,0.46708786487579346,-0.005249268840998411,0.7088938355445862,0.43633243441581726,-0.005447710864245892,0.7153860330581665,0.40706291794776917,-0.00024398634559474885
0.6592690944671631,0.6609256863594055,-1.6064359442680143e-07,0.6268362998962402,0.6315324902534485,-0.01845516264438629,0.6146577000617981,0.5698409080505371,-0.025996901094913483,0.6238780617713928,0.5119472146034241,-0.03434135392308235,0.6463342905044556,0.47962015867233276,-0.0394519604742527,0.6137267351150513,0.5157709717750549,0.004190769046545029,0.6192430257797241,0.47227412462234497,-0.016961393877863884,0.6286459565162659,0.49483242630958557,-0.030294472351670265,0.6364112496376038,0.5230897665023804,-0.033424198627471924,0.6413594484329224,0.5114963054656982,0.007149141281843185,0.6508947610855103,0.47206053137779236,-0.020093120634555817,0.6543707251548767,0.519474983215332,-0.03251111879944801,0.6558204293251038,0.5592157244682312,-0.031432751566171646,0.6679438948631287,0.5122796893119812,0.0058827027678489685,0.6774118542671204,0.4728108048439026,-0.020015593618154526,0.6731286644935608,0.5215335488319397,-0.022267872467637062,0.6691902875900269,0.5643531680107117,-0.012950113974511623,0.6903454661369324,0.5184937119483948,0.0032016905024647713,0.701084315776825,0.4686286449432373,-0.008097970858216286,0.7090921401977539,0.43680256605148315,-0.00916509609669447,0.7158988118171692,0.4062424302101135,-0.004778572358191013
0.658298134803772,0.6584891080856323,-1.9802024553428055e-07,0.627094030380249,0.6275492310523987,-0.01782125234603882,0.6149905920028687,0.5668606162071228,-0.025498947128653526,0.6247283220291138,0.5102497339248657,-0.03412520885467529,0.6496249437332153,0.47971776127815247,-0.03910503908991814,0.6158663034439087,0.5132539868354797,0.00501285120844841,0.62247633934021,0.47201886773109436,-0.016804158687591553,0.63270503282547,0.5016458630561829,-0.029884574934840202,0.6405414342880249,0.5322685241699219,-0.032439809292554855,0.6425756216049194,0.5103261470794678,0.007877306081354618,0.6532073020935059,0.47202783823013306,-0.01924753747880459,0.6564933657646179,0.5213377475738525,-0.030513746663928032,0.6574737429618835,0.5604016184806824,-0.02857547253370285,0.6681635975837708,0.5112143158912659,0.006312210112810135,0.6773105263710022,0.47377094626426697,-0.019360335543751717,0.6733019948005676,0.5225956439971924,-0.021094052121043205,0.6696328520774841,0.5642781853675842,-0.011385378427803516,0.6901369690895081,0.5170385241508484,0.0034050389658659697,0.7008693218231201,0.4675130248069763,-0.007075523491948843,0.7093297243118286,0.4367588758468628,-0.007711502723395824,0.716281533241272,0.40714794397354126,-0.0030698622576892376
0.658534824848175,0.6572644114494324,-2.1681374562376732e-07,0.6268999576568604,0.6254657506942749,-0.017671801149845123,0.6143386960029602,0.5658705234527588,-0.0258170198649168,0.6244266033172607,0.5096495151519775,-0.03496074676513672,0.6511411666870117,0.4800302982330322,-0.04029811546206474,0.6173645853996277,0.5114301443099976,0.00468849204480648,0.623735785484314,0.4718315005302429,-0.017997469753026962,0.6329958438873291,0.5047093033790588,-0.03147967532277107,0.6389974355697632,0.5373315215110779,-0.03398774564266205,0.644028902053833,0.5091611742973328,0.007299473509192467,0.6540920734405518,0.4722016453742981,-0.020025156438350677,0.6564884781837463,0.5219722986221313,-0.031077386811375618,0.6557693481445312,0.5617579221725464,-0.028887979686260223,0.6698809862136841,0.5103678703308105,0.005434905178844929,0.6784043312072754,0.47269192337989807,-0.020015934482216835,0.6742770075798035,0.5208393335342407,-0.02129446528851986,0.6699053645133972,0.5624471306800842,-0.011254399083554745,0.6920405626296997,0.5163020491600037,0.0022033564746379852,0.7019550800323486,0.4666561186313629,-0.0076645612716674805,0.7095591425895691,0.4362107515335083,-0.007613220252096653,0.7154092192649841,0.4074152708053589,-0.0024537877179682255
0.6594880223274231,0.6582527160644531,-2.170218067476526e-07,0.6288629770278931,0.6272333860397339,-0.019260337576270103,0.616030216217041,0.5656982660293579,-0.027827145531773567,0.625762403011322,0.5085357427597046,-0.03683529049158096,0.6515107750892639,0.47896021604537964,-0.041715480387210846,0.6171060800552368,0.5103964805603027,0.0027557804714888334,0.6246350407600403,0.4712786078453064,-0.019990356639027596,0.6347986459732056,0.5063493847846985,-0.033455997705459595,0.6409761309623718,0.5396681427955627,-0.036074645817279816,0.6437007784843445,0.508553683757782,0.00631618220359087,0.6540430784225464,0.4719344973564148,-0.020506327971816063,0.6576199531555176,0.5224913358688354,-0.031030524522066116,0.6575841903686523,0.5614200830459595,-0.028763148933649063,0.6696987152099609,0.5106640458106995,0.0053407056257128716,0.6789571642875671,0.4718623161315918,-0.019374920055270195,0.6756343841552734,0.5201860666275024,-0.01975598745048046,0.6714698076248169,0.5616347193717957,-0.00951946061104536,0.6921796202659607,0.5177836418151855,0.002804470481351018,0.7018327713012695,0.46814224123954773,-0.006862799637019634,0.7093824148178101,0.43732160329818726,-0.006637927610427141,0.715349018573761,0.4074208736419678,-0.0015078159049153328
0.6629459261894226,0.6591963768005371,-1.4721005925366626e-07,0.630100429058075,0.625859260559082,-0.018843160942196846,0.6171204447746277,0.5667916536331177,-0.027488214895129204,0.6263887882232666,0.5101088285446167,-0.03656525909900665,0.653678834438324,0.48137205839157104,-0.04204713553190231,0.6163894534111023,0.5127530097961426,0.003446368733420968,0.6228829026222229,0.4704316258430481,-0.0190830547362566,0.6349025368690491,0.49521195888519287,-0.03324705362319946,0.644310712814331,0.5233041048049927,-0.03621877357363701,0.6438580751419067,0.5106001496315002,0.00689052464440465,0.655070960521698,0.47259804606437683,-0.02050945535302162,0.6587427854537964,0.5197106003761292,-0.03281285986304283,0.6594076752662659,0.558515191078186,-0.0313003808259964,0.670325756072998,0.5116841197013855,0.006081081926822662,0.6802111864089966,0.47502732276916504,-0.019624659791588783,0.675593912601471,0.5220295190811157,-0.022100763395428658,0.6708336472511292,0.5637866258621216,-0.012553745880723,0.6928818821907043,0.5179275870323181,0.003945956472307444,0.7028247714042664,0.4673590064048767,-0.005639076232910156,0.7101518511772156,0.4355532228946686,-0.0053827702067792416,0.7157058119773865,0.40677446126937866,0.00010393749107606709
