0,1,2,3,4,5,6,7,8,9,10,11,12,13,14,15,16,17,18,19,20,21,22,23,24,25,26,27,28,29,30,31,32,33,34,35,36,37,38,39,40,41,42,43,44,45,46,47,48,49,50,51,52,53,54,55,56,57,58,59,60,61,62
0.6840397715568542,0.7928605675697327,-3.286478715835983e-07,0.6486095190048218,0.7570267915725708,-0.011675541289150715,0.6245155334472656,0.7094414830207825,-0.021860653534531593,0.6247298121452332,0.6711915731430054,-0.03311542794108391,0.6541363000869751,0.659893810749054,-0.041428133845329285,0.6587485074996948,0.6095308065414429,-0.004350885283201933,0.6513180136680603,0.5925110578536987,-0.023503556847572327,0.6481784582138062,0.6253059506416321,-0.034898996353149414,0.6489747166633606,0.6513170003890991,-0.03937014564871788,0.6879457831382751,0.6171606183052063,-0.007553136441856623,0.6787160634994507,0.6171229481697083,-0.03110494092106819,0.6690202355384827,0.6702727675437927,-0.038858409970998764,0.6663011908531189,0.7050157785415649,-0.0375746451318264,0.7130202054977417,0.6371994018554688,-0.013694909401237965,0.7039991021156311,0.6466628313064575,-0.0389908105134964,0.6885945796966553,0.6952215433120728,-0.03997591510415077,0.6803610920906067,0.7272745370864868,-0.032110802829265594,0.7330778241157532,0.6636548042297363,-0.020442264154553413,0.7418190240859985,0.6337317228317261,-0.03368913009762764,0.7491982579231262,0.611656665802002,-0.03398449346423149,0.7560490965843201,0.5849250555038452,-0.02970215491950512
0.6836631298065186,0.7938511371612549,-3.3477402894277475e-07,0.6464150547981262,0.7548375725746155,-0.013850357383489609,0.6217901110649109,0.7067790031433105,-0.024971991777420044,0.6256552934646606,0.6692240834236145,-0.036539945751428604,0.6562319397926331,0.6591890454292297,-0.04462283477187157,0.6594335436820984,0.6003184914588928,-0.002993864705786109,0.6494300365447998,0.6013245582580566,-0.020806318148970604,0.6464149951934814,0.6384862065315247,-0.032854948192834854,0.6471767425537109,0.6628396511077881,-0.03761681541800499,0.6896873116493225,0.6107398271560669,-0.00492103211581707,0.678292453289032,0.6266960501670837,-0.02726108394563198,0.6682875752449036,0.6788908243179321,-0.037106703966856,0.663524866104126,0.7135000824928284,-0.037024471908807755,0.7147406339645386,0.634042501449585,-0.009538858197629452,0.702265739440918,0.6500228047370911,-0.03233374282717705,0.6869264245033264,0.6973111629486084,-0.03348999097943306,0.6790088415145874,0.7295488119125366,-0.025647960603237152,0.734262228012085,0.6636479496955872,-0.015120639465749264,0.7424985766410828,0.6343027353286743,-0.025625480338931084,0.7488058805465698,0.6117582321166992,-0.024006446823477745,0.7549156546592712,0.5869690179824829,-0.017971519380807877
0.6834895014762878,0.7931665182113647,-2.586730261100456e-07,0.6486268043518066,0.7586567401885986,-0.01438816636800766,0.6230264902114868,0.7135158777236938,-0.026067733764648438,0.6223807334899902,0.6761915683746338,-0.037318211048841476,0.6530416011810303,0.6643272638320923,-0.045556388795375824,0.6595916748046875,0.6076443791389465,-0.008422008715569973,0.6497653126716614,0.6036004424095154,-0.02171415090560913,0.6474106907844543,0.622997522354126,-0.02982403337955475,0.6473833322525024,0.6411359310150146,-0.033468473702669144,0.6907010674476624,0.614712655544281,-0.009351109154522419,0.6756079792976379,0.6322364807128906,-0.027759578078985214,0.6654393672943115,0.6821072697639465,-0.03446881100535393,0.6614325046539307,0.7167030572891235,-0.03397900238633156,0.7161725759506226,0.6378358602523804,-0.012279734946787357,0.701866626739502,0.6545401811599731,-0.033241741359233856,0.6845723986625671,0.7029262781143188,-0.03220769762992859,0.6755399107933044,0.7367209196090698,-0.024248717352747917,0.7352820634841919,0.6684542298316956,-0.016105957329273224,0.7426193356513977,0.6420392990112305,-0.02817850559949875,0.7486528754234314,0.6219419836997986,-0.02684938721358776,0.7545189261436462,0.5990400910377502,-0.021574340760707855
0.6821534633636475,0.786083459854126,-3.4999857234652154e-07,0.642942488193512,0.7512552738189697,-0.01946857012808323,0.6111018657684326,0.7096003293991089,-0.03392899036407471,0.6031864881515503,0.6793047785758972,-0.04717039316892624,0.6332401633262634,0.6766097545623779,-0.05650483816862106,0.6569833159446716,0.5965820550918579,-0.011798370629549026,0.6326514482498169,0.6239509582519531,-0.032103586941957474,0.6276630759239197,0.6680047512054443,-0.04627401754260063,0.6307443976402283,0.6835359930992126,-0.0535476878285408,0.6865292191505432,0.6062015891075134,-0.011908863671123981,0.655656099319458,0.6440338492393494,-0.028484469279646873,0.6469870805740356,0.6890882253646851,-0.033017732203006744,0.6489662528038025,0.7062463760375977,-0.032637517899274826,0.7099618911743164,0.6318280100822449,-0.01548344362527132,0.6786187291145325,0.668051540851593,-0.032671548426151276,0.6672981977462769,0.7045161128044128,-0.029439879581332207,0.6669089794158936,0.7237193584442139,-0.02207615226507187,0.7267667055130005,0.6659111380577087,-0.02146817371249199,0.7094031572341919,0.674072802066803,-0.030371136963367462,0.701439380645752,0.6836645603179932,-0.02588379941880703,0.6997101306915283,0.6901001334190369,-0.018208974972367287
0.6814926266670227,0.7898353934288025,-3.4642090440684115e-07,0.6408023238182068,0.750302791595459,-0.01735560968518257,0.608565092086792,0.7077495455741882,-0.032442856580019,0.5959656834602356,0.678186297416687,-0.046485863626003265,0.624664843082428,0.6799997091293335,-0.05669103562831879,0.6636821627616882,0.5925313830375671,-0.01570621132850647,0.6262235045433044,0.6252210140228271,-0.0343751423060894,0.6210088729858398,0.6698642373085022,-0.04729937016963959,0.6271851062774658,0.6836145520210266,-0.054204728454351425,0.6913580894470215,0.6106722950935364,-0.016891073435544968,0.6468223929405212,0.647247314453125,-0.03346613422036171,0.6368113160133362,0.6911731362342834,-0.037766627967357635,0.6403008103370667,0.7095881700515747,-0.03784941881895065,0.7111994624137878,0.6452770829200745,-0.020750267431139946,0.6699353456497192,0.6702232360839844,-0.03801678121089935,0.6536502242088318,0.7057029604911804,-0.036185719072818756,0.65235835313797,0.7296980023384094,-0.030222319066524506,0.724169909954071,0.6873040795326233,-0.026460763067007065,0.712954044342041,0.6751750111579895,-0.03598487377166748,0.7037261724472046,0.6647071242332458,-0.03444436192512512,0.7000683546066284,0.6596373319625854,-0.02962404303252697
0.6890032291412354,0.7825902104377747,-3.6871057318421663e-07,0.6437183022499084,0.7403455376625061,-0.007028295658528805,0.6093137264251709,0.6977639198303223,-0.017313271760940552,0.5891503691673279,0.6706386804580688,-0.028124235570430756,0.5874329805374146,0.6639240384101868,-0.03651810809969902,0.6674031019210815,0.5919971466064453,-0.010143577121198177,0.6212300062179565,0.5985761284828186,-0.026109488680958748,0.6126046180725098,0.6300936937332153,-0.039435435086488724,0.6175049543380737,0.6462836861610413,-0.048287469893693924,0.6936599016189575,0.6112720370292664,-0.016403736546635628,0.6333958506584167,0.6214719414710999,-0.030800024047493935,0.6234458684921265,0.6528905630111694,-0.03709343075752258,0.6264755725860596,0.673112154006958,-0.041173744946718216,0.7078931927680969,0.647622287273407,-0.024383319541811943,0.6502403616905212,0.6494113206863403,-0.03930523991584778,0.6370139718055725,0.677356481552124,-0.03909382224082947,0.6378633975982666,0.7002217769622803,-0.037194281816482544,0.7139768600463867,0.6904832720756531,-0.03325165435671806,0.6858373284339905,0.6648985743522644,-0.04737398400902748,0.665800929069519,0.6428906321525574,-0.051226966083049774,0.6523842215538025,0.6243939995765686,-0.05185648053884506
0.6814578175544739,0.7700093388557434,-4.891929847872234e-07,0.6422924995422363,0.7309765219688416,-0.007011092267930508,0.6075411438941956,0.687477171421051,-0.014848600141704082,0.5865635871887207,0.6590140461921692,-0.02281184494495392,0.5869032740592957,0.6468027234077454,-0.028276069089770317,0.6704461574554443,0.5870184898376465,-0.01111667975783348,0.6336895227432251,0.5838556289672852,-0.025956954807043076,0.6100941896438599,0.6027918457984924,-0.03633056953549385,0.5975358486175537,0.6180840730667114,-0.04361308738589287,0.6966059803962708,0.6030880212783813,-0.01620236597955227,0.6320211887359619,0.6227105855941772,-0.03343694284558296,0.618904709815979,0.6637665033340454,-0.03748081997036934,0.6225046515464783,0.6845588684082031,-0.0389871783554554,0.7095589637756348,0.6379317045211792,-0.023113137111067772,0.6464657783508301,0.6510363221168518,-0.04225526005029678,0.6319084763526917,0.6860709190368652,-0.040115486830472946,0.632976770401001,0.7102818489074707,-0.03564674034714699,0.7133647799491882,0.6790079474449158,-0.03066694177687168,0.6822077035903931,0.6532710194587708,-0.05221065878868103,0.6565989255905151,0.6289206147193909,-0.058883797377347946,0.6380767226219177,0.607394278049469,-0.06015927717089653
0.689785361289978,0.7680420279502869,-4.7010848902573343e-07,0.6433166861534119,0.7301546931266785,-0.008757730014622211,0.6054782867431641,0.6813016533851624,-0.01725340634584427,0.5824792385101318,0.6453299522399902,-0.026106838136911392,0.586445689201355,0.631303071975708,-0.03172573819756508,0.665647566318512,0.5835842490196228,-0.009115657769143581,0.615855872631073,0.5836940407752991,-0.025340206921100616,0.6065228581428528,0.6235608458518982,-0.0362556055188179,0.6101843118667603,0.6518251299858093,-0.04231993481516838,0.6916812062263489,0.5985040664672852,-0.013518172316253185,0.62831050157547,0.6028943061828613,-0.032185353338718414,0.6165486574172974,0.645412802696228,-0.039282504469156265,0.6175439953804016,0.6754400134086609,-0.04156877472996712,0.7055652737617493,0.6288655400276184,-0.019838888198137283,0.6443082094192505,0.624491274356842,-0.03861512243747711,0.6282159686088562,0.6582915782928467,-0.03928505629301071,0.6271169185638428,0.6879316568374634,-0.035805243998765945,0.7089948058128357,0.667271614074707,-0.02693021297454834,0.6761515140533447,0.6363801956176758,-0.04340963810682297,0.6533681154251099,0.6104388236999512,-0.04865824058651924,0.6381881833076477,0.5900872349739075,-0.04923328757286072
0.6877018809318542,0.7626034021377563,-3.858172306081542e-07,0.642716646194458,0.7207892537117004,-0.008458830416202545,0.6049856543540955,0.6742465496063232,-0.01928415335714817,0.5799111127853394,0.6406164765357971,-0.030935829505324364,0.5869578123092651,0.6217597723007202,-0.038907475769519806,0.6686558723449707,0.5792502164840698,-0.006934087723493576,0.6178085207939148,0.5809048414230347,-0.02252012863755226,0.6066807508468628,0.6146836876869202,-0.0316123440861702,0.6089590191841125,0.6309828758239746,-0.03711847960948944,0.6928026676177979,0.5932012796401978,-0.013027145527303219,0.6245834827423096,0.6029887199401855,-0.03569838032126427,0.6152414679527283,0.6483426094055176,-0.04342688247561455,0.6211268901824951,0.6747457385063171,-0.04525718837976456,0.7041516900062561,0.6214344501495361,-0.021215364336967468,0.639018177986145,0.62489253282547,-0.04372125491499901,0.6208620071411133,0.6645233035087585,-0.04413149505853653,0.6208336353302002,0.6923854947090149,-0.03961901739239693,0.7051824331283569,0.657089352607727,-0.030066093429923058,0.6780152916908264,0.6293088793754578,-0.04775578901171684,0.6550816297531128,0.6032350063323975,-0.05382854864001274,0.6383681297302246,0.5792607665061951,-0.05525829643011093
0.6911708116531372,0.7631044387817383,-5.152502353666932e-07,0.6464280486106873,0.7252971529960632,-0.007554625626653433,0.6080525517463684,0.6756193041801453,-0.016358623281121254,0.583002507686615,0.6397441625595093,-0.02588319592177868,0.5840225219726562,0.6186188459396362,-0.031180832535028458,0.6710705161094666,0.5754925012588501,-0.00892998930066824,0.6157987117767334,0.5869952440261841,-0.024275770410895348,0.6058392524719238,0.6345263719558716,-0.03301572799682617,0.6097456812858582,0.6586034297943115,-0.03825243189930916,0.6926754713058472,0.5909199714660645,-0.015170416794717312,0.622815728187561,0.6086399555206299,-0.036890722811222076,0.6135359406471252,0.6564651727676392,-0.043693527579307556,0.6164823770523071,0.6860729455947876,-0.04559308663010597,0.7024019360542297,0.6204272508621216,-0.023322682827711105,0.6345979571342468,0.6296777725219727,-0.04646092653274536,0.6174444556236267,0.670946478843689,-0.04728880152106285,0.6170539855957031,0.7014083862304688,-0.04320594295859337,0.7028565406799316,0.6554833054542542,-0.031806521117687225,0.671077311038971,0.623516857624054,-0.05097459256649017,0.6475950479507446,0.5937842130661011,-0.057590290904045105,0.6310704946517944,0.5674175024032593,-0.059300243854522705
0.6852882504463196,0.7577921748161316,-5.523040726984618e-07,0.6435012817382812,0.7185878753662109,-0.003402940696105361,0.6068572402000427,0.6711803674697876,-0.010636525228619576,0.58393394947052,0.636343777179718,-0.01871797814965248,0.5850691199302673,0.6143280863761902,-0.022718116641044617,0.6721920371055603,0.5709809064865112,-0.011554152704775333,0.6137890219688416,0.5842792987823486,-0.026100680232048035,0.6027554273605347,0.6337597966194153,-0.032984279096126556,0.6070437431335449,0.6549880504608154,-0.03830600902438164,0.6942179799079895,0.5871966481208801,-0.019891910254955292,0.6202477216720581,0.6000021696090698,-0.04179884120821953,0.6097856760025024,0.6522402167320251,-0.046394653618335724,0.6141560077667236,0.6809671521186829,-0.04767255112528801,0.7019468545913696,0.6177822351455688,-0.029446370899677277,0.6321731209754944,0.6215449571609497,-0.05102479085326195,0.6156522631645203,0.6673598289489746,-0.04869605973362923,0.6165826320648193,0.6973157525062561,-0.04426504299044609,0.699691653251648,0.653679609298706,-0.03920840471982956,0.6721115112304688,0.6237360835075378,-0.061165083199739456,0.6503565311431885,0.5940195918083191,-0.0701984092593193,0.6347618103027344,0.5641268491744995,-0.07438626885414124
0.6905578970909119,0.75495845079422,-4.01976961938999e-07,0.6449360847473145,0.7147454619407654,-0.01161304023116827,0.6058678030967712,0.667733371257782,-0.023738043382763863,0.5795159339904785,0.6332431435585022,-0.0360640212893486,0.5883738994598389,0.6210606098175049,-0.04484974592924118,0.6718609929084778,0.5730135440826416,-0.011340761557221413,0.6193601489067078,0.582892894744873,-0.02754059247672558,0.6065728664398193,0.6185196042060852,-0.038387544453144073,0.6073161363601685,0.6321170330047607,-0.04574204236268997,0.694039523601532,0.5876845121383667,-0.016299579292535782,0.6270984411239624,0.6025000214576721,-0.038737695664167404,0.6139709949493408,0.645642876625061,-0.04770867899060249,0.6157808899879456,0.6690747141838074,-0.05109015479683876,0.7037289142608643,0.6162120699882507,-0.02321653999388218,0.6381335258483887,0.6235570907592773,-0.04658812656998634,0.6176018118858337,0.661989688873291,-0.0484146885573864,0.6158666610717773,0.6883575320243835,-0.04473309591412544,0.7027487754821777,0.650749683380127,-0.03082733042538166,0.673659086227417,0.620334267616272,-0.0479583740234375,0.6533702611923218,0.5925259590148926,-0.052709683775901794,0.6401695013046265,0.5654581189155579,-0.053253963589668274
0.6827914118766785,0.7520143389701843,-4.155916997206077e-07,0.6413544416427612,0.7143198251724243,-0.01284993439912796,0.6036823391914368,0.6678507924079895,-0.024937015026807785,0.5805507898330688,0.6347045302391052,-0.03640224039554596,0.5913894176483154,0.6227007508277893,-0.04330339655280113,0.6731303334236145,0.572582483291626,-0.017155753448605537,0.6207125186920166,0.5823911428451538,-0.03417954221367836,0.6096153855323792,0.6249571442604065,-0.04304533079266548,0.6143658757209778,0.6385120749473572,-0.049680016934871674,0.6971572041511536,0.5880659222602844,-0.021624572575092316,0.6269468069076538,0.60076504945755,-0.04568448290228844,0.6157709956169128,0.6464884281158447,-0.0512198880314827,0.6218070983886719,0.6659310460090637,-0.05266578868031502,0.7070385217666626,0.6180448532104492,-0.028435643762350082,0.6384273171424866,0.6212958693504333,-0.053304966539144516,0.6190552711486816,0.6591730117797852,-0.05244255065917969,0.6205735206604004,0.6822646856307983,-0.04774761572480202,0.706504762172699,0.6540526151657104,-0.036170706152915955,0.6796775460243225,0.6215848326683044,-0.05740555748343468,0.6575980186462402,0.5916439294815063,-0.06498511880636215,0.6434151530265808,0.5632719397544861,-0.06774469465017319
0.6796156167984009,0.7487056255340576,-4.3738268118431733e-07,0.6396288275718689,0.7148518562316895,-0.011993775144219398,0.6032446622848511,0.6689532995223999,-0.02203720062971115,0.5823047757148743,0.6346431374549866,-0.031732913106679916,0.5932765007019043,0.6230928897857666,-0.03715672716498375,0.6657558083534241,0.5720466375350952,-0.011516647413372993,0.6184523105621338,0.5819749236106873,-0.028360841795802116,0.6136831641197205,0.6239728927612305,-0.03970462083816528,0.6220037341117859,0.6408458352088928,-0.04736688360571861,0.6929022073745728,0.5863097906112671,-0.014715566299855709,0.6291970014572144,0.5965002775192261,-0.03455164283514023,0.6223975419998169,0.6417933106422424,-0.039757564663887024,0.6290065050125122,0.6629502177238464,-0.0408223420381546,0.7065293788909912,0.6147324442863464,-0.020344717428088188,0.6432883143424988,0.6182339191436768,-0.04098737612366676,0.6305962204933167,0.6553386449813843,-0.03921569138765335,0.6337645053863525,0.6803816556930542,-0.033839721232652664,0.7096491456031799,0.6496467590332031,-0.027148785069584846,0.678315281867981,0.6225926876068115,-0.044581372290849686,0.6569777727127075,0.5973197817802429,-0.04927811399102211,0.6432503461837769,0.575174868106842,-0.04945863038301468
0.679732084274292,0.7581835389137268,-3.8203592112040496e-07,0.6424459218978882,0.7268787026405334,-0.013484446331858635,0.6079593300819397,0.6856889724731445,-0.02628108486533165,0.5870422720909119,0.651631236076355,-0.038932833820581436,0.5974254012107849,0.6382885575294495,-0.048426851630210876,0.668878972530365,0.5813610553741455,-0.008306986652314663,0.63348788022995,0.588378369808197,-0.02581767551600933,0.6207591891288757,0.6174707412719727,-0.04044649377465248,0.619177520275116,0.6366142630577087,-0.049469590187072754,0.6936133503913879,0.5952568650245667,-0.011222136206924915,0.6443848609924316,0.6064642071723938,-0.02988594025373459,0.6311847567558289,0.6416915059089661,-0.038721077144145966,0.6311601996421814,0.6672264933586121,-0.041898492723703384,0.7087678909301758,0.6253703236579895,-0.016628125682473183,0.6600034236907959,0.6251742839813232,-0.034695833921432495,0.6432385444641113,0.6579626202583313,-0.034712933003902435,0.6405249834060669,0.6841039061546326,-0.03057011589407921,0.7159661054611206,0.6652124524116516,-0.02347436174750328,0.691551923751831,0.6415363550186157,-0.03706914931535721,0.6736461520195007,0.6230619549751282,-0.039166852831840515,0.6612312197685242,0.6068693399429321,-0.037403300404548645
0.6779489517211914,0.7653928995132446,-3.914089177214919e-07,0.6367871761322021,0.7344046831130981,-0.018473738804459572,0.6035566926002502,0.6933944225311279,-0.03289973363280296,0.5831848382949829,0.6626594066619873,-0.04610412195324898,0.5988745093345642,0.6526700854301453,-0.05508045852184296,0.6611748337745667,0.5854750275611877,-0.015176975168287754,0.6188386082649231,0.6069756746292114,-0.033177975565195084,0.6147699952125549,0.652851402759552,-0.04529114440083504,0.6233015060424805,0.6711170077323914,-0.05192261189222336,0.6875494122505188,0.6025641560554504,-0.014394995756447315,0.6350996494293213,0.6283323764801025,-0.03140899911522865,0.6287616491317749,0.6737813353538513,-0.03525996580719948,0.6353826522827148,0.6922858357429504,-0.035098884254693985,0.7053771018981934,0.6345313787460327,-0.01630016230046749,0.6575731635093689,0.6446393132209778,-0.03301062434911728,0.6473060846328735,0.683082640171051,-0.02907334268093109,0.6503269076347351,0.7068213224411011,-0.02187510021030903,0.7162912487983704,0.674441397190094,-0.02019890770316124,0.6997456550598145,0.6572270393371582,-0.030919237062335014,0.6873337030410767,0.6429555416107178,-0.030097516253590584,0.6799373626708984,0.6321775913238525,-0.02556263655424118
0.6849675178527832,0.783281683921814,-4.5685152372243465e-07,0.6433210968971252,0.7556470036506653,-0.016881773248314857,0.6099901795387268,0.7150616645812988,-0.02974965050816536,0.5883557200431824,0.6849910616874695,-0.04159731790423393,0.5962554216384888,0.6731188893318176,-0.049944210797548294,0.6538978219032288,0.5993550419807434,-0.01088861096650362,0.614933431148529,0.6294149160385132,-0.03261382877826691,0.6125086545944214,0.6740165948867798,-0.047077957540750504,0.6202122569084167,0.6878024935722351,-0.054589685052633286,0.6786686778068542,0.6065177917480469,-0.012270022183656693,0.6324951648712158,0.6468607187271118,-0.030114004388451576,0.6268653869628906,0.6938958168029785,-0.033842895179986954,0.6335996389389038,0.7070578336715698,-0.03286956995725632,0.6990290284156799,0.6283947825431824,-0.01686367392539978,0.6531850099563599,0.6677788496017456,-0.03290974721312523,0.64759761095047,0.7092254161834717,-0.02716432698071003,0.6536738872528076,0.721688449382782,-0.01954827271401882,0.7146452069282532,0.659463107585907,-0.023881269618868828,0.678560733795166,0.6890774965286255,-0.03209735453128815,0.6729317903518677,0.7189109325408936,-0.02623799443244934,0.6786469221115112,0.7299103736877441,-0.01812935061752796
0.6834082007408142,0.7957895398139954,-5.430422334029572e-07,0.6452576518058777,0.7711264491081238,-0.014300307258963585,0.6129769682884216,0.7387587428092957,-0.026627233251929283,0.5930453538894653,0.7129920125007629,-0.03841199725866318,0.5942363142967224,0.6960256695747375,-0.04747767746448517,0.6396846771240234,0.6169953942298889,-0.011173661798238754,0.6101251244544983,0.6669608950614929,-0.03162340447306633,0.605222225189209,0.7124982476234436,-0.04657216742634773,0.6074798703193665,0.7338254451751709,-0.054252881556749344,0.6670389175415039,0.6214679479598999,-0.013828545808792114,0.6313223242759705,0.6815415620803833,-0.028625082224607468,0.6233145594596863,0.7285171151161194,-0.03333017975091934,0.6236017346382141,0.7505848407745361,-0.03438672795891762,0.6899511814117432,0.6409896016120911,-0.01898055337369442,0.6519518494606018,0.6992384791374207,-0.03212966397404671,0.6431381106376648,0.7403028011322021,-0.027658075094223022,0.6427338123321533,0.7594993710517883,-0.022117776796221733,0.7084948420524597,0.6703614592552185,-0.026443788781762123,0.6773147583007812,0.7122485041618347,-0.03293821960687637,0.6659489274024963,0.7437370419502258,-0.02672821655869484,0.6634964942932129,0.7608111500740051,-0.019069474190473557
0.6962125897407532,0.7478625774383545,2.6107738904102007e-07,0.6616864204406738,0.7289155721664429,-0.027872886508703232,0.6475917100906372,0.683307409286499,-0.04713050648570061,0.6656244993209839,0.6418272256851196,-0.06296813488006592,0.6827508807182312,0.6022475957870483,-0.0768243595957756,0.6622285842895508,0.6105213165283203,-0.038417086005210876,0.6642070412635803,0.5445975065231323,-0.06342323124408722,0.6684720516204834,0.49808552861213684,-0.07880842685699463,0.6739642024040222,0.4617169499397278,-0.08865728229284286,0.6941224932670593,0.6120193600654602,-0.03624717518687248,0.7028760313987732,0.5788615345954895,-0.06793957203626633,0.7016527056694031,0.5915528535842896,-0.0774371474981308,0.7025594115257263,0.593009889125824,-0.078131765127182,0.7215176224708557,0.627389669418335,-0.036209139972925186,0.7181845307350159,0.6413471698760986,-0.06448971480131149,0.7034797668457031,0.6839220523834229,-0.05781308189034462,0.6962440013885498,0.7017524838447571,-0.046660128980875015,0.7439520359039307,0.650047242641449,-0.038566991686820984,0.7323743104934692,0.6662798523902893,-0.056509729474782944,0.7172261476516724,0.6972423791885376,-0.04996943473815918,0.7093847990036011,0.7071590423583984,-0.040717463940382004
0.6956354975700378,0.7357223033905029,5.267851861390227e-07,0.663316547870636,0.71649169921875,-0.03008582815527916,0.6568363904953003,0.652790367603302,-0.04545193538069725,0.6743525266647339,0.5910084843635559,-0.05598600581288338,0.68603515625,0.5396310091018677,-0.06465382874011993,0.6525817513465881,0.6000105738639832,-0.04440917447209358,0.6544880270957947,0.5277577042579651,-0.07121352106332779,0.6617629528045654,0.47689056396484375,-0.08668091893196106,0.6711024045944214,0.43514472246170044,-0.0959647074341774,0.6845724582672119,0.5947437286376953,-0.04035227373242378,0.7028670310974121,0.5437808036804199,-0.07205019146203995,0.7188631892204285,0.523001492023468,-0.08397147804498672,0.7321807146072388,0.5046486854553223,-0.08746333420276642,0.7113592028617859,0.6024977564811707,-0.03799530491232872,0.7243437170982361,0.5968299508094788,-0.06932881474494934,0.7106663584709167,0.6428126096725464,-0.0632672980427742,0.6983693838119507,0.6717582941055298,-0.05141294002532959,0.7324856519699097,0.619324803352356,-0.038023121654987335,0.7368995547294617,0.6271146535873413,-0.060122787952423096,0.724295437335968,0.659207284450531,-0.05424797534942627,0.713810384273529,0.6768677234649658,-0.0442793183028698
0.6785674691200256,0.7007287740707397,3.693057522013987e-07,0.6523518562316895,0.6717910766601562,-0.018281832337379456,0.6499493718147278,0.6128057837486267,-0.02563377097249031,0.6703521609306335,0.5630891919136047,-0.03268690034747124,0.6888291239738464,0.5273747444152832,-0.03812452033162117,0.6427576541900635,0.5540787577629089,-0.01326468214392662,0.6384530067443848,0.4929760992527008,-0.028441980481147766,0.6371080875396729,0.45249855518341064,-0.036707889288663864,0.6379529237747192,0.41528934240341187,-0.04142191261053085,0.669834554195404,0.547726571559906,-0.01310850027948618,0.6765164136886597,0.5121452212333679,-0.03519460931420326,0.6821079850196838,0.4872266948223114,-0.04493561387062073,0.6869611740112305,0.4649747908115387,-0.046680498868227005,0.6950815916061401,0.5531579852104187,-0.015275096520781517,0.7099568843841553,0.5626234412193298,-0.041714321821928024,0.6994167566299438,0.6082822680473328,-0.0418340228497982,0.6891056299209595,0.6393453478813171,-0.03323489800095558,0.7163082361221313,0.5683987736701965,-0.019151318818330765,0.7261309623718262,0.5831930041313171,-0.03701222687959671,0.7144027948379517,0.6174556612968445,-0.035103362053632736,0.704154908657074,0.6385564208030701,-0.027977673336863518
0.6679477691650391,0.6718358397483826,5.911956577620003e-07,0.6441345810890198,0.6364065408706665,-0.018716229125857353,0.6381190419197083,0.5715810656547546,-0.025985954329371452,0.6458060145378113,0.5206289887428284,-0.032355282455682755,0.6501679420471191,0.48255008459091187,-0.037047095596790314,0.6354060173034668,0.5262104272842407,-0.018945835530757904,0.6285132169723511,0.4640153646469116,-0.03901855647563934,0.6257373690605164,0.42136675119400024,-0.0499420166015625,0.6259195804595947,0.3858236074447632,-0.05521184951066971,0.6629968881607056,0.5271236300468445,-0.01979019120335579,0.6820178031921387,0.47020769119262695,-0.047514431178569794,0.696647584438324,0.43324747681617737,-0.060952141880989075,0.7090636491775513,0.4018128514289856,-0.06350074708461761,0.6890764832496643,0.5394542217254639,-0.022076338529586792,0.7026492953300476,0.5450432896614075,-0.053577594459056854,0.6873990297317505,0.5940225720405579,-0.05208930745720863,0.6742911338806152,0.6262183785438538,-0.040054116398096085,0.7095842361450195,0.5603911876678467,-0.025618985295295715,0.716126561164856,0.5696907043457031,-0.04567045345902443,0.7027482390403748,0.6048372983932495,-0.03880419582128525,0.6912595629692078,0.6264383792877197,-0.026514800265431404
0.6658837199211121,0.6682733297348022,6.208875333868491e-07,0.6378177404403687,0.6305171251296997,-0.015340459533035755,0.63218092918396,0.5597282648086548,-0.020811403170228004,0.6435944437980652,0.49843910336494446,-0.026546452194452286,0.6501501798629761,0.4540520906448364,-0.0302647203207016,0.6284270882606506,0.5177367329597473,-0.013908090069890022,0.6175717711448669,0.45229730010032654,-0.03060392662882805,0.611498236656189,0.4090355634689331,-0.03783131018280983,0.6093004941940308,0.3716590404510498,-0.04112311452627182,0.6558093428611755,0.5200579762458801,-0.01728225313127041,0.6760244965553284,0.4533546268939972,-0.04164177551865578,0.6936241388320923,0.4006395936012268,-0.054463375359773636,0.7108460664749146,0.3563046455383301,-0.058045174926519394,0.6800054907798767,0.5350850820541382,-0.022065790370106697,0.6950550079345703,0.5324298143386841,-0.05263105407357216,0.6825345158576965,0.5797619819641113,-0.05120961740612984,0.6734864115715027,0.613942563533783,-0.039475154131650925,0.6992999315261841,0.5575057864189148,-0.027987424284219742,0.7080142498016357,0.5575592517852783,-0.04907814413309097,0.6966875791549683,0.594465970993042,-0.04308352246880531,0.6873511075973511,0.6214956045150757,-0.03152034431695938
0.6439032554626465,0.6574748754501343,6.791012197027158e-07,0.6141358017921448,0.6167473196983337,-0.016857381910085678,0.6043009757995605,0.5462126135826111,-0.022318579256534576,0.6106259822845459,0.4875868260860443,-0.027384789660573006,0.6123964190483093,0.44124966859817505,-0.030187901109457016,0.5982763171195984,0.5055486559867859,-0.013227099552750587,0.5804600119590759,0.4293430745601654,-0.025460336357355118,0.5699182152748108,0.38202184438705444,-0.029156595468521118,0.5630598664283752,0.34062597155570984,-0.029970455914735794,0.6256493330001831,0.5069789886474609,-0.014381654560565948,0.6430715918540955,0.4328576624393463,-0.03310522064566612,0.6582615971565247,0.3779492974281311,-0.04162941128015518,0.6722413897514343,0.3353574872016907,-0.04273161664605141,0.6497545838356018,0.5229331254959106,-0.017333269119262695,0.6634275317192078,0.5157080888748169,-0.04538615420460701,0.6539093255996704,0.5686607360839844,-0.04457292705774307,0.6470760107040405,0.6083225607872009,-0.033227548003196716,0.6699502468109131,0.5453585982322693,-0.021254653111100197,0.6783787608146667,0.5386943221092224,-0.04216520115733147,0.6701159477233887,0.5770297050476074,-0.03728923201560974,0.6626358032226562,0.6068754196166992,-0.02648886665701866
0.6457109451293945,0.6686548590660095,5.835932483932993e-07,0.6162031888961792,0.6186792850494385,-0.016085276380181313,0.6066796183586121,0.544898271560669,-0.020167812705039978,0.6107277870178223,0.48538604378700256,-0.02442430704832077,0.6092649698257446,0.43750739097595215,-0.026344601064920425,0.595088005065918,0.5008617639541626,-0.007646890357136726,0.5783929228782654,0.4329726994037628,-0.020748920738697052,0.5681526064872742,0.3874536156654358,-0.026158340275287628,0.5599422454833984,0.3467258810997009,-0.028492901474237442,0.6237649321556091,0.5025513172149658,-0.009033077396452427,0.6413258910179138,0.4318622946739197,-0.028209460899233818,0.6558352708816528,0.3793337941169739,-0.03851129859685898,0.6698548793792725,0.3365650773048401,-0.04135637730360031,0.6486278772354126,0.5198683738708496,-0.01277124509215355,0.6675476431846619,0.5212491154670715,-0.040521591901779175,0.6530327200889587,0.5703541040420532,-0.04270360618829727,0.6421184539794922,0.6074537634849548,-0.03434577211737633,0.6672599911689758,0.5457668304443359,-0.01767580769956112,0.6764782071113586,0.5463598966598511,-0.03873537480831146,0.6662474274635315,0.5836824178695679,-0.03705321624875069,0.6559717059135437,0.6121508479118347,-0.029329702258110046
0.6447340250015259,0.6682474613189697,5.808283276564907e-07,0.6162148118019104,0.6164883375167847,-0.015222677029669285,0.6064134836196899,0.5434810519218445,-0.019264981150627136,0.6091603636741638,0.4837852716445923,-0.0237453430891037,0.6066356301307678,0.4361433982849121,-0.025732995942234993,0.5956233739852905,0.4995177090167999,-0.00725957565009594,0.5785085558891296,0.43023616075515747,-0.019443467259407043,0.5667581558227539,0.3860537111759186,-0.024150965735316277,0.5575320720672607,0.3460544943809509,-0.025936266407370567,0.6227560043334961,0.5031661987304688,-0.008718408644199371,0.6386735439300537,0.4303423762321472,-0.027391541749238968,0.6530126333236694,0.3769680857658386,-0.0372210331261158,0.6674941182136536,0.33418333530426025,-0.039905644953250885,0.6461827754974365,0.5214545726776123,-0.012287270277738571,0.6647873520851135,0.5155442953109741,-0.03948163241147995,0.6518825888633728,0.5647640228271484,-0.04077679663896561,0.6419284343719482,0.6028217077255249,-0.031877368688583374,0.6648455858230591,0.5465739369392395,-0.016951607540249825,0.6762387156486511,0.5387380123138428,-0.037492360919713974,0.6665881872177124,0.5757845044136047,-0.03500092402100563,0.6562393307685852,0.6061659455299377,-0.026707306504249573
0.646115243434906,0.6692891716957092,5.625375365525542e-07,0.6162041425704956,0.619604229927063,-0.01580454781651497,0.6059959530830383,0.544982373714447,-0.01958870142698288,0.6086580753326416,0.48378512263298035,-0.023568537086248398,0.6049854755401611,0.4347090721130371,-0.025065451860427856,0.5960357189178467,0.5008009672164917,-0.007250325754284859,0.5783094763755798,0.4306049644947052,-0.019233616068959236,0.5668604373931885,0.3861485719680786,-0.023327045142650604,0.5581305623054504,0.34630703926086426,-0.024520929902791977,0.6236284375190735,0.5029971599578857,-0.008109494112432003,0.6390373110771179,0.4293972849845886,-0.026802275329828262,0.6519812345504761,0.3762989640235901,-0.036470744758844376,0.6655012369155884,0.33403682708740234,-0.03881331533193588,0.6472547054290771,0.5201442241668701,-0.011206393130123615,0.6654221415519714,0.5147597193717957,-0.03895821422338486,0.6528535485267639,0.5653311014175415,-0.04104595258831978,0.6434912085533142,0.6035887598991394,-0.03241885453462601,0.6661298274993896,0.5441774129867554,-0.015322400256991386,0.6768171787261963,0.5390432476997375,-0.03642743080854416,0.6669496297836304,0.5765473246574402,-0.03499492630362511,0.6565071940422058,0.6055445075035095,-0.027402197942137718
0.6455395221710205,0.6657150387763977,5.666792048941716e-07,0.6145718097686768,0.6159567832946777,-0.01398807018995285,0.6040562391281128,0.5433835387229919,-0.01698722131550312,0.6067705750465393,0.4834781587123871,-0.020828913897275925,0.6043092012405396,0.4351363778114319,-0.022338271141052246,0.5950294137001038,0.4965852200984955,-0.0032513090409338474,0.5777590870857239,0.42568957805633545,-0.014039233326911926,0.5668669939041138,0.38284632563591003,-0.017531493678689003,0.558093786239624,0.34440308809280396,-0.01834808476269245,0.6234261989593506,0.49935275316238403,-0.0050044250674545765,0.6386785507202148,0.42598557472229004,-0.022217553108930588,0.6513898968696594,0.37354880571365356,-0.03189392760396004,0.6642425060272217,0.331683874130249,-0.034416597336530685,0.6474235653877258,0.5174317359924316,-0.008956274017691612,0.6619661450386047,0.5132963061332703,-0.035428695380687714,0.649543821811676,0.5629519820213318,-0.037807438522577286,0.6412180066108704,0.6001887321472168,-0.029744800180196762,0.6665142178535461,0.5417931079864502,-0.013808665797114372,0.6739324331283569,0.5393900871276855,-0.033991917967796326,0.6632444858551025,0.5779470205307007,-0.032320547848939896,0.6533433794975281,0.6075158715248108,-0.024720853194594383
0.646319568157196,0.6672598719596863,5.581698587775463e-07,0.6147384643554688,0.6167574524879456,-0.014041826128959656,0.6044698357582092,0.5426666736602783,-0.01685917377471924,0.6079195737838745,0.4812192916870117,-0.020340364426374435,0.604154646396637,0.43174880743026733,-0.021440424025058746,0.5941357612609863,0.4980766773223877,-0.0031929202377796173,0.576931893825531,0.4268580973148346,-0.013566425070166588,0.5663440227508545,0.3840653896331787,-0.016924720257520676,0.5579917430877686,0.3450177311897278,-0.01782378740608692,0.6226134300231934,0.5006517171859741,-0.004763951059430838,0.6383463144302368,0.42639631032943726,-0.021462006494402885,0.6519905924797058,0.3739168047904968,-0.030782366171479225,0.6658611297607422,0.3315531015396118,-0.03332515060901642,0.6469351053237915,0.5182424187660217,-0.0085626021027565,0.663052499294281,0.5122165083885193,-0.0348951555788517,0.6498783230781555,0.5619344115257263,-0.03742527961730957,0.6407322287559509,0.598820686340332,-0.029729245230555534,0.6666863560676575,0.5420810580253601,-0.013243568129837513,0.674761950969696,0.5387041568756104,-0.033789146691560745,0.6635852456092834,0.5779751539230347,-0.032431986182928085,0.6529775261878967,0.607560396194458,-0.025209372863173485
0.6480138301849365,0.6656074523925781,5.6882140597736e-07,0.6181259751319885,0.6141918301582336,-0.014925176277756691,0.6065707802772522,0.542418897151947,-0.019025204703211784,0.6080304384231567,0.4812019169330597,-0.023469598963856697,0.6062445640563965,0.43155616521835327,-0.025429174304008484,0.5949893593788147,0.4980173707008362,-0.0058768270537257195,0.5779955983161926,0.42615431547164917,-0.016956182196736336,0.5675723552703857,0.3831815719604492,-0.020456992089748383,0.5594563484191895,0.344390332698822,-0.02132260985672474,0.6231566667556763,0.49972227215766907,-0.007076683919876814,0.6381077170372009,0.4229279160499573,-0.024223605170845985,0.6510527729988098,0.3705207109451294,-0.033630311489105225,0.6642124652862549,0.3286224901676178,-0.03612637147307396,0.6477141380310059,0.5165842175483704,-0.010360391810536385,0.6664848327636719,0.5095688700675964,-0.036405716091394424,0.6543700098991394,0.5577895641326904,-0.0388358011841774,0.644879937171936,0.5933369994163513,-0.031164513900876045,0.6674162149429321,0.5402498245239258,-0.014551988802850246,0.6784086227416992,0.5367591381072998,-0.034477416425943375,0.6679763793945312,0.5755884051322937,-0.032958634197711945,0.6568412184715271,0.6051951050758362,-0.0256850216537714
0.6502724885940552,0.6690367460250854,5.752726792707108e-07,0.6211920976638794,0.6136036515235901,-0.014158993028104305,0.6098150014877319,0.5389651656150818,-0.017851147800683975,0.6102873682975769,0.47860920429229736,-0.02226940542459488,0.6078033447265625,0.42985761165618896,-0.024164916947484016,0.5978736281394958,0.49836495518684387,-0.004768761340528727,0.5810177326202393,0.427260160446167,-0.0160935390740633,0.5701640844345093,0.38381078839302063,-0.02031218260526657,0.5616500973701477,0.34424787759780884,-0.02185193821787834,0.6257708668708801,0.5014424920082092,-0.006541460752487183,0.6406738758087158,0.4255140423774719,-0.02415880188345909,0.6534388065338135,0.37194836139678955,-0.03410564735531807,0.6666369438171387,0.32849472761154175,-0.03716461732983589,0.650524377822876,0.5191138982772827,-0.010425045154988766,0.6681548953056335,0.5107781291007996,-0.036343883723020554,0.6556873917579651,0.5590265989303589,-0.03819604963064194,0.6461719274520874,0.5958669781684875,-0.030166856944561005,0.6707950234413147,0.5434951186180115,-0.015283264219760895,0.6818921566009521,0.5339705944061279,-0.034097980707883835,0.6719676852226257,0.5697646141052246,-0.03160282224416733,0.6613830327987671,0.5985637903213501,-0.02392309159040451
0.6569595336914062,0.6746575832366943,5.867366326128831e-07,0.6260201334953308,0.6208124160766602,-0.01424749568104744,0.6135117411613464,0.5482252240180969,-0.018438324332237244,0.6156821846961975,0.48742982745170593,-0.023457428440451622,0.6118478178977966,0.43741947412490845,-0.02600739896297455,0.6014935374259949,0.5058872103691101,-0.00502728670835495,0.5853030681610107,0.4312634766101837,-0.0168595127761364,0.5750662684440613,0.38583993911743164,-0.02136974409222603,0.5673381090164185,0.3445696234703064,-0.02290145494043827,0.6300973892211914,0.5088239908218384,-0.006743470672518015,0.6468005180358887,0.43306678533554077,-0.02497730404138565,0.6616840362548828,0.3784720301628113,-0.03506288304924965,0.6767947673797607,0.33431607484817505,-0.03792983293533325,0.6553652286529541,0.5260504484176636,-0.010597294196486473,0.673719584941864,0.5212222337722778,-0.03736153244972229,0.661846399307251,0.5716757774353027,-0.03929926082491875,0.6528098583221436,0.6099882125854492,-0.030887961387634277,0.6763644218444824,0.5493447184562683,-0.01543197501450777,0.6877126693725586,0.5426931381225586,-0.035338401794433594,0.678476870059967,0.5802745223045349,-0.033042531460523605,0.6684184670448303,0.6104462742805481,-0.025022421032190323
0.6562468409538269,0.6759998798370361,5.905126272409689e-07,0.6251329779624939,0.6230582594871521,-0.01484887208789587,0.6141696572303772,0.5484291911125183,-0.018912063911557198,0.616666316986084,0.4863547086715698,-0.023509742692112923,0.6127673983573914,0.43658894300460815,-0.02554464526474476,0.6037963628768921,0.504977822303772,-0.006720185745507479,0.5866267085075378,0.43125081062316895,-0.01842113770544529,0.5756164789199829,0.3865341544151306,-0.022348890081048012,0.5672026872634888,0.3460586369037628,-0.02344127744436264,0.6319092512130737,0.5083177089691162,-0.008141675032675266,0.6489052176475525,0.4339058995246887,-0.026658089831471443,0.6628734469413757,0.3795873522758484,-0.03630928695201874,0.677573561668396,0.3363410234451294,-0.038850195705890656,0.6562278866767883,0.5259206891059875,-0.011703833006322384,0.6773889064788818,0.5241597890853882,-0.03885293006896973,0.665520429611206,0.5750463008880615,-0.04076474905014038,0.6563227772712708,0.6139775514602661,-0.032326262444257736,0.6768606901168823,0.5491209626197815,-0.016294635832309723,0.6896706223487854,0.5447052717208862,-0.036293353885412216,0.6796576976776123,0.5842030048370361,-0.03401493281126022,0.668979287147522,0.616159200668335,-0.026111062616109848
0.6577723622322083,0.6798095107078552,5.871924031453091e-07,0.626840353012085,0.6255861520767212,-0.015032344497740269,0.61579829454422,0.5514698624610901,-0.01893637329339981,0.6189126372337341,0.4895334839820862,-0.023450108245015144,0.6148828864097595,0.44006532430648804,-0.025323200970888138,0.603659987449646,0.5072864890098572,-0.005391588434576988,0.587497889995575,0.4333341717720032,-0.01691683940589428,0.5767419934272766,0.38882750272750854,-0.021121274679899216,0.5684257745742798,0.348185271024704,-0.022433606907725334,0.6319897770881653,0.5105378031730652,-0.006535946391522884,0.6489424705505371,0.4365110993385315,-0.0245200302451849,0.6628718972206116,0.38218724727630615,-0.03417268022894859,0.677503764629364,0.33897632360458374,-0.03676890209317207,0.6569879651069641,0.5280816555023193,-0.009979566559195518,0.677474856376648,0.5257728695869446,-0.03698769584298134,0.6653465032577515,0.5770244002342224,-0.0391695462167263,0.6563112735748291,0.6167834401130676,-0.030800653621554375,0.6781481504440308,0.5518513917922974,-0.014501828700304031,0.6901991367340088,0.547584056854248,-0.03479394689202309,0.680000901222229,0.5863479375839233,-0.03298761695623398,0.6695253252983093,0.6177360415458679,-0.025259962305426598
0.6569724082946777,0.6817018985748291,5.786225756310159e-07,0.6267514228820801,0.6272373795509338,-0.015398252755403519,0.6161108613014221,0.5529510378837585,-0.020393040031194687,0.6188334822654724,0.49053525924682617,-0.026056598871946335,0.614888072013855,0.44002920389175415,-0.02920248918235302,0.6040124297142029,0.5097643136978149,-0.00819530338048935,0.588258683681488,0.4366997480392456,-0.021432166919112206,0.5777562260627747,0.39182472229003906,-0.02639348991215229,0.5701479911804199,0.35097602009773254,-0.028141984716057777,0.6330006718635559,0.5131285190582275,-0.009842511266469955,0.6499016284942627,0.43967515230178833,-0.029829544946551323,0.6639853715896606,0.38496696949005127,-0.04008809104561806,0.679072916507721,0.3406980037689209,-0.04296957328915596,0.6583737730979919,0.5298982262611389,-0.013670832850039005,0.6784955263137817,0.5293821096420288,-0.04212236776947975,0.6662147641181946,0.5813801884651184,-0.04358651489019394,0.6570284962654114,0.6212863922119141,-0.03458929434418678,0.679845929145813,0.5530155897140503,-0.018629897385835648,0.6905343532562256,0.5513853430747986,-0.03947017714381218,0.680009126663208,0.5903738141059875,-0.03706838935613632,0.6694136261940002,0.6213161945343018,-0.028898091986775398
0.6555047631263733,0.6829303503036499,5.898692734263022e-07,0.6263418793678284,0.6287734508514404,-0.015403233468532562,0.6164284944534302,0.5540453195571899,-0.01959232985973358,0.6194648146629333,0.4923180043697357,-0.024415215477347374,0.6167264580726624,0.4423880875110626,-0.026711581274867058,0.6059008240699768,0.5123364329338074,-0.006671142764389515,0.5900660753250122,0.438343346118927,-0.01927080936729908,0.5795429944992065,0.3933349847793579,-0.02373429574072361,0.5716773271560669,0.35228604078292847,-0.0250935647636652,0.6339071989059448,0.5148125886917114,-0.007880933582782745,0.6514809727668762,0.4408797323703766,-0.027224291115999222,0.6660645008087158,0.38614001870155334,-0.03729452192783356,0.6812717914581299,0.34283968806266785,-0.03990550711750984,0.6581855416297913,0.530940055847168,-0.011372027918696404,0.6797258853912354,0.531419038772583,-0.03897746279835701,0.6673622131347656,0.5828236937522888,-0.040574438869953156,0.6575171947479248,0.6222159266471863,-0.03166791424155235,0.6782647967338562,0.5532792210578918,-0.016057554632425308,0.6907666325569153,0.5525920391082764,-0.03610413148999214,0.680424153804779,0.5925970077514648,-0.033673375844955444,0.6694251894950867,0.6240167021751404,-0.025525925680994987
0.6569812297821045,0.6852889657020569,5.990475528960815e-07,0.6280263662338257,0.6295933127403259,-0.016063973307609558,0.6180873513221741,0.5555128455162048,-0.020254716277122498,0.6209534406661987,0.4940139949321747,-0.024847524240612984,0.6180034279823303,0.44301918148994446,-0.026825912296772003,0.60615473985672,0.5101959705352783,-0.0059801992028951645,0.5902501940727234,0.43736591935157776,-0.017510101199150085,0.5799631476402283,0.3919132351875305,-0.02154686488211155,0.5725282430648804,0.3501046299934387,-0.022837452590465546,0.6354455947875977,0.5137654542922974,-0.006812265142798424,0.6537937521934509,0.441221684217453,-0.02435353212058544,0.6682860255241394,0.38726383447647095,-0.033966902643442154,0.683245062828064,0.34362196922302246,-0.03667282685637474,0.6605241894721985,0.5323867201805115,-0.010110910050570965,0.682628870010376,0.5337031483650208,-0.037138812243938446,0.6694602966308594,0.5847458243370056,-0.03954903036355972,0.6594093441963196,0.6231433749198914,-0.03132380545139313,0.6804707050323486,0.5581669211387634,-0.014530101791024208,0.6943126320838928,0.555882453918457,-0.03497350215911865,0.6839542984962463,0.59391850233078,-0.03346859663724899,0.6728665232658386,0.62364262342453,-0.02599838189780712
0.656494140625,0.6840906739234924,6.002046575304121e-07,0.6267022490501404,0.6287888288497925,-0.01620299741625786,0.618179440498352,0.5541442632675171,-0.01995563507080078,0.6236268877983093,0.4932157099246979,-0.02418225072324276,0.6220359802246094,0.4428459405899048,-0.025749927386641502,0.6060214638710022,0.5067475438117981,-0.0041731297969818115,0.5905969142913818,0.43335261940956116,-0.01534538995474577,0.5810149908065796,0.3884246349334717,-0.0189522597938776,0.5737349390983582,0.3476610779762268,-0.019752750173211098,0.6358867883682251,0.5105191469192505,-0.0048270877450704575,0.6549669504165649,0.440035343170166,-0.02270815707743168,0.6703979969024658,0.38675200939178467,-0.032335370779037476,0.6858298778533936,0.3446004390716553,-0.03451205790042877,0.6610226631164551,0.5289791822433472,-0.00813243817538023,0.6828880906105042,0.5335072875022888,-0.03557763248682022,0.6700249910354614,0.5856055617332458,-0.03850512206554413,0.6599155068397522,0.6238424181938171,-0.030232764780521393,0.6806154251098633,0.5536549091339111,-0.012605123221874237,0.6930026412010193,0.5562303066253662,-0.033237311989068985,0.6817967891693115,0.5967766046524048,-0.03209688514471054,0.6704113483428955,0.6267016530036926,-0.024626921862363815
0.6601315140724182,0.6830778121948242,6.163509169709869e-07,0.6310296654701233,0.6255104541778564,-0.017439331859350204,0.6214274168014526,0.5547873377799988,-0.0216609388589859,0.6270685195922852,0.4935337007045746,-0.026051754131913185,0.6249809861183167,0.4419214129447937,-0.027648838236927986,0.6059429049491882,0.5076170563697815,-0.0024783501867204905,0.5913137197494507,0.43487846851348877,-0.013287914916872978,0.5819838047027588,0.39056962728500366,-0.017271023243665695,0.5751347541809082,0.3492351174354553,-0.01835799403488636,0.6351993680000305,0.5108354687690735,-0.0016916985623538494,0.6537637114524841,0.43970900774002075,-0.01954513043165207,0.6701755523681641,0.38644319772720337,-0.029804911464452744,0.6870612502098083,0.34408462047576904,-0.032476089894771576,0.6602593660354614,0.5286673903465271,-0.0037763917353004217,0.6828144788742065,0.5332232117652893,-0.0318218357861042,0.6707324385643005,0.5850759148597717,-0.036217156797647476,0.6614122986793518,0.6234257817268372,-0.028706297278404236,0.6801380515098572,0.5523825287818909,-0.007014683447778225,0.6935598850250244,0.5550106763839722,-0.028496434912085533,0.6841616630554199,0.5958758592605591,-0.02873135544359684,0.6742938160896301,0.6262534260749817,-0.022066166624426842
0.6592930555343628,0.6850098371505737,6.248225190574885e-07,0.630104124546051,0.629780650138855,-0.016931477934122086,0.6207571625709534,0.556946873664856,-0.021764006465673447,0.626384437084198,0.49440231919288635,-0.026965105906128883,0.6254622340202332,0.4426177740097046,-0.029650237411260605,0.6062147617340088,0.5102500915527344,-0.004692153073847294,0.5915388464927673,0.436637818813324,-0.016308490186929703,0.5822395086288452,0.39191848039627075,-0.02084982767701149,0.5752606987953186,0.3505615293979645,-0.022429341450333595,0.6362788677215576,0.5134674906730652,-0.004969003144651651,0.6550310850143433,0.439547598361969,-0.02342470921576023,0.6714200973510742,0.3854144215583801,-0.03395909070968628,0.687839150428772,0.34203967452049255,-0.036967575550079346,0.6620103120803833,0.5321037769317627,-0.007786813657730818,0.6818962097167969,0.5339778661727905,-0.03574144467711449,0.6694570779800415,0.5862127542495728,-0.03890827298164368,0.6602697968482971,0.6249849796295166,-0.030862659215927124,0.6821677684783936,0.5561723113059998,-0.011761147528886795,0.6935484409332275,0.5544465780258179,-0.03262415900826454,0.6832837462425232,0.5940173268318176,-0.031201951205730438,0.6728935837745667,0.6248478889465332,-0.023570571094751358
0.6575879454612732,0.6858628988265991,6.002372288094193e-07,0.6286821365356445,0.6304207444190979,-0.017102878540754318,0.6195679903030396,0.5572516918182373,-0.022139985114336014,0.6250922083854675,0.4951818287372589,-0.02744116075336933,0.6234742403030396,0.44353562593460083,-0.030214762315154076,0.6059459447860718,0.5099022388458252,-0.006144860293716192,0.5909146070480347,0.43675583600997925,-0.01815551333129406,0.5815045237541199,0.3918750286102295,-0.02288264036178589,0.5746349096298218,0.3505336046218872,-0.024532638490200043,0.6358515024185181,0.5134771466255188,-0.00638749822974205,0.6534922122955322,0.4413493275642395,-0.024847883731126785,0.6695212721824646,0.38780659437179565,-0.03495265915989876,0.6860417127609253,0.34455084800720215,-0.0376797579228878,0.6614370942115784,0.5319896340370178,-0.009191947989165783,0.6811630725860596,0.5331743359565735,-0.03717796504497528,0.6684267520904541,0.5844599008560181,-0.04019716754555702,0.6589810848236084,0.6227729916572571,-0.03205425664782524,0.6817144751548767,0.5570091605186462,-0.013158772140741348,0.6930538415908813,0.5541760921478271,-0.03438970819115639,0.6824500560760498,0.5929455161094666,-0.03314458951354027,0.6716434955596924,0.6233271956443787,-0.025555312633514404
0.6593234539031982,0.6832656860351562,6.100681275711395e-07,0.6285709142684937,0.628868043422699,-0.017016557976603508,0.619543194770813,0.557357132434845,-0.020597020164132118,0.6273186206817627,0.49479836225509644,-0.024476855993270874,0.6263203620910645,0.4436592161655426,-0.025745036080479622,0.6055358052253723,0.5076684951782227,-0.000856421364005655,0.5902954339981079,0.4344354271888733,-0.01090072188526392,0.5809735655784607,0.39051365852355957,-0.014772879891097546,0.5738089680671692,0.3497755527496338,-0.015865623950958252,0.6355852484703064,0.5111887454986572,-0.0004408584500197321,0.6527323126792908,0.4392332434654236,-0.0170077383518219,0.6687001585960388,0.3872789144515991,-0.026738230139017105,0.684314489364624,0.34624284505844116,-0.029077252373099327,0.6614161133766174,0.5299279093742371,-0.0028947091195732355,0.680042564868927,0.5306456089019775,-0.030077680945396423,0.668042004108429,0.5818477869033813,-0.033977240324020386,0.658879816532135,0.6199294924736023,-0.026279745623469353,0.6816307902336121,0.5542665719985962,-0.006486615631729364,0.6918132305145264,0.5541872382164001,-0.027380410581827164,0.6810786724090576,0.5952742695808411,-0.02658647671341896,0.670839786529541,0.626579761505127,-0.019176792353391647
0.6585240960121155,0.6843852996826172,6.008412469782343e-07,0.629369854927063,0.6294238567352295,-0.016492756083607674,0.6203553080558777,0.5560709238052368,-0.021227439865469933,0.6272039413452148,0.493399441242218,-0.02628171816468239,0.6266797184944153,0.4419558048248291,-0.028847435489296913,0.605442225933075,0.5120719075202942,-0.005829428322613239,0.5901144742965698,0.4374818801879883,-0.017870143055915833,0.580600380897522,0.3924258351325989,-0.022297309711575508,0.5734875798225403,0.3510242998600006,-0.023565977811813354,0.6349352598190308,0.5142303109169006,-0.00607646070420742,0.6530194878578186,0.4410409927368164,-0.02496863715350628,0.6685739159584045,0.3870258927345276,-0.03527182713150978,0.684361457824707,0.34345418214797974,-0.03795608878135681,0.6606191992759705,0.5306583046913147,-0.008742313832044601,0.680840253829956,0.5332961082458496,-0.03677918389439583,0.6687219738960266,0.5852922201156616,-0.03997499495744705,0.6597197651863098,0.6237441301345825,-0.03187050670385361,0.6813639998435974,0.5527799725532532,-0.012510444037616253,0.6918497681617737,0.5544701814651489,-0.03316810727119446,0.6819745302200317,0.5953434705734253,-0.0318697914481163,0.6724342107772827,0.626084566116333,-0.02430685982108116
0.6574770212173462,0.6837522983551025,6.030517738508934e-07,0.6279811859130859,0.6291865110397339,-0.016213398426771164,0.6195905208587646,0.5565462112426758,-0.020610371604561806,0.6276981830596924,0.494242787361145,-0.02543177455663681,0.6274526715278625,0.4432958662509918,-0.02777973748743534,0.6057519912719727,0.5102429389953613,-0.004199231509119272,0.590625524520874,0.4363384246826172,-0.015458155423402786,0.5812016725540161,0.3918015956878662,-0.019694745540618896,0.5740777254104614,0.3506827652454376,-0.02101941406726837,0.6353208422660828,0.5128579139709473,-0.004562050104141235,0.6527091860771179,0.44032981991767883,-0.02204841934144497,0.6683487892150879,0.387554407119751,-0.031678758561611176,0.6838274598121643,0.3451172709465027,-0.034142911434173584,0.6608489751815796,0.5303977727890015,-0.00750317145138979,0.6800084114074707,0.5303285121917725,-0.03480653837323189,0.6674893498420715,0.5824002027511597,-0.03788869455456734,0.6580976247787476,0.6214119791984558,-0.029917964711785316,0.6813449263572693,0.5539131164550781,-0.011554696597158909,0.6917274594306946,0.5531225204467773,-0.03235514089465141,0.6809741854667664,0.5935929417610168,-0.031219661235809326,0.6707013845443726,0.6248853802680969,-0.023788711056113243
0.6589605212211609,0.684019923210144,6.142952315713046e-07,0.6282253265380859,0.6297085881233215,-0.017721209675073624,0.618797242641449,0.5578537583351135,-0.022202080115675926,0.6262795329093933,0.4942968487739563,-0.026590820401906967,0.6261597275733948,0.4426168203353882,-0.02823900245130062,0.6058840751647949,0.5122070908546448,-0.0039634197019040585,0.5901729464530945,0.43677350878715515,-0.014390816912055016,0.5804957747459412,0.3915919065475464,-0.018234603106975555,0.5734978318214417,0.34988880157470703,-0.019296761602163315,0.6349058151245117,0.5146965980529785,-0.002911594696342945,0.6523889303207397,0.44176140427589417,-0.019529657438397408,0.6678745150566101,0.38854098320007324,-0.02878384292125702,0.6835291385650635,0.34605833888053894,-0.03104700706899166,0.659831702709198,0.5318588614463806,-0.004618559964001179,0.6808976531028748,0.5308871269226074,-0.031119108200073242,0.6687123775482178,0.5821153521537781,-0.03438567370176315,0.6593772768974304,0.6210125684738159,-0.026565486565232277,0.6796950697898865,0.5545352697372437,-0.007577831391245127,0.6917955875396729,0.5532380938529968,-0.028202489018440247,0.681914746761322,0.5931077599525452,-0.027559401467442513,0.6718853712081909,0.6242547035217285,-0.02039441093802452
0.6565396189689636,0.6861598491668701,6.089036901357758e-07,0.6276912689208984,0.6311894655227661,-0.01725069433450699,0.619177520275116,0.5568262934684753,-0.022429347038269043,0.6265641450881958,0.49391475319862366,-0.027812736108899117,0.6269087195396423,0.4422973394393921,-0.030694851651787758,0.6059049963951111,0.5129170417785645,-0.006325746886432171,0.5915935039520264,0.43829798698425293,-0.01819480210542679,0.5821752548217773,0.3930656909942627,-0.022880513221025467,0.5750969648361206,0.35139453411102295,-0.024592533707618713,0.6351012587547302,0.5159314870834351,-0.006515000481158495,0.6526297330856323,0.44139283895492554,-0.024835042655467987,0.6680784225463867,0.387580931186676,-0.034872569143772125,0.6839620471000671,0.34353533387184143,-0.037725456058979034,0.6603201031684875,0.5338044166564941,-0.009215269237756729,0.6799386739730835,0.5312929749488831,-0.03683355078101158,0.6676397919654846,0.5833083987236023,-0.03907167166471481,0.6589019894599915,0.6220701932907104,-0.03054715506732464,0.6807177066802979,0.5571420788764954,-0.013132855296134949,0.6915554404258728,0.5522241592407227,-0.03386843577027321,0.6821322441101074,0.5917710661888123,-0.03185993432998657,0.6731621623039246,0.6226915121078491,-0.023859530687332153
0.6578981876373291,0.6857205629348755,5.805666205560556e-07,0.6257483959197998,0.6331389546394348,-0.014420362189412117,0.6157856583595276,0.5575811266899109,-0.01859295181930065,0.6229644417762756,0.4959333539009094,-0.023514166474342346,0.6248831748962402,0.4467621445655823,-0.025892507284879684,0.605205774307251,0.5119356513023376,-0.005546897649765015,0.5905856490135193,0.4375793933868408,-0.016986029222607613,0.5813264846801758,0.3924899697303772,-0.021438106894493103,0.5744377374649048,0.3520556688308716,-0.02303619310259819,0.6345518231391907,0.5161935091018677,-0.007323531899601221,0.6504353284835815,0.44329211115837097,-0.025514060631394386,0.6640876531600952,0.38958603143692017,-0.035315271466970444,0.6781308650970459,0.3475174307823181,-0.038069915026426315,0.6600098609924316,0.534563422203064,-0.011258464306592941,0.6745378375053406,0.5303813219070435,-0.03771284222602844,0.6619418263435364,0.5813035368919373,-0.03882633522152901,0.6530211567878723,0.620316743850708,-0.029957527294754982,0.6811192631721497,0.5579639673233032,-0.016291193664073944,0.6883068680763245,0.5513310432434082,-0.03554607927799225,0.6777432560920715,0.5901944637298584,-0.03236209601163864,0.6685296893119812,0.6208857893943787,-0.02381506748497486
0.656347393989563,0.6867846250534058,5.915238148190838e-07,0.6254804134368896,0.6332342028617859,-0.015155048109591007,0.615521252155304,0.5592108368873596,-0.01956762559711933,0.6217904686927795,0.4977318346500397,-0.02484341338276863,0.6226416230201721,0.4478524327278137,-0.027579551562666893,0.6040112376213074,0.5117788314819336,-0.004020113497972488,0.5901333689689636,0.4371524453163147,-0.015542592853307724,0.5817402005195618,0.39250102639198303,-0.020326988771557808,0.5755425691604614,0.3520784378051758,-0.022243816405534744,0.6335634589195251,0.516329824924469,-0.005646043457090855,0.6492759585380554,0.44287997484207153,-0.023929351940751076,0.6631778478622437,0.38936328887939453,-0.03412972390651703,0.6776120066642761,0.3463948667049408,-0.03722221031785011,0.65909743309021,0.5355759263038635,-0.009687019512057304,0.6749100685119629,0.5308654308319092,-0.03697274625301361,0.6625185608863831,0.5831927061080933,-0.03840506449341774,0.653684675693512,0.6226509213447571,-0.029574332758784294,0.6799638867378235,0.5602785348892212,-0.014868191443383694,0.6879559755325317,0.5534499883651733,-0.03532183915376663,0.6771984100341797,0.5928482413291931,-0.032551202923059464,0.6672446727752686,0.6238595843315125,-0.024122493341565132
0.6559332609176636,0.6881846189498901,5.793468744741403e-07,0.6248908638954163,0.633568525314331,-0.014558863826096058,0.6146304607391357,0.5598501563072205,-0.018467042595148087,0.6207935214042664,0.49918457865715027,-0.02328944019973278,0.6206271648406982,0.44902652502059937,-0.02563282661139965,0.603594958782196,0.511076807975769,-0.003191945608705282,0.5887178778648376,0.43698474764823914,-0.01424973364919424,0.579943060874939,0.3926175534725189,-0.018854035064578056,0.5732042193412781,0.35238128900527954,-0.020664121955633163,0.633317232131958,0.5159158706665039,-0.005133414175361395,0.648368775844574,0.4416777789592743,-0.022244933992624283,0.6621357798576355,0.3887917995452881,-0.03189915418624878,0.676536500453949,0.3466886878013611,-0.03471939638257027,0.6591885089874268,0.5362803936004639,-0.009523984976112843,0.6749866604804993,0.5309364795684814,-0.03603138029575348,0.6622422933578491,0.5822649598121643,-0.037807364016771317,0.6535838842391968,0.6207691431045532,-0.029361523687839508,0.6801746487617493,0.5625930428504944,-0.014998209662735462,0.6880604028701782,0.5548742413520813,-0.035145506262779236,0.6771756410598755,0.5931992530822754,-0.032690245658159256,0.6677331924438477,0.6231018900871277,-0.02459409460425377
0.6570343971252441,0.6888859272003174,5.85209761538863e-07,0.6254303455352783,0.6342427134513855,-0.01579589582979679,0.6147964596748352,0.5597988963127136,-0.019667137414216995,0.6211755275726318,0.49728691577911377,-0.024279652163386345,0.6215853691101074,0.4466301202774048,-0.02629939466714859,0.603405773639679,0.5122265219688416,-0.002026767935603857,0.5887805223464966,0.4377944767475128,-0.012981176376342773,0.5795331001281738,0.3932420015335083,-0.017636360600590706,0.5725188255310059,0.3527114987373352,-0.01939232088625431,0.6329375505447388,0.5168355703353882,-0.0030741814989596605,0.6475474238395691,0.4425544738769531,-0.02065158076584339,0.6611065864562988,0.38980573415756226,-0.030647611245512962,0.675335705280304,0.3481507897377014,-0.03344210237264633,0.6589474678039551,0.5365869402885437,-0.006774628069251776,0.6740159392356873,0.5311328172683716,-0.03382004424929619,0.6611563563346863,0.5826663374900818,-0.03584921360015869,0.652701199054718,0.6211830377578735,-0.02722453884780407,0.6800788640975952,0.5615373253822327,-0.01165071502327919,0.6876293420791626,0.5536828637123108,-0.03163527697324753,0.6773183345794678,0.5927034020423889,-0.029102902859449387,0.6691062450408936,0.6224097013473511,-0.020824380218982697
0.6545356512069702,0.6890682578086853,5.708482149202609e-07,0.6232632994651794,0.6337528228759766,-0.014657942578196526,0.6136966347694397,0.559029221534729,-0.018873441964387894,0.6204729080200195,0.4972042441368103,-0.024181529879570007,0.6201871633529663,0.4469531774520874,-0.027058321982622147,0.6027248501777649,0.5120433568954468,-0.0033301091752946377,0.588035523891449,0.43794044852256775,-0.015586528927087784,0.5790836215019226,0.3933907449245453,-0.020975565537810326,0.5721257328987122,0.3530627489089966,-0.023283159360289574,0.6324427723884583,0.5159819722175598,-0.005632964428514242,0.646903932094574,0.4426756501197815,-0.02457462251186371,0.6603406667709351,0.3902195394039154,-0.03508664295077324,0.6743659973144531,0.3482489585876465,-0.03828536719083786,0.6586247086524963,0.5352258086204529,-0.010390994139015675,0.6738083958625793,0.5301418900489807,-0.03783266991376877,0.6609588861465454,0.5828968286514282,-0.038877200335264206,0.6522483229637146,0.6221486926078796,-0.029828904196619987,0.680290699005127,0.5605459809303284,-0.01635606214404106,0.6872450113296509,0.555171549320221,-0.036441732197999954,0.6766340732574463,0.5948591828346252,-0.03330586105585098,0.667872965335846,0.6248164176940918,-0.02472599968314171
0.657988965511322,0.6848430037498474,5.877693070033274e-07,0.6258398294448853,0.6311158537864685,-0.017690204083919525,0.6159260272979736,0.5588063597679138,-0.021289337426424026,0.6239989399909973,0.49548012018203735,-0.02515886351466179,0.6258135437965393,0.4440743327140808,-0.026339935138821602,0.6043565273284912,0.5115982294082642,-0.0010236197849735618,0.5895321369171143,0.4377146363258362,-0.011137707158923149,0.5799298882484436,0.3934081196784973,-0.015040019527077675,0.5725942850112915,0.3527718782424927,-0.0162653811275959,0.6335247159004211,0.5152002573013306,-0.0003977701417170465,0.6479307413101196,0.4419163167476654,-0.01711774617433548,0.6614948511123657,0.38965606689453125,-0.02672526240348816,0.6752811074256897,0.3487488031387329,-0.02925189770758152,0.6583085656166077,0.5338972806930542,-0.0028514231089502573,0.6756600141525269,0.5277337431907654,-0.030793776735663414,0.6649264693260193,0.5791895389556885,-0.034636132419109344,0.6570031642913818,0.6180965900421143,-0.02688274346292019,0.6780221462249756,0.5575493574142456,-0.006504862569272518,0.688490629196167,0.552849292755127,-0.02860107459127903,0.6784111261367798,0.5936277508735657,-0.028578685596585274,0.6684533953666687,0.6253708600997925,-0.021736424416303635
0.654194712638855,0.6856837868690491,5.855501399310015e-07,0.6251060962677002,0.631510853767395,-0.017464684322476387,0.6162188053131104,0.5586980581283569,-0.02270851656794548,0.6233617067337036,0.4964006543159485,-0.028270451352000237,0.623698890209198,0.4446881413459778,-0.0312228724360466,0.6042338013648987,0.5115396976470947,-0.005425500683486462,0.5898270606994629,0.4375871419906616,-0.01732313632965088,0.5806438326835632,0.3933545649051666,-0.022330118343234062,0.5734494924545288,0.35309916734695435,-0.024364441633224487,0.6343140602111816,0.5153340697288513,-0.005918816197663546,0.6487172245979309,0.44219887256622314,-0.024111928418278694,0.6622704863548279,0.38993561267852783,-0.03420465812087059,0.6762831211090088,0.3477558493614197,-0.037170521914958954,0.6602745056152344,0.5349335670471191,-0.00908228475600481,0.6754114031791687,0.5318781137466431,-0.03659972921013832,0.6633249521255493,0.5836529731750488,-0.03845566138625145,0.6549726128578186,0.6224456429481506,-0.029784781858325005,0.6809362173080444,0.5605031847953796,-0.013567681424319744,0.6890181303024292,0.5541778802871704,-0.03416840732097626,0.6791250109672546,0.5922340154647827,-0.03186006471514702,0.670161247253418,0.6224836111068726,-0.02374156191945076
0.6589691638946533,0.6848110556602478,5.784536369901616e-07,0.627532422542572,0.6319876909255981,-0.01733054406940937,0.6172915101051331,0.5590774416923523,-0.020851125940680504,0.6242813467979431,0.4963932931423187,-0.024553298950195312,0.6242733001708984,0.444791704416275,-0.02551238238811493,0.6051753163337708,0.5120903849601746,-0.0020054555498063564,0.5901184678077698,0.43863171339035034,-0.012058556079864502,0.5809468030929565,0.39451777935028076,-0.015856027603149414,0.5739397406578064,0.35400211811065674,-0.016921455040574074,0.6346792578697205,0.5149170160293579,-0.0014854561304673553,0.6483275890350342,0.4414432644844055,-0.017510510981082916,0.6611825823783875,0.3884982466697693,-0.026680931448936462,0.6744542121887207,0.3467780351638794,-0.02902652695775032,0.6597346067428589,0.5330761075019836,-0.003937844652682543,0.6755666136741638,0.5285782217979431,-0.031033674255013466,0.6645744442939758,0.579404354095459,-0.03457643836736679,0.6563020348548889,0.6178932189941406,-0.026805507019162178,0.6796925067901611,0.5569165349006653,-0.007582135498523712,0.6893295645713806,0.5517846345901489,-0.029171574860811234,0.6794359087944031,0.5912732481956482,-0.028863675892353058,0.669035017490387,0.6225310564041138,-0.021892838180065155
0.656752347946167,0.685196578502655,5.854436722074752e-07,0.6270493268966675,0.6314183473587036,-0.017290525138378143,0.6177966594696045,0.5571244955062866,-0.02173030748963356,0.624999463558197,0.4950329661369324,-0.026523729786276817,0.6267536282539368,0.44364237785339355,-0.02883177623152733,0.6056395173072815,0.5109506845474243,-0.004340710584074259,0.5909572839736938,0.43772220611572266,-0.01586766727268696,0.5817656517028809,0.3935616612434387,-0.02067217230796814,0.5743865370750427,0.35318273305892944,-0.022592535242438316,0.6355713605880737,0.5143910646438599,-0.004645366687327623,0.649255096912384,0.4414827823638916,-0.02269197255373001,0.6625128388404846,0.3889355957508087,-0.03285926952958107,0.6759617328643799,0.34658488631248474,-0.03584875166416168,0.6611811518669128,0.5337594151496887,-0.007670281920582056,0.6743981242179871,0.5294706225395203,-0.03563549742102623,0.6630124449729919,0.5812835693359375,-0.03816227987408638,0.6548869609832764,0.6195842623710632,-0.02980225905776024,0.6814315319061279,0.5588295459747314,-0.011932209134101868,0.68851637840271,0.5528169274330139,-0.03318127244710922,0.6786794066429138,0.5917437672615051,-0.03153679147362709,0.6692413091659546,0.62205570936203,-0.023806564509868622
0.658298909664154,0.6843351125717163,5.816785915158107e-07,0.6278138160705566,0.6305797100067139,-0.018112994730472565,0.6183080673217773,0.5584617853164673,-0.022761275991797447,0.6262432932853699,0.49527087807655334,-0.02744029462337494,0.6277775764465332,0.4429800510406494,-0.029337206855416298,0.605718731880188,0.5129811763763428,-0.004326955880969763,0.5903851985931396,0.43896737694740295,-0.015615636482834816,0.5809937119483948,0.39474180340766907,-0.0202886201441288,0.5736343860626221,0.35398998856544495,-0.022134283557534218,0.6356013417243958,0.5152157545089722,-0.003897076705470681,0.6485752463340759,0.4420493245124817,-0.021312620490789413,0.6614854335784912,0.38939961791038513,-0.03112027421593666,0.6746163964271545,0.34681642055511475,-0.03404565155506134,0.6611059904098511,0.533515989780426,-0.006391591392457485,0.6758253574371338,0.5283714532852173,-0.03420151770114899,0.6646324396133423,0.579815685749054,-0.036959752440452576,0.656358540058136,0.617957592010498,-0.028824903070926666,0.6811478734016418,0.5580346584320068,-0.010199454613029957,0.6897978186607361,0.5528530478477478,-0.03211235627532005,0.6795516610145569,0.5923188328742981,-0.031291667371988297,0.6693305373191833,0.6230335235595703,-0.024065827950835228
0.6574395895004272,0.682462215423584,5.668568974215304e-07,0.6274925470352173,0.6285598278045654,-0.015899328514933586,0.6188488006591797,0.5551462173461914,-0.019374696537852287,0.6280366778373718,0.49321284890174866,-0.02333962358534336,0.6313969492912292,0.44266343116760254,-0.0248643197119236,0.6062005162239075,0.5104968547821045,-0.0025989911518990993,0.5916798710823059,0.43753111362457275,-0.013208026066422462,0.5821922421455383,0.39377832412719727,-0.017278499901294708,0.5745069980621338,0.35402941703796387,-0.018619414418935776,0.6357665657997131,0.5139787793159485,-0.003201523330062628,0.6489421725273132,0.44229036569595337,-0.02013031393289566,0.6615126132965088,0.38991594314575195,-0.029741531237959862,0.6741164922714233,0.34837737679481506,-0.03243006393313408,0.6611723303794861,0.5325717329978943,-0.006474852561950684,0.6763796210289001,0.5292402505874634,-0.03340291976928711,0.6652064323425293,0.5795292258262634,-0.03635476157069206,0.6565212607383728,0.6166660189628601,-0.02855059504508972,0.6810434460639954,0.5567651391029358,-0.010875134728848934,0.6893181204795837,0.553921639919281,-0.03135419264435768,0.6786932945251465,0.5939664840698242,-0.03003988415002823,0.6683599352836609,0.6242452263832092,-0.02274119295179844
0.6584042906761169,0.6842998266220093,5.718450779568229e-07,0.6285985112190247,0.6305092573165894,-0.01725294627249241,0.6195983290672302,0.5563229918479919,-0.021068811416625977,0.6279677152633667,0.49333178997039795,-0.02511490136384964,0.6300930976867676,0.4419451951980591,-0.026522496715188026,0.606533408164978,0.5129401087760925,-0.0036586045753210783,0.5917347073554993,0.43860337138175964,-0.01479911245405674,0.5828486084938049,0.39378952980041504,-0.0191838126629591,0.5754770636558533,0.35343989729881287,-0.02076874114573002,0.6362372636795044,0.5153639316558838,-0.003801753744482994,0.6489138007164001,0.442709356546402,-0.021216660737991333,0.6616830229759216,0.38975927233695984,-0.031080322340130806,0.6742610335350037,0.3477330803871155,-0.03388479724526405,0.6617434024810791,0.5337623357772827,-0.006825343705713749,0.675801694393158,0.5293068885803223,-0.03456639125943184,0.6654043197631836,0.5793012976646423,-0.037822991609573364,0.6575918793678284,0.6162944436073303,-0.029982054606080055,0.6816149950027466,0.558293342590332,-0.011066506616771221,0.6893714666366577,0.5541248321533203,-0.03253830596804619,0.6795980930328369,0.5926633477210999,-0.031838107854127884,0.6702051758766174,0.6221605539321899,-0.024790912866592407
0.658435046672821,0.6846160888671875,5.624293635264621e-07,0.628608763217926,0.6320463418960571,-0.017471618950366974,0.6192229986190796,0.5589224100112915,-0.02199254371225834,0.6271678805351257,0.495542973279953,-0.02677587978541851,0.6310195922851562,0.44487547874450684,-0.028936810791492462,0.6075783967971802,0.5161386728286743,-0.005644138436764479,0.5930535197257996,0.4405272603034973,-0.01741577871143818,0.5838929414749146,0.39556825160980225,-0.021847499534487724,0.5767519474029541,0.3548051118850708,-0.023335693404078484,0.6366490721702576,0.5175492167472839,-0.005630487110465765,0.6492790579795837,0.4448299705982208,-0.023423587903380394,0.6615155339241028,0.39121168851852417,-0.03285130858421326,0.6740797162055969,0.3483547270298004,-0.03544025495648384,0.6616612672805786,0.5339755415916443,-0.0083977822214365,0.6768041253089905,0.5295371413230896,-0.035822369158267975,0.6661862134933472,0.5804058909416199,-0.03804668039083481,0.6581512093544006,0.6187685132026672,-0.029682954773306847,0.6817120313644409,0.55668705701828,-0.012533384375274181,0.690125584602356,0.554343044757843,-0.033490169793367386,0.6798114776611328,0.593468964099884,-0.03230762109160423,0.669633686542511,0.6237947344779968,-0.02504713274538517
0.6610856652259827,0.686066746711731,5.72409021515341e-07,0.6288367509841919,0.634036660194397,-0.017222775146365166,0.6195124387741089,0.5599672198295593,-0.02113126963376999,0.6287394165992737,0.49574750661849976,-0.025477467104792595,0.6322159767150879,0.44496074318885803,-0.027271457016468048,0.6086445450782776,0.5183197259902954,-0.0029905971605330706,0.5949535369873047,0.44190678000450134,-0.014315610751509666,0.5862999558448792,0.39639467000961304,-0.019051631912589073,0.579770028591156,0.3548371195793152,-0.02096487767994404,0.638428270816803,0.5203307271003723,-0.0031487976666539907,0.6503493189811707,0.4464121162891388,-0.020379813387989998,0.6621777415275574,0.3932502269744873,-0.030067341402173042,0.6744198203086853,0.34992146492004395,-0.033121295273303986,0.6638984084129333,0.5374507904052734,-0.006229170598089695,0.675970196723938,0.5256309509277344,-0.033616408705711365,0.6644694209098816,0.57630854845047,-0.035948581993579865,0.6565819978713989,0.614834189414978,-0.0278291255235672,0.6839492321014404,0.5603852272033691,-0.01063751894980669,0.6901490688323975,0.5519835948944092,-0.032000649720430374,0.6790019273757935,0.5912988185882568,-0.03075827658176422,0.6690359711647034,0.6220120191574097,-0.023477060720324516
0.6597148776054382,0.6833372116088867,5.853207198924792e-07,0.6285300850868225,0.6314314007759094,-0.016862664371728897,0.6196407675743103,0.5586897134780884,-0.020892007276415825,0.6294946670532227,0.496399462223053,-0.025569770485162735,0.6335473656654358,0.4462786912918091,-0.027932332828640938,0.6084047555923462,0.5139909982681274,-0.0028234669007360935,0.5954299569129944,0.4395083487033844,-0.014057409949600697,0.5874074697494507,0.3945158123970032,-0.019016705453395844,0.5812069177627563,0.3533802330493927,-0.021098140627145767,0.6384298205375671,0.5178723335266113,-0.003457079641520977,0.650904655456543,0.4449770152568817,-0.021133260801434517,0.6633761525154114,0.3921239674091339,-0.031173376366496086,0.6758190393447876,0.34995535016059875,-0.03423333168029785,0.6642794609069824,0.536745011806488,-0.006916084326803684,0.6742795705795288,0.5261827707290649,-0.034998659044504166,0.6631881594657898,0.5768528580665588,-0.03778699412941933,0.6553982496261597,0.6149755120277405,-0.029681101441383362,0.6848710775375366,0.560315728187561,-0.011553310789167881,0.6891615986824036,0.5502426028251648,-0.03310467302799225,0.6778808236122131,0.5901766419410706,-0.0314825214445591,0.6678271889686584,0.6216925978660583,-0.023811278864741325
0.6606012582778931,0.6849985122680664,5.7416099252805e-07,0.6299921870231628,0.6320520043373108,-0.016658004373311996,0.6206720471382141,0.5588687658309937,-0.021060852333903313,0.6290331482887268,0.4963317811489105,-0.02606428973376751,0.6322485208511353,0.44679489731788635,-0.028514379635453224,0.6090274453163147,0.518008828163147,-0.0041901529766619205,0.5969526767730713,0.4423421621322632,-0.01677956059575081,0.5885379910469055,0.3966834843158722,-0.02248893678188324,0.5823138356208801,0.354992151260376,-0.025028811767697334,0.6383299231529236,0.5204492211341858,-0.004958059173077345,0.6504939198493958,0.446831077337265,-0.02424810081720352,0.6624025702476501,0.39272579550743103,-0.03498600423336029,0.67478346824646,0.3487664759159088,-0.03852551802992821,0.6641075611114502,0.5369536280632019,-0.00840866006910801,0.6769808530807495,0.5253890752792358,-0.03715783357620239,0.6655698418617249,0.5758861899375916,-0.03925756365060806,0.6569209694862366,0.6148498058319092,-0.030699994415044785,0.6850075721740723,0.5589659810066223,-0.013133339583873749,0.6913431882858276,0.5504794120788574,-0.034992996603250504,0.6799047589302063,0.5898906588554382,-0.033266812562942505,0.6691601276397705,0.6209520697593689,-0.025520380586385727
0.6598841547966003,0.6851420402526855,5.763924946222687e-07,0.6299267411231995,0.6334980130195618,-0.01644519902765751,0.6215349435806274,0.5588782429695129,-0.020696032792329788,0.6301180124282837,0.4962098300457001,-0.02550582028925419,0.6321446895599365,0.4456484913825989,-0.02779752016067505,0.6095446944236755,0.5166555643081665,-0.004375607706606388,0.5979152917861938,0.44082072377204895,-0.01642031967639923,0.5902340412139893,0.39469271898269653,-0.021432656794786453,0.5844846367835999,0.3538224697113037,-0.023308372125029564,0.6389797329902649,0.5200379490852356,-0.005185090936720371,0.651348888874054,0.44702601432800293,-0.024361293762922287,0.6627439260482788,0.39276397228240967,-0.034762538969516754,0.6745398044586182,0.34962889552116394,-0.03782552108168602,0.6645188927650452,0.5368725061416626,-0.008644849061965942,0.6762502193450928,0.5265666246414185,-0.03707553818821907,0.6652730703353882,0.5770952105522156,-0.03910201042890549,0.6569861173629761,0.6154345870018005,-0.030393628403544426,0.6855120658874512,0.5581277012825012,-0.013268740847706795,0.6902968883514404,0.5490532517433167,-0.034264374524354935,0.6790826320648193,0.5889352560043335,-0.03198036551475525,0.6687949299812317,0.6195226311683655,-0.023883821442723274
0.6591223478317261,0.685038685798645,5.718457600778493e-07,0.628713846206665,0.6328622698783875,-0.016036681830883026,0.6205890774726868,0.5582746267318726,-0.0198227372020483,0.6300303339958191,0.49643799662590027,-0.02419319376349449,0.6322478652000427,0.4459736943244934,-0.026063326746225357,0.609127938747406,0.5135607123374939,-0.003878912888467312,0.599236249923706,0.4386104345321655,-0.015341046266257763,0.5927309989929199,0.39272934198379517,-0.02005365863442421,0.5879526734352112,0.3516865372657776,-0.021905574947595596,0.6387367248535156,0.5176426768302917,-0.005085291340947151,0.6517024636268616,0.44578903913497925,-0.02351260557770729,0.6629833579063416,0.3919711709022522,-0.03365328162908554,0.6746858358383179,0.34910833835601807,-0.03672609105706215,0.6643626093864441,0.5360530018806458,-0.008977836929261684,0.6771489977836609,0.52696293592453,-0.03754381462931633,0.6650723218917847,0.5782064199447632,-0.04015263915061951,0.6559205055236816,0.6169016361236572,-0.03187919780611992,0.6847700476646423,0.5594750046730042,-0.013971486128866673,0.6909360885620117,0.550459623336792,-0.0360155813395977,0.6789071559906006,0.5905243158340454,-0.034662146121263504,0.6677117347717285,0.6214242577552795,-0.0271771140396595
0.6607306003570557,0.6868942975997925,5.681134211954486e-07,0.6296266913414001,0.6340550184249878,-0.016314877197146416,0.6200975775718689,0.5588029623031616,-0.019636593759059906,0.6283521056175232,0.49750030040740967,-0.023658353835344315,0.6310950517654419,0.4473736882209778,-0.025203485041856766,0.6093621850013733,0.513709545135498,-0.002956738928332925,0.601668119430542,0.4369144141674042,-0.01460399478673935,0.5969811081886292,0.39017245173454285,-0.019570237025618553,0.593572735786438,0.3487757444381714,-0.02136342227458954,0.6390495896339417,0.518419086933136,-0.003955111838877201,0.6507028937339783,0.4462715983390808,-0.02237759716808796,0.6614606380462646,0.3923909664154053,-0.03253044933080673,0.6727322340011597,0.34949880838394165,-0.03548180311918259,0.6649205684661865,0.5370535254478455,-0.007822041399776936,0.6759123206138611,0.528262197971344,-0.03674543276429176,0.664161741733551,0.5796098113059998,-0.03974880278110504,0.6556546688079834,0.6184322237968445,-0.031473707407712936,0.685443103313446,0.5604200959205627,-0.012836188077926636,0.6910296082496643,0.5511263012886047,-0.034964580088853836,0.6791766285896301,0.5905277729034424,-0.03383903205394745,0.6685070395469666,0.621102511882782,-0.026405971497297287
0.662266731262207,0.6900269389152527,5.487410135174287e-07,0.630699872970581,0.6366971135139465,-0.016397299244999886,0.6209520101547241,0.5605405569076538,-0.01991448365151882,0.6279046535491943,0.4970989525318146,-0.024190448224544525,0.6290522217750549,0.4455791711807251,-0.026018688455224037,0.6109840273857117,0.5167255401611328,-0.0018211976857855916,0.6054383516311646,0.4412488043308258,-0.01409718208014965,0.602941632270813,0.39500322937965393,-0.019793963059782982,0.6021651029586792,0.35416197776794434,-0.02182258479297161,0.6395785212516785,0.5212923884391785,-0.002739640884101391,0.6485419273376465,0.44577693939208984,-0.02132384292781353,0.6566210985183716,0.3913419544696808,-0.03179379552602768,0.6665250658988953,0.34802091121673584,-0.035050082951784134,0.6653727889060974,0.5394839644432068,-0.006644632667303085,0.6763068437576294,0.5270644426345825,-0.035799022763967514,0.6646839380264282,0.5781508684158325,-0.038641754537820816,0.6565506458282471,0.6172248721122742,-0.030205639079213142,0.686814546585083,0.5629806518554688,-0.011669930070638657,0.6921541690826416,0.549921989440918,-0.033263299614191055,0.680902898311615,0.5885391235351562,-0.031544700264930725,0.6710619926452637,0.6188232898712158,-0.023833490908145905
0.6620917320251465,0.6888775825500488,5.728546170757909e-07,0.63138347864151,0.6362030506134033,-0.017521068453788757,0.6219284534454346,0.560897946357727,-0.020966023206710815,0.628512442111969,0.49804890155792236,-0.02483232319355011,0.6284024119377136,0.44717884063720703,-0.02611640654504299,0.6110761165618896,0.5152411460876465,-0.0011139924172312021,0.6060072779655457,0.4389647841453552,-0.013186069205403328,0.6040694117546082,0.39237886667251587,-0.019037969410419464,0.6034027338027954,0.35109156370162964,-0.020974962040781975,0.6395453214645386,0.5201188921928406,-0.0011874184710904956,0.6479607224464417,0.4449303150177002,-0.019514845684170723,0.6560229659080505,0.39005720615386963,-0.030058791860938072,0.6656806468963623,0.34665393829345703,-0.033093761652708054,0.6653205752372742,0.5381644368171692,-0.004422139376401901,0.6752958297729492,0.5269474983215332,-0.033657800406217575,0.66521817445755,0.5786333084106445,-0.036793630570173264,0.658051609992981,0.6182241439819336,-0.028192192316055298,0.686822235584259,0.5608502626419067,-0.008851377293467522,0.692034125328064,0.5486413240432739,-0.03062700666487217,0.6814950704574585,0.5881274938583374,-0.028847552835941315,0.6720985174179077,0.618602991104126,-0.020799286663532257
0.6620314717292786,0.6892027854919434,5.702536896023958e-07,0.6313344240188599,0.6368046998977661,-0.01763772778213024,0.6220270395278931,0.5598112940788269,-0.021326201036572456,0.6288740634918213,0.49629858136177063,-0.025402767583727837,0.6293034553527832,0.44508928060531616,-0.02693101391196251,0.6109482049942017,0.5149196982383728,-0.0028970413841307163,0.6061262488365173,0.4379338324069977,-0.015216810628771782,0.6047965288162231,0.3910559415817261,-0.021087314933538437,0.6050763726234436,0.3498994708061218,-0.02302919141948223,0.6393632292747498,0.5205540060997009,-0.0029996915254741907,0.6481813192367554,0.4451206922531128,-0.02133014425635338,0.6566946506500244,0.3904097080230713,-0.03145574778318405,0.6669151782989502,0.34777361154556274,-0.03435714170336723,0.6651631593704224,0.5393022894859314,-0.006229786202311516,0.6760565042495728,0.5266619920730591,-0.035449232906103134,0.6654512882232666,0.5783251523971558,-0.038501057773828506,0.6575332880020142,0.61801677942276,-0.030041510239243507,0.6868535280227661,0.5626291632652283,-0.010645987465977669,0.6932348012924194,0.5480767488479614,-0.0324874185025692,0.6822007894515991,0.5869231224060059,-0.03079862706363201,0.6719523668289185,0.6174528002738953,-0.022964688017964363
0.6632494926452637,0.6907376050949097,5.648954584103194e-07,0.6318466067314148,0.6379814743995667,-0.017326433211565018,0.6222813129425049,0.5607811212539673,-0.02105463668704033,0.6291258931159973,0.49687618017196655,-0.025254523381590843,0.6302201151847839,0.44627541303634644,-0.02690647728741169,0.6113100647926331,0.5175067782402039,-0.0030929683707654476,0.6066837906837463,0.44006407260894775,-0.015486272983253002,0.6055229306221008,0.3932519555091858,-0.02135401777923107,0.6061530113220215,0.3523086905479431,-0.023246698081493378,0.6393795013427734,0.522811233997345,-0.0032372293062508106,0.6481252908706665,0.4468168020248413,-0.021874025464057922,0.6566838622093201,0.3917146325111389,-0.03210394084453583,0.6670451760292053,0.3490337133407593,-0.03506794199347496,0.6649754047393799,0.5406903028488159,-0.006430365610867739,0.676144540309906,0.5271816849708557,-0.035563185811042786,0.665684700012207,0.5786753296852112,-0.03840408846735954,0.6578144431114197,0.6191339492797852,-0.029838331043720245,0.6867652535438538,0.5632921457290649,-0.010817236267030239,0.6937912702560425,0.5478349924087524,-0.03231693059206009,0.6828618049621582,0.5861480832099915,-0.03043593280017376,0.6722865104675293,0.6172157526016235,-0.022528329864144325
0.6617230176925659,0.6913003921508789,5.793548893961997e-07,0.6320671439170837,0.637810468673706,-0.01786593534052372,0.6232311725616455,0.560494601726532,-0.021799692884087563,0.6289860010147095,0.4975334107875824,-0.02595161832869053,0.6289210915565491,0.4461243748664856,-0.027511505410075188,0.6115275025367737,0.5161261558532715,-0.0038033858872950077,0.606454610824585,0.43902355432510376,-0.01640552468597889,0.6054026484489441,0.39176666736602783,-0.022234199568629265,0.6061019897460938,0.3507881164550781,-0.023986466228961945,0.6398959159851074,0.5213883519172668,-0.0037181817460805178,0.6494779586791992,0.445366233587265,-0.022419730201363564,0.6576837301254272,0.38974279165267944,-0.03301561623811722,0.6677875518798828,0.3464456796646118,-0.03614845871925354,0.6654452681541443,0.5393435955047607,-0.0066754696890711784,0.6787299513816833,0.5295625925064087,-0.03550306707620621,0.6679619550704956,0.5807631015777588,-0.038755644112825394,0.6593987345695496,0.619659960269928,-0.03052343986928463,0.6869636178016663,0.5620189905166626,-0.01084914430975914,0.6948874592781067,0.5504655838012695,-0.03203798085451126,0.6843172311782837,0.5891320705413818,-0.03042374551296234,0.6734723448753357,0.6188471913337708,-0.022741084918379784
0.6627036929130554,0.6921159029006958,5.685660084964184e-07,0.6331851482391357,0.6379347443580627,-0.018464934080839157,0.6239372491836548,0.5612022876739502,-0.022094540297985077,0.6300889849662781,0.49857813119888306,-0.025859367102384567,0.6300974488258362,0.4470134377479553,-0.026924118399620056,0.6110886931419373,0.5149908661842346,-0.002433659043163061,0.6072285175323486,0.43915387988090515,-0.014503125101327896,0.6063998937606812,0.39259499311447144,-0.0203336700797081,0.6068266034126282,0.3518367111682892,-0.022324737161397934,0.6394711136817932,0.5203383564949036,-0.001999935368075967,0.6484784483909607,0.44547146558761597,-0.019939525052905083,0.6573271155357361,0.3910638093948364,-0.030073856934905052,0.6679701805114746,0.34854206442832947,-0.03302247077226639,0.6653563976287842,0.539076030254364,-0.004894202575087547,0.6783778071403503,0.5289037227630615,-0.033573076128959656,0.6677753329277039,0.5803704261779785,-0.0369955450296402,0.6596357226371765,0.6188622713088989,-0.028919542208313942,0.6871432065963745,0.5628401041030884,-0.009117725305259228,0.6949120163917542,0.5515773296356201,-0.030686674639582634,0.6839519143104553,0.5895856618881226,-0.029821719974279404,0.6733844876289368,0.6178625226020813,-0.022718142718076706
0.6633771061897278,0.6890894174575806,5.813915890939825e-07,0.6332092881202698,0.6355233788490295,-0.01887507364153862,0.6237217783927917,0.5601164102554321,-0.022242601960897446,0.6299967765808105,0.49725303053855896,-0.025711307302117348,0.6295100450515747,0.4457656443119049,-0.026540298014879227,0.611700713634491,0.5128883123397827,-0.0010398259619250894,0.6073284149169922,0.4367022216320038,-0.012735226191580296,0.6066970229148865,0.3906170129776001,-0.018283458426594734,0.6073877215385437,0.3502321243286133,-0.019831756129860878,0.6404260993003845,0.5183594226837158,-2.86277736449847e-05,0.6501001715660095,0.44349169731140137,-0.017365949228405952,0.6587705016136169,0.38978278636932373,-0.027399567887187004,0.6688868999481201,0.3479517698287964,-0.03007381595671177,0.665980339050293,0.537034809589386,-0.0024714211467653513,0.6792880296707153,0.5301439166069031,-0.030741315335035324,0.6683893799781799,0.5812870860099792,-0.03471212834119797,0.6597920656204224,0.6193090677261353,-0.026873713359236717,0.686762809753418,0.5606720447540283,-0.00624721497297287,0.6944049596786499,0.5529335141181946,-0.02718367613852024,0.6832402944564819,0.5914812684059143,-0.026256196200847626,0.6723914742469788,0.6199458241462708,-0.019025016576051712
0.6622519493103027,0.6902993321418762,5.655790005221206e-07,0.6329814195632935,0.6356136798858643,-0.018185408785939217,0.6238998770713806,0.5601475834846497,-0.022451311349868774,0.6295179724693298,0.4972977638244629,-0.026937566697597504,0.6280249953269958,0.44554072618484497,-0.028811104595661163,0.6113315224647522,0.514426052570343,-0.004183546174317598,0.6077345609664917,0.4385068714618683,-0.016811326146125793,0.6073154211044312,0.3925521969795227,-0.022837119176983833,0.6080280542373657,0.35262686014175415,-0.02508796751499176,0.6406364440917969,0.5197576284408569,-0.0044410815462470055,0.6505528092384338,0.4435386061668396,-0.022796092554926872,0.6592546701431274,0.3894199728965759,-0.03323425352573395,0.6694307327270508,0.3465123176574707,-0.036578547209501266,0.6672021746635437,0.5390886068344116,-0.007809198461472988,0.6809434294700623,0.5274415016174316,-0.036893196403980255,0.669289767742157,0.5782358050346375,-0.0401458814740181,0.6602929830551147,0.6170167326927185,-0.0320967398583889,0.6886184811592102,0.5647531151771545,-0.012431538663804531,0.6961833834648132,0.5528044104576111,-0.0348854660987854,0.6853113174438477,0.5896778702735901,-0.034065112471580505,0.6744743585586548,0.6189262866973877,-0.02688351646065712
0.666924774646759,0.691714346408844,5.474698241414444e-07,0.6341606378555298,0.6390981078147888,-0.017118781805038452,0.624081552028656,0.5607408881187439,-0.01975271664559841,0.6304621696472168,0.4962772727012634,-0.022587692365050316,0.6306925415992737,0.44540905952453613,-0.022838804870843887,0.6140080690383911,0.5155230164527893,-0.002470732433721423,0.6091068983078003,0.4393215477466583,-0.013252868317067623,0.6074429750442505,0.3927069902420044,-0.017688896507024765,0.6072948575019836,0.35175496339797974,-0.018894242122769356,0.642791211605072,0.5196974873542786,-0.0026512485928833485,0.6523429751396179,0.4442853629589081,-0.018702523782849312,0.660597562789917,0.39007967710494995,-0.02756166085600853,0.6704740524291992,0.34731054306030273,-0.030006147921085358,0.6684176325798035,0.5384038686752319,-0.005994614213705063,0.6822661757469177,0.5279579758644104,-0.03456822782754898,0.6716625690460205,0.5789767503738403,-0.03895970806479454,0.6640446186065674,0.6192593574523926,-0.03162200003862381,0.6893312931060791,0.5634201169013977,-0.010415136814117432,0.6979954242706299,0.5528631210327148,-0.03370901942253113,0.6873316764831543,0.5909732580184937,-0.034454237669706345,0.6772937178611755,0.6223981380462646,-0.028270486742258072
0.663899302482605,0.6899856925010681,5.858996701135766e-07,0.6332369446754456,0.6358077526092529,-0.0179599542170763,0.6241444945335388,0.5595384240150452,-0.021935289725661278,0.6311368346214294,0.49676498770713806,-0.026150641962885857,0.6317650079727173,0.44605469703674316,-0.02779719978570938,0.6129112243652344,0.5153239965438843,-0.0038028948474675417,0.6082003116607666,0.43881648778915405,-0.016411425545811653,0.6071821451187134,0.3923957943916321,-0.02236783318221569,0.6077595353126526,0.3517591953277588,-0.024289993569254875,0.6416696906089783,0.5202580094337463,-0.00357604306191206,0.6519222855567932,0.4447353482246399,-0.022058697417378426,0.6607578992843628,0.3901100754737854,-0.032542113214731216,0.6714197993278503,0.34707534313201904,-0.035654857754707336,0.6675913333892822,0.5385558009147644,-0.006374395452439785,0.6809216141700745,0.5313224792480469,-0.03468192741274834,0.6693470478057861,0.5828672051429749,-0.03763986751437187,0.660504162311554,0.6212424039840698,-0.02931351028382778,0.6894539594650269,0.5618286728858948,-0.010463200509548187,0.6968250870704651,0.5522626042366028,-0.03113476186990738,0.6864126324653625,0.5906859040260315,-0.02929663471877575,0.6764761805534363,0.6198726892471313,-0.021475231274962425
0.6652702689170837,0.6893579363822937,5.691484261660662e-07,0.6336833238601685,0.6365861892700195,-0.01738172210752964,0.6238470673561096,0.5607144832611084,-0.021130140870809555,0.6309531927108765,0.4974919557571411,-0.02525787428021431,0.6322323083877563,0.4462284445762634,-0.02683713473379612,0.6140800714492798,0.5161980986595154,-0.003352888161316514,0.6087796688079834,0.4392268657684326,-0.015437162481248379,0.6074515581130981,0.39242976903915405,-0.020887505263090134,0.6076505780220032,0.351180762052536,-0.022663529962301254,0.6433495879173279,0.5208268165588379,-0.003618797054514289,0.6532491445541382,0.445369154214859,-0.02146608941257,0.6619963049888611,0.3907642960548401,-0.031515538692474365,0.6722338199615479,0.34735721349716187,-0.03452468290925026,0.6694408059120178,0.5392081141471863,-0.0068910988047719,0.6813068389892578,0.5291140079498291,-0.035390086472034454,0.6698782444000244,0.5807433128356934,-0.038495421409606934,0.6615787148475647,0.6199994683265686,-0.03029782883822918,0.6911166310310364,0.5627288222312927,-0.011376116424798965,0.6971337199211121,0.5527946949005127,-0.03312058746814728,0.6858890056610107,0.5913757085800171,-0.032073844224214554,0.6757021546363831,0.6212247610092163,-0.024744287133216858
0.6632239818572998,0.6913782358169556,5.586196607509919e-07,0.6330577731132507,0.637591540813446,-0.016664646565914154,0.6242502331733704,0.561130166053772,-0.021247481927275658,0.6309828162193298,0.4981682598590851,-0.02634396217763424,0.6318295001983643,0.4470757842063904,-0.02879834547638893,0.6134823560714722,0.5179747939109802,-0.006049312651157379,0.6089853048324585,0.441280722618103,-0.019030993804335594,0.6074233651161194,0.39419618248939514,-0.025043444707989693,0.6075038909912109,0.35261276364326477,-0.027460236102342606,0.6429851055145264,0.5218986868858337,-0.00717241782695055,0.6538392901420593,0.4475667476654053,-0.025917168706655502,0.6625944972038269,0.3926030993461609,-0.03631451725959778,0.6730623841285706,0.3477219045162201,-0.039943594485521317,0.6692093014717102,0.5397442579269409,-0.010993177071213722,0.6825293302536011,0.5306680202484131,-0.039216380566358566,0.671017050743103,0.5826326012611389,-0.04091889038681984,0.6624606847763062,0.6224805116653442,-0.03219827637076378,0.6911733150482178,0.5639709830284119,-0.01609545201063156,0.6985039114952087,0.552661120891571,-0.037377163767814636,0.68819260597229,0.5895216464996338,-0.03543896973133087,0.6782482862472534,0.6192712187767029,-0.027730075642466545
0.6640017032623291,0.6930949091911316,5.558451903198147e-07,0.633564829826355,0.6381255984306335,-0.016952985897660255,0.6252281069755554,0.5601043105125427,-0.022195350378751755,0.6319906115531921,0.4969477653503418,-0.027660438790917397,0.6315802931785583,0.44526559114456177,-0.030413514003157616,0.6129916906356812,0.5183622241020203,-0.009381270036101341,0.6103600263595581,0.44075506925582886,-0.02303900383412838,0.6082628965377808,0.3925577700138092,-0.02930212765932083,0.6072863936424255,0.35066938400268555,-0.031998809427022934,0.6418026685714722,0.5236338376998901,-0.010727731510996819,0.6523571610450745,0.4473547339439392,-0.02970750257372856,0.6609175801277161,0.39151424169540405,-0.03951791673898697,0.6715952157974243,0.3462398648262024,-0.04287729784846306,0.6681849360466003,0.5430243611335754,-0.014671579003334045,0.6827384233474731,0.5298799276351929,-0.04329286515712738,0.6715683341026306,0.5810168385505676,-0.044885363429784775,0.6633620262145996,0.6208420991897583,-0.0361897349357605,0.6904152035713196,0.5694227814674377,-0.019922198727726936,0.699508011341095,0.5544772148132324,-0.04226214066147804,0.690934956073761,0.5853399634361267,-0.04136759415268898,0.6826943159103394,0.6107860803604126,-0.03436904773116112
0.6646022796630859,0.6891142129898071,5.86726059736975e-07,0.6339256763458252,0.6337623000144958,-0.017559392377734184,0.6248629093170166,0.5587767362594604,-0.021785590797662735,0.6315944790840149,0.49650922417640686,-0.026319595053792,0.6321392059326172,0.445542573928833,-0.028131568804383278,0.6131932139396667,0.5142802000045776,-0.0034280072432011366,0.6090981960296631,0.43691402673721313,-0.015730930492281914,0.6074956059455872,0.3898811340332031,-0.021674886345863342,0.6072046756744385,0.3482501208782196,-0.02389792911708355,0.6427438259124756,0.519498884677887,-0.0037011473905295134,0.6538600921630859,0.4447207450866699,-0.021842628717422485,0.6626404523849487,0.38967835903167725,-0.032366905361413956,0.6729815006256104,0.3450445532798767,-0.035861700773239136,0.6687774658203125,0.5382699370384216,-0.0069697522558271885,0.6824852228164673,0.5291541218757629,-0.03533673286437988,0.6712594628334045,0.5802298188209534,-0.03810533508658409,0.6628678441047668,0.6193246841430664,-0.029775192961096764,0.6899513602256775,0.5624555349349976,-0.011506233364343643,0.6983690857887268,0.5509644150733948,-0.032931067049503326,0.6882818937301636,0.5878165364265442,-0.03138306364417076,0.678576648235321,0.617075502872467,-0.02371918596327305
0.6655243039131165,0.6926480531692505,5.482715437210572e-07,0.6337068676948547,0.6375928521156311,-0.016082193702459335,0.6240622997283936,0.5597508549690247,-0.020657259970903397,0.6310656070709229,0.49675315618515015,-0.025895990431308746,0.6325687170028687,0.4454938769340515,-0.028616737574338913,0.6144370436668396,0.5169161558151245,-0.006694328039884567,0.609738826751709,0.4394552707672119,-0.019863005727529526,0.6081586480140686,0.3920360505580902,-0.025866558775305748,0.6083112955093384,0.3503592014312744,-0.028263607993721962,0.6437481045722961,0.5215950012207031,-0.008297367952764034,0.6544317007064819,0.44669872522354126,-0.027240674942731857,0.66324782371521,0.39178550243377686,-0.037366438657045364,0.6741406321525574,0.34665921330451965,-0.040839649736881256,0.6698095798492432,0.5401207208633423,-0.01257002167403698,0.6828382611274719,0.5285611152648926,-0.041265007108449936,0.6703683733940125,0.5804193019866943,-0.04340904951095581,0.6616467237472534,0.6202242970466614,-0.03503105416893959,0.6916702389717102,0.565093457698822,-0.01802411861717701,0.6991878747940063,0.5509610176086426,-0.03991298750042915,0.6882261037826538,0.5875006914138794,-0.038515619933605194,0.6780714392662048,0.6174127459526062,-0.031216133385896683
0.6644645929336548,0.6841184496879578,5.889455110263953e-07,0.6349162459373474,0.6286819577217102,-0.017748132348060608,0.6263484954833984,0.556061327457428,-0.021151762455701828,0.633727490901947,0.4948803186416626,-0.024699734523892403,0.6333338022232056,0.4439162611961365,-0.025471577420830727,0.6134411096572876,0.508014440536499,4.400262332637794e-05,0.6095040440559387,0.4334196150302887,-0.010893640108406544,0.6077582836151123,0.38810816407203674,-0.01633552834391594,0.607074499130249,0.34764713048934937,-0.018182601779699326,0.6431780457496643,0.513518214225769,0.0005802607047371566,0.6540891528129578,0.4406074285507202,-0.016288354992866516,0.663652777671814,0.38696473836898804,-0.02657121978700161,0.674418568611145,0.34418055415153503,-0.029704349115490913,0.6695265173912048,0.5329007506370544,-0.002102338010445237,0.6817527413368225,0.527112603187561,-0.02971058338880539,0.6709109544754028,0.5783131122589111,-0.03316406160593033,0.6628745198249817,0.6167750358581543,-0.02519666962325573,0.6909404993057251,0.5570170283317566,-0.006052161101251841,0.6983947157859802,0.5489913821220398,-0.026776663959026337,0.6883955001831055,0.5867095589637756,-0.025472335517406464,0.679314374923706,0.6151838302612305,-0.01796606369316578
0.6666460037231445,0.6862457394599915,5.681836228177417e-07,0.634663999080658,0.6322534084320068,-0.017969250679016113,0.6254528760910034,0.5571500658988953,-0.021366149187088013,0.6333211064338684,0.49393483996391296,-0.025025777518749237,0.6334365606307983,0.4427626430988312,-0.026035530492663383,0.6146202683448792,0.5111756324768066,-0.001348257064819336,0.6101848483085632,0.4356195330619812,-0.012669883668422699,0.608232855796814,0.38969722390174866,-0.018108109012246132,0.6075462698936462,0.3488506078720093,-0.02027757838368416,0.6440589427947998,0.516400933265686,-0.001284708036109805,0.6547204256057739,0.4422982633113861,-0.018904106691479683,0.6643582582473755,0.38905835151672363,-0.029251238331198692,0.6754037141799927,0.3464477062225342,-0.03263751417398453,0.6703433394432068,0.5360552072525024,-0.004458928480744362,0.6834812164306641,0.5245766639709473,-0.033353470265865326,0.6717073917388916,0.5754466652870178,-0.037056200206279755,0.6631894707679749,0.6143582463264465,-0.029370833188295364,0.6917222738265991,0.5612112879753113,-0.008883864618837833,0.6988961696624756,0.5497614145278931,-0.03176451101899147,0.6869093775749207,0.5880676507949829,-0.03161247447133064,0.6758823990821838,0.6182267665863037,-0.02489212341606617
0.6658784747123718,0.6841859817504883,5.783477377008239e-07,0.6350436210632324,0.6296383142471313,-0.017651770263910294,0.6259365677833557,0.5554344654083252,-0.021404916420578957,0.6333904266357422,0.4936969578266144,-0.02536170743405819,0.6335856914520264,0.4430415630340576,-0.026719531044363976,0.6140038371086121,0.5090768337249756,-0.0021843730937689543,0.6094363927841187,0.43416446447372437,-0.013778697699308395,0.6078743934631348,0.388755202293396,-0.019283656030893326,0.6071776151657104,0.348566472530365,-0.02117786556482315,0.6439524292945862,0.514879047870636,-0.0022021466866135597,0.6546099781990051,0.440776526927948,-0.019854698330163956,0.6644420027732849,0.3880192041397095,-0.030111802741885185,0.6752710342407227,0.3461281955242157,-0.03314795345067978,0.6706127524375916,0.5346598029136658,-0.005261082202196121,0.6829028129577637,0.5278043746948242,-0.03336596488952637,0.6715736389160156,0.5789793729782104,-0.036515992134809494,0.6630656719207764,0.6172189712524414,-0.028393307700753212,0.692181408405304,0.5593573451042175,-0.009535461664199829,0.698381245136261,0.5500068664550781,-0.03058808110654354,0.6869580149650574,0.5885359048843384,-0.029016204178333282,0.6762271523475647,0.6179780960083008,-0.021375365555286407
0.6653949618339539,0.6849017143249512,5.639585083372367e-07,0.6337488293647766,0.631110668182373,-0.01672425866127014,0.6246103644371033,0.5559121966362,-0.020573744550347328,0.6323355436325073,0.493344783782959,-0.024915210902690887,0.633407711982727,0.44258755445480347,-0.02671911008656025,0.615097165107727,0.5104452967643738,-0.0027132071554660797,0.6103875041007996,0.43544942140579224,-0.01447275560349226,0.6085328459739685,0.3897881805896759,-0.020075570791959763,0.6079453825950623,0.34921643137931824,-0.02224048227071762,0.6444557309150696,0.516265869140625,-0.0034627013374119997,0.6550719141960144,0.44204509258270264,-0.02123781479895115,0.6645177602767944,0.38850677013397217,-0.03153971582651138,0.6754128932952881,0.3453349173069,-0.03491610288619995,0.6704257130622864,0.535834014415741,-0.007123257499188185,0.6822941899299622,0.5268961191177368,-0.03509818762540817,0.670251190662384,0.5777395367622375,-0.03783955052495003,0.6614976525306702,0.6163485050201416,-0.02973954565823078,0.691886305809021,0.5605292320251465,-0.011983168311417103,0.6977043747901917,0.5492790937423706,-0.03320606052875519,0.6859872937202454,0.5875346660614014,-0.031591836363077164,0.6753096580505371,0.6177464127540588,-0.02406964637339115
0.6648318767547607,0.683832585811615,5.745496309828013e-07,0.6343945860862732,0.6297945976257324,-0.017941832542419434,0.6256785988807678,0.5544018745422363,-0.0216858871281147,0.6326865553855896,0.49211323261260986,-0.02556075155735016,0.6330991983413696,0.4411221444606781,-0.02678695321083069,0.6151258945465088,0.5087510347366333,-0.002552742138504982,0.609968900680542,0.4330454468727112,-0.01378651987761259,0.6072555184364319,0.3869333267211914,-0.0189007967710495,0.6056442260742188,0.34633636474609375,-0.020620007067918777,0.6439310312271118,0.5153544545173645,-0.002412382746115327,0.6548294425010681,0.4411322772502899,-0.01971418969333172,0.6640530228614807,0.38762059807777405,-0.0295814611017704,0.6747551560401917,0.34517860412597656,-0.032475780695676804,0.6696150898933411,0.5354284644126892,-0.005394163075834513,0.6831050515174866,0.5277396440505981,-0.03335019573569298,0.6710940003395081,0.5786157250404358,-0.03647010028362274,0.6624006628990173,0.6165894865989685,-0.02839006297290325,0.690773606300354,0.560006320476532,-0.009606222622096539,0.697784960269928,0.5488192439079285,-0.03057119995355606,0.6865508556365967,0.5869321227073669,-0.02902296744287014,0.6767199039459229,0.6159651279449463,-0.02150067314505577
0.6657523512840271,0.683853030204773,5.672194447470247e-07,0.6345719695091248,0.6290098428726196,-0.017394334077835083,0.6256047487258911,0.5539001226425171,-0.020893093198537827,0.6329168081283569,0.49125513434410095,-0.024731995537877083,0.6334295272827148,0.4408154785633087,-0.02588920295238495,0.614708423614502,0.5090028047561646,-0.0015849997289478779,0.6100645065307617,0.4337085485458374,-0.012903629802167416,0.6078263521194458,0.38826870918273926,-0.01820996217429638,0.6066925525665283,0.34785735607147217,-0.020082157105207443,0.6435819864273071,0.5150715708732605,-0.0016536081675440073,0.6544252038002014,0.44131720066070557,-0.0193032156676054,0.6635153889656067,0.38779503107070923,-0.02952561527490616,0.6739986538887024,0.3450530767440796,-0.03266402706503868,0.6691884398460388,0.5346834659576416,-0.00484664598479867,0.6822258830070496,0.5265387892723083,-0.03328073397278786,0.6708009839057922,0.577902615070343,-0.03655151650309563,0.6623536944389343,0.617165207862854,-0.02843996323645115,0.6903623938560486,0.559201180934906,-0.009248447604477406,0.6978690028190613,0.5489544868469238,-0.030755560845136642,0.6867195963859558,0.5867044925689697,-0.02963085100054741,0.6763462424278259,0.6164734959602356,-0.02229004167020321
0.6644973158836365,0.6835954785346985,5.683449444404687e-07,0.6340317726135254,0.6287010908126831,-0.0175610464066267,0.6254019141197205,0.5542601346969604,-0.02131270058453083,0.6330359578132629,0.4927331209182739,-0.02534850873053074,0.6337171196937561,0.44260525703430176,-0.026771003380417824,0.6139646768569946,0.5100308656692505,-0.0025904651265591383,0.6093611121177673,0.4349091649055481,-0.014165307395160198,0.6072405576705933,0.38948488235473633,-0.019581856206059456,0.6061291098594666,0.34938204288482666,-0.021549498662352562,0.6430041193962097,0.5153979659080505,-0.0027233650907874107,0.6536217927932739,0.441256582736969,-0.020204199478030205,0.6628124713897705,0.3878028392791748,-0.03024308569729328,0.6733952760696411,0.34502726793289185,-0.03339772671461105,0.6688405871391296,0.5347245335578918,-0.0059417723678052425,0.6823046207427979,0.5265373587608337,-0.03379211574792862,0.6710917949676514,0.5777544975280762,-0.036527812480926514,0.6627774238586426,0.616511344909668,-0.028331229463219643,0.6900909543037415,0.5596216320991516,-0.01046815887093544,0.6975598335266113,0.5500863194465637,-0.03168794885277748,0.6867523193359375,0.5875757932662964,-0.030395155772566795,0.6763540506362915,0.6168665289878845,-0.023073706775903702
0.663889467716217,0.6859561204910278,5.641656457555655e-07,0.6323678493499756,0.6323271989822388,-0.01778663694858551,0.6238349080085754,0.5566139817237854,-0.02173207886517048,0.6313977241516113,0.4932039976119995,-0.02585884928703308,0.6325821876525879,0.44208210706710815,-0.027402037754654884,0.6142463684082031,0.511396586894989,-0.0032754845451563597,0.6088104844093323,0.43456020951271057,-0.014632977545261383,0.6063894033432007,0.3880530297756195,-0.01969289779663086,0.6050413846969604,0.346946120262146,-0.02143939957022667,0.6428707838058472,0.5170421004295349,-0.0031442490871995687,0.6538304686546326,0.4430427551269531,-0.020343324169516563,0.6628714203834534,0.3899186849594116,-0.02981726825237274,0.6729119420051575,0.3473206162452698,-0.032601986080408096,0.6678400635719299,0.5363812446594238,-0.006140899378806353,0.6808479428291321,0.5265663266181946,-0.03449703007936478,0.6695678234100342,0.5775682926177979,-0.037770166993141174,0.6610988974571228,0.6172151565551758,-0.029783226549625397,0.6882284879684448,0.5611339211463928,-0.01034353207796812,0.6965147256851196,0.54920494556427,-0.03218626230955124,0.6855012774467468,0.5863063335418701,-0.03145696967840195,0.6746222376823425,0.6165778040885925,-0.024456974118947983
0.6629974246025085,0.6878882050514221,5.550566584133776e-07,0.6319301128387451,0.6333602070808411,-0.017739973962306976,0.6239339113235474,0.5565493106842041,-0.02126360684633255,0.6318427920341492,0.49306151270866394,-0.02489163540303707,0.6330310702323914,0.4420069456100464,-0.025887319818139076,0.6138961315155029,0.5111371278762817,-0.0028807378839701414,0.6087035536766052,0.4350535273551941,-0.013836010359227657,0.6065320372581482,0.38907554745674133,-0.01865736022591591,0.6055274605751038,0.3483997583389282,-0.0201948881149292,0.6424251198768616,0.5164899826049805,-0.002538308734074235,0.653447687625885,0.44310277700424194,-0.019348138943314552,0.6624946594238281,0.39026665687561035,-0.028758198022842407,0.6727461218833923,0.34835085272789,-0.03145534172654152,0.6673251390457153,0.5357031226158142,-0.005309672094881535,0.6813234686851501,0.5284545421600342,-0.032981473952531815,0.670019268989563,0.5792228579521179,-0.03633074462413788,0.6613906621932983,0.6182124614715576,-0.028496066108345985,0.6878994703292847,0.5604950189590454,-0.009334233589470387,0.6973539590835571,0.5500659346580505,-0.03045143559575081,0.6868382692337036,0.5872937440872192,-0.0296762865036726,0.6761434674263,0.6170793175697327,-0.022733435034751892
0.6641527414321899,0.6881965398788452,5.553490609599976e-07,0.6330570578575134,0.6340965032577515,-0.018259478732943535,0.6238541603088379,0.5572489500045776,-0.02206997200846672,0.6308291554450989,0.49332666397094727,-0.025922857224941254,0.632157564163208,0.44177186489105225,-0.02713640034198761,0.6129597425460815,0.5125401616096497,-0.003664293559268117,0.6087926626205444,0.4355230927467346,-0.015344899147748947,0.6065126061439514,0.3888762593269348,-0.02048891969025135,0.6052767038345337,0.3476797044277191,-0.022160520777106285,0.6412943601608276,0.5175656676292419,-0.003064631950110197,0.6524699330329895,0.4446665644645691,-0.020811667665839195,0.6616551280021667,0.3912051320075989,-0.030340930446982384,0.6720249652862549,0.3488028645515442,-0.032993607223033905,0.6663966774940491,0.5355377793312073,-0.005643513984978199,0.6806156635284424,0.5287749171257019,-0.03462282568216324,0.6693152785301208,0.580377459526062,-0.038129355758428574,0.6605383157730103,0.620494544506073,-0.03008926659822464,0.6871780753135681,0.5592695474624634,-0.009463120251893997,0.696265697479248,0.5504066348075867,-0.031659506261348724,0.6861748695373535,0.5887090563774109,-0.031117746606469154,0.6759872436523438,0.6195054054260254,-0.024118220433592796
0.6632347702980042,0.689389705657959,5.583540882980742e-07,0.6323546171188354,0.6350282430648804,-0.017483612522482872,0.6233214735984802,0.5583439469337463,-0.02188263274729252,0.6300979256629944,0.4953215420246124,-0.026543816551566124,0.6312140226364136,0.44394275546073914,-0.028618698939681053,0.6125680804252625,0.5133957862854004,-0.005411497317254543,0.6074185371398926,0.43681275844573975,-0.01787744276225567,0.605474054813385,0.3903195559978485,-0.023436525836586952,0.6047897934913635,0.3494422733783722,-0.025424357503652573,0.6413626074790955,0.5188842415809631,-0.005747636314481497,0.6523541212081909,0.4447489082813263,-0.02413252554833889,0.66138756275177,0.3910439908504486,-0.03387651965022087,0.6720617413520813,0.3479127883911133,-0.03675799444317818,0.6668980121612549,0.5379149317741394,-0.009005358442664146,0.6809121370315552,0.5286378860473633,-0.03760196641087532,0.6689186096191406,0.5803475379943848,-0.039939332753419876,0.6601674556732178,0.6195492148399353,-0.03139670938253403,0.6880201697349548,0.5629070997238159,-0.01351364329457283,0.6967991590499878,0.5507853031158447,-0.035102762281894684,0.6859792470932007,0.5889496803283691,-0.03359121084213257,0.6756094098091125,0.6194037199020386,-0.02606939896941185
0.6636139154434204,0.6884849071502686,5.629104293802811e-07,0.6324558854103088,0.6355031132698059,-0.0180804580450058,0.623454213142395,0.5585901141166687,-0.02240099012851715,0.6301771402359009,0.494631826877594,-0.026848068460822105,0.6317845582962036,0.4430554509162903,-0.028690069913864136,0.6132590174674988,0.5139555335044861,-0.005420035682618618,0.6075121760368347,0.4369869828224182,-0.017920874059200287,0.6049812436103821,0.3899838626384735,-0.023346347734332085,0.6038841605186462,0.3485834300518036,-0.025053953751921654,0.6417925357818604,0.5186812281608582,-0.005241669248789549,0.6526135802268982,0.4446045160293579,-0.02403736673295498,0.6615036129951477,0.3903379440307617,-0.034164909273386,0.6719121932983398,0.3474043607711792,-0.03708307817578316,0.6668057441711426,0.5362244248390198,-0.007985726930201054,0.6806955337524414,0.5304681062698364,-0.03655555471777916,0.6687613129615784,0.5819584727287292,-0.03913576155900955,0.6598562598228455,0.62083899974823,-0.0306105874478817,0.6876001954078674,0.5590661764144897,-0.012039913795888424,0.6962854266166687,0.5502569675445557,-0.03291356563568115,0.6856182813644409,0.5891673564910889,-0.03114504925906658,0.6750414371490479,0.6192216873168945,-0.023463835939764977
0.663750946521759,0.6889867186546326,5.693490834346449e-07,0.6325529217720032,0.634854257106781,-0.01787109673023224,0.6236668825149536,0.557930052280426,-0.02224952168762684,0.6303879022598267,0.4943821430206299,-0.026792015880346298,0.6314928531646729,0.44325530529022217,-0.028747327625751495,0.613110363483429,0.5144985318183899,-0.005329410545527935,0.6073473691940308,0.4370216429233551,-0.01770727150142193,0.6046541929244995,0.3899577260017395,-0.023263107985258102,0.6033905744552612,0.34837496280670166,-0.025104369968175888,0.6416884064674377,0.5198754072189331,-0.0051513793878257275,0.6528140902519226,0.4454832971096039,-0.023716172203421593,0.6618605852127075,0.3914607763290405,-0.033863116055727005,0.6725256443023682,0.348388671875,-0.03686871379613876,0.6669365167617798,0.5377153754234314,-0.007815700955688953,0.6804511547088623,0.5306968092918396,-0.035837914794683456,0.6683542132377625,0.5817358493804932,-0.03814816102385521,0.6596365571022034,0.6203621625900269,-0.029558422043919563,0.6880146265029907,0.5605055093765259,-0.011785398237407207,0.6963331699371338,0.5493689179420471,-0.03203357756137848,0.6860392093658447,0.587548017501831,-0.02980407141149044,0.6764187216758728,0.6172530055046082,-0.021849332377314568
0.6645387411117554,0.6869000196456909,5.683866675099125e-07,0.6328567266464233,0.6347016096115112,-0.018671486526727676,0.6238022446632385,0.5576102137565613,-0.022672343999147415,0.6312171816825867,0.49410003423690796,-0.026533668860793114,0.632258415222168,0.4427180588245392,-0.027751408517360687,0.613296627998352,0.5124059915542603,-0.005298376549035311,0.6074848771095276,0.4348223805427551,-0.01689937524497509,0.6049163937568665,0.3881729245185852,-0.021558696404099464,0.6036191582679749,0.34710973501205444,-0.02281329222023487,0.6420667767524719,0.5173130631446838,-0.0045716180466115475,0.6529574990272522,0.44290998578071594,-0.02238951437175274,0.6620693206787109,0.38957229256629944,-0.031896304339170456,0.6726771593093872,0.34753358364105225,-0.0344158373773098,0.667447566986084,0.5355181694030762,-0.006876375526189804,0.6807566285133362,0.5281931757926941,-0.035316742956638336,0.6687020063400269,0.5795901417732239,-0.0386137031018734,0.6599624156951904,0.6175746321678162,-0.030597247183322906,0.6885643601417542,0.558399498462677,-0.010438773781061172,0.6968446969985962,0.549006998538971,-0.03202921152114868,0.6861259937286377,0.588323175907135,-0.0312805213034153,0.6761553287506104,0.6179150938987732,-0.024244172498583794
0.6644129157066345,0.6875449419021606,5.643813096867234e-07,0.6319455504417419,0.6336464285850525,-0.018232570961117744,0.6229619979858398,0.5580010414123535,-0.021947717294096947,0.6310315728187561,0.4949781596660614,-0.02572508156299591,0.632026731967926,0.44401031732559204,-0.026849372312426567,0.612939178943634,0.5125381946563721,-0.0030755905900150537,0.6075145602226257,0.4368189573287964,-0.014149385504424572,0.6050254702568054,0.39106208086013794,-0.019213924184441566,0.6038914918899536,0.3501397967338562,-0.021063080057501793,0.6420168280601501,0.5174176096916199,-0.002459052251651883,0.6528021097183228,0.4441681206226349,-0.019623225554823875,0.661969780921936,0.39073944091796875,-0.02938777394592762,0.6726326942443848,0.3480537533760071,-0.03248225525021553,0.6674108505249023,0.5360730886459351,-0.005017404910176992,0.6810076832771301,0.5283879041671753,-0.03282371163368225,0.6692226529121399,0.579718291759491,-0.03616038337349892,0.6603264212608337,0.6185320019721985,-0.028507057577371597,0.6884742975234985,0.5600131750106812,-0.008925293572247028,0.6966050267219543,0.5509352087974548,-0.03062775358557701,0.6849489212036133,0.5895612835884094,-0.03032335452735424,0.6733965873718262,0.6198257207870483,-0.023762496188282967
0.6657934188842773,0.6853579878807068,5.723570666305022e-07,0.6342195272445679,0.632319986820221,-0.01851019263267517,0.6248215436935425,0.5572080016136169,-0.021864693611860275,0.6320995092391968,0.49504536390304565,-0.025024723261594772,0.6328628659248352,0.44390869140625,-0.02545994520187378,0.6134454011917114,0.5104067325592041,-0.0020375309977680445,0.6075518131256104,0.4348944127559662,-0.012345555238425732,0.60507732629776,0.389424204826355,-0.016831528395414352,0.6038505434989929,0.3489615321159363,-0.01816421002149582,0.6424800753593445,0.5153988599777222,-0.000799672503490001,0.6533104181289673,0.44273316860198975,-0.017186246812343597,0.6629347801208496,0.39020848274230957,-0.026643311604857445,0.6734810471534729,0.3486558198928833,-0.02934623323380947,0.6676046848297119,0.5341136455535889,-0.002815057523548603,0.6803738474845886,0.5278500914573669,-0.030613228678703308,0.6696884632110596,0.578559160232544,-0.03500964492559433,0.6610807776451111,0.6164171099662781,-0.027888329699635506,0.688035249710083,0.5571470260620117,-0.006046305410563946,0.6958611011505127,0.5498886108398438,-0.027959678322076797,0.6847624182701111,0.5891607403755188,-0.028330177068710327,0.6734923720359802,0.6191115975379944,-0.022119253873825073
0.6651337146759033,0.6853630542755127,5.647926855090191e-07,0.6345374584197998,0.63188636302948,-0.01797150820493698,0.6252990961074829,0.5565353631973267,-0.02178599312901497,0.6322694420814514,0.49406662583351135,-0.02565428428351879,0.6325854659080505,0.4431183636188507,-0.02693873457610607,0.613490104675293,0.5117343664169312,-0.0036221062764525414,0.6079668402671814,0.43646639585494995,-0.015363523736596107,0.6053997874259949,0.39076441526412964,-0.02058585174381733,0.6042883992195129,0.35030311346054077,-0.022301461547613144,0.6423219442367554,0.5165184736251831,-0.0032584089785814285,0.6533042788505554,0.4428122639656067,-0.020971495658159256,0.6626304388046265,0.3898541331291199,-0.0307901743799448,0.6731317043304443,0.34771275520324707,-0.03366992622613907,0.6676631569862366,0.5348161458969116,-0.005993043538182974,0.6817600727081299,0.5280006527900696,-0.03451342135667801,0.6705083250999451,0.578540563583374,-0.0383540578186512,0.661472499370575,0.6168390512466431,-0.030838536098599434,0.6882323622703552,0.5583503842353821,-0.009938240051269531,0.6964240074157715,0.5507913827896118,-0.03196335211396217,0.6850307583808899,0.5897388458251953,-0.031699225306510925,0.6733205914497375,0.6199471354484558,-0.025049785152077675
0.6642453074455261,0.6847329139709473,5.716008786293969e-07,0.6337110996246338,0.6314423680305481,-0.01836610771715641,0.6248623132705688,0.5564713478088379,-0.02236197702586651,0.6317710280418396,0.4943656325340271,-0.0263334009796381,0.6321600675582886,0.4435233473777771,-0.02764684148132801,0.6129697561264038,0.5108110904693604,-0.003785446984693408,0.6076921820640564,0.4353889524936676,-0.015511095523834229,0.6053280830383301,0.38929784297943115,-0.020790856331586838,0.6043049097061157,0.348582923412323,-0.02254694513976574,0.6418322920799255,0.5161527395248413,-0.0031142085790634155,0.653211772441864,0.44377249479293823,-0.021173078566789627,0.6625586152076721,0.39028528332710266,-0.03135787323117256,0.6731911301612854,0.3475490212440491,-0.03442012146115303,0.6671663522720337,0.534304678440094,-0.005549350753426552,0.6818232536315918,0.5282718539237976,-0.03408567234873772,0.670794665813446,0.5790913701057434,-0.03783796355128288,0.6617313623428345,0.6169807314872742,-0.030174480751156807,0.6880478262901306,0.557115375995636,-0.009236996993422508,0.6963122487068176,0.5501534342765808,-0.031080905348062515,0.6849843263626099,0.5894026756286621,-0.030697721987962723,0.6731750965118408,0.619136393070221,-0.023904403671622276
0.6646992564201355,0.6833017468452454,5.650351795338793e-07,0.6335227489471436,0.6298298239707947,-0.017878340557217598,0.6244264841079712,0.5553478598594666,-0.021036645397543907,0.6319785118103027,0.49338316917419434,-0.02432405948638916,0.6321752667427063,0.44295430183410645,-0.025017155334353447,0.6130537986755371,0.5094587802886963,-0.0015002075815573335,0.607867419719696,0.4349019229412079,-0.012416251003742218,0.6055506467819214,0.38996970653533936,-0.01738668791949749,0.604293704032898,0.34979361295700073,-0.019077496603131294,0.642204761505127,0.5148878693580627,-0.0010482968064025044,0.6529005765914917,0.4424353837966919,-0.018006734549999237,0.6623744964599609,0.3899264335632324,-0.027827341109514236,0.6727735996246338,0.3480440080165863,-0.030783629044890404,0.6678510308265686,0.5340762138366699,-0.003831148613244295,0.6816293597221375,0.5273451209068298,-0.03197680041193962,0.6706233620643616,0.5779491662979126,-0.03608708456158638,0.6618106961250305,0.6158409118652344,-0.028770852833986282,0.6885172724723816,0.5582167506217957,-0.00785081647336483,0.69631028175354,0.5514976382255554,-0.029989929869771004,0.6849028468132019,0.5907262563705444,-0.030134161934256554,0.6735491752624512,0.6206101179122925,-0.023739643394947052
0.6668417453765869,0.6851590871810913,5.815684858134773e-07,0.6352068185806274,0.6311373710632324,-0.0188121534883976,0.6252321600914001,0.5570821762084961,-0.022015051916241646,0.6322118639945984,0.49365150928497314,-0.025113031268119812,0.6326678395271301,0.44251352548599243,-0.025575712323188782,0.6127109527587891,0.5121904015541077,-0.0009581362828612328,0.6075466871261597,0.43702879548072815,-0.01179895456880331,0.6053878664970398,0.39149314165115356,-0.01700487732887268,0.6043177247047424,0.350541353225708,-0.01885273866355419,0.6415843963623047,0.5171545743942261,0.0002866475551854819,0.652526319026947,0.443244993686676,-0.01657935418188572,0.6624700427055359,0.3902626037597656,-0.026630131527781487,0.6733211874961853,0.34804630279541016,-0.029723765328526497,0.6671571135520935,0.5358844995498657,-0.0018324223347008228,0.6817155480384827,0.5278557538986206,-0.030183423310518265,0.671001136302948,0.5773472189903259,-0.03498908132314682,0.6623514294624329,0.6149922013282776,-0.028004992753267288,0.6877577900886536,0.5595455765724182,-0.005226762965321541,0.6967733502388,0.5514106750488281,-0.02777400054037571,0.6857733130455017,0.5900944471359253,-0.028480689972639084,0.6743118762969971,0.6202060580253601,-0.022345686331391335
0.6662999391555786,0.6846608519554138,5.801013571726799e-07,0.6349193453788757,0.6311556100845337,-0.017693940550088882,0.6247321963310242,0.5569779276847839,-0.02136225812137127,0.6311959624290466,0.4941723644733429,-0.025197423994541168,0.6321449875831604,0.4432411193847656,-0.02647429145872593,0.6135148406028748,0.5107547640800476,-0.0019817445427179337,0.6078369617462158,0.4350145161151886,-0.013769096694886684,0.6057764291763306,0.3889915943145752,-0.019460994750261307,0.6049652695655823,0.34816449880599976,-0.02160101756453514,0.6425233483314514,0.5165517926216125,-0.0018576150760054588,0.6533991694450378,0.4431181848049164,-0.01998806744813919,0.6629957556724548,0.39066606760025024,-0.030579689890146255,0.6735138297080994,0.3486073613166809,-0.03396451473236084,0.6680762767791748,0.5356574058532715,-0.004847527481615543,0.6822826862335205,0.5272179245948792,-0.033625029027462006,0.6712738275527954,0.5777149796485901,-0.03775956854224205,0.6621723771095276,0.6157954931259155,-0.030397096648812294,0.6885613203048706,0.5594215393066406,-0.009014285169541836,0.6967473030090332,0.5516078472137451,-0.03125273808836937,0.6852354407310486,0.590874433517456,-0.031088514253497124,0.6734861135482788,0.6210274696350098,-0.024417545646429062
0.6656656861305237,0.6858649253845215,5.665177695846069e-07,0.6341818571090698,0.6324169039726257,-0.017000265419483185,0.6242861747741699,0.5572300553321838,-0.020552046597003937,0.6315365433692932,0.4938187301158905,-0.02446838654577732,0.6326326727867126,0.4428267180919647,-0.025905434042215347,0.6136261820793152,0.5127579569816589,-0.0019930291455239058,0.6085034012794495,0.437217652797699,-0.013762205839157104,0.6061086058616638,0.39165937900543213,-0.019326716661453247,0.6048945188522339,0.351005882024765,-0.0213616956025362,0.642318844795227,0.5178603529930115,-0.002207300392910838,0.6533011794090271,0.4437717795372009,-0.02001933753490448,0.6631456017494202,0.39087602496147156,-0.03021378628909588,0.673805296421051,0.34823358058929443,-0.033423103392124176,0.6677136421203613,0.5360167026519775,-0.005491082090884447,0.6818997859954834,0.5286454558372498,-0.03397851437330246,0.6707535982131958,0.5787704586982727,-0.037886425852775574,0.6618181467056274,0.6170449256896973,-0.030470509082078934,0.6885244846343994,0.5593591928482056,-0.00992860272526741,0.6967746615409851,0.5511900186538696,-0.03175390139222145,0.6850952506065369,0.5901392698287964,-0.031243905425071716,0.6732671856880188,0.6208468675613403,-0.024469826370477676
0.6633968353271484,0.6838653087615967,5.565864285017597e-07,0.6331052184104919,0.6304836273193359,-0.016807541251182556,0.6243158578872681,0.5556507706642151,-0.02067432552576065,0.6317590475082397,0.49424561858177185,-0.024859806522727013,0.633442223072052,0.44419097900390625,-0.02660347707569599,0.614462673664093,0.5115161538124084,-0.004133653361350298,0.6086127758026123,0.4364078938961029,-0.015891000628471375,0.6061532497406006,0.39088255167007446,-0.020902641117572784,0.605175256729126,0.3508495092391968,-0.0224626325070858,0.6433371305465698,0.5168317556381226,-0.004562015645205975,0.6545470356941223,0.4435845911502838,-0.02215147577226162,0.663602888584137,0.39092981815338135,-0.031863145530223846,0.673819899559021,0.3487579822540283,-0.034767068922519684,0.6684694886207581,0.5355425477027893,-0.007883363403379917,0.6826151013374329,0.528863787651062,-0.03597445785999298,0.6710125803947449,0.5790873169898987,-0.03959643095731735,0.6620379686355591,0.6168501973152161,-0.0321301706135273,0.6887633204460144,0.5595209002494812,-0.012305794283747673,0.6970307230949402,0.5516718029975891,-0.03378317132592201,0.6848452687263489,0.5899938941001892,-0.03324361518025398,0.6726430654525757,0.6198146939277649,-0.02658338099718094
0.6658568978309631,0.6845520734786987,5.701385248357838e-07,0.634861946105957,0.6320858001708984,-0.01860812120139599,0.6256284713745117,0.5578840374946594,-0.021800721064209938,0.6337195634841919,0.49606406688690186,-0.024879416450858116,0.6332806944847107,0.44519662857055664,-0.025422919541597366,0.6131482124328613,0.5088245272636414,-0.001493884134106338,0.6087477207183838,0.43433016538619995,-0.011881554499268532,0.6068642735481262,0.389282763004303,-0.016763679683208466,0.6054254770278931,0.34928977489471436,-0.018465282395482063,0.6425248384475708,0.5150144100189209,-0.0006437311531044543,0.6533654928207397,0.44238823652267456,-0.016706496477127075,0.6632610559463501,0.39063560962677,-0.026013890281319618,0.673524022102356,0.34970366954803467,-0.028593726456165314,0.668787956237793,0.5355595946311951,-0.0031072075944393873,0.6822194457054138,0.5284398198127747,-0.030725084245204926,0.6711349487304688,0.5788388848304749,-0.03463611751794815,0.6624113917350769,0.6158024668693542,-0.02720494195818901,0.6898268461227417,0.5613433718681335,-0.006817557383328676,0.6967670917510986,0.5534283518791199,-0.02870582602918148,0.6853193640708923,0.5930744409561157,-0.028450340032577515,0.6747163534164429,0.6221721768379211,-0.021736174821853638
0.6666173934936523,0.6865835785865784,5.671830649589538e-07,0.6354308128356934,0.6337969303131104,-0.017421960830688477,0.6255807876586914,0.5583455562591553,-0.021017340943217278,0.6325799822807312,0.4948951005935669,-0.024917183443903923,0.6336526870727539,0.44416987895965576,-0.026269569993019104,0.6140428185462952,0.5150772333145142,-0.0033055420499294996,0.6088752150535583,0.4386318325996399,-0.015509800985455513,0.6066339015960693,0.3924773931503296,-0.020978955551981926,0.6060414910316467,0.35172444581985474,-0.022857312113046646,0.6425535082817078,0.5193379521369934,-0.003391014179214835,0.6535864472389221,0.4445750117301941,-0.02166454866528511,0.6632971167564392,0.39068979024887085,-0.03182150050997734,0.6744691133499146,0.34776657819747925,-0.034942954778671265,0.6679425239562988,0.537299633026123,-0.006540711969137192,0.6837812662124634,0.5293407440185547,-0.035395778715610504,0.6724969744682312,0.5798358917236328,-0.038990143686532974,0.6634791493415833,0.6179599165916443,-0.0312986858189106,0.6887378692626953,0.5609920024871826,-0.010904068127274513,0.6986852288246155,0.5530707240104675,-0.03335047885775566,0.6872621774673462,0.592378556728363,-0.03309861570596695,0.6753991842269897,0.6229763031005859,-0.02639833465218544
0.6649125814437866,0.6873733401298523,5.633752948597248e-07,0.6340119242668152,0.6345532536506653,-0.016697339713573456,0.6248060464859009,0.5601119995117188,-0.020716892555356026,0.6322987675666809,0.4976257383823395,-0.02512611635029316,0.6341657638549805,0.4472140669822693,-0.027051974087953568,0.6152529120445251,0.5143769383430481,-0.004251030273735523,0.6090267300605774,0.43870335817337036,-0.016268042847514153,0.6066073775291443,0.3926627039909363,-0.021732382476329803,0.605434775352478,0.3518450856208801,-0.023666707798838615,0.6440569758415222,0.5191665887832642,-0.004846775438636541,0.6547447443008423,0.44539588689804077,-0.02242889255285263,0.6640846729278564,0.3926667869091034,-0.03218495845794678,0.6744440197944641,0.35062819719314575,-0.03512383997440338,0.6693407893180847,0.5378440618515015,-0.008262718096375465,0.6833257079124451,0.5307407379150391,-0.0357954315841198,0.6715855598449707,0.5807653069496155,-0.038740284740924835,0.6624007225036621,0.618669331073761,-0.03090520389378071,0.6898481845855713,0.5621737837791443,-0.012884411960840225,0.6985931992530823,0.5536271929740906,-0.03379436954855919,0.6864713430404663,0.5922264456748962,-0.03261963278055191,0.6742313504219055,0.6228634119033813,-0.025485161691904068
0.6665770411491394,0.6878728866577148,5.620458409794082e-07,0.6341155171394348,0.6352426409721375,-0.016452012583613396,0.62477707862854,0.5594696402549744,-0.019422970712184906,0.6329552531242371,0.49700984358787537,-0.022759322077035904,0.6346925497055054,0.44709283113479614,-0.023524725809693336,0.6142874956130981,0.5141222476959229,-0.002033438766375184,0.6087812781333923,0.437885046005249,-0.012463335879147053,0.6061279773712158,0.39158904552459717,-0.016897844150662422,0.6046522855758667,0.3505469560623169,-0.018226129934191704,0.6433172225952148,0.5187838673591614,-0.0022657027002424,0.654207706451416,0.4456211030483246,-0.0183714646846056,0.6636279821395874,0.39237725734710693,-0.027317238971590996,0.6738207340240479,0.3501027822494507,-0.029860220849514008,0.6687130331993103,0.5375211238861084,-0.0054813651368021965,0.6812724471092224,0.5291282534599304,-0.032768797129392624,0.670353353023529,0.5802968144416809,-0.03601888567209244,0.662066638469696,0.6195568442344666,-0.028298325836658478,0.6896147131919861,0.5615948438644409,-0.009824773296713829,0.6975721716880798,0.5517277121543884,-0.031079066917300224,0.6860162019729614,0.5905817747116089,-0.030377447605133057,0.6746231913566589,0.6216109395027161,-0.023554865270853043
0.6650616526603699,0.6881199479103088,5.579083222073677e-07,0.6348457336425781,0.6344115138053894,-0.017570503056049347,0.6255832314491272,0.5594314336776733,-0.021637240424752235,0.6319770216941833,0.4968907833099365,-0.0260237418115139,0.6328908205032349,0.4460705518722534,-0.02777707576751709,0.6152603030204773,0.5162569284439087,-0.004487994592636824,0.6091493964195251,0.43993374705314636,-0.01705833338201046,0.6064396500587463,0.39354705810546875,-0.022536827251315117,0.6052560806274414,0.3525540828704834,-0.024423519149422646,0.6436854004859924,0.5204897522926331,-0.004737106151878834,0.654468834400177,0.4461965262889862,-0.023237507790327072,0.663737952709198,0.3924887180328369,-0.03317608684301376,0.6745030879974365,0.34947529435157776,-0.036217521876096725,0.6686170101165771,0.538429856300354,-0.008068129420280457,0.6843400597572327,0.5296686887741089,-0.03720236197113991,0.6732437610626221,0.5803219676017761,-0.040619492530822754,0.6645452380180359,0.6192702651023865,-0.03276553004980087,0.689065158367157,0.5622901916503906,-0.012643084861338139,0.6991743445396423,0.553325891494751,-0.03530813381075859,0.6873664259910583,0.5917984247207642,-0.035188041627407074,0.6747971177101135,0.6227860450744629,-0.028616726398468018
0.6668737530708313,0.6887242794036865,5.68310497328639e-07,0.6349388360977173,0.6364443898200989,-0.016823045909404755,0.6251298189163208,0.5609253644943237,-0.019922129809856415,0.63253253698349,0.49818944931030273,-0.02331104502081871,0.6333280801773071,0.44770610332489014,-0.024098651483654976,0.6143965721130371,0.5154949426651001,-0.001989344833418727,0.6086855530738831,0.43885618448257446,-0.012728212401270866,0.6057400107383728,0.39234644174575806,-0.017330510541796684,0.6037710905075073,0.3512148857116699,-0.018672075122594833,0.6433064937591553,0.5201771259307861,-0.0020760365296155214,0.654519259929657,0.44556957483291626,-0.01844201236963272,0.6638661623001099,0.39226508140563965,-0.027584873139858246,0.6739369630813599,0.3498953580856323,-0.030139006674289703,0.6688238978385925,0.5386714339256287,-0.005176922306418419,0.6824840903282166,0.530868649482727,-0.032451435923576355,0.6719363927841187,0.5810655355453491,-0.035615693777799606,0.6637638807296753,0.6191348433494568,-0.027766814455389977,0.6899355053901672,0.562495768070221,-0.009419873356819153,0.698266327381134,0.552107036113739,-0.03018132783472538,0.6871282458305359,0.590959370136261,-0.028921985998749733,0.6759976148605347,0.6214492917060852,-0.02171671763062477
0.6659085154533386,0.6891242861747742,5.661095201503485e-07,0.6351292133331299,0.6363005042076111,-0.01719139702618122,0.6256424188613892,0.5606858730316162,-0.0212465338408947,0.632300853729248,0.4974466860294342,-0.025645427405834198,0.6332601308822632,0.44688087701797485,-0.027467802166938782,0.6153138875961304,0.5170102715492249,-0.004660349804908037,0.6093355417251587,0.4401475787162781,-0.01744478940963745,0.6067718267440796,0.39337044954299927,-0.023133985698223114,0.6058737635612488,0.352323055267334,-0.02506340481340885,0.6437618136405945,0.5215590000152588,-0.005069626960903406,0.6551187634468079,0.44680190086364746,-0.02383624017238617,0.6644638776779175,0.39313173294067383,-0.03402113541960716,0.6753374934196472,0.35016870498657227,-0.03711867332458496,0.6688408851623535,0.539475679397583,-0.008382141590118408,0.6842911243438721,0.5314228534698486,-0.03706318140029907,0.6730461120605469,0.5818659067153931,-0.03994849696755409,0.6644227504730225,0.6203784346580505,-0.03181101754307747,0.6896113157272339,0.5630804300308228,-0.012929768301546574,0.6987632513046265,0.554674506187439,-0.034669745713472366,0.6871650218963623,0.5931447744369507,-0.033595021814107895,0.6753318905830383,0.6234754323959351,-0.026383761316537857
0.6646212339401245,0.6871099472045898,5.672774250342627e-07,0.6348907351493835,0.6337696313858032,-0.01719951257109642,0.6262756586074829,0.5590986609458923,-0.020894812420010567,0.6335492730140686,0.4975135922431946,-0.02480303682386875,0.6337271332740784,0.44695720076560974,-0.02610776573419571,0.6146518588066101,0.5130308866500854,-0.0028678898233920336,0.6092610359191895,0.4376595616340637,-0.014426345005631447,0.6071036458015442,0.3920087218284607,-0.019624752923846245,0.6060484051704407,0.35168391466140747,-0.02132309041917324,0.644324004650116,0.5189661383628845,-0.0029572537168860435,0.6558020710945129,0.4459153711795807,-0.020488355308771133,0.6657254695892334,0.39341461658477783,-0.030511941760778427,0.6765885353088379,0.35155218839645386,-0.033492885529994965,0.6703572273254395,0.5380680561065674,-0.005991226527839899,0.6835228800773621,0.5323376059532166,-0.033501286059617996,0.6720036864280701,0.5822135806083679,-0.036663420498371124,0.6629574298858643,0.6191921234130859,-0.028841812163591385,0.6916300654411316,0.5616100430488586,-0.010219605639576912,0.698376476764679,0.5543032288551331,-0.03082111105322838,0.6864129900932312,0.5933159589767456,-0.02943436987698078,0.6750502586364746,0.6227206587791443,-0.022109799087047577
0.6665468215942383,0.6894856691360474,5.601075940830924e-07,0.6347277760505676,0.6354689002037048,-0.016332536935806274,0.6251956224441528,0.5605247616767883,-0.01973664201796055,0.6331207752227783,0.4976746737957001,-0.023902179673314095,0.633857011795044,0.44725191593170166,-0.025582699105143547,0.6152359247207642,0.5159780979156494,-0.0014088292373344302,0.6102641820907593,0.4399039149284363,-0.013556691817939281,0.6078406572341919,0.3936949372291565,-0.01943899318575859,0.6067448854446411,0.3528593182563782,-0.021779466420412064,0.6443266868591309,0.5215710997581482,-0.002484264550730586,0.6552008986473083,0.447337806224823,-0.0207385066896677,0.6648679971694946,0.3937916159629822,-0.03134370967745781,0.6760018467903137,0.35098546743392944,-0.034839656203985214,0.6702758073806763,0.5407511591911316,-0.006554841063916683,0.6837380528450012,0.5307438373565674,-0.034885287284851074,0.6713415384292603,0.5809586048126221,-0.037675123661756516,0.6623165607452393,0.6196233630180359,-0.02954551763832569,0.6912899613380432,0.5657603144645691,-0.011867054738104343,0.698467493057251,0.5558856129646301,-0.033467285335063934,0.6864846348762512,0.5938093662261963,-0.032126717269420624,0.6755101680755615,0.6236467361450195,-0.024718526750802994
0.6651933789253235,0.6898559927940369,5.546513648369e-07,0.6344796419143677,0.6367828249931335,-0.016575923189520836,0.625797688961029,0.5609949827194214,-0.02051617205142975,0.6335852146148682,0.49833354353904724,-0.024994688108563423,0.6347317099571228,0.44791144132614136,-0.027001675218343735,0.6161418557167053,0.5173065662384033,-0.004261265974491835,0.6102532744407654,0.44078516960144043,-0.016776643693447113,0.6076668500900269,0.394351065158844,-0.022335734218358994,0.6064715385437012,0.3533710241317749,-0.024179330095648766,0.6452016234397888,0.522429883480072,-0.0050786747597157955,0.656073808670044,0.4482595920562744,-0.02338462509214878,0.665457546710968,0.39444243907928467,-0.033396851271390915,0.6761447191238403,0.3513323962688446,-0.03634422644972801,0.6708990335464478,0.5405405163764954,-0.008727590553462505,0.6831470727920532,0.5334640145301819,-0.036759618669748306,0.671040952205658,0.5834560394287109,-0.03952760249376297,0.6621146202087402,0.6211973428726196,-0.031378306448459625,0.692195475101471,0.5638204216957092,-0.013571567833423615,0.6979806423187256,0.5553411841392517,-0.0342259518802166,0.6860210299491882,0.5937051773071289,-0.032492730766534805,0.6751876473426819,0.6233094334602356,-0.024946073070168495
0.6665780544281006,0.6895048022270203,5.732023282689624e-07,0.6352195143699646,0.6361530423164368,-0.017240703105926514,0.6264049410820007,0.560115396976471,-0.020457182079553604,0.6340123414993286,0.4975477457046509,-0.024010272696614265,0.634563684463501,0.4471395015716553,-0.02489207126200199,0.6154008507728577,0.5161734819412231,-0.0019750609062612057,0.6098480224609375,0.43973061442375183,-0.01355073880404234,0.6067147850990295,0.3927280306816101,-0.01877637207508087,0.604917585849762,0.35103893280029297,-0.020605789497494698,0.6443986296653748,0.5213638544082642,-0.002191452542319894,0.6551185250282288,0.44762498140335083,-0.020491257309913635,0.6644435524940491,0.3933238685131073,-0.031036479398608208,0.6751146912574768,0.3501407206058502,-0.034344471991062164,0.6700509190559387,0.5397337675094604,-0.005415343679487705,0.6833298802375793,0.5310813188552856,-0.03400895372033119,0.671867847442627,0.581298828125,-0.03716384619474411,0.6634734869003296,0.619511067867279,-0.029053417965769768,0.6910526156425476,0.562762439250946,-0.009870259091258049,0.698285698890686,0.5531203746795654,-0.03147021681070328,0.6869861483573914,0.5921152830123901,-0.030283598229289055,0.6764932870864868,0.6218764185905457,-0.02294733375310898
0.6662495136260986,0.6912930011749268,5.579317416959384e-07,0.6352601647377014,0.636883556842804,-0.016673658043146133,0.6261816620826721,0.561177670955658,-0.020645203068852425,0.6331287622451782,0.49797022342681885,-0.02529117278754711,0.6338016390800476,0.44717374444007874,-0.02739655040204525,0.6159689426422119,0.5187080502510071,-0.0032243835739791393,0.6104627251625061,0.44196805357933044,-0.016209760680794716,0.6080522537231445,0.3951425552368164,-0.02238279953598976,0.6071843504905701,0.35363465547561646,-0.024728184565901756,0.6451334953308105,0.5240129828453064,-0.004146796651184559,0.6559309363365173,0.45018792152404785,-0.023557458072900772,0.6651663780212402,0.3956572711467743,-0.03450847044587135,0.6759787797927856,0.35150235891342163,-0.03811831772327423,0.6708114743232727,0.5418970584869385,-0.00800652801990509,0.6834976673126221,0.53313148021698,-0.03717212751507759,0.6715002059936523,0.5836014747619629,-0.04004542529582977,0.6625987887382507,0.6223521828651428,-0.03176266327500343,0.6921659708023071,0.564646303653717,-0.013085607439279556,0.6986584663391113,0.5545143485069275,-0.03477529063820839,0.6863947510719299,0.59306800365448,-0.033252838999032974,0.6748306155204773,0.623617947101593,-0.025696180760860443
0.6660906672477722,0.6910514831542969,5.663955562340561e-07,0.6355019211769104,0.6374437808990479,-0.016853701323270798,0.626471757888794,0.5612540245056152,-0.020775118842720985,0.6325877904891968,0.49756819009780884,-0.025163067504763603,0.6329493522644043,0.44668519496917725,-0.02692885510623455,0.615807056427002,0.5192542672157288,-0.003975114319473505,0.6101267337799072,0.44120046496391296,-0.01650080643594265,0.6070359349250793,0.3938095271587372,-0.02224976010620594,0.6054292321205139,0.35169070959091187,-0.024289866909384727,0.6441885828971863,0.524258553981781,-0.004515361040830612,0.6550045609474182,0.4498540461063385,-0.02330121025443077,0.6640738248825073,0.3950888514518738,-0.033743422478437424,0.6748148798942566,0.3509105443954468,-0.03710402175784111,0.6694375872612,0.5416645407676697,-0.00787012092769146,0.6829116940498352,0.5332709550857544,-0.036212559789419174,0.6714906096458435,0.5836402773857117,-0.038559433072805405,0.6630231142044067,0.6223233342170715,-0.03009621985256672,0.6908963918685913,0.5642803907394409,-0.012464691884815693,0.6989907622337341,0.5534579157829285,-0.033187273889780045,0.6879928112030029,0.5914749503135681,-0.030923204496502876,0.6773436069488525,0.6216704249382019,-0.02298705093562603
0.6666852235794067,0.6895432472229004,5.547181558540615e-07,0.6361674666404724,0.636259913444519,-0.01665094494819641,0.6271362900733948,0.5605890154838562,-0.020247094333171844,0.6335328817367554,0.4976741075515747,-0.024387842044234276,0.6339156627655029,0.4468483328819275,-0.025954147800803185,0.6171121001243591,0.5172929167747498,-0.002996195340529084,0.6107499599456787,0.44032081961631775,-0.014972761273384094,0.6076599955558777,0.39382728934288025,-0.02017207257449627,0.6059110164642334,0.3525119423866272,-0.02184772863984108,0.6456194519996643,0.5222580432891846,-0.0035053009632974863,0.6563093066215515,0.4487074911594391,-0.021757125854492188,0.6652286648750305,0.39526209235191345,-0.031755078583955765,0.6754794120788574,0.35236358642578125,-0.034742530435323715,0.6705437898635864,0.5401425957679749,-0.006956588942557573,0.6833766102790833,0.5334087610244751,-0.03518868610262871,0.6717250943183899,0.5840739607810974,-0.03801875561475754,0.6630503535270691,0.6221747994422913,-0.02986680157482624,0.6913400292396545,0.5629967451095581,-0.011595814488828182,0.6987008452415466,0.5538180470466614,-0.03240657597780228,0.6868199110031128,0.5924414992332458,-0.030836187303066254,0.6754298210144043,0.6223384737968445,-0.02345815859735012
0.6670657396316528,0.6890997886657715,5.707784112018999e-07,0.635597288608551,0.6354078650474548,-0.017415689304471016,0.6261654496192932,0.561100959777832,-0.020666971802711487,0.6337026357650757,0.4984886348247528,-0.02417050302028656,0.6342283487319946,0.4483039379119873,-0.02504926733672619,0.6154796481132507,0.514808714389801,-0.0015703177778050303,0.6102060675621033,0.43898898363113403,-0.01229363214224577,0.6080030202865601,0.3934203088283539,-0.017111551016569138,0.6068272590637207,0.35268813371658325,-0.018675731495022774,0.6445326805114746,0.5203598141670227,-0.0013176191132515669,0.6560520529747009,0.4473123848438263,-0.01796744018793106,0.6659541726112366,0.39473259449005127,-0.027554862201213837,0.676585853099823,0.3528973162174225,-0.03037135675549507,0.6699842214584351,0.5395756363868713,-0.004191888961941004,0.6843910217285156,0.5334354639053345,-0.0318329818546772,0.6730587482452393,0.583425760269165,-0.03570135682821274,0.6641678214073181,0.621541440486908,-0.028263047337532043,0.6906312108039856,0.5641603469848633,-0.00826466828584671,0.699600338935852,0.5559805035591125,-0.0296724084764719,0.6877588629722595,0.5943154692649841,-0.029326776042580605,0.6758713126182556,0.6246742010116577,-0.022655416280031204
0.6668145656585693,0.6897442936897278,5.6574668860776e-07,0.635798990726471,0.6355751752853394,-0.016764814034104347,0.6266469955444336,0.5609668493270874,-0.020501799881458282,0.6338530778884888,0.4981629252433777,-0.02485477179288864,0.6342859268188477,0.44825035333633423,-0.02670673467218876,0.6160156726837158,0.5171129107475281,-0.0029327855445444584,0.6107438206672668,0.44116702675819397,-0.015200774185359478,0.6088119745254517,0.395734578371048,-0.020978031679987907,0.6082426905632019,0.3551022708415985,-0.023174721747636795,0.6449681520462036,0.5224422216415405,-0.003697615349665284,0.6563194394111633,0.44797295331954956,-0.021855637431144714,0.6664864420890808,0.394877552986145,-0.032063670456409454,0.6777026057243347,0.3524080812931061,-0.03530716523528099,0.670629620552063,0.5414124131202698,-0.007454986684024334,0.6851636171340942,0.5328283905982971,-0.03613908588886261,0.6732721328735352,0.5829697251319885,-0.039500415325164795,0.6640411019325256,0.6218705177307129,-0.03169674053788185,0.6914291381835938,0.5663334727287292,-0.012420142069458961,0.7004454731941223,0.5564215183258057,-0.03469355031847954,0.6880921125411987,0.5941638946533203,-0.03407365083694458,0.675646960735321,0.6251665949821472,-0.0271255262196064
0.6670105457305908,0.6883647441864014,5.673937266692519e-07,0.636115550994873,0.635128378868103,-0.017124654725193977,0.6269713640213013,0.5610113739967346,-0.020749706774950027,0.6341418027877808,0.499177485704422,-0.024700209498405457,0.6348126530647278,0.4493202269077301,-0.026140689849853516,0.6157436370849609,0.5142322778701782,-0.0027731989976018667,0.6110649108886719,0.4390518069267273,-0.014190987683832645,0.6094316244125366,0.393732488155365,-0.019348613917827606,0.6087435483932495,0.3535820543766022,-0.021070582792162895,0.6448215246200562,0.5202418565750122,-0.003016014816239476,0.6565791964530945,0.44734489917755127,-0.02044139802455902,0.6662870049476624,0.39507484436035156,-0.03031943552196026,0.6767979264259338,0.35349881649017334,-0.033273909240961075,0.670395016670227,0.5397186279296875,-0.006263584364205599,0.6852717399597168,0.5340403318405151,-0.034553684294223785,0.6735978126525879,0.5842557549476624,-0.038298748433589935,0.6644198298454285,0.6221297383308411,-0.030725905671715736,0.6911047101020813,0.5647067427635193,-0.01063170749694109,0.7003083825111389,0.556253969669342,-0.032440152019262314,0.6882891654968262,0.5947692394256592,-0.03182024881243706,0.676055908203125,0.6251375675201416,-0.024903971701860428
0.6684754490852356,0.6893742084503174,5.762565820077725e-07,0.6373648047447205,0.6348289251327515,-0.016745606437325478,0.6274393796920776,0.5607246160507202,-0.02037735842168331,0.6343600749969482,0.4986112713813782,-0.024577338248491287,0.6355443596839905,0.4492793679237366,-0.02621293254196644,0.6164100170135498,0.516505777835846,-0.002339511178433895,0.6110283732414246,0.4406943619251251,-0.014584178104996681,0.6091170907020569,0.3951033353805542,-0.020571699365973473,0.6083977222442627,0.3542824983596802,-0.0229773111641407,0.6448492407798767,0.5221392512321472,-0.0030073910020291805,0.6563867926597595,0.44802922010421753,-0.021397428587079048,0.6667690873146057,0.3950897455215454,-0.031977664679288864,0.6782792210578918,0.3523600697517395,-0.03545064851641655,0.670104444026947,0.5412752032279968,-0.006702844053506851,0.6858048439025879,0.5337733626365662,-0.035649459809064865,0.6743149161338806,0.5840611457824707,-0.03934694826602936,0.665329098701477,0.6229799389839172,-0.031647246330976486,0.690585732460022,0.5662997364997864,-0.011604518629610538,0.7009534239768982,0.5576303005218506,-0.034283824265003204,0.6892212629318237,0.5951321721076965,-0.03411474451422691,0.6770538687705994,0.6256234645843506,-0.02737337350845337
0.6682985424995422,0.6873230934143066,5.867280492566351e-07,0.6371296048164368,0.6346335411071777,-0.018028486520051956,0.6272282600402832,0.5612393617630005,-0.0219767726957798,0.6338712573051453,0.4995688199996948,-0.02612362802028656,0.6346577405929565,0.449707567691803,-0.027734629809856415,0.6159571409225464,0.514779806137085,-0.003036912763491273,0.6105773448944092,0.43876129388809204,-0.015006701461970806,0.6089714169502258,0.3931244909763336,-0.02064182050526142,0.6083055138587952,0.3527497947216034,-0.02270219847559929,0.6449931263923645,0.5206921696662903,-0.00292819831520319,0.6567283868789673,0.4466538429260254,-0.021096130833029747,0.6670791506767273,0.39409494400024414,-0.031479012221097946,0.678155243396759,0.35250163078308105,-0.034661438316106796,0.6706526279449463,0.5399868488311768,-0.005966542288661003,0.6863613724708557,0.5331858992576599,-0.03504757583141327,0.6752808094024658,0.5838145613670349,-0.039141833782196045,0.6661443114280701,0.6216374039649963,-0.0316181518137455,0.6913129687309265,0.5642161965370178,-0.010199088603258133,0.7006600499153137,0.5568923950195312,-0.033053405582904816,0.6892417073249817,0.596191942691803,-0.03305427357554436,0.677476704120636,0.6264852285385132,-0.026364462450146675
0.6692841053009033,0.6898080110549927,5.890167358302278e-07,0.6381046772003174,0.6359988451004028,-0.01845347322523594,0.6278745532035828,0.5624001622200012,-0.022083880379796028,0.6343658566474915,0.49909403920173645,-0.02586967684328556,0.6346493363380432,0.4481719136238098,-0.02710762247443199,0.6158038377761841,0.5179117918014526,-0.001570414868183434,0.6109635233879089,0.441286563873291,-0.012943869456648827,0.6092914938926697,0.3954189419746399,-0.018422141671180725,0.6088329553604126,0.35461461544036865,-0.020398134365677834,0.6444157361984253,0.5231983065605164,-0.0008615481201559305,0.6559794545173645,0.4482417106628418,-0.018425973132252693,0.6668184995651245,0.39491140842437744,-0.028590502217411995,0.6785886287689209,0.3529028296470642,-0.031645022332668304,0.6700013279914856,0.5419564843177795,-0.003448774106800556,0.6855303645133972,0.5324780344963074,-0.03250609710812569,0.6747288107872009,0.5827656984329224,-0.03687693551182747,0.6660005450248718,0.6215257048606873,-0.029444772750139236,0.6908841729164124,0.5658817887306213,-0.007263445761054754,0.7009846568107605,0.5558481812477112,-0.030460067093372345,0.6899052858352661,0.5947749018669128,-0.03076833114027977,0.6784992218017578,0.6260409951210022,-0.02418133057653904
0.6680400371551514,0.6891149282455444,5.863561796104477e-07,0.6370657682418823,0.636843204498291,-0.01760133169591427,0.6272962093353271,0.5624353289604187,-0.02170414663851261,0.6341063380241394,0.49960270524024963,-0.026084281504154205,0.6354873776435852,0.4489465355873108,-0.027989329770207405,0.6163179278373718,0.5168517231941223,-0.003262135898694396,0.6105377674102783,0.44065216183662415,-0.015558244660496712,0.6091837286949158,0.39437371492385864,-0.021502789109945297,0.6092344522476196,0.35369348526000977,-0.023727087303996086,0.6452463269233704,0.5224142074584961,-0.0033694375306367874,0.6565213799476624,0.44730812311172485,-0.021735552698373795,0.6668775677680969,0.39441245794296265,-0.03215043246746063,0.678098738193512,0.3522825837135315,-0.03535618260502815,0.6709398627281189,0.541550874710083,-0.006494882516562939,0.6848599910736084,0.5316758155822754,-0.035479526966810226,0.6737339496612549,0.5822107195854187,-0.03903260454535484,0.664901077747345,0.6204376220703125,-0.03118894435465336,0.6917753219604492,0.5655773282051086,-0.010776635259389877,0.7000607252120972,0.5542831420898438,-0.03330444172024727,0.6885752081871033,0.5933343172073364,-0.03255334123969078,0.677022397518158,0.6243206262588501,-0.025344612076878548
0.668477475643158,0.6902298927307129,5.871980306437763e-07,0.6374036073684692,0.6375630497932434,-0.01843753270804882,0.6276933550834656,0.5637941956520081,-0.022796638309955597,0.6343246698379517,0.500605583190918,-0.027329012751579285,0.6351291537284851,0.4496057331562042,-0.02930947206914425,0.616120457649231,0.5178831219673157,-0.0035370206460356712,0.6112081408500671,0.44162577390670776,-0.01578172668814659,0.6096993684768677,0.3955172300338745,-0.021672898903489113,0.6094465255737305,0.35453274846076965,-0.02390063740313053,0.6450953483581543,0.5233501195907593,-0.0032623193692415953,0.6569452881813049,0.44891709089279175,-0.021789705380797386,0.6673576235771179,0.39551109075546265,-0.03224631026387215,0.6785981059074402,0.35296934843063354,-0.03546392172574997,0.6707160472869873,0.542137086391449,-0.006129937712103128,0.6857427358627319,0.5335910320281982,-0.0355372354388237,0.6747779846191406,0.5849387645721436,-0.039120037108659744,0.6658245325088501,0.62412029504776,-0.03110569901764393,0.6914319396018982,0.5661786794662476,-0.010241972282528877,0.7004017233848572,0.556046724319458,-0.03307449817657471,0.6889873743057251,0.5951024889945984,-0.032502349466085434,0.677119255065918,0.6262766122817993,-0.025336978957057
0.66739422082901,0.6914160251617432,5.737484798373771e-07,0.6372106671333313,0.6379015445709229,-0.01667281985282898,0.6278905272483826,0.5632371306419373,-0.020779713988304138,0.6342648267745972,0.5006128549575806,-0.025464940816164017,0.6346700191497803,0.4505046606063843,-0.027683112770318985,0.6167381405830383,0.5191767811775208,-0.004071380943059921,0.6117880940437317,0.4423958659172058,-0.016883131116628647,0.6100431680679321,0.39576539397239685,-0.022799722850322723,0.6096885204315186,0.35442036390304565,-0.024958662688732147,0.6451443433761597,0.5242246389389038,-0.004905147943645716,0.6568911075592041,0.4496159255504608,-0.02415606938302517,0.6671262383460999,0.39610594511032104,-0.03471176698803902,0.6785727739334106,0.3534895181655884,-0.03796188533306122,0.6703640818595886,0.5423556566238403,-0.008592378348112106,0.6850653886795044,0.5338072776794434,-0.03800327703356743,0.6738861799240112,0.5848691463470459,-0.04107525944709778,0.6652205586433411,0.6242455840110779,-0.032820239663124084,0.6911245584487915,0.5659893751144409,-0.013415013439953327,0.7001569867134094,0.5553146004676819,-0.03571568429470062,0.6888068318367004,0.5937553644180298,-0.03461350500583649,0.6772870421409607,0.6250293254852295,-0.027223188430070877
0.6665703654289246,0.6925419569015503,5.552635684580309e-07,0.6372151970863342,0.6386398673057556,-0.016033416613936424,0.6282475590705872,0.5629701614379883,-0.02022412419319153,0.6337705850601196,0.5007160902023315,-0.025083767250180244,0.6344355940818787,0.4509373903274536,-0.02748500555753708,0.6167454719543457,0.5208851099014282,-0.005436957813799381,0.6123904585838318,0.44397732615470886,-0.018720127642154694,0.6105701327323914,0.3971373438835144,-0.024614298716187477,0.6101042032241821,0.35601794719696045,-0.026711128652095795,0.6449337601661682,0.525534987449646,-0.0066663650795817375,0.6566440463066101,0.4517826437950134,-0.026514774188399315,0.6661592721939087,0.39769428968429565,-0.03712744265794754,0.6771948933601379,0.35436612367630005,-0.040421780198812485,0.670171856880188,0.542523205280304,-0.010548424907028675,0.6855872273445129,0.5356094837188721,-0.03962033987045288,0.6742555499076843,0.5863473415374756,-0.041938893496990204,0.665620744228363,0.6256614327430725,-0.03338111937046051,0.6915059089660645,0.5653108358383179,-0.015591351315379143,0.7001720070838928,0.5572260022163391,-0.037041231989860535,0.6888619065284729,0.5955431461334229,-0.0353354886174202,0.6776251196861267,0.6260610818862915,-0.027727533131837845
0.6663540005683899,0.6931033134460449,5.610317543869314e-07,0.6374627351760864,0.6394236087799072,-0.01666983589529991,0.6283926367759705,0.5640541315078735,-0.020980417728424072,0.6335962414741516,0.5014338493347168,-0.025788266211748123,0.6332074403762817,0.45082440972328186,-0.028094492852687836,0.6161768436431885,0.5200639963150024,-0.005421021021902561,0.6120158433914185,0.4433494210243225,-0.01856950856745243,0.6105690002441406,0.39670705795288086,-0.02459757775068283,0.6102302074432373,0.35547202825546265,-0.026764439418911934,0.6448208093643188,0.5254924297332764,-0.006230317056179047,0.6564509868621826,0.4525110721588135,-0.02579246461391449,0.6660577058792114,0.39844274520874023,-0.03644892945885658,0.6768701672554016,0.35474902391433716,-0.039777353405952454,0.6704849600791931,0.5428723096847534,-0.00975886732339859,0.6847358345985413,0.536812424659729,-0.038753584027290344,0.6731236577033997,0.5870270729064941,-0.04141523689031601,0.664208173751831,0.6256340146064758,-0.03305035084486008,0.6920238137245178,0.5659902095794678,-0.01444857008755207,0.6996873021125793,0.557899534702301,-0.03574342653155327,0.6880090832710266,0.5964342355728149,-0.0339280366897583,0.6767491698265076,0.6269300580024719,-0.026200812309980392
0.6680020093917847,0.6928306818008423,5.621610057460202e-07,0.637499213218689,0.6398147940635681,-0.016656583175063133,0.6278097629547119,0.5644329190254211,-0.020962079986929893,0.633881688117981,0.5019887685775757,-0.025833427906036377,0.6344423294067383,0.4518067240715027,-0.02819831110537052,0.6166038513183594,0.519832193851471,-0.0048197307623922825,0.6122785806655884,0.44332003593444824,-0.01820358633995056,0.6108653545379639,0.39664483070373535,-0.0244442205876112,0.610899031162262,0.3555894196033478,-0.026673752814531326,0.6450555324554443,0.5256591439247131,-0.005706812720745802,0.6569064855575562,0.4525875747203827,-0.02579856850206852,0.6666547656059265,0.3986346125602722,-0.036683738231658936,0.677762508392334,0.35541313886642456,-0.039969369769096375,0.6705105900764465,0.5432363152503967,-0.009371466934680939,0.6843801140785217,0.5361098051071167,-0.039003822952508926,0.673119306564331,0.5864676833152771,-0.04181746020913124,0.6645429730415344,0.6250315308570862,-0.03330386430025101,0.6919382810592651,0.5657678246498108,-0.014181792736053467,0.6992668509483337,0.5571579337120056,-0.035847071558237076,0.6880980134010315,0.5961164236068726,-0.03401070088148117,0.677445113658905,0.6266133189201355,-0.026100730523467064
0.6668887138366699,0.6924371719360352,5.688157216354739e-07,0.6376469135284424,0.6380701065063477,-0.01668493077158928,0.628524661064148,0.5634086728096008,-0.021379800513386726,0.6342025995254517,0.5016493797302246,-0.02663113735616207,0.6350405812263489,0.45141980051994324,-0.029362311586737633,0.6161109805107117,0.5201222896575928,-0.005568085238337517,0.6115776300430298,0.4424789845943451,-0.019333891570568085,0.6102099418640137,0.39523911476135254,-0.025874672457575798,0.6103057265281677,0.35365787148475647,-0.02836812473833561,0.6449384093284607,0.5257973670959473,-0.006481632590293884,0.6568651795387268,0.4531376361846924,-0.026766259223222733,0.6667695045471191,0.3991572856903076,-0.0378006175160408,0.6779067516326904,0.3554261326789856,-0.041364576667547226,0.6705014705657959,0.5433601140975952,-0.010145110078155994,0.6847521066665649,0.5362783670425415,-0.03957906737923622,0.6732433438301086,0.5861291289329529,-0.042351141571998596,0.6640594005584717,0.6244915723800659,-0.034090738743543625,0.691757321357727,0.5659905672073364,-0.014996277168393135,0.6993288397789001,0.5585650205612183,-0.03657892346382141,0.6873204708099365,0.5968686938285828,-0.034943077713251114,0.6754148006439209,0.6268572211265564,-0.027352185919880867
0.6674115657806396,0.692131757736206,5.654525807585742e-07,0.6362542510032654,0.6383906602859497,-0.016929414123296738,0.6270538568496704,0.5637003183364868,-0.021050991490483284,0.6342212557792664,0.5012547969818115,-0.025727933272719383,0.6353054642677307,0.45094552636146545,-0.027935322374105453,0.6167227625846863,0.5185151696205139,-0.0034012647811323404,0.6120392680168152,0.4420011043548584,-0.016267243772745132,0.6106424927711487,0.3955976963043213,-0.022402701899409294,0.610533595085144,0.3547268509864807,-0.02470378391444683,0.6458747982978821,0.5244601368904114,-0.004157186020165682,0.6573708653450012,0.45124053955078125,-0.02331738919019699,0.6675439476966858,0.3979165554046631,-0.034051086753606796,0.678928554058075,0.3553593158721924,-0.03744984418153763,0.6715202331542969,0.5431265830993652,-0.007888869382441044,0.6849216818809509,0.5351849794387817,-0.0369650162756443,0.6727370023727417,0.5852790474891663,-0.040212515741586685,0.6634712815284729,0.6234892010688782,-0.03223573416471481,0.6923463344573975,0.5667648315429688,-0.012810234911739826,0.6985963582992554,0.5590704679489136,-0.0346328429877758,0.6862198710441589,0.597902774810791,-0.033532239496707916,0.6747655868530273,0.6279417276382446,-0.026262840256094933
0.6681904196739197,0.6913203597068787,5.664577997777087e-07,0.6372334957122803,0.6374554634094238,-0.01733068935573101,0.6278284192085266,0.5627991557121277,-0.02082115039229393,0.6345816850662231,0.5003788471221924,-0.024554695934057236,0.6357114315032959,0.4500535726547241,-0.025722157210111618,0.6165440082550049,0.5177640914916992,-0.002779037691652775,0.6114591360092163,0.4416126608848572,-0.013858073391020298,0.6097933650016785,0.39556145668029785,-0.01865336298942566,0.609367847442627,0.3547637462615967,-0.02008395828306675,0.6456998586654663,0.523702085018158,-0.0026729856617748737,0.6573338508605957,0.4500010311603546,-0.01955040544271469,0.6673697233200073,0.3968087434768677,-0.029014354571700096,0.6783477067947388,0.35448819398880005,-0.03172716498374939,0.6712878942489624,0.5428350567817688,-0.0056119696237146854,0.6854642033576965,0.5351461172103882,-0.03372184559702873,0.6739304065704346,0.5848625898361206,-0.037773843854665756,0.6649325489997864,0.6231372356414795,-0.03033643774688244,0.691953182220459,0.5667988061904907,-0.00964950118213892,0.6998522281646729,0.5578872561454773,-0.03137615695595741,0.6877278089523315,0.596278190612793,-0.031114697456359863,0.6759508848190308,0.6271159052848816,-0.024426547810435295
0.6673303246498108,0.6900779008865356,5.654578103531094e-07,0.636258065700531,0.6362872123718262,-0.016931412741541862,0.6271982789039612,0.561720609664917,-0.020437875762581825,0.6347159743309021,0.4994730055332184,-0.024205880239605904,0.6358528733253479,0.44921791553497314,-0.025499099865555763,0.6166393756866455,0.5163186192512512,-0.002792038954794407,0.611904501914978,0.440759539604187,-0.013704141601920128,0.6104017496109009,0.395424485206604,-0.018517229706048965,0.6100847125053406,0.3552247881889343,-0.01999349147081375,0.6455932855606079,0.5222567319869995,-0.002845881972461939,0.6573206186294556,0.44832831621170044,-0.019244039431214333,0.6673769354820251,0.39581364393234253,-0.02848030999302864,0.6782068014144897,0.3539377450942993,-0.031123872846364975,0.6711060404777527,0.541531503200531,-0.005862892139703035,0.6848549246788025,0.5341402888298035,-0.033169303089380264,0.6730649471282959,0.583634614944458,-0.03683421388268471,0.6638842821121216,0.6214979887008667,-0.029417449608445168,0.6916444897651672,0.5661215782165527,-0.00999586470425129,0.6997709274291992,0.5567561388015747,-0.031082410365343094,0.6875768899917603,0.5945813655853271,-0.030412569642066956,0.6755087375640869,0.6249986886978149,-0.023594224825501442
0.6676332354545593,0.6912207007408142,5.562396836467087e-07,0.6369881629943848,0.6373441219329834,-0.016589006409049034,0.6278064250946045,0.5630074739456177,-0.020240752026438713,0.6349494457244873,0.5008766651153564,-0.02420235238969326,0.6361309885978699,0.45069146156311035,-0.02571137063205242,0.6170063018798828,0.5181387066841125,-0.003647109027951956,0.6117880940437317,0.4427674412727356,-0.014951239340007305,0.6102223992347717,0.3974284827709198,-0.02000667341053486,0.6098238229751587,0.3570331335067749,-0.0216427743434906,0.6455844640731812,0.52348792552948,-0.0038464819081127644,0.6571005582809448,0.4496919512748718,-0.020323725417256355,0.6668195724487305,0.3971922993659973,-0.02944762073457241,0.6774726510047913,0.35486310720443726,-0.032113105058670044,0.6706497669219971,0.5421958565711975,-0.006924268789589405,0.6850376725196838,0.5354048013687134,-0.03356850519776344,0.6729722619056702,0.5836350917816162,-0.03685891255736351,0.6639381051063538,0.6206601858139038,-0.029454093426465988,0.6909794211387634,0.5667088627815247,-0.011194081977009773,0.6995867490768433,0.558085560798645,-0.03147437423467636,0.687531590461731,0.5948576927185059,-0.030662044882774353,0.6757345199584961,0.6242755055427551,-0.02396264486014843
0.6668828725814819,0.6918501257896423,5.625106496154331e-07,0.6361457705497742,0.6381582617759705,-0.01613302156329155,0.6269935369491577,0.5637470483779907,-0.01998586393892765,0.6332905292510986,0.5013610124588013,-0.024385903030633926,0.6347887516021729,0.4514538645744324,-0.026306675747036934,0.6169933080673218,0.5194457769393921,-0.003540582023561001,0.6121764183044434,0.443247526884079,-0.015245857648551464,0.6104174852371216,0.3968873620033264,-0.02056964859366417,0.610090970993042,0.35600289702415466,-0.022373441606760025,0.6454195976257324,0.5251750349998474,-0.004316153470426798,0.656782865524292,0.45023325085639954,-0.021592173725366592,0.6659875512123108,0.39702147245407104,-0.03129946067929268,0.6764901280403137,0.3543354272842407,-0.03435763716697693,0.6704801917076111,0.544030487537384,-0.007860847748816013,0.6836738586425781,0.535383939743042,-0.03527344763278961,0.6714953184127808,0.583960771560669,-0.038312070071697235,0.6625475883483887,0.6217031478881836,-0.030584413558244705,0.690964937210083,0.5684171915054321,-0.01251203566789627,0.6996135711669922,0.5559316277503967,-0.03305580094456673,0.6878423094749451,0.5924908518791199,-0.03158516436815262,0.6761440634727478,0.6229777932167053,-0.024345118552446365
0.6688929796218872,0.6910117864608765,5.71578368635528e-07,0.6366928219795227,0.6380832195281982,-0.01701759546995163,0.6266397833824158,0.5640560984611511,-0.02004760317504406,0.6335362792015076,0.501083254814148,-0.023427290841937065,0.6345392465591431,0.45025867223739624,-0.024239931255578995,0.616908609867096,0.5172713398933411,-0.00041841433267109096,0.6116359829902649,0.44191062450408936,-0.010647296905517578,0.6097931861877441,0.3965379297733307,-0.015332821756601334,0.6091678738594055,0.35628512501716614,-0.016734829172492027,0.6457215547561646,0.5233277678489685,-0.00032506557181477547,0.6561519503593445,0.4488007128238678,-0.01611422747373581,0.6653976440429688,0.3961867094039917,-0.025486163794994354,0.6757396459579468,0.35480862855911255,-0.02822646126151085,0.6710042953491211,0.5431118011474609,-0.00335102342069149,0.6830862760543823,0.5352510809898376,-0.0304622333496809,0.6714687347412109,0.5843097567558289,-0.03440713882446289,0.662849485874176,0.6223322749137878,-0.027063926681876183,0.6913924813270569,0.5678129196166992,-0.0075115663930773735,0.6998350620269775,0.5553358793258667,-0.02826569974422455,0.6884449124336243,0.592138409614563,-0.027427541092038155,0.6771775484085083,0.6227101683616638,-0.020486285910010338
0.6661593317985535,0.6910951137542725,5.684012194251409e-07,0.6353099942207336,0.6381405591964722,-0.01657489500939846,0.6262164115905762,0.5641540288925171,-0.020124386996030807,0.6337926983833313,0.5016221404075623,-0.024278027936816216,0.6349083781242371,0.4514120817184448,-0.026008250191807747,0.6162404417991638,0.5175536870956421,-0.0013984141405671835,0.6111385822296143,0.4417220950126648,-0.012666956521570683,0.6094274520874023,0.39587128162384033,-0.017913199961185455,0.6089830994606018,0.35573792457580566,-0.019625233486294746,0.6451165080070496,0.5236636400222778,-0.0019986398983746767,0.6560390591621399,0.4481050372123718,-0.018702294677495956,0.6652547121047974,0.39596596360206604,-0.02829360030591488,0.6754584312438965,0.3550664186477661,-0.0310690775513649,0.6707205772399902,0.5435469746589661,-0.005608103238046169,0.6827735304832458,0.5346574187278748,-0.03302190080285072,0.6712665557861328,0.5847176313400269,-0.0360788032412529,0.6628633141517639,0.623179018497467,-0.02812276780605316,0.6914057731628418,0.5687729120254517,-0.010368723422288895,0.6985759735107422,0.5566735863685608,-0.03105667419731617,0.6872798204421997,0.594219982624054,-0.029445208609104156,0.6766759753227234,0.6248201727867126,-0.0219090785831213
0.6674323678016663,0.6935951709747314,5.654248411701701e-07,0.6348249316215515,0.6401399970054626,-0.016007069498300552,0.6249242424964905,0.5653206706047058,-0.019711025059223175,0.6323215365409851,0.5023728013038635,-0.0241438876837492,0.6343970894813538,0.452698290348053,-0.026136210188269615,0.6145898103713989,0.5201301574707031,-0.0023535003419965506,0.6104782819747925,0.4443170130252838,-0.013854119926691055,0.6088109016418457,0.3982306718826294,-0.019360020756721497,0.6085437536239624,0.3574112057685852,-0.02137601189315319,0.6433440446853638,0.5259920358657837,-0.003247064771130681,0.6551129221916199,0.4514411985874176,-0.02055877074599266,0.6645951867103577,0.3975735306739807,-0.030346166342496872,0.6752462983131409,0.354282021522522,-0.033386994153261185,0.6689847707748413,0.5446509122848511,-0.00697982357814908,0.6819813251495361,0.5350607633590698,-0.03455487638711929,0.6700589060783386,0.5852846503257751,-0.03707733377814293,0.6612038612365723,0.6243084669113159,-0.028797825798392296,0.6903505921363831,0.5689412355422974,-0.011868162080645561,0.6981434226036072,0.5555992722511292,-0.03254949674010277,0.6867331862449646,0.5932431221008301,-0.03057991713285446,0.6758834719657898,0.624333381652832,-0.02279667928814888
0.6662673354148865,0.6920443177223206,5.74252453588997e-07,0.6343232989311218,0.6382247805595398,-0.01627681776881218,0.6241373419761658,0.5640168190002441,-0.0195922814309597,0.630807638168335,0.501508891582489,-0.023439379408955574,0.632235050201416,0.45098766684532166,-0.024855926632881165,0.6141828298568726,0.5191697478294373,-0.001336617860943079,0.608746349811554,0.4428209364414215,-0.012344255112111568,0.6071733832359314,0.3969743549823761,-0.017405498772859573,0.6070637702941895,0.3560500144958496,-0.01890423148870468,0.6431464552879333,0.524906575679779,-0.0017063692212104797,0.6545424461364746,0.4499393701553345,-0.018068058416247368,0.6640539765357971,0.3970513343811035,-0.027518294751644135,0.674450159072876,0.35496842861175537,-0.030302749946713448,0.6685552000999451,0.5438010692596436,-0.0050475262105464935,0.6815329194068909,0.5348405241966248,-0.032476454973220825,0.6706556677818298,0.5848002433776855,-0.0359758622944355,0.6622150540351868,0.6237423419952393,-0.02826329693198204,0.6891694664955139,0.5677098631858826,-0.009439303539693356,0.6982104182243347,0.5543137788772583,-0.030184367671608925,0.687041163444519,0.5918772220611572,-0.028796004131436348,0.6755243539810181,0.6234010457992554,-0.021409805864095688
0.6652615666389465,0.6944083571434021,5.551956405724923e-07,0.634312629699707,0.6399378776550293,-0.015749702230095863,0.6248566508293152,0.5646345615386963,-0.018974481150507927,0.6309208869934082,0.5018067359924316,-0.022944632917642593,0.6312686800956726,0.45166027545928955,-0.024589017033576965,0.614200234413147,0.5200880765914917,-0.0013746493496000767,0.6090512871742249,0.44396984577178955,-0.01260607223957777,0.6071610450744629,0.39775264263153076,-0.017768390476703644,0.606769323348999,0.35680824518203735,-0.019350245594978333,0.6426205635070801,0.5260912179946899,-0.002170504769310355,0.6538990139961243,0.45092007517814636,-0.01871303841471672,0.6632564663887024,0.3979298770427704,-0.027855945751070976,0.6737484335899353,0.3560156226158142,-0.030387334525585175,0.6680737733840942,0.5452767610549927,-0.005910004489123821,0.681016206741333,0.5338639616966248,-0.03343702480196953,0.6697808504104614,0.5835942625999451,-0.036418426781892776,0.6617532968521118,0.6229617595672607,-0.0283501073718071,0.6889453530311584,0.5701085925102234,-0.010686511173844337,0.6975889801979065,0.5544357895851135,-0.03122013434767723,0.6865198612213135,0.5918240547180176,-0.029379842802882195,0.6760770082473755,0.6234259009361267,-0.02171565778553486
0.6655165553092957,0.6909359097480774,5.548228614316031e-07,0.6341928243637085,0.6368672847747803,-0.015844661742448807,0.6248050928115845,0.5624305605888367,-0.018652580678462982,0.631767988204956,0.5000520348548889,-0.02205353043973446,0.6332077383995056,0.45048820972442627,-0.02308506891131401,0.6144132614135742,0.5175409317016602,-0.0008341910433955491,0.6092462539672852,0.44229573011398315,-0.011399117298424244,0.6071209907531738,0.3972875475883484,-0.015960754826664925,0.606205403804779,0.35700225830078125,-0.01705564558506012,0.6428384184837341,0.5232977867126465,-0.0012986160581931472,0.6534457206726074,0.44929254055023193,-0.01729055866599083,0.6626624464988708,0.396976500749588,-0.02623038925230503,0.6726557612419128,0.3560578227043152,-0.028536727651953697,0.6679700016975403,0.5421292185783386,-0.004745380021631718,0.6806564927101135,0.534034788608551,-0.03218647465109825,0.6700180768966675,0.5839414000511169,-0.035990625619888306,0.6622263193130493,0.6232196092605591,-0.02835087850689888,0.6881468892097473,0.5660560727119446,-0.009184086695313454,0.697243332862854,0.5543511509895325,-0.02957088313996792,0.6861934661865234,0.5917763113975525,-0.028398774564266205,0.6756859421730042,0.622946560382843,-0.021227722987532616
0.6643431782722473,0.6900949478149414,5.527597863874689e-07,0.6336297988891602,0.6368277072906494,-0.01601777784526348,0.62431401014328,0.5615416765213013,-0.019047267735004425,0.6313228607177734,0.4992114007472992,-0.022642020136117935,0.6331826448440552,0.44984179735183716,-0.023886218667030334,0.614391028881073,0.5172634124755859,-0.0015620588092133403,0.6085910797119141,0.44171449542045593,-0.012642985209822655,0.6062949895858765,0.3962435722351074,-0.017551017925143242,0.6052116751670837,0.3560881018638611,-0.019021959975361824,0.6424227356910706,0.5231953859329224,-0.002112387679517269,0.6533187031745911,0.4492819905281067,-0.018574928864836693,0.6627293229103088,0.39725691080093384,-0.027688205242156982,0.6731535196304321,0.3561227321624756,-0.030168434605002403,0.6671742796897888,0.542410135269165,-0.00561176473274827,0.6803392171859741,0.5335191488265991,-0.032671745866537094,0.6687490940093994,0.5828953385353088,-0.035776253789663315,0.6603281497955322,0.6212645769119263,-0.027967870235443115,0.6871390342712402,0.5670772790908813,-0.010226486250758171,0.6954980492591858,0.5564712285995483,-0.03067930042743683,0.6840597987174988,0.5938442349433899,-0.02943793125450611,0.673421323299408,0.6240246891975403,-0.022275956347584724
0.6649734377861023,0.6912511587142944,5.47269053186028e-07,0.6336998343467712,0.6381289958953857,-0.015767935663461685,0.6240814924240112,0.5631574392318726,-0.019145093858242035,0.6313322186470032,0.5005791783332825,-0.023123662918806076,0.6332356929779053,0.4509028196334839,-0.024740608409047127,0.6137439012527466,0.5175723433494568,-0.002334203105419874,0.6084336042404175,0.4426904320716858,-0.013503815978765488,0.6064121723175049,0.39740172028541565,-0.018587751314044,0.6056451797485352,0.3571779727935791,-0.020276132971048355,0.6424054503440857,0.5236586332321167,-0.003203242551535368,0.6535229682922363,0.44977617263793945,-0.019522402435541153,0.6628449559211731,0.3975503742694855,-0.028482209891080856,0.6728634834289551,0.3558062016963959,-0.03101453371345997,0.6678096652030945,0.5431355834007263,-0.006937151309102774,0.6808544397354126,0.5326340198516846,-0.03411279618740082,0.6693736910820007,0.5817895531654358,-0.03712402656674385,0.6608342528343201,0.6206001043319702,-0.029333200305700302,0.6882542371749878,0.5686562657356262,-0.011723834089934826,0.6964706778526306,0.5560446381568909,-0.03231958672404289,0.6842636466026306,0.5934942364692688,-0.0308680459856987,0.6727142333984375,0.6247583031654358,-0.023592302575707436
0.6646780967712402,0.6910197138786316,5.597918857347395e-07,0.6336039304733276,0.6370640993118286,-0.015908902511000633,0.6235321760177612,0.562820315361023,-0.019081857055425644,0.6301311254501343,0.5006574392318726,-0.022893577814102173,0.6321238279342651,0.45102769136428833,-0.024336334317922592,0.6126853823661804,0.5181238651275635,-0.0011959486873820424,0.607865035533905,0.44266262650489807,-0.01214636117219925,0.6059786081314087,0.3970184326171875,-0.01713772676885128,0.6051473617553711,0.3565329909324646,-0.01859905757009983,0.6415061950683594,0.5239766240119934,-0.0017292414559051394,0.6524698734283447,0.4497852921485901,-0.017799312248826027,0.6619620323181152,0.39711418747901917,-0.026782982051372528,0.6719242334365845,0.3554233908653259,-0.029166527092456818,0.6670646667480469,0.5428743362426758,-0.005229064729064703,0.6792043447494507,0.534122884273529,-0.03243851661682129,0.6687225103378296,0.5835795402526855,-0.03578561916947365,0.6608938574790955,0.6228570938110352,-0.027954157441854477,0.6877279281616211,0.5671179890632629,-0.009769484400749207,0.6957544684410095,0.554757833480835,-0.030031079426407814,0.6844757795333862,0.5920926928520203,-0.028455587103962898,0.6737719774246216,0.6236213445663452,-0.02098981849849224
0.6636354923248291,0.6919198036193848,5.486950840349891e-07,0.6333880424499512,0.6393903493881226,-0.01541899424046278,0.6236514449119568,0.563930094242096,-0.019390329718589783,0.6297264099121094,0.5015395283699036,-0.024190427735447884,0.6312363147735596,0.45191437005996704,-0.026599468663334846,0.6130976676940918,0.5206282138824463,-0.004284493159502745,0.6078678369522095,0.4439440369606018,-0.01709744706749916,0.6058720350265503,0.3973884582519531,-0.02292448841035366,0.6055874228477478,0.35645532608032227,-0.02493322640657425,0.6414287686347961,0.5256613492965698,-0.005686132702976465,0.6518963575363159,0.45155128836631775,-0.024155963212251663,0.6612831950187683,0.397988498210907,-0.03395163267850876,0.6718870401382446,0.35495734214782715,-0.03687768429517746,0.6665382385253906,0.5433523058891296,-0.009806429035961628,0.678554356098175,0.5336214303970337,-0.03826698660850525,0.6683580875396729,0.5841816067695618,-0.040579915046691895,0.6609154343605042,0.6243521571159363,-0.03210671246051788,0.687278687953949,0.5669495463371277,-0.015003601089119911,0.6947230696678162,0.5551886558532715,-0.03601042181253433,0.6834767460823059,0.5923538208007812,-0.03398638591170311,0.672558605670929,0.6234817504882812,-0.02622666209936142
0.6636945009231567,0.6933262348175049,5.518285774996912e-07,0.6326480507850647,0.6404025554656982,-0.015470935963094234,0.622900664806366,0.564268171787262,-0.019023220986127853,0.629400908946991,0.5013640522956848,-0.02335236221551895,0.6308342218399048,0.4509100019931793,-0.02525249309837818,0.61284339427948,0.5205533504486084,-0.0028970176354050636,0.6077612638473511,0.4448489546775818,-0.01488970685750246,0.6056784987449646,0.3984958529472351,-0.020403338596224785,0.6052178740501404,0.3573642373085022,-0.022331152111291885,0.6415783166885376,0.5259948968887329,-0.004272647202014923,0.6513980627059937,0.4517676532268524,-0.021972108632326126,0.6605055928230286,0.3976239562034607,-0.03169424459338188,0.6710911989212036,0.3543875813484192,-0.034689195454120636,0.6671460866928101,0.5446195602416992,-0.008451727218925953,0.678372859954834,0.5337799191474915,-0.03656304255127907,0.6675436496734619,0.584294319152832,-0.039068277925252914,0.6599200963973999,0.6239091157913208,-0.030728038400411606,0.6881966590881348,0.5685623288154602,-0.013684164732694626,0.6950661540031433,0.5543830990791321,-0.03439246490597725,0.6835187673568726,0.5918275117874146,-0.03224684298038483,0.6730140447616577,0.6226102113723755,-0.02447775937616825
0.6638926863670349,0.6931629180908203,5.581522373176995e-07,0.6330355405807495,0.6393632888793945,-0.016545671969652176,0.6233601570129395,0.5643517971038818,-0.020099490880966187,0.6298694610595703,0.5010695457458496,-0.024163760244846344,0.6310299038887024,0.4505745768547058,-0.02575148269534111,0.6126235723495483,0.5207964777946472,-0.0019080113852396607,0.607559859752655,0.44463467597961426,-0.013584120199084282,0.6054107546806335,0.39838993549346924,-0.019170619547367096,0.6045131683349609,0.3570132851600647,-0.02108810283243656,0.6408381462097168,0.5262450575828552,-0.0023323860950767994,0.6508905291557312,0.4521602392196655,-0.019785771146416664,0.660203218460083,0.3985822796821594,-0.02969679981470108,0.6706179976463318,0.3555743992328644,-0.032747913151979446,0.6660845279693604,0.5441860556602478,-0.005750387907028198,0.6785992383956909,0.5344266295433044,-0.03372199088335037,0.6682274341583252,0.5841073989868164,-0.0368187390267849,0.660365641117096,0.6227244734764099,-0.028821026906371117,0.687354564666748,0.567036509513855,-0.010309603996574879,0.6954951882362366,0.5534580945968628,-0.03098207525908947,0.6849895119667053,0.5912472009658813,-0.029172109439969063,0.6748142242431641,0.6220048666000366,-0.021575644612312317
0.6644414067268372,0.6906185150146484,5.683906465492328e-07,0.6338362097740173,0.6366526484489441,-0.016776999458670616,0.623813271522522,0.5627142786979675,-0.019979050382971764,0.6304227709770203,0.5007926821708679,-0.023557616397738457,0.6311449408531189,0.4504295587539673,-0.02460291050374508,0.6129029393196106,0.51714688539505,-0.0008013105252757668,0.607525646686554,0.4417209029197693,-0.011815274134278297,0.6056585311889648,0.39582890272140503,-0.01709648035466671,0.6049583554267883,0.35507893562316895,-0.01882786862552166,0.6413142681121826,0.5235345959663391,-0.000864785339217633,0.6519336700439453,0.4499084949493408,-0.017419524490833282,0.6615240573883057,0.39741212129592896,-0.02703031897544861,0.6720411777496338,0.35564500093460083,-0.029896153137087822,0.6664133667945862,0.5431767106056213,-0.004050828516483307,0.6794907450675964,0.5346075296401978,-0.031624533236026764,0.6689623594284058,0.5839780569076538,-0.035360850393772125,0.6607456207275391,0.6219472885131836,-0.027848543599247932,0.6870839595794678,0.5675487518310547,-0.008359716273844242,0.6962575316429138,0.5550132989883423,-0.029395122081041336,0.6850776672363281,0.5922567844390869,-0.028453022241592407,0.6736403703689575,0.6225136518478394,-0.02143588475883007
0.663992702960968,0.6908601522445679,5.589598686128738e-07,0.6331710815429688,0.6369407176971436,-0.015918593853712082,0.6234158873558044,0.5629053711891174,-0.019574658945202827,0.6301819086074829,0.5003798604011536,-0.024019943550229073,0.6317301988601685,0.4502744674682617,-0.02609923481941223,0.6134774088859558,0.5187639594078064,-0.001313340268097818,0.6080226898193359,0.44349825382232666,-0.01357262022793293,0.6063225269317627,0.397656112909317,-0.019728070124983788,0.6056989431381226,0.3569432497024536,-0.022186508402228355,0.6419730186462402,0.5249262452125549,-0.002500011585652828,0.6525094509124756,0.44984543323516846,-0.02048514597117901,0.6623905897140503,0.39714890718460083,-0.03072337619960308,0.6730505228042603,0.35488319396972656,-0.03402653709053993,0.6674206852912903,0.5444179773330688,-0.006670895963907242,0.6802226305007935,0.5335556268692017,-0.034891579300165176,0.6690395474433899,0.58329838514328,-0.03779646009206772,0.6604253053665161,0.6217173933982849,-0.029805481433868408,0.6882197260856628,0.569500744342804,-0.011982524767518044,0.6956461071968079,0.5571373105049133,-0.03321368619799614,0.6834903955459595,0.5946120023727417,-0.03167851269245148,0.6715065240859985,0.6249067187309265,-0.02430134266614914
0.663834810256958,0.6905769109725952,5.455374321172712e-07,0.632080614566803,0.638289213180542,-0.015603276900947094,0.6224481463432312,0.5631694793701172,-0.01896037347614765,0.6298861503601074,0.5008692741394043,-0.02288569137454033,0.6317515969276428,0.45101815462112427,-0.024418611079454422,0.6140915155410767,0.5175892114639282,-0.0023140094708651304,0.6081660389900208,0.4424043595790863,-0.013540215790271759,0.6059240102767944,0.39670413732528687,-0.018688904121518135,0.6048634648323059,0.35640406608581543,-0.020482029765844345,0.6425939798355103,0.5238094925880432,-0.0032943827100098133,0.6531600952148438,0.4504722058773041,-0.020183973014354706,0.6622670292854309,0.3983510434627533,-0.0297075342386961,0.6723691821098328,0.35668274760246277,-0.032637618482112885,0.6676398515701294,0.5435152053833008,-0.007070041261613369,0.6797387599945068,0.5349661707878113,-0.03412480652332306,0.6681349277496338,0.5842462182044983,-0.036918848752975464,0.6595615744590759,0.6218829154968262,-0.029149703681468964,0.6883602142333984,0.5684750080108643,-0.011900638230144978,0.6953442096710205,0.5566837191581726,-0.032252054661512375,0.6830272674560547,0.5944938659667969,-0.03053082339465618,0.6712517142295837,0.624596357345581,-0.023210197687149048
0.663444459438324,0.6915498971939087,5.485618430611794e-07,0.6318296194076538,0.6385298371315002,-0.015672221779823303,0.6221714615821838,0.5639669895172119,-0.019402695819735527,0.6295050382614136,0.502068281173706,-0.02383900061249733,0.6311542391777039,0.4522193670272827,-0.02592840977013111,0.6134463548660278,0.5178028345108032,-0.0024901614524424076,0.6080670356750488,0.44234946370124817,-0.014283981174230576,0.6058629155158997,0.3965693414211273,-0.01986723206937313,0.6047265529632568,0.3563385307788849,-0.021846523508429527,0.6421424150466919,0.5247771739959717,-0.003708801930770278,0.6527836322784424,0.45036548376083374,-0.0211365707218647,0.6620080471038818,0.39830243587493896,-0.03073410876095295,0.6720308661460876,0.3568875193595886,-0.03353138640522957,0.6676298975944519,0.5448136329650879,-0.007737393490970135,0.6789233088493347,0.5346661806106567,-0.03539787232875824,0.6673378348350525,0.5834975242614746,-0.037960831075906754,0.658873975276947,0.6211898326873779,-0.02977861650288105,0.6884052157402039,0.5701917409896851,-0.012798873707652092,0.6949544548988342,0.5559365749359131,-0.033108923584222794,0.682877779006958,0.5932407379150391,-0.030697502195835114,0.6716750264167786,0.6235828399658203,-0.022761113941669464
0.6643235683441162,0.6918593645095825,5.471929398481734e-07,0.6323353052139282,0.6385668516159058,-0.01645439676940441,0.6225466132164001,0.5643807649612427,-0.019946904852986336,0.6297926306724548,0.5017993450164795,-0.023867690935730934,0.630965530872345,0.45144158601760864,-0.025352636352181435,0.6133584380149841,0.5184204578399658,-0.002058753976598382,0.6081729531288147,0.442809522151947,-0.013249083422124386,0.6062762141227722,0.39726054668426514,-0.018404997885227203,0.6054648160934448,0.3569197654724121,-0.02014504186809063,0.6419486403465271,0.5243949890136719,-0.0024726472329348326,0.6527201533317566,0.45052626729011536,-0.01909705437719822,0.6620217561721802,0.3983724117279053,-0.028350114822387695,0.6721767783164978,0.3570682406425476,-0.03104092739522457,0.6671503186225891,0.5437815189361572,-0.005914492532610893,0.6795238256454468,0.5347800850868225,-0.033434122800827026,0.6679741144180298,0.5837182402610779,-0.03704283386468887,0.6593402028083801,0.6217307448387146,-0.02961396798491478,0.6877368688583374,0.5685379505157471,-0.01044417079538107,0.6949291825294495,0.5573670864105225,-0.031575173139572144,0.6827828288078308,0.5945064425468445,-0.03086978755891323,0.6711871027946472,0.6245261430740356,-0.024112261831760406
0.6647133827209473,0.6929214000701904,5.467245500767604e-07,0.6327266693115234,0.6405985355377197,-0.01575213111937046,0.6228265166282654,0.5661135315895081,-0.019256066530942917,0.6299400925636292,0.5032485127449036,-0.023404080420732498,0.6304738521575928,0.4528906047344208,-0.025174332782626152,0.6141725778579712,0.5197703838348389,-0.002378853503614664,0.6084150075912476,0.44374600052833557,-0.013964595273137093,0.6066617965698242,0.39772674441337585,-0.019355345517396927,0.6059357523918152,0.3573080003261566,-0.021230941638350487,0.6424673795700073,0.5256917476654053,-0.0034529962576925755,0.6528666615486145,0.45059433579444885,-0.020345062017440796,0.6622189879417419,0.3980346918106079,-0.029646603390574455,0.6725587248802185,0.3564661145210266,-0.032367244362831116,0.6676393151283264,0.5452313423156738,-0.00741845928132534,0.6795365214347839,0.5346171259880066,-0.03458890691399574,0.6681346893310547,0.5836280584335327,-0.037339948117733,0.6598305106163025,0.6212500333786011,-0.029477667063474655,0.6883439421653748,0.5704395174980164,-0.012491170316934586,0.6947746276855469,0.558307945728302,-0.03310372680425644,0.6826677322387695,0.5957763195037842,-0.031570326536893845,0.6713679432868958,0.6257359981536865,-0.02430698648095131
0.6639386415481567,0.6916027665138245,5.531911142497847e-07,0.6332230567932129,0.6389291882514954,-0.016247032210230827,0.6235551238059998,0.5647181272506714,-0.01990729756653309,0.6299399733543396,0.5021740198135376,-0.024161363020539284,0.630201518535614,0.4522542953491211,-0.02599070407450199,0.6138067841529846,0.5208066701889038,-0.0032955161295831203,0.6086727380752563,0.4442773163318634,-0.015451905317604542,0.6077840328216553,0.3983868956565857,-0.02089604362845421,0.6082943081855774,0.3578643202781677,-0.022540945559740067,0.6418849229812622,0.5264104008674622,-0.004043458495289087,0.6522341966629028,0.4514538049697876,-0.02166154980659485,0.6617517471313477,0.3986763656139374,-0.031131649389863014,0.6724931597709656,0.3570898175239563,-0.03377349674701691,0.6670680046081543,0.5448750257492065,-0.00770319951698184,0.6801508069038391,0.535540759563446,-0.0358535535633564,0.6690967679023743,0.5850609540939331,-0.03890249878168106,0.6609145402908325,0.6237900853157043,-0.030886944383382797,0.6880277991294861,0.5686925649642944,-0.012459813617169857,0.6960206031799316,0.5573526620864868,-0.033648781478405,0.6844176054000854,0.5946847200393677,-0.032277386635541916,0.673203706741333,0.6254643201828003,-0.024916553869843483
0.6631580591201782,0.6903831362724304,5.586571205640212e-07,0.6326249837875366,0.6393197774887085,-0.016490818932652473,0.6232815384864807,0.5646088123321533,-0.020115546882152557,0.6299469470977783,0.50244140625,-0.024261241778731346,0.6309659481048584,0.45279937982559204,-0.026004355400800705,0.6141111254692078,0.5197522044181824,-0.0031100036576390266,0.6090523600578308,0.4428853988647461,-0.014953091740608215,0.6079403162002563,0.3964880704879761,-0.020198261365294456,0.6081966161727905,0.3563457727432251,-0.02172907255589962,0.6419767737388611,0.5258315205574036,-0.003721880028024316,0.6523923277854919,0.4506145119667053,-0.021193917840719223,0.6614193916320801,0.3979264497756958,-0.030673524364829063,0.6717318296432495,0.3567071557044983,-0.03327052667737007,0.6670085787773132,0.5447725057601929,-0.007233405020087957,0.6797019839286804,0.5343649983406067,-0.03496592491865158,0.6685338020324707,0.5836533904075623,-0.03764297440648079,0.6604218482971191,0.6217120289802551,-0.029482970014214516,0.6877927184104919,0.5690010786056519,-0.011867020279169083,0.6951968669891357,0.5571657419204712,-0.032658472657203674,0.6835403442382812,0.5949479341506958,-0.030887441709637642,0.6726318001747131,0.6252074241638184,-0.02329680509865284
0.6641352772712708,0.6922981142997742,5.522506398847327e-07,0.63386470079422,0.6389198899269104,-0.016502350568771362,0.6241880059242249,0.5645637512207031,-0.019671998918056488,0.6304232478141785,0.5021257400512695,-0.023296784609556198,0.6305983662605286,0.451824426651001,-0.024467086419463158,0.6139036417007446,0.5207797288894653,-0.001241368125192821,0.6093419194221497,0.4446425139904022,-0.012459216639399529,0.608160674571991,0.39875519275665283,-0.017568618059158325,0.6081787943840027,0.35864967107772827,-0.019150342792272568,0.6417905688285828,0.5261269807815552,-0.0015318691730499268,0.6522343754768372,0.45138049125671387,-0.01829712465405464,0.6614426970481873,0.39904114603996277,-0.02764519304037094,0.6717493534088135,0.35787105560302734,-0.030263014137744904,0.6668805480003357,0.5448455810546875,-0.004898150451481342,0.680062472820282,0.5342495441436768,-0.0324668325483799,0.6686292290687561,0.5833165049552917,-0.03576800227165222,0.660249650478363,0.6218219995498657,-0.02805704064667225,0.6874182224273682,0.5693808197975159,-0.009375806897878647,0.6953307390213013,0.5581933259963989,-0.030509233474731445,0.6834791898727417,0.595632016658783,-0.029579205438494682,0.6724623441696167,0.6257818937301636,-0.022580889984965324
0.6628018617630005,0.6939062476158142,5.469967163662659e-07,0.6337385773658752,0.6417467594146729,-0.016720900312066078,0.6245577335357666,0.5665051341056824,-0.020713139325380325,0.629778265953064,0.5037209987640381,-0.025094803422689438,0.6298959851264954,0.45329782366752625,-0.027051592245697975,0.6141106486320496,0.5239987373352051,-0.004450282081961632,0.6093772649765015,0.4467695355415344,-0.01684548519551754,0.6079272627830505,0.39961886405944824,-0.022308308631181717,0.6079990267753601,0.35894912481307983,-0.023921005427837372,0.6415996551513672,0.5290913581848145,-0.004889053758233786,0.6515620350837708,0.45303475856781006,-0.02279871143400669,0.6603845953941345,0.3996623158454895,-0.032316941767930984,0.6707854866981506,0.35776472091674805,-0.03496621176600456,0.6665030717849731,0.5467581152915955,-0.008170753717422485,0.6792536973953247,0.5361762642860413,-0.03609055280685425,0.6685165166854858,0.5849300622940063,-0.038624927401542664,0.6605933308601379,0.6232264041900635,-0.030374573543667793,0.6875417232513428,0.5699621438980103,-0.012586873956024647,0.6958786249160767,0.5572298765182495,-0.03321083262562752,0.6848592162132263,0.5938093662261963,-0.03132906183600426,0.6738976240158081,0.6237708330154419,-0.023747732862830162
0.664405345916748,0.6911846399307251,5.5984475011428e-07,0.6325153708457947,0.6408817768096924,-0.017889682203531265,0.6225200891494751,0.5661129951477051,-0.020773228257894516,0.6288994550704956,0.5017117261886597,-0.023706935346126556,0.6289463043212891,0.45061635971069336,-0.024167519062757492,0.6136274933815002,0.5216676592826843,-0.001559174619615078,0.6090702414512634,0.44444915652275085,-0.011665324680507183,0.6073517799377441,0.3981996774673462,-0.015824614092707634,0.6066996455192566,0.3573548197746277,-0.016589315608143806,0.6410365700721741,0.5267189741134644,-0.0006445557228289545,0.6512321829795837,0.451490581035614,-0.015953030437231064,0.6599851846694946,0.3987739682197571,-0.024391725659370422,0.669828474521637,0.35785120725631714,-0.02639395371079445,0.665484607219696,0.5444809794425964,-0.0029528012964874506,0.6792760491371155,0.5354709625244141,-0.029830165207386017,0.669437825679779,0.5838050246238708,-0.03364453837275505,0.6622429490089417,0.6221108436584473,-0.026173604652285576,0.6858717203140259,0.5671590566635132,-0.006440423429012299,0.6952321529388428,0.5557504296302795,-0.02684277668595314,0.685042142868042,0.5922472476959229,-0.026019614189863205,0.6751892566680908,0.6223700046539307,-0.019158020615577698
0.6633126735687256,0.6908841133117676,5.591265903603926e-07,0.6332030296325684,0.6397783160209656,-0.01686013862490654,0.6233220100402832,0.5652897953987122,-0.02064676769077778,0.628924548625946,0.5025996565818787,-0.02493990771472454,0.6292684078216553,0.45213955640792847,-0.026877261698246002,0.614284098148346,0.5216966271400452,-0.003124398412182927,0.6087448000907898,0.4450719356536865,-0.01530798152089119,0.6071945428848267,0.39847293496131897,-0.020838098600506783,0.6074706315994263,0.358151912689209,-0.022475656121969223,0.641864001750946,0.5272695422172546,-0.0034860982559621334,0.6518496870994568,0.4512634873390198,-0.02102842554450035,0.6606768369674683,0.39845967292785645,-0.030494360253214836,0.6710216999053955,0.35715609788894653,-0.033053647726774216,0.6665557026863098,0.5456396341323853,-0.006841513328254223,0.6792176961898804,0.5350252985954285,-0.03473504260182381,0.668472409248352,0.5840803980827332,-0.03744014352560043,0.6607056856155396,0.6224408149719238,-0.02921287715435028,0.6869441270828247,0.5692312717437744,-0.011349411681294441,0.6946853399276733,0.5563991069793701,-0.03197786957025528,0.6836373209953308,0.5930198431015015,-0.03002714179456234,0.6729979515075684,0.6228935122489929,-0.02233295701444149
0.6635833382606506,0.6907833814620972,5.552265065489337e-07,0.6325744390487671,0.6395130157470703,-0.016783885657787323,0.6228416562080383,0.5640403032302856,-0.019962044432759285,0.6276583075523376,0.5002744793891907,-0.023408068343997,0.6272637248039246,0.44997090101242065,-0.02433270402252674,0.6129047870635986,0.5214170813560486,-0.0028874282725155354,0.6083040237426758,0.4443089962005615,-0.013921385630965233,0.6070729494094849,0.3977840542793274,-0.018565978854894638,0.607201874256134,0.3567604422569275,-0.019705094397068024,0.6404698491096497,0.5258801579475403,-0.002761135809123516,0.6502142548561096,0.4509618878364563,-0.019388969987630844,0.6587344408035278,0.3977876305580139,-0.028421666473150253,0.6685867309570312,0.35635292530059814,-0.03086542710661888,0.6651983857154846,0.5430169105529785,-0.005570932291448116,0.6781328320503235,0.5336100459098816,-0.03285234048962593,0.667997419834137,0.5828745365142822,-0.03596009314060211,0.6604505181312561,0.6219398379325867,-0.028101090341806412,0.6861690282821655,0.5652338266372681,-0.009483961388468742,0.695320188999176,0.5536275506019592,-0.029713395982980728,0.6846404075622559,0.5906511545181274,-0.028341295197606087,0.674111545085907,0.6210398077964783,-0.021189743652939796
0.66265869140625,0.6898199319839478,5.553353048526333e-07,0.6325212717056274,0.6381670236587524,-0.016323203220963478,0.6226229667663574,0.5631887912750244,-0.02048834227025509,0.6277546286582947,0.5009155869483948,-0.025021761655807495,0.6283133625984192,0.4502066373825073,-0.027148926630616188,0.6128889322280884,0.5203510522842407,-0.006110008805990219,0.6082104444503784,0.4432981312274933,-0.0184448454529047,0.6071219444274902,0.3965092897415161,-0.023679981008172035,0.6075515151023865,0.3556302785873413,-0.025176534429192543,0.6407122015953064,0.5255479216575623,-0.006743548903614283,0.6511745452880859,0.45064273476600647,-0.024346718564629555,0.6599411964416504,0.39712339639663696,-0.033401425927877426,0.670101523399353,0.3549177944660187,-0.035934776067733765,0.6654409766197205,0.5435208082199097,-0.010081641376018524,0.6782779693603516,0.5346121191978455,-0.037601687014102936,0.6675445437431335,0.5835613012313843,-0.040119461715221405,0.6594306230545044,0.6213187575340271,-0.032096270471811295,0.686077892780304,0.5670338273048401,-0.014506232924759388,0.6954560875892639,0.5549981594085693,-0.034806977957487106,0.6844556927680969,0.5909375548362732,-0.03313235566020012,0.6731410026550293,0.6201127767562866,-0.025915218517184258
0.6634876132011414,0.6887733936309814,5.496869448506914e-07,0.6331068873405457,0.636516273021698,-0.01619180105626583,0.6235128045082092,0.5617295503616333,-0.01990356296300888,0.6289356350898743,0.49950820207595825,-0.024214649572968483,0.6295130252838135,0.44983363151550293,-0.026035726070404053,0.6143271923065186,0.5189841985702515,-0.0034573350567370653,0.6090720891952515,0.4422999918460846,-0.015640219673514366,0.6073592901229858,0.3956682085990906,-0.02113347128033638,0.6072216629981995,0.3550288677215576,-0.022818656638264656,0.6416335701942444,0.5247374773025513,-0.0041304598562419415,0.6509839296340942,0.4505288600921631,-0.022241441532969475,0.6590901613235474,0.39725586771965027,-0.03198743611574173,0.6690210700035095,0.355488121509552,-0.03481372445821762,0.6660694479942322,0.5431274175643921,-0.00766579806804657,0.6776289343833923,0.5326585173606873,-0.035941071808338165,0.6670088171958923,0.58191978931427,-0.038629744201898575,0.6595472097396851,0.6205594539642334,-0.030363641679286957,0.6867517232894897,0.5665595531463623,-0.012272343039512634,0.6951143145561218,0.5524031519889832,-0.03284413367509842,0.6840966939926147,0.5884121656417847,-0.030884793028235435,0.6736321449279785,0.6182035803794861,-0.02327464520931244
0.6634203791618347,0.6861976981163025,5.449068112284294e-07,0.6322795152664185,0.6344178915023804,-0.016029877588152885,0.6224161982536316,0.5606397986412048,-0.019321627914905548,0.6288025975227356,0.49842947721481323,-0.023285524919629097,0.6305853724479675,0.4488280713558197,-0.024884512647986412,0.614334762096405,0.517120361328125,-0.0016656516818329692,0.6090539693832397,0.44121408462524414,-0.012590909376740456,0.6072105765342712,0.3956748843193054,-0.017353465780615807,0.6066479682922363,0.3558826446533203,-0.01869210973381996,0.6418600082397461,0.5233883261680603,-0.0022087302058935165,0.651522696018219,0.4492720365524292,-0.018714163452386856,0.6598077416419983,0.3973580598831177,-0.027808956801891327,0.6694671511650085,0.35685938596725464,-0.030386336147785187,0.6663614511489868,0.5424628257751465,-0.005711484234780073,0.6779958009719849,0.5320454835891724,-0.03286375477910042,0.6668445467948914,0.5805836319923401,-0.03591185808181763,0.6590819954872131,0.6184360980987549,-0.028199393302202225,0.6867533922195435,0.5664709806442261,-0.01026208233088255,0.6944249868392944,0.5530577301979065,-0.030385930091142654,0.6829050779342651,0.5895000100135803,-0.0287907887250185,0.6723859906196594,0.6195922493934631,-0.02160993404686451
0.6639596819877625,0.6861627101898193,5.368783035919478e-07,0.6324721574783325,0.6336743831634521,-0.014962950721383095,0.6228157877922058,0.5594637393951416,-0.017948560416698456,0.629865288734436,0.4969745874404907,-0.02183719538152218,0.6315659880638123,0.44773873686790466,-0.02336280047893524,0.6152165532112122,0.5184379816055298,-0.000468425772851333,0.6100541353225708,0.4426773488521576,-0.011690701358020306,0.6081048250198364,0.3969348073005676,-0.016784528270363808,0.6074681878089905,0.35698920488357544,-0.01838904619216919,0.6422657370567322,0.5245198607444763,-0.0016503100050613284,0.6519650220870972,0.45028311014175415,-0.018786156550049782,0.6602470278739929,0.39803189039230347,-0.028493914753198624,0.669852077960968,0.3569343686103821,-0.0314762219786644,0.6664910316467285,0.5431526899337769,-0.005702389869838953,0.6786177158355713,0.5314244627952576,-0.0329907201230526,0.6675625443458557,0.5793797969818115,-0.03597855195403099,0.6596601009368896,0.6170375943183899,-0.0282578282058239,0.6867742538452148,0.5669274926185608,-0.010752498172223568,0.6945154070854187,0.5532547831535339,-0.030847720801830292,0.6828454732894897,0.589296817779541,-0.029143204912543297,0.6718106269836426,0.6190878748893738,-0.02190808393061161
0.6633746027946472,0.6855014562606812,5.474695399243501e-07,0.6326204538345337,0.6342769265174866,-0.015938470140099525,0.6231653094291687,0.5605278611183167,-0.019273340702056885,0.6297194957733154,0.498487651348114,-0.02322758175432682,0.6311739683151245,0.44913944602012634,-0.02483556792140007,0.6147027015686035,0.5167738795280457,-0.0014319145120680332,0.6097612380981445,0.44212958216667175,-0.012746679596602917,0.608127236366272,0.39649510383605957,-0.01800905354321003,0.6077198386192322,0.3566223382949829,-0.01974586397409439,0.6422277092933655,0.5230008959770203,-0.0021928546484559774,0.6518638134002686,0.4490770101547241,-0.019277125597000122,0.6602924466133118,0.39743080735206604,-0.02902212366461754,0.6700078248977661,0.3569979965686798,-0.031986817717552185,0.6669434905052185,0.5420390367507935,-0.005844015162438154,0.6789774894714355,0.5319755673408508,-0.0332246795296669,0.6675923466682434,0.580437958240509,-0.03619062528014183,0.6593652367591858,0.6181455254554749,-0.028403976932168007,0.6873569488525391,0.5661491751670837,-0.010530414991080761,0.6946209073066711,0.5531872510910034,-0.03074130043387413,0.6829460263252258,0.5900309681892395,-0.028823567554354668,0.6719673275947571,0.6200504899024963,-0.021363213658332825
0.6644945740699768,0.686068594455719,5.555625079978199e-07,0.6328808069229126,0.6338414549827576,-0.016524074599146843,0.6230787038803101,0.5602143406867981,-0.019809167832136154,0.6296586990356445,0.49776822328567505,-0.02357138879597187,0.6309382319450378,0.44792765378952026,-0.024949317798018456,0.6145615577697754,0.5167816281318665,-0.0008575709071010351,0.6099569797515869,0.44196760654449463,-0.011886761523783207,0.6083002686500549,0.3962327837944031,-0.017147259786725044,0.6076837778091431,0.3560020923614502,-0.018945889547467232,0.6422570943832397,0.5230403542518616,-0.0011445340933278203,0.6519138813018799,0.44910967350006104,-0.017981724813580513,0.6604486107826233,0.39716872572898865,-0.027685320004820824,0.6701896786689758,0.3563570976257324,-0.030632270500063896,0.6671757698059082,0.5422434210777283,-0.00445757620036602,0.6788707971572876,0.5319306254386902,-0.032091934233903885,0.6673785448074341,0.5807111859321594,-0.03541373461484909,0.6590631604194641,0.6186421513557434,-0.02770942449569702,0.687798261642456,0.5664265155792236,-0.008822258561849594,0.6949126124382019,0.5532938241958618,-0.02962099015712738,0.6833095550537109,0.5904595255851746,-0.028167150914669037,0.6724249720573425,0.6206704378128052,-0.020877785980701447
0.6639416813850403,0.6862373352050781,5.544617920349992e-07,0.6321499943733215,0.6343860030174255,-0.016383977606892586,0.6221885085105896,0.5608280301094055,-0.020277172327041626,0.6284653544425964,0.4981940686702728,-0.024799488484859467,0.630483090877533,0.4484369158744812,-0.02694840170443058,0.6148818731307983,0.5182349681854248,-0.0023029292933642864,0.6097537279129028,0.44274812936782837,-0.014050721190869808,0.6080062985420227,0.39660465717315674,-0.01959948241710663,0.6075748801231384,0.356192409992218,-0.02160928212106228,0.6424746513366699,0.5240728259086609,-0.002994879148900509,0.6521196961402893,0.4494483470916748,-0.020593207329511642,0.6605920791625977,0.39697977900505066,-0.030491357669234276,0.67047518491745,0.3554133176803589,-0.03361192345619202,0.6670265197753906,0.5427348613739014,-0.006602984853088856,0.6784287095069885,0.5319714546203613,-0.034331802278757095,0.6668878197669983,0.581160306930542,-0.0369219034910202,0.6585900187492371,0.6194633841514587,-0.028831996023654938,0.687458336353302,0.5667724013328552,-0.011333632282912731,0.6946423649787903,0.5534696578979492,-0.03200804069638252,0.6828948855400085,0.5899649858474731,-0.030197730287909508,0.6715084910392761,0.6201965808868408,-0.022740313783288002
0.6649155616760254,0.6875492334365845,5.521678758668713e-07,0.6328768134117126,0.6363879442214966,-0.016744032502174377,0.6227670311927795,0.5621641874313354,-0.020284822210669518,0.6288876533508301,0.49903085827827454,-0.024386823177337646,0.6306479573249817,0.44901198148727417,-0.02611434832215309,0.614690899848938,0.5212739109992981,-0.0018842514837160707,0.6096009016036987,0.4452008306980133,-0.013644823804497719,0.6078917384147644,0.3986995220184326,-0.019127124920487404,0.6073471307754517,0.3581368327140808,-0.02101179026067257,0.6420917510986328,0.526544988155365,-0.0022479866165667772,0.651634693145752,0.45172208547592163,-0.01999671943485737,0.6603323817253113,0.39896291494369507,-0.02995923161506653,0.6703895330429077,0.3575294017791748,-0.03300407528877258,0.6664938926696777,0.5444740653038025,-0.005648200400173664,0.6783573031425476,0.533328652381897,-0.033696673810482025,0.6675006747245789,0.581908643245697,-0.03664742037653923,0.6595887541770935,0.619605302810669,-0.028636794537305832,0.6869321465492249,0.5673503875732422,-0.01018793135881424,0.6944840550422668,0.553759753704071,-0.031104834750294685,0.6829308867454529,0.5908240079879761,-0.029600821435451508,0.6716687083244324,0.6211345791816711,-0.022282784804701805
0.6635679602622986,0.6886107921600342,5.57799978651019e-07,0.6318109631538391,0.6385045647621155,-0.016604455187916756,0.6220604181289673,0.5637471675872803,-0.02063634805381298,0.6280229687690735,0.5011435747146606,-0.02510698325932026,0.6294413208961487,0.45130571722984314,-0.027225814759731293,0.6138651371002197,0.5222269892692566,-0.004459517542272806,0.6083676218986511,0.44582992792129517,-0.016820600256323814,0.6067707538604736,0.3988683819770813,-0.022492973133921623,0.6065473556518555,0.35807496309280396,-0.02447640523314476,0.6417253017425537,0.5274079442024231,-0.005087350495159626,0.6513397693634033,0.4526427388191223,-0.023125115782022476,0.660091757774353,0.3997116684913635,-0.033012505620718,0.6701659560203552,0.35807597637176514,-0.03608191758394241,0.6665064096450806,0.5451162457466125,-0.008507651276886463,0.6788404583930969,0.5344762802124023,-0.03612622991204262,0.6681039929389954,0.5832242369651794,-0.03842075541615486,0.6599672436714172,0.6211838722229004,-0.030228205025196075,0.6872771978378296,0.5677947998046875,-0.013095020316541195,0.6945092082023621,0.5553025603294373,-0.033558376133441925,0.6831362247467041,0.5925228595733643,-0.03156954422593117,0.6718499660491943,0.6227618455886841,-0.02403305284678936
0.6633906960487366,0.6876005530357361,5.550321020564297e-07,0.6313695907592773,0.6372843980789185,-0.016327062621712685,0.6217421889305115,0.5630989074707031,-0.020358847454190254,0.6284166574478149,0.5009605884552002,-0.024907836690545082,0.6295418739318848,0.45139822363853455,-0.027063453570008278,0.6138752698898315,0.5206632614135742,-0.004470098298043013,0.6082824468612671,0.4441034197807312,-0.016584346070885658,0.6064648032188416,0.39722198247909546,-0.022024821490049362,0.6060287356376648,0.3564392626285553,-0.02378919906914234,0.6418989896774292,0.5264173746109009,-0.0052382382564246655,0.6515246033668518,0.4521559476852417,-0.022925425320863724,0.6597732305526733,0.39900991320610046,-0.03247113153338432,0.669503390789032,0.3572353720664978,-0.03532655909657478,0.6666181087493896,0.545022189617157,-0.008789426647126675,0.6777887344360352,0.5344997048377991,-0.036347195506095886,0.6670030951499939,0.5833653211593628,-0.03861668333411217,0.659338116645813,0.6213976144790649,-0.03032776527106762,0.6873052716255188,0.5685527920722961,-0.013447773642838001,0.6940879225730896,0.5550987720489502,-0.03377249091863632,0.682657778263092,0.5915751457214355,-0.03164632245898247,0.6718707084655762,0.621590256690979,-0.02399148792028427
0.6633458137512207,0.688193678855896,5.474622071233171e-07,0.6304703950881958,0.6381503343582153,-0.01630847156047821,0.6207313537597656,0.5629522800445557,-0.020339135080575943,0.6275337934494019,0.49960964918136597,-0.024904970079660416,0.6290284991264343,0.4495396018028259,-0.02712024375796318,0.6137730479240417,0.520632266998291,-0.00425496743991971,0.6082980036735535,0.4444805085659027,-0.016448477283120155,0.6064344048500061,0.39779430627822876,-0.022078361362218857,0.6058605909347534,0.35721343755722046,-0.024114375934004784,0.6416034698486328,0.5267124176025391,-0.005145397502928972,0.6514546871185303,0.45237597823143005,-0.023428309708833694,0.6596565842628479,0.3997272849082947,-0.03331470489501953,0.6693686246871948,0.3586430847644806,-0.03634865954518318,0.6663075089454651,0.5452521443367004,-0.008797910995781422,0.677259087562561,0.5337573885917664,-0.036669615656137466,0.6657620668411255,0.5827338695526123,-0.03870580717921257,0.6576477289199829,0.6206760406494141,-0.03029290772974491,0.6872237920761108,0.5685012936592102,-0.013573718257248402,0.6931567192077637,0.5547769069671631,-0.03411552309989929,0.6817532181739807,0.5922269821166992,-0.031794480979442596,0.6713892817497253,0.6223809719085693,-0.02399502508342266
0.6635282039642334,0.6903893947601318,5.404382932283625e-07,0.6310088634490967,0.6407545208930969,-0.016107335686683655,0.6209855675697327,0.5644487142562866,-0.020112495869398117,0.6272394061088562,0.5011224150657654,-0.02468663454055786,0.6287633776664734,0.4509502649307251,-0.026876993477344513,0.6138556599617004,0.5217386484146118,-0.004696878604590893,0.608375072479248,0.44501903653144836,-0.017003806307911873,0.6065291166305542,0.39803916215896606,-0.02266903594136238,0.606253445148468,0.3572845160961151,-0.024705247953534126,0.6416235566139221,0.5277252793312073,-0.005690940655767918,0.6514490246772766,0.4539375305175781,-0.02398877777159214,0.6594944000244141,0.4008035361766815,-0.03380519896745682,0.6691156625747681,0.35867002606391907,-0.036852043122053146,0.6663117408752441,0.5459058284759521,-0.009415548294782639,0.6775491833686829,0.5339647531509399,-0.03716225549578667,0.6662958264350891,0.5827074646949768,-0.03916006535291672,0.6581089496612549,0.6204129457473755,-0.030809974297881126,0.6872758865356445,0.5689742565155029,-0.01425238512456417,0.6936864852905273,0.5548270344734192,-0.034525658935308456,0.6823542714118958,0.5918424725532532,-0.032084960490465164,0.6718148589134216,0.6216264963150024,-0.024276917800307274
0.66313236951828,0.6893355250358582,5.480696927406825e-07,0.6315069198608398,0.6381507515907288,-0.01601872779428959,0.6216775178909302,0.562903106212616,-0.019372032955288887,0.6274878978729248,0.4996098577976227,-0.02329510822892189,0.6278188228607178,0.44929394125938416,-0.024826189503073692,0.6134491562843323,0.5205650329589844,-0.0025701916310936213,0.6082465648651123,0.44379082322120667,-0.01393892802298069,0.6064046621322632,0.3974224925041199,-0.019038554280996323,0.6059166193008423,0.35671404004096985,-0.020553190261125565,0.6411540508270264,0.5266469717025757,-0.0031571437139064074,0.6509073972702026,0.4524672329425812,-0.020281458273530006,0.659189760684967,0.399836003780365,-0.02965671755373478,0.6689350605010986,0.3586154580116272,-0.03237716853618622,0.6658427715301514,0.5450854301452637,-0.006580307148396969,0.6764314770698547,0.5338596701622009,-0.033825889229774475,0.6657363772392273,0.5823552012443542,-0.03627340868115425,0.6584505438804626,0.6206158995628357,-0.02812734991312027,0.6866922378540039,0.5680670142173767,-0.011069731786847115,0.6932445168495178,0.5533482432365417,-0.030806196853518486,0.6823830008506775,0.5901561975479126,-0.028350183740258217,0.6728716492652893,0.6204575300216675,-0.02053792029619217
0.663659930229187,0.6905573010444641,5.47277636542276e-07,0.6317393183708191,0.638502836227417,-0.016205018386244774,0.6219764947891235,0.5630514621734619,-0.01938844472169876,0.6280673146247864,0.4993465840816498,-0.023071609437465668,0.6290303468704224,0.44933992624282837,-0.024321820586919785,0.6137285828590393,0.5212517976760864,-0.001963564660400152,0.6085020303726196,0.44454455375671387,-0.013265413232147694,0.6065261363983154,0.39798057079315186,-0.018410829827189445,0.6058703064918518,0.35746410489082336,-0.020071063190698624,0.6411707401275635,0.5273610353469849,-0.002466303063556552,0.6508322954177856,0.4525943994522095,-0.019509950652718544,0.6590825319290161,0.3998089134693146,-0.029095403850078583,0.668922483921051,0.3583313822746277,-0.03207796439528465,0.6654860377311707,0.5460994243621826,-0.005898763425648212,0.6780288219451904,0.5342264771461487,-0.03308345749974251,0.6667983531951904,0.5820843577384949,-0.03590497747063637,0.6587154865264893,0.6197522282600403,-0.028137199580669403,0.6856787204742432,0.5698237419128418,-0.01045000646263361,0.6934493184089661,0.5559398531913757,-0.03085636906325817,0.6821096539497375,0.5927773118019104,-0.029254455119371414,0.671382486820221,0.6230888366699219,-0.02201465517282486
0.66312575340271,0.6910667419433594,5.476821343108895e-07,0.6319937705993652,0.6388603448867798,-0.016030658036470413,0.6222334504127502,0.5635307431221008,-0.019917070865631104,0.6275096535682678,0.5002391934394836,-0.02440641075372696,0.6290644407272339,0.4502812325954437,-0.026484111323952675,0.613275945186615,0.5220378041267395,-0.003473062301054597,0.6084030270576477,0.44538378715515137,-0.015619039535522461,0.6065483093261719,0.3982664942741394,-0.021275559440255165,0.6063622236251831,0.35739538073539734,-0.023315642029047012,0.6408568024635315,0.5282334685325623,-0.0044075604528188705,0.6507540345191956,0.4535945951938629,-0.022628655657172203,0.6586000323295593,0.4005585312843323,-0.03265447914600372,0.6682124137878418,0.35834693908691406,-0.03592541813850403,0.6653820276260376,0.5467634201049805,-0.008100603707134724,0.6777064800262451,0.534165620803833,-0.0360904335975647,0.6666736006736755,0.5832753777503967,-0.0381183922290802,0.658789336681366,0.6219297647476196,-0.029702594503760338,0.6858996152877808,0.5704746842384338,-0.012889827601611614,0.6938450336456299,0.5548170804977417,-0.03349209949374199,0.6828638315200806,0.5916460752487183,-0.031093502417206764,0.6722750663757324,0.6224101185798645,-0.023250574246048927
0.6631105542182922,0.6898024082183838,5.584782911682851e-07,0.6321215033531189,0.6370468735694885,-0.016528422012925148,0.6225746870040894,0.5628611445426941,-0.02005811221897602,0.6283752918243408,0.5003073811531067,-0.023954618722200394,0.629077136516571,0.4503241181373596,-0.025396374985575676,0.6126772165298462,0.5202464461326599,-0.0027145533822476864,0.6078663468360901,0.4444124102592468,-0.014289884828031063,0.6062777042388916,0.39782509207725525,-0.019605407491326332,0.606049120426178,0.35724008083343506,-0.02127012424170971,0.6405400633811951,0.5265200138092041,-0.003058574628084898,0.6504501104354858,0.4525068998336792,-0.02054774947464466,0.6589647531509399,0.3998228907585144,-0.03036690503358841,0.6690470576286316,0.3585354685783386,-0.033315274864435196,0.6653228998184204,0.5454581379890442,-0.006252745166420937,0.6776636242866516,0.5352796316146851,-0.034009844064712524,0.6666937470436096,0.5839843153953552,-0.036828286945819855,0.658836841583252,0.6221932172775269,-0.02875215746462345,0.6857212781906128,0.5690189599990845,-0.010521032847464085,0.6938544511795044,0.5549260377883911,-0.03118015266954899,0.6830710172653198,0.5916544198989868,-0.02934427745640278,0.6727080941200256,0.6221123933792114,-0.021741541102528572
0.6622014045715332,0.6904618740081787,5.448713977784791e-07,0.6299093961715698,0.6404133439064026,-0.016258182004094124,0.6201737523078918,0.5649701356887817,-0.019767865538597107,0.6268976330757141,0.5008514523506165,-0.0238893311470747,0.6277855634689331,0.4502061903476715,-0.02571007050573826,0.6131100058555603,0.5209741592407227,-0.0024896010290831327,0.6081569790840149,0.4447777271270752,-0.014003892429172993,0.6064855456352234,0.39865928888320923,-0.019238239154219627,0.6061124801635742,0.35861653089523315,-0.020995382219552994,0.6409898996353149,0.5272662043571472,-0.0033219591714441776,0.6510811448097229,0.45207953453063965,-0.020529359579086304,0.6596274375915527,0.4001292288303375,-0.030055154114961624,0.6694296002388,0.35951581597328186,-0.032878290861845016,0.6658339500427246,0.546430766582489,-0.007011263631284237,0.6770371198654175,0.5340334177017212,-0.03447047993540764,0.665461003780365,0.5833243131637573,-0.036678217351436615,0.6572398543357849,0.6218550205230713,-0.02840285189449787,0.6862778067588806,0.570950984954834,-0.011816888116300106,0.6930902600288391,0.555897057056427,-0.03244603052735329,0.6815264821052551,0.5930241942405701,-0.030239278450608253,0.6708136796951294,0.6238937377929688,-0.02245853841304779
0.6628819704055786,0.6920044422149658,5.426389861895586e-07,0.6297814249992371,0.6410596370697021,-0.01656314916908741,0.6199802756309509,0.5651876926422119,-0.01967168040573597,0.6269295811653137,0.5007783770561218,-0.023374022915959358,0.6281759738922119,0.4502689242362976,-0.02474771812558174,0.612879753112793,0.5216050148010254,-0.0011641157325357199,0.6080467700958252,0.44564223289489746,-0.012181650847196579,0.6063255667686462,0.3996734321117401,-0.01727837324142456,0.6057295799255371,0.35923248529434204,-0.018946319818496704,0.6407574415206909,0.5277008414268494,-0.0015506198396906257,0.6507319808006287,0.45323777198791504,-0.01826045662164688,0.6591397523880005,0.4009582996368408,-0.027670448645949364,0.6689282059669495,0.3600695729255676,-0.030438529327511787,0.6655148267745972,0.5465429425239563,-0.005011322908103466,0.6764299869537354,0.5347217917442322,-0.03252437338232994,0.6649501323699951,0.5838994979858398,-0.03550780937075615,0.6570948362350464,0.6225792169570923,-0.027599530294537544,0.6861625909805298,0.5702307224273682,-0.00959918461740017,0.6925866007804871,0.5552200675010681,-0.030318239703774452,0.6808452010154724,0.5926082134246826,-0.02871999330818653,0.6703819036483765,0.6237123608589172,-0.02135130949318409
0.6617174744606018,0.6921755075454712,5.423141260507691e-07,0.6292399168014526,0.6414639353752136,-0.016247855499386787,0.6197722554206848,0.5659496188163757,-0.019746191799640656,0.6261974573135376,0.501873254776001,-0.023807581514120102,0.626835286617279,0.4511463940143585,-0.02555212564766407,0.61273193359375,0.5224488377571106,-0.003098097862675786,0.6076710224151611,0.4459861218929291,-0.014485581777989864,0.6056159734725952,0.3993908762931824,-0.019533896818757057,0.6050176620483398,0.3586409091949463,-0.02111346460878849,0.6403671503067017,0.5285484790802002,-0.0037695833016186953,0.6509348154067993,0.4541010856628418,-0.020787004381418228,0.6591792106628418,0.40171194076538086,-0.02992524951696396,0.6690517067909241,0.36068058013916016,-0.032554686069488525,0.6646632552146912,0.5473960638046265,-0.007335315924137831,0.6768748164176941,0.5359188318252563,-0.03483795002102852,0.6654004454612732,0.5853424668312073,-0.03728727251291275,0.6575087904930115,0.6241960525512695,-0.029123226180672646,0.6849272847175598,0.5713183283805847,-0.011994408443570137,0.6928779482841492,0.5555962920188904,-0.03239056468009949,0.6817784905433655,0.5919868350028992,-0.030387183651328087,0.6715678572654724,0.6225497722625732,-0.022855132818222046
0.6622422933578491,0.6911228895187378,5.452259870253329e-07,0.6289615631103516,0.6404507756233215,-0.01603916846215725,0.6190172433853149,0.565326452255249,-0.019030369818210602,0.6255447268486023,0.5019301772117615,-0.02263573184609413,0.6263605356216431,0.4516714811325073,-0.02388949692249298,0.612467348575592,0.5213236808776855,-0.0014915873762220144,0.6070365309715271,0.4448656737804413,-0.01220528595149517,0.6051054000854492,0.3985167145729065,-0.016840388998389244,0.6044889688491821,0.35819894075393677,-0.018075041472911835,0.6402946710586548,0.5277881026268005,-0.002027265029028058,0.6505135297775269,0.45320236682891846,-0.018432211130857468,0.6588326692581177,0.40115731954574585,-0.027427222579717636,0.6684966683387756,0.36114761233329773,-0.029850700870156288,0.6648024916648865,0.5467684864997864,-0.0055300951935350895,0.6760356426239014,0.5358417630195618,-0.03258814290165901,0.6645925641059875,0.5849475264549255,-0.035385049879550934,0.6566876769065857,0.6234109401702881,-0.02741122990846634,0.6852889060974121,0.570030927658081,-0.010094908997416496,0.6922362446784973,0.5550118684768677,-0.029934272170066833,0.6808602213859558,0.5914067029953003,-0.027961762621998787,0.6706873774528503,0.6213605403900146,-0.020499227568507195
0.662594199180603,0.6910787224769592,5.411437768998439e-07,0.6303809285163879,0.6397494077682495,-0.015464023686945438,0.6204677820205688,0.5644494295120239,-0.01873454824090004,0.6266055703163147,0.5014069676399231,-0.022915758192539215,0.6285256147384644,0.4520396590232849,-0.024809403344988823,0.6131106019020081,0.5216559171676636,-0.0018921797163784504,0.6077802777290344,0.4453235864639282,-0.013782934285700321,0.6058073043823242,0.39871206879615784,-0.019281936809420586,0.6053831577301025,0.35835039615631104,-0.021101046353578568,0.6403162479400635,0.5279570817947388,-0.003095302265137434,0.6504206657409668,0.4538831114768982,-0.021120689809322357,0.658479630947113,0.40136367082595825,-0.031006790697574615,0.6681220531463623,0.3602622151374817,-0.033888861536979675,0.6643663048744202,0.5466172695159912,-0.007147880736738443,0.6762058138847351,0.5353196859359741,-0.03534563258290291,0.6646984815597534,0.5850025415420532,-0.037788599729537964,0.6567685604095459,0.6241145730018616,-0.029339894652366638,0.6842545866966248,0.5703602433204651,-0.012258444912731647,0.691933274269104,0.5554195642471313,-0.03299858793616295,0.6805553436279297,0.5923721194267273,-0.03082435391843319,0.6701164841651917,0.623361349105835,-0.02295367233455181
0.6616686582565308,0.6886328458786011,5.538298069041048e-07,0.6294629573822021,0.6369529366493225,-0.016215426847338676,0.619604229927063,0.5628626942634583,-0.01924988254904747,0.6262367367744446,0.5001287460327148,-0.022946583107113838,0.6274644136428833,0.4502449035644531,-0.024331634864211082,0.6116722822189331,0.5182153582572937,-0.0005588834173977375,0.6068090200424194,0.442797988653183,-0.01153151411563158,0.6050286889076233,0.3972001075744629,-0.016594164073467255,0.604548454284668,0.3571833372116089,-0.018158897757530212,0.6394737958908081,0.5249679684638977,-0.0010302026057615876,0.6500964164733887,0.45192521810531616,-0.01793983019888401,0.6584067344665527,0.4002423882484436,-0.02755616419017315,0.6680798530578613,0.35992226004600525,-0.03037378564476967,0.6639323830604553,0.5443261861801147,-0.0045607853680849075,0.6764984726905823,0.5346841216087341,-0.03235045075416565,0.6652307510375977,0.5839447975158691,-0.035766731947660446,0.6573281288146973,0.6223355531692505,-0.028066443279385567,0.6839386224746704,0.5684234499931335,-0.009146382100880146,0.6920162439346313,0.5553697347640991,-0.029985032975673676,0.6806932687759399,0.5923194885253906,-0.028659150004386902,0.6702167987823486,0.6225980520248413,-0.02144869603216648
0.6626805067062378,0.6879098415374756,5.410319090515259e-07,0.6305045485496521,0.6365678310394287,-0.015493583865463734,0.6203233003616333,0.5627724528312683,-0.01824481226503849,0.6270412802696228,0.5002638697624207,-0.021882476285099983,0.6281424760818481,0.45134294033050537,-0.02319936640560627,0.612630307674408,0.5192368626594543,9.07434950931929e-05,0.6070809364318848,0.44371330738067627,-0.011190719902515411,0.6055695414543152,0.39832109212875366,-0.016450729221105576,0.6052234768867493,0.3585415780544281,-0.018212618306279182,0.6399115324020386,0.5250409245491028,-0.0007739083375781775,0.6500580310821533,0.4517073333263397,-0.018110649660229683,0.6588516235351562,0.40014874935150146,-0.02789841592311859,0.6688284277915955,0.3597783148288727,-0.030767081305384636,0.664098858833313,0.5436460971832275,-0.0046951547265052795,0.6769267916679382,0.5339939594268799,-0.032599594444036484,0.6660125255584717,0.5829396843910217,-0.036121997982263565,0.6580383777618408,0.6212033629417419,-0.028493914753198624,0.6840780973434448,0.5675905346870422,-0.009689233265817165,0.6919304132461548,0.5571759343147278,-0.03092697076499462,0.6803579926490784,0.5938164591789246,-0.03025292605161667,0.6692498922348022,0.623611330986023,-0.02345583587884903
0.662183940410614,0.6869629621505737,5.465835783979855e-07,0.6298316121101379,0.6375764608383179,-0.015947550535202026,0.6195402145385742,0.563815712928772,-0.01929440349340439,0.6258257031440735,0.5013500452041626,-0.023378442972898483,0.626833438873291,0.4521602392196655,-0.025188589468598366,0.612305760383606,0.5186252593994141,-0.0022615394555032253,0.6068949103355408,0.44317692518234253,-0.01397183071821928,0.6052107214927673,0.3973294496536255,-0.01920960284769535,0.6048626899719238,0.35752880573272705,-0.020784566178917885,0.6395935416221619,0.524321436882019,-0.0030577336438000202,0.6501013040542603,0.45113545656204224,-0.02058061957359314,0.6584208607673645,0.3993385434150696,-0.029963955283164978,0.6679348349571228,0.3595055341720581,-0.032401297241449356,0.6638258099555969,0.5426565408706665,-0.006787930149585009,0.6769431233406067,0.5347572565078735,-0.03458650782704353,0.6659074425697327,0.5839796662330627,-0.03758297488093376,0.6577544808387756,0.6223902106285095,-0.02955831028521061,0.6838575601577759,0.5663990378379822,-0.011609675362706184,0.6922104358673096,0.5562351942062378,-0.0323868952691555,0.6811010241508484,0.5933824181556702,-0.031042613089084625,0.670300304889679,0.6235897541046143,-0.023744825273752213
0.6624307632446289,0.6888552904129028,5.553992536988517e-07,0.6305655837059021,0.6378802061080933,-0.01657712087035179,0.6199514865875244,0.5638229250907898,-0.01935858093202114,0.6253246068954468,0.5014038681983948,-0.02275635302066803,0.6248182654380798,0.45190829038619995,-0.02380988746881485,0.6109746694564819,0.5195375680923462,-0.00035111402394250035,0.6058616042137146,0.4443112015724182,-0.011484228074550629,0.6041061878204346,0.39872246980667114,-0.016619445756077766,0.6032435894012451,0.358808696269989,-0.01827801764011383,0.6382986903190613,0.5248274207115173,-0.0005649110535159707,0.6491439938545227,0.45119643211364746,-0.01754949800670147,0.6578547358512878,0.3996954560279846,-0.0269821435213089,0.6673873066902161,0.35995015501976013,-0.029540322721004486,0.662533164024353,0.5432918667793274,-0.00396729726344347,0.6758280992507935,0.533553957939148,-0.03181822597980499,0.6650902628898621,0.5826472640037537,-0.03537535294890404,0.6571646332740784,0.6214548945426941,-0.027704337611794472,0.6823374032974243,0.567185640335083,-0.008528814651072025,0.6910161375999451,0.5563961267471313,-0.029919426888227463,0.680229663848877,0.5933119058609009,-0.029447797685861588,0.6696017980575562,0.623480498790741,-0.022725164890289307
0.6613354086875916,0.6894400715827942,5.428123017736652e-07,0.6298227906227112,0.6393387317657471,-0.015377063304185867,0.6196614503860474,0.5643191933631897,-0.018892468884587288,0.625191330909729,0.501359224319458,-0.023224132135510445,0.6251054406166077,0.45152318477630615,-0.025280872359871864,0.6118773818016052,0.5214841961860657,-0.002873723627999425,0.6058352589607239,0.4459466338157654,-0.015253176912665367,0.6037390828132629,0.39977288246154785,-0.021100949496030807,0.6035203337669373,0.35965496301651,-0.02318250946700573,0.6391681432723999,0.5273556113243103,-0.004239584319293499,0.6485689282417297,0.453078031539917,-0.022671513259410858,0.6568416357040405,0.4008786380290985,-0.03279399871826172,0.6667938828468323,0.3598252534866333,-0.03590809926390648,0.6635761857032776,0.5455651879310608,-0.008317064493894577,0.6758650541305542,0.5337067246437073,-0.03617949038743973,0.6647248864173889,0.5826666951179504,-0.03829863667488098,0.6567881107330322,0.621255099773407,-0.029957568272948265,0.6839206218719482,0.5689300894737244,-0.01348987314850092,0.6911504864692688,0.555203378200531,-0.03382093831896782,0.6799346208572388,0.5921465158462524,-0.031399842351675034,0.6694424748420715,0.6224693655967712,-0.023540057241916656
0.6602144241333008,0.6901018023490906,5.388072281675704e-07,0.6291704177856445,0.6384494304656982,-0.015254883095622063,0.6195802688598633,0.5638521909713745,-0.018589168787002563,0.6249633431434631,0.5015146136283875,-0.02277189865708351,0.6249042749404907,0.4518578052520752,-0.02464243210852146,0.6111264824867249,0.5210108757019043,-0.0024487217888236046,0.6059780120849609,0.4457770586013794,-0.014345057308673859,0.603999137878418,0.3994119167327881,-0.019856169819831848,0.6033725142478943,0.35896578431129456,-0.021735256537795067,0.638463020324707,0.5272441506385803,-0.0036454186774790287,0.6485638618469238,0.4545520544052124,-0.021302828565239906,0.656876266002655,0.40252000093460083,-0.030821554362773895,0.6665616035461426,0.3619958758354187,-0.03359972685575485,0.662801206111908,0.5457895994186401,-0.007629107683897018,0.6746414303779602,0.5350837111473083,-0.034874822944402695,0.6636906862258911,0.5834311842918396,-0.03699261695146561,0.6559399962425232,0.6217883229255676,-0.02869078703224659,0.6833051443099976,0.5693119168281555,-0.012709776870906353,0.6909035444259644,0.5547687411308289,-0.03232545778155327,0.6800532341003418,0.5909547805786133,-0.02989807166159153,0.6701684594154358,0.620939314365387,-0.022161046043038368
0.6614605188369751,0.6901419162750244,5.422727440418385e-07,0.6295044422149658,0.6388881206512451,-0.016165072098374367,0.6195340156555176,0.5640534162521362,-0.019049208611249924,0.6256261467933655,0.5016109943389893,-0.022535255178809166,0.6263511180877686,0.45175403356552124,-0.023612486198544502,0.6106568574905396,0.5206603407859802,-0.0009695169283077121,0.6054344773292542,0.4451092779636383,-0.012063427828252316,0.6036064624786377,0.3987714648246765,-0.017196469008922577,0.6029164791107178,0.3583959639072418,-0.018824104219675064,0.6383817791938782,0.5262067914009094,-0.0013202205300331116,0.647799551486969,0.4539933502674103,-0.01823340356349945,0.6560839414596558,0.4019552171230316,-0.02766544371843338,0.6654858589172363,0.36192673444747925,-0.030331939458847046,0.6629259586334229,0.544232964515686,-0.004730753134936094,0.6741786003112793,0.5343219637870789,-0.03199848160147667,0.6637446880340576,0.5827988386154175,-0.035203445702791214,0.6561402082443237,0.6212893724441528,-0.027478156611323357,0.6833948493003845,0.5668386220932007,-0.00928253959864378,0.6906388998031616,0.5544180274009705,-0.029443981125950813,0.6796302199363708,0.5908660292625427,-0.028214892372488976,0.6694508194923401,0.6206559538841248,-0.02121424861252308
0.6610315442085266,0.6886662244796753,5.512106326932553e-07,0.6295774579048157,0.6360708475112915,-0.016138942912220955,0.6198575496673584,0.5622320771217346,-0.01927962154150009,0.6261439919471741,0.5003825426101685,-0.023063434287905693,0.6266768574714661,0.4510763883590698,-0.02449919283390045,0.6109080910682678,0.518493115901947,-0.001077291090041399,0.605484664440155,0.44402608275413513,-0.012517229653894901,0.6037135124206543,0.3985055088996887,-0.018100544810295105,0.6031779646873474,0.35872122645378113,-0.020074576139450073,0.6388822793960571,0.5251712799072266,-0.0017136578680947423,0.6483696699142456,0.45230263471603394,-0.01895125024020672,0.6567752361297607,0.4003360867500305,-0.02889675833284855,0.6664080023765564,0.35981816053390503,-0.03194596245884895,0.663588285446167,0.5447506904602051,-0.00533757358789444,0.6751951575279236,0.5344017148017883,-0.032892368733882904,0.6642173528671265,0.5825842618942261,-0.036200761795043945,0.6562640070915222,0.6206660270690918,-0.028539111837744713,0.6836645603179932,0.5689928531646729,-0.010064882226288319,0.6908385753631592,0.555881142616272,-0.030533742159605026,0.6792571544647217,0.5919296741485596,-0.0291111059486866,0.6683982014656067,0.6219052672386169,-0.021907104179263115
0.6613184809684753,0.6885212063789368,5.455888185679214e-07,0.6293982863426208,0.6362622976303101,-0.01639554463326931,0.6196269989013672,0.5626142621040344,-0.019110670313239098,0.6258942484855652,0.49973616003990173,-0.022437000647187233,0.6262309551239014,0.4503740966320038,-0.02338225021958351,0.6103000044822693,0.5196616053581238,0.00024632352869957685,0.605126678943634,0.44472652673721313,-0.010757981799542904,0.6033989191055298,0.3992909789085388,-0.016113605350255966,0.6028082370758057,0.35929739475250244,-0.018032828345894814,0.6380477547645569,0.5256995558738708,2.196383684349712e-05,0.6474779844284058,0.45284780859947205,-0.01689167134463787,0.6563767790794373,0.40132445096969604,-0.026773877441883087,0.6664772629737854,0.36126649379730225,-0.029841555282473564,0.6627726554870605,0.544280469417572,-0.003328983671963215,0.6750486493110657,0.532715916633606,-0.030737191438674927,0.6639029383659363,0.5807368159294128,-0.034358274191617966,0.6557368040084839,0.6189756989479065,-0.026987729594111443,0.6830164194107056,0.5675076842308044,-0.007846810854971409,0.6904531121253967,0.55559903383255,-0.028805827721953392,0.6786286234855652,0.5924021601676941,-0.028178835287690163,0.6675731539726257,0.6226441264152527,-0.021494926884770393
0.6615460515022278,0.6877948045730591,5.540154575101042e-07,0.6295986175537109,0.6362290382385254,-0.01579190418124199,0.6193377375602722,0.562606692314148,-0.018876485526561737,0.6251115798950195,0.5003413558006287,-0.02269562892615795,0.6258901953697205,0.45106589794158936,-0.02418135292828083,0.6110595464706421,0.5185795426368713,-0.00030764692928642035,0.6052054166793823,0.443653404712677,-0.011697364039719105,0.6034663319587708,0.3978393077850342,-0.017208678647875786,0.6031740307807922,0.3579042851924896,-0.01910136081278324,0.6385225057601929,0.5247921347618103,-0.0010014777071774006,0.647941529750824,0.4514025151729584,-0.018491150811314583,0.6563582420349121,0.3996357023715973,-0.028625957667827606,0.6663431525230408,0.3594721257686615,-0.031710658222436905,0.6628143787384033,0.5437158346176147,-0.004665044602006674,0.6746108531951904,0.5333871245384216,-0.032292742282152176,0.6632946133613586,0.5818911194801331,-0.035601601004600525,0.6551887392997742,0.6197161078453064,-0.02789214625954628,0.6828053593635559,0.5670789480209351,-0.009381281211972237,0.6897978186607361,0.5546049475669861,-0.02994667738676071,0.678398609161377,0.5917935967445374,-0.028530217707157135,0.6677311658859253,0.6218485832214355,-0.021260596811771393
0.660552978515625,0.6896899342536926,5.335429023034521e-07,0.6277461647987366,0.6392544507980347,-0.015997353941202164,0.6177074909210205,0.5646700263023376,-0.019293759018182755,0.6238869428634644,0.5014737844467163,-0.023405957967042923,0.6236267685890198,0.45151621103286743,-0.025263922289013863,0.6107544898986816,0.5221667885780334,-0.0017191594233736396,0.604719340801239,0.4464902877807617,-0.013518705032765865,0.6023860573768616,0.40031057596206665,-0.018932737410068512,0.6016227602958679,0.3601243495941162,-0.02073039673268795,0.6379830241203308,0.5274019837379456,-0.002455813577398658,0.6470297574996948,0.45346808433532715,-0.01999916508793831,0.6551948189735413,0.4014267325401306,-0.029284005984663963,0.6651167869567871,0.3611225485801697,-0.03183755651116371,0.662236213684082,0.5451303124427795,-0.006239287555217743,0.6733651161193848,0.5334421396255493,-0.033950064331293106,0.6621971130371094,0.5829100608825684,-0.03635920584201813,0.6546988487243652,0.6221299171447754,-0.028119241818785667,0.6827223300933838,0.5681696534156799,-0.011199136264622211,0.6892178654670715,0.554514467716217,-0.03184138983488083,0.6781094670295715,0.5914892554283142,-0.030174992978572845,0.6681246161460876,0.6220154166221619,-0.022822774946689606
0.6601172089576721,0.690583348274231,5.37661492217012e-07,0.6287057399749756,0.6400887966156006,-0.016307609155774117,0.6185716986656189,0.5648907423019409,-0.01933245360851288,0.6235389113426208,0.5021415948867798,-0.022922366857528687,0.6229352951049805,0.45164480805397034,-0.024123476818203926,0.6099039316177368,0.5227590203285217,-0.0017754269065335393,0.6043834090232849,0.44684669375419617,-0.013093420304358006,0.602570116519928,0.40004169940948486,-0.018087416887283325,0.6023050546646118,0.35976389050483704,-0.019493894651532173,0.6375146508216858,0.5280555486679077,-0.002128445077687502,0.6464939117431641,0.45484960079193115,-0.01917954906821251,0.6545379757881165,0.4024355709552765,-0.028446417301893234,0.6642842292785645,0.3621782660484314,-0.030963050201535225,0.6622362732887268,0.5457092523574829,-0.0054945386946201324,0.6738002300262451,0.5354343056678772,-0.03272990882396698,0.663363516330719,0.5841972827911377,-0.03528543561697006,0.6560331583023071,0.6226004958152771,-0.027141202241182327,0.683147132396698,0.5679664015769958,-0.009992916136980057,0.689899742603302,0.5545164942741394,-0.029954010620713234,0.6791750192642212,0.5916993021965027,-0.027979081496596336,0.6694788932800293,0.621902585029602,-0.02045198157429695
0.6606410145759583,0.6898369789123535,5.354138465918368e-07,0.6278780102729797,0.6398485898971558,-0.015565973706543446,0.6176376938819885,0.5645784735679626,-0.01829897239804268,0.6235313415527344,0.5016447901725769,-0.021738581359386444,0.6239888072013855,0.45145025849342346,-0.022801212966442108,0.6105215549468994,0.5214239954948425,-0.0007618718664161861,0.6046038866043091,0.445750892162323,-0.011466151103377342,0.6026458144187927,0.39929670095443726,-0.016179582104086876,0.6022953987121582,0.35913828015327454,-0.017459401860833168,0.6382181644439697,0.5272868275642395,-0.0013957507908344269,0.6466730833053589,0.4541817009449005,-0.01768193393945694,0.6546514630317688,0.40214431285858154,-0.026629865169525146,0.6643081903457642,0.36223652958869934,-0.029077915474772453,0.6628738045692444,0.5456017851829529,-0.005001003388315439,0.672963559627533,0.5345156192779541,-0.031692225486040115,0.6626353859901428,0.5831531286239624,-0.0342843160033226,0.6556456089019775,0.6218129396438599,-0.0262929555028677,0.6838393211364746,0.5682247281074524,-0.009676520712673664,0.6901706457138062,0.5533185601234436,-0.029197175055742264,0.6791421175003052,0.5898036360740662,-0.0271382424980402,0.6692854166030884,0.6200788617134094,-0.01968231610953808
0.6614142656326294,0.6902558207511902,5.521711159417464e-07,0.6284356117248535,0.6401602625846863,-0.016566770151257515,0.6178551316261292,0.5659253001213074,-0.019542813301086426,0.6239711046218872,0.5029664635658264,-0.02308700419962406,0.6246919631958008,0.4527445137500763,-0.024290047585964203,0.6091815829277039,0.5218744277954102,-0.000524841423612088,0.6041600704193115,0.4459928572177887,-0.0113474540412426,0.6025197505950928,0.3996478319168091,-0.016364242881536484,0.6023563742637634,0.3592854142189026,-0.01793731562793255,0.6370654702186584,0.5275076627731323,-0.0006840291898697615,0.6461005210876465,0.45356690883636475,-0.01747896522283554,0.6544221639633179,0.4011531174182892,-0.026913845911622047,0.6641442179679871,0.36087286472320557,-0.02957746386528015,0.6619424223899841,0.5456950664520264,-0.003950545564293861,0.6725236177444458,0.5325435400009155,-0.03162621706724167,0.6627688407897949,0.5818688273429871,-0.03469515219330788,0.6559104323387146,0.6210759878158569,-0.02673455700278282,0.6828362941741943,0.5682625770568848,-0.008334263227880001,0.6889128684997559,0.5536047220230103,-0.029235562309622765,0.6785602569580078,0.5907906293869019,-0.027912138029932976,0.6692677140235901,0.6212090849876404,-0.020664865151047707
0.6601642370223999,0.690229058265686,5.403138061410573e-07,0.6282496452331543,0.6405850648880005,-0.015473678708076477,0.618047297000885,0.5656954050064087,-0.019057856872677803,0.6235610842704773,0.5028991103172302,-0.02340349182486534,0.6243274211883545,0.4530852437019348,-0.025405893102288246,0.6102983951568604,0.5225324034690857,-0.0028740926645696163,0.6044067740440369,0.4466574490070343,-0.014973043464124203,0.6024559736251831,0.4000072479248047,-0.020622817799448967,0.6027313470840454,0.3598289489746094,-0.022626567631959915,0.6378347277641296,0.5282496213912964,-0.004039807245135307,0.6467239260673523,0.45440006256103516,-0.022311914712190628,0.654285728931427,0.4018822908401489,-0.0323391929268837,0.6640192866325378,0.360585480928421,-0.035513851791620255,0.6623504757881165,0.5463937520980835,-0.00794078130275011,0.6742584705352783,0.5332095623016357,-0.03578765690326691,0.6633283495903015,0.5821334719657898,-0.037890639156103134,0.6557124257087708,0.6207367181777954,-0.02955779619514942,0.6827788352966309,0.5694541931152344,-0.012907125055789948,0.6900076270103455,0.5536689162254333,-0.03338851407170296,0.6787915229797363,0.5901299118995667,-0.031138906255364418,0.6682890057563782,0.6203479766845703,-0.023427385836839676
0.6614533066749573,0.6887157559394836,5.521458774637722e-07,0.628580629825592,0.6389256119728088,-0.016578393056988716,0.6178394556045532,0.5649601817131042,-0.019086619839072227,0.6232941746711731,0.5019779801368713,-0.022194698452949524,0.6233212351799011,0.45158514380455017,-0.022923674434423447,0.6096644401550293,0.5206177830696106,0.0009311120375059545,0.6046507954597473,0.4444683790206909,-0.009140565060079098,0.6030831933021545,0.3983765244483948,-0.01357835903763771,0.6029084324836731,0.35845983028411865,-0.0146285779774189,0.6373559236526489,0.5267499685287476,0.0009937823051586747,0.6467244029045105,0.4530380070209503,-0.014925200492143631,0.6543012261390686,0.40109142661094666,-0.023975441232323647,0.663228452205658,0.36140838265419006,-0.026359006762504578,0.6619982719421387,0.545353889465332,-0.002173819113522768,0.6731399297714233,0.5325267314910889,-0.029481206089258194,0.6631901264190674,0.581449031829834,-0.03303178399801254,0.656272292137146,0.6200814247131348,-0.025352202355861664,0.6825447678565979,0.567843496799469,-0.006389203481376171,0.6896385550498962,0.5517989993095398,-0.026820583269000053,0.679400622844696,0.5887364745140076,-0.025521447882056236,0.6703513860702515,0.6190787553787231,-0.01832243986427784
0.6603280305862427,0.6901112794876099,5.356426981961704e-07,0.6277461051940918,0.6405305862426758,-0.015291839838027954,0.617209792137146,0.5662217140197754,-0.018925294280052185,0.6234872937202454,0.5028055310249329,-0.02369838021695614,0.6238861680030823,0.45255446434020996,-0.026381701231002808,0.6098464131355286,0.5230562090873718,-0.0019383468898013234,0.6046364307403564,0.4471234679222107,-0.014832071028649807,0.6034059524536133,0.40030384063720703,-0.021159958094358444,0.6039019227027893,0.3598517179489136,-0.023407723754644394,0.6374610662460327,0.5291716456413269,-0.0035182626452296972,0.6457263827323914,0.45473483204841614,-0.022035736590623856,0.6536152362823486,0.402384489774704,-0.03195297345519066,0.6632395386695862,0.36161136627197266,-0.03477407991886139,0.6626536846160889,0.5470918416976929,-0.007994409650564194,0.6715850234031677,0.5334237217903137,-0.036033932119607925,0.6606642007827759,0.5824437141418457,-0.03785747289657593,0.6534271240234375,0.6212141513824463,-0.029110798612236977,0.6838198900222778,0.5700801610946655,-0.013606702908873558,0.6881707906723022,0.5542422533035278,-0.0336882509291172,0.6767491698265076,0.591022253036499,-0.030814070254564285,0.6669903993606567,0.6212797164916992,-0.022552793845534325
0.6582631468772888,0.6860926151275635,5.456564622363658e-07,0.6263397932052612,0.6358721256256104,-0.015493599697947502,0.6159855127334595,0.5633835196495056,-0.018271248787641525,0.6218209862709045,0.5014775991439819,-0.021787364035844803,0.6218818426132202,0.45206788182258606,-0.023036068305373192,0.607937216758728,0.5186338424682617,0.00013957706687506288,0.6031144857406616,0.44383108615875244,-0.01083682756870985,0.6026247143745422,0.3982378840446472,-0.015904294326901436,0.6032878160476685,0.3588133454322815,-0.017209583893418312,0.6357741951942444,0.525081217288971,-0.0006343132117763162,0.6439841389656067,0.4513988494873047,-0.01691483147442341,0.6518054008483887,0.4001351594924927,-0.026185445487499237,0.6609487533569336,0.36076411604881287,-0.028614362701773643,0.6609105467796326,0.5440226197242737,-0.0043634879402816296,0.6710681319236755,0.5332004427909851,-0.031155375763773918,0.6604265570640564,0.5817379355430603,-0.034053701907396317,0.6528430581092834,0.6191884875297546,-0.02605629898607731,0.6818711757659912,0.5673218965530396,-0.009099532850086689,0.6877121925354004,0.5532814264297485,-0.028698010370135307,0.6769357919692993,0.5901325941085815,-0.026507023721933365,0.6674712300300598,0.6197179555892944,-0.018734214827418327
0.6601428985595703,0.6876331567764282,5.371320526137424e-07,0.6262181401252747,0.6395867466926575,-0.01671120710670948,0.6149799227714539,0.565096914768219,-0.019693825393915176,0.6206923723220825,0.5009358525276184,-0.023299314081668854,0.6211332678794861,0.45054081082344055,-0.02469210885465145,0.6088352203369141,0.5209367871284485,-0.000555423554033041,0.603672981262207,0.44569987058639526,-0.011862728744745255,0.6024994254112244,0.39977437257766724,-0.01728697493672371,0.6028099060058594,0.3598534166812897,-0.019059564918279648,0.6362805366516113,0.5264600515365601,-0.0007900997879914939,0.6440150141716003,0.45215702056884766,-0.017650412395596504,0.6512330770492554,0.4003255069255829,-0.027168406173586845,0.6603690981864929,0.3605552613735199,-0.02992560900747776,0.6610854864120483,0.544739842414856,-0.0041657425463199615,0.6706079840660095,0.5312317609786987,-0.03164556249976158,0.6592671275138855,0.579555094242096,-0.03471294417977333,0.6516513824462891,0.617542028427124,-0.026917723938822746,0.6819450855255127,0.5679576396942139,-0.008672814816236496,0.6866269111633301,0.5527608394622803,-0.02946363389492035,0.6755491495132446,0.5899130702018738,-0.027993543073534966,0.665941059589386,0.6199706792831421,-0.020693626254796982
