0,1,2,3,4,5,6,7,8,9,10,11,12,13,14,15,16,17,18,19,20,21,22,23,24,25,26,27,28,29,30,31,32,33,34,35,36,37,38,39,40,41,42,43,44,45,46,47,48,49,50,51,52,53,54,55,56,57,58,59,60,61,62
0.6596826314926147,0.6864616274833679,5.421929927251767e-07,0.6273698210716248,0.6364608407020569,-0.015051166526973248,0.6160627007484436,0.5633913278579712,-0.018008101731538773,0.6215252876281738,0.5016149282455444,-0.02187635377049446,0.6218892931938171,0.45202839374542236,-0.023495951667428017,0.6087689995765686,0.5186908841133118,-6.935053534107283e-05,0.6037478446960449,0.44450101256370544,-0.011628123931586742,0.6032491326332092,0.3987460732460022,-0.017271019518375397,0.604536235332489,0.3593066334724426,-0.019026361405849457,0.6363126635551453,0.5245999693870544,-0.001133090816438198,0.6441512107849121,0.45185336470603943,-0.01802145130932331,0.6512405872344971,0.4002624750137329,-0.027755355462431908,0.6603016257286072,0.36003363132476807,-0.030586648732423782,0.6612547636032104,0.5432231426239014,-0.005094564985483885,0.6706144213676453,0.5329186320304871,-0.03179077431559563,0.6593132019042969,0.581070601940155,-0.034417591989040375,0.6518350839614868,0.6182505488395691,-0.026421422138810158,0.6819572448730469,0.5667774677276611,-0.010093238204717636,0.6873136758804321,0.5530469417572021,-0.0293128564953804,0.6762638092041016,0.5887669920921326,-0.02691429853439331,0.6668297052383423,0.6173854470252991,-0.01913539506494999
0.6596158146858215,0.6863687634468079,5.510443656930875e-07,0.6273068189620972,0.6365361213684082,-0.016829868778586388,0.6161320209503174,0.564295768737793,-0.020182223990559578,0.6212253570556641,0.5011710524559021,-0.024034623056650162,0.620971143245697,0.4508262276649475,-0.025573434308171272,0.6073601245880127,0.5212737917900085,-0.0008091509225778282,0.6032045483589172,0.4457048177719116,-0.01228413637727499,0.6027655601501465,0.39953500032424927,-0.017731253057718277,0.6037889122962952,0.35962578654289246,-0.019356492906808853,0.634983241558075,0.52635657787323,-0.000861204753164202,0.643274188041687,0.451824426651001,-0.01762600801885128,0.6511882543563843,0.39974141120910645,-0.0270007885992527,0.6605208516120911,0.3596377372741699,-0.029609382152557373,0.660033106803894,0.5440451502799988,-0.004080807790160179,0.6711552143096924,0.5313259363174438,-0.03163451701402664,0.6610067486763,0.5795936584472656,-0.034889135509729385,0.6535302996635437,0.6180049180984497,-0.02711455710232258,0.6809322237968445,0.5667167901992798,-0.008407456800341606,0.6874103546142578,0.5522807240486145,-0.029118716716766357,0.6767141819000244,0.5885501503944397,-0.02773975394666195,0.6665160059928894,0.6186652183532715,-0.020472783595323563
0.660000741481781,0.6859893798828125,5.469640314004209e-07,0.6267723441123962,0.6381518244743347,-0.014902041293680668,0.6152178645133972,0.5637528300285339,-0.018070930615067482,0.6205591559410095,0.5009946227073669,-0.022124990820884705,0.6210814118385315,0.4513089060783386,-0.023998266085982323,0.6082751750946045,0.5194466710090637,-0.0021512117236852646,0.6031742691993713,0.4438880383968353,-0.014164385385811329,0.6029364466667175,0.3971906900405884,-0.01988772489130497,0.6045933365821838,0.35724112391471863,-0.021656816825270653,0.6354763507843018,0.525182843208313,-0.003466665279120207,0.6437048316001892,0.45187652111053467,-0.020907599478960037,0.650853157043457,0.3997264504432678,-0.03055625781416893,0.6599382162094116,0.3592755198478699,-0.03334333002567291,0.6599369645118713,0.5433681607246399,-0.0075010801665484905,0.670756995677948,0.531919538974762,-0.03440104052424431,0.6598248481750488,0.5803972482681274,-0.03657746687531471,0.6521195769309998,0.6180496215820312,-0.028353704139590263,0.6804447174072266,0.5666928291320801,-0.012571918778121471,0.6877012848854065,0.5518175959587097,-0.03215659409761429,0.6767552495002747,0.5880545377731323,-0.02966655045747757,0.6663560271263123,0.6176185607910156,-0.021808404475450516
0.655930757522583,0.6856962442398071,5.411799293142394e-07,0.6244300603866577,0.6350235342979431,-0.01468116044998169,0.6136857271194458,0.5614495873451233,-0.018000595271587372,0.6180458664894104,0.49902352690696716,-0.022486155852675438,0.6176577210426331,0.44971179962158203,-0.02496926672756672,0.6075058579444885,0.5190484523773193,-0.0017042601248249412,0.603202223777771,0.4431273341178894,-0.014503003098070621,0.6029973030090332,0.3964492678642273,-0.020667988806962967,0.6042754054069519,0.3565734326839447,-0.022495033219456673,0.6345255970954895,0.525330662727356,-0.0034323381260037422,0.6423805952072144,0.45022380352020264,-0.021373411640524864,0.6490748524665833,0.398446649312973,-0.0310822706669569,0.6575022339820862,0.3584405779838562,-0.033723946660757065,0.6593955755233765,0.5435398817062378,-0.007966718636453152,0.669355034828186,0.5316128134727478,-0.03570566698908806,0.6585051417350769,0.5796689987182617,-0.03812076523900032,0.6512089967727661,0.6175565719604492,-0.029732344672083855,0.6804298758506775,0.5667513608932495,-0.01345090102404356,0.6859856247901917,0.5510088205337524,-0.032939810305833817,0.6753846406936646,0.5875265598297119,-0.02989279478788376,0.6663587689399719,0.6176595091819763,-0.021554702892899513
0.659725546836853,0.6857353448867798,5.439291612674424e-07,0.6264786720275879,0.6358619928359985,-0.016120828688144684,0.6147379875183105,0.5616338849067688,-0.01813735067844391,0.6189916729927063,0.4987858235836029,-0.020825877785682678,0.6193954348564148,0.4491075575351715,-0.02119849994778633,0.6074257493019104,0.5183440446853638,0.0016655308427289128,0.6024478077888489,0.4430733621120453,-0.008552891202270985,0.6014144420623779,0.396858811378479,-0.013157148845493793,0.6018294095993042,0.35694360733032227,-0.014111095108091831,0.6344006657600403,0.5237521529197693,0.001718107727356255,0.6421558260917664,0.4494621753692627,-0.014229373075067997,0.6488815546035767,0.39672064781188965,-0.02344350703060627,0.6574632525444031,0.35626834630966187,-0.025778822600841522,0.6590594053268433,0.5413517951965332,-0.0014233741676434875,0.6692814230918884,0.5300862789154053,-0.028382057324051857,0.6585533022880554,0.5781165361404419,-0.03216946870088577,0.6512556076049805,0.6157212257385254,-0.02460072934627533,0.6801594495773315,0.5631401538848877,-0.005589254666119814,0.6863345503807068,0.5479486584663391,-0.02539675682783127,0.6757596135139465,0.5847758650779724,-0.02393636293709278,0.6663734912872314,0.6143438220024109,-0.01665778085589409
0.6570098400115967,0.6869112849235535,5.354093559617468e-07,0.6255417466163635,0.6359952688217163,-0.01475096307694912,0.6144695281982422,0.5618430376052856,-0.018295951187610626,0.6181639432907104,0.49914005398750305,-0.023010624572634697,0.6174084544181824,0.4495208263397217,-0.02568461373448372,0.6083143949508667,0.5201635956764221,-0.00237110978923738,0.603577733039856,0.44383716583251953,-0.015578803606331348,0.6030648946762085,0.3965952694416046,-0.022002646699547768,0.60442054271698,0.3564211130142212,-0.024069879204034805,0.6346781253814697,0.526177704334259,-0.004128958564251661,0.6424084901809692,0.4507119059562683,-0.022603463381528854,0.6485365629196167,0.39824265241622925,-0.0324365608394146,0.6569036245346069,0.357502281665802,-0.03522183746099472,0.6589661240577698,0.5440687537193298,-0.00872136652469635,0.6698362231254578,0.5305683612823486,-0.036837074905633926,0.659142017364502,0.5785008072853088,-0.039139777421951294,0.6520794034004211,0.6168380975723267,-0.030690578743815422,0.6796675324440002,0.5672513246536255,-0.014307454228401184,0.6865087747573853,0.5502424836158752,-0.034282900393009186,0.6761482954025269,0.585665762424469,-0.03160561993718147,0.6669597625732422,0.615569531917572,-0.023546304553747177
0.6574159860610962,0.6840938925743103,5.469723305395746e-07,0.6257032752037048,0.6322780251502991,-0.01531477551907301,0.6151856780052185,0.558846652507782,-0.017227977514266968,0.6196631789207458,0.49715477228164673,-0.01991601288318634,0.6187736988067627,0.44856029748916626,-0.02026383951306343,0.6058411002159119,0.5157320499420166,0.0016813069814816117,0.6018346548080444,0.4412556290626526,-0.008628643117845058,0.6011742353439331,0.39588993787765503,-0.013257813639938831,0.6016751527786255,0.3562966585159302,-0.014271533116698265,0.6330971121788025,0.5210893750190735,0.0011809604475274682,0.6411702036857605,0.4475550055503845,-0.014628903940320015,0.648068904876709,0.3952420651912689,-0.02375304140150547,0.656726062297821,0.3545601963996887,-0.02614804543554783,0.657994270324707,0.539313018321991,-0.002400684403255582,0.6693981885910034,0.5278554558753967,-0.02937457710504532,0.6595783233642578,0.5767858028411865,-0.0328165739774704,0.6530463099479675,0.6155681014060974,-0.02501135878264904,0.6789429187774658,0.5624379515647888,-0.0069648101925849915,0.686385452747345,0.5473900437355042,-0.027043849229812622,0.6764270067214966,0.5842519402503967,-0.025572260841727257,0.6677162647247314,0.6144512295722961,-0.018212907016277313
0.6581692695617676,0.6853249669075012,5.313391397976375e-07,0.6270328760147095,0.6329661011695862,-0.014831754378974438,0.6160564422607422,0.5597062110900879,-0.017392579466104507,0.6199334263801575,0.49766066670417786,-0.021075448021292686,0.6195354461669922,0.44877079129219055,-0.022573044523596764,0.6074243187904358,0.5174621343612671,0.0015379247488453984,0.6027358770370483,0.44366389513015747,-0.010220665484666824,0.6020044684410095,0.39793938398361206,-0.016213905066251755,0.6029056310653687,0.358289897441864,-0.018254252150654793,0.6341938972473145,0.5230947732925415,0.0003111324622295797,0.6412138342857361,0.449312686920166,-0.017068833112716675,0.6478166580200195,0.39721763134002686,-0.027088429778814316,0.6565009355545044,0.35671570897102356,-0.03010392002761364,0.6589624881744385,0.5413765907287598,-0.003991745878010988,0.6690040826797485,0.5276924967765808,-0.031988475471735,0.6584588289260864,0.5760148167610168,-0.035217493772506714,0.6513887643814087,0.6148605942726135,-0.027283504605293274,0.6798681020736694,0.56508868932724,-0.009262427687644958,0.6862081289291382,0.5481393337249756,-0.02990623749792576,0.6756327748298645,0.5843228101730347,-0.028132379055023193,0.6663292646408081,0.6148160696029663,-0.020561987534165382
0.6580079793930054,0.6847221255302429,5.443698114504514e-07,0.6263371706008911,0.6341111660003662,-0.015296882949769497,0.6154670715332031,0.5599574446678162,-0.017679976299405098,0.6195928454399109,0.49790796637535095,-0.020934447646141052,0.6183886528015137,0.4487190544605255,-0.021967966109514236,0.6070202589035034,0.5169389247894287,0.0007275365642271936,0.6027476191520691,0.44284528493881226,-0.010568453930318356,0.6021357178688049,0.3972492218017578,-0.015893902629613876,0.603066623210907,0.35776013135910034,-0.017348308116197586,0.6340199112892151,0.5227206349372864,-0.00017144257435575128,0.6416064500808716,0.4487481713294983,-0.017018890008330345,0.6481826901435852,0.39660394191741943,-0.02651359885931015,0.6566417813301086,0.35607486963272095,-0.029040344059467316,0.6587510704994202,0.5411493182182312,-0.004101821221411228,0.6692657470703125,0.5283851027488708,-0.031657081097364426,0.6592169404029846,0.5774036049842834,-0.03460168093442917,0.6524354815483093,0.6159054040908813,-0.02645798772573471,0.6795921325683594,0.5644850730895996,-0.00900940876454115,0.6862869262695312,0.5480724573135376,-0.02904326468706131,0.6761475801467896,0.5851380825042725,-0.026855021715164185,0.6673564910888672,0.6151530742645264,-0.019038960337638855
0.6589227914810181,0.6857420206069946,5.426266511676658e-07,0.6264380812644958,0.635408341884613,-0.015469941310584545,0.6155134439468384,0.5609258413314819,-0.017771385610103607,0.6201702356338501,0.4977377653121948,-0.02097807265818119,0.6189356446266174,0.44789355993270874,-0.02193797379732132,0.6074002981185913,0.5187466144561768,0.0009614575537852943,0.6028627157211304,0.44399896264076233,-0.010260514914989471,0.6022213697433472,0.3977331519126892,-0.015590406954288483,0.603374719619751,0.35768944025039673,-0.017061812803149223,0.6343276500701904,0.5241671204566956,0.0001994510239455849,0.6415128111839294,0.4499399662017822,-0.016352687031030655,0.6479573845863342,0.3972116708755493,-0.025695960968732834,0.656575620174408,0.3564732074737549,-0.028273625299334526,0.6589387655258179,0.542281448841095,-0.0037077588494867086,0.6694334745407104,0.5288875102996826,-0.031219474971294403,0.6590262055397034,0.5772265791893005,-0.03444258123636246,0.6522389054298401,0.6162588000297546,-0.02654104121029377,0.6796947717666626,0.5653831362724304,-0.008638322353363037,0.6869064569473267,0.5480980277061462,-0.028858499601483345,0.6762781143188477,0.5842092633247375,-0.027118252590298653,0.667009174823761,0.6147758364677429,-0.01965390145778656
0.6588853597640991,0.6896658539772034,5.323780669641565e-07,0.6270745992660522,0.6402091383934021,-0.015237285755574703,0.6161129474639893,0.5637114644050598,-0.018470389768481255,0.6198393106460571,0.5000305771827698,-0.022802412509918213,0.6189633011817932,0.44979920983314514,-0.025008149445056915,0.608921468257904,0.522309422492981,-0.002389694331213832,0.6043822169303894,0.4464240074157715,-0.015153029933571815,0.60337895154953,0.3991996645927429,-0.02115999162197113,0.6044249534606934,0.35865333676338196,-0.02309167943894863,0.6350929141044617,0.5274133682250977,-0.003913087770342827,0.642028272151947,0.453159362077713,-0.022674042731523514,0.6482037901878357,0.39977189898490906,-0.03272765874862671,0.6569280624389648,0.35798728466033936,-0.035678356885910034,0.6590094566345215,0.5446951985359192,-0.008301487192511559,0.6693606376647949,0.5303550362586975,-0.03711972385644913,0.659236490726471,0.5800959467887878,-0.03933217376470566,0.6527588963508606,0.6201928853988647,-0.03064127266407013,0.6793838739395142,0.5671723484992981,-0.013720950111746788,0.6868767142295837,0.5485457181930542,-0.03446388617157936,0.6765540838241577,0.5856475234031677,-0.03198307752609253,0.6672716736793518,0.6174048781394958,-0.02395239658653736
0.6576927900314331,0.6866171360015869,5.488897159011685e-07,0.6272362470626831,0.6356560587882996,-0.015665587037801743,0.6167358756065369,0.5619224905967712,-0.018399512395262718,0.6202952265739441,0.49959051609039307,-0.02182772010564804,0.6190552115440369,0.44972264766693115,-0.022905780002474785,0.607815682888031,0.5198118686676025,-0.000780655478592962,0.6031386852264404,0.44374963641166687,-0.012411261908710003,0.602720320224762,0.3970301151275635,-0.01749679259955883,0.603792667388916,0.3568684458732605,-0.018674716353416443,0.6342798471450806,0.5244316458702087,-0.0014973998768255115,0.6417645215988159,0.4500548541545868,-0.018879123032093048,0.6483932137489319,0.39742785692214966,-0.028549347072839737,0.6570033431053162,0.3566807508468628,-0.03119412437081337,0.658564031124115,0.5417541265487671,-0.005179131403565407,0.6714167594909668,0.5296149849891663,-0.03319583088159561,0.6621260643005371,0.5784056782722473,-0.036487165838479996,0.6555454134941101,0.6169556379318237,-0.028497399762272835,0.679021954536438,0.5639017820358276,-0.009836649522185326,0.688014030456543,0.5500038862228394,-0.03046635165810585,0.6783801317214966,0.5870419144630432,-0.029115216806530952,0.6691691875457764,0.617330014705658,-0.021824529394507408
0.6596719026565552,0.6908049583435059,5.250429353509389e-07,0.6277646422386169,0.6400887966156006,-0.014765658415853977,0.6162288784980774,0.5654396414756775,-0.01804761029779911,0.6198217868804932,0.5023484230041504,-0.022608263418078423,0.6207210421562195,0.4528828263282776,-0.02502778358757496,0.6091852784156799,0.523554801940918,-0.0019421341130509973,0.604361891746521,0.44748932123184204,-0.014718446880578995,0.6030951142311096,0.40018847584724426,-0.020874900743365288,0.603687584400177,0.3594718873500824,-0.022948017343878746,0.635566771030426,0.5284960269927979,-0.003581664292141795,0.6426004767417908,0.45478272438049316,-0.021757734939455986,0.6494303941726685,0.4013215899467468,-0.031402453780174255,0.6584544777870178,0.35998350381851196,-0.0341963954269886,0.6598089933395386,0.5454843640327454,-0.008128536865115166,0.67022305727005,0.5319799184799194,-0.036035798490047455,0.6599453091621399,0.5801880359649658,-0.038230713456869125,0.6529556512832642,0.6202383637428284,-0.029757844284176826,0.6804330348968506,0.5683163404464722,-0.013772813603281975,0.6878027319908142,0.5511639714241028,-0.033701423555612564,0.6767926812171936,0.586332380771637,-0.03133638948202133,0.6665245890617371,0.617239773273468,-0.023569898679852486
0.6580187082290649,0.6896295547485352,5.273803367344954e-07,0.6275215744972229,0.6393501162528992,-0.015187688171863556,0.6173125505447388,0.5649901628494263,-0.018078690394759178,0.6214108467102051,0.5032113194465637,-0.021752407774329185,0.6207340955734253,0.45414137840270996,-0.023118572309613228,0.6092150211334229,0.522005021572113,-0.0026731141842901707,0.6043697595596313,0.4457455575466156,-0.01489630900323391,0.6036050319671631,0.39857056736946106,-0.020197859033942223,0.604428231716156,0.35846948623657227,-0.021411964669823647,0.6358694434165955,0.5266097784042358,-0.0036176624707877636,0.6425684690475464,0.45447880029678345,-0.02115291729569435,0.6494960784912109,0.4018988013267517,-0.030445342883467674,0.6584340929985046,0.3618532419204712,-0.032800085842609406,0.6600637435913086,0.5431248545646667,-0.007417419925332069,0.6725090742111206,0.53559410572052,-0.03485793247818947,0.663612961769104,0.583661675453186,-0.03772876784205437,0.6568679809570312,0.622588574886322,-0.029626300558447838,0.6807092428207397,0.5648216605186462,-0.012266415171325207,0.6891515254974365,0.5540120601654053,-0.03191682696342468,0.6795134544372559,0.5902922749519348,-0.03008856065571308,0.6698994040489197,0.6207732558250427,-0.022616831585764885
0.6621153354644775,0.6925981044769287,5.074193154541717e-07,0.6310068964958191,0.6419844627380371,-0.014726358465850353,0.619846761226654,0.5659261345863342,-0.016923945397138596,0.6238869428634644,0.5044276118278503,-0.01997333951294422,0.6232900619506836,0.45523491501808167,-0.020795872434973717,0.6112233400344849,0.5242124199867249,-0.0011758747277781367,0.6057838201522827,0.44871315360069275,-0.012991802766919136,0.6051558256149292,0.40240171551704407,-0.01823297329246998,0.6055982112884521,0.36293166875839233,-0.019636699929833412,0.6380167007446289,0.5292882323265076,-0.0022665453143417835,0.6459276080131531,0.4582523703575134,-0.019519703462719917,0.6535670161247253,0.40678030252456665,-0.0288325697183609,0.662381649017334,0.3668949604034424,-0.03117043897509575,0.6623147130012512,0.5461101531982422,-0.006211569998413324,0.6744735240936279,0.5393264293670654,-0.03246627002954483,0.6641717553138733,0.586458146572113,-0.03476683795452118,0.6561816334724426,0.6231498122215271,-0.026667699217796326,0.6828023791313171,0.5686165690422058,-0.011304523795843124,0.6886904835700989,0.5608152151107788,-0.030145838856697083,0.6792592406272888,0.5984627604484558,-0.02798544429242611,0.6705838441848755,0.6275784373283386,-0.020426765084266663
0.6621997356414795,0.6951671838760376,5.139841050549876e-07,0.6316816210746765,0.6439964771270752,-0.014629469253122807,0.620526134967804,0.5691493153572083,-0.017514312639832497,0.6240447163581848,0.5082582831382751,-0.021443882957100868,0.6229400038719177,0.45937180519104004,-0.023042811080813408,0.6123057007789612,0.5261943340301514,-0.0019209723686799407,0.6064039468765259,0.45078301429748535,-0.014823226258158684,0.6060538291931152,0.40466541051864624,-0.020712660625576973,0.6067646145820618,0.36554908752441406,-0.022426757961511612,0.6392431855201721,0.5310059189796448,-0.003456804668530822,0.6473060846328735,0.4602760374546051,-0.021853143349289894,0.6547474265098572,0.4085284471511841,-0.031725507229566574,0.6631574034690857,0.36848148703575134,-0.034224800765514374,0.6636029481887817,0.5474708676338196,-0.00783515814691782,0.6761887073516846,0.5423105359077454,-0.034749437123537064,0.6659311652183533,0.5902535915374756,-0.0369880311191082,0.6574220657348633,0.6276928186416626,-0.028625519946217537,0.6841080784797668,0.56996750831604,-0.013397970236837864,0.6910980939865112,0.564350426197052,-0.0321311391890049,0.6809158325195312,0.601547122001648,-0.029788993299007416,0.6709522008895874,0.6307588815689087,-0.022026363760232925
0.6644378304481506,0.696334958076477,5.098436304251663e-07,0.6337494254112244,0.6465505361557007,-0.01507770549505949,0.6223078370094299,0.5725583434104919,-0.017882242798805237,0.6253954172134399,0.5112882852554321,-0.021462420001626015,0.6233611702919006,0.46308958530426025,-0.022689491510391235,0.6132557988166809,0.5305073857307434,-0.002933765994384885,0.6077173352241516,0.4553062319755554,-0.01595286652445793,0.6065992712974548,0.4096262454986572,-0.021577484905719757,0.6067151427268982,0.3708254098892212,-0.023012666031718254,0.639873206615448,0.533996045589447,-0.0040042819455266,0.6473040580749512,0.4617902338504791,-0.02251443639397621,0.6549841165542603,0.40988123416900635,-0.03208306059241295,0.6638311743736267,0.36994755268096924,-0.03428613394498825,0.6641380190849304,0.5491138696670532,-0.007895957678556442,0.6770864725112915,0.5447336435317993,-0.035225607454776764,0.6678343415260315,0.5922471284866333,-0.0376352034509182,0.6599855422973633,0.6295526623725891,-0.029260633513331413,0.6845129132270813,0.5707964897155762,-0.01295939926058054,0.6915872097015381,0.5668296813964844,-0.03219299018383026,0.6826274991035461,0.604130744934082,-0.030196426436305046,0.6734830737113953,0.6332582235336304,-0.022590773180127144
0.666523814201355,0.6977876424789429,5.199834163249761e-07,0.637290358543396,0.6480320692062378,-0.014467972330749035,0.6257964968681335,0.574212908744812,-0.01761452667415142,0.6292695999145508,0.5143650770187378,-0.02162385918200016,0.6293802261352539,0.4670361280441284,-0.023353151977062225,0.6146016716957092,0.5333946347236633,-0.004744468256831169,0.6092358231544495,0.4574344754219055,-0.0182406697422266,0.6088238954544067,0.4110317826271057,-0.024301042780280113,0.6099624037742615,0.37131446599960327,-0.026124820113182068,0.6414873600006104,0.536723792552948,-0.006156765390187502,0.6500909328460693,0.4664440155029297,-0.02533940225839615,0.6580129265785217,0.41395413875579834,-0.035565052181482315,0.667127788066864,0.3726165294647217,-0.0384247824549675,0.6661596298217773,0.5511316657066345,-0.010079705156385899,0.6816685199737549,0.5477100610733032,-0.03755052760243416,0.672008752822876,0.5954553484916687,-0.04024388641119003,0.6633460521697998,0.63331139087677,-0.032291021198034286,0.6869040727615356,0.5720638036727905,-0.015100845135748386,0.6956589221954346,0.5703392028808594,-0.03468640148639679,0.6858564019203186,0.6072521209716797,-0.03304578736424446,0.6751073598861694,0.6367770433425903,-0.025727298110723495
0.6684408187866211,0.7013769149780273,5.368160600482952e-07,0.6365512013435364,0.6518247723579407,-0.01526701357215643,0.6249511241912842,0.5774767994880676,-0.01871301792562008,0.6291656494140625,0.515602707862854,-0.0229153074324131,0.629693865776062,0.4663010835647583,-0.024861019104719162,0.615944504737854,0.5347309112548828,-0.0030094727408140898,0.6105993986129761,0.4588862657546997,-0.015625091269612312,0.6102208495140076,0.4121962785720825,-0.02165890857577324,0.611509382724762,0.3720743656158447,-0.023587219417095184,0.6430860757827759,0.5396886467933655,-0.004028744995594025,0.6513403654098511,0.46813759207725525,-0.022190675139427185,0.6584064364433289,0.4159954786300659,-0.03205596283078194,0.6670351624488831,0.3753929138183594,-0.034843750298023224,0.6677218079566956,0.5563466548919678,-0.007796479854732752,0.6809573173522949,0.5469875335693359,-0.035274848341941833,0.6705695986747742,0.595658004283905,-0.03779975324869156,0.6625188589096069,0.6349252462387085,-0.029619621112942696,0.6884703636169434,0.5787322521209717,-0.012656154111027718,0.6968543529510498,0.5680550336837769,-0.032817624509334564,0.6865572333335876,0.605571448802948,-0.030946573242545128,0.6763803958892822,0.6368473768234253,-0.02329965867102146
0.6678733825683594,0.7024612426757812,5.312804773893731e-07,0.6365823745727539,0.6522637605667114,-0.016474926844239235,0.6252278089523315,0.5776808857917786,-0.020325418561697006,0.6292271018028259,0.5159534811973572,-0.02459542080760002,0.6299675703048706,0.46622052788734436,-0.026648443192243576,0.6168935894966125,0.535347044467926,-0.004397362470626831,0.6110267639160156,0.4596148729324341,-0.016878675669431686,0.6099861264228821,0.41304856538772583,-0.022544339299201965,0.610590398311615,0.3730003237724304,-0.02407563291490078,0.6440544128417969,0.5409183502197266,-0.004693002440035343,0.6518893241882324,0.46772870421409607,-0.021895593032240868,0.6587764620780945,0.41618770360946655,-0.03073565475642681,0.6672982573509216,0.3759637773036957,-0.032868172973394394,0.6686462163925171,0.5579038858413696,-0.00788854993879795,0.6803581714630127,0.5484504103660583,-0.03498588502407074,0.6704694032669067,0.5965936183929443,-0.037506259977817535,0.6632471680641174,0.6352404952049255,-0.029321668669581413,0.6893667578697205,0.580197811126709,-0.012218151241540909,0.6961371302604675,0.5678623914718628,-0.031757503747940063,0.6862841844558716,0.6045133471488953,-0.029588967561721802,0.6770936846733093,0.6352244019508362,-0.021885894238948822
0.6684784889221191,0.7024147510528564,5.454926963466278e-07,0.6358006596565247,0.6533939242362976,-0.016741102561354637,0.624312698841095,0.5785970687866211,-0.01947428286075592,0.6287000179290771,0.5157644748687744,-0.022612135857343674,0.628663182258606,0.4657614231109619,-0.02342705801129341,0.6156888604164124,0.5344964861869812,-0.0009481495944783092,0.6101168394088745,0.45851999521255493,-0.011731105856597424,0.6093802452087402,0.41268742084503174,-0.01658378168940544,0.6102815866470337,0.372819185256958,-0.017608286812901497,0.6428636312484741,0.5399129986763,-0.000540304696187377,0.6512030363082886,0.4668900668621063,-0.016418760642409325,0.6584445238113403,0.4153713285923004,-0.025058316066861153,0.6671736240386963,0.37574267387390137,-0.027121806517243385,0.6672039031982422,0.5573489665985107,-0.0032994181383401155,0.6790307760238647,0.5475326180458069,-0.029985520988702774,0.6693241000175476,0.5956416130065918,-0.03349935635924339,0.6622917652130127,0.6342891454696655,-0.025931527838110924,0.6876789331436157,0.5794690847396851,-0.007185314781963825,0.6963945031166077,0.5656416416168213,-0.02686876244843006,0.6863995790481567,0.6021690368652344,-0.025561945512890816,0.6766863465309143,0.6329413056373596,-0.018449515104293823
0.667843759059906,0.7061134576797485,5.188888962948113e-07,0.6337849497795105,0.6572479605674744,-0.014622232876718044,0.6216649413108826,0.5810086131095886,-0.017639322206377983,0.6260011196136475,0.51650071144104,-0.02181585319340229,0.6270248293876648,0.4672052264213562,-0.023982519283890724,0.6162850260734558,0.5377967953681946,-0.001953322207555175,0.610213577747345,0.4618624746799469,-0.014474879018962383,0.6090287566184998,0.4157412648200989,-0.020274631679058075,0.6094960570335388,0.37583595514297485,-0.022049259394407272,0.6432943344116211,0.5424632430076599,-0.0036121231969445944,0.6506944298744202,0.4675203561782837,-0.021214036270976067,0.6571756601333618,0.4161432981491089,-0.030412839725613594,0.66541588306427,0.3766986131668091,-0.03277990594506264,0.6678426861763,0.5594960451126099,-0.008106719702482224,0.6780546307563782,0.5460588932037354,-0.03559543564915657,0.6677083969116211,0.5943245887756348,-0.037925753742456436,0.6609771251678467,0.6339524388313293,-0.029563358053565025,0.6884380578994751,0.582646369934082,-0.013652921654284,0.6946818828582764,0.5672776699066162,-0.0335703119635582,0.6844650506973267,0.604088306427002,-0.031328968703746796,0.6757489442825317,0.6357188820838928,-0.02352338470518589
0.6652838587760925,0.7062357664108276,5.014789508095419e-07,0.6315468549728394,0.6580563187599182,-0.013075568713247776,0.6194568872451782,0.582699716091156,-0.01622868701815605,0.6234079003334045,0.5202038288116455,-0.020847393199801445,0.6236326694488525,0.4728619158267975,-0.0235779769718647,0.6149237155914307,0.5387696027755737,-0.00461630430072546,0.6087621450424194,0.4618595242500305,-0.018206974491477013,0.6076513528823853,0.4152989983558655,-0.024041416123509407,0.6082171201705933,0.37579554319381714,-0.02555072493851185,0.6420901417732239,0.5423128604888916,-0.007215574849396944,0.6490824818611145,0.4687633514404297,-0.026175031438469887,0.6548922657966614,0.4171091914176941,-0.03580041229724884,0.66270512342453,0.3768743574619293,-0.03819556534290314,0.6666682958602905,0.5579365491867065,-0.012189717032015324,0.6759190559387207,0.5472384691238403,-0.03944863751530647,0.6654273867607117,0.5953919291496277,-0.041073791682720184,0.6589647531509399,0.6332905888557434,-0.03229598328471184,0.6872486472129822,0.5803691744804382,-0.0181049145758152,0.6917981505393982,0.5691988468170166,-0.036721546202898026,0.6814653873443604,0.6055516004562378,-0.0336967371404171,0.6732017993927002,0.63520747423172,-0.025474291294813156
0.6643896698951721,0.7016604542732239,5.020545472689264e-07,0.6315773129463196,0.6515865325927734,-0.012572972103953362,0.6193374395370483,0.5792005062103271,-0.01450364850461483,0.6223946213722229,0.5186086893081665,-0.017780102789402008,0.623611569404602,0.47207188606262207,-0.018897445872426033,0.6136400103569031,0.5367416143417358,-0.00030570229864679277,0.6070161461830139,0.4604475200176239,-0.01114660408347845,0.6052701473236084,0.4155728220939636,-0.01533416472375393,0.604558527469635,0.3769000768661499,-0.015836277976632118,0.6402959823608398,0.5411639213562012,-0.002074354561045766,0.6486252546310425,0.46882176399230957,-0.01829969510436058,0.6547186374664307,0.41811227798461914,-0.027022559195756912,0.6613810658454895,0.37893491983413696,-0.028968898579478264,0.6641521453857422,0.5569536089897156,-0.006355811841785908,0.676079511642456,0.5498336553573608,-0.031742602586746216,0.6665197014808655,0.5955093502998352,-0.034618228673934937,0.6589688062667847,0.6313005685806274,-0.026898426935076714,0.6842188239097595,0.5779628157615662,-0.011480387300252914,0.6923096776008606,0.5692859888076782,-0.028660312294960022,0.6827966570854187,0.6044235825538635,-0.026331178843975067,0.6735702157020569,0.6333128213882446,-0.018844658508896828
0.6628468036651611,0.704595685005188,5.177795969757426e-07,0.6296635866165161,0.6549992561340332,-0.013743406161665916,0.6170685291290283,0.5833971500396729,-0.016527293249964714,0.6202251315116882,0.5209686756134033,-0.020812513306736946,0.621094286441803,0.4731503129005432,-0.02292185090482235,0.6114152073860168,0.5403236746788025,0.0003063786425627768,0.604755163192749,0.464695543050766,-0.011618963442742825,0.6021745204925537,0.41931772232055664,-0.017138348892331123,0.6008996367454529,0.38008928298950195,-0.018874339759349823,0.6386005878448486,0.5453038811683655,-0.0017075376817956567,0.6455674171447754,0.47091642022132874,-0.019386250525712967,0.6513356566429138,0.4185110032558441,-0.029292630031704903,0.6581802368164062,0.37787091732025146,-0.03220139816403389,0.663252055644989,0.5623785257339478,-0.006512913387268782,0.6738971471786499,0.5490336418151855,-0.03393492475152016,0.6640087366104126,0.5956400632858276,-0.03671450912952423,0.6565420031547546,0.6337842345237732,-0.028632240369915962,0.6836869716644287,0.5853038430213928,-0.012268049642443657,0.6899439096450806,0.5705844163894653,-0.03163595870137215,0.6797049641609192,0.6050938963890076,-0.02937009558081627,0.6701692938804626,0.6350741982460022,-0.0216642115265131
0.6615628004074097,0.7040062546730042,5.27986912857159e-07,0.6292275786399841,0.654369056224823,-0.014451012946665287,0.6174527406692505,0.5829964876174927,-0.017170749604701996,0.6207538843154907,0.5214781165122986,-0.021001165732741356,0.6202613711357117,0.4728139042854309,-0.02272830903530121,0.610000491142273,0.5385431051254272,0.0005328825791366398,0.6035681962966919,0.4639278054237366,-0.010631547309458256,0.6016847491264343,0.4186282753944397,-0.01575266197323799,0.6011439561843872,0.3795158863067627,-0.017108619213104248,0.6374319791793823,0.5439172983169556,-0.0007888683467172086,0.6445693373680115,0.47008034586906433,-0.017229227349162102,0.6504711508750916,0.41893818974494934,-0.026630166918039322,0.6577117443084717,0.3797975480556488,-0.02922467514872551,0.662280797958374,0.5616047978401184,-0.004933451768010855,0.671771228313446,0.5498735308647156,-0.03156420961022377,0.6613195538520813,0.5975257158279419,-0.03457023575901985,0.6541192531585693,0.6357832551002502,-0.02680032327771187,0.682843804359436,0.584253191947937,-0.010015073232352734,0.6880843043327332,0.5703545212745667,-0.02921094372868538,0.6776747703552246,0.6066147089004517,-0.02704758010804653,0.6685701012611389,0.6369794607162476,-0.01941612921655178
0.6620344519615173,0.7022494673728943,5.223189418757102e-07,0.6295042037963867,0.6529653072357178,-0.015025966800749302,0.6176536679267883,0.5813627243041992,-0.017775844782590866,0.6217941045761108,0.5196613669395447,-0.021500995382666588,0.6222368478775024,0.4714645743370056,-0.023099564015865326,0.6099454760551453,0.538811445236206,-0.00030354567570611835,0.6035091280937195,0.4646976590156555,-0.01190113089978695,0.6015657782554626,0.4197627604007721,-0.017202649265527725,0.6010915040969849,0.3807181119918823,-0.01867273449897766,0.637332022190094,0.5436357259750366,-0.001337063149549067,0.6442746520042419,0.4701916575431824,-0.018336273729801178,0.6505149602890015,0.41896921396255493,-0.027831772342324257,0.6583146452903748,0.3795859217643738,-0.030438093468546867,0.6621820330619812,0.5607053637504578,-0.005282638128846884,0.6725298762321472,0.5503588318824768,-0.03264330327510834,0.6621681451797485,0.5978204011917114,-0.035859107971191406,0.6549829840660095,0.636016845703125,-0.028055336326360703,0.6828163266181946,0.5829854607582092,-0.010203908197581768,0.6885968446731567,0.5706252455711365,-0.03020964376628399,0.6783238053321838,0.6067200899124146,-0.02845883183181286,0.6690621972084045,0.6372125744819641,-0.020984509959816933
0.6632962226867676,0.702926516532898,5.324428116182389e-07,0.6311408877372742,0.6539980173110962,-0.015398139134049416,0.6184673309326172,0.5823879837989807,-0.018111243844032288,0.6211912035942078,0.5207183957099915,-0.02172178030014038,0.6217402815818787,0.47208333015441895,-0.02316499687731266,0.6094878315925598,0.5402346849441528,-0.00010167754953727126,0.6031162142753601,0.46574681997299194,-0.01167241483926773,0.6014022827148438,0.4200819730758667,-0.017060158774256706,0.6010118126869202,0.38055598735809326,-0.018644167110323906,0.6366457343101501,0.5444799661636353,-0.0008477193769067526,0.6440020799636841,0.4713992476463318,-0.017953243106603622,0.6504701375961304,0.41997838020324707,-0.027508171275258064,0.6581724286079407,0.3806045651435852,-0.030170748010277748,0.6614055037498474,0.5610001683235168,-0.004609434865415096,0.6724699139595032,0.5509769916534424,-0.03234676644206047,0.6625894904136658,0.5986151695251465,-0.03619050979614258,0.6551030278205872,0.6373151540756226,-0.028774885460734367,0.6820235252380371,0.5826615691184998,-0.00936188269406557,0.6887690424919128,0.5713006258010864,-0.030067265033721924,0.6782819628715515,0.6076376438140869,-0.029206981882452965,0.6677210927009583,0.6383994817733765,-0.02232910692691803
0.6599794626235962,0.7030442953109741,5.275794023873459e-07,0.6288743615150452,0.654179573059082,-0.014711557887494564,0.6172865629196167,0.5821311473846436,-0.01845075562596321,0.6204715967178345,0.5209825038909912,-0.023225344717502594,0.6212221384048462,0.47211846709251404,-0.025959860533475876,0.6103658676147461,0.5408197641372681,-0.0029473905451595783,0.6032127737998962,0.4666123390197754,-0.015767080709338188,0.6014840006828308,0.4205472469329834,-0.021761666983366013,0.6017571091651917,0.38091301918029785,-0.023705212399363518,0.6371563673019409,0.5453484654426575,-0.004519289825111628,0.6444690227508545,0.47210338711738586,-0.022739412263035774,0.6506170630455017,0.4208006262779236,-0.03249983489513397,0.6586422920227051,0.381125807762146,-0.03530510142445564,0.6615852117538452,0.5617532730102539,-0.008776668459177017,0.6720001101493835,0.5526952147483826,-0.03622398525476456,0.6610677242279053,0.6007379293441772,-0.03865582123398781,0.6533291339874268,0.6390394568443298,-0.030570723116397858,0.6822283267974854,0.5834442377090454,-0.014057539403438568,0.6881043910980225,0.572176456451416,-0.03358601778745651,0.6773775219917297,0.6085628271102905,-0.03125455603003502,0.6672425866127014,0.6387973427772522,-0.02361127734184265
0.662708580493927,0.7037425637245178,5.343573548088898e-07,0.6298078894615173,0.656719446182251,-0.015984881669282913,0.6177733540534973,0.5836303234100342,-0.018213709816336632,0.6212283968925476,0.5212898850440979,-0.020968422293663025,0.6207899451255798,0.4722221791744232,-0.021448347717523575,0.6099796891212463,0.5401162505149841,-5.406595846579876e-06,0.6029086112976074,0.4650909900665283,-0.010371697135269642,0.6010350584983826,0.41990014910697937,-0.014598634093999863,0.6004753112792969,0.3806922435760498,-0.015309792011976242,0.6369827389717102,0.5440559387207031,9.264113759854808e-05,0.644364058971405,0.47080013155937195,-0.015911702066659927,0.6505736112594604,0.4189766049385071,-0.02496962808072567,0.6582455039024353,0.37944266200065613,-0.027245888486504555,0.6610966324806213,0.5604342222213745,-0.002836196683347225,0.672121524810791,0.5511499047279358,-0.02964257448911667,0.6616737246513367,0.5984429717063904,-0.033932801336050034,0.6541202068328857,0.6361199617385864,-0.026909740641713142,0.6813311576843262,0.5813120007514954,-0.006739258300513029,0.6878299713134766,0.57136470079422,-0.026814192533493042,0.677133321762085,0.6085970997810364,-0.02634231001138687,0.6667827367782593,0.6386879682540894,-0.019824175164103508
0.6621662974357605,0.7061100602149963,5.12102928951208e-07,0.6290167570114136,0.6593064069747925,-0.014821872115135193,0.6166628003120422,0.5850235223770142,-0.018341420218348503,0.6193100214004517,0.5217850804328918,-0.02305655926465988,0.6191827654838562,0.4730951488018036,-0.025650102645158768,0.6112502813339233,0.5443158745765686,-0.003707479452714324,0.6033003330230713,0.46776407957077026,-0.017161399126052856,0.6007731556892395,0.42097923159599304,-0.023343617096543312,0.5999956130981445,0.38054585456848145,-0.025485944002866745,0.6379863023757935,0.5482663512229919,-0.005459977313876152,0.6445341110229492,0.475077748298645,-0.025226449593901634,0.6502583026885986,0.422711580991745,-0.03557374328374863,0.6578896045684814,0.38185256719589233,-0.038657672703266144,0.6622748374938965,0.5636757612228394,-0.009866960346698761,0.6717791557312012,0.5531850457191467,-0.03841714188456535,0.6611685156822205,0.6023992300033569,-0.04024920240044594,0.6534883975982666,0.6415219306945801,-0.0315619520843029,0.6832438111305237,0.5847064852714539,-0.015371549874544144,0.6881272792816162,0.573846697807312,-0.03572891280055046,0.677213191986084,0.6115185618400574,-0.0332443006336689,0.6667199730873108,0.6424738764762878,-0.025322631001472473
0.6620339155197144,0.7100188136100769,4.854197754866618e-07,0.6273482441902161,0.6639927625656128,-0.013036801479756832,0.614006757736206,0.5920895338058472,-0.016463181003928185,0.6174299716949463,0.5302925705909729,-0.02118338830769062,0.6179853081703186,0.4831041693687439,-0.023926598951220512,0.6117972731590271,0.5457213521003723,-0.0044659036211669445,0.6026921272277832,0.47003358602523804,-0.01704562082886696,0.5988786220550537,0.42469558119773865,-0.022639628499746323,0.596032440662384,0.38528430461883545,-0.02451316826045513,0.6381649374961853,0.5496194362640381,-0.007082635071128607,0.6454357504844666,0.4767988324165344,-0.02504563517868519,0.6513960361480713,0.4265894889831543,-0.03428240492939949,0.65831458568573,0.3875228762626648,-0.03677718713879585,0.6618931889533997,0.5658190250396729,-0.011969823390245438,0.6718123555183411,0.5567522048950195,-0.03848450258374214,0.6620407700538635,0.6039395332336426,-0.03994421660900116,0.6549099683761597,0.6410449743270874,-0.031476158648729324,0.6825168132781982,0.5883125066757202,-0.01782243140041828,0.6878948211669922,0.5768195986747742,-0.03703233599662781,0.6781668066978455,0.6140724420547485,-0.03417357802391052,0.6686917543411255,0.6453086733818054,-0.026119502261281013
0.6577891707420349,0.7164410948753357,4.4942331101083255e-07,0.6259567737579346,0.6706977486610413,-0.01121840812265873,0.6128697991371155,0.5987743735313416,-0.014636476524174213,0.6156092882156372,0.5391698479652405,-0.019858475774526596,0.6167009472846985,0.4926433861255646,-0.02334003709256649,0.6102578639984131,0.5514897108078003,-0.005308943334966898,0.6005197763442993,0.4767271876335144,-0.019140901044011116,0.5958593487739563,0.43168652057647705,-0.025227971374988556,0.5924450755119324,0.39258676767349243,-0.027382884174585342,0.637542724609375,0.5542261004447937,-0.009432923048734665,0.6436009407043457,0.4821552038192749,-0.029242483898997307,0.6494967341423035,0.4323151111602783,-0.038949739187955856,0.656063437461853,0.39236974716186523,-0.041322603821754456,0.6622722744941711,0.5697671175003052,-0.015461480244994164,0.6661228537559509,0.5622864365577698,-0.04284575954079628,0.6567012071609497,0.6110134720802307,-0.04281848669052124,0.6508842706680298,0.6471969485282898,-0.03311367332935333,0.683501124382019,0.5925549864768982,-0.02231244556605816,0.6833197474479675,0.5815415978431702,-0.04060960188508034,0.6734657287597656,0.62049400806427,-0.03556469827890396,0.6660735607147217,0.6508490443229675,-0.026048416271805763
0.717333197593689,0.8771311044692993,1.478927913467487e-07,0.6731259822845459,0.8724409937858582,-0.006708323489874601,0.6274359822273254,0.8873704075813293,-0.023409439250826836,0.5989373326301575,0.9141225814819336,-0.036607421934604645,0.5813336968421936,0.9464982151985168,-0.05253267660737038,0.6441968083381653,0.8198391795158386,-0.07467930763959885,0.5847734808921814,0.8627159595489502,-0.09757974743843079,0.5589672327041626,0.9062672257423401,-0.1049550324678421,0.5444037914276123,0.9432507157325745,-0.10731585323810577,0.6830105781555176,0.8327237367630005,-0.08148287236690521,0.6152389645576477,0.8969975113868713,-0.10361407697200775,0.5886449217796326,0.9467679262161255,-0.10234126448631287,0.5769011974334717,0.9795299172401428,-0.10168389230966568,0.7138810753822327,0.8660496473312378,-0.08437570184469223,0.6497533321380615,0.9526501893997192,-0.10181807726621628,0.6379572749137878,0.9740761518478394,-0.08884334564208984,0.640743613243103,0.973776638507843,-0.07767190784215927,0.7377781867980957,0.9110361933708191,-0.08642657101154327,0.682569682598114,0.9837089776992798,-0.09772315621376038,0.6718873381614685,0.9889488220214844,-0.0845792219042778,0.6754257678985596,0.9727287888526917,-0.0731513574719429
0.7685218453407288,0.8332093954086304,-4.753564155635104e-07,0.7156849503517151,0.8073497414588928,-0.01163325086236,0.6687595844268799,0.780119001865387,-0.023364510387182236,0.6315776109695435,0.768227756023407,-0.0338284857571125,0.5991052389144897,0.7567726969718933,-0.045271117240190506,0.6876610517501831,0.7176642417907715,-0.038314297795295715,0.6347326636314392,0.7291387319564819,-0.062463752925395966,0.6078277230262756,0.7633010149002075,-0.07597150653600693,0.5913796424865723,0.7938410043716431,-0.08393290638923645,0.7141508460044861,0.7371689081192017,-0.04433383420109749,0.6530425548553467,0.7777137160301208,-0.06643979251384735,0.6349254846572876,0.8291294574737549,-0.07162357121706009,0.6308861374855042,0.8606699705123901,-0.07564360648393631,0.7376998662948608,0.7723191976547241,-0.051062360405921936,0.6825783252716064,0.8164591193199158,-0.07312266528606415,0.6682566404342651,0.8570919632911682,-0.0714878961443901,0.6670364141464233,0.8793540596961975,-0.06940483301877975,0.7577962279319763,0.8136524558067322,-0.058084938675165176,0.7141545414924622,0.8493030071258545,-0.07766216993331909,0.7005577683448792,0.8745514750480652,-0.07763230800628662,0.6992870569229126,0.8860310316085815,-0.0756104364991188
0.7688554525375366,0.8274914622306824,-3.749705399513914e-07,0.7200371026992798,0.8060762882232666,-0.004772573709487915,0.6771945357322693,0.7762577533721924,-0.014729086309671402,0.6445490717887878,0.7565759420394897,-0.025505520403385162,0.6121749877929688,0.7398144602775574,-0.0363532155752182,0.6976752877235413,0.7009193897247314,-0.027446603402495384,0.6557255983352661,0.6880078911781311,-0.05123324319720268,0.6232775449752808,0.7064636945724487,-0.06460192054510117,0.6047136187553406,0.7313976883888245,-0.07238448411226273,0.7224443554878235,0.7100696563720703,-0.037491921335458755,0.6652640700340271,0.7602041363716125,-0.0602261945605278,0.6613369584083557,0.7975956797599792,-0.06286179274320602,0.6684260964393616,0.8093860149383545,-0.06358765065670013,0.745597779750824,0.7392454743385315,-0.048494599759578705,0.6911215782165527,0.7985057234764099,-0.06962687522172928,0.6979100704193115,0.8206886053085327,-0.061387933790683746,0.7117794752120972,0.8167839050292969,-0.054149363189935684,0.7650051712989807,0.7771681547164917,-0.05988854542374611,0.7180445194244385,0.8262359499931335,-0.07761598378419876,0.7197133302688599,0.8435223698616028,-0.07310780882835388,0.7309643030166626,0.8373154997825623,-0.06732968986034393
0.7662494778633118,0.8246040344238281,-4.0803385559229355e-07,0.7178263068199158,0.8024118542671204,-0.005854887887835503,0.6745975613594055,0.7667436599731445,-0.014197899028658867,0.6406073570251465,0.7462537884712219,-0.023486074060201645,0.6087244153022766,0.7299177050590515,-0.03167993575334549,0.7020959258079529,0.6921802759170532,-0.02056954801082611,0.666265070438385,0.6626927852630615,-0.04541768506169319,0.6347079277038574,0.6756768822669983,-0.05951967462897301,0.6144211888313293,0.6979644894599915,-0.06735534965991974,0.7289091348648071,0.6938038468360901,-0.02914915606379509,0.6727048754692078,0.7402530908584595,-0.053605079650878906,0.6764423251152039,0.7819063067436218,-0.0559634231030941,0.6916224956512451,0.7906404733657837,-0.0548023097217083,0.7542022466659546,0.7180500626564026,-0.039637595415115356,0.7032105326652527,0.7778785228729248,-0.060808274894952774,0.70909583568573,0.8029640316963196,-0.052242353558540344,0.722680926322937,0.7965406179428101,-0.043945398181676865,0.7754061818122864,0.7522950768470764,-0.05098983645439148,0.7342390418052673,0.8013246059417725,-0.06630908697843552,0.7339721322059631,0.8210274577140808,-0.061144791543483734,0.7441468238830566,0.8159040808677673,-0.054598089307546616
0.7676957249641418,0.8159720301628113,-3.4865695397456875e-07,0.718610942363739,0.7987685203552246,-0.009127859957516193,0.6756870746612549,0.7651586532592773,-0.020438410341739655,0.6435329914093018,0.742458701133728,-0.03311919420957565,0.611529529094696,0.7270386815071106,-0.044422369450330734,0.7039318084716797,0.6799993515014648,-0.022400300949811935,0.6765778064727783,0.6374270915985107,-0.048295676708221436,0.6490647196769714,0.6401087641716003,-0.06240204721689224,0.6303600072860718,0.6556730270385742,-0.07025870680809021,0.733893871307373,0.6770128011703491,-0.030239775776863098,0.689915657043457,0.7188191413879395,-0.056918200105428696,0.6899076104164124,0.7629407048225403,-0.060208022594451904,0.7000323534011841,0.7729939818382263,-0.059209730476140976,0.7621340155601501,0.6979970335960388,-0.04034074768424034,0.7192533016204834,0.7561356425285339,-0.060974422842264175,0.7205855250358582,0.7858831286430359,-0.05068516731262207,0.728571355342865,0.7836127877235413,-0.0416991300880909,0.7859679460525513,0.7294643521308899,-0.052188556641340256,0.7521675229072571,0.774776816368103,-0.06558091938495636,0.7503257989883423,0.7946821451187134,-0.058869220316410065,0.7568648457527161,0.7898842692375183,-0.05144014582037926
0.7720727920532227,0.8099983334541321,-2.8075240265934553e-07,0.7264466285705566,0.7977755665779114,-0.009975792840123177,0.6825542449951172,0.763407289981842,-0.020217102020978928,0.6486519575119019,0.7444092035293579,-0.031981728971004486,0.6174346208572388,0.7321726083755493,-0.04323979839682579,0.7104172110557556,0.6740610599517822,-0.017115574330091476,0.6905708312988281,0.6210447549819946,-0.03929886594414711,0.669713020324707,0.6049197316169739,-0.0528341680765152,0.6495486497879028,0.6019400954246521,-0.061464425176382065,0.7413347959518433,0.6650896072387695,-0.024159293621778488,0.706074059009552,0.6920621991157532,-0.04986167699098587,0.7050694227218628,0.7384477257728577,-0.0549192875623703,0.7118334770202637,0.7558121085166931,-0.05439748615026474,0.770732045173645,0.6805070042610168,-0.03342532366514206,0.7365227937698364,0.7322607040405273,-0.054110873490571976,0.7368062138557434,0.7666767239570618,-0.04654351994395256,0.741837739944458,0.7705966234207153,-0.038591478019952774,0.7958495020866394,0.7081436514854431,-0.0443679541349411,0.7681841850280762,0.7514514327049255,-0.05615760385990143,0.7667135000228882,0.7748057842254639,-0.049473658204078674,0.7719080448150635,0.7744148969650269,-0.04223037138581276
0.807235598564148,0.7959679961204529,-5.844472283911273e-08,0.7661609649658203,0.7889906167984009,-0.01912475749850273,0.7185510396957397,0.7570191025733948,-0.03197510540485382,0.6797428131103516,0.7383577823638916,-0.045017797499895096,0.6494727730751038,0.7338761687278748,-0.05721636861562729,0.7290242910385132,0.663246214389801,-0.019346285611391068,0.708736002445221,0.5984346866607666,-0.03874669969081879,0.6974779367446899,0.5575249195098877,-0.04906895384192467,0.6888955235481262,0.522004246711731,-0.0565982423722744,0.7596389651298523,0.654046356678009,-0.02262749895453453,0.7506120800971985,0.6454505324363708,-0.05355432257056236,0.7569324970245361,0.6943030953407288,-0.057720933109521866,0.7641075253486633,0.7137632369995117,-0.05320378765463829,0.7908352017402649,0.6609669923782349,-0.028811510652303696,0.7846469283103943,0.6645072102546692,-0.05547105148434639,0.7850390672683716,0.7078237533569336,-0.04676659032702446,0.7882563471794128,0.7180556654930115,-0.03460817039012909,0.8212010860443115,0.6781283020973206,-0.0371444895863533,0.8162810206413269,0.6842047572135925,-0.05234450474381447,0.8121745586395264,0.717002272605896,-0.04483754560351372,0.8125340342521667,0.7249113917350769,-0.03534162789583206
0.8133646845817566,0.7983092665672302,-7.821368086524672e-08,0.7720266580581665,0.7840681076049805,-0.018712496384978294,0.7267609238624573,0.7511852383613586,-0.03007400780916214,0.6882177591323853,0.7354429960250854,-0.04202267527580261,0.6571676731109619,0.736858069896698,-0.05378410220146179,0.7313295602798462,0.6584581136703491,-0.01864881068468094,0.7118358016014099,0.5933324098587036,-0.038516853004693985,0.700724720954895,0.5503271818161011,-0.050609689205884933,0.6921595335006714,0.5131738185882568,-0.05924123898148537,0.7633662223815918,0.6444514989852905,-0.02175234816968441,0.759418785572052,0.6374903917312622,-0.05750834569334984,0.7656816840171814,0.689717710018158,-0.06563322246074677,0.7713181376457214,0.7235738039016724,-0.06208435446023941,0.7961644530296326,0.6486390829086304,-0.027239644899964333,0.7960692644119263,0.6638336777687073,-0.057307928800582886,0.795608401298523,0.7102967500686646,-0.052382614463567734,0.7954578995704651,0.7342866063117981,-0.04076848924160004,0.8267247676849365,0.6637197732925415,-0.034773170948028564,0.8276956081390381,0.6817715764045715,-0.05055481567978859,0.8213694095611572,0.7164506912231445,-0.04525187984108925,0.8172215819358826,0.7314022779464722,-0.036496397107839584
0.8177580833435059,0.7965157628059387,-5.1470273376708064e-08,0.7768353223800659,0.7823688983917236,-0.019890829920768738,0.7330539226531982,0.7500427961349487,-0.03344624489545822,0.6935176849365234,0.7365332841873169,-0.04784783348441124,0.6620826721191406,0.7407775521278381,-0.06221592798829079,0.7349137663841248,0.6574649214744568,-0.020171310752630234,0.7136897444725037,0.5881579518318176,-0.04179937019944191,0.7027006149291992,0.5433670282363892,-0.055004872381687164,0.6941767930984497,0.5052663683891296,-0.06407592445611954,0.767408549785614,0.6451777219772339,-0.023243991658091545,0.7644831538200378,0.6351978182792664,-0.060969047248363495,0.771690309047699,0.6890035271644592,-0.06938975304365158,0.7762485146522522,0.7229617834091187,-0.0657266229391098,0.800485372543335,0.6489182114601135,-0.028912117704749107,0.798636257648468,0.658110499382019,-0.061046015471220016,0.7998137474060059,0.7069335579872131,-0.055375002324581146,0.8001955151557922,0.7306742072105408,-0.04266969859600067,0.8316000699996948,0.6624737977981567,-0.03656468912959099,0.8310220837593079,0.6721277236938477,-0.05277462303638458,0.8255794048309326,0.7092323303222656,-0.045727893710136414,0.8224947452545166,0.725850522518158,-0.03548133373260498
0.822418212890625,0.8011447191238403,-2.6168301303641783e-08,0.7800175547599792,0.7821515202522278,-0.018260421231389046,0.7343646883964539,0.751474142074585,-0.03177110105752945,0.6953741312026978,0.739207923412323,-0.046558868139982224,0.6639926433563232,0.7412660121917725,-0.061522431671619415,0.7385812401771545,0.6599647402763367,-0.020200859755277634,0.7156931757926941,0.5896238088607788,-0.042600519955158234,0.7043454647064209,0.5436252355575562,-0.056727394461631775,0.6953700184822083,0.5040586590766907,-0.06649616360664368,0.7710721492767334,0.6525222063064575,-0.02496572770178318,0.7651916146278381,0.6260616183280945,-0.06454095989465714,0.7703860998153687,0.6788104772567749,-0.07443099468946457,0.7743526697158813,0.7180360555648804,-0.07152345776557922,0.8038931488990784,0.6591218113899231,-0.032137561589479446,0.7990072965621948,0.6505674719810486,-0.0664309486746788,0.7984910011291504,0.6985620856285095,-0.06180530786514282,0.7985266447067261,0.7287895679473877,-0.04907973110675812,0.8347690105438232,0.6744065284729004,-0.04089440777897835,0.8313360810279846,0.6661237478256226,-0.059084389358758926,0.8250609636306763,0.6998547315597534,-0.052490584552288055,0.8220108151435852,0.7204388380050659,-0.042262088507413864
0.8275625109672546,0.7986795902252197,1.5122577634585355e-09,0.7863926291465759,0.7840002179145813,-0.020102353766560555,0.7422434687614441,0.7573027014732361,-0.03552711755037308,0.7019135355949402,0.7470501065254211,-0.051840417087078094,0.6690594553947449,0.7515090703964233,-0.06796894967556,0.7425945997238159,0.6610532402992249,-0.023225493729114532,0.7181063890457153,0.5870720744132996,-0.04648083448410034,0.7064720988273621,0.5418578386306763,-0.05990838259458542,0.6976759433746338,0.5010063648223877,-0.06886536628007889,0.7744999527931213,0.6529796123504639,-0.026960786432027817,0.7734104990959167,0.616094708442688,-0.06777258217334747,0.7791936993598938,0.6685881018638611,-0.07727193087339401,0.7819823622703552,0.7063729763031006,-0.07336196303367615,0.8063831925392151,0.6576367020606995,-0.032949287444353104,0.8080921173095703,0.6489225625991821,-0.06812481582164764,0.8091362714767456,0.6986772418022156,-0.06278910487890244,0.8073642253875732,0.7267448902130127,-0.049061212688684464,0.8366141319274902,0.6696566343307495,-0.04058322310447693,0.83702152967453,0.6644578576087952,-0.05787977576255798,0.8322600722312927,0.701510488986969,-0.04990636929869652,0.8272233009338379,0.7217373847961426,-0.03871183469891548
0.8287114500999451,0.8011143803596497,2.0146025292433478e-08,0.7872843742370605,0.7855684757232666,-0.02132437564432621,0.7444193363189697,0.7585822939872742,-0.03770362213253975,0.7039034366607666,0.7483983039855957,-0.05491255968809128,0.6702455282211304,0.7526350021362305,-0.07196736335754395,0.743156373500824,0.6606235504150391,-0.023105088621377945,0.7194213271141052,0.5879999399185181,-0.04736979678273201,0.7075369358062744,0.542996346950531,-0.061848629266023636,0.6986457705497742,0.5019149780273438,-0.07171633839607239,0.77544766664505,0.6521221399307251,-0.027206962928175926,0.7733655571937561,0.6133998036384583,-0.06976558268070221,0.7814689874649048,0.6663748621940613,-0.08042041212320328,0.7860020995140076,0.703174889087677,-0.07694856077432632,0.8077818751335144,0.6575852632522583,-0.033795710653066635,0.8087213635444641,0.6478731632232666,-0.07063232362270355,0.8106574416160583,0.6975045800209045,-0.06589975208044052,0.8096045851707458,0.72413569688797,-0.05223825201392174,0.837864875793457,0.6708057522773743,-0.042149633169174194,0.8376793265342712,0.6662103533744812,-0.06053071469068527,0.8330091834068298,0.7029023766517639,-0.052983108907938004,0.8283441662788391,0.7216993570327759,-0.04200247675180435
0.8284569382667542,0.8031392693519592,1.747770639326518e-08,0.7874773740768433,0.7863673567771912,-0.020954478532075882,0.7441797852516174,0.758529782295227,-0.03740406036376953,0.7035617232322693,0.7485698461532593,-0.05475960671901703,0.6707085371017456,0.7535924911499023,-0.07183393836021423,0.7433836460113525,0.6594042181968689,-0.023036297410726547,0.720638632774353,0.5862005352973938,-0.04777952656149864,0.7090505361557007,0.5405728816986084,-0.06219346448779106,0.7010933756828308,0.4993528425693512,-0.07188533991575241,0.7756779789924622,0.6518064737319946,-0.02734270691871643,0.775539219379425,0.6138492822647095,-0.07002273201942444,0.7828581929206848,0.6704817414283752,-0.07939599454402924,0.7870630025863647,0.7078296542167664,-0.07488205283880234,0.8081494569778442,0.6579093933105469,-0.03431926667690277,0.8101034164428711,0.6492477059364319,-0.07075520604848862,0.8104447722434998,0.7006274461746216,-0.06478086113929749,0.8089520931243896,0.7262445688247681,-0.05041525512933731,0.8386486768722534,0.6718897819519043,-0.04315531998872757,0.8398212790489197,0.6681877374649048,-0.06087546795606613,0.8333806395530701,0.7062532305717468,-0.05282287299633026,0.8276432156562805,0.7240918874740601,-0.04163636639714241
0.8283179998397827,0.8051947355270386,6.616599712572224e-09,0.7857021689414978,0.7897323966026306,-0.020020795986056328,0.7409650087356567,0.76243656873703,-0.03526998683810234,0.701269805431366,0.7511799335479736,-0.051509320735931396,0.6689094305038452,0.7555909752845764,-0.0674058198928833,0.7431876063346863,0.6616708636283875,-0.022139480337500572,0.720452606678009,0.587507426738739,-0.04577384889125824,0.7100667953491211,0.5424551963806152,-0.05938083678483963,0.7028582692146301,0.5019267797470093,-0.06868607550859451,0.775955080986023,0.6542750000953674,-0.02674666978418827,0.7749200463294983,0.6168570518493652,-0.06869293004274368,0.7829001545906067,0.6712684035301208,-0.07823068648576736,0.7874939441680908,0.7068930864334106,-0.0742039903998375,0.808571457862854,0.6604936122894287,-0.033918414264917374,0.810369610786438,0.6523877382278442,-0.06983228027820587,0.81159907579422,0.7020156383514404,-0.0643177255988121,0.8103744983673096,0.725995659828186,-0.05058862268924713,0.8389729261398315,0.6743767261505127,-0.04288913309574127,0.8408868312835693,0.6705340147018433,-0.060682740062475204,0.834628164768219,0.7072867751121521,-0.05322401970624924,0.8284906148910522,0.7243291735649109,-0.04260371997952461
0.8256175518035889,0.8108956813812256,4.4570271917621085e-09,0.7808725237846375,0.7927398681640625,-0.01843218132853508,0.7364226579666138,0.7653937339782715,-0.03306712582707405,0.6978994011878967,0.754111111164093,-0.048970017582178116,0.6664930582046509,0.7573866844177246,-0.06471619009971619,0.7429236173629761,0.6648726463317871,-0.02171127125620842,0.7205137014389038,0.590761661529541,-0.045960862189531326,0.7098898887634277,0.5445887446403503,-0.06035331264138222,0.7018932700157166,0.5038595199584961,-0.07010968029499054,0.7764191627502441,0.6595984101295471,-0.027396729215979576,0.7735061645507812,0.6197552680969238,-0.06946094334125519,0.7795376181602478,0.673057496547699,-0.07939083129167557,0.7832747101783752,0.7098427414894104,-0.075737364590168,0.809687614440918,0.6678240299224854,-0.035579096525907516,0.8109217882156372,0.6585884094238281,-0.0720549151301384,0.8097773790359497,0.7078767418861389,-0.06722726672887802,0.8074195384979248,0.7333911657333374,-0.05378028750419617,0.840309739112854,0.6838682889938354,-0.045328497886657715,0.8413748741149902,0.6752251982688904,-0.06388532370328903,0.8333751559257507,0.7111963629722595,-0.05664099007844925,0.8263267874717712,0.7302711009979248,-0.04605484753847122
0.8188869953155518,0.8113506436347961,7.312422667382634e-09,0.7778328061103821,0.7951524257659912,-0.01906752772629261,0.7371059060096741,0.7667684555053711,-0.03458571806550026,0.6991896033287048,0.75482577085495,-0.05133645981550217,0.6666913032531738,0.7579586505889893,-0.06786645948886871,0.7402008175849915,0.668229341506958,-0.022608203813433647,0.7193582057952881,0.5928977727890015,-0.04620051011443138,0.7099704742431641,0.5468129515647888,-0.05983376130461693,0.7035424709320068,0.5058420896530151,-0.06920982897281647,0.7720959782600403,0.6632474660873413,-0.02746531367301941,0.772983968257904,0.6222338676452637,-0.06742966920137405,0.7795894145965576,0.6755282282829285,-0.07600785046815872,0.7822128534317017,0.7116298079490662,-0.07219766080379486,0.8035919666290283,0.6710638403892517,-0.034782715141773224,0.8049887418746948,0.6551070213317871,-0.06881915032863617,0.804312527179718,0.7040469646453857,-0.06237834692001343,0.8013390302658081,0.7296974658966064,-0.04898448288440704,0.833010196685791,0.6870197653770447,-0.04385877773165703,0.8350752592086792,0.6771596670150757,-0.06131327524781227,0.8274772763252258,0.7123009562492371,-0.05379220098257065,0.8197476863861084,0.7309320569038391,-0.043584756553173065
0.8174997568130493,0.8116127848625183,2.986927327697231e-08,0.775988757610321,0.7926884293556213,-0.01861899346113205,0.7347947955131531,0.7631868720054626,-0.03366868942975998,0.6976490616798401,0.7512714862823486,-0.05002257972955704,0.6656842231750488,0.7551429271697998,-0.06622400134801865,0.7393967509269714,0.6664100289344788,-0.02152792550623417,0.7198464870452881,0.5914044380187988,-0.0447799488902092,0.7107675075531006,0.544112503528595,-0.05872025340795517,0.7040374875068665,0.502726674079895,-0.06837068498134613,0.7719789743423462,0.6631506085395813,-0.027014708146452904,0.7728421688079834,0.619816243648529,-0.0673135295510292,0.7788481116294861,0.6727957725524902,-0.07671862095594406,0.7814028859138489,0.7115718722343445,-0.07317641377449036,0.8042472004890442,0.6728726625442505,-0.03489776700735092,0.80618816614151,0.6563750505447388,-0.06945346295833588,0.8051100969314575,0.7035014629364014,-0.06392136216163635,0.802075982093811,0.7305045127868652,-0.05064023286104202,0.8344205021858215,0.6901640295982361,-0.044407591223716736,0.8368226885795593,0.6742375493049622,-0.06169550120830536,0.8292775750160217,0.7075188159942627,-0.053777825087308884,0.8216772079467773,0.7275029420852661,-0.04311015456914902
0.8162859678268433,0.8083592653274536,3.5792734109918456e-08,0.775456964969635,0.7906726598739624,-0.0195724256336689,0.7355082035064697,0.7616807222366333,-0.03572675585746765,0.6976122260093689,0.7492976784706116,-0.05309583619236946,0.6657705903053284,0.753694474697113,-0.07038013637065887,0.7391577363014221,0.6631632447242737,-0.023298051208257675,0.7214456796646118,0.587688684463501,-0.047151122242212296,0.7134043574333191,0.540700376033783,-0.06140947341918945,0.7078261375427246,0.4991322159767151,-0.0713697299361229,0.7716235518455505,0.6606065034866333,-0.028382793068885803,0.7739375829696655,0.6191088557243347,-0.06924741715192795,0.7795339226722717,0.6729229092597961,-0.0784432515501976,0.7814231514930725,0.7103999257087708,-0.07484687864780426,0.80402672290802,0.6709228754043579,-0.03593047335743904,0.8071451187133789,0.6548877358436584,-0.07138978689908981,0.8057371377944946,0.7029942870140076,-0.06580174714326859,0.802356481552124,0.7291838526725769,-0.0524393767118454,0.8345688581466675,0.6885510087013245,-0.04513898491859436,0.8375307321548462,0.6736359000205994,-0.0635969489812851,0.8296988010406494,0.7079543471336365,-0.056089840829372406,0.8219090104103088,0.7276743650436401,-0.04558303579688072
0.8142440319061279,0.8093042373657227,4.6880622051048704e-08,0.7734799385070801,0.789925217628479,-0.019446399062871933,0.7343305349349976,0.759800374507904,-0.035338032990694046,0.6975862383842468,0.7462311387062073,-0.05255230888724327,0.6660764217376709,0.7499881386756897,-0.06973867863416672,0.7397482395172119,0.6620343923568726,-0.0221867673099041,0.7220624685287476,0.5874117016792297,-0.04585297033190727,0.7141430974006653,0.5405237674713135,-0.060263585299253464,0.7088171243667603,0.4990655779838562,-0.07028155028820038,0.7719194293022156,0.660998523235321,-0.02796732820570469,0.7747073173522949,0.6160704493522644,-0.06903484463691711,0.7789329290390015,0.668618381023407,-0.07916294038295746,0.7803560495376587,0.7072157859802246,-0.07601920515298843,0.8036717176437378,0.6725374460220337,-0.0362059511244297,0.807055652141571,0.6539771556854248,-0.07213257998228073,0.8048617839813232,0.7024549245834351,-0.06713981181383133,0.8016424775123596,0.7306195497512817,-0.05391760170459747,0.8332817554473877,0.6915456652641296,-0.04612233117222786,0.8365384936332703,0.674608051776886,-0.06507835537195206,0.8284487128257751,0.7091799378395081,-0.05762412026524544,0.82098388671875,0.7306306958198547,-0.047005198895931244
0.8135043382644653,0.8077571988105774,5.4321890985420396e-08,0.7737464308738708,0.7887635231018066,-0.02017390727996826,0.7354767918586731,0.7582029104232788,-0.03671683371067047,0.6983579397201538,0.7448028326034546,-0.05456453561782837,0.6664095520973206,0.7494750618934631,-0.07225807011127472,0.7395414113998413,0.6607412695884705,-0.022902747616171837,0.7224805951118469,0.5850444436073303,-0.04682718217372894,0.7156050205230713,0.5385743379592896,-0.06097395345568657,0.7112744450569153,0.4973374605178833,-0.07075610756874084,0.7717874646186829,0.659568727016449,-0.02807340770959854,0.7767253518104553,0.6161129474639893,-0.06928223371505737,0.7824007868766785,0.6702321171760559,-0.07872311025857925,0.7834218144416809,0.7073453068733215,-0.07501055300235748,0.8036844730377197,0.6707314252853394,-0.03582584485411644,0.8089264035224915,0.6539537310600281,-0.07157403975725174,0.8069638013839722,0.7025293111801147,-0.0662262812256813,0.8022931814193726,0.72871994972229,-0.05283869430422783,0.8332288861274719,0.6892324686050415,-0.04535612836480141,0.8397229313850403,0.6733396053314209,-0.06395678222179413,0.8313774466514587,0.7078701257705688,-0.05654369294643402,0.8220093846321106,0.7280924320220947,-0.04604184255003929
0.8134926557540894,0.8108508586883545,7.680751679117748e-08,0.7742888331413269,0.7895492911338806,-0.01999972015619278,0.7369098663330078,0.7569212913513184,-0.035985831171274185,0.699836254119873,0.7424729466438293,-0.05342821031808853,0.6681840419769287,0.7480440139770508,-0.07068019360303879,0.7408748865127563,0.660844087600708,-0.02226005122065544,0.7248587608337402,0.5842747688293457,-0.04645301029086113,0.7191161513328552,0.5366990566253662,-0.060928165912628174,0.7156085968017578,0.4939153492450714,-0.07101055234670639,0.7729641795158386,0.6602148413658142,-0.02796240895986557,0.7795442938804626,0.6142189502716064,-0.06936033815145493,0.7826719284057617,0.6665611863136292,-0.07946709543466568,0.7823890447616577,0.702468991279602,-0.07629119604825974,0.8047235012054443,0.6724751591682434,-0.03624492138624191,0.8127667903900146,0.6559473276138306,-0.07201769202947617,0.8084150552749634,0.7035771012306213,-0.0673123374581337,0.8029199242591858,0.7277503609657288,-0.054479822516441345,0.8336859941482544,0.6925531625747681,-0.04643034562468529,0.8432184457778931,0.6781472563743591,-0.06490042805671692,0.833200216293335,0.7115331888198853,-0.05796688422560692,0.8229184746742249,0.730235755443573,-0.047977421432733536
0.8106936812400818,0.813679575920105,9.239855813802933e-08,0.7710084319114685,0.7919093370437622,-0.021524693816900253,0.7345330715179443,0.7605972290039062,-0.03896958753466606,0.6982266306877136,0.7451134920120239,-0.05771942436695099,0.6676614880561829,0.7498837113380432,-0.07621999830007553,0.7432764172554016,0.6634460091590881,-0.02366337925195694,0.7273915410041809,0.5858864784240723,-0.0484715960919857,0.7220145463943481,0.5383663773536682,-0.06367649137973785,0.7191731333732605,0.4964919090270996,-0.07398118078708649,0.7761660814285278,0.6645600199699402,-0.028818944469094276,0.7813699245452881,0.6178655624389648,-0.07131396979093552,0.7825868725776672,0.6683037281036377,-0.08268604427576065,0.7819488048553467,0.7061313986778259,-0.08002978563308716,0.807330846786499,0.6778104305267334,-0.036618489772081375,0.8118420243263245,0.6611724495887756,-0.07340839505195618,0.8060654401779175,0.7085480690002441,-0.069800466299057,0.8005116581916809,0.7357457876205444,-0.057101503014564514,0.8353124856948853,0.698093056678772,-0.046351827681064606,0.8414024710655212,0.682666003704071,-0.06538933515548706,0.830226719379425,0.715554416179657,-0.05877077206969261,0.8193041682243347,0.7364020347595215,-0.048597823828458786
0.808253824710846,0.8112340569496155,7.916820976561212e-08,0.7686254978179932,0.7900540828704834,-0.02110876329243183,0.7322253584861755,0.7601680755615234,-0.03845582157373428,0.695955753326416,0.7479079961776733,-0.05696722865104675,0.6649032831192017,0.7526494264602661,-0.07517489045858383,0.7417219877243042,0.6631758809089661,-0.024773357436060905,0.7268196940422058,0.5852354764938354,-0.04868499934673309,0.7211440205574036,0.5377387404441833,-0.06268497556447983,0.7173689007759094,0.49569493532180786,-0.07233624160289764,0.7750619053840637,0.6632953882217407,-0.029846083372831345,0.7806940078735352,0.6198185086250305,-0.07217231392860413,0.7833659052848816,0.6722438335418701,-0.08291959762573242,0.7832115888595581,0.7106040716171265,-0.07969119399785995,0.8064376711845398,0.6763136386871338,-0.037319961935281754,0.8120636343955994,0.6635351181030273,-0.07345598936080933,0.8066668510437012,0.71029132604599,-0.06966882199048996,0.80037522315979,0.7359218597412109,-0.05706699192523956,0.8347262740135193,0.6961537003517151,-0.04662516713142395,0.8408509492874146,0.6853995323181152,-0.06480516493320465,0.8295474648475647,0.7179257869720459,-0.05813288688659668,0.8178204298019409,0.7368060350418091,-0.04815821349620819
0.8082036375999451,0.8119456768035889,7.030195803281458e-08,0.7686681151390076,0.7922239899635315,-0.021240942180156708,0.7308869361877441,0.7607359886169434,-0.03786056488752365,0.6942858099937439,0.7472147345542908,-0.0554613396525383,0.6634396910667419,0.7531182169914246,-0.0726841539144516,0.7411001920700073,0.6646386384963989,-0.024183213710784912,0.7260197997093201,0.586268424987793,-0.047719720751047134,0.7206487655639648,0.5387187004089355,-0.06130972504615784,0.716621994972229,0.49655160307884216,-0.0707458108663559,0.7736096978187561,0.6635472178459167,-0.029062822461128235,0.7810027599334717,0.6216226816177368,-0.07098682969808578,0.7853555679321289,0.6746751666069031,-0.0811767727136612,0.7851423621177673,0.7121528387069702,-0.07761784642934799,0.8044421672821045,0.6750359535217285,-0.03642432391643524,0.8129741549491882,0.6639866828918457,-0.07197199016809464,0.8089799284934998,0.7110304832458496,-0.06772731989622116,0.8020696640014648,0.7349202632904053,-0.0551343634724617,0.8325185179710388,0.6938151121139526,-0.04574839398264885,0.8421830534934998,0.6858680248260498,-0.06342505663633347,0.8315224647521973,0.7198349833488464,-0.05662296339869499,0.8186752200126648,0.7379344701766968,-0.04680886119604111
0.805785059928894,0.8132726550102234,8.48496384264763e-08,0.7663171291351318,0.7928059697151184,-0.021571023389697075,0.7293329238891602,0.7615678906440735,-0.03873591870069504,0.6930059790611267,0.7485002875328064,-0.05689306929707527,0.662030041217804,0.7542892098426819,-0.07480482757091522,0.739422619342804,0.663230836391449,-0.02386246994137764,0.7246847748756409,0.5857605338096619,-0.04734063521027565,0.7191189527511597,0.5386401414871216,-0.06103849038481712,0.7155869603157043,0.49763786792755127,-0.07038304209709167,0.7734038829803467,0.6630768179893494,-0.028839223086833954,0.779180109500885,0.6198776364326477,-0.07104379683732986,0.7817137241363525,0.6738325953483582,-0.0816337913274765,0.7817284464836121,0.7141860723495483,-0.07791445404291153,0.8047755360603333,0.6760129928588867,-0.036345887929201126,0.8099517822265625,0.6634304523468018,-0.07245764136314392,0.8044366836547852,0.7116472721099854,-0.06870435178279877,0.7986100316047668,0.7385963797569275,-0.05590539798140526,0.8327438235282898,0.6964455842971802,-0.04571843147277832,0.8385498523712158,0.6880705952644348,-0.06386136263608932,0.8279759883880615,0.7220431566238403,-0.05714518949389458,0.8174077868461609,0.7415111064910889,-0.04698244854807854
0.8054357171058655,0.8121017217636108,7.109549216011146e-08,0.7659121751785278,0.7927578091621399,-0.02132454514503479,0.7286746501922607,0.7613562345504761,-0.03805043175816536,0.6935138702392578,0.7472878694534302,-0.055548325181007385,0.6628173589706421,0.7529964447021484,-0.07282689958810806,0.7387515902519226,0.6638160347938538,-0.024889281019568443,0.7242159843444824,0.5861243009567261,-0.04814884439110756,0.7189894914627075,0.5389500856399536,-0.061438385397195816,0.7156378030776978,0.49764782190322876,-0.07057521492242813,0.7729135751724243,0.6636446118354797,-0.029770631343126297,0.7793750166893005,0.6194832921028137,-0.07142212241888046,0.7818992733955383,0.6733261942863464,-0.08144031465053558,0.7812132835388184,0.7134840488433838,-0.07750757038593292,0.8042652606964111,0.6766738891601562,-0.03705962002277374,0.8098065257072449,0.6638710498809814,-0.07281351834535599,0.804725170135498,0.7114684581756592,-0.06873074173927307,0.7982589602470398,0.7373859882354736,-0.055932581424713135,0.8319422006607056,0.6969531178474426,-0.046165745705366135,0.838214099407196,0.689122200012207,-0.06422007828950882,0.8281870484352112,0.722708523273468,-0.057368203997612,0.8171284794807434,0.741211473941803,-0.047265343368053436
0.8075224161148071,0.8159560561180115,7.746334773628405e-08,0.7670192122459412,0.7953554391860962,-0.02151278778910637,0.729598879814148,0.7632542252540588,-0.03866694122552872,0.6936299204826355,0.7488964796066284,-0.056795332580804825,0.6628302931785583,0.7526085376739502,-0.07454943656921387,0.7391943335533142,0.6634112000465393,-0.023309731855988503,0.7243263721466064,0.5863221883773804,-0.04696544632315636,0.7189834117889404,0.5389125347137451,-0.060866788029670715,0.715917706489563,0.4970937967300415,-0.07054561376571655,0.7722346782684326,0.6641049981117249,-0.028513459488749504,0.7784699201583862,0.6204721927642822,-0.070339635014534,0.7814840078353882,0.675261914730072,-0.08044099062681198,0.7815732359886169,0.7120365500450134,-0.07682321220636368,0.8031757473945618,0.6779991388320923,-0.03636876493692398,0.8092527389526367,0.6610715985298157,-0.07249684631824493,0.804627001285553,0.7091224789619446,-0.06780291348695755,0.7990649938583374,0.7330436706542969,-0.05473029986023903,0.8309528231620789,0.6994609832763672,-0.04614703357219696,0.8379449248313904,0.6862634420394897,-0.06454841047525406,0.8278530836105347,0.71967613697052,-0.05719267949461937,0.8173806071281433,0.7373400330543518,-0.046762559562921524
0.8071206212043762,0.8153297901153564,6.445061018212073e-08,0.7669487595558167,0.7937350869178772,-0.018863990902900696,0.7288517951965332,0.7616541981697083,-0.034388281404972076,0.6925497055053711,0.7484785318374634,-0.05143989995121956,0.6618964672088623,0.7536008954048157,-0.06837757676839828,0.7379162311553955,0.6643268465995789,-0.021427767351269722,0.7229744791984558,0.5872001647949219,-0.04407019913196564,0.7183332443237305,0.5399401187896729,-0.057498298585414886,0.7162277698516846,0.498901903629303,-0.06684111803770065,0.7706694602966309,0.664795458316803,-0.027281437069177628,0.7767861485481262,0.6206058859825134,-0.06808334589004517,0.7795572876930237,0.6721333265304565,-0.07852550595998764,0.7796304225921631,0.711792528629303,-0.0754164531826973,0.8018859028816223,0.6779729127883911,-0.03545939922332764,0.806240439414978,0.6606881022453308,-0.07034766674041748,0.8016110062599182,0.707473874092102,-0.06646478176116943,0.7965201735496521,0.7353832125663757,-0.054156869649887085,0.8302276134490967,0.6986525654792786,-0.04532385244965553,0.8352811932563782,0.6860560774803162,-0.0633581280708313,0.8247207999229431,0.7184092998504639,-0.056990742683410645,0.8144904971122742,0.73862624168396,-0.04734150320291519
0.8055604696273804,0.8139219284057617,8.006915663827385e-08,0.7659932971000671,0.7937219142913818,-0.021185606718063354,0.7284111976623535,0.7637677192687988,-0.037915293127298355,0.6922863721847534,0.7501918077468872,-0.05562121048569679,0.6611502170562744,0.753792405128479,-0.07290804386138916,0.7367969751358032,0.6655613780021667,-0.024392537772655487,0.7218907475471497,0.5879268646240234,-0.04768950119614601,0.7172214388847351,0.5404131412506104,-0.06147541478276253,0.7146080732345581,0.4988252520561218,-0.07102680206298828,0.769629716873169,0.6664512753486633,-0.02911660447716713,0.7771705389022827,0.622839093208313,-0.07101134955883026,0.7815399169921875,0.674716591835022,-0.08151308447122574,0.782042920589447,0.7148630619049072,-0.07822661846876144,0.8006261587142944,0.6802945733070374,-0.03625999763607979,0.808000922203064,0.6647976636886597,-0.07203039526939392,0.8042150735855103,0.7098608613014221,-0.06836994737386703,0.7981764078140259,0.7368654012680054,-0.056017450988292694,0.8285027146339417,0.7013788819313049,-0.04526098445057869,0.8372957706451416,0.6886765956878662,-0.06374848634004593,0.8271923065185547,0.720424234867096,-0.05751032382249832,0.8154153227806091,0.7409142255783081,-0.04781586304306984
0.8055428862571716,0.8192163705825806,9.375868614824867e-08,0.7651979923248291,0.7984471321105957,-0.021734921261668205,0.7275038957595825,0.7694446444511414,-0.03884102776646614,0.6905889511108398,0.7568566799163818,-0.057046372443437576,0.6587211489677429,0.760899543762207,-0.07501371204853058,0.7356837391853333,0.6705875396728516,-0.022986510768532753,0.7194793224334717,0.5936188697814941,-0.04616563767194748,0.714391827583313,0.5458869338035583,-0.06040805205702782,0.7113963961601257,0.503455400466919,-0.07013384252786636,0.7673056125640869,0.6711301803588867,-0.027217179536819458,0.7732336521148682,0.6268481612205505,-0.06802625954151154,0.7759683728218079,0.6748490929603577,-0.07961399853229523,0.7758662700653076,0.7123915553092957,-0.07749427109956741,0.7976118922233582,0.6842198967933655,-0.033943451941013336,0.805088996887207,0.6662538647651672,-0.06967879086732864,0.8004149794578552,0.7111456990242004,-0.06735146045684814,0.7945665717124939,0.7390129566192627,-0.055824246257543564,0.825420081615448,0.7046457529067993,-0.04247666895389557,0.833321750164032,0.6879922747612,-0.06145058199763298,0.8232414722442627,0.7199864983558655,-0.05580705404281616,0.8120193481445312,0.7423633933067322,-0.04637495055794716
0.8025909662246704,0.816201388835907,8.643245053008286e-08,0.7620826959609985,0.795880913734436,-0.02122540771961212,0.7251409888267517,0.766365647315979,-0.038380708545446396,0.689556896686554,0.7521851062774658,-0.056621916592121124,0.6583003997802734,0.7569933533668518,-0.07461321353912354,0.7334319949150085,0.6682919859886169,-0.023433173075318336,0.7175219655036926,0.591462254524231,-0.04646121338009834,0.7119551301002502,0.544106125831604,-0.060496579855680466,0.7087695002555847,0.5024963617324829,-0.07023927569389343,0.7660863399505615,0.6695771813392639,-0.028195803984999657,0.7714340686798096,0.624281644821167,-0.06880589574575424,0.7746790647506714,0.6747661232948303,-0.07946512848138809,0.774739682674408,0.7143720388412476,-0.07680331915616989,0.7970700860023499,0.6830534338951111,-0.03544560819864273,0.8025063872337341,0.6635878086090088,-0.07110598683357239,0.7976325154304504,0.7092520594596863,-0.06782648712396622,0.7913044691085815,0.7387667298316956,-0.05576469749212265,0.8251529335975647,0.7033341526985168,-0.044436629861593246,0.8310352563858032,0.684037983417511,-0.06326670944690704,0.8212640881538391,0.71622633934021,-0.05683367699384689,0.8104637861251831,0.7399640679359436,-0.04694133996963501
0.8031250834465027,0.816746711730957,8.722783206849272e-08,0.7619510293006897,0.7959533929824829,-0.020910320803523064,0.7248032689094543,0.7664042711257935,-0.03795849531888962,0.6884105801582336,0.7534079551696777,-0.056119244545698166,0.656801700592041,0.7575138211250305,-0.07398420572280884,0.7335990071296692,0.6695873737335205,-0.022706417366862297,0.7172988653182983,0.5932031869888306,-0.04583531990647316,0.7115892171859741,0.5456559062004089,-0.06007188931107521,0.7086843252182007,0.5039355158805847,-0.0699317529797554,0.7653540968894958,0.6703425645828247,-0.027604449540376663,0.7705343961715698,0.6251131296157837,-0.06769705563783646,0.7736034989356995,0.6747353672981262,-0.07813717424869537,0.7744013667106628,0.7137829661369324,-0.07547079771757126,0.7956019043922424,0.6834428310394287,-0.035072799772024155,0.8002556562423706,0.6626638174057007,-0.06975259631872177,0.7959821820259094,0.7078667879104614,-0.06576704978942871,0.7914975881576538,0.736857533454895,-0.05353841558098793,0.8232899308204651,0.704098641872406,-0.04440031200647354,0.8277938365936279,0.6867948770523071,-0.062340132892131805,0.8180589079856873,0.7183140516281128,-0.05557559058070183,0.8086344599723816,0.7406222224235535,-0.045659128576517105
0.8024653792381287,0.8160509467124939,8.922159366875348e-08,0.7610471844673157,0.795319139957428,-0.02113051526248455,0.7240970134735107,0.7654269337654114,-0.0384330153465271,0.6881948709487915,0.7510552406311035,-0.05697053298354149,0.6566630601882935,0.7545576095581055,-0.07513679563999176,0.7322427034378052,0.6676074266433716,-0.022362172603607178,0.7160259485244751,0.5907047390937805,-0.045888930559158325,0.7104480266571045,0.5432369709014893,-0.06026837229728699,0.7075411081314087,0.5016769766807556,-0.07028787583112717,0.7646481394767761,0.6683828234672546,-0.02751384861767292,0.7686963081359863,0.6228687763214111,-0.06869638711214066,0.7715152502059937,0.6741486191749573,-0.0795462429523468,0.7719911336898804,0.7118680477142334,-0.07688497006893158,0.7958616018295288,0.6813369393348694,-0.03529670462012291,0.7989814281463623,0.6625308394432068,-0.07128641754388809,0.7953754663467407,0.7084340453147888,-0.06739318370819092,0.7912571430206299,0.7355184555053711,-0.05484610050916672,0.824639081954956,0.7012133598327637,-0.044900115579366684,0.8279075622558594,0.6845774054527283,-0.06355767697095871,0.8186217546463013,0.7164553999900818,-0.056585170328617096,0.8097035884857178,0.7372002005577087,-0.04632829129695892
0.8033145070075989,0.8147842288017273,9.066855000128271e-08,0.7621461749076843,0.7934993505477905,-0.021520745009183884,0.7258320450782776,0.7626602053642273,-0.03908292204141617,0.6884593963623047,0.7471664547920227,-0.05792241916060448,0.6561331748962402,0.7519404888153076,-0.07644261419773102,0.7330110669136047,0.6660377383232117,-0.022381391376256943,0.717267632484436,0.5895437598228455,-0.045786164700984955,0.7116433382034302,0.542243242263794,-0.06030837446451187,0.7085755467414856,0.5000386238098145,-0.07066778093576431,0.7648903727531433,0.6668007969856262,-0.02730412222445011,0.7707921862602234,0.6215580701828003,-0.06855883449316025,0.7735921144485474,0.672496497631073,-0.07967948168516159,0.7735156416893005,0.7114638090133667,-0.07730187475681305,0.7956885099411011,0.6802637577056885,-0.03480060026049614,0.8002038598060608,0.6614308953285217,-0.07036501169204712,0.7958546280860901,0.7067109942436218,-0.0667291209101677,0.790562629699707,0.7346368432044983,-0.05456725135445595,0.823674201965332,0.7007741928100586,-0.044225435703992844,0.8283835053443909,0.6849882006645203,-0.06274040043354034,0.8183206915855408,0.715995728969574,-0.05635123699903488,0.8082850575447083,0.7368278503417969,-0.04667132720351219
0.805155873298645,0.8161037564277649,5.7558999344564654e-08,0.7643808126449585,0.7936787605285645,-0.018252868205308914,0.7256538271903992,0.7587952017784119,-0.03243578225374222,0.6883546113967896,0.7437919974327087,-0.0482451431453228,0.6564626097679138,0.7479777336120605,-0.06379633396863937,0.7325613498687744,0.6647259593009949,-0.01807444542646408,0.7172132134437561,0.5878620147705078,-0.04001843184232712,0.7116758227348328,0.5404359102249146,-0.05327310785651207,0.7085509896278381,0.49867379665374756,-0.06266683340072632,0.7638834714889526,0.6649391055107117,-0.023875409737229347,0.7706713676452637,0.6199812293052673,-0.06410897523164749,0.7743734121322632,0.672325611114502,-0.07432454824447632,0.7751139998435974,0.7117867469787598,-0.0710890144109726,0.7947297692298889,0.6774348616600037,-0.03209376335144043,0.8001191020011902,0.6587781310081482,-0.06655007600784302,0.7969027161598206,0.7057502269744873,-0.06206122040748596,0.7928971648216248,0.7329471111297607,-0.04938049986958504,0.8231031894683838,0.6976154446601868,-0.04199080914258957,0.8286741971969604,0.6829787492752075,-0.05966537073254585,0.8194494843482971,0.7154897451400757,-0.05277561396360397,0.8108887672424316,0.7351816892623901,-0.04279481619596481
0.8050968647003174,0.8164724707603455,5.300140415442911e-08,0.7641646862030029,0.7935718297958374,-0.0181149709969759,0.7252639532089233,0.7596883773803711,-0.032418325543403625,0.687915027141571,0.7439602017402649,-0.048467136919498444,0.656380295753479,0.7488071918487549,-0.06439682096242905,0.7322397828102112,0.6656896471977234,-0.018061939626932144,0.7165380120277405,0.5889418125152588,-0.0399850495159626,0.7109870314598083,0.5410351753234863,-0.053301017731428146,0.7080932259559631,0.49886083602905273,-0.06276100873947144,0.7640147805213928,0.6658088564872742,-0.02398381382226944,0.7704967856407166,0.6193404197692871,-0.06397146731615067,0.774488091468811,0.6716819405555725,-0.07407048344612122,0.7754910588264465,0.7123922109603882,-0.07089769095182419,0.7950634360313416,0.6784892082214355,-0.0323302261531353,0.799981415271759,0.6574018597602844,-0.06682007014751434,0.7968723773956299,0.7042151689529419,-0.06246457248926163,0.7931593060493469,0.733190655708313,-0.04988192394375801,0.8235915303230286,0.6990100741386414,-0.04232112690806389,0.8286145329475403,0.6828504800796509,-0.0603458546102047,0.8194898366928101,0.7147484421730042,-0.05379759520292282,0.8110485672950745,0.7356114387512207,-0.044039227068424225
0.8048598170280457,0.8150429725646973,5.406238301475241e-08,0.7644960880279541,0.7918269634246826,-0.018478646874427795,0.7255947589874268,0.7570425868034363,-0.03268628194928169,0.687605619430542,0.7412939667701721,-0.04857534542679787,0.6556352972984314,0.7469099760055542,-0.06424487382173538,0.7323397397994995,0.6637572646141052,-0.01841270551085472,0.7173217535018921,0.5867998600006104,-0.04085240140557289,0.712017834186554,0.5393279790878296,-0.05411199852824211,0.7089625000953674,0.4968092441558838,-0.06339289247989655,0.764384388923645,0.6630969047546387,-0.02414172887802124,0.7724840641021729,0.6171953082084656,-0.06538950651884079,0.7761086225509644,0.6707466840744019,-0.07592704147100449,0.7758548855781555,0.710403561592102,-0.07246648520231247,0.7957354784011841,0.6750799417495728,-0.0322454534471035,0.804045557975769,0.6606694459915161,-0.06778868287801743,0.8001657128334045,0.7078043222427368,-0.06418222934007645,0.7945576310157776,0.7343475818634033,-0.0515742301940918,0.8239426016807556,0.6948288679122925,-0.04197077825665474,0.8320407271385193,0.6837598085403442,-0.05981691926717758,0.8225530385971069,0.7162343859672546,-0.05340417101979256,0.8126304149627686,0.7355753779411316,-0.04360459744930267
0.8040316700935364,0.8110633492469788,3.2662462956523086e-08,0.7649622559547424,0.7890273332595825,-0.017990995198488235,0.7257292866706848,0.7529653906822205,-0.03127816319465637,0.6885542869567871,0.7377089262008667,-0.04606366530060768,0.6563655138015747,0.744331955909729,-0.06068495288491249,0.7328927516937256,0.6597048044204712,-0.01845935918390751,0.7180156111717224,0.5822730660438538,-0.03943338245153427,0.7130306959152222,0.5354342460632324,-0.051403433084487915,0.710119366645813,0.49442344903945923,-0.05981890484690666,0.7643716335296631,0.6602144837379456,-0.023640962317585945,0.7723826766014099,0.6160945296287537,-0.06337045133113861,0.7773333191871643,0.6693404912948608,-0.072832852602005,0.7777163982391357,0.7104710936546326,-0.06886892020702362,0.7952220439910889,0.672431468963623,-0.03111022152006626,0.8026752471923828,0.6571789383888245,-0.06546689569950104,0.7996989488601685,0.7049822807312012,-0.0616060234606266,0.794234573841095,0.7334672808647156,-0.04915923252701759,0.8235267400741577,0.6918110251426697,-0.04010443761944771,0.8308582901954651,0.6796886920928955,-0.057990022003650665,0.8214526176452637,0.7133371829986572,-0.05204412713646889,0.8108236789703369,0.7346480488777161,-0.042669627815485
0.8025102019309998,0.8091577291488647,3.963050687616487e-08,0.7638986110687256,0.7872069478034973,-0.01803085021674633,0.7256443500518799,0.7513178586959839,-0.0314047671854496,0.6886125206947327,0.7346864938735962,-0.04629869759082794,0.6568235158920288,0.7406669855117798,-0.06106177717447281,0.7324271202087402,0.6593695282936096,-0.01900787279009819,0.7177261114120483,0.5821003913879395,-0.0406644344329834,0.7133709192276001,0.534842848777771,-0.05347495526075363,0.7119210958480835,0.49326592683792114,-0.06256095319986343,0.7644472718238831,0.6595188975334167,-0.024346334859728813,0.7720404863357544,0.6156267523765564,-0.0645727589726448,0.7763519883155823,0.6677734851837158,-0.07464125752449036,0.7773318290710449,0.7079256772994995,-0.07130012661218643,0.7956091165542603,0.6722393035888672,-0.031976379454135895,0.8017929196357727,0.6555858850479126,-0.06656725704669952,0.7978449463844299,0.7016305923461914,-0.06305481493473053,0.7926698923110962,0.7293927073478699,-0.051043231040239334,0.8236885666847229,0.6927262544631958,-0.04120108112692833,0.830977201461792,0.6796812415122986,-0.059855297207832336,0.8204525113105774,0.7114008665084839,-0.05458842217922211,0.8096798062324524,0.7324140071868896,-0.04569615423679352
0.8015685081481934,0.8088955879211426,5.394394975155592e-08,0.7627227902412415,0.7866457104682922,-0.018349621444940567,0.7254294157028198,0.7508665323257446,-0.03237025812268257,0.6893270015716553,0.7346962690353394,-0.047920696437358856,0.6578598618507385,0.7397583723068237,-0.06332159042358398,0.7328313589096069,0.6595303416252136,-0.01941678300499916,0.7182721495628357,0.5823759436607361,-0.041534144431352615,0.7139015197753906,0.5354887247085571,-0.054903410375118256,0.71238112449646,0.4936877489089966,-0.06441321969032288,0.7643948793411255,0.6600720286369324,-0.025108134374022484,0.7721415758132935,0.6155587434768677,-0.06527948379516602,0.7754909992218018,0.6665000319480896,-0.07571254670619965,0.7761573791503906,0.7052443027496338,-0.07293704897165298,0.7949747443199158,0.6727613806724548,-0.0331735834479332,0.8011903166770935,0.6526057124137878,-0.06767940521240234,0.7973182201385498,0.6986513137817383,-0.063766710460186,0.7928747534751892,0.7260990738868713,-0.051775239408016205,0.8229967951774597,0.6932728290557861,-0.04295109212398529,0.8305041790008545,0.678244411945343,-0.0617673359811306,0.8204628229141235,0.7102917432785034,-0.05612525716423988,0.8105522394180298,0.73114013671875,-0.04706130549311638
0.8019106984138489,0.8077608346939087,6.244215455808444e-08,0.7628762125968933,0.7848418951034546,-0.018307529389858246,0.7257804274559021,0.7497094869613647,-0.03219663351774216,0.6890413165092468,0.7340821623802185,-0.047660913318395615,0.6576341390609741,0.739802360534668,-0.06300806254148483,0.7335916757583618,0.6588786840438843,-0.018619952723383904,0.7193955183029175,0.5823680758476257,-0.04026105999946594,0.7148548364639282,0.5356615781784058,-0.05338922515511513,0.7131035327911377,0.49402928352355957,-0.06271074712276459,0.7647334337234497,0.6593279242515564,-0.023923562839627266,0.7726634740829468,0.6145618557929993,-0.06395965814590454,0.7761459350585938,0.6640892624855042,-0.07475283741950989,0.7767629027366638,0.7038087844848633,-0.07208780199289322,0.7949540019035339,0.671502411365509,-0.03150717169046402,0.8014018535614014,0.6527339220046997,-0.0660175234079361,0.7973053455352783,0.6989439725875854,-0.06278030574321747,0.7922734618186951,0.7286074161529541,-0.05095716565847397,0.8223747611045837,0.6911502480506897,-0.04074975848197937,0.829252302646637,0.6778039932250977,-0.05938047170639038,0.8193592429161072,0.7102104425430298,-0.05405217036604881,0.8094653487205505,0.7327014207839966,-0.04508018121123314
0.8015044927597046,0.8088107109069824,6.793778339897472e-08,0.7625942230224609,0.7849574685096741,-0.01855384185910225,0.7256397604942322,0.749264121055603,-0.0324852280318737,0.6893408298492432,0.7338398098945618,-0.04802544042468071,0.6578503251075745,0.7400570511817932,-0.06343859434127808,0.7342403531074524,0.6579926609992981,-0.01807892695069313,0.7200360298156738,0.5816731452941895,-0.039812974631786346,0.715316116809845,0.5347900390625,-0.05308237299323082,0.712919294834137,0.49346810579299927,-0.06255590915679932,0.7652207612991333,0.6595190763473511,-0.02362789213657379,0.7719104290008545,0.6146848797798157,-0.06412927061319351,0.7759877443313599,0.6644659042358398,-0.07535942643880844,0.777182936668396,0.7040311098098755,-0.07284992188215256,0.7952761650085449,0.6728745698928833,-0.031567420810461044,0.8008750677108765,0.6541321277618408,-0.06681162863969803,0.7974424362182617,0.6998769044876099,-0.06405723094940186,0.7929120063781738,0.7288969159126282,-0.05230901762843132,0.8227033615112305,0.6934476494789124,-0.041162095963954926,0.8295758962631226,0.6786878108978271,-0.060291439294815063,0.8198499083518982,0.7104406952857971,-0.05516843870282173,0.8099508881568909,0.7324003577232361,-0.04623962566256523
0.8011706471443176,0.806973934173584,6.676507524616682e-08,0.7634789943695068,0.7862525582313538,-0.0204378142952919,0.7266266942024231,0.7513107061386108,-0.03542324900627136,0.69049072265625,0.7339565753936768,-0.051474396139383316,0.6587119698524475,0.7394554018974304,-0.06727848947048187,0.7345728278160095,0.6580182313919067,-0.021153263747692108,0.7201711535453796,0.5809736251831055,-0.0429568886756897,0.715874195098877,0.5342205762863159,-0.055927835404872894,0.7139776349067688,0.4927992820739746,-0.06521632522344589,0.766062319278717,0.6591700911521912,-0.025674400851130486,0.7740184664726257,0.6157424449920654,-0.06609485298395157,0.7789663076400757,0.6659993529319763,-0.07670287787914276,0.7798932790756226,0.7048826813697815,-0.07388032227754593,0.7962357997894287,0.6721980571746826,-0.03259703889489174,0.8032081723213196,0.6555798649787903,-0.06764227151870728,0.8004199266433716,0.7006818056106567,-0.06436096131801605,0.7952284216880798,0.7280771136283875,-0.052496813237667084,0.8235189318656921,0.692254900932312,-0.04131779819726944,0.8311569094657898,0.6787853837013245,-0.06003720313310623,0.8223724961280823,0.7110435962677002,-0.05436645820736885,0.8122215867042542,0.7324371337890625,-0.04520859941840172
0.7990431785583496,0.8078027963638306,6.487999115734056e-08,0.7595988512039185,0.785537838935852,-0.020527204498648643,0.7243099212646484,0.7526578903198242,-0.03657035529613495,0.6891027688980103,0.7361247539520264,-0.053906526416540146,0.6580575704574585,0.7407272458076477,-0.07108788937330246,0.7343429327011108,0.6589217185974121,-0.02065116912126541,0.7204081416130066,0.5832545757293701,-0.04292070493102074,0.7154088020324707,0.5369409322738647,-0.05674656108021736,0.7128705978393555,0.4962866008281708,-0.0663447380065918,0.7663693428039551,0.6598638296127319,-0.025270039215683937,0.7717663645744324,0.6199402213096619,-0.06478564441204071,0.7744318246841431,0.6690020561218262,-0.07557785511016846,0.7752448916435242,0.7076300382614136,-0.07311484217643738,0.7963966131210327,0.6724387407302856,-0.03246418759226799,0.7992956042289734,0.6557750701904297,-0.06669110059738159,0.7947532534599304,0.7013144493103027,-0.06343692541122437,0.7905068397521973,0.7309319376945496,-0.05163257569074631,0.8238332867622375,0.6922706365585327,-0.041534680873155594,0.8276220560073853,0.6794591546058655,-0.05978434532880783,0.8175989389419556,0.7112719416618347,-0.05399557948112488,0.8083001375198364,0.733879804611206,-0.04454579949378967
0.7978491187095642,0.8098426461219788,7.492074871606746e-08,0.7575715780258179,0.7878532409667969,-0.019545365124940872,0.7213349938392639,0.7545782327651978,-0.035184964537620544,0.6858035326004028,0.737830400466919,-0.052301857620477676,0.6547409892082214,0.7426907420158386,-0.06938103586435318,0.732219934463501,0.66119784116745,-0.020661955699324608,0.7183789014816284,0.585460901260376,-0.042857494205236435,0.7130720019340515,0.5383418798446655,-0.056572772562503815,0.7101670503616333,0.49744701385498047,-0.06613736599683762,0.7636048793792725,0.6631478667259216,-0.026149706915020943,0.7699579000473022,0.6216692328453064,-0.06550169736146927,0.7723281383514404,0.67002934217453,-0.07594679296016693,0.7731496691703796,0.7088161706924438,-0.07328830659389496,0.7933116555213928,0.6770365238189697,-0.03409571200609207,0.798484742641449,0.658048689365387,-0.06786353141069412,0.7939371466636658,0.7028411030769348,-0.06405658274888992,0.7898650765419006,0.7320830821990967,-0.052120305597782135,0.8206338286399841,0.6986271142959595,-0.04391806200146675,0.8268656134605408,0.6839805245399475,-0.06185481324791908,0.8167055249214172,0.7152513861656189,-0.055727388709783554,0.8071774244308472,0.7374730110168457,-0.04621986672282219
0.7970095276832581,0.8123953342437744,7.715675565123092e-08,0.7578280568122864,0.7890323996543884,-0.01988634653389454,0.7213208079338074,0.7539113163948059,-0.03549054265022278,0.6848481893539429,0.7367950677871704,-0.052535928785800934,0.6534656286239624,0.7433643937110901,-0.0695716068148613,0.7313216924667358,0.6617898941040039,-0.020003410056233406,0.7170199751853943,0.5862748622894287,-0.04218672215938568,0.7119159698486328,0.5388960242271423,-0.056080181151628494,0.7093038558959961,0.49811694025993347,-0.06587393581867218,0.7636862397193909,0.6633641719818115,-0.02545338310301304,0.7674921154975891,0.622662365436554,-0.06608055531978607,0.7697734832763672,0.6734656095504761,-0.07717675715684891,0.7710747122764587,0.713486909866333,-0.07449562847614288,0.794247567653656,0.6774417757987976,-0.03334810212254524,0.7960542440414429,0.6600062251091003,-0.06809251755475998,0.7914431691169739,0.7060322165489197,-0.06425094604492188,0.7876877188682556,0.7354069352149963,-0.05180653557181358,0.8215042352676392,0.6987202167510986,-0.04308238998055458,0.8249637484550476,0.6842768788337708,-0.061053045094013214,0.814943790435791,0.7154279351234436,-0.054394278675317764,0.8065739870071411,0.7363157868385315,-0.044336944818496704
0.7968883514404297,0.8123416304588318,5.506349154416057e-08,0.7573676109313965,0.7900477647781372,-0.01807914674282074,0.7197877764701843,0.7547336220741272,-0.032603245228528976,0.6837506890296936,0.7378023266792297,-0.04881829023361206,0.6530253887176514,0.7447931170463562,-0.0651799887418747,0.7297659516334534,0.6630244255065918,-0.019133785739541054,0.7165368795394897,0.5867694020271301,-0.04070793464779854,0.7120800018310547,0.5398789048194885,-0.05401257798075676,0.7098107933998108,0.4989253282546997,-0.06344704329967499,0.7618215084075928,0.6641884446144104,-0.02529292367398739,0.7675367593765259,0.6235263347625732,-0.06422583013772964,0.7700885534286499,0.6755940318107605,-0.07411794364452362,0.7706634402275085,0.715048611164093,-0.07110235095024109,0.7925240397453308,0.6776131391525269,-0.033761776983737946,0.7963364720344543,0.6595972180366516,-0.06712305545806885,0.7919595837593079,0.7072299718856812,-0.06222441792488098,0.7877968549728394,0.7361664175987244,-0.049665216356515884,0.8204527497291565,0.6989763975143433,-0.04397747665643692,0.8260791897773743,0.6846038103103638,-0.0612637922167778,0.8161299824714661,0.7180317044258118,-0.053941674530506134,0.8072760701179504,0.7397826910018921,-0.043751318007707596
0.7964404821395874,0.8115358352661133,6.002311181418918e-08,0.7569891810417175,0.7899690270423889,-0.019592298194766045,0.7195211052894592,0.7552785277366638,-0.034981224685907364,0.6838328242301941,0.7381045818328857,-0.05184248089790344,0.6527248024940491,0.7442550659179688,-0.06868176907300949,0.7295922636985779,0.6628993153572083,-0.019998999312520027,0.715004563331604,0.5866854786872864,-0.04175037518143654,0.7104264497756958,0.5399396419525146,-0.05525617673993111,0.7084046602249146,0.49963080883026123,-0.06474799662828445,0.7613755464553833,0.664523720741272,-0.025361891835927963,0.7666313648223877,0.623837947845459,-0.06496178358793259,0.7697883248329163,0.6751351356506348,-0.07526665180921555,0.7707651853561401,0.7155987620353699,-0.07252819091081619,0.7916898727416992,0.6777178049087524,-0.03322366252541542,0.7957323789596558,0.6579660773277283,-0.06794051080942154,0.7913597822189331,0.7053554058074951,-0.06385820358991623,0.7867273688316345,0.7369823455810547,-0.05150434747338295,0.8194306492805481,0.6982612609863281,-0.04282648116350174,0.8249543309211731,0.6793637871742249,-0.06159503385424614,0.8150917887687683,0.7129006385803223,-0.05493542179465294,0.8054763674736023,0.7379696369171143,-0.04493333026766777
0.7971975803375244,0.8156518340110779,7.017835201850176e-08,0.7576287984848022,0.7935763597488403,-0.01955322176218033,0.7194027900695801,0.7571669220924377,-0.034828390926122665,0.6829243898391724,0.738775908946991,-0.05157577246427536,0.6517240405082703,0.744579553604126,-0.06835751235485077,0.7296321988105774,0.6648932099342346,-0.020544344559311867,0.7150644063949585,0.5882033109664917,-0.043357014656066895,0.710229218006134,0.5406292676925659,-0.05748932436108589,0.7079192399978638,0.4989975690841675,-0.06741952896118164,0.7615764141082764,0.6664091348648071,-0.02638915926218033,0.7676212191581726,0.6228440999984741,-0.06719838082790375,0.7702171802520752,0.675105094909668,-0.07782457768917084,0.7707992792129517,0.7143733501434326,-0.07501024007797241,0.7921717762947083,0.6802056431770325,-0.03467122092843056,0.7971623539924622,0.659473180770874,-0.0703125074505806,0.792443037033081,0.7080792784690857,-0.0657426044344902,0.7876413464546204,0.7374763488769531,-0.05286680907011032,0.8197503089904785,0.7016704082489014,-0.04471936449408531,0.8268353939056396,0.6830527782440186,-0.06381688266992569,0.8165254592895508,0.7171369791030884,-0.056665774434804916,0.8067926168441772,0.739682137966156,-0.04627859964966774
0.7981100678443909,0.8119171857833862,6.468707880458169e-08,0.75797039270401,0.790963888168335,-0.020149586722254753,0.7197877764701843,0.7575029134750366,-0.03576857969164848,0.6834428906440735,0.7406939268112183,-0.052688371390104294,0.6518466472625732,0.7445389628410339,-0.06929854303598404,0.729734480381012,0.6633901596069336,-0.020902490243315697,0.7142519354820251,0.5861131548881531,-0.042845483869314194,0.7094569206237793,0.53920578956604,-0.056142862886190414,0.7075793147087097,0.49872034788131714,-0.06544994562864304,0.7609853744506836,0.6647873520851135,-0.025772200897336006,0.7662853598594666,0.6244968175888062,-0.06578195095062256,0.7698681354522705,0.6747685074806213,-0.07632612437009811,0.7714362144470215,0.7144838571548462,-0.0736256092786789,0.7910898923873901,0.6776611804962158,-0.03311316668987274,0.7948812246322632,0.659791111946106,-0.0676836222410202,0.7908723950386047,0.7060887813568115,-0.06393302232027054,0.786920964717865,0.7359017133712769,-0.051858216524124146,0.8190294504165649,0.6976346969604492,-0.04227283224463463,0.8236575722694397,0.6829763054847717,-0.06086180359125137,0.813823401927948,0.7154158353805542,-0.05484433099627495,0.804747462272644,0.7379350662231445,-0.045292310416698456
0.79677814245224,0.8120373487472534,5.034623740129973e-08,0.7574623823165894,0.7918105125427246,-0.020204484462738037,0.7195726037025452,0.7571174502372742,-0.03536653891205788,0.6833734512329102,0.7395339012145996,-0.051775068044662476,0.6516680121421814,0.7437324523925781,-0.0680854395031929,0.7283750176429749,0.6637033820152283,-0.021066900342702866,0.7131102085113525,0.587418258190155,-0.043499354273080826,0.7084547281265259,0.5401819944381714,-0.05733996629714966,0.7067694067955017,0.4984794855117798,-0.06703009456396103,0.76051926612854,0.6638729572296143,-0.025756681337952614,0.7656620144844055,0.6251301765441895,-0.06654781103134155,0.7694336771965027,0.6775707602500916,-0.077199287712574,0.7712876796722412,0.7176967859268188,-0.07430631667375565,0.7913404703140259,0.6765444278717041,-0.03285931423306465,0.7941260933876038,0.6612821817398071,-0.06806637346744537,0.790462851524353,0.709235668182373,-0.06393668800592422,0.7868810296058655,0.7388493418693542,-0.051288045942783356,0.8191937804222107,0.6965053677558899,-0.04178507626056671,0.8234017491340637,0.6838546395301819,-0.0605895072221756,0.8137742280960083,0.71726393699646,-0.05419163405895233,0.80523681640625,0.7390941977500916,-0.044188182801008224
0.7961536645889282,0.8114535212516785,4.948816467731376e-08,0.7571873664855957,0.7914862036705017,-0.019505999982357025,0.7193794250488281,0.7562636137008667,-0.034362778067588806,0.6839617490768433,0.7388756275177002,-0.050492968410253525,0.6523674130439758,0.7424342036247253,-0.06655752658843994,0.7278522849082947,0.6633378863334656,-0.020777594298124313,0.7134682536125183,0.586921215057373,-0.042946405708789825,0.7088281512260437,0.5399534106254578,-0.056522056460380554,0.7069542407989502,0.49891647696495056,-0.06609515100717545,0.7598467469215393,0.664043128490448,-0.02608780935406685,0.7656176090240479,0.624107837677002,-0.06622042506933212,0.7693572044372559,0.6764711737632751,-0.07653733342885971,0.7709143757820129,0.7167806625366211,-0.07361943274736404,0.7906691431999207,0.6766644716262817,-0.03380293399095535,0.7938888072967529,0.6586605906486511,-0.06831156462430954,0.7905235290527344,0.7064654231071472,-0.0637112557888031,0.7868537902832031,0.7359031438827515,-0.05118035525083542,0.8188076019287109,0.6969509720802307,-0.043325964361429214,0.8232775926589966,0.6838282942771912,-0.06206003949046135,0.8141612410545349,0.7176797389984131,-0.05545968562364578,0.8058003187179565,0.7394798398017883,-0.04550483450293541
0.7953335046768188,0.8144210577011108,5.236908151573516e-08,0.7563343644142151,0.7931253910064697,-0.01973993331193924,0.7185725569725037,0.7572190165519714,-0.03470681980252266,0.6825781464576721,0.7393624186515808,-0.051058776676654816,0.6512172222137451,0.7427191734313965,-0.06728509813547134,0.7278439998626709,0.663815438747406,-0.020284859463572502,0.7133418321609497,0.5876778960227966,-0.04301074147224426,0.7086334824562073,0.540516197681427,-0.05692337080836296,0.7067267894744873,0.4989684224128723,-0.0666382908821106,0.7596290707588196,0.6647610664367676,-0.025583866983652115,0.7654051780700684,0.6249683499336243,-0.06706222891807556,0.7690042853355408,0.6781800985336304,-0.07797221839427948,0.770683228969574,0.7187361121177673,-0.07496587187051773,0.7901602387428284,0.6778652667999268,-0.033350635319948196,0.7948139309883118,0.6627921462059021,-0.06922513991594315,0.7905696630477905,0.7112160325050354,-0.06536111980676651,0.7861522436141968,0.7401909232139587,-0.0527300201356411,0.8175467848777771,0.698506236076355,-0.04290740564465523,0.8241455554962158,0.6856576204299927,-0.06210377439856529,0.81382155418396,0.7199046611785889,-0.055880360305309296,0.8040525913238525,0.741551399230957,-0.04597586393356323
0.7939585447311401,0.8151170611381531,4.885208326754764e-08,0.7541240453720093,0.7924249172210693,-0.01902393437922001,0.7174857258796692,0.7577632665634155,-0.033908843994140625,0.682754397392273,0.7408801317214966,-0.05033429339528084,0.6517945528030396,0.7446839809417725,-0.06678090989589691,0.7280030846595764,0.6658080220222473,-0.019428253173828125,0.713625967502594,0.5899624228477478,-0.04175814241170883,0.7087401151657104,0.5429766178131104,-0.0557650662958622,0.7067113518714905,0.5010179877281189,-0.06568101793527603,0.7600275278091431,0.666304349899292,-0.024969326332211494,0.7634817361831665,0.626940906047821,-0.06520190089941025,0.7661275267601013,0.6777376532554626,-0.0762096494436264,0.7687401175498962,0.7172591090202332,-0.07388243079185486,0.7905064821243286,0.6786607503890991,-0.032985128462314606,0.7920737862586975,0.6607696413993835,-0.0677681639790535,0.7875710725784302,0.7079975008964539,-0.06407187134027481,0.784976601600647,0.7382981777191162,-0.052021872252225876,0.8186042904853821,0.6985163688659668,-0.04278959706425667,0.8218912482261658,0.6861823797225952,-0.06166442483663559,0.8117809295654297,0.7197104096412659,-0.055845826864242554,0.8041048645973206,0.7422625422477722,-0.0464409701526165
0.7927604913711548,0.8122090697288513,4.5647492896705444e-08,0.7528029084205627,0.7926984429359436,-0.01956474408507347,0.7154875993728638,0.7590529918670654,-0.03516875207424164,0.680808424949646,0.7417101860046387,-0.05212503299117088,0.6498658657073975,0.7464021444320679,-0.06894902884960175,0.7270143628120422,0.6648450493812561,-0.02109896019101143,0.7133380770683289,0.5886961817741394,-0.043665897101163864,0.7086010575294495,0.541890025138855,-0.05746844783425331,0.7066269516944885,0.5008813142776489,-0.06718187034130096,0.7596426606178284,0.6651012301445007,-0.026456685736775398,0.7641109824180603,0.6286880373954773,-0.06608115136623383,0.7670336961746216,0.6813533902168274,-0.07584118843078613,0.769044041633606,0.7197314500808716,-0.07276570796966553,0.7904507517814636,0.677426815032959,-0.034364864230155945,0.7926038503646851,0.6627596020698547,-0.06770605593919754,0.7883119583129883,0.709620475769043,-0.06253550946712494,0.7850036025047302,0.7366200089454651,-0.05003171041607857,0.8189764618873596,0.6974738836288452,-0.04424554482102394,0.8229774832725525,0.6880209445953369,-0.0614297054708004,0.8121336102485657,0.7208513617515564,-0.05452301353216171,0.8028969764709473,0.7402018904685974,-0.04470660910010338
0.793777346611023,0.8129829168319702,5.196410768348869e-08,0.7541661262512207,0.7947989106178284,-0.021014560014009476,0.7167742848396301,0.7619680762290955,-0.03701581433415413,0.6816054582595825,0.7444435358047485,-0.05393143370747566,0.6502674221992493,0.7473322153091431,-0.07056058943271637,0.7269984483718872,0.6663898229598999,-0.022742142900824547,0.7123247981071472,0.5904356837272644,-0.0455021895468235,0.7078946828842163,0.5436387062072754,-0.05929337069392204,0.7056474685668945,0.5023150444030762,-0.06889745593070984,0.7589221000671387,0.6670222878456116,-0.0271762665361166,0.7656048536300659,0.6290091872215271,-0.0674571692943573,0.7695199251174927,0.6808247566223145,-0.07760802656412125,0.7703885436058044,0.7191664576530457,-0.07463867217302322,0.7889796495437622,0.679531455039978,-0.0341230183839798,0.7945259809494019,0.664635419845581,-0.06888651102781296,0.7904567718505859,0.7118424773216248,-0.06451527029275894,0.7850222587585449,0.7398470044136047,-0.05210491269826889,0.816444993019104,0.6993128061294556,-0.04299168288707733,0.8227861523628235,0.6883125305175781,-0.06149113550782204,0.8127322196960449,0.7222881317138672,-0.0549747571349144,0.8019521236419678,0.7438594102859497,-0.045117590576410294
0.7951269745826721,0.8195430636405945,5.856562523831599e-08,0.7558761239051819,0.7989110946655273,-0.020812321454286575,0.7176038026809692,0.7614713907241821,-0.035737380385398865,0.6807072162628174,0.7428355813026428,-0.05187392979860306,0.648886501789093,0.7474462389945984,-0.06767069548368454,0.726498544216156,0.6682288646697998,-0.019362127408385277,0.7112622857093811,0.5920861959457397,-0.042049359530210495,0.7065584063529968,0.5448795557022095,-0.055967483669519424,0.7044477462768555,0.5029264092445374,-0.06576978415250778,0.7579385638237,0.6683084964752197,-0.024020196869969368,0.7644633650779724,0.6280901432037354,-0.06502576917409897,0.768666684627533,0.680588960647583,-0.07605941593647003,0.770358681678772,0.718679666519165,-0.0732320100069046,0.7880776524543762,0.6804177761077881,-0.03136784955859184,0.7933292984962463,0.6634056568145752,-0.06678267568349838,0.7894260883331299,0.7113563418388367,-0.06324831396341324,0.784925639629364,0.7389805316925049,-0.05100033059716225,0.8158819675445557,0.7004683017730713,-0.040684774518013,0.8230910897254944,0.6901179552078247,-0.059893444180488586,0.8125718235969543,0.7240971326828003,-0.05439473316073418,0.8020343780517578,0.7449706792831421,-0.045068640261888504
0.7952377200126648,0.8160721063613892,3.513353519224438e-08,0.7557893395423889,0.7955428957939148,-0.019307170063257217,0.7166502475738525,0.7609456777572632,-0.033584583550691605,0.6805748343467712,0.744105875492096,-0.04906287416815758,0.649614155292511,0.7473165392875671,-0.06422506272792816,0.7258373498916626,0.667177140712738,-0.019790876656770706,0.7107528448104858,0.5903539061546326,-0.041443340480327606,0.706058919429779,0.5432956218719482,-0.05459052324295044,0.7045190930366516,0.5023579597473145,-0.06385010480880737,0.7576321363449097,0.6671229004859924,-0.024484409019351006,0.7635491490364075,0.6294505596160889,-0.06402869522571564,0.7683264017105103,0.6806672811508179,-0.07408834248781204,0.7709863185882568,0.7202596664428711,-0.07113531976938248,0.788154661655426,0.6787251830101013,-0.03164813295006752,0.7917497754096985,0.6622862219810486,-0.06550060212612152,0.7885417938232422,0.7087362408638,-0.061308737844228745,0.7852149605751038,0.7381418943405151,-0.04919815808534622,0.8167204260826111,0.6980221271514893,-0.0406348742544651,0.8207229375839233,0.6877565979957581,-0.0591031052172184,0.8113258481025696,0.7209070920944214,-0.0533829890191555,0.8028055429458618,0.742843508720398,-0.04410505294799805
0.794740617275238,0.8143327236175537,3.326622532995316e-08,0.7558448314666748,0.7946795225143433,-0.019789068028330803,0.717333197593689,0.7599555253982544,-0.03455989062786102,0.6814868450164795,0.7423985600471497,-0.05049858242273331,0.6496270895004272,0.7451062202453613,-0.06635808944702148,0.7252557277679443,0.6665095686912537,-0.02160089835524559,0.7110731601715088,0.5896027684211731,-0.04424557089805603,0.7069515585899353,0.542783796787262,-0.057978708297014236,0.7053484916687012,0.5012128949165344,-0.06763262301683426,0.7573263645172119,0.6670465469360352,-0.026471052318811417,0.7633944153785706,0.6291850209236145,-0.0677889734506607,0.7692698240280151,0.6828993558883667,-0.07826855033636093,0.7718427777290344,0.7225042581558228,-0.07530605047941208,0.7883479595184326,0.6793922781944275,-0.033713653683662415,0.793207049369812,0.6638844609260559,-0.06984303146600723,0.7910024523735046,0.7126064896583557,-0.06548861414194107,0.7870123982429504,0.7420099973678589,-0.0526958703994751,0.8166526556015015,0.699047327041626,-0.04265567660331726,0.8220784664154053,0.6861617565155029,-0.06266868114471436,0.8131675720214844,0.721595823764801,-0.05636898800730705,0.8038485646247864,0.7444600462913513,-0.0463453009724617
0.7953056693077087,0.816696286201477,3.652710134360859e-08,0.7561946511268616,0.7959925532341003,-0.01952846720814705,0.7183629274368286,0.7601203322410583,-0.03417319059371948,0.6829425096511841,0.7422463893890381,-0.05012725666165352,0.6509789228439331,0.7444979548454285,-0.06589919328689575,0.7257069945335388,0.6665295958518982,-0.020269395783543587,0.7108275890350342,0.5904432535171509,-0.04296332970261574,0.7066866159439087,0.5436654090881348,-0.056953661143779755,0.705312192440033,0.5019378662109375,-0.06679229438304901,0.757279098033905,0.6669219732284546,-0.02545120008289814,0.763336718082428,0.6283389329910278,-0.06638406962156296,0.7681018114089966,0.6814013719558716,-0.07711682468652725,0.7702535390853882,0.7202410697937012,-0.07441959530115128,0.7879705429077148,0.6793760657310486,-0.033113669604063034,0.7924885153770447,0.662943959236145,-0.06882471591234207,0.7893115878105164,0.7112007737159729,-0.06477060914039612,0.7854085564613342,0.7399362325668335,-0.05232030525803566,0.8161289095878601,0.6993789672851562,-0.04252844676375389,0.821026623249054,0.6865690350532532,-0.062327828258275986,0.8111976385116577,0.7210439443588257,-0.056331172585487366,0.801765501499176,0.7430318593978882,-0.04659188911318779
0.7942250967025757,0.8154195547103882,4.609756132367693e-08,0.7546350359916687,0.7938883304595947,-0.01947879046201706,0.7172189950942993,0.7601844072341919,-0.03451918810606003,0.682084321975708,0.7429278492927551,-0.05092908814549446,0.6504185199737549,0.7450222373008728,-0.06721745431423187,0.7262408137321472,0.6668537855148315,-0.020714394748210907,0.7110657691955566,0.5906199216842651,-0.04335559532046318,0.7066276669502258,0.5439072251319885,-0.057383377104997635,0.7051476836204529,0.5025107264518738,-0.06711200624704361,0.7582184076309204,0.6677961945533752,-0.025807272642850876,0.763020396232605,0.6290916204452515,-0.0666419044137001,0.7673765420913696,0.6796340942382812,-0.07767927646636963,0.7701845765113831,0.7196996212005615,-0.07514579594135284,0.7888436317443848,0.6804682016372681,-0.033340346068143845,0.7920722365379333,0.6665968298912048,-0.06865151226520538,0.7887144684791565,0.7126075625419617,-0.06531526893377304,0.7856276631355286,0.7423892617225647,-0.05325692892074585,0.8166909217834473,0.7000991106033325,-0.04263131693005562,0.8202956914901733,0.6884855031967163,-0.06185758486390114,0.8104966878890991,0.7213121056556702,-0.056240081787109375,0.801755428314209,0.7439889907836914,-0.04675258323550224
0.792891263961792,0.8158715963363647,4.967768774122305e-08,0.753817617893219,0.7939366102218628,-0.019646018743515015,0.7165898084640503,0.7594723105430603,-0.03451943397521973,0.6814896464347839,0.7424818873405457,-0.05070574954152107,0.6499069929122925,0.7449350357055664,-0.06673723459243774,0.7257515788078308,0.6658923625946045,-0.02088344655930996,0.7110126614570618,0.5893571972846985,-0.043673913925886154,0.7067193388938904,0.5422584414482117,-0.05776161327958107,0.7052242755889893,0.5009058713912964,-0.06746359169483185,0.7578529715538025,0.6671419143676758,-0.025822144001722336,0.7644619941711426,0.6292771697044373,-0.0670686662197113,0.768421471118927,0.6809427738189697,-0.07816251367330551,0.7699881196022034,0.7215083241462708,-0.07545831799507141,0.7884878516197205,0.6802939772605896,-0.03317168727517128,0.7934821844100952,0.6671113967895508,-0.06867694854736328,0.7894562482833862,0.7136142253875732,-0.06530116498470306,0.785015344619751,0.7435231804847717,-0.053087301552295685,0.8158073425292969,0.7007123827934265,-0.0422920398414135,0.821223258972168,0.6901748776435852,-0.06153591722249985,0.8111374974250793,0.7233790159225464,-0.055802203714847565,0.8015558123588562,0.7459720373153687,-0.046128250658512115
0.79176265001297,0.818379819393158,3.297837025684203e-08,0.7518336772918701,0.7952182292938232,-0.019644781947135925,0.714860737323761,0.7622607946395874,-0.035328034311532974,0.679297685623169,0.7449012398719788,-0.052440617233514786,0.6483607888221741,0.7476667165756226,-0.06948433071374893,0.7257447838783264,0.6705817580223083,-0.021499816328287125,0.7114898562431335,0.5954371094703674,-0.04484928026795387,0.7064662575721741,0.5487293004989624,-0.05932553857564926,0.7034599184989929,0.5067588090896606,-0.06936905533075333,0.7576416730880737,0.6701001524925232,-0.026598183438181877,0.7610443234443665,0.633700430393219,-0.06672472506761551,0.7637952566146851,0.6842663884162903,-0.07719423621892929,0.7653661966323853,0.7215495109558105,-0.07460056990385056,0.7881522178649902,0.6820349097251892,-0.034218139946460724,0.7897672653198242,0.670375645160675,-0.06835797429084778,0.7850334644317627,0.7159197330474854,-0.06434515863656998,0.7816430330276489,0.7426915168762207,-0.052233725786209106,0.8163294196128845,0.7015329599380493,-0.04376811906695366,0.8193379640579224,0.6927335262298584,-0.06132156029343605,0.8080645203590393,0.7246924638748169,-0.055174559354782104,0.7988244295120239,0.7446674704551697,-0.045716769993305206
0.7909640669822693,0.8171997666358948,4.7974332062494796e-08,0.7517286539077759,0.7964141964912415,-0.019948681816458702,0.714651882648468,0.7641264200210571,-0.03598693385720253,0.6786883473396301,0.7475396990776062,-0.05337302386760712,0.6474123597145081,0.7494762539863586,-0.07062892615795135,0.72446209192276,0.669837236404419,-0.022018631920218468,0.7107827067375183,0.594054639339447,-0.044699978083372116,0.7054949402809143,0.5474107265472412,-0.05897984281182289,0.702786386013031,0.5063936114311218,-0.06893952190876007,0.7556267976760864,0.6705824136734009,-0.0267647597938776,0.7606958150863647,0.6363909244537354,-0.0663604810833931,0.761864423751831,0.6869839429855347,-0.07671981304883957,0.7622824907302856,0.7242698669433594,-0.07441508024930954,0.7854970097541809,0.6833011507987976,-0.033885229378938675,0.7890864610671997,0.6686561107635498,-0.06792223453521729,0.7831383943557739,0.7156023979187012,-0.06323064863681793,0.778529167175293,0.7446833252906799,-0.0509318970143795,0.8129715919494629,0.7036855816841125,-0.042872365564107895,0.8171766996383667,0.6915364265441895,-0.06107880175113678,0.8055388331413269,0.7253206968307495,-0.05422190949320793,0.7958797216415405,0.748024582862854,-0.0441063828766346
0.7908183932304382,0.8192684054374695,3.411922833151948e-08,0.7509785890579224,0.7981714606285095,-0.019364560022950172,0.713736355304718,0.7652413845062256,-0.03512715548276901,0.6785248517990112,0.7475215792655945,-0.05231989920139313,0.6472034454345703,0.7497669458389282,-0.06955835223197937,0.7227593064308167,0.6713780164718628,-0.022012192755937576,0.7083180546760559,0.5965863466262817,-0.045042794197797775,0.7034984827041626,0.5498453974723816,-0.05975423380732536,0.701067328453064,0.5081206560134888,-0.07011014968156815,0.7544072866439819,0.6719300746917725,-0.027260804548859596,0.7595641016960144,0.6364580392837524,-0.06700168550014496,0.7604539394378662,0.6885715126991272,-0.07735680788755417,0.7600650191307068,0.7261928915977478,-0.07528062909841537,0.7851675152778625,0.6847429871559143,-0.03485564514994621,0.7896235585212708,0.6678148508071899,-0.06967463344335556,0.7830612063407898,0.7160055041313171,-0.06496698409318924,0.7773252725601196,0.7457994222640991,-0.0526244230568409,0.8133072853088379,0.7051756381988525,-0.044177886098623276,0.817615270614624,0.6897666454315186,-0.0631764680147171,0.8057597875595093,0.7241047620773315,-0.05615555867552757,0.7953908443450928,0.7475103735923767,-0.045927729457616806
0.7902774214744568,0.8199134469032288,4.514512141895466e-08,0.7501795887947083,0.7983635067939758,-0.01943783275783062,0.7131627202033997,0.7658084630966187,-0.03499278798699379,0.6787140369415283,0.7481355667114258,-0.051986005157232285,0.6473637223243713,0.7492084503173828,-0.06892397999763489,0.7223714590072632,0.6730017066001892,-0.02119917795062065,0.7074915170669556,0.5974599719047546,-0.044144775718450546,0.7027110457420349,0.5498034954071045,-0.05861789733171463,0.7002330422401428,0.5078198313713074,-0.06868967413902283,0.7542458176612854,0.6736475229263306,-0.02645675465464592,0.7583738565444946,0.6349892020225525,-0.0665423646569252,0.7604228854179382,0.686078667640686,-0.07709024846553802,0.7612177133560181,0.7255098819732666,-0.07472365349531174,0.7848129272460938,0.6862199902534485,-0.03416275605559349,0.7872619032859802,0.6676263809204102,-0.06924457103013992,0.7818665504455566,0.7152446508407593,-0.06484293937683105,0.7775294780731201,0.7459999322891235,-0.05234282463788986,0.812924325466156,0.7062464356422424,-0.04360917955636978,0.8160602450370789,0.6901498436927795,-0.0629303976893425,0.8047901391983032,0.7237096428871155,-0.05641151964664459,0.7951407432556152,0.7475901246070862,-0.046366412192583084
0.7904369831085205,0.8182843923568726,3.713775242886186e-08,0.7522042989730835,0.7997693419456482,-0.021408718079328537,0.7145445942878723,0.7657749056816101,-0.03707406669855118,0.679411768913269,0.7477037310600281,-0.05343964323401451,0.6479673981666565,0.7491122484207153,-0.0694814994931221,0.7219716310501099,0.6712827682495117,-0.023298319429159164,0.7072348594665527,0.5952418446540833,-0.04648781567811966,0.7024987936019897,0.5478454828262329,-0.060444269329309464,0.7008839249610901,0.5063681602478027,-0.0699249655008316,0.7541162967681885,0.6708589792251587,-0.027013789862394333,0.7614465355873108,0.6369462013244629,-0.06855784356594086,0.7669529914855957,0.6921398043632507,-0.07849591970443726,0.7691734433174133,0.7325044870376587,-0.07481800764799118,0.7848320603370667,0.6828106641769409,-0.033234138041734695,0.7904250025749207,0.6710423827171326,-0.06890660524368286,0.788016140460968,0.7193757891654968,-0.06393130123615265,0.7840870022773743,0.7481275200843811,-0.050594791769981384,0.8123705387115479,0.7023239731788635,-0.04133182018995285,0.8181431293487549,0.6923023462295532,-0.060361165553331375,0.8101633787155151,0.7269516587257385,-0.05338021367788315,0.8020890951156616,0.7479775547981262,-0.04271979257464409
0.7900753021240234,0.8182055950164795,3.582086094411352e-08,0.751572847366333,0.7989193201065063,-0.021165944635868073,0.7145460247993469,0.7654376029968262,-0.03714645653963089,0.6791431903839111,0.7479342222213745,-0.05403321236371994,0.6474854350090027,0.7498286962509155,-0.07061392813920975,0.7220671772956848,0.6709162592887878,-0.022805985063314438,0.7072566151618958,0.5946826338768005,-0.04609785974025726,0.7027847170829773,0.5474279522895813,-0.0602312907576561,0.7014164328575134,0.5059638023376465,-0.06985542178153992,0.7541177868843079,0.6704229116439819,-0.026805303990840912,0.7611744999885559,0.635414719581604,-0.06847410649061203,0.7658650279045105,0.690701961517334,-0.07876075059175491,0.7678818106651306,0.7314339280128479,-0.07532337307929993,0.7848300933837891,0.6822976469993591,-0.03332776203751564,0.7897501587867737,0.6689692139625549,-0.06912050396203995,0.786157488822937,0.7175363302230835,-0.06464623659849167,0.7820678949356079,0.7470105886459351,-0.051617786288261414,0.8126497268676758,0.7018014192581177,-0.04169774055480957,0.8176156282424927,0.6918272972106934,-0.06095323711633682,0.808057427406311,0.7265510559082031,-0.0544559620320797,0.7989768385887146,0.7484666109085083,-0.04411448538303375
0.790908694267273,0.8196350336074829,3.8307653937863506e-08,0.7519264221191406,0.8000508546829224,-0.021032238379120827,0.7142329812049866,0.7653695940971375,-0.03668692335486412,0.678791880607605,0.7467187643051147,-0.053219906985759735,0.6473872661590576,0.7487037777900696,-0.06950174272060394,0.7224706411361694,0.6715490818023682,-0.022473923861980438,0.7075908184051514,0.5947828888893127,-0.04539496451616287,0.7032836079597473,0.5473061800003052,-0.059297382831573486,0.7017713189125061,0.5055217146873474,-0.0688389465212822,0.7544056177139282,0.6720010042190552,-0.02654254250228405,0.7619712352752686,0.6351041793823242,-0.06750575453042984,0.7671043872833252,0.6906358003616333,-0.07731987535953522,0.7686155438423157,0.7306245565414429,-0.07380350679159164,0.784989595413208,0.6845035552978516,-0.033115990459918976,0.7903971672058105,0.6688333749771118,-0.06878108531236649,0.7875195741653442,0.7178316712379456,-0.06372653692960739,0.7833136320114136,0.7468434572219849,-0.050398778170347214,0.812341034412384,0.7044901847839355,-0.04148027300834656,0.8177043199539185,0.6904338598251343,-0.06055309250950813,0.8092566728591919,0.7255756258964539,-0.05316704511642456,0.800877034664154,0.7477564811706543,-0.042298682034015656
0.7911303639411926,0.8210066556930542,3.329634878923571e-08,0.7525314092636108,0.8015106916427612,-0.021605907008051872,0.714897871017456,0.7665450572967529,-0.03735955059528351,0.6796797513961792,0.7470710277557373,-0.05390056595206261,0.6476865410804749,0.7481721639633179,-0.07012020796537399,0.7220815420150757,0.6720533967018127,-0.022418910637497902,0.7072705030441284,0.5956231951713562,-0.04541902244091034,0.7027998566627502,0.548387885093689,-0.05935702100396156,0.7011045217514038,0.5065937042236328,-0.06895610690116882,0.754090428352356,0.6721703410148621,-0.026291364803910255,0.761481523513794,0.6353448033332825,-0.06741681694984436,0.7668654322624207,0.6904190182685852,-0.07755326479673386,0.7688308954238892,0.7306102514266968,-0.07423273473978043,0.7847582697868347,0.6844441294670105,-0.032778091728687286,0.7896707057952881,0.668903112411499,-0.06879830360412598,0.7871007919311523,0.7179207801818848,-0.0642630010843277,0.7833631634712219,0.7475494146347046,-0.05123697966337204,0.8126121163368225,0.7042056918144226,-0.0411209911108017,0.8173860907554626,0.6916055679321289,-0.06096317246556282,0.80894935131073,0.7269478440284729,-0.05443817749619484,0.8006536960601807,0.7495762705802917,-0.04408426210284233
0.7909709215164185,0.820525586605072,2.4240167206812657e-08,0.7524039149284363,0.8003782629966736,-0.019880356267094612,0.7145939469337463,0.7654232978820801,-0.03481767699122429,0.6796251535415649,0.7470129728317261,-0.050872255116701126,0.6482060551643372,0.7488516569137573,-0.0667797401547432,0.7219976782798767,0.6717088222503662,-0.02126532979309559,0.707283079624176,0.5951181650161743,-0.04349098354578018,0.7028988003730774,0.5483137965202332,-0.05688410997390747,0.7013944387435913,0.5068437457084656,-0.06617709249258041,0.7538195252418518,0.6715397834777832,-0.025681791827082634,0.7591512799263,0.6357339024543762,-0.06499405950307846,0.76325523853302,0.6893501281738281,-0.07446363568305969,0.7653592228889465,0.7284488081932068,-0.07125790417194366,0.7845067381858826,0.6831802129745483,-0.03258584812283516,0.7869488000869751,0.6681817770004272,-0.06696345657110214,0.7836642265319824,0.7169870734214783,-0.06210072711110115,0.7808014750480652,0.7465695142745972,-0.04943562299013138,0.8128830790519714,0.7022880911827087,-0.041268203407526016,0.8148746490478516,0.6913257241249084,-0.060214441269636154,0.8055791854858398,0.7267690896987915,-0.05369791015982628,0.797968864440918,0.7493680119514465,-0.04365185275673866
0.7902124524116516,0.8194981813430786,3.111737356675803e-08,0.7519070506095886,0.799902081489563,-0.020863641053438187,0.7142611742019653,0.7657293081283569,-0.03646457940340042,0.6792035102844238,0.7467730045318604,-0.052959393709897995,0.6474783420562744,0.7488499879837036,-0.06922588497400284,0.7215666174888611,0.6713265776634216,-0.022929484024643898,0.7068302035331726,0.5947890877723694,-0.045678798109292984,0.7024012804031372,0.548122227191925,-0.05936815217137337,0.7010207176208496,0.5065091848373413,-0.06886409968137741,0.7533658146858215,0.6713466048240662,-0.0269975233823061,0.7605987787246704,0.635272741317749,-0.0674014762043953,0.7649379372596741,0.6899774074554443,-0.07700174301862717,0.766401469707489,0.7299880385398865,-0.0736825093626976,0.78387451171875,0.6835778951644897,-0.03356087580323219,0.7889584302902222,0.6683816909790039,-0.06882550567388535,0.7857640981674194,0.7171876430511475,-0.06388714164495468,0.7817625999450684,0.746812105178833,-0.0509696863591671,0.8115983605384827,0.7032583951950073,-0.04196157678961754,0.8167413473129272,0.6909473538398743,-0.06134340167045593,0.8077346086502075,0.7260228991508484,-0.054737068712711334,0.7990192174911499,0.7484334111213684,-0.0445687398314476
0.7890464663505554,0.8218951225280762,2.438342328048293e-08,0.7506124377250671,0.8006917834281921,-0.019874032586812973,0.7138557434082031,0.7655056715011597,-0.03505733981728554,0.6795092225074768,0.7468563318252563,-0.05155015364289284,0.6479443311691284,0.7485830187797546,-0.06793864816427231,0.7214316129684448,0.6722867488861084,-0.020584190264344215,0.7071881294250488,0.5963430404663086,-0.043131228536367416,0.702674925327301,0.5494515299797058,-0.05702832713723183,0.7006471753120422,0.5077744722366333,-0.0667642131447792,0.7528363466262817,0.6725468635559082,-0.02544974349439144,0.7583281993865967,0.6347958445549011,-0.06550251692533493,0.7623172402381897,0.6888325810432434,-0.07563982903957367,0.7638633251190186,0.7282697558403015,-0.07281496375799179,0.783117413520813,0.6846051812171936,-0.032867804169654846,0.7860318422317505,0.6655296683311462,-0.06820957362651825,0.7822399735450745,0.7151247262954712,-0.06365259736776352,0.7784676551818848,0.7456979751586914,-0.050970569252967834,0.8110965490341187,0.7044321894645691,-0.042036112397909164,0.814110279083252,0.6886546611785889,-0.06183980032801628,0.8039841651916504,0.7237744927406311,-0.05551620200276375,0.795016884803772,0.7473110556602478,-0.04551758989691734
0.7907286286354065,0.821904182434082,1.845249997245446e-08,0.7524905204772949,0.8027687072753906,-0.020053941756486893,0.714724063873291,0.7661998271942139,-0.03457463160157204,0.6794703006744385,0.7466201782226562,-0.050227537751197815,0.6473057270050049,0.7490042448043823,-0.06564534455537796,0.7207438349723816,0.6731171011924744,-0.02021048590540886,0.7054045796394348,0.5964957475662231,-0.0416359081864357,0.7009062767028809,0.5500044226646423,-0.05469217896461487,0.6991673111915588,0.5090891122817993,-0.06392382830381393,0.7517289519309998,0.6732734441757202,-0.024477047845721245,0.7578469514846802,0.6374169588088989,-0.06330475956201553,0.7624920010566711,0.6894252300262451,-0.07329980283975601,0.7643727660179138,0.7282686233520508,-0.07063903659582138,0.7819288969039917,0.6851014494895935,-0.031218834221363068,0.785646915435791,0.666512668132782,-0.06551122665405273,0.7823315262794495,0.7149435877799988,-0.061334237456321716,0.7787191271781921,0.7454589605331421,-0.04924844577908516,0.810331404209137,0.7046248316764832,-0.03972059488296509,0.8139371275901794,0.6905197501182556,-0.05948520079255104,0.8045806884765625,0.7252382636070251,-0.05380437150597572,0.7960730195045471,0.7490334510803223,-0.044302232563495636
0.7912600040435791,0.8226704001426697,1.8945989666008245e-08,0.75359046459198,0.8030680418014526,-0.01986408419907093,0.7159131169319153,0.7662026286125183,-0.03432444483041763,0.6801697015762329,0.7470400929450989,-0.04999570548534393,0.6477212905883789,0.7494306564331055,-0.06547960638999939,0.7200630903244019,0.6736111044883728,-0.02017841301858425,0.705241858959198,0.5972658395767212,-0.04243811219930649,0.701034665107727,0.5506012439727783,-0.05599852651357651,0.6995370984077454,0.5090343356132507,-0.06557702273130417,0.7513294816017151,0.6732954382896423,-0.024761907756328583,0.756804347038269,0.6365763545036316,-0.06418786197900772,0.7621467709541321,0.6889302730560303,-0.0740838572382927,0.7645235061645508,0.7260735034942627,-0.07141148298978806,0.7821504473686218,0.6846434473991394,-0.03191060945391655,0.785208523273468,0.6668069958686829,-0.06687012314796448,0.782524824142456,0.7157395482063293,-0.06221218779683113,0.7791087627410889,0.7442752122879028,-0.04980219900608063,0.8109802603721619,0.703618586063385,-0.040824275463819504,0.814028799533844,0.6892398595809937,-0.06073182448744774,0.8043086528778076,0.7248376607894897,-0.054616112262010574,0.7954440116882324,0.7477172613143921,-0.044926684349775314
0.791628360748291,0.8234580755233765,1.7988924128076178e-08,0.7533431053161621,0.8032748699188232,-0.020046919584274292,0.7154169082641602,0.7665302753448486,-0.034738972783088684,0.679368257522583,0.7477598786354065,-0.05063962563872337,0.6468629837036133,0.7502794861793518,-0.06638338416814804,0.7200078964233398,0.6743798851966858,-0.02007499895989895,0.7048346400260925,0.5972869396209717,-0.0420621857047081,0.7006337642669678,0.550349235534668,-0.05539387837052345,0.6993141174316406,0.508960485458374,-0.06474503874778748,0.7511667013168335,0.6738503575325012,-0.024474136531352997,0.7561346888542175,0.6366704702377319,-0.06369604170322418,0.7615089416503906,0.6904778480529785,-0.07327987998723984,0.7639226317405701,0.7288945913314819,-0.07033205032348633,0.781837522983551,0.6848300099372864,-0.031491853296756744,0.7840886116027832,0.6644136309623718,-0.066383957862854,0.7811776995658875,0.7144116759300232,-0.06172090396285057,0.7779334783554077,0.7450593113899231,-0.049259018152952194,0.8107652068138123,0.70374596118927,-0.04025513306260109,0.8128611445426941,0.6890828013420105,-0.06054046005010605,0.8036156892776489,0.7250046730041504,-0.054718807339668274,0.7956262230873108,0.7489109039306641,-0.04510188475251198
0.7919561862945557,0.822978138923645,6.266615670824649e-09,0.7539387941360474,0.8024831414222717,-0.019639313220977783,0.7155228853225708,0.7664178609848022,-0.034091949462890625,0.6790821552276611,0.7485587000846863,-0.04977035149931908,0.6468528509140015,0.7509384751319885,-0.06523963063955307,0.7197396755218506,0.6739068627357483,-0.020362891256809235,0.7047790288925171,0.5971081256866455,-0.042721424251794815,0.7006415128707886,0.5503183603286743,-0.056177057325839996,0.6992841958999634,0.5090649127960205,-0.0655873566865921,0.751049816608429,0.6730163097381592,-0.02496546320617199,0.7556428909301758,0.6370904445648193,-0.0646669790148735,0.7604407668113708,0.6911522746086121,-0.07430404424667358,0.7625167369842529,0.7294039130210876,-0.07130353152751923,0.7819957137107849,0.6837425827980042,-0.032155707478523254,0.7838864326477051,0.6664010882377625,-0.06718157976865768,0.7806740999221802,0.716507613658905,-0.0625399500131607,0.7771925926208496,0.746006429195404,-0.050077810883522034,0.8113424181938171,0.7022296786308289,-0.04108068346977234,0.8131967186927795,0.6901617646217346,-0.06121304631233215,0.8030441999435425,0.7262187004089355,-0.05553891509771347,0.7942416667938232,0.7489482164382935,-0.046083349734544754
0.7914403676986694,0.8246291875839233,1.5179693946265616e-08,0.7535069584846497,0.8027409315109253,-0.019458020105957985,0.7156941890716553,0.7660239338874817,-0.03403780609369278,0.6792324185371399,0.747957170009613,-0.04997973516583443,0.6467032432556152,0.7506223917007446,-0.06580012291669846,0.7198425531387329,0.6744595170021057,-0.019981076940894127,0.7055514454841614,0.5979308485984802,-0.04265902191400528,0.7012877464294434,0.5509653091430664,-0.05645206198096275,0.699699878692627,0.5091725587844849,-0.06617984920740128,0.7513473033905029,0.6740508079528809,-0.025022456422448158,0.7553432583808899,0.6364187002182007,-0.06498789042234421,0.7598125338554382,0.6908006072044373,-0.07474292814731598,0.7621078491210938,0.7283875346183777,-0.07183455675840378,0.7825505137443542,0.6854588985443115,-0.03266393393278122,0.7839938998222351,0.6670642495155334,-0.067911796271801,0.7807033061981201,0.7173875570297241,-0.06281917542219162,0.7776040434837341,0.7459848523139954,-0.05002603307366371,0.8119692206382751,0.7045431137084961,-0.042045462876558304,0.8133413791656494,0.6907684206962585,-0.061824824661016464,0.8031401038169861,0.7266013026237488,-0.055382464081048965,0.7948718667030334,0.7483209371566772,-0.04549683630466461
0.790635347366333,0.8238916397094727,1.9632540926295405e-08,0.7527546882629395,0.8024640679359436,-0.020195310935378075,0.7154227495193481,0.7666505575180054,-0.03506045043468475,0.6795473694801331,0.7486106157302856,-0.0510663278400898,0.6471195220947266,0.7509937286376953,-0.06683099269866943,0.719618022441864,0.6746442317962646,-0.02082926221191883,0.7050471305847168,0.598231315612793,-0.04336663708090782,0.7010460495948792,0.5511754155158997,-0.057033929973840714,0.6998787522315979,0.509626030921936,-0.06660328060388565,0.7514297366142273,0.6742920279502869,-0.02526911534368992,0.7557987570762634,0.6374354958534241,-0.06524928659200668,0.7602682709693909,0.6909993886947632,-0.07512645423412323,0.7624108195304871,0.7300752401351929,-0.07220744341611862,0.7827318906784058,0.6857313513755798,-0.03232346847653389,0.7843716144561768,0.6678056716918945,-0.06751862168312073,0.7808961272239685,0.7169604301452637,-0.06297090649604797,0.777559220790863,0.7467589974403381,-0.05046231672167778,0.8121899366378784,0.7048322558403015,-0.0411505252122879,0.8141790628433228,0.6914531588554382,-0.06120656430721283,0.8040516376495361,0.7265060544013977,-0.05543188005685806,0.795474648475647,0.7492784261703491,-0.045887529850006104
0.7899048328399658,0.8249127268791199,2.980345215064517e-08,0.7518657445907593,0.8034332990646362,-0.02050521783530712,0.7154436707496643,0.7676558494567871,-0.03593650460243225,0.679935097694397,0.7489582300186157,-0.05262815207242966,0.6474772095680237,0.7504467964172363,-0.06909719109535217,0.7199861407279968,0.6752904057502747,-0.021065065637230873,0.7049911022186279,0.5983722805976868,-0.04423650726675987,0.7005950212478638,0.5512311458587646,-0.058422256261110306,0.699184000492096,0.509598970413208,-0.06815918534994125,0.7516497373580933,0.674709677696228,-0.02554520219564438,0.7561694979667664,0.6370033025741577,-0.0662735104560852,0.7592347264289856,0.6900973916053772,-0.07676851749420166,0.760587751865387,0.7287623286247253,-0.07401468604803085,0.7825451493263245,0.6857823133468628,-0.03264280781149864,0.7839387655258179,0.6679904460906982,-0.06840935349464417,0.779586911201477,0.7178667783737183,-0.06402633339166641,0.77611243724823,0.7478132247924805,-0.05129413306713104,0.811456024646759,0.7043419480323792,-0.04153302311897278,0.8127006888389587,0.6906201839447021,-0.061425164341926575,0.8021410703659058,0.7259203791618347,-0.055207639932632446,0.7939366102218628,0.7486929893493652,-0.04517228901386261
0.7903172373771667,0.8254419565200806,2.7000236713092818e-08,0.7514731287956238,0.8033396005630493,-0.019775113090872765,0.7144694924354553,0.7675186395645142,-0.03498268127441406,0.6788669228553772,0.7483586072921753,-0.05159224942326546,0.6470593810081482,0.750633716583252,-0.06806530058383942,0.7204077839851379,0.6759218573570251,-0.020171789452433586,0.7055526375770569,0.5989904403686523,-0.04281387850642204,0.7010695934295654,0.5518401861190796,-0.0567341186106205,0.6994350552558899,0.510217547416687,-0.06645643711090088,0.7519637942314148,0.6756888628005981,-0.02492998167872429,0.755449116230011,0.637984037399292,-0.06492314487695694,0.7590874433517456,0.690517246723175,-0.07500575482845306,0.7613327503204346,0.7291789054870605,-0.07225807756185532,0.7827423810958862,0.686821460723877,-0.03230191767215729,0.7838426828384399,0.6683304309844971,-0.06763480603694916,0.7801743745803833,0.7178143262863159,-0.06305699795484543,0.7775588035583496,0.7483744621276855,-0.05036543309688568,0.8116672039031982,0.7053335905075073,-0.04142870381474495,0.812575101852417,0.6903617978096008,-0.06105643883347511,0.8023539781570435,0.7255933880805969,-0.0548199824988842,0.7945892810821533,0.7489767670631409,-0.04495730251073837
0.7885429263114929,0.8273208141326904,1.27266908123147e-08,0.7515623569488525,0.8073286414146423,-0.021555349230766296,0.7144080996513367,0.7715499401092529,-0.037376631051301956,0.6790642738342285,0.7517352104187012,-0.05418422445654869,0.6469468474388123,0.7533718943595886,-0.07066275179386139,0.718248188495636,0.6771745681762695,-0.02166607603430748,0.7043269872665405,0.6008177399635315,-0.04513424262404442,0.6995521783828735,0.5543241500854492,-0.059442147612571716,0.6976063251495361,0.5125846266746521,-0.06942667812108994,0.7499728202819824,0.6741440296173096,-0.025597188621759415,0.7554124593734741,0.6416870355606079,-0.06662257015705109,0.7602428793907166,0.6961991190910339,-0.07705794274806976,0.7626846432685852,0.7334581017494202,-0.07426178455352783,0.7807684540748596,0.6833047866821289,-0.032311487942934036,0.7831356525421143,0.6691873669624329,-0.06781630963087082,0.7797386050224304,0.7191482782363892,-0.06337819248437881,0.7763175368309021,0.7473318576812744,-0.050923846662044525,0.809985876083374,0.7006714344024658,-0.04107766970992088,0.8127325177192688,0.6956235766410828,-0.061246324330568314,0.8025344014167786,0.7317380905151367,-0.056028783321380615,0.7938732504844666,0.7521424889564514,-0.046762049198150635
0.7883363962173462,0.8242995738983154,5.536187064336673e-09,0.7506631016731262,0.8050867319107056,-0.020486516878008842,0.713853657245636,0.7711063623428345,-0.03621545806527138,0.6790480613708496,0.7529640793800354,-0.05314123257994652,0.6467791795730591,0.7534631490707397,-0.06986377388238907,0.718375563621521,0.6771419048309326,-0.022609982639551163,0.7040407061576843,0.6008409261703491,-0.04619225859642029,0.6995826959609985,0.5543928742408752,-0.0605095736682415,0.6981417536735535,0.5124999284744263,-0.07034779340028763,0.7499074339866638,0.674924910068512,-0.026892388239502907,0.7550886869430542,0.643465518951416,-0.0673527717590332,0.758571207523346,0.6977634429931641,-0.07722761482000351,0.7603463530540466,0.7345392107963562,-0.07437893748283386,0.7805624604225159,0.685053825378418,-0.03378891199827194,0.782667875289917,0.6731644868850708,-0.06884574145078659,0.778285801410675,0.7222932577133179,-0.06395409256219864,0.7747675180435181,0.7496482729911804,-0.051353082060813904,0.8092378973960876,0.703013002872467,-0.042572952806949615,0.8108540177345276,0.6946675181388855,-0.06174633651971817,0.8003653287887573,0.7294028401374817,-0.055469997227191925,0.7921972870826721,0.7498425841331482,-0.04563898220658302
0.7867805361747742,0.8267523646354675,3.3052443004777388e-09,0.7489410638809204,0.8064324855804443,-0.020387616008520126,0.7119824290275574,0.7710138559341431,-0.035760633647441864,0.6775499582290649,0.7528329491615295,-0.05243324860930443,0.6458801031112671,0.7546738982200623,-0.06884469836950302,0.7172040939331055,0.6774932146072388,-0.020899266004562378,0.7027233242988586,0.601218044757843,-0.04450594633817673,0.6982405185699463,0.5545126795768738,-0.0587473101913929,0.696556806564331,0.5130464434623718,-0.0684596449136734,0.7488815188407898,0.6754356622695923,-0.025380441918969154,0.7533181309700012,0.6438004374504089,-0.06673666834831238,0.7577270865440369,0.6999022960662842,-0.07684987038373947,0.7604259252548218,0.7371904850006104,-0.07357624173164368,0.7797176837921143,0.685316264629364,-0.03263532370328903,0.7808513045310974,0.6735568642616272,-0.06860822439193726,0.7773637175559998,0.7237196564674377,-0.06398612260818481,0.7747896909713745,0.7508735656738281,-0.05100785568356514,0.80898118019104,0.7028562426567078,-0.04175763204693794,0.8104756474494934,0.6946319937705994,-0.06165921315550804,0.799858570098877,0.7299399375915527,-0.0556674525141716,0.7913888692855835,0.7501228451728821,-0.04570193961262703
0.7876245975494385,0.8260257840156555,1.1931922117014437e-08,0.7495986223220825,0.8061540126800537,-0.020497512072324753,0.7119824290275574,0.7712684869766235,-0.03609985485672951,0.6767408847808838,0.7525606155395508,-0.052905645221471786,0.6448377370834351,0.7543218731880188,-0.06954189389944077,0.7171126008033752,0.6786941885948181,-0.022635625675320625,0.7023271918296814,0.6012703776359558,-0.046326346695423126,0.6981731653213501,0.5536794662475586,-0.06074139103293419,0.696518063545227,0.5117347240447998,-0.0706026628613472,0.7486124634742737,0.6775094866752625,-0.027001619338989258,0.7542141079902649,0.6450157761573792,-0.0684753805398941,0.7580996751785278,0.6993977427482605,-0.07886486500501633,0.7590840458869934,0.7377161979675293,-0.0759945884346962,0.7793680429458618,0.6878554821014404,-0.03394671157002449,0.7821897864341736,0.6747146844863892,-0.07014306634664536,0.7779065370559692,0.7239958047866821,-0.06592103093862534,0.7733590006828308,0.752670407295227,-0.053253140300512314,0.8080667853355408,0.7053621411323547,-0.042678602039813995,0.8106357455253601,0.694474458694458,-0.06274283677339554,0.7998054623603821,0.7293787002563477,-0.05681508406996727,0.7901263236999512,0.751171350479126,-0.04692379757761955
0.7876818776130676,0.8292220830917358,3.818358074170192e-09,0.749687910079956,0.808261513710022,-0.020261794328689575,0.7114806175231934,0.772064745426178,-0.03498614951968193,0.6765685081481934,0.75290846824646,-0.05079995095729828,0.6450268626213074,0.754656970500946,-0.06639156490564346,0.7166130542755127,0.6800119876861572,-0.02180883288383484,0.7016950845718384,0.6036398410797119,-0.045590974390506744,0.6974955797195435,0.5559872388839722,-0.060115132480859756,0.6957225799560547,0.5135794281959534,-0.07003623992204666,0.7483824491500854,0.6780824065208435,-0.02616097778081894,0.7555636167526245,0.6432175040245056,-0.06846387684345245,0.7606605887413025,0.6988828182220459,-0.07927679270505905,0.7618356943130493,0.7390292882919312,-0.07620934396982193,0.7794255614280701,0.688177764415741,-0.03302602097392082,0.7842627167701721,0.674583375453949,-0.06975414603948593,0.7813153862953186,0.7242915034294128,-0.0657460018992424,0.7769238948822021,0.7534542083740234,-0.052869971841573715,0.8080403208732605,0.7059271335601807,-0.041653040796518326,0.8129483461380005,0.6959065198898315,-0.06216905638575554,0.8032487630844116,0.7308842539787292,-0.05659108981490135,0.7935290336608887,0.7522690296173096,-0.046782851219177246
0.7892374992370605,0.8285939693450928,3.186124253318212e-09,0.751014769077301,0.8090986609458923,-0.020380662754178047,0.7123410105705261,0.773749053478241,-0.03520829230546951,0.676993191242218,0.7549664974212646,-0.051114536821842194,0.6452664136886597,0.7558231949806213,-0.06676468253135681,0.7168599367141724,0.6789529323577881,-0.02081036940217018,0.7019144296646118,0.6030886173248291,-0.04346342757344246,0.6971744894981384,0.5563783049583435,-0.05739087611436844,0.6950221657752991,0.5152150392532349,-0.06708552688360214,0.7481974959373474,0.6772193908691406,-0.02479925937950611,0.7540888786315918,0.6450968980789185,-0.06526532769203186,0.7595557570457458,0.6984083652496338,-0.07567466050386429,0.7615818977355957,0.7362580299377441,-0.0730477124452591,0.7789663672447205,0.6873635053634644,-0.03139413148164749,0.7825673222541809,0.6742534637451172,-0.0671631395816803,0.7795553803443909,0.7231978178024292,-0.06326800584793091,0.7757614254951477,0.7521925568580627,-0.05099424347281456,0.8077230453491211,0.7050411701202393,-0.039738770574331284,0.8099433183670044,0.6947660446166992,-0.060083966702222824,0.8005431294441223,0.730380117893219,-0.054610222578048706,0.7922916412353516,0.7527409195899963,-0.04506002366542816
0.7884746193885803,0.8304622173309326,-2.8034341514882044e-09,0.7503868937492371,0.8101133704185486,-0.02046923153102398,0.7119117379188538,0.7739546298980713,-0.035196494311094284,0.6764706969261169,0.7552384734153748,-0.05111755058169365,0.6443203091621399,0.75627201795578,-0.06675688922405243,0.7160295844078064,0.6801173090934753,-0.020241355523467064,0.7008199095726013,0.605034589767456,-0.04297493398189545,0.696476936340332,0.5579674243927002,-0.057078730314970016,0.694705069065094,0.5164392590522766,-0.0668618232011795,0.7472638487815857,0.6779409050941467,-0.02436656504869461,0.7543304562568665,0.6448383331298828,-0.06445550173521042,0.7589913010597229,0.6983572244644165,-0.07492415606975555,0.7597927451133728,0.7368888854980469,-0.07243525981903076,0.7779560089111328,0.6879972815513611,-0.031193744391202927,0.78205406665802,0.6735261082649231,-0.0666763111948967,0.778755784034729,0.7222370505332947,-0.06307020038366318,0.7744966149330139,0.7517982125282288,-0.05108138918876648,0.8065360188484192,0.7061563730239868,-0.03983497992157936,0.8097821474075317,0.6946573257446289,-0.060101285576820374,0.8002569675445557,0.7292001843452454,-0.05492311343550682,0.7915074825286865,0.7518040537834167,-0.04564445838332176
0.7874379754066467,0.8299233317375183,1.6032768002105513e-08,0.7495485544204712,0.810492753982544,-0.021774200722575188,0.7118842601776123,0.7751187086105347,-0.03758689761161804,0.6766891479492188,0.7560368776321411,-0.05424365773797035,0.6440296769142151,0.756471574306488,-0.070500448346138,0.7156031131744385,0.6811437010765076,-0.022566359490156174,0.7004798650741577,0.604470431804657,-0.04590081423521042,0.6963749527931213,0.5572836399078369,-0.06007809937000275,0.695222795009613,0.515872597694397,-0.06978382170200348,0.7471292018890381,0.6794527769088745,-0.02620171196758747,0.7538254857063293,0.6458933353424072,-0.06715503334999084,0.7595352530479431,0.7002171874046326,-0.07720236480236053,0.761409342288971,0.7391790151596069,-0.07418568432331085,0.7779451608657837,0.6894007921218872,-0.03260865807533264,0.7820900082588196,0.674496054649353,-0.06874413043260574,0.7796393036842346,0.7243634462356567,-0.06431423127651215,0.7758024334907532,0.7545698285102844,-0.05164008215069771,0.806728184223175,0.7071029543876648,-0.040933649986982346,0.8109198808670044,0.6964914202690125,-0.06173957139253616,0.8022299408912659,0.7328375577926636,-0.05615707114338875,0.7936806678771973,0.7560803890228271,-0.046444207429885864
0.7881702184677124,0.8305400013923645,8.478415303159181e-09,0.7499985694885254,0.8104279637336731,-0.020945042371749878,0.7124614119529724,0.7746809720993042,-0.036331553012132645,0.6775031685829163,0.7552178502082825,-0.05277371406555176,0.6447001099586487,0.7552047967910767,-0.06898690015077591,0.7164292931556702,0.6816936135292053,-0.02175944857299328,0.7013546228408813,0.6055199503898621,-0.04497690498828888,0.6974368095397949,0.5581687092781067,-0.05934688448905945,0.6959228515625,0.5163857936859131,-0.06919154524803162,0.7481070160865784,0.6799665689468384,-0.025768086314201355,0.7544916272163391,0.6455010175704956,-0.06686391681432724,0.7592256665229797,0.6989505887031555,-0.077702097594738,0.7601979374885559,0.7388339638710022,-0.07518906891345978,0.7790417671203613,0.6897486448287964,-0.03239059075713158,0.7828471660614014,0.6753342747688293,-0.06871166080236435,0.7798469066619873,0.7247453331947327,-0.06505311280488968,0.7756791114807129,0.7558998465538025,-0.0527326837182045,0.8077547550201416,0.7070333361625671,-0.040802787989377975,0.8110324144363403,0.6956728100776672,-0.06152007728815079,0.8020367622375488,0.7315309047698975,-0.05610863119363785,0.7934803366661072,0.7557353973388672,-0.04649024456739426
0.7879262566566467,0.8318562507629395,1.5906017836186948e-08,0.7501094937324524,0.8109945058822632,-0.02111859805881977,0.7131723761558533,0.7748687267303467,-0.03665487468242645,0.6782503128051758,0.7552021741867065,-0.053304992616176605,0.6454823017120361,0.7551150321960449,-0.06964897364377975,0.7174937129020691,0.6819239854812622,-0.02180716022849083,0.7025347948074341,0.6058710813522339,-0.045761123299598694,0.6981889009475708,0.5583029389381409,-0.060477305203676224,0.6966075301170349,0.5161973237991333,-0.0704350471496582,0.7495578527450562,0.6805661916732788,-0.025967806577682495,0.7559182643890381,0.6446743011474609,-0.068193219602108,0.7592798471450806,0.6988600492477417,-0.07926765084266663,0.7599576711654663,0.7392058372497559,-0.07640130817890167,0.780501127243042,0.6910840272903442,-0.032809630036354065,0.7845513820648193,0.6776357889175415,-0.06954330205917358,0.7803094983100891,0.7265493869781494,-0.0658397302031517,0.7759813666343689,0.7565233111381531,-0.05319306254386902,0.808879017829895,0.7094214558601379,-0.04151376336812973,0.8130403161048889,0.6993410587310791,-0.062005415558815,0.8030053377151489,0.7342016696929932,-0.056553915143013,0.7940247654914856,0.7567431926727295,-0.046830978244543076
0.7888710498809814,0.8321841955184937,2.408054378122415e-08,0.7501348257064819,0.8099458813667297,-0.019753776490688324,0.7132962346076965,0.7738012075424194,-0.03527405485510826,0.6789065003395081,0.7552093863487244,-0.05230119079351425,0.6463919878005981,0.7555932402610779,-0.0691751018166542,0.7187138199806213,0.6811622977256775,-0.02114945836365223,0.7037733793258667,0.6044677495956421,-0.04507899284362793,0.6992469429969788,0.5570606589317322,-0.0600406713783741,0.6979268193244934,0.5146346688270569,-0.0703391507267952,0.7507529258728027,0.6807701587677002,-0.026471136137843132,0.7547417879104614,0.6449728012084961,-0.06762367486953735,0.756576657295227,0.6978639364242554,-0.07847575843334198,0.7581956386566162,0.7361040115356445,-0.07610838115215302,0.7819352149963379,0.6922510862350464,-0.03445078432559967,0.7824560403823853,0.6757146716117859,-0.07019152492284775,0.7771745324134827,0.7246384620666504,-0.06578221917152405,0.7744675278663635,0.7542847394943237,-0.053231604397296906,0.8113045692443848,0.71153724193573,-0.044277943670749664,0.8115324378013611,0.6994609832763672,-0.06425289809703827,0.8001284599304199,0.7335405349731445,-0.05821673199534416,0.7923445701599121,0.7555984258651733,-0.04837222024798393
0.7908883690834045,0.8302006721496582,2.4084501504262334e-08,0.7516636252403259,0.8089452385902405,-0.019908003509044647,0.7142505049705505,0.7735378742218018,-0.03530080243945122,0.678823709487915,0.7540715932846069,-0.05202573165297508,0.6462394595146179,0.7542513012886047,-0.06840627640485764,0.7192251682281494,0.6814719438552856,-0.021921899169683456,0.7043032646179199,0.604145348072052,-0.04588986560702324,0.7003961801528931,0.5566277503967285,-0.06050042808055878,0.6993776559829712,0.5142041444778442,-0.07052911818027496,0.7508227825164795,0.6813291311264038,-0.026744438335299492,0.758328914642334,0.6452646851539612,-0.0674605518579483,0.761803925037384,0.6981849074363708,-0.07757189124822617,0.7620682716369629,0.7347850799560547,-0.07489663362503052,0.7818116545677185,0.6930009126663208,-0.03414070978760719,0.7864287495613098,0.6792031526565552,-0.06935469806194305,0.782486617565155,0.7271527051925659,-0.06431518495082855,0.7778867483139038,0.7533644437789917,-0.05165402218699455,0.8104787468910217,0.7124999761581421,-0.04341699928045273,0.8157113194465637,0.7017452716827393,-0.062391556799411774,0.805050790309906,0.7356524467468262,-0.055740006268024445,0.7949191927909851,0.755901575088501,-0.04579790681600571
0.7928289771080017,0.832963764667511,2.6825624388493452e-08,0.7535881400108337,0.8102558255195618,-0.018192408606410027,0.7163472175598145,0.7734187245368958,-0.03276477009057999,0.6809645891189575,0.7536360025405884,-0.04914002865552902,0.6484951972961426,0.7542905807495117,-0.0654735192656517,0.7210516929626465,0.6816402673721313,-0.019513817504048347,0.7062749266624451,0.6052870154380798,-0.04367491230368614,0.7021556496620178,0.5573538541793823,-0.05899493023753166,0.7011809349060059,0.5147113800048828,-0.06945744156837463,0.7523216009140015,0.6816321611404419,-0.025431763380765915,0.757476806640625,0.6448548436164856,-0.06547248363494873,0.7589333057403564,0.697002649307251,-0.07583171129226685,0.759128212928772,0.7333341836929321,-0.07347028702497482,0.7831739187240601,0.693729043006897,-0.03389151021838188,0.7852404713630676,0.6792641282081604,-0.06835220754146576,0.7799186110496521,0.7278512120246887,-0.06305153667926788,0.775967001914978,0.7546347975730896,-0.05034608393907547,0.8114424347877502,0.714394748210907,-0.04419366270303726,0.8144632577896118,0.7040420174598694,-0.0626285970211029,0.802903950214386,0.7382553219795227,-0.05548840016126633,0.7938379645347595,0.7586052417755127,-0.045208871364593506
0.7946909666061401,0.8261358737945557,5.69702196528965e-09,0.7548835873603821,0.8049639463424683,-0.019164886325597763,0.7194247841835022,0.7683563828468323,-0.03458841145038605,0.6854525804519653,0.7472833395004272,-0.05154690518975258,0.6528692841529846,0.7494372129440308,-0.06838200986385345,0.7251973748207092,0.6751707196235657,-0.020759936422109604,0.7123055458068848,0.5986770391464233,-0.04265836626291275,0.7085767984390259,0.552047073841095,-0.05590829625725746,0.7075738310813904,0.5108827948570251,-0.06519893556833267,0.7569113969802856,0.6769008040428162,-0.02586742676794529,0.7627527117729187,0.6429972052574158,-0.0640539824962616,0.763999879360199,0.6970091462135315,-0.07289554178714752,0.7642044425010681,0.7362905144691467,-0.06990547478199005,0.7882904410362244,0.6903293132781982,-0.03346695005893707,0.7928773760795593,0.674014151096344,-0.06732644885778427,0.7873491048812866,0.7224434018135071,-0.062119465321302414,0.7827950119972229,0.752458393573761,-0.04965545982122421,0.8178561925888062,0.7112605571746826,-0.04276098683476448,0.8220340609550476,0.6956337690353394,-0.06136133894324303,0.8114433884620667,0.7296035289764404,-0.05447018891572952,0.8022398352622986,0.752681314945221,-0.044445812702178955
0.7951754331588745,0.8264986276626587,3.49536968258235e-08,0.7567752599716187,0.8043941855430603,-0.01793084479868412,0.7208318114280701,0.7671645879745483,-0.03256504237651825,0.687539279460907,0.7453701496124268,-0.04887978732585907,0.6557771563529968,0.7443274259567261,-0.06525219976902008,0.7274999022483826,0.676956295967102,-0.021328013390302658,0.7129690051078796,0.6001257300376892,-0.04491486772894859,0.7087507843971252,0.5529642105102539,-0.05960913002490997,0.7071862816810608,0.5106203556060791,-0.06977777928113937,0.7591007351875305,0.6795455813407898,-0.0276498980820179,0.7649794816970825,0.6385260820388794,-0.06657654792070389,0.7659058570861816,0.6883448362350464,-0.07629327476024628,0.7656934857368469,0.7223337292671204,-0.07413561642169952,0.7898160815238953,0.6931055784225464,-0.03631192445755005,0.7936450242996216,0.6725917458534241,-0.07069332897663116,0.7882119417190552,0.7204371690750122,-0.06466934829950333,0.7839956879615784,0.7463235259056091,-0.05184084177017212,0.8180132508277893,0.7139036059379578,-0.046686895191669464,0.8228352665901184,0.6942632794380188,-0.06546475738286972,0.8122147917747498,0.7281091809272766,-0.057415857911109924,0.8035134077072144,0.7491880059242249,-0.04672251641750336
0.7948344349861145,0.8223902583122253,3.8111320321831954e-08,0.7568034529685974,0.8013395667076111,-0.020117683336138725,0.7218095064163208,0.7656129598617554,-0.03580731526017189,0.6883673667907715,0.7437394261360168,-0.05275123193860054,0.6560297608375549,0.7434341311454773,-0.06954190880060196,0.7291078567504883,0.6745657920837402,-0.02280081808567047,0.7146226167678833,0.5982148051261902,-0.04570409655570984,0.7102411389350891,0.5510649085044861,-0.05965908616781235,0.7085832357406616,0.5092121362686157,-0.06939145922660828,0.7608869671821594,0.6768667697906494,-0.02780083380639553,0.766442596912384,0.6386485695838928,-0.06737443804740906,0.7679089903831482,0.6898128390312195,-0.0771254375576973,0.7682541608810425,0.727925717830658,-0.07450735569000244,0.7914411425590515,0.6905975937843323,-0.035255398601293564,0.7960153818130493,0.6723482012748718,-0.07036606222391129,0.7901327610015869,0.7200746536254883,-0.06544408202171326,0.7850517630577087,0.74942547082901,-0.05287937819957733,0.8196653723716736,0.7114659547805786,-0.04446675628423691,0.8245758414268494,0.6944060921669006,-0.06392420828342438,0.813766360282898,0.7276619672775269,-0.057220492511987686,0.8041076064109802,0.7503058910369873,-0.0472220778465271
0.7958118915557861,0.8213326334953308,5.8373025524360855e-08,0.7570796608924866,0.7999851703643799,-0.019077468663454056,0.7219750881195068,0.7631365656852722,-0.03371192514896393,0.6889058947563171,0.7405238747596741,-0.04969664290547371,0.6569627523422241,0.7397642135620117,-0.0656321570277214,0.729115903377533,0.6748341917991638,-0.021397758275270462,0.7149446606636047,0.5978139638900757,-0.043728213757276535,0.7111309766769409,0.5499621629714966,-0.057533953338861465,0.7095078229904175,0.50789475440979,-0.06704697012901306,0.7604405879974365,0.6774336099624634,-0.026388658210635185,0.7685515880584717,0.6351909637451172,-0.06570413708686829,0.7712475657463074,0.6831344366073608,-0.07632441073656082,0.7706467509269714,0.7230459451675415,-0.07403366267681122,0.7905197739601135,0.6907234787940979,-0.03355873376131058,0.7969115376472473,0.6708741784095764,-0.06813310831785202,0.7924624085426331,0.7171328663825989,-0.06397460401058197,0.786762535572052,0.7484661340713501,-0.05171889066696167,0.8179898262023926,0.7112879753112793,-0.04237303137779236,0.8246189951896667,0.6936666965484619,-0.061594441533088684,0.815650999546051,0.7259461283683777,-0.05514191463589668,0.8060324788093567,0.7500892877578735,-0.045142680406570435
0.7957377433776855,0.823131263256073,6.348014380819222e-08,0.7575859427452087,0.8007028102874756,-0.019773151725530624,0.7224428653717041,0.7629162073135376,-0.0348375141620636,0.6893064975738525,0.7397973537445068,-0.05128799378871918,0.6572527885437012,0.7398296594619751,-0.06769905984401703,0.728865921497345,0.6736319661140442,-0.020005837082862854,0.7154033780097961,0.5975438952445984,-0.04230528697371483,0.7116430401802063,0.5500282645225525,-0.056504976004362106,0.7102335691452026,0.5081844329833984,-0.06647501140832901,0.7604753971099854,0.6766447424888611,-0.02521483227610588,0.7675771713256836,0.6340168118476868,-0.06493088603019714,0.7697312235832214,0.683570384979248,-0.07602216303348541,0.7694970965385437,0.7231869697570801,-0.07400089502334595,0.7907835245132446,0.6902801990509033,-0.03285105153918266,0.7950645089149475,0.6676610708236694,-0.06801966577768326,0.7903541326522827,0.7148569822311401,-0.0639927089214325,0.7857685089111328,0.7461467385292053,-0.05173516646027565,0.8184322714805603,0.7111911773681641,-0.04220132902264595,0.8230107426643372,0.6911641955375671,-0.06216803938150406,0.8141195774078369,0.7240819334983826,-0.05583298206329346,0.80611652135849,0.7480777502059937,-0.04583399370312691
0.7972389459609985,0.8231792449951172,4.808858378169134e-08,0.7588530778884888,0.8015157580375671,-0.01945449411869049,0.7230567932128906,0.7623905539512634,-0.034014634788036346,0.6895122528076172,0.7387268543243408,-0.049975767731666565,0.6573421955108643,0.7386767864227295,-0.06585000455379486,0.7300717830657959,0.6732032299041748,-0.019490841776132584,0.7161113619804382,0.5958986282348633,-0.041675467044115067,0.7120639681816101,0.5483528971672058,-0.05562169849872589,0.7104436159133911,0.506719708442688,-0.0653403103351593,0.7611072063446045,0.6756083965301514,-0.024520643055438995,0.7677213549613953,0.6348666548728943,-0.06445656716823578,0.7720862627029419,0.6854274868965149,-0.07529781013727188,0.7734435796737671,0.7259901165962219,-0.072885662317276,0.7910732626914978,0.6883450150489807,-0.03194653242826462,0.7960300445556641,0.6668733358383179,-0.06693827360868454,0.7929543852806091,0.7147337198257446,-0.062435463070869446,0.788760244846344,0.7471767067909241,-0.04978244751691818,0.8186253905296326,0.7085635662078857,-0.04111805930733681,0.8242908120155334,0.6898739337921143,-0.06088094040751457,0.8161084055900574,0.7237210273742676,-0.054324544966220856,0.8079394698143005,0.7487486004829407,-0.044057779014110565
0.7965672016143799,0.8234788775444031,5.1857973915048206e-08,0.758440375328064,0.8005452752113342,-0.020850108936429024,0.7235154509544373,0.761914849281311,-0.0359630323946476,0.690268874168396,0.7389050722122192,-0.0523894764482975,0.6577246189117432,0.7388585209846497,-0.06850394606590271,0.7299448847770691,0.6711589097976685,-0.01936989836394787,0.7156628966331482,0.5946398377418518,-0.042132116854190826,0.712031364440918,0.5471186637878418,-0.056482087820768356,0.710816502571106,0.5054357051849365,-0.06642736494541168,0.7614102363586426,0.6732326745986938,-0.02388889528810978,0.7697750329971313,0.6333441734313965,-0.06479990482330322,0.7732304334640503,0.6848122477531433,-0.07645544409751892,0.7732673287391663,0.7252263426780701,-0.07434874027967453,0.7914971113204956,0.6864315867424011,-0.031084466725587845,0.7973787784576416,0.6673901081085205,-0.06711670756340027,0.7930991649627686,0.7142103314399719,-0.06399549543857574,0.7878996133804321,0.7452455163002014,-0.051981352269649506,0.8188338279724121,0.70751953125,-0.04014318808913231,0.8262688517570496,0.6912673115730286,-0.06086017191410065,0.8170437812805176,0.7237117886543274,-0.05572660267353058,0.807363748550415,0.7476192712783813,-0.046301137655973434
0.7974984049797058,0.8229449987411499,4.460017066776345e-08,0.7589160799980164,0.8009222745895386,-0.01948077790439129,0.724014937877655,0.762643039226532,-0.033485203981399536,0.690652072429657,0.7406090497970581,-0.04900636151432991,0.6578155159950256,0.7396997809410095,-0.06441876292228699,0.7296710014343262,0.6738806962966919,-0.019114328548312187,0.715520977973938,0.5953201055526733,-0.04099602997303009,0.7121810913085938,0.5481083989143372,-0.05442532151937485,0.7112013697624207,0.505980372428894,-0.06363857537508011,0.7605732679367065,0.6755947470664978,-0.023659011349081993,0.7683908939361572,0.6351770162582397,-0.0635441243648529,0.7726991176605225,0.6834514141082764,-0.07514248788356781,0.7736585736274719,0.7219685912132263,-0.0732572004199028,0.7903643846511841,0.6875886917114258,-0.030558224767446518,0.7968658208847046,0.668059766292572,-0.06597217917442322,0.793298602104187,0.7151632905006409,-0.06329212337732315,0.7887269854545593,0.7469235062599182,-0.051696132868528366,0.818008542060852,0.7069074511528015,-0.039123136550188065,0.8254196643829346,0.6911107897758484,-0.05967477336525917,0.8165409564971924,0.7250729203224182,-0.054841116070747375,0.8073888421058655,0.7508633732795715,-0.04565601050853729
0.7938166260719299,0.8251844048500061,9.59586099469334e-09,0.7563198804855347,0.8035953044891357,-0.0179804265499115,0.7206814885139465,0.7663360834121704,-0.03129774332046509,0.687493085861206,0.7457921504974365,-0.04624053090810776,0.6561003923416138,0.7454602122306824,-0.06104793772101402,0.7260336875915527,0.6741203665733337,-0.01822170615196228,0.7129883170127869,0.5979912877082825,-0.03993045166134834,0.7094486355781555,0.5520234704017639,-0.05297604948282242,0.708265483379364,0.5105868577957153,-0.06194480508565903,0.7575021386146545,0.6745209693908691,-0.02327088639140129,0.7660112380981445,0.6397184133529663,-0.06301411241292953,0.767778754234314,0.6916026473045349,-0.07357333600521088,0.7670922875404358,0.7292532324790955,-0.07079846411943436,0.7878828048706055,0.6862832903862,-0.030648140236735344,0.7945111989974976,0.674426257610321,-0.06481213867664337,0.7896098494529724,0.7219444513320923,-0.06090451776981354,0.7846459746360779,0.74881511926651,-0.04874948784708977,0.8157482147216797,0.705528974533081,-0.03967420011758804,0.8219352960586548,0.6968963146209717,-0.05826045200228691,0.8122150301933289,0.7302207946777344,-0.05261235311627388,0.8032445907592773,0.7498751878738403,-0.04312821105122566
0.7936959266662598,0.8246694803237915,2.300190971027405e-08,0.7556646466255188,0.8043292164802551,-0.01866401545703411,0.719723105430603,0.7682569026947021,-0.03322678804397583,0.6863576173782349,0.7464250922203064,-0.049334779381752014,0.6541918516159058,0.7458381056785583,-0.0654681846499443,0.7249054312705994,0.6772565245628357,-0.020597610622644424,0.7115362286567688,0.5996809005737305,-0.04290763661265373,0.7079256176948547,0.5527195334434509,-0.05668216198682785,0.7063524723052979,0.5108696818351746,-0.06627572327852249,0.7563461065292358,0.6782727837562561,-0.025750136002898216,0.7625347375869751,0.6414746642112732,-0.06551557779312134,0.7667840123176575,0.6926245093345642,-0.07612013816833496,0.7679461240768433,0.7308902740478516,-0.0738365575671196,0.787015438079834,0.6900535821914673,-0.03314562886953354,0.7905800938606262,0.6730284690856934,-0.06795904040336609,0.7872743010520935,0.720952033996582,-0.0635741651058197,0.7829875946044922,0.7504896521568298,-0.05129237473011017,0.8157037496566772,0.709075927734375,-0.04215849190950394,0.8196048736572266,0.694912314414978,-0.06167621538043022,0.8103220462799072,0.7288018465042114,-0.0553881898522377,0.8013547658920288,0.7516859769821167,-0.04548999294638634
0.7909855842590332,0.8228110671043396,3.164245399034371e-08,0.7540155053138733,0.8032113313674927,-0.0198660995811224,0.7185117602348328,0.7686837315559387,-0.03502790257334709,0.6845458745956421,0.7480663061141968,-0.051351625472307205,0.6525149345397949,0.7475671768188477,-0.06746236979961395,0.7231694459915161,0.6767915487289429,-0.02227524109184742,0.7096412777900696,0.5995843410491943,-0.0452081635594368,0.70573890209198,0.5530216693878174,-0.05906528979539871,0.7043843269348145,0.5108551979064941,-0.06859879195690155,0.7554134726524353,0.6753283739089966,-0.02651236765086651,0.7639086246490479,0.640803873538971,-0.06782189011573792,0.7672585844993591,0.6932979822158813,-0.07873206585645676,0.7674208879470825,0.7323189377784729,-0.07608645409345627,0.7862796783447266,0.6855852603912354,-0.03293713182210922,0.7930136919021606,0.6755602359771729,-0.06840267777442932,0.7888390421867371,0.7238197326660156,-0.06422466039657593,0.7831329107284546,0.7521240711212158,-0.05175402760505676,0.8140716552734375,0.7031304240226746,-0.0411059744656086,0.8208984136581421,0.6970036625862122,-0.06031891331076622,0.8109646439552307,0.732347846031189,-0.0542539581656456,0.8004698753356934,0.7536298632621765,-0.04439615085721016
0.7900855541229248,0.8245616555213928,5.338946706956449e-08,0.753217875957489,0.805941104888916,-0.02191045507788658,0.7186849117279053,0.7707290649414062,-0.03795323893427849,0.6854003071784973,0.7484564781188965,-0.054874323308467865,0.6527521014213562,0.7480358481407166,-0.07142090052366257,0.7219589948654175,0.6787934899330139,-0.023230647668242455,0.7087083458900452,0.6005106568336487,-0.046401962637901306,0.7057701349258423,0.553856611251831,-0.06058561056852341,0.7044939994812012,0.5115807056427002,-0.07046756893396378,0.753807008266449,0.6783884763717651,-0.0269002765417099,0.7632670402526855,0.6419479250907898,-0.06826190650463104,0.76863032579422,0.6923719644546509,-0.07994844019412994,0.7682370543479919,0.729181170463562,-0.0780935138463974,0.7842276096343994,0.6891107559204102,-0.03296114131808281,0.7920130491256714,0.6751681566238403,-0.06915157288312912,0.7894980311393738,0.7223225831985474,-0.06572600454092026,0.7829374670982361,0.7499905228614807,-0.05382512882351875,0.8116025328636169,0.7071942090988159,-0.04091984033584595,0.8202991485595703,0.697648286819458,-0.06133135408163071,0.8116189241409302,0.7318413853645325,-0.05595605820417404,0.8000904321670532,0.7536391019821167,-0.04657607153058052
0.7929866909980774,0.828705906867981,3.06614644784986e-08,0.7555967569351196,0.8086016774177551,-0.01986577920615673,0.7198940515518188,0.770466148853302,-0.03426145017147064,0.6857044100761414,0.7482926845550537,-0.049904752522706985,0.652865469455719,0.7485371232032776,-0.06532742083072662,0.7224214673042297,0.6797612905502319,-0.020475061610341072,0.7084885239601135,0.6013526320457458,-0.04299085959792137,0.7049074172973633,0.5542494058609009,-0.05652950331568718,0.7030470371246338,0.5120174884796143,-0.06588244438171387,0.7540670037269592,0.6798397302627563,-0.02491803467273712,0.7621453404426575,0.6414894461631775,-0.06472432613372803,0.7664980888366699,0.6934211254119873,-0.07506345957517624,0.76615971326828,0.7296388745307922,-0.07234670221805573,0.784863293170929,0.6909527778625488,-0.03176981210708618,0.7906185388565063,0.6742047071456909,-0.06673392653465271,0.7872388362884521,0.7229046821594238,-0.06221483647823334,0.7817608714103699,0.7495322823524475,-0.04966896027326584,0.8130238056182861,0.7096035480499268,-0.04035807028412819,0.8188766241073608,0.697035551071167,-0.05970636010169983,0.8096702098846436,0.7313558459281921,-0.05334978550672531,0.799906849861145,0.7519292235374451,-0.04335745424032211
0.7917076945304871,0.8262954354286194,1.1693483514818581e-08,0.7547127604484558,0.8061002492904663,-0.019748331978917122,0.7187498807907104,0.7696548700332642,-0.03450261801481247,0.6848090291023254,0.7487055659294128,-0.05063830316066742,0.6524420380592346,0.7488061189651489,-0.06659360229969025,0.7220185995101929,0.6786053776741028,-0.021173842251300812,0.7084471583366394,0.6010434627532959,-0.044217415153980255,0.7045641541481018,0.5544989109039307,-0.058149684220552444,0.7025884389877319,0.5126472115516663,-0.06785759329795837,0.7534922361373901,0.678710401058197,-0.025874096900224686,0.7607645392417908,0.6437056660652161,-0.06606558710336685,0.7652682065963745,0.696445107460022,-0.07638543844223022,0.7655369639396667,0.7328965067863464,-0.07397542893886566,0.7843471765518188,0.6896169781684875,-0.033067747950553894,0.7889649868011475,0.6748483180999756,-0.06841610372066498,0.7856888771057129,0.7238487601280212,-0.06378970295190811,0.7806485891342163,0.7508139610290527,-0.0514281690120697,0.8132258057594299,0.7080582976341248,-0.0420457199215889,0.8186324834823608,0.6961938738822937,-0.06198742240667343,0.8088428378105164,0.731624186038971,-0.05588437616825104,0.7987707257270813,0.7535162568092346,-0.04617073014378548
0.7935547232627869,0.8272749185562134,1.5447973567006557e-08,0.7562625408172607,0.8078933954238892,-0.020275210961699486,0.719411313533783,0.7710972428321838,-0.03512100502848625,0.6850181221961975,0.7503359317779541,-0.05109359323978424,0.6529301404953003,0.7498780488967896,-0.06674428284168243,0.7219721078872681,0.6782325506210327,-0.02119220606982708,0.7081945538520813,0.6006041765213013,-0.044378310441970825,0.7045003771781921,0.5538474321365356,-0.05835777893662453,0.7029967308044434,0.5120536684989929,-0.06797012686729431,0.7540674805641174,0.6782682538032532,-0.025596262887120247,0.7615295648574829,0.6427327394485474,-0.0661381334066391,0.7659134864807129,0.6970272660255432,-0.07624281197786331,0.7661934494972229,0.7333884835243225,-0.07333797216415405,0.7853398323059082,0.6893249154090881,-0.03254794329404831,0.7895785570144653,0.6740515828132629,-0.06804362684488297,0.7863708734512329,0.7240415811538696,-0.06281831860542297,0.7816354632377625,0.7502674460411072,-0.049788519740104675,0.814187228679657,0.7078115940093994,-0.04130696505308151,0.8183103799819946,0.6952036619186401,-0.061020441353321075,0.8088550567626953,0.730962336063385,-0.05411677807569504,0.7995336055755615,0.751613974571228,-0.04364800825715065
0.7926071882247925,0.8305081725120544,3.4409353588671365e-08,0.754911482334137,0.8100653290748596,-0.0210040882229805,0.7187747359275818,0.7733226418495178,-0.0360955148935318,0.6846734881401062,0.7525085806846619,-0.052357856184244156,0.6517354846000671,0.752423107624054,-0.06841292977333069,0.7219514846801758,0.6798349022865295,-0.020291391760110855,0.7077710628509521,0.6020998954772949,-0.043076787143945694,0.7039362788200378,0.5546054840087891,-0.057244740426540375,0.7022811770439148,0.512802004814148,-0.06709948182106018,0.7544349431991577,0.6795852184295654,-0.02471417933702469,0.7614212036132812,0.6418904066085815,-0.06624637544155121,0.7680505514144897,0.6940141916275024,-0.07798893749713898,0.7702309489250183,0.7341936230659485,-0.07585430890321732,0.7857653498649597,0.6907271146774292,-0.03174816444516182,0.7900195121765137,0.6726634502410889,-0.06856584548950195,0.7883307337760925,0.7220048308372498,-0.06543987989425659,0.7843691110610962,0.7537087202072144,-0.05334540829062462,0.8146140575408936,0.7095609903335571,-0.04058084636926651,0.8195787072181702,0.6974928379058838,-0.06225750222802162,0.8111999034881592,0.7334288954734802,-0.05743639916181564,0.8019691705703735,0.758080780506134,-0.04807400703430176
0.7929494380950928,0.8301513195037842,8.355056202447031e-09,0.754935622215271,0.8100206851959229,-0.01973106525838375,0.7179996371269226,0.7731891870498657,-0.034194860607385635,0.6842961311340332,0.7531064748764038,-0.05000399798154831,0.6519088745117188,0.7530956864356995,-0.06567618250846863,0.7219289541244507,0.6802051663398743,-0.01996646821498871,0.7079766988754272,0.602623701095581,-0.042157530784606934,0.7046770453453064,0.5552014708518982,-0.05580029636621475,0.7034316062927246,0.5135219693183899,-0.06528852880001068,0.7535800933837891,0.6799250245094299,-0.02473266050219536,0.7599917054176331,0.6451746821403503,-0.06476782262325287,0.7659874558448792,0.6977960467338562,-0.0755167230963707,0.7678048014640808,0.7370235323905945,-0.07316441833972931,0.7848526239395142,0.6907961964607239,-0.03199678286910057,0.7883853912353516,0.6713683605194092,-0.06745310872793198,0.7860580086708069,0.7211072444915771,-0.06336000561714172,0.7820095419883728,0.7523541450500488,-0.05110844224691391,0.8146788477897644,0.7094889283180237,-0.04097502678632736,0.8186604976654053,0.694706916809082,-0.061817467212677,0.8099943399429321,0.7307669520378113,-0.05620782449841499,0.8011384010314941,0.7552585005760193,-0.04650741443037987
0.7934884428977966,0.8307936787605286,2.9051463457108184e-08,0.7550233006477356,0.8101656436920166,-0.021360332146286964,0.7191195487976074,0.7745507955551147,-0.03712283447384834,0.6847432255744934,0.7544004321098328,-0.05407751724123955,0.6513974666595459,0.753349244594574,-0.07069268822669983,0.7227189540863037,0.6805205345153809,-0.02131233736872673,0.7074304819107056,0.6032009124755859,-0.044731851667165756,0.7036484479904175,0.5553659200668335,-0.05925532802939415,0.7022708058357239,0.5132389068603516,-0.06927545368671417,0.7547597885131836,0.6806314587593079,-0.025530604645609856,0.7615437507629395,0.6449424624443054,-0.06746100634336472,0.7667950391769409,0.6972785592079163,-0.07919218391180038,0.7680144309997559,0.7364330887794495,-0.07715461403131485,0.786085844039917,0.6923636794090271,-0.03241853415966034,0.7906317710876465,0.6759122014045715,-0.06964819133281708,0.7873827219009399,0.7243938446044922,-0.06663522869348526,0.7825886607170105,0.7546863555908203,-0.05452825501561165,0.8151316046714783,0.7114915251731873,-0.04108397290110588,0.8195428252220154,0.697148859500885,-0.06254105269908905,0.8100690245628357,0.7312179803848267,-0.05749634653329849,0.8003615736961365,0.7547610402107239,-0.047984614968299866
0.7920523285865784,0.8302439451217651,2.3679730176695557e-08,0.7542778253555298,0.8103121519088745,-0.0214192196726799,0.718431293964386,0.7747454643249512,-0.03686382248997688,0.6846368312835693,0.7548313140869141,-0.05345242843031883,0.6519338488578796,0.7555780410766602,-0.06974002718925476,0.7215867638587952,0.6801318526268005,-0.020442862063646317,0.7076753377914429,0.6027300953865051,-0.043126609176397324,0.7040979862213135,0.5556305646896362,-0.05706595629453659,0.702817440032959,0.5138882994651794,-0.06672199815511703,0.7536441683769226,0.6796022653579712,-0.024430645629763603,0.7595282196998596,0.6459508538246155,-0.06538835167884827,0.7652246356010437,0.6986067891120911,-0.07677248120307922,0.7675436735153198,0.7368087768554688,-0.07453849911689758,0.7847750782966614,0.6901271939277649,-0.031132902950048447,0.7877563238143921,0.6750040054321289,-0.06719599664211273,0.7848917245864868,0.7238302230834961,-0.06408581882715225,0.7811511754989624,0.7536072731018066,-0.05221172422170639,0.8142414689064026,0.7081254124641418,-0.03972022607922554,0.8173304200172424,0.6989122033119202,-0.06065613403916359,0.8082501292228699,0.7343584299087524,-0.05591471120715141,0.799681544303894,0.7574985027313232,-0.04670347645878792
0.7929624915122986,0.832758903503418,1.803024041180379e-08,0.7552773952484131,0.8123344779014587,-0.021047677844762802,0.7187973260879517,0.7752516865730286,-0.03615925833582878,0.6846365332603455,0.7543112635612488,-0.05245025455951691,0.6517273187637329,0.7542190551757812,-0.06847032904624939,0.7220158576965332,0.6812030076980591,-0.020679377019405365,0.7074756622314453,0.6041483283042908,-0.04416285827755928,0.7034631371498108,0.556537389755249,-0.05853176862001419,0.7021201848983765,0.5143774151802063,-0.0683184340596199,0.7541909217834473,0.6807355284690857,-0.025114158168435097,0.7605634927749634,0.645075798034668,-0.06709601730108261,0.7652173042297363,0.69952791929245,-0.07827715575695038,0.766902506351471,0.7387298345565796,-0.0754837691783905,0.7855315208435059,0.6918840408325195,-0.032261740416288376,0.7892140746116638,0.6763492822647095,-0.06920033693313599,0.785767138004303,0.7267462611198425,-0.06533033400774002,0.7818818688392639,0.7563172578811646,-0.052526380866765976,0.8145508170127869,0.7106736302375793,-0.04126352071762085,0.8188007473945618,0.6991207599639893,-0.06228838860988617,0.809158444404602,0.7348332405090332,-0.05668622627854347,0.8002827763557434,0.757294774055481,-0.046729348599910736
0.7935177683830261,0.8312195539474487,2.2548112710296664e-08,0.7563837170600891,0.8131052255630493,-0.022018183022737503,0.7194021940231323,0.7766211628913879,-0.03742057830095291,0.6850378513336182,0.7556994557380676,-0.05363772064447403,0.6519379019737244,0.756583571434021,-0.06942463666200638,0.7214793562889099,0.6817434430122375,-0.02202649414539337,0.7074655294418335,0.6038764715194702,-0.04492238536477089,0.7039048075675964,0.5568252801895142,-0.058590445667505264,0.7026775479316711,0.5147655606269836,-0.06805428862571716,0.7533289790153503,0.6804396510124207,-0.025635994970798492,0.7618098855018616,0.6458954811096191,-0.06688659638166428,0.7684439420700073,0.699413537979126,-0.07766241580247879,0.7702064514160156,0.7374931573867798,-0.07489056885242462,0.7843174338340759,0.6903960704803467,-0.03190801665186882,0.7908427715301514,0.6759726405143738,-0.06800952553749084,0.7888123393058777,0.7255867123603821,-0.06411755084991455,0.7839371562004089,0.7542064189910889,-0.05179636925458908,0.8133690357208252,0.7081543207168579,-0.04015451669692993,0.8202495574951172,0.7002573013305664,-0.060895923525094986,0.8118164539337158,0.7368595004081726,-0.05574510246515274,0.8019126057624817,0.7590547800064087,-0.04636143147945404
0.7913655042648315,0.8319777250289917,1.7048463973878825e-08,0.7538120150566101,0.8118922710418701,-0.021253207698464394,0.7177382111549377,0.775495707988739,-0.03644414246082306,0.6840901374816895,0.7556769847869873,-0.052656713873147964,0.6516386270523071,0.7563163042068481,-0.06856176257133484,0.7210642695426941,0.682196855545044,-0.021705273538827896,0.7066914439201355,0.6045691967010498,-0.045104239135980606,0.7027633190155029,0.5571022033691406,-0.0592879094183445,0.701158881187439,0.5152587890625,-0.06899283826351166,0.7540183067321777,0.6809169054031372,-0.02592005953192711,0.760730504989624,0.6468212008476257,-0.06848374009132385,0.7667476534843445,0.7015924453735352,-0.07983219623565674,0.768771767616272,0.7416224479675293,-0.07703585922718048,0.7857446670532227,0.6914656162261963,-0.032746728509664536,0.7901028990745544,0.6767224669456482,-0.06988901644945145,0.7878835201263428,0.7270104885101318,-0.06607578694820404,0.7837842702865601,0.7570477724075317,-0.05331313610076904,0.8149913549423218,0.7096635699272156,-0.04141629487276077,0.8204911947250366,0.700061559677124,-0.06282991170883179,0.8117414116859436,0.7360666394233704,-0.057591408491134644,0.8025780320167542,0.758579432964325,-0.047826170921325684
0.7933430671691895,0.8338080048561096,1.968785312556065e-08,0.7557597756385803,0.8150465488433838,-0.0216525848954916,0.7194916605949402,0.7779544591903687,-0.037023212760686874,0.6856931447982788,0.7560372352600098,-0.053457677364349365,0.6526129245758057,0.7565407156944275,-0.06963586807250977,0.7214645147323608,0.6831617951393127,-0.020463958382606506,0.7074494957923889,0.6056358218193054,-0.04304872825741768,0.7039324641227722,0.5587875843048096,-0.056847069412469864,0.7023776769638062,0.5168761014938354,-0.06643945723772049,0.7531266212463379,0.6821840405464172,-0.024476300925016403,0.7593849301338196,0.6479548215866089,-0.06505643576383591,0.7661975622177124,0.7016896605491638,-0.07592032104730606,0.7683312892913818,0.7393310070037842,-0.0733463242650032,0.7842029929161072,0.692552387714386,-0.03121327795088291,0.7883595824241638,0.6755784153938293,-0.06711871922016144,0.7867674231529236,0.7262288331985474,-0.06291356682777405,0.7828174233436584,0.7557966709136963,-0.05035809800028801,0.8136718273162842,0.7107583284378052,-0.03989287465810776,0.8186085224151611,0.699739396572113,-0.06070825457572937,0.8104917407035828,0.7369310855865479,-0.05502680689096451,0.8017091155052185,0.760210394859314,-0.04519142210483551
0.7940255403518677,0.8336063027381897,2.0779992837560712e-08,0.7562587857246399,0.8151196241378784,-0.02107277885079384,0.718935489654541,0.7796883583068848,-0.03602946177124977,0.6842936277389526,0.7592616081237793,-0.05192341282963753,0.6514506936073303,0.7594895958900452,-0.06759878993034363,0.7216784358024597,0.6851100325584412,-0.021756818518042564,0.706994891166687,0.6070942878723145,-0.0438910536468029,0.7031295895576477,0.5591182708740234,-0.05728549510240555,0.7009161710739136,0.5172541737556458,-0.06653805077075958,0.7536771893501282,0.6843194365501404,-0.0254344642162323,0.7607840895652771,0.6494171023368835,-0.06578634679317474,0.7677143812179565,0.7016225457191467,-0.07638275623321533,0.7693660855293274,0.7416301369667053,-0.073707714676857,0.7848806977272034,0.6952228546142578,-0.03157948702573776,0.789851725101471,0.679836630821228,-0.06735240668058395,0.7885118126869202,0.7281809449195862,-0.06362555921077728,0.7843320369720459,0.7590024471282959,-0.05130348727107048,0.8135977983474731,0.7136702537536621,-0.03945014625787735,0.8183368444442749,0.6997789740562439,-0.05999976769089699,0.8110872507095337,0.7349538803100586,-0.05440148338675499,0.8026679158210754,0.7596179246902466,-0.04458707198500633
0.7937278151512146,0.8361673355102539,1.8372489307694195e-08,0.7557427287101746,0.8167791962623596,-0.020546967163681984,0.7184527516365051,0.779998242855072,-0.0352223664522171,0.6841893792152405,0.7603435516357422,-0.050969548523426056,0.6516395807266235,0.7609891295433044,-0.06648369133472443,0.7208061218261719,0.6845304369926453,-0.020374758169054985,0.705841600894928,0.6073589324951172,-0.0428139828145504,0.7017126679420471,0.5591427683830261,-0.05685942992568016,0.7000388503074646,0.5175358057022095,-0.06653237342834473,0.7526885867118835,0.6838476657867432,-0.024592583999037743,0.7597772479057312,0.6504530906677246,-0.06519114226102829,0.7663698196411133,0.703084409236908,-0.07631393522024155,0.768758237361908,0.7430778741836548,-0.07392918318510056,0.7840828895568848,0.6949589252471924,-0.031363777816295624,0.7876018285751343,0.678001880645752,-0.06716740876436234,0.7860434651374817,0.7266426682472229,-0.0635681077837944,0.7829858064651489,0.7577657699584961,-0.05133333057165146,0.8134397268295288,0.7138999700546265,-0.03988010063767433,0.816644549369812,0.7007569074630737,-0.060852695256471634,0.8094261884689331,0.73549485206604,-0.055437326431274414,0.8024842143058777,0.7592587471008301,-0.04557964205741882
0.7947901487350464,0.8371435403823853,1.1387077059055173e-08,0.7561924457550049,0.8171062469482422,-0.02003520540893078,0.7181234955787659,0.7806679010391235,-0.034545354545116425,0.6832723021507263,0.7603006362915039,-0.050341811031103134,0.6506137847900391,0.7606394290924072,-0.06594736129045486,0.7206597924232483,0.6861838102340698,-0.01990927942097187,0.7056174874305725,0.6082412600517273,-0.042534615844488144,0.7016862034797668,0.5602573156356812,-0.05662867799401283,0.7000812292098999,0.5179510116577148,-0.06640145927667618,0.7522443532943726,0.6847903728485107,-0.024504370987415314,0.7578670978546143,0.6504892706871033,-0.06514279544353485,0.7646934986114502,0.7037227153778076,-0.07602439075708389,0.767562747001648,0.7436915040016174,-0.07354564219713211,0.7835818529129028,0.6949888467788696,-0.03167661651968956,0.7865001559257507,0.6775530576705933,-0.06745757907629013,0.7848868370056152,0.7271757125854492,-0.06348156183958054,0.7819085121154785,0.7586168646812439,-0.051100391894578934,0.8131140470504761,0.7133817076683044,-0.040626149624586105,0.8163627982139587,0.7009496092796326,-0.061455804854631424,0.8082249164581299,0.737104058265686,-0.05594976618885994,0.8005176186561584,0.7614657282829285,-0.04618582874536514
0.7936733961105347,0.8361350297927856,2.4262325482027336e-08,0.7552704215049744,0.8163915872573853,-0.02155982330441475,0.7178546190261841,0.7812253832817078,-0.037449490278959274,0.6829235553741455,0.7613175511360168,-0.0543648935854435,0.6500321626663208,0.7606039643287659,-0.07096514850854874,0.7201462388038635,0.6861158609390259,-0.02230086736381054,0.7053049206733704,0.6088711023330688,-0.04585208743810654,0.7013086080551147,0.5614701509475708,-0.060587748885154724,0.699887752532959,0.5192044377326965,-0.07080307602882385,0.7522818446159363,0.6848374605178833,-0.026609817519783974,0.7586067318916321,0.6508846879005432,-0.0681229680776596,0.7641064524650574,0.7040576338768005,-0.07945666462182999,0.7659893035888672,0.7428685426712036,-0.07737995684146881,0.7838703393936157,0.6955196857452393,-0.033565789461135864,0.7871476411819458,0.6792531609535217,-0.07022793591022491,0.784895658493042,0.7287915349006653,-0.0662747174501419,0.7814132571220398,0.7588050365447998,-0.05391865596175194,0.813335120677948,0.7143208384513855,-0.04240600764751434,0.817192554473877,0.7023938298225403,-0.06367187201976776,0.8089230060577393,0.7385456562042236,-0.057978056371212006,0.8010112643241882,0.7617090940475464,-0.0480961911380291
0.7936462163925171,0.8355073928833008,1.9547034213474035e-08,0.7558549642562866,0.8174469470977783,-0.020864250138401985,0.7180807590484619,0.7812585830688477,-0.03581605106592178,0.6831586956977844,0.7606068253517151,-0.051771074533462524,0.6503070592880249,0.7610725164413452,-0.06738437712192535,0.7198069095611572,0.6865921020507812,-0.02169012278318405,0.7052593231201172,0.6087339520454407,-0.04456629976630211,0.7013890147209167,0.561782717704773,-0.058386046439409256,0.7000526785850525,0.5199044942855835,-0.06794335693120956,0.752067506313324,0.6855427026748657,-0.025878315791487694,0.7601307034492493,0.6502208113670349,-0.06657189875841141,0.7659896016120911,0.7042956352233887,-0.07682618498802185,0.7673757672309875,0.7425707578659058,-0.07397633790969849,0.7833526134490967,0.6960865259170532,-0.03262956812977791,0.7881782054901123,0.680422306060791,-0.06828944385051727,0.7861338257789612,0.730420708656311,-0.0634814202785492,0.7818642854690552,0.7591896653175354,-0.05074382573366165,0.8121481537818909,0.7145881652832031,-0.04124895855784416,0.8176164031028748,0.7042723298072815,-0.06159092113375664,0.8094428777694702,0.7403960227966309,-0.05545046553015709,0.8005473613739014,0.7622547149658203,-0.04543198272585869
0.7942215204238892,0.8374358415603638,1.491343937232159e-08,0.7560465931892395,0.8184611201286316,-0.021083585917949677,0.7180086970329285,0.7814440131187439,-0.03622668981552124,0.6830921173095703,0.7609670162200928,-0.05235736072063446,0.6503465175628662,0.7616527080535889,-0.06821302324533463,0.7201374769210815,0.685969352722168,-0.021681632846593857,0.7049579620361328,0.6085820198059082,-0.044947609305381775,0.7011582255363464,0.5611419677734375,-0.05927241966128349,0.7000375986099243,0.5194195508956909,-0.06912922114133835,0.7524877190589905,0.6846625804901123,-0.02582145296037197,0.7587752938270569,0.6516197323799133,-0.06692179292440414,0.7651945948600769,0.7057849168777466,-0.07763351500034332,0.7674558162689209,0.7440248131752014,-0.07499945908784866,0.784129798412323,0.6951301693916321,-0.03260496258735657,0.7869875431060791,0.6800451278686523,-0.06861995160579681,0.7854321002960205,0.7296969294548035,-0.06433463841676712,0.782048761844635,0.7587451338768005,-0.05182386189699173,0.8135257959365845,0.7135500907897949,-0.04125969111919403,0.8170059323310852,0.7040634155273438,-0.06215532496571541,0.8087721467018127,0.7400426864624023,-0.056527163833379745,0.8004574179649353,0.7620129585266113,-0.046706654131412506
0.794170081615448,0.835076093673706,1.2407087801591388e-08,0.7560886144638062,0.815751314163208,-0.020864011719822884,0.7178341150283813,0.7802398800849915,-0.036548398435115814,0.6826028823852539,0.7606715559959412,-0.053223658353090286,0.6502675414085388,0.760627031326294,-0.06966251134872437,0.7204385995864868,0.6854729652404785,-0.023113027215003967,0.705087423324585,0.6081911325454712,-0.046744294464588165,0.7010881900787354,0.5605311989784241,-0.061308879405260086,0.7000376582145691,0.5189583897590637,-0.07132267206907272,0.7526391744613647,0.6848141551017761,-0.027538863942027092,0.7581432461738586,0.6518632769584656,-0.0684589222073555,0.7643306255340576,0.7062817215919495,-0.07848760485649109,0.7669305205345154,0.7451886534690857,-0.07566066086292267,0.7843536138534546,0.6960078477859497,-0.03457608073949814,0.786328136920929,0.6792596578598022,-0.07033335417509079,0.7846384048461914,0.7289994359016418,-0.06514358520507812,0.781714141368866,0.7587624788284302,-0.05225236713886261,0.8140190243721008,0.7151492834091187,-0.04347572475671768,0.8161240220069885,0.7031144499778748,-0.0640816017985344,0.808124303817749,0.7387229204177856,-0.05773616209626198,0.800818681716919,0.7608131766319275,-0.04756314307451248
0.7938664555549622,0.8368185758590698,1.6844060368725877e-08,0.7557430863380432,0.8156293034553528,-0.01970890909433365,0.7183159589767456,0.778190553188324,-0.034215155988931656,0.6827970147132874,0.7577229142189026,-0.050015415996313095,0.6504864692687988,0.7574368715286255,-0.06557748466730118,0.7215341925621033,0.6856823563575745,-0.02093876525759697,0.7062477469444275,0.6079977750778198,-0.044295333325862885,0.7023594379425049,0.5596688985824585,-0.05858771875500679,0.7014157176017761,0.5175580978393555,-0.06828014552593231,0.7530820965766907,0.6855382919311523,-0.025656865909695625,0.7594574689865112,0.6491021513938904,-0.06652763485908508,0.7642910480499268,0.7029886841773987,-0.0765913724899292,0.7658294439315796,0.7425096035003662,-0.07348217070102692,0.7843547463417053,0.6969812512397766,-0.0329182893037796,0.7883357405662537,0.6806149482727051,-0.06865128129720688,0.7853013873100281,0.730032742023468,-0.0637761652469635,0.7813445329666138,0.7596449255943298,-0.05072793737053871,0.8131505846977234,0.7161527276039124,-0.04193342849612236,0.8169348835945129,0.7024770975112915,-0.061703652143478394,0.8079171180725098,0.7371363043785095,-0.05513642355799675,0.7998275756835938,0.7592410445213318,-0.0448019802570343
0.7937946915626526,0.835984468460083,1.3932762499280216e-08,0.7555209994316101,0.8159542679786682,-0.020182417705655098,0.71782386302948,0.7790873646736145,-0.035251863300800323,0.6823521852493286,0.758435070514679,-0.05154765769839287,0.6496973037719727,0.7585568428039551,-0.06766575574874878,0.7216102480888367,0.6854661703109741,-0.021623611450195312,0.7067650556564331,0.6081913113594055,-0.04472209885716438,0.7027698159217834,0.5605779886245728,-0.05892445892095566,0.7013362050056458,0.5187553763389587,-0.06876197457313538,0.7530783414840698,0.6851798892021179,-0.026172813028097153,0.75935959815979,0.6492810845375061,-0.06635250151157379,0.7640038728713989,0.70306396484375,-0.07620649039745331,0.7648802995681763,0.7418546676635742,-0.07341242581605911,0.7841955423355103,0.6964429616928101,-0.033292580395936966,0.787405252456665,0.6775979995727539,-0.06882873177528381,0.784365713596344,0.7277014851570129,-0.06374228745698929,0.7801739573478699,0.7578888535499573,-0.05093558877706528,0.8131318688392639,0.7157503366470337,-0.04219404608011246,0.8165313601493835,0.7005429267883301,-0.06266754865646362,0.807397723197937,0.7363419532775879,-0.05635920912027359,0.7990469932556152,0.7594876885414124,-0.04630851745605469
0.7944266200065613,0.8354672193527222,1.5165369404712692e-08,0.7560706734657288,0.8158478140830994,-0.02004208415746689,0.7175953984260559,0.7790703177452087,-0.03481386974453926,0.6818762421607971,0.7580697536468506,-0.0508209727704525,0.6493006348609924,0.7583569884300232,-0.06665775924921036,0.7210979461669922,0.685131847858429,-0.021033864468336105,0.706601619720459,0.6078914403915405,-0.04390302672982216,0.7027658224105835,0.5605292916297913,-0.05795329436659813,0.7014316916465759,0.5186936259269714,-0.0676887258887291,0.7525534629821777,0.6846893429756165,-0.02559685707092285,0.7599901556968689,0.6489197015762329,-0.06589211523532867,0.7651280760765076,0.7032670974731445,-0.07583221793174744,0.7659496068954468,0.7424055933952332,-0.07293582707643509,0.7835475206375122,0.6959493160247803,-0.032684531062841415,0.7882535457611084,0.6775239706039429,-0.06833109259605408,0.7854139804840088,0.7281907796859741,-0.06323760747909546,0.7809399366378784,0.7586908936500549,-0.050267864018678665,0.8120889067649841,0.7154233455657959,-0.041525255888700485,0.8168781995773315,0.7010612487792969,-0.06198079138994217,0.808207094669342,0.7374285459518433,-0.05554186925292015,0.7997144460678101,0.7606558799743652,-0.04528803378343582
0.79444420337677,0.8361924886703491,2.232844309446591e-08,0.7554337382316589,0.8162009716033936,-0.020403899252414703,0.7177167534828186,0.7801899909973145,-0.03581000864505768,0.6822289228439331,0.7598318457603455,-0.05247959867119789,0.6494663953781128,0.7590255737304688,-0.06893885880708694,0.720971941947937,0.6857607364654541,-0.021659154444932938,0.7062493562698364,0.6081745028495789,-0.045201726257801056,0.7024621367454529,0.5602397918701172,-0.05976622924208641,0.7014625072479248,0.517911434173584,-0.06982314586639404,0.7526552081108093,0.6854696869850159,-0.026349103078246117,0.7585291862487793,0.649350106716156,-0.06708741188049316,0.7632076144218445,0.7036757469177246,-0.07726357132196426,0.7647233009338379,0.7420708537101746,-0.07457263022661209,0.7840589880943298,0.6972644329071045,-0.033661823719739914,0.7869234085083008,0.6781772971153259,-0.06967822462320328,0.7838765978813171,0.7285432815551758,-0.0646786242723465,0.7802993059158325,0.7579353451728821,-0.05175698548555374,0.8132349252700806,0.7171146869659424,-0.04274923354387283,0.8160544633865356,0.7015082836151123,-0.06330863386392593,0.8067804574966431,0.7369698286056519,-0.056852903217077255,0.7986873984336853,0.7591720223426819,-0.04660745710134506
0.7938569188117981,0.8368135690689087,1.901335977549934e-08,0.7552284598350525,0.8164263367652893,-0.020433828234672546,0.7175595760345459,0.7794507145881653,-0.035438422113657,0.682340681552887,0.7591195106506348,-0.05161180719733238,0.6496361494064331,0.7589954733848572,-0.06754610687494278,0.7205765843391418,0.6856496334075928,-0.021456278860569,0.7059962749481201,0.6079877614974976,-0.044785089790821075,0.7024404406547546,0.5599439144134521,-0.059113048017024994,0.7017051577568054,0.5176336765289307,-0.06894110888242722,0.7523477673530579,0.6854062080383301,-0.026072220876812935,0.7585358023643494,0.6500672101974487,-0.066632479429245,0.7635840177536011,0.7045861482620239,-0.07657681405544281,0.7652922868728638,0.7433136701583862,-0.0736248567700386,0.7837141156196594,0.697357714176178,-0.03332323953509331,0.7869400382041931,0.6794038414955139,-0.06920676678419113,0.7842040061950684,0.729888916015625,-0.06408768147230148,0.7805501818656921,0.7594192624092102,-0.05103716999292374,0.8126915693283081,0.7175003290176392,-0.042379047721624374,0.8163764476776123,0.7031564712524414,-0.06292992830276489,0.8078024983406067,0.738659143447876,-0.05645051226019859,0.7999807596206665,0.7606494426727295,-0.04613376036286354
0.7940071821212769,0.8364630341529846,9.655861887836181e-09,0.7549859285354614,0.8162050247192383,-0.02044857107102871,0.7169451713562012,0.7790862321853638,-0.03530292212963104,0.6821177005767822,0.7585719227790833,-0.051320791244506836,0.649429976940155,0.7587295770645142,-0.06714746356010437,0.7205454111099243,0.6863449811935425,-0.021389750763773918,0.7056576609611511,0.6080999970436096,-0.04444362223148346,0.7021187543869019,0.5599290728569031,-0.05859203636646271,0.7011535167694092,0.5177886486053467,-0.0682525560259819,0.7525311708450317,0.6861448884010315,-0.025848397985100746,0.759078323841095,0.6506296992301941,-0.06685607880353928,0.7647820711135864,0.705714762210846,-0.07719498872756958,0.7662152051925659,0.746518611907959,-0.07422516494989395,0.7841211557388306,0.697380542755127,-0.032879363745450974,0.7873134613037109,0.679190456867218,-0.0691722184419632,0.7854115962982178,0.7294348478317261,-0.06462298333644867,0.7816751599311829,0.7608723640441895,-0.051663514226675034,0.8134436011314392,0.7165527939796448,-0.04164248704910278,0.8172085285186768,0.701681911945343,-0.06269648671150208,0.8095576763153076,0.7373418211936951,-0.05657631531357765,0.8018760085105896,0.7611550688743591,-0.04628019407391548
0.7943254113197327,0.836953341960907,1.702146867899046e-08,0.7553738355636597,0.816267728805542,-0.020771462470293045,0.7174391150474548,0.7789678573608398,-0.03615735471248627,0.6826176643371582,0.7579483985900879,-0.05276548117399216,0.649882972240448,0.75750732421875,-0.06911700963973999,0.7216053009033203,0.6862795352935791,-0.02184400148689747,0.7062698602676392,0.608125627040863,-0.04562555253505707,0.7026902437210083,0.5599275827407837,-0.06026982516050339,0.7017862796783447,0.5175522565841675,-0.0702853575348854,0.7538827061653137,0.6861574053764343,-0.026559345424175262,0.7596341967582703,0.6499737501144409,-0.06818237155675888,0.7650256156921387,0.7043326497077942,-0.07892429083585739,0.7667006850242615,0.7439363598823547,-0.07629936933517456,0.785570502281189,0.697476863861084,-0.0339495986700058,0.7881783843040466,0.6794310808181763,-0.07076235115528107,0.7857046127319336,0.729271411895752,-0.06641243398189545,0.7819548845291138,0.7596874237060547,-0.053608234971761703,0.8151108026504517,0.7166234254837036,-0.043132200837135315,0.8182880878448486,0.7013781070709229,-0.06418206542730331,0.8093644976615906,0.7365981936454773,-0.058147501200437546,0.8007077574729919,0.7598274350166321,-0.04804813116788864
0.7938440442085266,0.8359619975090027,1.957474005109816e-08,0.7553027272224426,0.8160375952720642,-0.020832207053899765,0.7170493006706238,0.7785436511039734,-0.03590209037065506,0.682407557964325,0.7565939426422119,-0.05211520567536354,0.6497695446014404,0.7569772005081177,-0.06808779388666153,0.7216540575027466,0.6853786110877991,-0.021296124905347824,0.7069602012634277,0.6078336834907532,-0.04425966367125511,0.7032611966133118,0.5604525208473206,-0.05856012925505638,0.7021231055259705,0.5185656547546387,-0.06848548352718353,0.753888726234436,0.6855261325836182,-0.025720201432704926,0.7617830634117126,0.6503788828849792,-0.06666052341461182,0.7675719857215881,0.7035014033317566,-0.07753871381282806,0.7688599228858948,0.7429128289222717,-0.075152687728405,0.7851558327674866,0.6969841122627258,-0.032754767686128616,0.7899072170257568,0.6803953647613525,-0.06889718025922775,0.7877719402313232,0.7289807796478271,-0.06490659713745117,0.7835420966148376,0.7593557238578796,-0.052551720291376114,0.8140280842781067,0.7162891626358032,-0.04160864278674126,0.8193798065185547,0.7024546265602112,-0.062416572123765945,0.8115566372871399,0.7375609874725342,-0.05665240436792374,0.8031142354011536,0.7610052227973938,-0.04680882394313812
0.7936890125274658,0.8364171981811523,2.0953521584488044e-08,0.7553666830062866,0.8162246346473694,-0.021145321428775787,0.7177523374557495,0.7781935930252075,-0.036400631070137024,0.6829720735549927,0.7560490369796753,-0.05276473984122276,0.6501976251602173,0.7563903331756592,-0.06882043927907944,0.7221368551254272,0.6846393942832947,-0.02116822637617588,0.7073252201080322,0.6072654724121094,-0.04461304470896721,0.7035160064697266,0.5600437521934509,-0.058994442224502563,0.7025736570358276,0.5181499719619751,-0.06885693222284317,0.7546786069869995,0.6842580437660217,-0.025594396516680717,0.7620253562927246,0.6496527194976807,-0.0670841708779335,0.767279326915741,0.7045876383781433,-0.0777890533208847,0.7686784267425537,0.7430835366249084,-0.07493823021650314,0.7863033413887024,0.6955456137657166,-0.03272764012217522,0.790565550327301,0.6809748411178589,-0.06899109482765198,0.788199245929718,0.7305281162261963,-0.06431415677070618,0.7843021750450134,0.7585436701774597,-0.05131479352712631,0.815319299697876,0.7147243022918701,-0.04176585376262665,0.8203122615814209,0.7029736042022705,-0.06183377280831337,0.8121155500411987,0.7384536266326904,-0.05520869791507721,0.8039706945419312,0.7595999836921692,-0.04475969076156616
0.7950237989425659,0.836792528629303,1.0761732838204807e-08,0.7559220194816589,0.8160908222198486,-0.02018885873258114,0.717740535736084,0.7776020765304565,-0.03485887125134468,0.6831504106521606,0.7557026147842407,-0.05087319761514664,0.6503084897994995,0.7554425597190857,-0.06667674332857132,0.7224847674369812,0.6848281621932983,-0.019379986450076103,0.7077157497406006,0.6076294779777527,-0.04174621403217316,0.7038428783416748,0.5600208640098572,-0.05546187609434128,0.7023810148239136,0.518524706363678,-0.06493650376796722,0.7544755339622498,0.6844029426574707,-0.023983841761946678,0.7597869038581848,0.6504418849945068,-0.0644107386469841,0.7660416960716248,0.7041690349578857,-0.07484310865402222,0.768648624420166,0.7435347437858582,-0.0720137357711792,0.7858909964561462,0.6952065825462341,-0.03129306063055992,0.7889041900634766,0.679114580154419,-0.06699807196855545,0.7870539426803589,0.7285817861557007,-0.06255783885717392,0.7838262319564819,0.7589819431304932,-0.049787990748882294,0.8155806064605713,0.7137143611907959,-0.0403701551258564,0.8183989524841309,0.6989158391952515,-0.06025802716612816,0.8105087280273438,0.7342621088027954,-0.053842101246118546,0.8028400540351868,0.7575271725654602,-0.04360951855778694
0.7948384881019592,0.8371930718421936,8.2695512659825e-09,0.7558034062385559,0.8170740604400635,-0.01972927339375019,0.7177067399024963,0.777405321598053,-0.03399154916405678,0.683597981929779,0.7546016573905945,-0.04959283396601677,0.6506884098052979,0.7549044489860535,-0.06502751260995865,0.722291111946106,0.6837286353111267,-0.01891745626926422,0.7076259255409241,0.6071466207504272,-0.04080602899193764,0.7039084434509277,0.5599253177642822,-0.05444014072418213,0.7028009295463562,0.5185453295707703,-0.06402195990085602,0.7538787722587585,0.6842771172523499,-0.02384052239358425,0.7606156468391418,0.6482087969779968,-0.06328612565994263,0.7662781476974487,0.7015921473503113,-0.07355188578367233,0.7682357430458069,0.7410005331039429,-0.0709916278719902,0.7850044965744019,0.6960774660110474,-0.03138525411486626,0.7886494994163513,0.6770695447921753,-0.06659436970949173,0.7863286733627319,0.7267383933067322,-0.062063612043857574,0.7826412916183472,0.7576853632926941,-0.049600087106227875,0.8143051862716675,0.7158397436141968,-0.04066012054681778,0.8175061345100403,0.6991969347000122,-0.06094862520694733,0.8095913529396057,0.7350672483444214,-0.05459628254175186,0.8018175959587097,0.7593222856521606,-0.044519901275634766
0.793678343296051,0.8354991674423218,2.0781902865252277e-09,0.7549379467964172,0.8152582049369812,-0.020075278356671333,0.7171059250831604,0.7763742804527283,-0.03457082808017731,0.6834981441497803,0.7541316151618958,-0.05036449432373047,0.6507157683372498,0.7542765736579895,-0.06600294262170792,0.7215794920921326,0.6842032670974731,-0.01972360536456108,0.7072243690490723,0.607375979423523,-0.041752055287361145,0.7037967443466187,0.56001877784729,-0.05559585615992546,0.7027460932731628,0.5184459090232849,-0.06542786210775375,0.7533496618270874,0.6841395497322083,-0.024656841531395912,0.7590247988700867,0.6503384709358215,-0.06427819281816483,0.7653902769088745,0.703519344329834,-0.07467169314622879,0.7680835723876953,0.7421696782112122,-0.07248440384864807,0.7846804261207581,0.6956790685653687,-0.032252516597509384,0.7871377468109131,0.6743186116218567,-0.06769964843988419,0.785256028175354,0.7238860726356506,-0.06315088272094727,0.7820757031440735,0.7552168965339661,-0.05089975520968437,0.8144299387931824,0.7153566479682922,-0.04162124916911125,0.8172841668128967,0.6980759501457214,-0.06277204304933548,0.8095090389251709,0.7334872484207153,-0.05693245306611061,0.8020898103713989,0.757540225982666,-0.0472235307097435
0.7942128777503967,0.8369681239128113,1.240012004188884e-08,0.755932629108429,0.8171418309211731,-0.020528828725218773,0.7178507447242737,0.7770587801933289,-0.03508846089243889,0.6833989024162292,0.7539790868759155,-0.050796691328287125,0.6504660248756409,0.7540675401687622,-0.06623226404190063,0.7219753861427307,0.6840609312057495,-0.019610602408647537,0.7076847553253174,0.6069786548614502,-0.041433390229940414,0.7042340636253357,0.5597455501556396,-0.0549493245780468,0.7033243179321289,0.5180890560150146,-0.06455020606517792,0.7539095878601074,0.6845327019691467,-0.02421414479613304,0.7608658671379089,0.6480578184127808,-0.06318339705467224,0.7659608125686646,0.7017442584037781,-0.07307348400354385,0.7674192786216736,0.7400071024894714,-0.07052461802959442,0.7851362824440002,0.6962796449661255,-0.031532805413007736,0.7882161140441895,0.6748974323272705,-0.06657075881958008,0.7853530645370483,0.7249003052711487,-0.06183382496237755,0.781654953956604,0.7551460266113281,-0.04946593567728996,0.8144471645355225,0.7159397602081299,-0.040643125772476196,0.8168835639953613,0.6989892721176147,-0.061139702796936035,0.8083420991897583,0.7350027561187744,-0.05490519478917122,0.8005809187889099,0.7586899399757385,-0.0450061559677124
0.7953423857688904,0.8357074856758118,1.490023127104223e-08,0.756911039352417,0.8158953785896301,-0.02137620747089386,0.7185792922973633,0.7766649723052979,-0.036251675337553024,0.6829850673675537,0.7534648180007935,-0.05207914113998413,0.649592399597168,0.7524097561836243,-0.06751707941293716,0.722943902015686,0.6840028762817383,-0.020455019548535347,0.708270788192749,0.6065998077392578,-0.042271971702575684,0.7044864296913147,0.5594170093536377,-0.05554445460438728,0.7031208276748657,0.5181194543838501,-0.06492256373167038,0.7543557286262512,0.6846424341201782,-0.024335414171218872,0.7627306580543518,0.6475234031677246,-0.0639873668551445,0.7687265872955322,0.6999766826629639,-0.07413361966609955,0.7695470452308655,0.7390006184577942,-0.07151324301958084,0.7850742936134338,0.6960839033126831,-0.03090522065758705,0.7907168865203857,0.6766741275787354,-0.06660637259483337,0.7887187004089355,0.7260469198226929,-0.06241327524185181,0.7838177680969238,0.7570182085037231,-0.05012893304228783,0.8136872053146362,0.715175986289978,-0.039292801171541214,0.8189270496368408,0.6995808482170105,-0.0603996217250824,0.8116286993026733,0.7357217669487,-0.0548202320933342,0.8031227588653564,0.760339617729187,-0.04520716518163681
0.7947093844413757,0.8358981609344482,1.760805723449721e-08,0.7561585307121277,0.815714418888092,-0.02095787599682808,0.7178831100463867,0.7767449021339417,-0.03596757724881172,0.6831332445144653,0.7538607120513916,-0.05204271897673607,0.6497877240180969,0.7529070973396301,-0.06783463805913925,0.7222797870635986,0.6839743256568909,-0.020563064143061638,0.7079523801803589,0.6066251397132874,-0.04298980161547661,0.7042303085327148,0.5591335892677307,-0.05687999725341797,0.7029442191123962,0.5177022814750671,-0.0666375383734703,0.753747284412384,0.6839460730552673,-0.02489224635064602,0.7601351141929626,0.6484784483909607,-0.06532919406890869,0.7662647366523743,0.7013711333274841,-0.07588928937911987,0.7682052254676819,0.7404934763908386,-0.07342444360256195,0.7846723794937134,0.6948555707931519,-0.031906384974718094,0.7885809540748596,0.6752575635910034,-0.06794030964374542,0.7867357134819031,0.7251392602920532,-0.06363721191883087,0.7827962636947632,0.7564330697059631,-0.05125667527318001,0.8136931657791138,0.7134490013122559,-0.04074780270457268,0.8178399205207825,0.699437141418457,-0.06208387389779091,0.8102914690971375,0.7359011769294739,-0.05653553456068039,0.8024457097053528,0.7599323391914368,-0.0468793660402298
0.7947747111320496,0.8350951075553894,2.023857970101517e-09,0.756385326385498,0.815729558467865,-0.02042340114712715,0.717968761920929,0.7758489847183228,-0.034727923572063446,0.6831929683685303,0.7527939677238464,-0.05016522854566574,0.6499073505401611,0.7523345947265625,-0.06536779552698135,0.722272515296936,0.6845448613166809,-0.019939113408327103,0.7077921628952026,0.6069149374961853,-0.04182370752096176,0.7043071985244751,0.5594601631164551,-0.05517836660146713,0.7031266689300537,0.5178875923156738,-0.06461690366268158,0.7537838816642761,0.6840931177139282,-0.024304253980517387,0.760410487651825,0.6481393575668335,-0.06394172459840775,0.7668542265892029,0.7018581032752991,-0.07391394674777985,0.7685487270355225,0.7412222027778625,-0.07117259502410889,0.7848200798034668,0.6945584416389465,-0.03130967170000076,0.7884521484375,0.674177348613739,-0.06678203493356705,0.786526083946228,0.7245317101478577,-0.062266260385513306,0.7822346687316895,0.7559981346130371,-0.049881938844919205,0.8141044974327087,0.7129178047180176,-0.04008379578590393,0.8181723952293396,0.6982420086860657,-0.06121616065502167,0.8105505108833313,0.7347442507743835,-0.055674631148576736,0.8023245334625244,0.7590292096138,-0.046119462698698044
0.7934606671333313,0.8331381678581238,1.9519394101052967e-08,0.7553167939186096,0.8133529424667358,-0.021257374435663223,0.7175167202949524,0.7751350998878479,-0.03643329441547394,0.6825059652328491,0.7523337602615356,-0.05262618139386177,0.6489405035972595,0.7518693208694458,-0.06846863776445389,0.7222537398338318,0.6832109093666077,-0.021085258573293686,0.7079237699508667,0.606014609336853,-0.04344496876001358,0.7044776678085327,0.5590375065803528,-0.057148803025484085,0.7036250829696655,0.5176726579666138,-0.0667632445693016,0.7540653944015503,0.6831169128417969,-0.025158027186989784,0.7618506550788879,0.6470522880554199,-0.0657186210155487,0.7671146988868713,0.7002913355827332,-0.07630065083503723,0.7678257822990417,0.7396199107170105,-0.07372712343931198,0.7849035263061523,0.6939058899879456,-0.031864795833826065,0.7894277572631836,0.6764897108078003,-0.0677347257733345,0.7866998314857483,0.7259040474891663,-0.06350171566009521,0.7818881273269653,0.7563157677650452,-0.05111747235059738,0.8133318424224854,0.7123121619224548,-0.04042509198188782,0.8178523182868958,0.6999301314353943,-0.061254240572452545,0.809575080871582,0.7356609106063843,-0.05565377697348595,0.8007758855819702,0.758965015411377,-0.046012379229068756
0.7933732867240906,0.8355710506439209,1.9188181710205754e-08,0.7549684047698975,0.8150327205657959,-0.021013926714658737,0.7173676490783691,0.7748565077781677,-0.03590482473373413,0.6832820177078247,0.7512151002883911,-0.051851265132427216,0.6499797701835632,0.7508862614631653,-0.06758356839418411,0.7224700450897217,0.6836379170417786,-0.020619023591279984,0.7078736424446106,0.6067104339599609,-0.0431249737739563,0.7042953372001648,0.5596798658370972,-0.057039398699998856,0.7033078670501709,0.518247663974762,-0.06681299209594727,0.7544074058532715,0.684120774269104,-0.02522629126906395,0.7600904107093811,0.6469200253486633,-0.06565571576356888,0.7655109763145447,0.7004271149635315,-0.07629135996103287,0.7674767374992371,0.7388390302658081,-0.0738334134221077,0.7855532169342041,0.6956326961517334,-0.0325196273624897,0.7878245115280151,0.675652265548706,-0.06871160864830017,0.7856007814407349,0.7255052328109741,-0.06429818272590637,0.782406210899353,0.755439043045044,-0.05175638198852539,0.8144246935844421,0.7149389386177063,-0.04162869229912758,0.8172641396522522,0.6996408104896545,-0.06278502941131592,0.8096044063568115,0.7354630827903748,-0.05673795938491821,0.8026914596557617,0.7585470676422119,-0.04677395150065422
0.7946968674659729,0.8328860998153687,1.8417336988818533e-08,0.7558807134628296,0.8135963678359985,-0.021806854754686356,0.718311607837677,0.7752566337585449,-0.03737930580973625,0.6838341951370239,0.7519010305404663,-0.053880784660577774,0.6501790881156921,0.7498363852500916,-0.07001535594463348,0.7226866483688354,0.6822200417518616,-0.02127392776310444,0.7079351544380188,0.6049284934997559,-0.04392210766673088,0.7042642831802368,0.5578727126121521,-0.05781499668955803,0.7031639814376831,0.516452968120575,-0.06748040020465851,0.7545878291130066,0.682072639465332,-0.025274956598877907,0.7609058618545532,0.6469903588294983,-0.06628725677728653,0.7672345042228699,0.700508713722229,-0.07703700661659241,0.7694617509841919,0.7396606206893921,-0.07438453286886215,0.7856360077857971,0.6925970315933228,-0.031986985355615616,0.7894504070281982,0.6761394739151001,-0.06845637410879135,0.7876867055892944,0.7261336445808411,-0.06420069932937622,0.783831000328064,0.7568047046661377,-0.05155806243419647,0.8147201538085938,0.7106186747550964,-0.040581125766038895,0.8182007074356079,0.6987885236740112,-0.06169213354587555,0.8108096122741699,0.7357059717178345,-0.05573566257953644,0.8031072616577148,0.7595869302749634,-0.045677296817302704
0.7927548885345459,0.8333532810211182,2.3791075776102844e-08,0.7546653747558594,0.8126958608627319,-0.021984301507472992,0.7178295254707336,0.7741303443908691,-0.037654370069503784,0.6832284927368164,0.7508870959281921,-0.05424133688211441,0.6496179103851318,0.7492327690124512,-0.07039214670658112,0.7222763895988464,0.6820084452629089,-0.021396784111857414,0.7077977061271667,0.6048915982246399,-0.044537849724292755,0.703997015953064,0.5582941770553589,-0.058680783957242966,0.7029978036880493,0.5169056057929993,-0.0684693306684494,0.754192054271698,0.6815236806869507,-0.02539881132543087,0.7613369226455688,0.6463764309883118,-0.06704631447792053,0.7675418257713318,0.7007290124893188,-0.07788724452257156,0.76971435546875,0.7396501898765564,-0.07511927932500839,0.7850790023803711,0.6922714114189148,-0.03216641768813133,0.7894676923751831,0.6764955520629883,-0.06871727854013443,0.7877440452575684,0.7266738414764404,-0.06414996832609177,0.7843343019485474,0.7559220194816589,-0.05125715583562851,0.8135928511619568,0.7108088135719299,-0.04091580584645271,0.8188248872756958,0.7002625465393066,-0.061782561242580414,0.8111873865127563,0.7367826700210571,-0.05580902099609375,0.8034449219703674,0.7588107585906982,-0.045767609030008316
0.7929601669311523,0.8334096670150757,4.254200103304129e-09,0.7552945017814636,0.8131281733512878,-0.02089695818722248,0.7181925177574158,0.7735110521316528,-0.03560148924589157,0.6833268404006958,0.7497215270996094,-0.05138324946165085,0.6500850915908813,0.7490407228469849,-0.0668628141283989,0.7226160764694214,0.6827161312103271,-0.020341118797659874,0.7083774209022522,0.6055603623390198,-0.04286478832364082,0.704668402671814,0.5589284300804138,-0.05650343745946884,0.7034683227539062,0.5171166062355042,-0.0660056546330452,0.7541703581809998,0.6815370917320251,-0.024513838812708855,0.760884702205658,0.6466642618179321,-0.06560024619102478,0.7668332457542419,0.7008739709854126,-0.07626393437385559,0.768778383731842,0.7397274374961853,-0.07329022884368896,0.785062849521637,0.6914751529693604,-0.03128249570727348,0.7891658544540405,0.6763819456100464,-0.06721817702054977,0.7867823839187622,0.7268100380897522,-0.06288879364728928,0.7828251719474792,0.7561210989952087,-0.05014565959572792,0.8142908811569214,0.7090067267417908,-0.03992722928524017,0.8185086846351624,0.7002111077308655,-0.06037705019116402,0.8098299503326416,0.7371492981910706,-0.05469776317477226,0.8012755513191223,0.7593955993652344,-0.04489694535732269
0.7951709032058716,0.8334068059921265,3.253333957786708e-08,0.7555310726165771,0.8120742440223694,-0.02021917887032032,0.7183159589767456,0.7729929089546204,-0.03490446135401726,0.6835057139396667,0.7499605417251587,-0.050938598811626434,0.6495851874351501,0.7471593022346497,-0.06671404838562012,0.7233089208602905,0.6826674342155457,-0.018872223794460297,0.7088876366615295,0.6053658723831177,-0.04087826982140541,0.7050791382789612,0.5578397512435913,-0.054571133106946945,0.7040892839431763,0.5157439708709717,-0.06414897739887238,0.754544734954834,0.6833720207214355,-0.023519814014434814,0.7599643468856812,0.644294798374176,-0.06301857531070709,0.7643365859985352,0.6948516964912415,-0.07365825027227402,0.7660849690437317,0.7332621812820435,-0.07136937230825424,0.7852746844291687,0.6947442889213562,-0.030809806659817696,0.7884413599967957,0.6739091873168945,-0.06620486825704575,0.7853496074676514,0.7230954766273499,-0.06192707642912865,0.7818170785903931,0.754379153251648,-0.04951201006770134,0.8142395615577698,0.7134016752243042,-0.03984818980097771,0.8161759972572327,0.6964905261993408,-0.0600699707865715,0.8079560399055481,0.7319562435150146,-0.05378474295139313,0.8008690476417542,0.7563347220420837,-0.043735332787036896
0.79497230052948,0.8341121673583984,2.9117426691982473e-08,0.7558202743530273,0.8126538395881653,-0.020480483770370483,0.7179970741271973,0.773772656917572,-0.03552291914820671,0.6826733350753784,0.7496907114982605,-0.05186264216899872,0.6493129730224609,0.7468889951705933,-0.06794267147779465,0.7231911420822144,0.6829147338867188,-0.019743284210562706,0.7087109684944153,0.6059609651565552,-0.04234030842781067,0.7051080465316772,0.5585129261016846,-0.0566231869161129,0.7043566107749939,0.5164997577667236,-0.06662064045667648,0.7546225786209106,0.6832852363586426,-0.024483676999807358,0.7599130272865295,0.6440417766571045,-0.06505940109491348,0.7640485167503357,0.6957284808158875,-0.07614444196224213,0.7657419443130493,0.73531574010849,-0.07396059483289719,0.7854582071304321,0.6945721507072449,-0.03183593973517418,0.7883014678955078,0.6737650632858276,-0.06785430759191513,0.7849534153938293,0.7232254147529602,-0.06367101520299911,0.7813913822174072,0.7549602389335632,-0.0512084923684597,0.8142492771148682,0.7133665084838867,-0.040966469794511795,0.816448986530304,0.6972843408584595,-0.06154933199286461,0.8076150417327881,0.7331972718238831,-0.05544160306453705,0.8001303672790527,0.7577593326568604,-0.04546206817030907
0.7942387461662292,0.8332094550132751,2.7240771416359166e-08,0.7550874352455139,0.8123480677604675,-0.02081376314163208,0.7172936797142029,0.7744767665863037,-0.03607535734772682,0.6823751926422119,0.7509472966194153,-0.05255144461989403,0.6493259072303772,0.7486628890037537,-0.06870979815721512,0.7227351665496826,0.6822690367698669,-0.02009340561926365,0.7087039351463318,0.6053121089935303,-0.04280724748969078,0.7050365209579468,0.5582916736602783,-0.056949470192193985,0.7042116522789001,0.5165765285491943,-0.06685826927423477,0.7541647553443909,0.6827448010444641,-0.024714618921279907,0.7594721913337708,0.6445804834365845,-0.0650167465209961,0.7634825110435486,0.696215808391571,-0.07575474679470062,0.7648817300796509,0.7344179153442383,-0.0734705924987793,0.7848300337791443,0.6939489841461182,-0.03205038234591484,0.7880368828773499,0.674336314201355,-0.0680055320262909,0.784569263458252,0.7238393425941467,-0.06382140517234802,0.7806175351142883,0.7544896602630615,-0.05149603635072708,0.813681423664093,0.7127088904380798,-0.04123618081212044,0.8165629506111145,0.6989665031433105,-0.0620805062353611,0.8075388669967651,0.7354611158370972,-0.056339081376791,0.799460232257843,0.7595049738883972,-0.046667397022247314
0.793782114982605,0.8349533081054688,2.749441208038661e-08,0.7550216913223267,0.8129438757896423,-0.020766805857419968,0.7178609371185303,0.7736824750900269,-0.035789575427770615,0.6832442283630371,0.7495975494384766,-0.05206797271966934,0.6498631834983826,0.7478487491607666,-0.06809891760349274,0.7222105860710144,0.6833521127700806,-0.01947408728301525,0.708344042301178,0.6064920425415039,-0.04236132279038429,0.7046511769294739,0.5591323375701904,-0.05668925121426582,0.7037559151649475,0.5169984102249146,-0.06664090603590012,0.7533875107765198,0.6839408874511719,-0.024217810481786728,0.7601902484893799,0.6434442400932312,-0.06526493281126022,0.7646750807762146,0.6966032981872559,-0.07626492530107498,0.7659762501716614,0.7363238334655762,-0.0737539753317833,0.7839380502700806,0.6951913237571716,-0.031670186668634415,0.788648784160614,0.6734306216239929,-0.06826333701610565,0.7856885194778442,0.7237330675125122,-0.06394452601671219,0.7818045020103455,0.7552891969680786,-0.05114293098449707,0.8124533295631409,0.7140971422195435,-0.04093391075730324,0.8169410824775696,0.6975258588790894,-0.06206834688782692,0.8089804649353027,0.7339101433753967,-0.055946335196495056,0.8015480637550354,0.7582987546920776,-0.04581359401345253
0.7939281463623047,0.8347808122634888,2.1941021444149555e-08,0.755316436290741,0.8133501410484314,-0.02065463922917843,0.7173959612846375,0.7739478349685669,-0.03540406748652458,0.6827179193496704,0.7497301697731018,-0.05137336626648903,0.6496315598487854,0.7482216954231262,-0.06706941872835159,0.7229299545288086,0.6824785470962524,-0.019399186596274376,0.7087871432304382,0.6059296727180481,-0.041953328996896744,0.7048519849777222,0.5589380264282227,-0.0559602752327919,0.7037014365196228,0.5171788334846497,-0.06578436493873596,0.7541798949241638,0.6829497814178467,-0.024103226140141487,0.7598621845245361,0.6441375613212585,-0.06466581672430038,0.7645515203475952,0.6968502998352051,-0.07543228566646576,0.7663301229476929,0.7358829379081726,-0.07289953529834747,0.7847508192062378,0.6941037178039551,-0.03152995556592941,0.7887532114982605,0.6744934916496277,-0.06771679222583771,0.7856706380844116,0.7243912220001221,-0.06348604708909988,0.7818419337272644,0.7550641298294067,-0.05092432722449303,0.8133769035339355,0.7129651308059692,-0.040800273418426514,0.8173719048500061,0.698727548122406,-0.0618080273270607,0.8088469505310059,0.7351768016815186,-0.05604838207364082,0.8010209202766418,0.7588919401168823,-0.04627786949276924
0.7937276363372803,0.8343119621276855,1.2070316302015272e-08,0.7549850940704346,0.8132064342498779,-0.020508620887994766,0.717563807964325,0.7737872004508972,-0.03533117473125458,0.6832700371742249,0.7504262328147888,-0.051429323852062225,0.6500065922737122,0.7487156987190247,-0.06721168756484985,0.7225291728973389,0.6816529035568237,-0.019145037978887558,0.7081047296524048,0.6051135659217834,-0.04140818491578102,0.7042205929756165,0.5583223700523376,-0.05518697574734688,0.7029775381088257,0.5167971849441528,-0.06493732333183289,0.7538061141967773,0.6823199987411499,-0.023902539163827896,0.7587261199951172,0.6468921303749084,-0.06378424912691116,0.7640199661254883,0.6997857093811035,-0.07405499368906021,0.7661247849464417,0.7371935844421387,-0.0715927705168724,0.7845189571380615,0.6936545968055725,-0.03146147355437279,0.7878812551498413,0.6749758124351501,-0.06730543076992035,0.7851000428199768,0.7251231074333191,-0.06261428445577621,0.7812581062316895,0.7551459074020386,-0.05006356164813042,0.8135614991188049,0.7125300765037537,-0.04086596146225929,0.8166530728340149,0.6975390911102295,-0.06178886070847511,0.8080364465713501,0.7343503832817078,-0.05569968372583389,0.7999672889709473,0.7580902576446533,-0.04583482816815376
0.793329656124115,0.8330780267715454,9.145441737246074e-09,0.7545261979103088,0.8119376301765442,-0.02026773989200592,0.716988742351532,0.7726171612739563,-0.034860722720623016,0.6824713945388794,0.7494068145751953,-0.050705842673778534,0.649201512336731,0.747288703918457,-0.06621652841567993,0.7222756147384644,0.6812594532966614,-0.019172752276062965,0.7078689336776733,0.6047406196594238,-0.0414910726249218,0.7039411664009094,0.5580029487609863,-0.05532040074467659,0.702934980392456,0.5165355205535889,-0.0650344267487526,0.7537403106689453,0.6814104914665222,-0.023899473249912262,0.7594868540763855,0.6462098360061646,-0.06437424570322037,0.7645557522773743,0.6994050741195679,-0.07490213960409164,0.7667759656906128,0.7380834817886353,-0.07229118794202805,0.7844443321228027,0.6924633979797363,-0.03132801130414009,0.7877254486083984,0.6753135919570923,-0.06712079793214798,0.7849372625350952,0.7253875136375427,-0.06238395720720291,0.7814927697181702,0.7553548216819763,-0.049647342413663864,0.8132997751235962,0.7110644578933716,-0.040600791573524475,0.8163048028945923,0.6985347867012024,-0.06113510578870773,0.8079079985618591,0.735040009021759,-0.05498332902789116,0.8004375696182251,0.7577789425849915,-0.04500333219766617
0.7933761477470398,0.8324329257011414,6.179733169631163e-09,0.7546935677528381,0.811618983745575,-0.0197739377617836,0.7172566056251526,0.7716652750968933,-0.03406403958797455,0.6829029321670532,0.747767984867096,-0.049696262925863266,0.6496019959449768,0.7464287281036377,-0.06508443504571915,0.7221896052360535,0.6813300251960754,-0.01868797466158867,0.7077178955078125,0.6049545407295227,-0.040524110198020935,0.7038361430168152,0.5584502816200256,-0.05401582643389702,0.7028219699859619,0.5169881582260132,-0.06355123221874237,0.7534729242324829,0.6816883683204651,-0.023578636348247528,0.7586675882339478,0.6449863314628601,-0.06319673359394073,0.7636396884918213,0.6978408694267273,-0.07339875400066376,0.7659063339233398,0.7364528775215149,-0.07079706341028214,0.7841344475746155,0.6927722096443176,-0.03110893815755844,0.7868126034736633,0.6735471487045288,-0.06635641306638718,0.7841299772262573,0.7233881950378418,-0.0614878386259079,0.780971884727478,0.753869354724884,-0.04884202778339386,0.8130135536193848,0.7113676071166992,-0.04041585698723793,0.8151293992996216,0.696156919002533,-0.06057310104370117,0.8068823218345642,0.7325016856193542,-0.05413897708058357,0.7998386025428772,0.7561394572257996,-0.04411636292934418
0.7934204339981079,0.8319255113601685,1.870028754069608e-08,0.7552170157432556,0.8117116689682007,-0.020819013938307762,0.7178018689155579,0.772183895111084,-0.03590046614408493,0.6827241778373718,0.7477754354476929,-0.05209389701485634,0.6492840647697449,0.746514618396759,-0.06801827251911163,0.7227931618690491,0.6812801957130432,-0.020882155746221542,0.7080444693565369,0.6045646071434021,-0.04341156780719757,0.7042551636695862,0.5577961206436157,-0.05708920210599899,0.7034510374069214,0.5162034034729004,-0.06661750376224518,0.7539440989494324,0.6818459033966064,-0.025300588458776474,0.7594603896141052,0.6439231634140015,-0.06530530750751495,0.7637811899185181,0.6969442963600159,-0.07508514076471329,0.7654910683631897,0.735343873500824,-0.07209321111440659,0.7844898700714111,0.6933903098106384,-0.032388146966695786,0.7879816889762878,0.6738592982292175,-0.06813701242208481,0.7848897576332092,0.7238900661468506,-0.063066266477108,0.7816184759140015,0.7539416551589966,-0.05011341720819473,0.8129469752311707,0.7124473452568054,-0.04129228740930557,0.8161983489990234,0.6962013840675354,-0.061741188168525696,0.8078027367591858,0.7327319383621216,-0.055253248661756516,0.8007693886756897,0.7561915516853333,-0.04509670287370682
0.7943618893623352,0.8328752517700195,1.3320367031610658e-08,0.7555684447288513,0.8124707341194153,-0.020444301888346672,0.717880129814148,0.7722711563110352,-0.03490009531378746,0.6829066872596741,0.7473040819168091,-0.050478726625442505,0.6495399475097656,0.7451099753379822,-0.06573046743869781,0.7228562831878662,0.681425154209137,-0.019467668607831,0.707659125328064,0.6050976514816284,-0.04151468351483345,0.7036457061767578,0.5582960844039917,-0.05495982989668846,0.7026190161705017,0.5168243050575256,-0.06433282792568207,0.7540215253829956,0.6818650960922241,-0.023878343403339386,0.7602181434631348,0.6431427001953125,-0.06383003294467926,0.7652462124824524,0.6959823966026306,-0.07394097000360489,0.767105221748352,0.7356167435646057,-0.07097199559211731,0.7846108078956604,0.6932229995727539,-0.030930735170841217,0.7885429263114929,0.6738831996917725,-0.06664011627435684,0.7858849763870239,0.7236112356185913,-0.062087442725896835,0.7824364304542542,0.7545425891876221,-0.04932303726673126,0.8129985332489014,0.712024450302124,-0.03974636644124985,0.8161835670471191,0.6966295838356018,-0.0603417307138443,0.8081419467926025,0.7330292463302612,-0.05422487482428551,0.8009424805641174,0.7571690678596497,-0.04419803246855736
0.7944741249084473,0.834356427192688,2.531788290127679e-08,0.7548530101776123,0.8129029870033264,-0.02061394229531288,0.7174107432365417,0.7720212936401367,-0.03503672033548355,0.6821705102920532,0.7474529147148132,-0.05072113871574402,0.6483832597732544,0.7464457750320435,-0.0660647451877594,0.7226373553276062,0.6817294955253601,-0.018639473244547844,0.7078064680099487,0.604610800743103,-0.04042689502239227,0.7041304707527161,0.5576900243759155,-0.053665891289711,0.703040361404419,0.5162960290908813,-0.06300294399261475,0.7534013390541077,0.6826433539390564,-0.023009972646832466,0.7597048282623291,0.643837034702301,-0.0625603199005127,0.7652766108512878,0.6951735615730286,-0.07292508333921432,0.767095685005188,0.7326517105102539,-0.07045777887105942,0.7836769819259644,0.6941832304000854,-0.030145682394504547,0.7882748246192932,0.6739761233329773,-0.0660727471113205,0.7856813669204712,0.7232387065887451,-0.06230615824460983,0.7818576693534851,0.7533116936683655,-0.05022367835044861,0.8118678331375122,0.713310182094574,-0.03904307633638382,0.8161681890487671,0.6966645121574402,-0.06019017472863197,0.8075590133666992,0.7328230142593384,-0.05489174649119377,0.7992973327636719,0.7573226094245911,-0.045547716319561005
0.79624342918396,0.8362724184989929,2.0484687723865136e-08,0.7559642195701599,0.8141270279884338,-0.019758062437176704,0.7181587815284729,0.7728957533836365,-0.03373431786894798,0.6829547882080078,0.7487186193466187,-0.049211375415325165,0.6490718722343445,0.7472358345985413,-0.06436703354120255,0.7224768400192261,0.6822390556335449,-0.017300963401794434,0.7075880169868469,0.6053588390350342,-0.038962025195360184,0.7040686011314392,0.5582572817802429,-0.052492380142211914,0.7027280330657959,0.5164732336997986,-0.062193863093853,0.7529796361923218,0.6833198666572571,-0.02223295159637928,0.7587089538574219,0.6443426609039307,-0.06122397258877754,0.7643023729324341,0.6948214769363403,-0.07191651314496994,0.7656852602958679,0.7314864993095398,-0.0700678601861,0.78353351354599,0.6951039433479309,-0.02991502732038498,0.7872517704963684,0.6734264492988586,-0.06538013368844986,0.7847718000411987,0.7224991917610168,-0.06162168085575104,0.7806366682052612,0.7523646354675293,-0.049868084490299225,0.8124033212661743,0.7146902084350586,-0.03933699056506157,0.8161565661430359,0.6961787939071655,-0.060335539281368256,0.8073912858963013,0.7318755388259888,-0.05494798719882965,0.7988788485527039,0.7562932372093201,-0.04571080207824707
0.7946487069129944,0.8355096578598022,1.3141797872151528e-08,0.7552703022956848,0.8128824234008789,-0.0203085970133543,0.7174493670463562,0.7726549506187439,-0.03480396419763565,0.6820801496505737,0.7495487928390503,-0.05075168237090111,0.6484215259552002,0.7482100129127502,-0.06631870567798615,0.7215277552604675,0.6808076500892639,-0.017472462728619576,0.707557201385498,0.6043696999549866,-0.03975788503885269,0.7038357257843018,0.5574854016304016,-0.0537179596722126,0.7029744386672974,0.5156676173210144,-0.06365396827459335,0.7524383664131165,0.6812056303024292,-0.022441215813159943,0.75857013463974,0.6440808176994324,-0.06277623772621155,0.7632013559341431,0.697540819644928,-0.07363032549619675,0.7643715143203735,0.7361034154891968,-0.07132469117641449,0.7830163240432739,0.692359209060669,-0.03031757101416588,0.7867196798324585,0.6725143194198608,-0.0662936419248581,0.7837098836898804,0.7228806018829346,-0.0621492825448513,0.7797794342041016,0.7530125379562378,-0.04984763264656067,0.8119113445281982,0.7115270495414734,-0.04007169231772423,0.8152346014976501,0.6972939968109131,-0.06119619309902191,0.8066114783287048,0.733751118183136,-0.05579018220305443,0.7987948060035706,0.756797194480896,-0.04634012281894684
0.7940267324447632,0.834632933139801,1.1830515234123595e-08,0.7544671297073364,0.8119014501571655,-0.019758595153689384,0.7173391580581665,0.7714675664901733,-0.03401726111769676,0.6824853420257568,0.7484257817268372,-0.04985537379980087,0.6488115191459656,0.7461317181587219,-0.06544150412082672,0.7215996980667114,0.6816444993019104,-0.017763743177056313,0.707545816898346,0.604800820350647,-0.03996402025222778,0.7037027478218079,0.5573346018791199,-0.05393620580434799,0.7023779153823853,0.5151851773262024,-0.06388241052627563,0.7525026798248291,0.6825581192970276,-0.023036930710077286,0.758496105670929,0.6436951756477356,-0.06275024265050888,0.7629982233047485,0.6963408589363098,-0.07335415482521057,0.7638609409332275,0.7350700497627258,-0.07121584564447403,0.7832422852516174,0.6942132711410522,-0.031090140342712402,0.7865360379219055,0.6718763113021851,-0.06669387221336365,0.783767580986023,0.7220153212547302,-0.061949048191308975,0.7799252271652222,0.7527618408203125,-0.04944397509098053,0.8121936321258545,0.714059054851532,-0.040954746305942535,0.8155211210250854,0.6955252289772034,-0.06173037365078926,0.8072265982627869,0.7312707901000977,-0.05550970137119293,0.7997411489486694,0.7551390528678894,-0.04563221335411072
0.7934715747833252,0.8336580991744995,1.9415200558370316e-09,0.7543998956680298,0.812120258808136,-0.020015684887766838,0.7168213129043579,0.771628737449646,-0.03415440022945404,0.6818814277648926,0.7484319806098938,-0.049687113612890244,0.6482038497924805,0.7464293241500854,-0.06490529328584671,0.7217010259628296,0.6804548501968384,-0.018275471404194832,0.7077975273132324,0.6041712164878845,-0.040435727685689926,0.704053521156311,0.5579931735992432,-0.05408431589603424,0.7027348279953003,0.5164594054222107,-0.06378857046365738,0.7525076270103455,0.6809782385826111,-0.023059796541929245,0.7597407102584839,0.6448774337768555,-0.06279654055833817,0.7647085785865784,0.6982234716415405,-0.07327978312969208,0.7653411626815796,0.7354621887207031,-0.07100418210029602,0.7829838395118713,0.6920219659805298,-0.030595095828175545,0.7877267599105835,0.674000084400177,-0.06634442508220673,0.7849442362785339,0.7246143817901611,-0.06192178651690483,0.7803534865379333,0.7535549998283386,-0.049629420042037964,0.8115161061286926,0.7111165523529053,-0.03993282839655876,0.8163469433784485,0.6975350379943848,-0.06093507260084152,0.8076047897338867,0.7347145676612854,-0.05519470199942589,0.7989004254341125,0.7577179670333862,-0.045601584017276764
0.7933270931243896,0.8323996067047119,1.5406753206548274e-08,0.754566490650177,0.8117747902870178,-0.020906291902065277,0.7167587876319885,0.7715426087379456,-0.03524238243699074,0.6818585991859436,0.7470800876617432,-0.05065775662660599,0.6485114097595215,0.7459762096405029,-0.06566527485847473,0.7217904925346375,0.6797624230384827,-0.019255084916949272,0.7075439691543579,0.6034387350082397,-0.04098660871386528,0.7036629915237427,0.5572977066040039,-0.05417558550834656,0.7025110125541687,0.516105055809021,-0.0635860413312912,0.753232479095459,0.6805422306060791,-0.023548921570181847,0.7611616253852844,0.6432048678398132,-0.06332620978355408,0.7661147117614746,0.6954835653305054,-0.07377307116985321,0.7669393420219421,0.7337511777877808,-0.07132843881845474,0.7837938070297241,0.6921482682228088,-0.030551062896847725,0.7896485328674316,0.6749097108840942,-0.06646101176738739,0.7866349220275879,0.7245638966560364,-0.06251424551010132,0.7817732095718384,0.7543697357177734,-0.050391316413879395,0.8119283318519592,0.7115396857261658,-0.03938228636980057,0.8175768852233887,0.6991193294525146,-0.06055127829313278,0.808972954750061,0.7359541058540344,-0.0552481934428215,0.8000288605690002,0.7595889568328857,-0.04592176899313927
0.7930871844291687,0.8347996473312378,1.996884790855802e-08,0.7548224925994873,0.8128615617752075,-0.02136119455099106,0.7175074815750122,0.771207332611084,-0.03589567542076111,0.6824532747268677,0.7462687492370605,-0.051486629992723465,0.6490545272827148,0.7453581690788269,-0.06675924360752106,0.7223872542381287,0.6812248229980469,-0.01930541731417179,0.7084366083145142,0.6043637990951538,-0.041653264313936234,0.7044809460639954,0.5576820969581604,-0.055345114320516586,0.7033151388168335,0.5157148241996765,-0.0649620071053505,0.7537215352058411,0.68143630027771,-0.023449644446372986,0.7611398100852966,0.6425485610961914,-0.0642310082912445,0.7658382654190063,0.6953613758087158,-0.07530137151479721,0.7671119570732117,0.7342907190322876,-0.07278446853160858,0.7841706871986389,0.6923810839653015,-0.030334817245602608,0.7889260053634644,0.6736266016960144,-0.06680217385292053,0.7860252261161804,0.7236811518669128,-0.0631318986415863,0.7821921706199646,0.7538589835166931,-0.05078953132033348,0.8124099969863892,0.7110691070556641,-0.03909706324338913,0.817285418510437,0.6988716125488281,-0.06053170934319496,0.8090990781784058,0.735754132270813,-0.05541307106614113,0.8014509677886963,0.7592912912368774,-0.0459677018225193
0.7930138111114502,0.8316353559494019,-5.262499325198178e-09,0.7547210454940796,0.8110818862915039,-0.020556990057229996,0.717056393623352,0.7701130509376526,-0.03497244790196419,0.6825646162033081,0.7456144690513611,-0.05066702887415886,0.6493608951568604,0.745693564414978,-0.0660371407866478,0.722577691078186,0.6796400547027588,-0.01902879774570465,0.7086787223815918,0.6024303436279297,-0.040831293910741806,0.7048152685165405,0.5562238693237305,-0.05400052294135094,0.7034228444099426,0.5150200128555298,-0.06340186297893524,0.7537381649017334,0.679729163646698,-0.023651212453842163,0.759506344795227,0.6465144753456116,-0.06361918896436691,0.7648378014564514,0.7006264925003052,-0.07381737232208252,0.766579270362854,0.7379270195960999,-0.07112767547369003,0.7843461036682129,0.6904678344726562,-0.03103202022612095,0.7877805233001709,0.6742026805877686,-0.06650804728269577,0.785152792930603,0.7246243953704834,-0.061818551272153854,0.7813223600387573,0.7533257007598877,-0.04933696985244751,0.8136296272277832,0.7088353037834167,-0.04031483083963394,0.8175230622291565,0.6966554522514343,-0.06087735667824745,0.8086040019989014,0.7333827018737793,-0.0550379753112793,0.8001090884208679,0.7558197379112244,-0.04541199281811714
0.7930203676223755,0.8311666250228882,2.005832122620177e-08,0.7552159428596497,0.8109464049339294,-0.022203637287020683,0.7183861136436462,0.7705509066581726,-0.03733879327774048,0.6831681728363037,0.7460479140281677,-0.053286757320165634,0.6488839387893677,0.7436965107917786,-0.06874724477529526,0.7226282358169556,0.6808810234069824,-0.021235642954707146,0.7082983255386353,0.6027792692184448,-0.04393154755234718,0.7045825123786926,0.5559378862380981,-0.05750417336821556,0.7033992409706116,0.514058530330658,-0.06690357625484467,0.7538652420043945,0.6805038452148438,-0.024826034903526306,0.7618046998977661,0.6437674760818481,-0.06659621745347977,0.7683109641075134,0.6969237923622131,-0.07759379595518112,0.7701197862625122,0.7359822988510132,-0.07471811026334763,0.7843401432037354,0.6907844543457031,-0.031114330515265465,0.7905223369598389,0.6753939390182495,-0.06803324073553085,0.7888363003730774,0.7251179218292236,-0.06416726857423782,0.7844206690788269,0.7544246315956116,-0.051514748483896255,0.8125871419906616,0.7084929943084717,-0.03932930529117584,0.8191489577293396,0.6979338526725769,-0.060545265674591064,0.8113436102867126,0.7349650263786316,-0.05516054853796959,0.8024909496307373,0.7582652568817139,-0.045460328459739685
0.7922633290290833,0.830258846282959,2.432824430798064e-08,0.7543118596076965,0.8088650703430176,-0.022603869438171387,0.717858612537384,0.7700590491294861,-0.03827759250998497,0.6825399398803711,0.7468845844268799,-0.05473949760198593,0.6488057374954224,0.7445043325424194,-0.07063660770654678,0.722112774848938,0.679218590259552,-0.021179161965847015,0.7089993953704834,0.6022598743438721,-0.04427054151892662,0.7051162123680115,0.5563489198684692,-0.05808253958821297,0.7037501931190491,0.514733612537384,-0.0676831379532814,0.7536237239837646,0.6785935163497925,-0.02468499168753624,0.7614606618881226,0.6444790363311768,-0.06678538769483566,0.7668405771255493,0.6990458965301514,-0.07796384394168854,0.7682698369026184,0.7365957498550415,-0.0752025917172432,0.784180760383606,0.6888648867607117,-0.030999144539237022,0.7897617220878601,0.6758889555931091,-0.06811303645372391,0.7873460650444031,0.7262673377990723,-0.06416428834199905,0.7832469940185547,0.7533504962921143,-0.051448073238134384,0.812444806098938,0.7065378427505493,-0.03930913656949997,0.818153440952301,0.6990048289299011,-0.06050162389874458,0.8099169731140137,0.7363182902336121,-0.05511777475476265,0.801621675491333,0.7572185397148132,-0.04538661614060402
0.7921106219291687,0.8307226896286011,3.594537645312812e-08,0.7537203431129456,0.8099282383918762,-0.022741243243217468,0.7177062034606934,0.7702541947364807,-0.03847998380661011,0.6830765008926392,0.7460409998893738,-0.05497371777892113,0.6488840579986572,0.7437106370925903,-0.07089941203594208,0.722175657749176,0.6797987222671509,-0.02110326662659645,0.7084656953811646,0.6027659177780151,-0.04385708272457123,0.7047801613807678,0.5558171272277832,-0.0576239712536335,0.7036517262458801,0.5140916705131531,-0.06722281128168106,0.7540082335472107,0.6801720857620239,-0.0248416755348444,0.7620042562484741,0.6419485807418823,-0.06634757667779922,0.7680264115333557,0.6954145431518555,-0.07737039774656296,0.7695960998535156,0.7344053983688354,-0.07458369433879852,0.7847359776496887,0.6914097666740417,-0.03139234334230423,0.7901020050048828,0.6742699146270752,-0.06824374943971634,0.7879935503005981,0.7238894104957581,-0.06421320140361786,0.7836086750030518,0.7527912259101868,-0.05146568641066551,0.8128911256790161,0.7101842164993286,-0.03992258012294769,0.818573534488678,0.6980261206626892,-0.0609719380736351,0.8107103705406189,0.7338141202926636,-0.055247627198696136,0.80215984582901,0.7560729384422302,-0.04535600170493126
0.7923792600631714,0.832148015499115,2.9283967251103604e-08,0.7535046935081482,0.8109514117240906,-0.022365063428878784,0.7177090644836426,0.7702637314796448,-0.03780490905046463,0.6833521127700806,0.7458873987197876,-0.05421820655465126,0.64924156665802,0.7440527081489563,-0.07006042450666428,0.7222442626953125,0.67962646484375,-0.019557448104023933,0.7086325287818909,0.6025868058204651,-0.042054980993270874,0.7052256464958191,0.5563799738883972,-0.0558316633105278,0.7044240236282349,0.5147923827171326,-0.0654793381690979,0.7536237835884094,0.6802805066108704,-0.023442432284355164,0.7617962956428528,0.6437425017356873,-0.06464128941297531,0.7671006917953491,0.696764349937439,-0.07613489776849747,0.7683027982711792,0.7341757416725159,-0.07382854074239731,0.7840026021003723,0.6911876797676086,-0.030190682038664818,0.7895156741142273,0.6736891269683838,-0.06689554452896118,0.7866315245628357,0.7236976623535156,-0.06335701048374176,0.7820253968238831,0.7523402571678162,-0.051059238612651825,0.8123925924301147,0.7097464203834534,-0.038911014795303345,0.8181796073913574,0.6977193355560303,-0.06028146296739578,0.8094425201416016,0.7343703508377075,-0.05500302091240883,0.8002516627311707,0.7573424577713013,-0.045383378863334656
