0,1,2,3,4,5,6,7,8,9,10,11,12,13,14,15,16,17,18,19,20,21,22,23,24,25,26,27,28,29,30,31,32,33,34,35,36,37,38,39,40,41,42,43,44,45,46,47,48,49,50,51,52,53,54,55,56,57,58,59,60,61,62
0.6045531034469604,0.6983726024627686,-3.3864981219267065e-07,0.5642303228378296,0.6775842905044556,-0.015051117166876793,0.5459175109863281,0.6215711236000061,-0.02397802472114563,0.5462526679039001,0.5710566639900208,-0.03264831751585007,0.5435017347335815,0.5283521413803101,-0.03892273083329201,0.540084719657898,0.5585536956787109,-0.004204760771244764,0.535866379737854,0.5143811702728271,-0.02821068838238716,0.5452160239219666,0.5522529482841492,-0.045535609126091,0.5574579834938049,0.5929647088050842,-0.05377588048577309,0.5677353143692017,0.5486765503883362,-0.007535610813647509,0.5597070455551147,0.4837099313735962,-0.0330512560904026,0.5613089203834534,0.5297127962112427,-0.04517356678843498,0.569129228591919,0.5748490691184998,-0.04664802923798561,0.5952157974243164,0.5528984069824219,-0.014423546381294727,0.5904085636138916,0.487505167722702,-0.0382203571498394,0.5869778394699097,0.5254549980163574,-0.04307083785533905,0.5908243656158447,0.5608130097389221,-0.041131287813186646,0.6208840012550354,0.5689128637313843,-0.022223925217986107,0.6055256724357605,0.5632070899009705,-0.04112917557358742,0.5970348715782166,0.5986769199371338,-0.0451519638299942,0.5962492823600769,0.6229208707809448,-0.04446317255496979
0.602802574634552,0.6992401480674744,-3.4362577139290806e-07,0.5628423094749451,0.6760987639427185,-0.011636890470981598,0.5457116961479187,0.6200206279754639,-0.01935296505689621,0.5489360690116882,0.5718496441841125,-0.027604060247540474,0.5486655235290527,0.5311936140060425,-0.033842213451862335,0.5398134589195251,0.5570622682571411,-0.0040770708583295345,0.5354670286178589,0.5139278173446655,-0.026836788281798363,0.5444544553756714,0.552528977394104,-0.04284248128533363,0.5550858974456787,0.5933799743652344,-0.050197262316942215,0.567589282989502,0.5485454201698303,-0.009103084914386272,0.5596490502357483,0.4847784638404846,-0.0333700068295002,0.5623631477355957,0.5336483120918274,-0.04386312887072563,0.5699078440666199,0.5793747901916504,-0.04425106570124626,0.5957991480827332,0.5544476509094238,-0.01718171313405037,0.5916115641593933,0.489696741104126,-0.039625123143196106,0.5880234241485596,0.5315460562705994,-0.042659107595682144,0.59115070104599,0.5690475106239319,-0.03937530517578125,0.6221047639846802,0.5723342895507812,-0.025856763124465942,0.6087540984153748,0.561759889125824,-0.04285646602511406,0.6006225347518921,0.5949573516845703,-0.044921308755874634,0.6004988551139832,0.6176648139953613,-0.042809728533029556
0.6041955351829529,0.7010178565979004,-3.5595272152022517e-07,0.5641463994979858,0.6789658665657043,-0.012176801450550556,0.5459719896316528,0.6220462918281555,-0.019695181399583817,0.5475785732269287,0.5741591453552246,-0.02784169837832451,0.5465723872184753,0.5338218212127686,-0.03370768949389458,0.5421900749206543,0.5571929216384888,-0.0032520161475986242,0.5377514362335205,0.5146282911300659,-0.026534827426075935,0.5460689663887024,0.5548790097236633,-0.042435746639966965,0.5555830597877502,0.5950825214385986,-0.049623019993305206,0.5695740580558777,0.5492152571678162,-0.008352815173566341,0.5613535642623901,0.48553258180618286,-0.03314555436372757,0.5631768703460693,0.5361889004707336,-0.04322858899831772,0.5697348117828369,0.5800020694732666,-0.04309460148215294,0.5969791412353516,0.5557059049606323,-0.016777122393250465,0.593345582485199,0.4929041266441345,-0.04023587703704834,0.5890129208564758,0.5383091568946838,-0.042427342385053635,0.591242253780365,0.5750812292098999,-0.03803827613592148,0.6225615739822388,0.5740177631378174,-0.025929315015673637,0.6107295155525208,0.5623552203178406,-0.04318989813327789,0.6019828915596008,0.5963976979255676,-0.04469620808959007,0.6007874011993408,0.6184369325637817,-0.041964802891016006
0.603884220123291,0.7029227614402771,-3.3753337902453495e-07,0.5647096037864685,0.6802092790603638,-0.012315543368458748,0.5470948815345764,0.6249775886535645,-0.02018972858786583,0.5493564605712891,0.5771285891532898,-0.028672119602560997,0.5472320914268494,0.5361975431442261,-0.03506462648510933,0.5417147278785706,0.55949866771698,-0.0034168418496847153,0.5372081398963928,0.5171307325363159,-0.026832589879631996,0.5445314049720764,0.5548490285873413,-0.04315653815865517,0.5539448857307434,0.5939649343490601,-0.05063958466053009,0.5697025060653687,0.5512908697128296,-0.008300713263452053,0.5622938871383667,0.48802876472473145,-0.03277470916509628,0.5633800625801086,0.5367565751075745,-0.043141841888427734,0.5696355700492859,0.5804786086082458,-0.04354379326105118,0.5977051258087158,0.5578476786613464,-0.01649845950305462,0.5948699116706848,0.4939611256122589,-0.03985016793012619,0.5893958806991577,0.5389001965522766,-0.04230864718556404,0.5908567309379578,0.5765190124511719,-0.03829456493258476,0.623633086681366,0.5766448974609375,-0.02541235275566578,0.6117216944694519,0.5644084215164185,-0.04292280972003937,0.602262556552887,0.5982686877250671,-0.04473184421658516,0.60066157579422,0.6210930943489075,-0.04222026839852333
0.6055328249931335,0.7029697895050049,-3.453426415944705e-07,0.5654793977737427,0.6795918345451355,-0.01108476147055626,0.5493277907371521,0.624428927898407,-0.017958857119083405,0.552734375,0.5762389302253723,-0.025527309626340866,0.5502554178237915,0.5359625220298767,-0.031086623668670654,0.545303225517273,0.5621508955955505,-0.002754584886133671,0.5391625761985779,0.5205363631248474,-0.025022979825735092,0.5481605529785156,0.5593479871749878,-0.040161751210689545,0.559455931186676,0.5981127619743347,-0.04690615460276604,0.5721902847290039,0.5535117983818054,-0.007779465056955814,0.5631833076477051,0.4897780418395996,-0.03141004592180252,0.5654981136322021,0.5381955504417419,-0.040906455367803574,0.5729773640632629,0.5811542272567749,-0.04067976400256157,0.599342942237854,0.5592471957206726,-0.015918603166937828,0.5953218340873718,0.49514174461364746,-0.03818649426102638,0.591157078742981,0.538472056388855,-0.04029074311256409,0.5939802527427673,0.5749845504760742,-0.03624649718403816,0.624594509601593,0.5765213370323181,-0.02470078133046627,0.6109169125556946,0.566300630569458,-0.040999412536621094,0.6016916632652283,0.5992048978805542,-0.04252510890364647,0.6011962294578552,0.620860755443573,-0.04008646681904793
0.6054204702377319,0.703714907169342,-3.474771688161127e-07,0.5661486387252808,0.6794682145118713,-0.011162183247506618,0.5492510199546814,0.622879683971405,-0.018007446080446243,0.55144864320755,0.5752460956573486,-0.02568584494292736,0.5489251613616943,0.5351371169090271,-0.031250324100255966,0.5457444787025452,0.5605574250221252,-0.0017504862044006586,0.5407456755638123,0.5187889337539673,-0.024476779624819756,0.548505961894989,0.5586970448493958,-0.03990770876407623,0.5585431456565857,0.5975515842437744,-0.046704284846782684,0.5730133652687073,0.5529647469520569,-0.006824110634624958,0.565184473991394,0.49049925804138184,-0.030929654836654663,0.5664732456207275,0.5401374101638794,-0.04040732607245445,0.5734546780586243,0.5829607844352722,-0.039934758096933365,0.6003427505493164,0.5597715973854065,-0.015164543874561787,0.597070038318634,0.49648046493530273,-0.03843295946717262,0.5919430255889893,0.542547345161438,-0.04000796005129814,0.594062089920044,0.5798385739326477,-0.03508937358856201,0.625769317150116,0.5782017707824707,-0.024142121896147728,0.6138129830360413,0.566689670085907,-0.041435930877923965,0.6045274138450623,0.600551426410675,-0.04271550849080086,0.6036081910133362,0.622347891330719,-0.03966393321752548
0.6096179485321045,0.7061367034912109,-3.726181319052557e-07,0.5684337019920349,0.6846532821655273,-0.010280057787895203,0.5531284809112549,0.6246787905693054,-0.015873920172452927,0.5594464540481567,0.5762326717376709,-0.02238265983760357,0.5595900416374207,0.5389464497566223,-0.02672295644879341,0.5494840145111084,0.5661110281944275,-0.0011446038261055946,0.5446075201034546,0.5236203670501709,-0.02362992614507675,0.5533807873725891,0.5638605356216431,-0.0390370637178421,0.5635764002799988,0.6058751940727234,-0.04590854048728943,0.5765923261642456,0.5560510754585266,-0.0067148031666874886,0.5683975219726562,0.4914075434207916,-0.030644264072179794,0.5698251128196716,0.5384615659713745,-0.04033765569329262,0.5761474967002869,0.5833530426025391,-0.040133778005838394,0.6039518117904663,0.5612714290618896,-0.015629395842552185,0.6020013689994812,0.495776504278183,-0.0375828742980957,0.5969114899635315,0.5383956432342529,-0.04009142890572548,0.5973460674285889,0.5756374001502991,-0.03654912859201431,0.629371166229248,0.5781883597373962,-0.025316962972283363,0.6167611479759216,0.5705599784851074,-0.04184408858418465,0.6058039665222168,0.6044619083404541,-0.04433596879243851,0.6018714904785156,0.6265177726745605,-0.042802292853593826
0.6081795692443848,0.7070313692092896,-3.649954578577308e-07,0.5691146850585938,0.6821266412734985,-0.010856932029128075,0.5531966090202332,0.6244369149208069,-0.01745908334851265,0.5551490187644958,0.5773047208786011,-0.025086168199777603,0.5535216331481934,0.5383242964744568,-0.03057177923619747,0.5504312515258789,0.5637547373771667,-0.0008888450684025884,0.5458534955978394,0.521536648273468,-0.02358878217637539,0.553159236907959,0.5622204542160034,-0.03960428759455681,0.5626891255378723,0.60456782579422,-0.046830493956804276,0.5774317383766174,0.5555617213249207,-0.006129053886979818,0.5702467560768127,0.49264779686927795,-0.030496083199977875,0.5711390972137451,0.5421704649925232,-0.040531907230615616,0.5776883959770203,0.5879433155059814,-0.040479205548763275,0.6048893332481384,0.5623018741607666,-0.01470188144594431,0.6028410196304321,0.4963808059692383,-0.037373121827840805,0.597359836101532,0.5390282869338989,-0.03961482271552086,0.5984571576118469,0.5775837898254395,-0.03553298860788345,0.6303709149360657,0.5809539556503296,-0.02398667298257351,0.6190983057022095,0.5672701001167297,-0.04115476831793785,0.6087051630020142,0.6012750267982483,-0.04286913946270943,0.6059204936027527,0.625961422920227,-0.040349967777729034
0.6087055802345276,0.7058900594711304,-3.622356530286197e-07,0.5696641206741333,0.682975172996521,-0.01254205871373415,0.5557847023010254,0.6243913769721985,-0.019650569185614586,0.5646622180938721,0.5785173773765564,-0.027431892231106758,0.5675250887870789,0.5414154529571533,-0.03288222476840019,0.5502469539642334,0.5655663013458252,-0.0030382524710148573,0.5443331599235535,0.5238999128341675,-0.025649743154644966,0.5528737902641296,0.5675156712532043,-0.04124285280704498,0.5632829666137695,0.6093306541442871,-0.04840431734919548,0.5772654414176941,0.5562199354171753,-0.007585863117128611,0.5700299143791199,0.4930074214935303,-0.032585497945547104,0.5721082091331482,0.5433546304702759,-0.0425008200109005,0.5787054300308228,0.5878801941871643,-0.04222351685166359,0.604386568069458,0.5622203946113586,-0.015550359152257442,0.6030601859092712,0.4957789480686188,-0.0387718565762043,0.5989971160888672,0.5406708121299744,-0.04086896777153015,0.6003144979476929,0.5789024829864502,-0.03664158284664154,0.6298718452453613,0.5797086954116821,-0.024406492710113525,0.6196407079696655,0.5689002871513367,-0.042104147374629974,0.6102994680404663,0.604482114315033,-0.04416998475790024,0.607913076877594,0.6280900835990906,-0.042001038789749146
0.6106900572776794,0.7080294489860535,-3.644545927272702e-07,0.5712341070175171,0.6860447525978088,-0.011454292573034763,0.5536903738975525,0.6278530955314636,-0.018169889226555824,0.5556912422180176,0.5791318416595459,-0.025674084201455116,0.5547565817832947,0.538104772567749,-0.030960366129875183,0.5508056282997131,0.5662305951118469,-0.0016283965669572353,0.5460897088050842,0.523393988609314,-0.024264220148324966,0.5546084046363831,0.5644811987876892,-0.04025178775191307,0.5642392635345459,0.6074154376983643,-0.047531820833683014,0.5776426196098328,0.5575592517852783,-0.006636313162744045,0.5709708333015442,0.4940468668937683,-0.030607787892222404,0.572823166847229,0.5426971912384033,-0.040941596031188965,0.5788772702217102,0.5881714224815369,-0.041280198842287064,0.6048708558082581,0.5639330148696899,-0.014966197311878204,0.6036015152931213,0.4968756437301636,-0.037649016827344894,0.599310576915741,0.5382301807403564,-0.040850792080163956,0.600490391254425,0.5761817693710327,-0.03762684762477875,0.6306264400482178,0.5824700593948364,-0.02398802898824215,0.6199257969856262,0.5700145363807678,-0.04206698015332222,0.609742283821106,0.6036192178726196,-0.044924475252628326,0.6062591671943665,0.6283614635467529,-0.04324239864945412
0.6105801463127136,0.7103493213653564,-3.804183563715924e-07,0.5707225799560547,0.6883767247200012,-0.011506923474371433,0.5545326471328735,0.6276550889015198,-0.018182706087827682,0.5594406723976135,0.5788702964782715,-0.02557879127562046,0.5577993988990784,0.5380212664604187,-0.03069530613720417,0.5497938394546509,0.5640552043914795,-0.0018809561152011156,0.5442421436309814,0.523817777633667,-0.024801308289170265,0.5516449809074402,0.5677332282066345,-0.04096518084406853,0.5617926120758057,0.6105052828788757,-0.04840237274765968,0.5776286125183105,0.555220365524292,-0.007221109699457884,0.5702946186065674,0.49265456199645996,-0.0322272814810276,0.5703823566436768,0.5441675782203674,-0.04254302382469177,0.5770435333251953,0.5903087258338928,-0.042490143328905106,0.6055147647857666,0.5621506571769714,-0.015930596739053726,0.6032105684280396,0.4953916668891907,-0.03897208720445633,0.5976189374923706,0.5396283864974976,-0.04113684967160225,0.5996837615966797,0.5775017142295837,-0.036965444684028625,0.6317941546440125,0.5810724496841431,-0.02540348470211029,0.6194672584533691,0.5694398283958435,-0.04305604472756386,0.6088793873786926,0.6052430272102356,-0.04488882049918175,0.6066070795059204,0.6293971538543701,-0.04240613430738449
0.6117725968360901,0.7141359448432922,-3.6497212363428844e-07,0.5725296139717102,0.6906123161315918,-0.01027976255863905,0.5553191304206848,0.6309418082237244,-0.015613424591720104,0.5590019822120667,0.5808643102645874,-0.022079525515437126,0.5558271408081055,0.539849579334259,-0.026537813246250153,0.5493098497390747,0.5700393319129944,0.0014266327489167452,0.5440335869789124,0.5251933336257935,-0.019378097727894783,0.553710401058197,0.5628039836883545,-0.035016048699617386,0.563327968120575,0.6028863191604614,-0.04250017926096916,0.5760505199432373,0.5597636103630066,-0.0039705634117126465,0.5689077377319336,0.4960259795188904,-0.025827670469880104,0.5728318691253662,0.5436229109764099,-0.036589011549949646,0.5791391730308533,0.5876196622848511,-0.03787991404533386,0.603884220123291,0.5647685527801514,-0.012566196732223034,0.6025285720825195,0.4977310299873352,-0.03335924074053764,0.5992240309715271,0.5392013788223267,-0.03670407831668854,0.6001521944999695,0.5773912072181702,-0.03423333540558815,0.6310135722160339,0.5826117396354675,-0.021909967064857483,0.6216229796409607,0.5670236945152283,-0.03833891451358795,0.6122562289237976,0.6016718745231628,-0.04032323136925697,0.6087080836296082,0.6276655793190002,-0.038557521998882294
0.6156870722770691,0.7216207385063171,-3.1181454573925294e-07,0.5763756036758423,0.7037824392318726,-0.007822846993803978,0.5549120903015137,0.6551945209503174,-0.014056310057640076,0.5602717995643616,0.6109118461608887,-0.022177815437316895,0.5649177432060242,0.5764950513839722,-0.02897593192756176,0.5477845072746277,0.5852947235107422,-0.0002677348966244608,0.5375328660011292,0.5354461073875427,-0.01897238753736019,0.540183424949646,0.5635584592819214,-0.03296537324786186,0.5458435416221619,0.5967495441436768,-0.039866965264081955,0.5731395483016968,0.5729281902313232,-0.007986453361809254,0.5637521147727966,0.5047705769538879,-0.025949181988835335,0.562995970249176,0.5416741967201233,-0.03519156202673912,0.5660743713378906,0.5809869766235352,-0.03674778714776039,0.6005472540855408,0.5765621662139893,-0.01834418997168541,0.5953745245933533,0.5101869106292725,-0.03683963790535927,0.5902243256568909,0.5489314794540405,-0.03946695476770401,0.5902648568153381,0.5857511758804321,-0.0372798815369606,0.6282370686531067,0.5945106744766235,-0.029257189482450485,0.6181392073631287,0.5709489583969116,-0.04394417628645897,0.6101202368736267,0.6046051979064941,-0.043821416795253754,0.6082450747489929,0.6328096985816956,-0.040871478617191315
0.737708568572998,0.8941827416419983,-3.616673893702682e-07,0.7013248205184937,0.8615043759346008,-0.02515314891934395,0.6591339111328125,0.8200452327728271,-0.05042330548167229,0.6400159597396851,0.7859747409820557,-0.07407548278570175,0.633725106716156,0.765742838382721,-0.09777586162090302,0.6742396354675293,0.8695462346076965,-0.06431381404399872,0.6726671457290649,0.7872313857078552,-0.10543160885572433,0.6694238781929016,0.7322402000427246,-0.12880200147628784,0.6671830415725708,0.707725465297699,-0.14006945490837097,0.715463399887085,0.8715215921401978,-0.065702423453331,0.7156296372413635,0.7815514206886292,-0.0997949093580246,0.7047362923622131,0.7214984893798828,-0.10497299581766129,0.6974329948425293,0.706234335899353,-0.10720115154981613,0.7511600255966187,0.8663267493247986,-0.06808233261108398,0.7502562999725342,0.7799301743507385,-0.09807103872299194,0.7358556985855103,0.725571870803833,-0.08830311894416809,0.7262620329856873,0.7108246088027954,-0.07857466489076614,0.7783479690551758,0.8560999631881714,-0.07297009974718094,0.7760935425758362,0.7821279764175415,-0.0877092182636261,0.7634274363517761,0.7417551875114441,-0.07821625471115112,0.7551525831222534,0.7305664420127869,-0.07028008997440338
0.7435136437416077,0.8792048692703247,4.409316147757636e-07,0.6909018754959106,0.8659080862998962,-0.010853736661374569,0.6548107862472534,0.8122622966766357,-0.026566030457615852,0.6478169560432434,0.752472996711731,-0.037496089935302734,0.6561701893806458,0.711150050163269,-0.046782925724983215,0.6719949245452881,0.8209487795829773,-0.06304773688316345,0.662071168422699,0.7279930710792542,-0.08132924139499664,0.6587255597114563,0.6877426505088806,-0.08301401138305664,0.6606031656265259,0.6799198389053345,-0.07848943769931793,0.7091516256332397,0.8157709836959839,-0.06212945654988289,0.7022170424461365,0.711852490901947,-0.07517199963331223,0.6886020302772522,0.6719553470611572,-0.06549389660358429,0.6822823882102966,0.6677992343902588,-0.05630054324865341,0.7415438890457153,0.8051692247390747,-0.05869098752737045,0.7351865172386169,0.7061598300933838,-0.06465663015842438,0.7159011363983154,0.6772192120552063,-0.04883788898587227,0.7051757574081421,0.6818122267723083,-0.03510371223092079,0.7671638131141663,0.7912179827690125,-0.0556335523724556,0.7534521818161011,0.712112307548523,-0.05601951852440834,0.734440267086029,0.6880679726600647,-0.043446194380521774,0.7219589948654175,0.6886206865310669,-0.031154582276940346
0.7302314043045044,0.859360933303833,2.837730903593183e-07,0.679811418056488,0.843402087688446,-0.00821251142770052,0.6475975513458252,0.7949941158294678,-0.019602801650762558,0.6367489099502563,0.7406930923461914,-0.0274923387914896,0.6327414512634277,0.701127827167511,-0.034287549555301666,0.6663580536842346,0.7802298069000244,-0.04547176510095596,0.6570518016815186,0.7044589519500732,-0.061106521636247635,0.6495401859283447,0.6742531657218933,-0.06530033051967621,0.6441806554794312,0.666067361831665,-0.06456353515386581,0.6988488435745239,0.7748545408248901,-0.046196844428777695,0.6914100646972656,0.6934643387794495,-0.05858363211154938,0.6793916821479797,0.6605289578437805,-0.055287860333919525,0.6704044938087463,0.650466799736023,-0.051934659481048584,0.728251576423645,0.7716442346572876,-0.04515950754284859,0.723314106464386,0.6913819313049316,-0.053801678121089935,0.7077577114105225,0.6648501753807068,-0.04531484469771385,0.6948769092559814,0.6613348722457886,-0.037952158600091934,0.7526919841766357,0.7703527212142944,-0.04400676116347313,0.7437770366668701,0.7009403705596924,-0.050306785851716995,0.7283782958984375,0.6734328269958496,-0.04392075166106224,0.7138607501983643,0.6666770577430725,-0.037026502192020416
0.6992142200469971,0.845166802406311,4.4384498210092715e-07,0.6522078514099121,0.801319420337677,-0.009300163947045803,0.631439208984375,0.7412131428718567,-0.02085309661924839,0.6318798065185547,0.6827018857002258,-0.03134676441550255,0.6360662579536438,0.6377938985824585,-0.04264102876186371,0.6347295641899109,0.7465634346008301,-0.036937370896339417,0.6216439008712769,0.6952482461929321,-0.06175648421049118,0.6076422929763794,0.6539816856384277,-0.07859857380390167,0.5962164402008057,0.6168276071548462,-0.08984201401472092,0.6563102602958679,0.7467278838157654,-0.0434892438352108,0.6474734544754028,0.6900947690010071,-0.06798750162124634,0.6325021982192993,0.6396945714950562,-0.08108971267938614,0.6212601661682129,0.5984398126602173,-0.09045229107141495,0.6818471550941467,0.7483595609664917,-0.05013808235526085,0.6818723082542419,0.6916558742523193,-0.07214870303869247,0.6680005788803101,0.647316038608551,-0.0805659219622612,0.6555821299552917,0.61516273021698,-0.08540476858615875,0.709518313407898,0.753707230091095,-0.05711575597524643,0.7131291031837463,0.7061270475387573,-0.07506993412971497,0.7029050588607788,0.6705664992332458,-0.08201837539672852,0.6905856132507324,0.6439704895019531,-0.08624299615621567
0.6837174296379089,0.8136307597160339,-1.4892978583702643e-07,0.6411654353141785,0.7787500023841858,-0.01117050088942051,0.6226716637611389,0.7136297225952148,-0.017988696694374084,0.6342829465866089,0.6570233702659607,-0.026346148923039436,0.6458215713500977,0.6105293035507202,-0.03316766396164894,0.6187547445297241,0.6619117856025696,0.004244680050760508,0.6103563904762268,0.6427475214004517,-0.016518818214535713,0.614176869392395,0.6739092469215393,-0.034306880086660385,0.6206580400466919,0.7035670280456543,-0.04312226548790932,0.6475329399108887,0.6542907357215881,0.0007659985567443073,0.6367354393005371,0.6297398209571838,-0.016733111813664436,0.637434720993042,0.6688792109489441,-0.02630031481385231,0.6431222558021545,0.7038179636001587,-0.02842244878411293,0.6764010190963745,0.6585498452186584,-0.006484899669885635,0.6676905751228333,0.6415286064147949,-0.020292360335588455,0.6637741327285767,0.6869338154792786,-0.01604626327753067,0.6652819514274597,0.7234907150268555,-0.009020281955599785,0.703169047832489,0.6742880940437317,-0.015670068562030792,0.6931646466255188,0.6632452011108398,-0.020701134577393532,0.6867702007293701,0.6953821182250977,-0.013030070811510086,0.6862078309059143,0.718346118927002,-0.004823857918381691
0.6744958162307739,0.7867434620857239,-2.3291646300549473e-07,0.6356042623519897,0.7697216272354126,-0.02133219875395298,0.6177716255187988,0.7062638998031616,-0.031364038586616516,0.6344377994537354,0.6476125717163086,-0.03896624967455864,0.648544192314148,0.5984448194503784,-0.042870890349149704,0.5963180661201477,0.6376681923866272,-0.011043467558920383,0.5872080326080322,0.6159555315971375,-0.03810817375779152,0.6025852560997009,0.6619758605957031,-0.05639255419373512,0.6165967583656311,0.7014524936676025,-0.06427258998155594,0.6302654147148132,0.6248798370361328,-0.010735893622040749,0.619451105594635,0.5951663851737976,-0.03897099941968918,0.6269358992576599,0.6568490266799927,-0.04700065404176712,0.6362388730049133,0.7012223601341248,-0.043634410947561264,0.6633039712905884,0.6298456788063049,-0.01479134988039732,0.6556009650230408,0.6187896728515625,-0.03515535220503807,0.6546798348426819,0.6696175932884216,-0.029050281271338463,0.6563194990158081,0.6972652077674866,-0.019024070352315903,0.6921140551567078,0.6453354358673096,-0.02149929106235504,0.6834481358528137,0.6676300168037415,-0.03148059546947479,0.6801601052284241,0.7027457356452942,-0.02534252032637596,0.6802708506584167,0.7119571566581726,-0.017076212912797928
0.666826069355011,0.7857596278190613,-3.1595237715009716e-07,0.6248405575752258,0.7667807936668396,-0.017781373113393784,0.6071428060531616,0.6948049068450928,-0.025309652090072632,0.629296064376831,0.6400262713432312,-0.03144431486725807,0.6501585245132446,0.5981922149658203,-0.03401130065321922,0.5900565981864929,0.6410512328147888,-0.011754326522350311,0.5768494606018066,0.60999995470047,-0.036473970860242844,0.5940887331962585,0.6540343165397644,-0.05175614356994629,0.6084456443786621,0.6904332637786865,-0.05807560309767723,0.623952329158783,0.6242733597755432,-0.013186279684305191,0.6078276038169861,0.5898491144180298,-0.039325688034296036,0.617963433265686,0.6464208960533142,-0.04689347371459007,0.6275777220726013,0.6901350021362305,-0.04380349814891815,0.6556031703948975,0.6246817111968994,-0.01841139607131481,0.6466840505599976,0.6218103766441345,-0.03895453363656998,0.6468299627304077,0.6847758293151855,-0.035214945673942566,0.6459661722183228,0.7240673303604126,-0.026396406814455986,0.6825474500656128,0.6365875601768494,-0.026030035689473152,0.6698810458183289,0.6733804941177368,-0.037425097078084946,0.6631261110305786,0.7180364727973938,-0.03486532345414162,0.658852219581604,0.7363722324371338,-0.029208136722445488
0.6654092669487,0.7913525104522705,-3.293760642009147e-07,0.6208134293556213,0.7661941647529602,-0.013954845257103443,0.6044092774391174,0.6918677687644958,-0.020480027422308922,0.6226583123207092,0.6339343190193176,-0.026678970083594322,0.6447585225105286,0.5896340608596802,-0.02984541468322277,0.5898169279098511,0.6315430998802185,-0.004794477950781584,0.5738139152526855,0.6130778789520264,-0.029361410066485405,0.5920569896697998,0.6552900075912476,-0.046506188809871674,0.607880175113678,0.692680835723877,-0.05354563519358635,0.6245300769805908,0.6189048886299133,-0.007238282822072506,0.6033403873443604,0.5936724543571472,-0.03151016682386398,0.6114522218704224,0.6424540877342224,-0.041674546897411346,0.6212198734283447,0.6865927577018738,-0.04091556370258331,0.6558274626731873,0.6229178309440613,-0.01326416339725256,0.6408229470252991,0.6367069482803345,-0.031769704073667526,0.6382250785827637,0.6900731325149536,-0.031609103083610535,0.6359807848930359,0.7260472178459167,-0.025499163195490837,0.6797045469284058,0.6381868720054626,-0.021337710320949554,0.6620226502418518,0.6787205934524536,-0.02887333370745182,0.6536441445350647,0.7193071246147156,-0.02627505362033844,0.6473070979118347,0.738737165927887,-0.021105175837874413
0.6628626585006714,0.7821506261825562,-2.559688425662898e-07,0.6204455494880676,0.7656604051589966,-0.02021239511668682,0.6021723747253418,0.6939754486083984,-0.02829574979841709,0.6191403865814209,0.6332274675369263,-0.03534040227532387,0.6389110088348389,0.5847976803779602,-0.03854627534747124,0.5783033967018127,0.6364389657974243,-0.0058313640765845776,0.5673611760139465,0.6071233153343201,-0.034322842955589294,0.5893718004226685,0.6493178606033325,-0.053789470344781876,0.606020450592041,0.6884739995002747,-0.06170402094721794,0.612146258354187,0.6187483668327332,-0.0059904055669903755,0.594843864440918,0.5832828283309937,-0.036077726632356644,0.6072631478309631,0.6363257169723511,-0.0482703298330307,0.6200758218765259,0.6825457215309143,-0.046391360461711884,0.6443925499916077,0.6182753443717957,-0.010605025105178356,0.6386134624481201,0.6285369992256165,-0.0335240475833416,0.639066219329834,0.6888992190361023,-0.03224946931004524,0.6380191445350647,0.7257871031761169,-0.023272134363651276,0.6715497970581055,0.6290015578269958,-0.01795129105448723,0.6646025776863098,0.6699405908584595,-0.028034478425979614,0.6607542037963867,0.7084274291992188,-0.025010906159877777,0.6573692560195923,0.7219192385673523,-0.018296729773283005
0.6565493941307068,0.7742034196853638,-2.688761640001758e-07,0.613885223865509,0.7523283362388611,-0.015350262634456158,0.5955289602279663,0.6801977753639221,-0.022032305598258972,0.6144827008247375,0.6262385845184326,-0.028966326266527176,0.6368173360824585,0.5847959518432617,-0.032584767788648605,0.5765852332115173,0.6239679455757141,-0.0016434518620371819,0.564273476600647,0.6051101684570312,-0.028322549536824226,0.5817728638648987,0.6458775401115417,-0.046819400042295456,0.5987818837165833,0.6812697649002075,-0.05450320988893509,0.6099874973297119,0.607471764087677,-0.003931897692382336,0.5933607220649719,0.5773391723632812,-0.03414670377969742,0.6021217703819275,0.6302685141563416,-0.04619574174284935,0.6156123280525208,0.6762373447418213,-0.04407624900341034,0.6423172354698181,0.6090362668037415,-0.01021583378314972,0.6352395415306091,0.6241886019706726,-0.032174356281757355,0.6334778666496277,0.6824212074279785,-0.031423963606357574,0.632572591304779,0.7179082632064819,-0.022838812321424484,0.6679753065109253,0.6218608617782593,-0.018812967464327812,0.6613494753837585,0.6628617644309998,-0.027038339525461197,0.656013548374176,0.7008045315742493,-0.024015001952648163,0.6513516902923584,0.7139303088188171,-0.017634006217122078
0.6532341241836548,0.7711412310600281,-2.977351982735854e-07,0.6107656359672546,0.7491837739944458,-0.015437277965247631,0.5929694175720215,0.6761186718940735,-0.022598370909690857,0.6092908382415771,0.621095597743988,-0.030213013291358948,0.6288846135139465,0.577223539352417,-0.034809745848178864,0.5779533386230469,0.6179717183113098,-0.00254535092972219,0.5648595094680786,0.5981773734092712,-0.03023512475192547,0.5803717970848083,0.6407795548439026,-0.049034543335437775,0.5962238311767578,0.6774207353591919,-0.0563855804502964,0.6105414628982544,0.6036970615386963,-0.005091470666229725,0.5925106406211853,0.5720205307006836,-0.03465291112661362,0.5974882245063782,0.6234865188598633,-0.04631800204515457,0.6080482006072998,0.6695300340652466,-0.04418432340025902,0.6413964033126831,0.6057762503623962,-0.011793913319706917,0.6332518458366394,0.6180803775787354,-0.03514721617102623,0.6307172775268555,0.6803381443023682,-0.0341237336397171,0.6302328705787659,0.719876229763031,-0.024753388017416,0.6670734882354736,0.6190906167030334,-0.020681260153651237,0.657450795173645,0.6530543565750122,-0.030033955350518227,0.6514245867729187,0.6966729164123535,-0.025997834280133247,0.6478481888771057,0.716263473033905,-0.018464790657162666
0.6519569754600525,0.7564659714698792,-2.5247683765883266e-07,0.6080308556556702,0.7354791760444641,-0.01786348596215248,0.5904386043548584,0.6626087427139282,-0.025819865986704826,0.608013927936554,0.6041154265403748,-0.0330369733273983,0.6280930042266846,0.5580353140830994,-0.03675994649529457,0.5717141032218933,0.6138512492179871,-0.00879011768847704,0.5589502453804016,0.5828453302383423,-0.035568468272686005,0.5763207674026489,0.6237995624542236,-0.05280845984816551,0.5916386842727661,0.6612796783447266,-0.059432368725538254,0.6048653721809387,0.5956982374191284,-0.00968677643686533,0.5898302793502808,0.5571926236152649,-0.037382956594228745,0.5975203514099121,0.6061636209487915,-0.04722920060157776,0.6069565415382385,0.6516859531402588,-0.044776223599910736,0.6375783085823059,0.5941424369812012,-0.014578438363969326,0.6332321763038635,0.6057196855545044,-0.03637080639600754,0.6311144828796387,0.6673303246498108,-0.034333180636167526,0.6285171508789062,0.7067494988441467,-0.02524399943649769,0.6651887893676758,0.6043572425842285,-0.021867556497454643,0.6553333401679993,0.6405792236328125,-0.03109475038945675,0.6513302326202393,0.6810384392738342,-0.02705044485628605,0.6490169167518616,0.699079155921936,-0.020046614110469818
0.6539947390556335,0.758459210395813,-2.415393112187303e-07,0.6080904006958008,0.737515389919281,-0.016642998903989792,0.589840829372406,0.6620949506759644,-0.024139253422617912,0.6087472438812256,0.6021280884742737,-0.03125675022602081,0.6299275159835815,0.556377112865448,-0.03509674593806267,0.5684119462966919,0.6112908720970154,-0.006642025895416737,0.5570597052574158,0.583051323890686,-0.032626859843730927,0.5762779116630554,0.623167097568512,-0.05035466328263283,0.5937870144844055,0.6574754118919373,-0.05831298604607582,0.6029414534568787,0.5948323607444763,-0.008610081858932972,0.5860194563865662,0.5567913055419922,-0.03895384445786476,0.5963398218154907,0.6069616675376892,-0.05150197818875313,0.6105979681015015,0.6529144048690796,-0.0504545122385025,0.6362950205802917,0.5948987007141113,-0.014064421877264977,0.6297650933265686,0.5974197387695312,-0.036141060292720795,0.6306402683258057,0.6635903120040894,-0.03294164314866066,0.6302531957626343,0.7070490121841431,-0.02294250950217247,0.6640695333480835,0.6047442555427551,-0.021980764344334602,0.6552985310554504,0.6402401924133301,-0.03170609101653099,0.6517801880836487,0.6840248107910156,-0.02738926187157631,0.6490121483802795,0.7034693956375122,-0.019892243668437004
0.6543671488761902,0.7618678212165833,-2.9499412335098896e-07,0.6104463338851929,0.7398828864097595,-0.01469859667122364,0.5901816487312317,0.6642166376113892,-0.021681366488337517,0.606248140335083,0.6041765213012695,-0.028844987973570824,0.6258981227874756,0.5573253631591797,-0.03290889784693718,0.5714532732963562,0.6071913838386536,-0.005470215808600187,0.5591228604316711,0.5832678079605103,-0.03141871094703674,0.5797281265258789,0.6237249970436096,-0.0487138107419014,0.5963662266731262,0.6595916152000427,-0.05531485751271248,0.6040077209472656,0.5937551259994507,-0.008266719058156013,0.5865862965583801,0.5567537546157837,-0.034474294632673264,0.5967707633972168,0.6025556325912476,-0.04428332298994064,0.6083239316940308,0.6467357277870178,-0.04208178073167801,0.6361619234085083,0.5952125787734985,-0.014785434119403362,0.6305549144744873,0.6029631495475769,-0.03536957502365112,0.6310927271842957,0.6659506559371948,-0.03287037834525108,0.6303638219833374,0.7087812423706055,-0.023457109928131104,0.6639969944953918,0.6075605750083923,-0.02347726933658123,0.6555576920509338,0.6356272101402283,-0.030915003269910812,0.6517996788024902,0.6790134906768799,-0.0251635629683733,0.6491132974624634,0.7022073268890381,-0.01700734533369541
0.6533596515655518,0.759838879108429,-2.9342533025555895e-07,0.6084120869636536,0.7350393533706665,-0.014211021363735199,0.5892213582992554,0.6581199169158936,-0.02092788740992546,0.6062130928039551,0.5998340249061584,-0.027965351939201355,0.6271653771400452,0.555390477180481,-0.03186535835266113,0.5716941952705383,0.6053862571716309,-0.004870457574725151,0.5581766366958618,0.5823215842247009,-0.030820539221167564,0.5778535008430481,0.6231004595756531,-0.04849499464035034,0.5948891043663025,0.659144937992096,-0.05554847791790962,0.6046428084373474,0.5918102264404297,-0.007793104276061058,0.5866290926933289,0.5563473105430603,-0.0345304012298584,0.5966619849205017,0.6029245853424072,-0.045280925929546356,0.6091376543045044,0.6472293138504028,-0.04388003796339035,0.637112557888031,0.593634307384491,-0.014321096241474152,0.6303825974464417,0.6010867953300476,-0.034358322620391846,0.6301658153533936,0.663030743598938,-0.03219914436340332,0.6291071176528931,0.7051844596862793,-0.02344665303826332,0.6646410226821899,0.6060060858726501,-0.023079844191670418,0.6544385552406311,0.6378139853477478,-0.030000874772667885,0.6496093273162842,0.6801674962043762,-0.025086862966418266,0.646191418170929,0.701875627040863,-0.01790376752614975
0.654258131980896,0.7604175806045532,-2.774167171537556e-07,0.608758807182312,0.7350770831108093,-0.01471001747995615,0.5892477631568909,0.6573891043663025,-0.021209338679909706,0.6055732369422913,0.598456621170044,-0.02807607501745224,0.626361608505249,0.5529869794845581,-0.031702324748039246,0.570403516292572,0.6051633358001709,-0.0029684030450880527,0.5584594011306763,0.5815165042877197,-0.02909810096025467,0.5789254903793335,0.6216774582862854,-0.047438837587833405,0.596214234828949,0.6585370302200317,-0.05480404570698738,0.6032776236534119,0.5908938050270081,-0.005402929149568081,0.587709367275238,0.5559916496276855,-0.03272607550024986,0.5976660251617432,0.6021474599838257,-0.04452517256140709,0.6093308329582214,0.6474847793579102,-0.04344118386507034,0.6355671882629395,0.5915285348892212,-0.011622829362750053,0.630902111530304,0.6012087464332581,-0.03187276050448418,0.6300508975982666,0.6632861495018005,-0.030470872297883034,0.6281922459602356,0.7059872150421143,-0.02190731279551983,0.6631805300712585,0.6030701398849487,-0.020167993381619453,0.6544244885444641,0.6359667181968689,-0.026977134868502617,0.6488608717918396,0.6787399053573608,-0.022217873483896255,0.6445751190185547,0.701167106628418,-0.014900472946465015
0.6541861891746521,0.7602906227111816,-2.864941848201852e-07,0.6078264713287354,0.7346154451370239,-0.013771059922873974,0.5880531072616577,0.6571267247200012,-0.020204538479447365,0.6059926152229309,0.5989306569099426,-0.02707982063293457,0.6271933317184448,0.5537595748901367,-0.03089865669608116,0.570929765701294,0.6068493127822876,-0.004612672608345747,0.5569300055503845,0.5810935497283936,-0.030265457928180695,0.5767903923988342,0.6204453706741333,-0.04775619134306908,0.59348464012146,0.6565513610839844,-0.05475069582462311,0.603830099105835,0.5916057825088501,-0.007744076661765575,0.5862268805503845,0.555881917476654,-0.03345967084169388,0.5967819690704346,0.6007299423217773,-0.04411091282963753,0.6083033680915833,0.6438881754875183,-0.04309314861893654,0.6364222168922424,0.5919926762580872,-0.014505176804959774,0.6305397748947144,0.600416362285614,-0.034233223646879196,0.630298912525177,0.6631736159324646,-0.03249106928706169,0.6283043622970581,0.7056195735931396,-0.02427244745194912,0.664478063583374,0.603790283203125,-0.02343844063580036,0.6536060571670532,0.6362546682357788,-0.030509861186146736,0.6478578448295593,0.6800224184989929,-0.025724293664097786,0.6431491374969482,0.7033003568649292,-0.018741043284535408
0.6533029675483704,0.7581869959831238,-2.8125919016019907e-07,0.6073775291442871,0.7340071797370911,-0.01466435007750988,0.5879713296890259,0.6560142636299133,-0.021411824971437454,0.6063392162322998,0.5981777310371399,-0.02837182581424713,0.6285497546195984,0.5550563335418701,-0.03202664107084274,0.5710294246673584,0.6076140999794006,-0.005754793528467417,0.5583899021148682,0.5823721885681152,-0.032201651483774185,0.5767615437507629,0.6225156784057617,-0.05039547011256218,0.5940590500831604,0.6594592928886414,-0.058032192289829254,0.6042481064796448,0.5920732617378235,-0.00870729610323906,0.5866091251373291,0.5548093318939209,-0.036819443106651306,0.5952739119529724,0.6010111570358276,-0.0486379936337471,0.607761800289154,0.6465714573860168,-0.04781104996800423,0.6368830800056458,0.5923781991004944,-0.015189601108431816,0.6309558153152466,0.5984832048416138,-0.0351538360118866,0.6309118270874023,0.6613871455192566,-0.03214865177869797,0.6300519108772278,0.7039556503295898,-0.022895822301506996,0.6649128794670105,0.603481650352478,-0.024121960625052452,0.654951274394989,0.6354227066040039,-0.030850647017359734,0.6500734090805054,0.6785090565681458,-0.025401385501027107,0.6467657685279846,0.7003605365753174,-0.017898738384246826
0.6556172966957092,0.7571887373924255,-2.910828413860145e-07,0.6095857620239258,0.7341727018356323,-0.013960151933133602,0.5881617665290833,0.6570852994918823,-0.020857252180576324,0.6040149331092834,0.5974389314651489,-0.02833796665072441,0.6254788637161255,0.5514553785324097,-0.03275930881500244,0.5727646946907043,0.6064426302909851,-0.005650524981319904,0.5577048659324646,0.579871654510498,-0.03304631635546684,0.5760945677757263,0.6206040382385254,-0.05107441172003746,0.5925176739692688,0.6575682759284973,-0.05812447518110275,0.6052610874176025,0.5908026099205017,-0.009470771998167038,0.5856660604476929,0.5499501824378967,-0.03809668868780136,0.5943182110786438,0.597900390625,-0.049008987843990326,0.6063634157180786,0.6439371705055237,-0.04703395068645477,0.637481689453125,0.5914261937141418,-0.01690688543021679,0.6287994384765625,0.5969421863555908,-0.038791120052337646,0.6291452050209045,0.6618470549583435,-0.03554494306445122,0.6291545629501343,0.7047948241233826,-0.025232037529349327,0.6650232076644897,0.6030659079551697,-0.026537837460637093,0.6528559327125549,0.6314646005630493,-0.03441402316093445,0.648193359375,0.6748536825180054,-0.028257222846150398,0.6454442143440247,0.6973684430122375,-0.019710754975676537
0.6582014560699463,0.7564761638641357,-2.8243553629181406e-07,0.6114841103553772,0.7321887612342834,-0.014409385621547699,0.5881554484367371,0.6579989194869995,-0.021634671837091446,0.6041129231452942,0.598421037197113,-0.029241761192679405,0.626279890537262,0.5527889132499695,-0.03370318189263344,0.5711604356765747,0.6092780828475952,-0.006092623341828585,0.555118203163147,0.5810779333114624,-0.033133622258901596,0.5759892463684082,0.618489146232605,-0.05093958228826523,0.5930612087249756,0.6538571119308472,-0.057487864047288895,0.6025876998901367,0.5929833054542542,-0.009059293195605278,0.5843965411186218,0.5526914596557617,-0.03537169098854065,0.5957362651824951,0.5967476963996887,-0.04527457058429718,0.6071692109107971,0.6395426988601685,-0.04307987168431282,0.6350520849227905,0.5915393829345703,-0.0157052930444479,0.6301498413085938,0.6010276675224304,-0.0370379313826561,0.630386233329773,0.6634722948074341,-0.03525303676724434,0.6289075016975403,0.7054768800735474,-0.02595457434654236,0.6639972925186157,0.6018742322921753,-0.024418342858552933,0.654094934463501,0.630703866481781,-0.03190760314464569,0.6503394842147827,0.6742346286773682,-0.025840582326054573,0.647811770439148,0.6986984610557556,-0.017334170639514923
0.6564779281616211,0.7571917772293091,-2.8933064299963007e-07,0.6114699244499207,0.734176754951477,-0.013738616369664669,0.5876632928848267,0.657932460308075,-0.020430564880371094,0.604046106338501,0.5986334681510925,-0.027604082599282265,0.6263148188591003,0.5539426803588867,-0.03198288753628731,0.5733578205108643,0.6066107749938965,-0.005749601870775223,0.557427167892456,0.5811389684677124,-0.03249475732445717,0.576264500617981,0.6204045414924622,-0.04993509501218796,0.5933902859687805,0.6553555727005005,-0.056406836956739426,0.6054176092147827,0.5905838012695312,-0.00920748058706522,0.5839208364486694,0.5502581596374512,-0.03652410954236984,0.5936307311058044,0.5954901576042175,-0.046850722283124924,0.6066000461578369,0.6392943859100342,-0.0444551482796669,0.6377451419830322,0.5903934836387634,-0.01616406813263893,0.6298878788948059,0.5984272360801697,-0.03781333565711975,0.6306989789009094,0.6628112196922302,-0.035866864025592804,0.6305000185966492,0.7063388824462891,-0.026184234768152237,0.6651961207389832,0.6017247438430786,-0.02514529787003994,0.6541759967803955,0.6317121982574463,-0.0327889509499073,0.6509900093078613,0.6761113405227661,-0.026890352368354797,0.6492869853973389,0.7000805735588074,-0.018389180302619934
0.6595266461372375,0.7548904418945312,-3.0478869916805706e-07,0.6119443774223328,0.7319344282150269,-0.014574797824025154,0.5881564617156982,0.6581282615661621,-0.02196461521089077,0.6043434143066406,0.598200261592865,-0.02969350293278694,0.6261628866195679,0.5534562468528748,-0.034421078860759735,0.5723883509635925,0.6095032691955566,-0.006895754486322403,0.5560258030891418,0.5793231129646301,-0.03360993415117264,0.5753675699234009,0.617245078086853,-0.05090979486703873,0.5914971828460693,0.6532203555107117,-0.057201631367206573,0.6034772992134094,0.5929198861122131,-0.01013072207570076,0.5832826495170593,0.5494906902313232,-0.036185991019010544,0.59405916929245,0.595551609992981,-0.04543229192495346,0.6050950884819031,0.6398129463195801,-0.04260866343975067,0.636125922203064,0.5912967920303345,-0.01697358675301075,0.6299795508384705,0.5946537256240845,-0.03826550021767616,0.6312234997749329,0.6569738388061523,-0.03577573224902153,0.6307159066200256,0.6987296342849731,-0.025929614901542664,0.6658533811569214,0.6018171310424805,-0.0258416086435318,0.6545042991638184,0.625577986240387,-0.03348131105303764,0.6519007086753845,0.6686539053916931,-0.02678575925529003,0.6510649919509888,0.6927281618118286,-0.017771808430552483
0.6568881273269653,0.7503634095191956,-3.101457082266279e-07,0.6130785942077637,0.7287473678588867,-0.014479595236480236,0.5891278386116028,0.6570725440979004,-0.02174440212547779,0.6062526106834412,0.5989429354667664,-0.029214397072792053,0.6282376050949097,0.5545618534088135,-0.0339743047952652,0.5716893076896667,0.6081631779670715,-0.006428901571780443,0.5581236481666565,0.5785784125328064,-0.03141459822654724,0.5767118334770203,0.6167809963226318,-0.04718591272830963,0.5928175449371338,0.6505565643310547,-0.052764177322387695,0.6022616028785706,0.5914591550827026,-0.009234176948666573,0.5828483700752258,0.5467254519462585,-0.03426579013466835,0.5939574837684631,0.5936199426651001,-0.04287020117044449,0.6063523292541504,0.6367260217666626,-0.0396018885076046,0.634259819984436,0.5888509154319763,-0.015516888350248337,0.6288660168647766,0.5876709222793579,-0.0363815501332283,0.6324701309204102,0.6500416398048401,-0.034401219338178635,0.6342369318008423,0.6913478374481201,-0.024892274290323257,0.6634678244590759,0.5969116687774658,-0.023656003177165985,0.6519117951393127,0.6199247241020203,-0.03150258958339691,0.6509638428688049,0.6644915342330933,-0.025667261332273483,0.651667594909668,0.6886914372444153,-0.01730692945420742
0.6566412448883057,0.7512316703796387,-2.883076319903921e-07,0.6130697131156921,0.7289134860038757,-0.01511147990822792,0.5899131894111633,0.6577702760696411,-0.023043448105454445,0.6054277420043945,0.5992839932441711,-0.031327661126852036,0.6264811754226685,0.5527913570404053,-0.03671688213944435,0.5704113245010376,0.6058763265609741,-0.004488351289182901,0.5583324432373047,0.5773056745529175,-0.03119295835494995,0.5777670741081238,0.6164058446884155,-0.04877491295337677,0.5948829650878906,0.6514060497283936,-0.05517389997839928,0.6012828946113586,0.5893871188163757,-0.007279504090547562,0.5847882032394409,0.545718789100647,-0.03459617495536804,0.5962079167366028,0.5929377675056458,-0.044873058795928955,0.6094054579734802,0.6372500658035278,-0.04194793850183487,0.6336830258369446,0.586812436580658,-0.013832286931574345,0.6304447054862976,0.5892367362976074,-0.036409322172403336,0.6332069039344788,0.6538125276565552,-0.03496623411774635,0.6341232061386108,0.697149932384491,-0.025029733777046204,0.6635022163391113,0.5949636697769165,-0.02230869233608246,0.6555569171905518,0.6190231442451477,-0.03081931546330452,0.6540005207061768,0.6644849181175232,-0.024794939905405045,0.6532636284828186,0.6889606714248657,-0.015785571187734604
0.6574562191963196,0.7505479454994202,-3.0489823643620184e-07,0.6129078269004822,0.7303107976913452,-0.016034230589866638,0.5892883539199829,0.6579458713531494,-0.024396521970629692,0.6044572591781616,0.5982814431190491,-0.03307845816016197,0.6246981620788574,0.5512210726737976,-0.038759566843509674,0.5720714330673218,0.6055557131767273,-0.004772299434989691,0.5569093227386475,0.576753556728363,-0.03255191817879677,0.5769680738449097,0.6145451664924622,-0.05061185732483864,0.5947162508964539,0.6493805646896362,-0.05695987492799759,0.6026157140731812,0.5885917544364929,-0.0074883331544697285,0.5834469795227051,0.5450165271759033,-0.03487488999962807,0.5941821336746216,0.5915148854255676,-0.04507141932845116,0.6061197519302368,0.6349136829376221,-0.042218733578920364,0.6347572207450867,0.5857994556427002,-0.014295575208961964,0.6295810341835022,0.5866538286209106,-0.037810180336236954,0.6324421763420105,0.6511258482933044,-0.03594861179590225,0.6338831782341003,0.6931108832359314,-0.025493498891592026,0.664837658405304,0.5941774845123291,-0.023056527599692345,0.6538702249526978,0.6124679446220398,-0.032012615352869034,0.6530505418777466,0.6585780382156372,-0.02505914494395256,0.6540285348892212,0.683663010597229,-0.01525194477289915
0.6607646346092224,0.7488923072814941,-2.761619555258221e-07,0.6150482892990112,0.7315422296524048,-0.015683868899941444,0.5892578363418579,0.6606844067573547,-0.023224549368023872,0.6034641861915588,0.599976658821106,-0.030857836827635765,0.6245688199996948,0.5528164505958557,-0.035639118403196335,0.5699024796485901,0.6159178018569946,-0.006290065590292215,0.5540271997451782,0.5799577236175537,-0.03244251757860184,0.5751884579658508,0.614133358001709,-0.04873333498835564,0.5929111242294312,0.6463818550109863,-0.0543026402592659,0.5996183753013611,0.5962761640548706,-0.008602863177657127,0.5799043774604797,0.545956552028656,-0.035035233944654465,0.5933839082717896,0.5907790660858154,-0.04409421980381012,0.606863260269165,0.6325133442878723,-0.040603552013635635,0.6311770081520081,0.5905000567436218,-0.014601994305849075,0.6285062432289124,0.5853077173233032,-0.03837066516280174,0.6339859962463379,0.6505335569381714,-0.03637320175766945,0.6355115175247192,0.6925290822982788,-0.02573137730360031,0.6608095169067383,0.595478355884552,-0.02239202708005905,0.6542435884475708,0.6126918792724609,-0.032443657517433167,0.6545102596282959,0.6597690582275391,-0.026114698499441147,0.6540404558181763,0.6855519413948059,-0.016634317114949226
0.6618668437004089,0.7522403001785278,-2.8095070092604146e-07,0.6177710294723511,0.731626033782959,-0.015612990595400333,0.5909927487373352,0.6577253341674805,-0.022738024592399597,0.6034765243530273,0.5975828766822815,-0.03002949245274067,0.6236346364021301,0.5517200827598572,-0.03430059552192688,0.5711153745651245,0.6126905083656311,-0.007069223560392857,0.5536356568336487,0.5782157778739929,-0.032097719609737396,0.574939489364624,0.6139968037605286,-0.047358158975839615,0.5922209024429321,0.6466506719589233,-0.052466847002506256,0.602183997631073,0.5927537679672241,-0.009491520933806896,0.5801469087600708,0.5455831289291382,-0.03467128425836563,0.5924528241157532,0.5901411175727844,-0.04309506341814995,0.6044347286224365,0.6312530636787415,-0.03970378264784813,0.6346779465675354,0.5887768268585205,-0.015583420172333717,0.6290817260742188,0.5876215696334839,-0.037687189877033234,0.6337950229644775,0.6521077156066895,-0.03544358164072037,0.6347715258598328,0.6934340000152588,-0.025280870497226715,0.6637734174728394,0.5967648029327393,-0.023517224937677383,0.6551427841186523,0.6117570400238037,-0.032060522586107254,0.6555023193359375,0.6550607085227966,-0.025185661390423775,0.6554335951805115,0.6789970397949219,-0.015814615413546562
0.6621022820472717,0.7507216930389404,-3.16202772410179e-07,0.6173837780952454,0.7323659658432007,-0.014986236579716206,0.5899344086647034,0.6571187973022461,-0.021676843985915184,0.6043660044670105,0.5960281491279602,-0.028528887778520584,0.6250492334365845,0.549776017665863,-0.03263658285140991,0.5714285373687744,0.6119022369384766,-0.006982861086726189,0.554959774017334,0.5763230323791504,-0.03168630972504616,0.5737223029136658,0.6143457293510437,-0.04650958627462387,0.5899887681007385,0.6481683254241943,-0.05147608742117882,0.6019212007522583,0.5931445956230164,-0.009714853018522263,0.5795420408248901,0.5442349910736084,-0.034907884895801544,0.5910674929618835,0.5914996266365051,-0.04301740974187851,0.603675365447998,0.633516788482666,-0.03932500258088112,0.6342867016792297,0.5892705321311951,-0.015957091003656387,0.6274601817131042,0.5836895704269409,-0.03811739385128021,0.6331025958061218,0.6503692865371704,-0.035035233944654465,0.6357178688049316,0.6923004388809204,-0.024355484172701836,0.6635580658912659,0.5965961813926697,-0.0239811260253191,0.6523956060409546,0.6132663488388062,-0.03310002014040947,0.6536415219306946,0.6587204933166504,-0.02621563896536827,0.6555014848709106,0.6819108128547668,-0.016809578984975815
0.6607126593589783,0.7554779052734375,-3.4747216659525293e-07,0.6137349009513855,0.7305747270584106,-0.012160604819655418,0.5892075896263123,0.6561084389686584,-0.019700875505805016,0.6028297543525696,0.5971437096595764,-0.02840479463338852,0.6233599185943604,0.550671398639679,-0.03455359488725662,0.5769902467727661,0.6046628355979919,-0.0027335910126566887,0.5586116313934326,0.5723435282707214,-0.027766428887844086,0.5757890939712524,0.6116425395011902,-0.043719228357076645,0.5922093391418457,0.6465845108032227,-0.04923282936215401,0.6083117723464966,0.5899914503097534,-0.007141408510506153,0.5857047438621521,0.5444890260696411,-0.0317557156085968,0.5945438742637634,0.5912026762962341,-0.040690626949071884,0.6054531335830688,0.6339513063430786,-0.038094718009233475,0.6402978897094727,0.5888275504112244,-0.015076471492648125,0.6273452639579773,0.5838890075683594,-0.037092745304107666,0.63089919090271,0.6462831497192383,-0.03479095548391342,0.6345472931861877,0.6871268153190613,-0.024881575256586075,0.6685922145843506,0.5977849364280701,-0.02440544031560421,0.6497716903686523,0.6065530180931091,-0.03285149112343788,0.6498783826828003,0.6523431539535522,-0.02502441592514515,0.6535565257072449,0.6784298419952393,-0.015098382718861103
0.6627511978149414,0.7524232864379883,-3.3229417795155314e-07,0.6160960793495178,0.7297964096069336,-0.013722247444093227,0.5916973948478699,0.6534738540649414,-0.020385807380080223,0.6077622771263123,0.5926109552383423,-0.0276287030428648,0.6280601620674133,0.545766294002533,-0.032232124358415604,0.574238121509552,0.6071817874908447,-0.003353977110236883,0.5587363839149475,0.5680691599845886,-0.027132511138916016,0.577144980430603,0.6052154302597046,-0.04160045087337494,0.5917160511016846,0.6399316787719727,-0.04621587693691254,0.6048483848571777,0.5934675931930542,-0.006642978172749281,0.5845237970352173,0.5417556762695312,-0.03051953762769699,0.5962725281715393,0.5893339514732361,-0.03848054260015488,0.6062737107276917,0.6323720812797546,-0.03507055714726448,0.637045681476593,0.5917632579803467,-0.013519296422600746,0.6291360855102539,0.5734900832176208,-0.03631076589226723,0.6339433789253235,0.6387858986854553,-0.033593907952308655,0.6356586217880249,0.6819902062416077,-0.023096946999430656,0.6671744585037231,0.5989863872528076,-0.02180703543126583,0.6513109803199768,0.6023403406143188,-0.03250422328710556,0.6510831713676453,0.6511056423187256,-0.02556140348315239,0.6526157259941101,0.680224597454071,-0.01583797112107277
0.6632715463638306,0.7499673366546631,-3.636332905898598e-07,0.6171841025352478,0.7269112467765808,-0.012513910420238972,0.5923691987991333,0.6547415256500244,-0.020234616473317146,0.6079204082489014,0.5929701924324036,-0.028299661353230476,0.6269853115081787,0.544839084148407,-0.03378577157855034,0.5754429697990417,0.6084066033363342,-0.004965867847204208,0.5611977577209473,0.5628008246421814,-0.026211310178041458,0.5790740251541138,0.6048483848571777,-0.03918034955859184,0.5947579145431519,0.6418638229370117,-0.04386110603809357,0.6057921051979065,0.5953774452209473,-0.00904497317969799,0.5855181217193604,0.5349882245063782,-0.03183300793170929,0.5989159941673279,0.5882830619812012,-0.038714077323675156,0.612261176109314,0.6349500417709351,-0.03488227725028992,0.638071596622467,0.5928070545196533,-0.016111310571432114,0.623340904712677,0.5531530380249023,-0.036056987941265106,0.6303049325942993,0.6092255115509033,-0.032624516636133194,0.6365830898284912,0.6504369974136353,-0.023214295506477356,0.6689590811729431,0.5979259610176086,-0.024339543655514717,0.6471969485282898,0.5931189060211182,-0.03480430319905281,0.6495147347450256,0.6382438540458679,-0.02821345441043377,0.6557031869888306,0.665636420249939,-0.019412923604249954
0.6643240451812744,0.7517908215522766,-3.3730489690242393e-07,0.6208019852638245,0.7278918027877808,-0.012911597266793251,0.5958471298217773,0.6523934006690979,-0.02038322575390339,0.6090946793556213,0.5882558822631836,-0.02896793745458126,0.6278383135795593,0.5403095483779907,-0.03489025682210922,0.5782594680786133,0.6127933263778687,-0.005923291202634573,0.561379611492157,0.5665563941001892,-0.0309290811419487,0.5800902843475342,0.6069281697273254,-0.04542910307645798,0.5956506729125977,0.6448339223861694,-0.04975675418972969,0.6079859137535095,0.5981961488723755,-0.01036517322063446,0.5876922011375427,0.5332826972007751,-0.03649462014436722,0.5999583005905151,0.5828647613525391,-0.044189296662807465,0.6117081642150879,0.6278759837150574,-0.03975871205329895,0.6399372816085815,0.5964320302009583,-0.018114576116204262,0.6309061050415039,0.5663163065910339,-0.041196729987859726,0.6373445391654968,0.6286988258361816,-0.03709863871335983,0.6415587067604065,0.6705633401870728,-0.025298431515693665,0.6698750257492065,0.6023094058036804,-0.02713727578520775,0.6544989347457886,0.5903767347335815,-0.03607439622282982,0.655256450176239,0.6308051943778992,-0.027023734524846077,0.6585422158241272,0.6546413898468018,-0.016002079471945763
0.6663969159126282,0.7511582970619202,-3.229574474516994e-07,0.6230592727661133,0.7342067956924438,-0.01860854960978031,0.5972915887832642,0.6595260500907898,-0.027018368244171143,0.6122585535049438,0.5917837619781494,-0.03557877987623215,0.6283705830574036,0.540875256061554,-0.04042289778590202,0.572263777256012,0.6179140210151672,-0.004587124567478895,0.5619290471076965,0.5700302720069885,-0.03230007365345955,0.5809423923492432,0.6117272973060608,-0.04857703670859337,0.5962691903114319,0.6461024284362793,-0.05436534062027931,0.6036426424980164,0.5987440347671509,-0.007135783787816763,0.5865471363067627,0.5315039157867432,-0.03862845525145531,0.6016243100166321,0.5872231721878052,-0.048584964126348495,0.6153106689453125,0.6279047131538391,-0.044326405972242355,0.6372150182723999,0.59382164478302,-0.013902481645345688,0.6353521347045898,0.5609062910079956,-0.041875071823596954,0.6446589231491089,0.6319615840911865,-0.035652562975883484,0.6478415131568909,0.6723231077194214,-0.020861780270934105,0.6686898469924927,0.5972223877906799,-0.022664306685328484,0.6631499528884888,0.5797486901283264,-0.0342574417591095,0.6666132807731628,0.6217741966247559,-0.023886501789093018,0.6673904657363892,0.6406517624855042,-0.011066910810768604
0.6646800637245178,0.7534332871437073,-3.3171892255268176e-07,0.6223230957984924,0.7345859408378601,-0.018756326287984848,0.5957741737365723,0.6583123207092285,-0.027518171817064285,0.6104415655136108,0.5910706520080566,-0.036673739552497864,0.625739336013794,0.5401611924171448,-0.041909657418727875,0.5715371370315552,0.6169295310974121,-0.0033770615700632334,0.5620011687278748,0.5694891214370728,-0.030932307243347168,0.5790162086486816,0.6133144497871399,-0.04716917499899864,0.5951009392738342,0.6493650674819946,-0.0527922697365284,0.6027486324310303,0.5982369184494019,-0.00583075825124979,0.58678138256073,0.5313865542411804,-0.037205375730991364,0.600225567817688,0.5883609056472778,-0.04723373427987099,0.61505126953125,0.6290197968482971,-0.042958542704582214,0.6365028023719788,0.5939055681228638,-0.012633349746465683,0.6332713961601257,0.559276282787323,-0.03954225406050682,0.6420010924339294,0.6287099719047546,-0.03318081423640251,0.6473373770713806,0.66877281665802,-0.01850903406739235,0.6679359674453735,0.5975217223167419,-0.02153714746236801,0.6612467169761658,0.5756592750549316,-0.03195453807711601,0.6647448539733887,0.6152200102806091,-0.021240169182419777,0.6670585870742798,0.6335281729698181,-0.00833138357847929
0.6648827195167542,0.7545037865638733,-3.2945911243587034e-07,0.6222065687179565,0.7344756126403809,-0.01996256224811077,0.5960217714309692,0.6568855047225952,-0.028706170618534088,0.6103573441505432,0.5898292660713196,-0.03778109699487686,0.6245885491371155,0.5397031307220459,-0.04286729916930199,0.5713027715682983,0.616543173789978,-0.002716595306992531,0.5603578686714172,0.5690578818321228,-0.031124936416745186,0.578491747379303,0.6118853092193604,-0.0482918918132782,0.5944566130638123,0.6488246917724609,-0.054252661764621735,0.6030291318893433,0.5984389781951904,-0.004624745808541775,0.5873161554336548,0.5333279967308044,-0.036374855786561966,0.601163387298584,0.5893070697784424,-0.04700174927711487,0.6146831512451172,0.6300480961799622,-0.04319733753800392,0.637088418006897,0.5947222113609314,-0.011228390969336033,0.6338334679603577,0.5598955154418945,-0.03914540633559227,0.6424074769020081,0.6297067403793335,-0.033290646970272064,0.6467247605323792,0.6705575585365295,-0.018741363659501076,0.6687541007995605,0.5988573431968689,-0.020027466118335724,0.6618514060974121,0.5767858624458313,-0.03130108118057251,0.6651108860969543,0.6180330514907837,-0.020797930657863617,0.667070209980011,0.6381387710571289,-0.007825709879398346
0.6652024984359741,0.7545641660690308,-3.252189060276578e-07,0.6225754618644714,0.7354908585548401,-0.01910843700170517,0.5968000292778015,0.659183144569397,-0.027800804004073143,0.611700713634491,0.5921868681907654,-0.03693859651684761,0.6252007484436035,0.541678249835968,-0.042327918112277985,0.571711003780365,0.6175593137741089,-0.0039049251936376095,0.5599486231803894,0.5709272027015686,-0.032379865646362305,0.5779910683631897,0.6136769652366638,-0.04928839951753616,0.5943812131881714,0.650567889213562,-0.05492172762751579,0.6028801798820496,0.5993677973747253,-0.006278097629547119,0.5862216353416443,0.5343910455703735,-0.03778655827045441,0.5998461246490479,0.5882380604743958,-0.048104435205459595,0.6135706305503845,0.6284881234169006,-0.044136080890893936,0.6363134980201721,0.5947603583335876,-0.013175410218536854,0.6337093710899353,0.5623054504394531,-0.04123101010918617,0.6429471969604492,0.6332892775535583,-0.03536587581038475,0.647636890411377,0.6746817827224731,-0.02070413902401924,0.6676816344261169,0.5980995297431946,-0.02214043401181698,0.6606128811836243,0.5775423049926758,-0.03358567878603935,0.6639657616615295,0.6204266548156738,-0.022880222648382187,0.6661219596862793,0.6415873765945435,-0.009683218784630299
0.6642069816589355,0.755915105342865,-3.226485887353192e-07,0.6217559576034546,0.7351096272468567,-0.018186306580901146,0.5969518423080444,0.6594014167785645,-0.02691255323588848,0.6112495064735413,0.593408465385437,-0.03626394271850586,0.6245021224021912,0.5428729057312012,-0.041773490607738495,0.5727447271347046,0.6174319386482239,-0.0024039135314524174,0.5606700778007507,0.5713672041893005,-0.03080420382320881,0.5783254504203796,0.6142933964729309,-0.0481601357460022,0.5942391753196716,0.6509256362915039,-0.054394081234931946,0.6038423180580139,0.5988982915878296,-0.005292854271829128,0.5863238573074341,0.5342351198196411,-0.03700451925396919,0.5995110869407654,0.5889535546302795,-0.04803716391324997,0.613556981086731,0.6285296678543091,-0.04481860622763634,0.6373351216316223,0.5948539972305298,-0.012571851722896099,0.6335095167160034,0.5614944100379944,-0.039979830384254456,0.6418271064758301,0.6314122080802917,-0.03373352065682411,0.6464400291442871,0.6715747714042664,-0.01924501173198223,0.6685537695884705,0.5986554622650146,-0.021943705156445503,0.6611981987953186,0.5791107416152954,-0.03258221969008446,0.6640894412994385,0.620685338973999,-0.021652156487107277,0.6658361554145813,0.6398636102676392,-0.008630051277577877
0.6630153656005859,0.7561197876930237,-3.3400732490918017e-07,0.6211736798286438,0.7357564568519592,-0.0187835730612278,0.5955184698104858,0.6578349471092224,-0.026826264336705208,0.6102983951568604,0.5917038917541504,-0.03548109158873558,0.6253529787063599,0.5429134368896484,-0.04025745019316673,0.5722382664680481,0.6170624494552612,-0.0017927078297361732,0.5610679984092712,0.5721317529678345,-0.030289046466350555,0.5774949193000793,0.6149764657020569,-0.047378115355968475,0.5929340124130249,0.6513413190841675,-0.053320884704589844,0.6032419204711914,0.5988855361938477,-0.004344462417066097,0.5867515802383423,0.5343944430351257,-0.03669947385787964,0.5989311337471008,0.5892002582550049,-0.04730239510536194,0.6124293208122253,0.6297319531440735,-0.043305497616529465,0.6367038488388062,0.5947139859199524,-0.011571964249014854,0.6336207389831543,0.5616503357887268,-0.03990890830755234,0.6410416960716248,0.632224440574646,-0.03384561091661453,0.6448318958282471,0.6728906631469727,-0.018996484577655792,0.6679308414459229,0.5985413193702698,-0.020946403965353966,0.6608251333236694,0.5787395238876343,-0.03261278569698334,0.6637849807739258,0.6216656565666199,-0.02216605469584465,0.6660014390945435,0.642064094543457,-0.009133975021541119
0.6626442670822144,0.7556740045547485,-3.2264767924061744e-07,0.620183527469635,0.7343829870223999,-0.0173516683280468,0.5950058102607727,0.6583393812179565,-0.025211025029420853,0.610032856464386,0.5923793911933899,-0.033799320459365845,0.6258483529090881,0.5436146855354309,-0.03877142816781998,0.5718270540237427,0.6184242963790894,-0.0016125862020999193,0.5605197548866272,0.5722848773002625,-0.02921566180884838,0.5773956775665283,0.6143264174461365,-0.046038269996643066,0.5929116010665894,0.650627613067627,-0.05204847827553749,0.6030468344688416,0.600960910320282,-0.004816363099962473,0.5855304598808289,0.5344003438949585,-0.035900164395570755,0.5979712009429932,0.5876742601394653,-0.04641313478350639,0.6119080185890198,0.6286024451255798,-0.04267800971865654,0.636845052242279,0.5971869230270386,-0.01236649975180626,0.6335228681564331,0.5631061792373657,-0.039463162422180176,0.6409354209899902,0.6325525045394897,-0.033566150814294815,0.6444261074066162,0.6731818914413452,-0.019204095005989075,0.6682915687561035,0.6013665199279785,-0.0219118595123291,0.6603910326957703,0.5824591517448425,-0.032574862241744995,0.6631036996841431,0.6249235272407532,-0.021930964663624763,0.6648154854774475,0.6452199220657349,-0.009097103960812092
0.6652151346206665,0.7578096389770508,-3.362254687999666e-07,0.621238648891449,0.7386550307273865,-0.016760673373937607,0.5943127870559692,0.6603620052337646,-0.024010006338357925,0.6099085211753845,0.5942317247390747,-0.03167760744690895,0.62752366065979,0.5457528233528137,-0.036036789417266846,0.5726069211959839,0.6241559386253357,-0.004044289235025644,0.558681845664978,0.5776389241218567,-0.029385076835751534,0.5766637921333313,0.6179571151733398,-0.044362086802721024,0.5928359031677246,0.6524330377578735,-0.049668945372104645,0.6031641364097595,0.605340838432312,-0.006985558196902275,0.584793210029602,0.5399335622787476,-0.03546692803502083,0.598831295967102,0.5933608412742615,-0.04439191892743111,0.6128875017166138,0.634463369846344,-0.040161341428756714,0.636483907699585,0.6004265546798706,-0.013806108385324478,0.63133704662323,0.5694530606269836,-0.03833811730146408,0.6402209401130676,0.6376798152923584,-0.032367102801799774,0.6449159979820251,0.6776680946350098,-0.01881295070052147,0.6672779321670532,0.6041274666786194,-0.022580940276384354,0.6577982306480408,0.591469407081604,-0.032177336513996124,0.6624378561973572,0.6322923302650452,-0.022103389725089073,0.6664615273475647,0.6508299112319946,-0.01011964213103056
0.663472056388855,0.757366955280304,-3.240019168515573e-07,0.6217435598373413,0.7370026707649231,-0.015626514330506325,0.5950994491577148,0.6613271236419678,-0.023346886038780212,0.6104133129119873,0.5973249673843384,-0.03180801495909691,0.627489447593689,0.5482946634292603,-0.0372590646147728,0.5725943446159363,0.6238159537315369,-0.005234448239207268,0.5578314661979675,0.5779352784156799,-0.030718503519892693,0.5762654542922974,0.6170864701271057,-0.04593626409769058,0.5931565165519714,0.6521333456039429,-0.05123286321759224,0.602993905544281,0.6056420803070068,-0.00874137319624424,0.5847211480140686,0.5421966910362244,-0.03686150908470154,0.5986571311950684,0.5925254821777344,-0.04623236507177353,0.613050639629364,0.6335283517837524,-0.042723335325717926,0.6360307335853577,0.6005533933639526,-0.015907391905784607,0.6308528184890747,0.5721461176872253,-0.040623925626277924,0.6395910978317261,0.6405528783798218,-0.03600263595581055,0.644054651260376,0.682375431060791,-0.023506568744778633,0.6670327186584473,0.6030476093292236,-0.02474347874522209,0.6563936471939087,0.592754602432251,-0.034725088626146317,0.6603735685348511,0.6352378726005554,-0.025360923260450363,0.6640866994857788,0.6562579870223999,-0.013968655839562416
0.6627876162528992,0.7575535178184509,-3.1390348453896877e-07,0.62115478515625,0.7391490340232849,-0.017574207857251167,0.5957491993904114,0.6633456945419312,-0.025894135236740112,0.6111202836036682,0.5982457995414734,-0.034442655742168427,0.6279189586639404,0.5485897064208984,-0.03973899409174919,0.5727806091308594,0.6245980262756348,-0.005953475832939148,0.5596803426742554,0.5779504776000977,-0.031962618231773376,0.5784891247749329,0.617267906665802,-0.04753585159778595,0.5950087308883667,0.6523194909095764,-0.052952297031879425,0.6033106446266174,0.6064218282699585,-0.008446390740573406,0.5853009223937988,0.5426580309867859,-0.03665080666542053,0.5993961691856384,0.5938681364059448,-0.04606929048895836,0.6137756109237671,0.6336700916290283,-0.04252073913812637,0.6366090178489685,0.6018765568733215,-0.014777797274291515,0.6320186257362366,0.5710640549659729,-0.04017244651913643,0.6405796408653259,0.6408474445343018,-0.035116519778966904,0.6448974609375,0.6824091672897339,-0.022058667615056038,0.6677864193916321,0.6051590442657471,-0.022888731211423874,0.657709002494812,0.5924108624458313,-0.03371037542819977,0.661849856376648,0.634699285030365,-0.02407010644674301,0.6652439832687378,0.6548093557357788,-0.012154114432632923
0.6629920601844788,0.7584332823753357,-3.018870984305977e-07,0.620978593826294,0.7397508025169373,-0.017518268898129463,0.5955570936203003,0.6651065349578857,-0.026153160259127617,0.6108008027076721,0.6004434823989868,-0.03510240837931633,0.6277672052383423,0.5507258772850037,-0.04082440212368965,0.5727484822273254,0.6249990463256836,-0.005829007364809513,0.5603207945823669,0.5781144499778748,-0.03242342546582222,0.5791141986846924,0.617906391620636,-0.04846394062042236,0.5952896475791931,0.6530135273933411,-0.05408594012260437,0.6035275459289551,0.6073799133300781,-0.008495218120515347,0.5857605338096619,0.542776882648468,-0.03746068477630615,0.599686861038208,0.5938054323196411,-0.047176484018564224,0.6138686537742615,0.6340191960334778,-0.04357166588306427,0.6366896629333496,0.6032490134239197,-0.014989648945629597,0.6321693062782288,0.5711680054664612,-0.04118784889578819,0.641157865524292,0.6418593525886536,-0.035879336297512054,0.6451994180679321,0.68464595079422,-0.02228223904967308,0.6674291491508484,0.6069246530532837,-0.02324703522026539,0.6579363942146301,0.5935075879096985,-0.03461843356490135,0.662183403968811,0.6360971331596375,-0.024715641513466835,0.6650601029396057,0.6570069193840027,-0.012304184027016163
0.6638265252113342,0.7584555149078369,-3.0311903742585855e-07,0.6212170124053955,0.7404630184173584,-0.017964405938982964,0.5956514477729797,0.6655797362327576,-0.026812298223376274,0.6106945872306824,0.6002463698387146,-0.035781245678663254,0.6277429461479187,0.5491355657577515,-0.04156586527824402,0.5725988745689392,0.6238657236099243,-0.00627640588209033,0.5601385235786438,0.5783531069755554,-0.03300422057509422,0.5786244869232178,0.6183083653450012,-0.049237627536058426,0.5957606434822083,0.6539479494094849,-0.054912444204092026,0.6037623286247253,0.6060095429420471,-0.008546981029212475,0.5860447883605957,0.5425935387611389,-0.03776826336979866,0.5995378494262695,0.5946584343910217,-0.04764748364686966,0.6145268678665161,0.6357617974281311,-0.04393409192562103,0.6369650959968567,0.6017152667045593,-0.014645648188889027,0.6320838928222656,0.5717703104019165,-0.040695689618587494,0.6404095888137817,0.6415318250656128,-0.03589808568358421,0.6450707912445068,0.6835118532180786,-0.02262396551668644,0.6675606369972229,0.605236291885376,-0.02251471020281315,0.6575407385826111,0.5943814516067505,-0.033884450793266296,0.6616752743721008,0.6368775963783264,-0.024467729032039642,0.6653676629066467,0.6571235656738281,-0.012312255799770355
0.6631017327308655,0.7592748999595642,-3.092017379913159e-07,0.6220495104789734,0.7403778433799744,-0.01746991090476513,0.5959390997886658,0.6631552577018738,-0.025623926892876625,0.6107150316238403,0.5987796187400818,-0.03389888256788254,0.6284225583076477,0.549506425857544,-0.038809794932603836,0.5727685689926147,0.6221757531166077,-0.005325632635504007,0.5616324543952942,0.5775029063224792,-0.03125524893403053,0.5794419646263123,0.6192926168441772,-0.04691129922866821,0.5957975387573242,0.6544609069824219,-0.05264540761709213,0.6039484143257141,0.6041805148124695,-0.007690825033932924,0.586987316608429,0.541535496711731,-0.03717626631259918,0.5997560024261475,0.5946637988090515,-0.04710568115115166,0.614654004573822,0.6349025964736938,-0.04341406375169754,0.6372867822647095,0.6002941727638245,-0.013798451982438564,0.6329289078712463,0.5708256959915161,-0.03916759788990021,0.6410178542137146,0.6414417624473572,-0.0334988571703434,0.6450188159942627,0.6831393241882324,-0.019911285489797592,0.6676265597343445,0.6036484837532043,-0.021781031042337418,0.6583939790725708,0.5953301191329956,-0.03246983140707016,0.6623311042785645,0.6378858685493469,-0.02294134721159935,0.6650746464729309,0.6564854979515076,-0.010931232012808323
0.663921594619751,0.7602627873420715,-3.1361301466859004e-07,0.6216283440589905,0.7404358386993408,-0.01763542741537094,0.5959451198577881,0.6629492044448853,-0.0257235299795866,0.6098577976226807,0.5980924963951111,-0.03417721018195152,0.6273425817489624,0.5485552549362183,-0.039232686161994934,0.5733901858329773,0.6217406988143921,-0.0033372128382325172,0.5617220997810364,0.5769962668418884,-0.02988097257912159,0.579797089099884,0.6182048320770264,-0.04619650915265083,0.595755398273468,0.6544635891914368,-0.05198481306433678,0.6044967174530029,0.6046337485313416,-0.005739498883485794,0.5882818698883057,0.5416266322135925,-0.03556933254003525,0.6014156341552734,0.594212532043457,-0.04595230892300606,0.6155077219009399,0.6354216933250427,-0.042323898524045944,0.6378505229949951,0.6013708114624023,-0.012161974795162678,0.6339079141616821,0.5712921619415283,-0.03833102807402611,0.641965925693512,0.6410162448883057,-0.033343683928251266,0.6456179618835449,0.6830868124961853,-0.019788376986980438,0.6684643626213074,0.605379581451416,-0.02043161727488041,0.6592365503311157,0.5943121314048767,-0.03128908947110176,0.6630746126174927,0.6364957690238953,-0.021667782217264175,0.6657111048698425,0.6560507416725159,-0.009393656626343727
0.6641042232513428,0.7588769793510437,-3.0586576826863165e-07,0.6220382452011108,0.7389103770256042,-0.01697959378361702,0.5965092778205872,0.6624857187271118,-0.02501530759036541,0.6115933060646057,0.5979197025299072,-0.03331295773386955,0.6291815042495728,0.5494773983955383,-0.03817159682512283,0.5733715295791626,0.6233906149864197,-0.005796351935714483,0.5615025758743286,0.5776961445808411,-0.03148491680622101,0.5801231265068054,0.6194176077842712,-0.04673554375767708,0.5961699485778809,0.6538773775100708,-0.052342504262924194,0.6048845052719116,0.6055526733398438,-0.008587906137108803,0.5870316624641418,0.5408978462219238,-0.037909604609012604,0.6004930138587952,0.5932921767234802,-0.04760020226240158,0.6148650646209717,0.6333915591239929,-0.04399792104959488,0.6383001804351807,0.6018440127372742,-0.015007022768259048,0.6340194940567017,0.5720999836921692,-0.04026075825095177,0.6419609785079956,0.6429411768913269,-0.03427039831876755,0.6451472640037537,0.684623658657074,-0.02059800922870636,0.6687350273132324,0.6057056784629822,-0.023278940469026566,0.6596492528915405,0.5943984985351562,-0.03310520201921463,0.6629137992858887,0.6362771391868591,-0.022855913266539574,0.6647560596466064,0.6553155183792114,-0.010711131617426872
0.6638997793197632,0.7580095529556274,-3.14633581410817e-07,0.6210574507713318,0.7378413081169128,-0.015547866001725197,0.594838559627533,0.6639103293418884,-0.023661430925130844,0.6079405546188354,0.5983878374099731,-0.032672494649887085,0.6245421171188354,0.5487257242202759,-0.03843008726835251,0.5738018155097961,0.6225229501724243,-0.0032509909942746162,0.5598927736282349,0.5770294666290283,-0.030057555064558983,0.5793365836143494,0.6163660883903503,-0.046356767416000366,0.5961541533470154,0.6514750719070435,-0.05194374918937683,0.6036027669906616,0.6054686903953552,-0.006957843899726868,0.5851525068283081,0.5410425066947937,-0.03561880439519882,0.5994733572006226,0.5905758142471313,-0.04492322355508804,0.6139401197433472,0.6306484341621399,-0.04106922447681427,0.6363095641136169,0.6014982461929321,-0.01457461342215538,0.6319778561592102,0.5706635117530823,-0.04017394408583641,0.640681803226471,0.6398115754127502,-0.03447849303483963,0.6444953083992004,0.6822305917739868,-0.020771006122231483,0.6674380898475647,0.6051911115646362,-0.02391541376709938,0.6583845615386963,0.5916872620582581,-0.034167420119047165,0.6615023016929626,0.6347638964653015,-0.023747874423861504,0.6634920835494995,0.6570678949356079,-0.011215616017580032
0.6637253165245056,0.7576119303703308,-3.1702214187134814e-07,0.6210828423500061,0.737347424030304,-0.015607665292918682,0.5945509672164917,0.6626319289207458,-0.023631533607840538,0.6082624793052673,0.5976947546005249,-0.03255981579422951,0.6256614327430725,0.5484496355056763,-0.038266658782958984,0.5738368034362793,0.62111896276474,-0.002829805249348283,0.5597987771034241,0.5763383507728577,-0.029837630689144135,0.5784878730773926,0.6164195537567139,-0.04633336514234543,0.5954617261886597,0.6513925790786743,-0.05219491943717003,0.6039016246795654,0.6036456227302551,-0.006566063966602087,0.5848601460456848,0.5402599573135376,-0.03596411645412445,0.5983369946479797,0.5910106897354126,-0.04577982425689697,0.6130208969116211,0.6310375332832336,-0.042131684720516205,0.6368769407272339,0.5995849370956421,-0.01426360011100769,0.6307970285415649,0.5705372095108032,-0.04023655131459236,0.639289140701294,0.6408821940422058,-0.034653883427381516,0.6436911821365356,0.6828479766845703,-0.020937856286764145,0.6678759455680847,0.6030561923980713,-0.023710550740361214,0.6568253040313721,0.5927672982215881,-0.03417349234223366,0.6599891781806946,0.6360517740249634,-0.024044662714004517,0.6626014113426208,0.6564406156539917,-0.011698479764163494
0.6632971167564392,0.7565812468528748,-3.223232454274694e-07,0.6208534240722656,0.7358460426330566,-0.014451399445533752,0.593982458114624,0.6605228781700134,-0.021776309236884117,0.6080933213233948,0.595943033695221,-0.03008980117738247,0.6264141798019409,0.5475385785102844,-0.0353349894285202,0.5738067626953125,0.6197298169136047,-0.0031707300804555416,0.5595051050186157,0.5759920477867126,-0.028782129287719727,0.5781928896903992,0.615766704082489,-0.0443689189851284,0.5950300693511963,0.6505202054977417,-0.04996340721845627,0.6036518812179565,0.6024699211120605,-0.0072899628430604935,0.583977222442627,0.5392863750457764,-0.035539861768484116,0.5973877906799316,0.5885828733444214,-0.04491085559129715,0.6121445298194885,0.6295132637023926,-0.04127335548400879,0.6365091800689697,0.5980131030082703,-0.015082729049026966,0.6307395100593567,0.5702959299087524,-0.03973446786403656,0.6389904022216797,0.6394867897033691,-0.034387439489364624,0.6430584192276001,0.6818915605545044,-0.021268906071782112,0.6675792336463928,0.6011334657669067,-0.024548223242163658,0.6565876007080078,0.5919493436813354,-0.034208670258522034,0.6597353219985962,0.6351725459098816,-0.024298781529068947,0.6627269387245178,0.6564381122589111,-0.012457601726055145
0.6635659337043762,0.757255494594574,-3.218604547328141e-07,0.6205321550369263,0.735628604888916,-0.014440976083278656,0.5936738848686218,0.6599957346916199,-0.021801533177495003,0.6074018478393555,0.5958735346794128,-0.030342066660523415,0.6263844966888428,0.5464566946029663,-0.035916127264499664,0.5743808746337891,0.6175954937934875,-0.0008542228024452925,0.560662567615509,0.5756036639213562,-0.026783134788274765,0.5787878632545471,0.6145460605621338,-0.0430879183113575,0.5954110026359558,0.6495595574378967,-0.04898788407444954,0.6039047241210938,0.6011734008789062,-0.0048559424467384815,0.5852515697479248,0.5396723747253418,-0.033096395432949066,0.5980998277664185,0.588441014289856,-0.04286022484302521,0.612635612487793,0.629712700843811,-0.03943309932947159,0.6367135643959045,0.597258985042572,-0.012743680737912655,0.6308306455612183,0.5690599083900452,-0.037812210619449615,0.6384218335151672,0.6385600566864014,-0.032729458063840866,0.6423222422599792,0.6822699904441833,-0.019592924043536186,0.6676146984100342,0.600950300693512,-0.02230563387274742,0.6561964154243469,0.5913257598876953,-0.0325283519923687,0.6589637398719788,0.6354407668113708,-0.022765232250094414,0.6617459058761597,0.6581287384033203,-0.010777099058032036
0.6645115613937378,0.7540626525878906,-3.1549777190775785e-07,0.6209613084793091,0.7330182194709778,-0.014218027703464031,0.5940820574760437,0.6600919961929321,-0.022031409665942192,0.6075918078422546,0.5962005257606506,-0.03109569288790226,0.62698894739151,0.5471820831298828,-0.03728095814585686,0.5746463537216187,0.6190550327301025,-0.002640285063534975,0.5605038404464722,0.5750765800476074,-0.029438704252243042,0.5781539082527161,0.6139483451843262,-0.04593775048851967,0.5948467254638672,0.6507160663604736,-0.05154449865221977,0.6040862798690796,0.6027236580848694,-0.006863839458674192,0.5853849053382874,0.5382055044174194,-0.03538517653942108,0.5974535346031189,0.5865364074707031,-0.04489181935787201,0.6113108992576599,0.6294228434562683,-0.041084591299295425,0.6365111470222473,0.5986402034759521,-0.014857366681098938,0.6321201324462891,0.570650577545166,-0.04027482494711876,0.6391997933387756,0.6384418606758118,-0.035568881779909134,0.6426736116409302,0.6817217469215393,-0.022421693429350853,0.6671967506408691,0.6024702787399292,-0.02441805601119995,0.6569185256958008,0.5901290774345398,-0.03444075584411621,0.6599936485290527,0.633176863193512,-0.024387270212173462,0.6630110144615173,0.6568237543106079,-0.012126339599490166
0.6625356078147888,0.7555411458015442,-3.289955827767699e-07,0.6203533411026001,0.7319067716598511,-0.013691280037164688,0.5949677228927612,0.6567002534866333,-0.02126854658126831,0.6087043881416321,0.5934485793113708,-0.030174797400832176,0.6266797184944153,0.5444344282150269,-0.036300964653491974,0.576140820980072,0.6144447326660156,-0.0017135732341557741,0.5618930459022522,0.5713315606117249,-0.02775241620838642,0.5787878632545471,0.6112756729125977,-0.04407072812318802,0.5952832698822021,0.6492835879325867,-0.04953908920288086,0.6054892539978027,0.5991836190223694,-0.005710324738174677,0.5863879919052124,0.537973940372467,-0.03375920280814171,0.5978228449821472,0.5852041244506836,-0.04384668543934822,0.6119449138641357,0.6282052993774414,-0.040600236505270004,0.6376086473464966,0.5952590107917786,-0.01339756604284048,0.6304246783256531,0.5687485933303833,-0.038295842707157135,0.6380255222320557,0.6367428302764893,-0.034497085958719254,0.6426597833633423,0.6815052032470703,-0.0220950897783041,0.6680827140808105,0.598212718963623,-0.022528521716594696,0.6546489596366882,0.5897573828697205,-0.03250037133693695,0.6575247645378113,0.6337300539016724,-0.023280613124370575,0.6613441705703735,0.6577882766723633,-0.011600906029343605
0.6642341613769531,0.7538719177246094,-3.264113672685198e-07,0.6205636262893677,0.7283689379692078,-0.012784468941390514,0.5957769751548767,0.6567497849464417,-0.020244264975190163,0.6069284081459045,0.5938685536384583,-0.02940128743648529,0.6255614757537842,0.5448451042175293,-0.03561798855662346,0.5768454670906067,0.6141713857650757,0.00035620719427242875,0.563256025314331,0.5701832175254822,-0.02635623887181282,0.5827189087867737,0.6087161898612976,-0.04293496534228325,0.5982027053833008,0.6450132131576538,-0.04846814274787903,0.6060657501220703,0.6000438928604126,-0.004454327747225761,0.5886402726173401,0.5378628373146057,-0.03234485536813736,0.6028109788894653,0.5868066549301147,-0.041576117277145386,0.6152694225311279,0.6285722255706787,-0.03777334839105606,0.6384679079055786,0.5972769260406494,-0.013150465674698353,0.6325616240501404,0.5686177611351013,-0.03854180872440338,0.6404371857643127,0.633994460105896,-0.03407222032546997,0.6436396241188049,0.6757977604866028,-0.02110794559121132,0.6691589951515198,0.6026895046234131,-0.023224126547574997,0.6580656170845032,0.5897290706634521,-0.03291306644678116,0.6605668067932129,0.6316026449203491,-0.0228541512042284,0.6628583073616028,0.6549375057220459,-0.010608254000544548
0.666021466255188,0.7546776533126831,-3.259902996433084e-07,0.6222882270812988,0.7324659824371338,-0.013590272516012192,0.5965076088905334,0.6581501960754395,-0.020819680765271187,0.6093894839286804,0.5931220054626465,-0.029382359236478806,0.6276638507843018,0.5441786646842957,-0.035041242837905884,0.5771310925483704,0.6173728108406067,-0.0016347664641216397,0.5620782375335693,0.5725826025009155,-0.02760814130306244,0.580948531627655,0.6103854775428772,-0.04317280650138855,0.5967831611633301,0.6462064981460571,-0.048081688582897186,0.6066787838935852,0.6012883186340332,-0.005791891366243362,0.5878636837005615,0.5394004583358765,-0.03332558274269104,0.6018288135528564,0.5877844095230103,-0.04197880998253822,0.6149004101753235,0.6299259066581726,-0.03772106021642685,0.6392395496368408,0.5974627733230591,-0.01375639345496893,0.6319334506988525,0.5691414475440979,-0.038483984768390656,0.6403230428695679,0.6356996297836304,-0.0336366668343544,0.6441534161567688,0.6784164905548096,-0.020522959530353546,0.6701595783233643,0.6013555526733398,-0.023180359974503517,0.6571786999702454,0.5903407335281372,-0.032812751829624176,0.6600613594055176,0.6317759156227112,-0.023003829643130302,0.6630772352218628,0.6542759537696838,-0.01092082355171442
0.6674349904060364,0.756192147731781,-3.28742345345745e-07,0.6227356195449829,0.7343759536743164,-0.01334473304450512,0.5957592129707336,0.6592869758605957,-0.02023802325129509,0.6088424324989319,0.5940608382225037,-0.028679195791482925,0.6277449131011963,0.5444040298461914,-0.03418973833322525,0.5781161189079285,0.6182857751846313,-0.0003594947629608214,0.5627865791320801,0.5732502937316895,-0.02604314126074314,0.581596314907074,0.6112667322158813,-0.04135322943329811,0.5977585315704346,0.6468222141265869,-0.0460333451628685,0.607376217842102,0.6021950244903564,-0.004694501403719187,0.5882551670074463,0.539679229259491,-0.03203732520341873,0.6018975973129272,0.5880603790283203,-0.04079717770218849,0.6152276396751404,0.6300835609436035,-0.03651849552989006,0.6393046975135803,0.5981944799423218,-0.012944352813065052,0.6313598155975342,0.5700284838676453,-0.03774520009756088,0.6402792930603027,0.6367228031158447,-0.033362217247486115,0.6452704071998596,0.67940354347229,-0.020438257604837418,0.6697587370872498,0.6015905737876892,-0.022630387917160988,0.6559476852416992,0.5893897414207458,-0.032132357358932495,0.6589204668998718,0.6309986710548401,-0.022429630160331726,0.6624761819839478,0.6538817882537842,-0.010441388934850693
0.6663742661476135,0.7555259466171265,-3.2686381246094243e-07,0.6227326393127441,0.7320236563682556,-0.013255725614726543,0.5961845517158508,0.657035768032074,-0.020409535616636276,0.6090894341468811,0.5932050347328186,-0.029128171503543854,0.6292519569396973,0.5449879169464111,-0.03493257984519005,0.578802227973938,0.6164511442184448,-0.0013259847182780504,0.5636969208717346,0.5728206634521484,-0.02757343091070652,0.5830051898956299,0.6122174263000488,-0.0434359647333622,0.5996230840682983,0.6487768292427063,-0.04847163334488869,0.6079297661781311,0.6008248925209045,-0.005834328010678291,0.588610827922821,0.5386520624160767,-0.03377840295433998,0.6019353866577148,0.5864424705505371,-0.04311260208487511,0.6155940890312195,0.628484308719635,-0.03922676667571068,0.6394951343536377,0.5973495244979858,-0.014141326770186424,0.631960391998291,0.57099449634552,-0.03908196836709976,0.6404500603675842,0.6369396448135376,-0.035217829048633575,0.6451811194419861,0.6792004108428955,-0.022721024230122566,0.6696114540100098,0.6011551022529602,-0.02387792244553566,0.6563138961791992,0.5917962789535522,-0.03331010788679123,0.658840000629425,0.6335259675979614,-0.02397272363305092,0.6619816422462463,0.6562722325325012,-0.01236746646463871
0.6669790744781494,0.7536168694496155,-3.4414188121445477e-07,0.6225913166999817,0.7326759099960327,-0.012822771444916725,0.5960812568664551,0.6569827198982239,-0.019310178235173225,0.6111931800842285,0.5932690501213074,-0.026963934302330017,0.6308112740516663,0.5457854866981506,-0.03201327472925186,0.5782581567764282,0.6174702644348145,-0.002725758822634816,0.562957763671875,0.5740934014320374,-0.027350476011633873,0.5813848376274109,0.6139057874679565,-0.04166824743151665,0.5979793667793274,0.6487659811973572,-0.04622466117143631,0.6077859997749329,0.6012294888496399,-0.007038353942334652,0.5873628854751587,0.5389044880867004,-0.034161292016506195,0.6010681986808777,0.5897104144096375,-0.04238838329911232,0.6154223680496216,0.6319281458854675,-0.037827227264642715,0.6399921178817749,0.5970872640609741,-0.014825141988694668,0.631130039691925,0.5691346526145935,-0.03899763897061348,0.6398462653160095,0.6357925534248352,-0.03473077714443207,0.6449007987976074,0.6771507859230042,-0.022313252091407776,0.6700958609580994,0.6000383496284485,-0.023953480646014214,0.6550607085227966,0.594460666179657,-0.03357420489192009,0.6575443744659424,0.6369796395301819,-0.024899419397115707,0.660937488079071,0.6581331491470337,-0.013920418918132782
0.6676110625267029,0.7546478509902954,-3.414028526549373e-07,0.6233533024787903,0.734361469745636,-0.014189512468874454,0.5967707633972168,0.6575034260749817,-0.021128660067915916,0.6107949614524841,0.5918281674385071,-0.029113421216607094,0.6287168264389038,0.5425372123718262,-0.034465111792087555,0.5790300369262695,0.6165394186973572,-0.0024995168205350637,0.5627234578132629,0.5758751630783081,-0.028124326840043068,0.5810889005661011,0.6141706109046936,-0.0436827652156353,0.5978678464889526,0.6500904560089111,-0.04866322875022888,0.6080436110496521,0.6003735065460205,-0.006058568600565195,0.5874831676483154,0.5415012836456299,-0.034048810601234436,0.6009709239006042,0.5903083682060242,-0.0433032363653183,0.6154967546463013,0.6341848969459534,-0.039311375468969345,0.6398329734802246,0.5960678458213806,-0.013375012204051018,0.63018798828125,0.5705935955047607,-0.038469698280096054,0.6392002105712891,0.63722163438797,-0.03495710715651512,0.645072877407074,0.6808486580848694,-0.022779269143939018,0.6695929169654846,0.5988557934761047,-0.02215919829905033,0.6543290615081787,0.5937817096710205,-0.03269070014357567,0.6570568084716797,0.6364768147468567,-0.02451646514236927,0.6611519455909729,0.6588555574417114,-0.013608738780021667
0.6670598387718201,0.7544910311698914,-3.358513254170248e-07,0.6233821511268616,0.7335078716278076,-0.01377530675381422,0.5974376201629639,0.6590042114257812,-0.020848337560892105,0.6105996370315552,0.5943930745124817,-0.02918240800499916,0.6285485625267029,0.5450455546379089,-0.03480168431997299,0.5795271396636963,0.6169975399971008,-0.0013909186236560345,0.5639394521713257,0.5756521821022034,-0.027294399216771126,0.5826610922813416,0.6137504577636719,-0.04299147427082062,0.5993218421936035,0.6491329073905945,-0.04803678020834923,0.608158528804779,0.6010820269584656,-0.005351362284272909,0.5876876711845398,0.541743278503418,-0.03311485797166824,0.6017443537712097,0.5908094048500061,-0.04207265377044678,0.6164674162864685,0.633247435092926,-0.03790278732776642,0.6398730874061584,0.5968939661979675,-0.013174217194318771,0.6314563751220703,0.5705617070198059,-0.03806944936513901,0.6406342387199402,0.6368992924690247,-0.03404974564909935,0.6462101340293884,0.679416835308075,-0.021510818973183632,0.6699376702308655,0.600018322467804,-0.022491440176963806,0.6558331847190857,0.5941006541252136,-0.032551754266023636,0.6586456298828125,0.6365519165992737,-0.023887358605861664,0.6623321771621704,0.6586155295372009,-0.012670719996094704
0.6675378680229187,0.7555640935897827,-3.3186864811796113e-07,0.6236042380332947,0.7341780662536621,-0.013395742513239384,0.5979060530662537,0.6597829461097717,-0.020529581233859062,0.6109995245933533,0.5961408615112305,-0.029011916369199753,0.6288309693336487,0.5467582941055298,-0.034845393151044846,0.5796334147453308,0.6180145144462585,-0.0009732030448503792,0.5642800331115723,0.577233612537384,-0.02697332762181759,0.5826824307441711,0.6151077747344971,-0.042747050523757935,0.5987767577171326,0.6500409245491028,-0.047821249812841415,0.6085032224655151,0.6013069152832031,-0.005227418150752783,0.5876870155334473,0.5414041876792908,-0.03314230218529701,0.6011316776275635,0.590211808681488,-0.042344965040683746,0.6151654124259949,0.6331002712249756,-0.03819052502512932,0.6404113173484802,0.5970048904418945,-0.013278231956064701,0.6312810182571411,0.5715793371200562,-0.03840025141835213,0.6403803825378418,0.6378827095031738,-0.03456340357661247,0.6455274820327759,0.6806070804595947,-0.021979525685310364,0.6703118681907654,0.6003251671791077,-0.02275709994137287,0.6554702520370483,0.5952637195587158,-0.032817233353853226,0.6579722166061401,0.6376672387123108,-0.02401377633213997,0.6609451770782471,0.6600213646888733,-0.012589084915816784
0.6676961183547974,0.7553513646125793,-3.35553721697579e-07,0.6238967180252075,0.734764575958252,-0.013610530644655228,0.5978820323944092,0.660429835319519,-0.02081266976892948,0.6110312938690186,0.5958821773529053,-0.02916586585342884,0.6290921568870544,0.546928882598877,-0.034905433654785156,0.578906238079071,0.6197954416275024,-0.0032089638989418745,0.5639481544494629,0.5773288607597351,-0.028818976134061813,0.5819594264030457,0.6162227988243103,-0.04389866814017296,0.59810870885849,0.6508890986442566,-0.04876093566417694,0.6084553003311157,0.6028091907501221,-0.007317372132092714,0.5872405171394348,0.5402531027793884,-0.03541945666074753,0.6002538800239563,0.590320885181427,-0.04417790472507477,0.6143404245376587,0.6339280009269714,-0.03972402587532997,0.6408742070198059,0.598296582698822,-0.015009703114628792,0.6312230825424194,0.5704852342605591,-0.03988238051533699,0.6404517292976379,0.6369574069976807,-0.035650912672281265,0.646018385887146,0.6795807480812073,-0.022896552458405495,0.6710484027862549,0.601371169090271,-0.02413725107908249,0.6555660367012024,0.595495879650116,-0.03388137370347977,0.657840371131897,0.636718213558197,-0.025183437392115593,0.661074161529541,0.6581903100013733,-0.014010598883032799
0.6678906679153442,0.7551184892654419,-3.6150018445368914e-07,0.6235313415527344,0.7349385023117065,-0.01230924017727375,0.597133219242096,0.6581066250801086,-0.01867513544857502,0.611762285232544,0.5938467383384705,-0.026267632842063904,0.6304509043693542,0.5462137460708618,-0.031491316854953766,0.5802987217903137,0.61794513463974,-0.003367340425029397,0.5642949342727661,0.5772270560264587,-0.027759749442338943,0.5812615156173706,0.617362916469574,-0.04183078557252884,0.5976616740226746,0.6520434617996216,-0.046350959688425064,0.609449565410614,0.6012556552886963,-0.007907835766673088,0.5870226621627808,0.5406837463378906,-0.035312727093696594,0.5997020602226257,0.5914063453674316,-0.043633587658405304,0.6146202087402344,0.6348591446876526,-0.03917114809155464,0.6415314674377441,0.5967531204223633,-0.015789462253451347,0.6297498345375061,0.5703004598617554,-0.039727672934532166,0.6393896341323853,0.6367376446723938,-0.035509441047906876,0.6463005542755127,0.6786922812461853,-0.023329997435212135,0.6714537143707275,0.5990387797355652,-0.025005143135786057,0.6537471413612366,0.596684455871582,-0.03435077518224716,0.6558195352554321,0.6394693851470947,-0.02617631107568741,0.6598786115646362,0.6601960062980652,-0.01581166684627533
0.6675631403923035,0.7557881474494934,-3.5063800396528677e-07,0.6233332753181458,0.7353580594062805,-0.01334836333990097,0.5971216559410095,0.658198893070221,-0.020326336845755577,0.6134971976280212,0.5940871238708496,-0.028210081160068512,0.6321672201156616,0.5463356971740723,-0.033670198172330856,0.5789071321487427,0.6181610822677612,-0.005053963512182236,0.563790500164032,0.5782653093338013,-0.02993902377784252,0.5812417268753052,0.6193483471870422,-0.04435569420456886,0.5978118777275085,0.6526205539703369,-0.04925454407930374,0.6090853214263916,0.6018012762069702,-0.009357178583741188,0.5870773196220398,0.5406442284584045,-0.03765442222356796,0.599901020526886,0.5935887694358826,-0.04602600634098053,0.6151171326637268,0.6369218826293945,-0.04140203073620796,0.6420626640319824,0.5981853008270264,-0.016980448737740517,0.6308921575546265,0.5700593590736389,-0.04177993908524513,0.6396450996398926,0.6393000483512878,-0.0370054692029953,0.6458892822265625,0.6818925142288208,-0.02421625144779682,0.6720964908599854,0.601706326007843,-0.02600659616291523,0.6551557183265686,0.5981042981147766,-0.03614475578069687,0.6566749215126038,0.6414675116539001,-0.02769303321838379,0.6603010892868042,0.6614916920661926,-0.016900399699807167
0.6674646139144897,0.7559573650360107,-3.4715941410468076e-07,0.6229968070983887,0.7344061732292175,-0.012705592438578606,0.5975247621536255,0.6567261815071106,-0.019165679812431335,0.61476731300354,0.5931883454322815,-0.026601267978549004,0.6330403685569763,0.5462007522583008,-0.03165248781442642,0.5792058706283569,0.6193103194236755,-0.004706343170255423,0.5636113882064819,0.576746940612793,-0.02843647263944149,0.580925464630127,0.6175292134284973,-0.04199283570051193,0.5975088477134705,0.6509170532226562,-0.046532172709703445,0.6092869639396667,0.6033564209938049,-0.009271204471588135,0.587192177772522,0.5408756136894226,-0.0361340157687664,0.5998802781105042,0.5916700959205627,-0.04414069652557373,0.6149430274963379,0.6337482929229736,-0.039871297776699066,0.6421765089035034,0.5997353196144104,-0.017097316682338715,0.6312560439109802,0.5701627731323242,-0.0408816859126091,0.6394259929656982,0.6381942629814148,-0.036342501640319824,0.6453641057014465,0.6802589297294617,-0.02427813597023487,0.6722802519798279,0.6027933955192566,-0.02628229185938835,0.6544581651687622,0.5982557535171509,-0.03595195710659027,0.6556550860404968,0.6425995826721191,-0.027615299448370934,0.659390389919281,0.6640247106552124,-0.017315922304987907
0.6666371822357178,0.756077229976654,-3.470710225883522e-07,0.6228179931640625,0.7345653176307678,-0.013244455680251122,0.5974993109703064,0.657929539680481,-0.020191693678498268,0.6131574511528015,0.5943202972412109,-0.028162803500890732,0.6309396028518677,0.546664297580719,-0.03368305414915085,0.5788798928260803,0.6182826161384583,-0.0036640383768826723,0.5634321570396423,0.5779944658279419,-0.02857581339776516,0.5805862545967102,0.6178736090660095,-0.043273355811834335,0.5970956087112427,0.6515225768089294,-0.04822346195578575,0.6087650060653687,0.6023650169372559,-0.007873134687542915,0.5881747603416443,0.542448878288269,-0.035840097814798355,0.6007883548736572,0.5931020975112915,-0.04454934597015381,0.6154242157936096,0.6355724334716797,-0.04038332775235176,0.6414666771888733,0.5986772179603577,-0.015553235076367855,0.6311834454536438,0.5718027353286743,-0.040293507277965546,0.6393300294876099,0.6393834352493286,-0.03610559180378914,0.6450077295303345,0.6814985275268555,-0.023844927549362183,0.6714843511581421,0.6017979979515076,-0.02462841384112835,0.6545579433441162,0.5996434688568115,-0.034818246960639954,0.6557219624519348,0.6441198587417603,-0.026647908613085747,0.6591063141822815,0.6658082604408264,-0.016087232157588005
0.6679129600524902,0.7563232183456421,-3.4886346611529007e-07,0.6246134042739868,0.7365132570266724,-0.013152645900845528,0.5990602374076843,0.6605744361877441,-0.019648756831884384,0.6135785579681396,0.5963489413261414,-0.027076683938503265,0.6310417652130127,0.5482122898101807,-0.032154906541109085,0.580406904220581,0.6203860640525818,-0.003308378392830491,0.5658559799194336,0.579642117023468,-0.027797656133770943,0.582123339176178,0.6197702288627625,-0.04207310453057289,0.598138689994812,0.6538925170898438,-0.0466875396668911,0.6095489859580994,0.6045981049537659,-0.007247891277074814,0.5877260565757751,0.5429013967514038,-0.03459683805704117,0.5998045802116394,0.5933769941329956,-0.04282206669449806,0.6147381663322449,0.6364280581474304,-0.03824440762400627,0.6417648792266846,0.600787878036499,-0.014609690755605698,0.6305820345878601,0.5727502703666687,-0.038826774805784225,0.6395189166069031,0.6392533779144287,-0.0344575010240078,0.6462142467498779,0.6808362007141113,-0.022082580253481865,0.6712771058082581,0.603878915309906,-0.023363022133708,0.6542938351631165,0.6004287600517273,-0.033324625343084335,0.6566275954246521,0.6438847780227661,-0.025174133479595184,0.6610307097434998,0.6649190187454224,-0.014652069658041
0.6671193242073059,0.7559927105903625,-3.496250826628966e-07,0.6253824830055237,0.7367634773254395,-0.013783561997115612,0.5994691252708435,0.6604920625686646,-0.020728759467601776,0.613283097743988,0.5961699485778809,-0.02860855869948864,0.6314184069633484,0.5493375658988953,-0.03403934836387634,0.580847442150116,0.6193508505821228,-0.004894566722214222,0.5651103258132935,0.5795632600784302,-0.030595919117331505,0.5817366242408752,0.6204030513763428,-0.04536731168627739,0.5980623960494995,0.6550499200820923,-0.05008244886994362,0.6098887920379639,0.6033035516738892,-0.008968494832515717,0.5881275534629822,0.5416815876960754,-0.03794935345649719,0.6000685095787048,0.5931908488273621,-0.04634987562894821,0.6146226525306702,0.6368715763092041,-0.04141240939497948,0.6421446204185486,0.6000968217849731,-0.016529405489563942,0.6317167282104492,0.5741757154464722,-0.042076677083969116,0.6405884623527527,0.6422282457351685,-0.037456680089235306,0.6466662287712097,0.6839325428009033,-0.024374231696128845,0.6719924211502075,0.6039217114448547,-0.025492116808891296,0.6561208963394165,0.6004357933998108,-0.03594543784856796,0.6583741903305054,0.6439868807792664,-0.02739497646689415,0.662382185459137,0.6644041538238525,-0.016293389722704887
0.667702853679657,0.7555724382400513,-3.5042464219259273e-07,0.6239771246910095,0.7356868982315063,-0.01372569426894188,0.5984386801719666,0.6587357521057129,-0.020642559975385666,0.6146909594535828,0.5946409702301025,-0.02836574986577034,0.6330432891845703,0.5469239950180054,-0.0338408462703228,0.579927921295166,0.620364785194397,-0.005346162244677544,0.5636698007583618,0.5796195268630981,-0.030545590445399284,0.5793519616127014,0.6187216639518738,-0.04510905221104622,0.595453679561615,0.6535102725028992,-0.04970254749059677,0.6095028519630432,0.604128897190094,-0.009335637092590332,0.5876436233520508,0.5428739190101624,-0.03743936866521835,0.5988579392433167,0.5933766961097717,-0.04597676545381546,0.6132164001464844,0.6380430459976196,-0.04141119122505188,0.6420202851295471,0.6000161170959473,-0.01674984022974968,0.6322091817855835,0.5742139220237732,-0.04222191497683525,0.6401584148406982,0.6422851085662842,-0.038746871054172516,0.6460398435592651,0.6850013136863708,-0.02654440887272358,0.6721687316894531,0.603111743927002,-0.02546161785721779,0.6553547978401184,0.6013500094413757,-0.036456067115068436,0.6576992273330688,0.6464503407478333,-0.028678523376584053,0.6624613404273987,0.6688144207000732,-0.01812737062573433
0.6698364615440369,0.7585909366607666,-3.4708628504631633e-07,0.6263331174850464,0.7404583692550659,-0.014546658843755722,0.6006292700767517,0.6649673581123352,-0.021575184538960457,0.6142173409461975,0.5994884371757507,-0.02929731085896492,0.6313270926475525,0.5506737232208252,-0.034458763897418976,0.5816440582275391,0.6262560486793518,-0.005342151038348675,0.5649906396865845,0.5811895728111267,-0.02987104095518589,0.5833574533462524,0.6199599504470825,-0.043667130172252655,0.5995372533798218,0.6533969044685364,-0.04785246402025223,0.6110108494758606,0.608929455280304,-0.008748302236199379,0.5887981057167053,0.5448261499404907,-0.03572140261530876,0.6015133261680603,0.5949539542198181,-0.04343489557504654,0.6150009632110596,0.6378777623176575,-0.03858647868037224,0.64312344789505,0.6043936014175415,-0.015663396567106247,0.6321356892585754,0.5771071314811707,-0.040005430579185486,0.640975296497345,0.6438509225845337,-0.03577256575226784,0.6468609571456909,0.6847769618034363,-0.023414550349116325,0.6728809475898743,0.6070433855056763,-0.02402750588953495,0.6566401720046997,0.6023242473602295,-0.03398733586072922,0.6583314538002014,0.6450759768486023,-0.025683052837848663,0.6614894866943359,0.6662781834602356,-0.015030772425234318
0.6677214503288269,0.7596669793128967,-3.3992981229857833e-07,0.6253814101219177,0.7379682064056396,-0.01326029933989048,0.6005005240440369,0.6651456952095032,-0.021019335836172104,0.6123879551887512,0.6014171242713928,-0.029957527294754982,0.630255937576294,0.5519006252288818,-0.03646496683359146,0.5821601152420044,0.6220418214797974,-0.004400922916829586,0.5659015774726868,0.5810120701789856,-0.030142009258270264,0.5853473544120789,0.6191586256027222,-0.04523182287812233,0.60185307264328,0.6532610654830933,-0.04977975785732269,0.6109748482704163,0.60683274269104,-0.008773726411163807,0.5901261568069458,0.5455864667892456,-0.03602514788508415,0.6033166646957397,0.594538152217865,-0.044540394097566605,0.6162852644920349,0.6374525427818298,-0.04028075933456421,0.6427680253982544,0.6037757992744446,-0.016601858660578728,0.6317319869995117,0.580003023147583,-0.04180419072508812,0.6407708525657654,0.645634114742279,-0.038785871118307114,0.6470768451690674,0.686957597732544,-0.026946844533085823,0.6724171042442322,0.6077244281768799,-0.025623461231589317,0.6552441716194153,0.6028556227684021,-0.035623934119939804,0.6554269790649414,0.6445861458778381,-0.02737290784716606,0.6576206684112549,0.6665998697280884,-0.01665417104959488
0.669920802116394,0.7624115347862244,-3.459087736246147e-07,0.624830424785614,0.7420606017112732,-0.013656076975166798,0.5994764566421509,0.6663480401039124,-0.020657828077673912,0.6141102910041809,0.6020514369010925,-0.028607530519366264,0.6320760846138,0.5523768067359924,-0.034164294600486755,0.5808590650558472,0.6261528730392456,-0.00269720028154552,0.5641141533851624,0.5842083692550659,-0.027389055117964745,0.5829430222511292,0.6219499111175537,-0.04219948872923851,0.59930819272995,0.6561163663864136,-0.046876709908246994,0.6101460456848145,0.6108317971229553,-0.006609644275158644,0.5887960195541382,0.5494788885116577,-0.0326719656586647,0.601990282535553,0.5982072949409485,-0.04106142744421959,0.6152888536453247,0.6410581469535828,-0.037066347897052765,0.6421723365783691,0.6069454550743103,-0.014163731597363949,0.6319028735160828,0.5763704180717468,-0.03854551166296005,0.6402095556259155,0.6416268348693848,-0.03524521738290787,0.6455146074295044,0.6837255358695984,-0.023618413135409355,0.6722109317779541,0.6099514365196228,-0.02301895059645176,0.6550952196121216,0.6034796833992004,-0.033415187150239944,0.6566494703292847,0.6485666632652283,-0.02526695653796196,0.6597815752029419,0.6732823848724365,-0.014637722633779049
0.6698735952377319,0.7652739882469177,-3.269454964538454e-07,0.6262003779411316,0.7432295680046082,-0.014237048104405403,0.6005564332008362,0.6690574288368225,-0.021896885707974434,0.6111395955085754,0.6043777465820312,-0.030833467841148376,0.6290943622589111,0.5547763705253601,-0.03694740682840347,0.5819423198699951,0.6264259815216064,-0.0020996916573494673,0.5642310380935669,0.5833669304847717,-0.028100162744522095,0.5838407874107361,0.6203715205192566,-0.04382334277033806,0.600579559803009,0.656092643737793,-0.048460736870765686,0.6108628511428833,0.6115673780441284,-0.0059428708627820015,0.5904428958892822,0.55037522315979,-0.03277549892663956,0.6036099791526794,0.5965380668640137,-0.04142623394727707,0.6162592768669128,0.6392932534217834,-0.03728436306118965,0.6425356864929199,0.6086580753326416,-0.013723689131438732,0.633181631565094,0.5821011662483215,-0.038748640567064285,0.6411938071250916,0.6462119817733765,-0.03554574400186539,0.646163821220398,0.688538134098053,-0.023423412814736366,0.6726484298706055,0.6131595373153687,-0.022877603769302368,0.6569335460662842,0.6009466648101807,-0.033025600016117096,0.6579864025115967,0.642665445804596,-0.02413356490433216,0.6605280637741089,0.6676372289657593,-0.012657052837312222
0.6703823208808899,0.7676098346710205,-3.3745035921128874e-07,0.6260368824005127,0.7445591688156128,-0.013521743007004261,0.5993891358375549,0.6714102029800415,-0.02058650553226471,0.6072965860366821,0.6074181795120239,-0.029338346794247627,0.6225356459617615,0.5564321279525757,-0.03510257601737976,0.5824086666107178,0.6267307996749878,0.0012705445988103747,0.567040741443634,0.5850843191146851,-0.025287266820669174,0.5870313048362732,0.6218337416648865,-0.041505277156829834,0.603046715259552,0.6570911407470703,-0.0462324433028698,0.6109182834625244,0.6121081709861755,-0.0028635503258556128,0.591434121131897,0.5516844987869263,-0.03036840260028839,0.6052939295768738,0.5987647771835327,-0.03963214159011841,0.6182649731636047,0.6412484049797058,-0.03547874093055725,0.6419856548309326,0.6087697744369507,-0.011135132983326912,0.6330832242965698,0.5848276615142822,-0.03670339286327362,0.6419690251350403,0.6485533714294434,-0.033823683857917786,0.6476563811302185,0.6902379393577576,-0.02147604152560234,0.6718634366989136,0.6127896904945374,-0.020788975059986115,0.6583030223846436,0.6008749008178711,-0.03044074960052967,0.6590182781219482,0.6406604647636414,-0.021650969982147217,0.6605578660964966,0.6641797423362732,-0.010115968994796276
0.6700446605682373,0.7657960653305054,-3.4809886528819334e-07,0.6256455183029175,0.7451279759407043,-0.014008760452270508,0.5989224314689636,0.6731670498847961,-0.02121816948056221,0.6071120500564575,0.6090269088745117,-0.02980860136449337,0.6216761469841003,0.5576991438865662,-0.03529486805200577,0.5807396173477173,0.6276860237121582,0.0006166186067275703,0.5659011602401733,0.5845357179641724,-0.02615085057914257,0.5864485502243042,0.6220137476921082,-0.04197348654270172,0.6029424071311951,0.6565489768981934,-0.046527210623025894,0.6089174747467041,0.6115280985832214,-0.0031373812817037106,0.5901169776916504,0.5512982606887817,-0.031057991087436676,0.6051457524299622,0.6017765998840332,-0.039647139608860016,0.6185219883918762,0.6433792114257812,-0.0348922424018383,0.6398320198059082,0.6066493391990662,-0.01108646485954523,0.6326414942741394,0.5822820067405701,-0.03729100525379181,0.6422450542449951,0.6472671627998352,-0.033908456563949585,0.647695004940033,0.6872120499610901,-0.021173734217882156,0.6698333621025085,0.6093923449516296,-0.020414797589182854,0.6575652956962585,0.601893961429596,-0.03140787407755852,0.6604374051094055,0.6454150676727295,-0.023145925253629684,0.6632699370384216,0.6688047051429749,-0.011742843315005302
0.6700413227081299,0.76596599817276,-3.4812748594958975e-07,0.6249623894691467,0.7453370094299316,-0.013755741529166698,0.598277747631073,0.6723993420600891,-0.020739303901791573,0.6086199879646301,0.6080014109611511,-0.029125692322850227,0.6264159083366394,0.5596452355384827,-0.0344545878469944,0.5806335210800171,0.6298639178276062,-0.0011795969912782311,0.5639477968215942,0.5883694887161255,-0.026707852259278297,0.5826106667518616,0.6278266906738281,-0.041106466203927994,0.5988320708274841,0.660965621471405,-0.04515386372804642,0.609001636505127,0.6128722429275513,-0.005066181067377329,0.5890190601348877,0.5525771379470825,-0.03318169340491295,0.6032047867774963,0.6039501428604126,-0.041007522493600845,0.6172853708267212,0.6452234387397766,-0.0354456752538681,0.6403580904006958,0.6085255146026611,-0.012849034741520882,0.6317952871322632,0.5842382907867432,-0.03820047900080681,0.6408575773239136,0.6494100093841553,-0.034152984619140625,0.6468336582183838,0.6888308525085449,-0.020963534712791443,0.6704325675964355,0.611764669418335,-0.022053658962249756,0.6567676067352295,0.6034788489341736,-0.03191284090280533,0.6581264734268188,0.6420941948890686,-0.023568155243992805,0.6605961322784424,0.6615155339241028,-0.012245521880686283
0.6656898856163025,0.7666531801223755,-3.4221918099319737e-07,0.6221573948860168,0.7463441491127014,-0.013404224067926407,0.5956594347953796,0.6707877516746521,-0.02054527774453163,0.6112715005874634,0.6085208654403687,-0.028445035219192505,0.6299462914466858,0.5610040426254272,-0.033659111708402634,0.5776731967926025,0.63519287109375,-0.005233324598520994,0.5597572922706604,0.5952978134155273,-0.029848666861653328,0.5774746537208557,0.6357414126396179,-0.04380173608660698,0.5944676995277405,0.6672566533088684,-0.04842375963926315,0.6072720289230347,0.6156076192855835,-0.009693780913949013,0.5834349989891052,0.5530823469161987,-0.03740844875574112,0.5961977243423462,0.6073241233825684,-0.04508893936872482,0.6115223169326782,0.6489150524139404,-0.039943743497133255,0.6399149298667908,0.6105998158454895,-0.01745431311428547,0.6283433437347412,0.5817660093307495,-0.041191037744283676,0.636665940284729,0.6486871838569641,-0.03567938506603241,0.6431871652603149,0.6871791481971741,-0.022609993815422058,0.6695293188095093,0.6138845086097717,-0.026674620807170868,0.6532005071640015,0.6100612282752991,-0.035263705998659134,0.6553350687026978,0.6516563296318054,-0.02582942508161068,0.6597527861595154,0.6694767475128174,-0.014599910005927086
0.6654373407363892,0.7693889737129211,-3.5765890515904175e-07,0.6222594976425171,0.7497209310531616,-0.01390037126839161,0.5967739820480347,0.6748543381690979,-0.021780196577310562,0.608670175075531,0.61017906665802,-0.03069864958524704,0.6262431144714355,0.5601514577865601,-0.03704645484685898,0.5788617730140686,0.6307488679885864,-0.0044475882314145565,0.561601459980011,0.5943007469177246,-0.03067600354552269,0.5794703364372253,0.635263204574585,-0.046140406280756,0.5963490009307861,0.6681250333786011,-0.051401760429143906,0.6078053712844849,0.6133386492729187,-0.008693080395460129,0.5853043794631958,0.5549111366271973,-0.037381142377853394,0.5970845818519592,0.6074643135070801,-0.0455990731716156,0.611315131187439,0.6500596404075623,-0.04089469462633133,0.6398977637290955,0.6099635362625122,-0.01651953160762787,0.6275815367698669,0.58644700050354,-0.041967377066612244,0.6357438564300537,0.6540994644165039,-0.036937713623046875,0.642598569393158,0.6946324110031128,-0.023782700300216675,0.6692175269126892,0.6145872473716736,-0.02581808716058731,0.6524766683578491,0.6130958795547485,-0.0361316092312336,0.6541171669960022,0.6549289226531982,-0.027479426935315132,0.6584211587905884,0.673827588558197,-0.016348712146282196
0.6665799617767334,0.7717171907424927,-3.561628716397536e-07,0.6213356256484985,0.7510931491851807,-0.014433542266488075,0.5952306389808655,0.675137460231781,-0.021861979737877846,0.608163058757782,0.6103962063789368,-0.030232928693294525,0.626493513584137,0.5617707967758179,-0.03541681542992592,0.5779227018356323,0.6354482173919678,-0.004923367407172918,0.5610302686691284,0.5952277779579163,-0.030120620504021645,0.5788365006446838,0.6374136209487915,-0.0438111238181591,0.5950125455856323,0.668299674987793,-0.04813435673713684,0.6079258322715759,0.6171621680259705,-0.008886485360562801,0.585154116153717,0.5551096200942993,-0.03754354640841484,0.5975677967071533,0.6111581921577454,-0.044220514595508575,0.6119834780693054,0.6525070667266846,-0.038145214319229126,0.6406139135360718,0.613783597946167,-0.01650339923799038,0.628715455532074,0.5851152539253235,-0.04136548191308975,0.6370193958282471,0.6541019678115845,-0.03433861583471298,0.6440334916114807,0.6937911510467529,-0.01973072439432144,0.6701968908309937,0.6188954710960388,-0.02582833729684353,0.6554242968559265,0.608361542224884,-0.03490089252591133,0.6544274091720581,0.6462231278419495,-0.025153929367661476,0.6559203863143921,0.6630929112434387,-0.013402664102613926
0.6663305759429932,0.7743868827819824,-3.5494133499014424e-07,0.6224608421325684,0.7531326413154602,-0.013791940174996853,0.5966686606407166,0.6776851415634155,-0.020876886323094368,0.606889009475708,0.6127670407295227,-0.029394106939435005,0.6233065128326416,0.5622518062591553,-0.03483188897371292,0.5790684819221497,0.6335481405258179,-0.001197679084725678,0.5629158020019531,0.5955812931060791,-0.027318067848682404,0.5811295509338379,0.6358771920204163,-0.042691074311733246,0.597369909286499,0.668853223323822,-0.04764082282781601,0.607771098613739,0.6165091395378113,-0.005404450464993715,0.5861777663230896,0.5571415424346924,-0.03421996533870697,0.5988712906837463,0.6091415286064148,-0.042596857994794846,0.6131172180175781,0.6513540148735046,-0.03767522796988487,0.6393585801124573,0.6130877733230591,-0.01353602483868599,0.6289947628974915,0.5894526243209839,-0.03862398490309715,0.6375381946563721,0.6571410298347473,-0.03331691771745682,0.6437878012657166,0.6984328031539917,-0.01972503587603569,0.6686976552009583,0.6179712414741516,-0.023381885141134262,0.6559932231903076,0.6107039451599121,-0.03239872306585312,0.6551741361618042,0.6493422389030457,-0.02341410145163536,0.6555003523826599,0.6679805517196655,-0.012158897705376148
0.6663071513175964,0.7736523151397705,-3.5315036939209676e-07,0.6229528784751892,0.752098798751831,-0.015811610966920853,0.5967622399330139,0.6764605641365051,-0.02298210747539997,0.6066874265670776,0.6138365268707275,-0.030960392206907272,0.6224148869514465,0.5635637044906616,-0.03557513654232025,0.5774765014648438,0.6332375407218933,-0.0007363637560047209,0.5627328157424927,0.5944089889526367,-0.02725622057914734,0.581525981426239,0.6352366805076599,-0.04253675788640976,0.5974926948547363,0.6670980453491211,-0.04724368825554848,0.6064948439598083,0.6144598722457886,-0.003587067825719714,0.585272490978241,0.5561822652816772,-0.032581016421318054,0.5986376404762268,0.6106094717979431,-0.040851496160030365,0.6124419569969177,0.6509061455726624,-0.03542181849479675,0.6382651329040527,0.609412670135498,-0.01067704614251852,0.6286445260047913,0.5886416435241699,-0.036893103271722794,0.6375818848609924,0.6567983627319336,-0.03228209540247917,0.6432832479476929,0.6954405903816223,-0.018690261989831924,0.667468786239624,0.6128634214401245,-0.019484391435980797,0.6538026332855225,0.6116522550582886,-0.029675742611289024,0.6558136343955994,0.6545792818069458,-0.021052202209830284,0.6582489609718323,0.6736614108085632,-0.009557978250086308
0.664622962474823,0.7695753574371338,-3.5246728202764643e-07,0.6210043430328369,0.7502308487892151,-0.015536990948021412,0.5939016938209534,0.6729716062545776,-0.022286800667643547,0.6077678203582764,0.6100541949272156,-0.02941972389817238,0.6270849108695984,0.5624770522117615,-0.03316868469119072,0.5740953087806702,0.6356126666069031,-0.00497466279193759,0.5573334693908691,0.5941853523254395,-0.03006792813539505,0.5773912668228149,0.6351365447044373,-0.04344639182090759,0.593810498714447,0.6669170260429382,-0.04723836109042168,0.603473961353302,0.6149390935897827,-0.007762049324810505,0.5825368165969849,0.5553896427154541,-0.03588961064815521,0.5971114039421082,0.6101523637771606,-0.04305018112063408,0.6110265254974365,0.6514946222305298,-0.037027280777692795,0.635221540927887,0.6085034608840942,-0.014355016872286797,0.6284465193748474,0.5919187664985657,-0.03889298811554909,0.636942446231842,0.6601642966270447,-0.03447844833135605,0.6410282850265503,0.6981604695320129,-0.021638207137584686,0.6648101806640625,0.6104176640510559,-0.022646266967058182,0.6535662412643433,0.6157799959182739,-0.03154287487268448,0.6558258533477783,0.6601580381393433,-0.023419097065925598,0.657791018486023,0.679145872592926,-0.012868698686361313
0.664341926574707,0.7699568867683411,-3.556204433152743e-07,0.6203649044036865,0.7504618167877197,-0.015067527070641518,0.5945930480957031,0.6749229431152344,-0.022857049480080605,0.6082828640937805,0.6109004616737366,-0.030986661091446877,0.6262221336364746,0.5609735250473022,-0.03638291358947754,0.5757254958152771,0.6313803791999817,-0.00599601399153471,0.5597422122955322,0.5933740735054016,-0.030829768627882004,0.5780952572822571,0.6343340277671814,-0.04502764716744423,0.5950549244880676,0.6664402484893799,-0.049653347581624985,0.6049914360046387,0.6136130094528198,-0.009016630239784718,0.5830298066139221,0.5570569038391113,-0.03656203672289848,0.5959992408752441,0.6107375621795654,-0.04437090456485748,0.6109945774078369,0.6525813341140747,-0.03951598331332207,0.6365245580673218,0.6086877584457397,-0.015519172884523869,0.6253240704536438,0.5874439477920532,-0.040179166942834854,0.6344402432441711,0.6551372408866882,-0.03617905452847481,0.6416184306144714,0.6951747536659241,-0.024057358503341675,0.6652141809463501,0.6114921569824219,-0.02352004684507847,0.6494615077972412,0.6174221634864807,-0.033940721303224564,0.6517409086227417,0.663069486618042,-0.02661995403468609,0.6557681560516357,0.6830956935882568,-0.016584128141403198
0.6627653241157532,0.7673535346984863,-3.462509141627379e-07,0.6191112995147705,0.7492668628692627,-0.014345012605190277,0.593489408493042,0.6759194731712341,-0.021549686789512634,0.6075330376625061,0.6122775077819824,-0.029277335852384567,0.6262630820274353,0.5630009174346924,-0.034180816262960434,0.5735139846801758,0.6353464722633362,-0.00498762633651495,0.5585849285125732,0.5960479378700256,-0.029627861455082893,0.5778180360794067,0.6355350017547607,-0.04362763836979866,0.5948411226272583,0.6667335629463196,-0.04830366000533104,0.6024047136306763,0.6156014204025269,-0.00844746083021164,0.5816601514816284,0.5561425089836121,-0.036312468349933624,0.5961661338806152,0.6093993186950684,-0.04403293505311012,0.6113898158073425,0.6509261131286621,-0.03893686458468437,0.6340955495834351,0.6092671155929565,-0.015344456769526005,0.6256048679351807,0.5857260823249817,-0.04015281796455383,0.6352128386497498,0.6539519429206848,-0.035512980073690414,0.6408140659332275,0.6937990188598633,-0.022839631885290146,0.6638038754463196,0.6112120151519775,-0.023731587454676628,0.6511204242706299,0.6147313117980957,-0.034033142030239105,0.6527116894721985,0.659663736820221,-0.02629583142697811,0.6543700098991394,0.6794732809066772,-0.015996349975466728
0.6623702645301819,0.7683701515197754,-3.5616039895103313e-07,0.6195399761199951,0.750213086605072,-0.01453483011573553,0.5932531952857971,0.6768412590026855,-0.021654145792126656,0.6038069128990173,0.6127977967262268,-0.029573868960142136,0.6193236708641052,0.5620149970054626,-0.034571751952171326,0.5748898983001709,0.6312382817268372,-0.001961788162589073,0.5573232173919678,0.5949263572692871,-0.027438966557383537,0.5766459107398987,0.6348628401756287,-0.042459286749362946,0.5939128994941711,0.6654914617538452,-0.04749125987291336,0.6037420034408569,0.612372100353241,-0.005319253541529179,0.581475019454956,0.5584782361984253,-0.03334706649184227,0.5954033732414246,0.611453652381897,-0.0415007546544075,0.6103234887123108,0.6510578393936157,-0.036717530339956284,0.635429322719574,0.6074845790863037,-0.012526226229965687,0.6239063143730164,0.588588535785675,-0.037351641803979874,0.6329094171524048,0.656116247177124,-0.032508499920368195,0.6389951705932617,0.6948330998420715,-0.019704602658748627,0.6642234325408936,0.6108260154724121,-0.02137332782149315,0.650058925151825,0.6167525053024292,-0.031622324138879776,0.6517338752746582,0.6600850820541382,-0.02373133786022663,0.6542067527770996,0.6777830123901367,-0.013142337091267109
0.6628672480583191,0.7701734900474548,-3.547632161371439e-07,0.6194629669189453,0.7520410418510437,-0.015691682696342468,0.5932179689407349,0.6765204071998596,-0.022672725841403008,0.6030572056770325,0.6122676134109497,-0.030462302267551422,0.619363009929657,0.5623578429222107,-0.03493743762373924,0.5742472410202026,0.6337382197380066,-0.0017546620219945908,0.5559912919998169,0.5945749282836914,-0.028190048411488533,0.5761488080024719,0.6338567137718201,-0.043151743710041046,0.5927635431289673,0.665337324142456,-0.047495510429143906,0.6030077934265137,0.6147387623786926,-0.004705389961600304,0.5816834568977356,0.55826735496521,-0.03367907553911209,0.5966516137123108,0.6126945614814758,-0.04139233008027077,0.6108359098434448,0.6530472636222839,-0.035498376935720444,0.6350454688072205,0.6099398732185364,-0.011869112960994244,0.6257492303848267,0.5892932415008545,-0.038233011960983276,0.6344804167747498,0.657393753528595,-0.033375129103660583,0.6396704912185669,0.696239709854126,-0.019538598135113716,0.6648975014686584,0.6136486530303955,-0.02069096453487873,0.6526197791099548,0.61032634973526,-0.03132593259215355,0.6537524461746216,0.6533514261245728,-0.02259848639369011,0.655333399772644,0.6729382276535034,-0.010837135836482048
0.6619559526443481,0.7705546617507935,-3.6143856618764403e-07,0.6190258264541626,0.7528522610664368,-0.01520917285233736,0.5925614237785339,0.676965594291687,-0.021987155079841614,0.6026727557182312,0.6126517057418823,-0.029607288539409637,0.6182048320770264,0.5630688667297363,-0.03392751142382622,0.5740329623222351,0.6321267485618591,-0.0013030737172812223,0.5575616955757141,0.5948602557182312,-0.027987031266093254,0.577288806438446,0.6352477669715881,-0.043402209877967834,0.594035804271698,0.6673305630683899,-0.04816121235489845,0.603025496006012,0.6132529377937317,-0.00457077007740736,0.58186936378479,0.5576291084289551,-0.03366485610604286,0.5957344770431519,0.6107560396194458,-0.04180949181318283,0.6097162365913391,0.6505520343780518,-0.03647441044449806,0.6348737478256226,0.6084915995597839,-0.012067996896803379,0.6252538561820984,0.5898886919021606,-0.038055598735809326,0.6336297988891602,0.6578441858291626,-0.03315289318561554,0.6385185718536377,0.6961726546287537,-0.019672071561217308,0.6643192172050476,0.6123732328414917,-0.02128608711063862,0.6514265537261963,0.6130465269088745,-0.03171222284436226,0.6524481177330017,0.6566040515899658,-0.023208051919937134,0.6539302468299866,0.6753295063972473,-0.011898264288902283
0.661977231502533,0.7697760462760925,-3.5410533882895834e-07,0.6184019446372986,0.7513278126716614,-0.015318382531404495,0.5924805998802185,0.6767640709877014,-0.022675860673189163,0.6042359471321106,0.6122791767120361,-0.030820436775684357,0.620251476764679,0.5625813603401184,-0.03569675609469414,0.5721911191940308,0.6335797905921936,-0.00287925498560071,0.5547171235084534,0.5962030291557312,-0.029555611312389374,0.5740599036216736,0.6367141008377075,-0.044939279556274414,0.5909442901611328,0.6685702800750732,-0.0498754121363163,0.6016745567321777,0.6138082146644592,-0.006416299846023321,0.5808905363082886,0.5574077367782593,-0.0357908271253109,0.5946259498596191,0.6115736365318298,-0.04375715181231499,0.6088835597038269,0.6521425843238831,-0.03835845738649368,0.6341844201087952,0.6086680293083191,-0.014045322313904762,0.625103235244751,0.5891346335411072,-0.04008197411894798,0.6329740881919861,0.6581478118896484,-0.034527737647295,0.6380454301834106,0.6966924667358398,-0.020651107653975487,0.6642953157424927,0.612618088722229,-0.023427369073033333,0.6513614058494568,0.6121312379837036,-0.03385055437684059,0.6524667143821716,0.6554442048072815,-0.024828754365444183,0.6548362374305725,0.6739699840545654,-0.013156802393496037
0.6613637804985046,0.7703384160995483,-3.546974198798125e-07,0.6181374788284302,0.7515836954116821,-0.014798513613641262,0.5925450921058655,0.6781246066093445,-0.02254663035273552,0.6040015816688538,0.6141422390937805,-0.03115055523812771,0.6195845007896423,0.563359260559082,-0.03681831806898117,0.5733057260513306,0.6318151950836182,-0.0023402974475175142,0.5559636950492859,0.5955448150634766,-0.029222935438156128,0.5753133893013,0.6355938911437988,-0.04529643803834915,0.5926383137702942,0.6681164503097534,-0.050572022795677185,0.6024926900863647,0.6135337352752686,-0.005955629050731659,0.5812246799468994,0.5582373142242432,-0.034963157027959824,0.5945988297462463,0.6111493706703186,-0.04348797723650932,0.6090060472488403,0.6520535945892334,-0.038660548627376556,0.6344688534736633,0.60894376039505,-0.013585963286459446,0.6241275668144226,0.5899418592453003,-0.03974601626396179,0.632333517074585,0.658309817314148,-0.035017505288124084,0.6381081342697144,0.6975063681602478,-0.02173883281648159,0.6637865304946899,0.6127675771713257,-0.0228082537651062,0.6491730809211731,0.614922285079956,-0.0337601900100708,0.650764524936676,0.659816563129425,-0.025139426812529564,0.65370112657547,0.6792521476745605,-0.013669601641595364
0.6620200872421265,0.7706458568572998,-3.539970521160285e-07,0.6178475618362427,0.7529217004776001,-0.016214748844504356,0.5908944606781006,0.6763852834701538,-0.02330399490892887,0.6018825769424438,0.6123694181442261,-0.0309433713555336,0.619423508644104,0.5632771849632263,-0.03534979000687599,0.5731995105743408,0.6339097619056702,-0.0027138027362525463,0.5563245415687561,0.5957812070846558,-0.029040707275271416,0.57510906457901,0.6359742879867554,-0.04398481175303459,0.5917600393295288,0.6682652235031128,-0.048476818948984146,0.602388858795166,0.6142597198486328,-0.005171617027372122,0.581229031085968,0.5576980710029602,-0.03410632535815239,0.5944479703903198,0.6113021969795227,-0.042029865086078644,0.6085485219955444,0.6517317891120911,-0.0364408977329731,0.6342335343360901,0.6090140342712402,-0.011830085888504982,0.6245531439781189,0.5896492004394531,-0.03799671679735184,0.6324079632759094,0.6576270461082458,-0.03359895944595337,0.6378071308135986,0.6961447596549988,-0.020226987078785896,0.6634318828582764,0.6125195622444153,-0.02019038051366806,0.6490882039070129,0.6131106019020081,-0.03110581822693348,0.6502857208251953,0.6558536887168884,-0.023201288655400276,0.6529455780982971,0.6742359399795532,-0.012099013663828373
0.6615512371063232,0.769699215888977,-3.626468583206588e-07,0.6173427700996399,0.7510643601417542,-0.014925893396139145,0.5909349918365479,0.6746028065681458,-0.021926887333393097,0.6043843626976013,0.6104169487953186,-0.029458489269018173,0.6219872832298279,0.5617026090621948,-0.03399617597460747,0.5718980431556702,0.6352155208587646,-0.003997791558504105,0.5536215305328369,0.59611976146698,-0.029242785647511482,0.5732366442680359,0.6363499164581299,-0.04337314888834953,0.5905485153198242,0.6695274114608765,-0.04747093468904495,0.6012991070747375,0.6154255867004395,-0.007099682930856943,0.5781013369560242,0.557768702507019,-0.034180812537670135,0.5919104218482971,0.6094316244125366,-0.041360389441251755,0.6060117483139038,0.6510968804359436,-0.03591660410165787,0.6334404945373535,0.6092201471328735,-0.014083326794207096,0.6231885552406311,0.5888124704360962,-0.03837945684790611,0.6317338347434998,0.6558279395103455,-0.033676374703645706,0.636849045753479,0.6951496005058289,-0.02086668461561203,0.6635048389434814,0.6113194823265076,-0.022655626758933067,0.6470456123352051,0.6124358177185059,-0.03196972981095314,0.6490744948387146,0.6575979590415955,-0.023208782076835632,0.6524004340171814,0.6788985133171082,-0.012161058373749256
0.6603755950927734,0.7688878774642944,-3.325302770917915e-07,0.615800678730011,0.7482109665870667,-0.01408934872597456,0.5892454385757446,0.677217423915863,-0.021587997674942017,0.5979120135307312,0.6137857437133789,-0.030642522498965263,0.6115974187850952,0.563331663608551,-0.036496102809906006,0.5698658227920532,0.6340434551239014,0.001158857368864119,0.5536960363388062,0.59324711561203,-0.02718866430222988,0.5734757781028748,0.6321638226509094,-0.043756186962127686,0.5903795957565308,0.6650109887123108,-0.048613179475069046,0.5989680886268616,0.6169465780258179,-0.0033091926015913486,0.5786701440811157,0.554545521736145,-0.03305964544415474,0.592433512210846,0.6053157448768616,-0.041540827602148056,0.6059280633926392,0.6444156765937805,-0.03614231199026108,0.6314060091972351,0.6125108599662781,-0.012209153734147549,0.6241493225097656,0.5865261554718018,-0.040143001824617386,0.6321914792060852,0.6545775532722473,-0.03524496406316757,0.6362423300743103,0.6935081481933594,-0.02092652954161167,0.6626525521278381,0.6161642074584961,-0.022542599588632584,0.6512272953987122,0.604106605052948,-0.03350459411740303,0.6519530415534973,0.6500716805458069,-0.02318345569074154,0.6522524952888489,0.673971951007843,-0.010150548070669174
0.6603290438652039,0.7685821056365967,-3.4360388667664665e-07,0.6156735420227051,0.7476001977920532,-0.014112694188952446,0.5889062285423279,0.6766369342803955,-0.021625541150569916,0.5973688960075378,0.6119547486305237,-0.030771633610129356,0.6097930669784546,0.5607807040214539,-0.036501236259937286,0.5696926712989807,0.6333637237548828,0.001378764514811337,0.5526298880577087,0.5910684466362,-0.026497026905417442,0.5726203918457031,0.630913496017456,-0.042865630239248276,0.5892837047576904,0.6634008288383484,-0.0479838065803051,0.5986812114715576,0.6174347400665283,-0.003464961890131235,0.5792120695114136,0.5556767582893372,-0.0327448733150959,0.593746542930603,0.6066823601722717,-0.041185371577739716,0.6066762208938599,0.6438751220703125,-0.0363798588514328,0.6309337019920349,0.6137785315513611,-0.012795883230865002,0.6239824295043945,0.5849790573120117,-0.03949035704135895,0.6321858763694763,0.6515925526618958,-0.03350048512220383,0.6358579397201538,0.6889144778251648,-0.019293727353215218,0.6621783375740051,0.6179668307304382,-0.023757847025990486,0.6512582898139954,0.6020504236221313,-0.03374937176704407,0.652586042881012,0.6460247039794922,-0.022656118497252464,0.6531775593757629,0.6682948470115662,-0.009625022299587727
0.6607478260993958,0.7670483589172363,-3.248711664127768e-07,0.6173135638237,0.7503648996353149,-0.015316524542868137,0.5894939303398132,0.6787006258964539,-0.02301451750099659,0.5989426374435425,0.6120336651802063,-0.031633567065000534,0.6118924021720886,0.5595443248748779,-0.03667480871081352,0.5684782266616821,0.6353893876075745,-0.0008739957120269537,0.5529443025588989,0.5926750302314758,-0.027988716959953308,0.5722240805625916,0.633392333984375,-0.043946076184511185,0.5892733335494995,0.6657305359840393,-0.049442972987890244,0.5981513261795044,0.6166869401931763,-0.005088393576443195,0.5763701796531677,0.5532436966896057,-0.03343893960118294,0.5895081758499146,0.6044353246688843,-0.041596751660108566,0.6033716201782227,0.6405491828918457,-0.03720276057720184,0.6307194828987122,0.6123324632644653,-0.01365253422409296,0.6223123669624329,0.5790219306945801,-0.038627948611974716,0.6302536129951477,0.6454277038574219,-0.031193086877465248,0.6344118714332581,0.6815614700317383,-0.01700487546622753,0.6617330312728882,0.6164258718490601,-0.02413567341864109,0.6510535478591919,0.6009236574172974,-0.03345188871026039,0.6526067852973938,0.6432934403419495,-0.022249920293688774,0.6534602046012878,0.6618943214416504,-0.009729606099426746
0.661559522151947,0.769529402256012,-3.436892654917756e-07,0.6177440881729126,0.7495623230934143,-0.014244942925870419,0.5892170071601868,0.6787060499191284,-0.021473610773682594,0.5970745086669922,0.612766444683075,-0.030255261808633804,0.6104102730751038,0.5607168674468994,-0.03554907441139221,0.5695657730102539,0.6352673172950745,0.0015819409163668752,0.5522134900093079,0.5920084118843079,-0.025374189019203186,0.5711696147918701,0.6324608325958252,-0.04142281040549278,0.5876318216323853,0.6642717123031616,-0.04701916128396988,0.5985906720161438,0.6174924969673157,-0.003230814589187503,0.5780825614929199,0.5539851784706116,-0.031946007162332535,0.5915144085884094,0.6049418449401855,-0.040400855243206024,0.6043156981468201,0.6406907439231873,-0.03622712567448616,0.630888044834137,0.6131182312965393,-0.01251501776278019,0.62205970287323,0.5800392031669617,-0.03791842237114906,0.6292669773101807,0.6451796293258667,-0.03130047768354416,0.6327394843101501,0.6812564134597778,-0.017589272931218147,0.6618054509162903,0.6169117093086243,-0.023629896342754364,0.6502304077148438,0.5996744632720947,-0.033060379326343536,0.6513404250144958,0.6415303349494934,-0.022251255810260773,0.6521811485290527,0.6614102125167847,-0.010011821985244751
0.6619530916213989,0.7699945569038391,-3.2961216334115306e-07,0.6169829368591309,0.7495330572128296,-0.01411198265850544,0.5888707637786865,0.6784014105796814,-0.021283794194459915,0.5985541939735413,0.6125782132148743,-0.0300448015332222,0.6112207770347595,0.5610631108283997,-0.035340264439582825,0.5688638091087341,0.6352657079696655,0.0020951915066689253,0.5521136522293091,0.5931638479232788,-0.025462068617343903,0.5717389583587646,0.633009135723114,-0.04237949475646019,0.5884624123573303,0.6647664904594421,-0.04854174330830574,0.5979604721069336,0.6176244616508484,-0.0031312378123402596,0.5774686932563782,0.5542968511581421,-0.03184833005070686,0.5914362072944641,0.6041885018348694,-0.040859468281269073,0.6043435335159302,0.6396859884262085,-0.03731444105505943,0.6305667757987976,0.6138420104980469,-0.012918111868202686,0.6228857636451721,0.5794948935508728,-0.038500044494867325,0.6296757459640503,0.644970715045929,-0.03204731643199921,0.632125973701477,0.681785523891449,-0.018641022965312004,0.66179358959198,0.6189371943473816,-0.02458278089761734,0.6518828868865967,0.6009724140167236,-0.03444379195570946,0.6524415612220764,0.6431764364242554,-0.02372627705335617,0.6521701812744141,0.6635921001434326,-0.011626556515693665
0.6623673439025879,0.7696145176887512,-3.4692877193265304e-07,0.6177266240119934,0.7486340403556824,-0.014226173050701618,0.5890810489654541,0.6767834424972534,-0.020977826789021492,0.5997687578201294,0.6109552383422852,-0.029090641066432,0.6136590838432312,0.5607466697692871,-0.033581726253032684,0.5683248043060303,0.6361966133117676,0.00081879913341254,0.5512510538101196,0.5915617942810059,-0.025083599612116814,0.5697855353355408,0.6341381669044495,-0.040192488580942154,0.5861047506332397,0.6661173701286316,-0.04551354795694351,0.597938060760498,0.6177943348884583,-0.004039060790091753,0.5778197050094604,0.5535792708396912,-0.031489048153162,0.591727614402771,0.6058168411254883,-0.03896776959300041,0.6043976545333862,0.6409754753112793,-0.03459562733769417,0.6305872201919556,0.6133478283882141,-0.013331466354429722,0.622519314289093,0.5776867270469666,-0.03726473078131676,0.6293295621871948,0.6422684788703918,-0.03026709333062172,0.6323530673980713,0.677537202835083,-0.017022237181663513,0.6615064740180969,0.6175638437271118,-0.024559594690799713,0.6510759592056274,0.5997925400733948,-0.033197563141584396,0.6515385508537292,0.641559898853302,-0.022561095654964447,0.6519176959991455,0.6609209775924683,-0.010972988791763783
0.6633428335189819,0.7707980871200562,-3.6671545444733056e-07,0.6186279058456421,0.7496309280395508,-0.012374854646623135,0.5897690653800964,0.6781704425811768,-0.018829286098480225,0.6003589034080505,0.6128020882606506,-0.027153311297297478,0.6144065260887146,0.5625304579734802,-0.03215609863400459,0.5706610679626465,0.6362033486366272,0.0014886950375512242,0.553046464920044,0.5911023020744324,-0.02411678247153759,0.5707190632820129,0.6341556310653687,-0.03900422900915146,0.5870296359062195,0.6667248606681824,-0.04427192732691765,0.5994303822517395,0.6185593008995056,-0.004395684227347374,0.5787282586097717,0.5538022518157959,-0.03192243352532387,0.5921958684921265,0.6071404218673706,-0.03930632025003433,0.6050956845283508,0.6438499689102173,-0.034809380769729614,0.6317472457885742,0.6144362688064575,-0.014510925859212875,0.6218447685241699,0.5773496031761169,-0.03805503621697426,0.628457248210907,0.6411924958229065,-0.0312504805624485,0.6323341727256775,0.6768927574157715,-0.01823299378156662,0.6626635789871216,0.6186625361442566,-0.026393091306090355,0.650621235370636,0.6008175015449524,-0.03471675142645836,0.6506296396255493,0.6417503356933594,-0.02442454732954502,0.6516196131706238,0.6608597636222839,-0.01319586206227541
0.6641975045204163,0.7715545296669006,-3.596673536776507e-07,0.6180693507194519,0.7491172552108765,-0.013211960904300213,0.5893583297729492,0.6809449195861816,-0.020290538668632507,0.5984891057014465,0.6158735752105713,-0.029288340359926224,0.6116513609886169,0.5637937784194946,-0.034936416894197464,0.5712116956710815,0.6346388459205627,0.0033379357773810625,0.554031491279602,0.5915334224700928,-0.023166190832853317,0.5724372863769531,0.6329363584518433,-0.03923678770661354,0.588296115398407,0.664696991443634,-0.04510549455881119,0.5997893810272217,0.617911696434021,-0.002097965683788061,0.5803988575935364,0.5552935600280762,-0.029930654913187027,0.5946686863899231,0.6076256036758423,-0.038251906633377075,0.6068463921546936,0.6432990431785583,-0.03453464061021805,0.6318332552909851,0.6141710877418518,-0.012094266712665558,0.6222348213195801,0.577736496925354,-0.03729116916656494,0.6280933022499084,0.6403481960296631,-0.03197350353002548,0.6307412981987,0.6756813526153564,-0.019588995724916458,0.6626296639442444,0.6191126704216003,-0.02376438118517399,0.6510847806930542,0.6005733609199524,-0.03400880843400955,0.6498908400535583,0.6425909399986267,-0.02470051310956478,0.6489407420158386,0.6642683148384094,-0.013704990036785603
0.6659818887710571,0.7721942067146301,-3.6774429190700175e-07,0.6200585961341858,0.7512965202331543,-0.015144078060984612,0.5905348062515259,0.6842265129089355,-0.0227399542927742,0.5982877612113953,0.6190661191940308,-0.03184578940272331,0.6099839210510254,0.5662921071052551,-0.03740275278687477,0.5730860233306885,0.6346742510795593,0.0034093493595719337,0.5569189786911011,0.5933703780174255,-0.02412094548344612,0.5740315914154053,0.636978268623352,-0.0409550815820694,0.5900265574455261,0.6691001653671265,-0.047205712646245956,0.601818859577179,0.6167746782302856,-0.0009132660925388336,0.5843574404716492,0.5569373369216919,-0.030150895938277245,0.5975337028503418,0.6130370497703552,-0.038776692003011703,0.6101403832435608,0.6479348540306091,-0.03480365127325058,0.6337524056434631,0.6128690838813782,-0.01010261382907629,0.625236988067627,0.5780008435249329,-0.03590673953294754,0.6309854984283447,0.640635073184967,-0.030036766082048416,0.6349933743476868,0.6734813451766968,-0.01708122156560421,0.664129912853241,0.6177262663841248,-0.021205876022577286,0.6538050174713135,0.6010537147521973,-0.03164447471499443,0.6543693542480469,0.641003429889679,-0.02221767045557499,0.6557446718215942,0.6577814817428589,-0.010882826521992683
0.6658940315246582,0.7715749740600586,-3.6079393339605303e-07,0.620966374874115,0.7524744868278503,-0.016640566289424896,0.591564953327179,0.6838562488555908,-0.024651622399687767,0.6000776886940002,0.6181430220603943,-0.03372267261147499,0.6121772527694702,0.5652070045471191,-0.038947537541389465,0.5722642540931702,0.6338708400726318,0.0016073702136054635,0.5574108362197876,0.5921698212623596,-0.02651870995759964,0.5739728808403015,0.6369694471359253,-0.04330497980117798,0.5896367430686951,0.6695213317871094,-0.04948662593960762,0.602171778678894,0.615558385848999,-0.0021670747082680464,0.5845291018486023,0.5571222901344299,-0.032033149152994156,0.5970025658607483,0.6141201257705688,-0.04051220417022705,0.6095427870750427,0.6485117077827454,-0.036296989768743515,0.6352126598358154,0.6122393012046814,-0.010931901633739471,0.6260437369346619,0.576566219329834,-0.037357889115810394,0.631243884563446,0.6411545276641846,-0.0308065302670002,0.6346021890640259,0.6742995977401733,-0.017271598801016808,0.6662357449531555,0.6177619099617004,-0.02171732485294342,0.6554431319236755,0.6023617386817932,-0.032741729170084,0.6555947065353394,0.6424030065536499,-0.023180708289146423,0.6564025282859802,0.6575325131416321,-0.011601651087403297
0.6656650304794312,0.7717199921607971,-3.5966135669696087e-07,0.6200322508811951,0.7521711587905884,-0.016102008521556854,0.5916796326637268,0.6823292374610901,-0.02363983914256096,0.6009451150894165,0.6167712807655334,-0.03226586803793907,0.6118324995040894,0.5647807121276855,-0.037037525326013565,0.5727117657661438,0.6335383653640747,0.002587507478892803,0.5572354793548584,0.5932728052139282,-0.025116080418229103,0.5736887454986572,0.6383500695228577,-0.04162251949310303,0.5893495082855225,0.6696645617485046,-0.0477464385330677,0.6024564504623413,0.6152958273887634,-0.00148456497117877,0.5842041969299316,0.5567048788070679,-0.03115101531147957,0.5964305996894836,0.6139492988586426,-0.039503589272499084,0.609096109867096,0.6475893259048462,-0.03522660955786705,0.6352912187576294,0.6122615933418274,-0.010557235218584538,0.6264873147010803,0.5760168433189392,-0.036498840898275375,0.6309303641319275,0.640925407409668,-0.029671255499124527,0.6341080665588379,0.6737044453620911,-0.01611965335905552,0.6661639213562012,0.6178876161575317,-0.02171267941594124,0.6556354761123657,0.6034685969352722,-0.03238969296216965,0.6549079418182373,0.6440068483352661,-0.022890202701091766,0.6552162170410156,0.6591764092445374,-0.011522555723786354
0.6652243137359619,0.7706249952316284,-3.548652216522896e-07,0.6194630265235901,0.7513486742973328,-0.016570061445236206,0.5915511250495911,0.682055652141571,-0.02455114759504795,0.602408766746521,0.6162190437316895,-0.033493369817733765,0.6132482290267944,0.5643933415412903,-0.03869672492146492,0.57257479429245,0.6346617937088013,0.0009027600754052401,0.5565296411514282,0.5939126014709473,-0.027604741975665092,0.5726291537284851,0.638863742351532,-0.044597793370485306,0.5886535048484802,0.6706178784370422,-0.05091521888971329,0.6027782559394836,0.6160951852798462,-0.0032016572076827288,0.5845835208892822,0.555536687374115,-0.03345857188105583,0.5960908532142639,0.6134459376335144,-0.04186296463012695,0.6086710691452026,0.6474164128303528,-0.037561267614364624,0.6359708309173584,0.6132964491844177,-0.012306207790970802,0.6275894045829773,0.5758682489395142,-0.03899916261434555,0.6312062740325928,0.6415930390357971,-0.03200691193342209,0.6341596245765686,0.6738998293876648,-0.0182130616158247,0.6669089794158936,0.6194018125534058,-0.023479212075471878,0.6564107537269592,0.602604329586029,-0.03468610346317291,0.6552578806877136,0.6438703536987305,-0.02480090595781803,0.6555960178375244,0.6593815088272095,-0.013101618736982346
0.6659983396530151,0.7706064581871033,-3.52218961552353e-07,0.6204023957252502,0.7513933777809143,-0.016027648001909256,0.5917245149612427,0.6832531690597534,-0.023792242631316185,0.6009258031845093,0.617909848690033,-0.032559700310230255,0.6114692687988281,0.565969705581665,-0.03756509721279144,0.5731021761894226,0.6344731450080872,0.00135693303309381,0.5572508573532104,0.5941780805587769,-0.026514647528529167,0.5738921761512756,0.6388077139854431,-0.04300040751695633,0.5896813869476318,0.6688351631164551,-0.049249786883592606,0.6030578017234802,0.6158199906349182,-0.002746765036135912,0.5843983292579651,0.5560735464096069,-0.03300947695970535,0.5970735549926758,0.614214301109314,-0.041281718760728836,0.6100678443908691,0.647155225276947,-0.03689698874950409,0.6358985304832458,0.6128247976303101,-0.01168354693800211,0.6263844966888428,0.5769771337509155,-0.03811836987733841,0.6309034824371338,0.642196536064148,-0.030891723930835724,0.63411545753479,0.673714280128479,-0.017053727060556412,0.6661471128463745,0.6187177300453186,-0.02265566773712635,0.6557824611663818,0.6045341491699219,-0.03360317274928093,0.6552190184593201,0.6446037888526917,-0.023860562592744827,0.655541718006134,0.6582208871841431,-0.012345775030553341
0.6650971174240112,0.7709970474243164,-3.5362532457838824e-07,0.618942379951477,0.7510470151901245,-0.01562892645597458,0.5907402038574219,0.6809649467468262,-0.022926090285182,0.6014132499694824,0.6148412227630615,-0.03136683255434036,0.613360583782196,0.5639992356300354,-0.03609605133533478,0.5729231834411621,0.6359070539474487,0.001622260781005025,0.5568510293960571,0.5944589376449585,-0.025710200890898705,0.573566198348999,0.638475775718689,-0.04201429337263107,0.5897327065467834,0.6699723601341248,-0.04801662266254425,0.6027514934539795,0.6179237365722656,-0.002606649650260806,0.584617555141449,0.5565601587295532,-0.03191613778471947,0.5970413088798523,0.6126638054847717,-0.03992040827870369,0.6098266839981079,0.6469517350196838,-0.03549150004982948,0.635479211807251,0.61479651927948,-0.01165588665753603,0.627190887928009,0.57624751329422,-0.037129178643226624,0.6314048171043396,0.640260636806488,-0.02997024729847908,0.6341922283172607,0.6735297441482544,-0.016306476667523384,0.666050910949707,0.6204479932785034,-0.02276354469358921,0.656053900718689,0.6020550727844238,-0.032970283180475235,0.6552940607070923,0.6423284411430359,-0.02289317175745964,0.6555061340332031,0.6589064598083496,-0.011270243674516678
0.6648538112640381,0.771191418170929,-3.572384912331472e-07,0.6192751526832581,0.7517794966697693,-0.016461187973618507,0.5908982157707214,0.6828235983848572,-0.02426382154226303,0.6006446480751038,0.6169591546058655,-0.033077776432037354,0.6125214099884033,0.5651977062225342,-0.038024574518203735,0.5729918479919434,0.63457190990448,0.0011526632588356733,0.5577496886253357,0.5936793684959412,-0.027194315567612648,0.5744386911392212,0.6387125849723816,-0.043868087232112885,0.5903719067573547,0.6702263355255127,-0.049901027232408524,0.6026282906532288,0.6166601777076721,-0.0028254950884729624,0.5853278636932373,0.5561375021934509,-0.03313835710287094,0.5976058840751648,0.6139464378356934,-0.04132399335503578,0.6101088523864746,0.6472841501235962,-0.036705438047647476,0.6351779699325562,0.6138693690299988,-0.011760780587792397,0.6265776753425598,0.5767682194709778,-0.038254283368587494,0.6309987306594849,0.6413324475288391,-0.031120117753744125,0.6343598365783691,0.6725919842720032,-0.017162909731268883,0.6658369302749634,0.6198253035545349,-0.02275216206908226,0.6554821133613586,0.6030399799346924,-0.03343432769179344,0.655096709728241,0.6434215307235718,-0.023303614929318428,0.6559157967567444,0.6579281091690063,-0.01141747459769249
0.6652148962020874,0.7728790044784546,-3.4633359291547094e-07,0.6194236874580383,0.7530912160873413,-0.014783505350351334,0.5917072892189026,0.6835306882858276,-0.022064296528697014,0.6034114956855774,0.6183243989944458,-0.030502276495099068,0.6158509850502014,0.567795991897583,-0.035252515226602554,0.5725967884063721,0.637837827205658,0.0009402026771567762,0.55714350938797,0.5941349267959595,-0.025973929092288017,0.5733651518821716,0.6389220356941223,-0.041548456996679306,0.5888361930847168,0.6693220138549805,-0.047264061868190765,0.6029454469680786,0.6193439364433289,-0.003787308232858777,0.5845439434051514,0.5557570457458496,-0.03268656134605408,0.5960366129875183,0.6130368709564209,-0.04030187427997589,0.6084263324737549,0.6458349823951721,-0.035726115107536316,0.6359032392501831,0.6164910793304443,-0.013105550780892372,0.6267702579498291,0.5779578685760498,-0.03798850253224373,0.6308969855308533,0.6419385671615601,-0.030435645952820778,0.6343432664871216,0.6724304556846619,-0.016807975247502327,0.6663721203804016,0.6226959824562073,-0.024373047053813934,0.6553242802619934,0.6052204370498657,-0.033884305506944656,0.6549212336540222,0.6447343826293945,-0.02336832508444786,0.6560514569282532,0.65825355052948,-0.011686132289469242
0.6651737689971924,0.7735285758972168,-3.5818155197375745e-07,0.6198659539222717,0.7533074021339417,-0.01487285178154707,0.5919334888458252,0.6837419867515564,-0.022317564114928246,0.6032243967056274,0.6180682182312012,-0.030972138047218323,0.6167302131652832,0.5670439600944519,-0.035883579403162,0.571972668170929,0.636752724647522,0.0011156160617247224,0.5565245151519775,0.5932772159576416,-0.02616870030760765,0.573678195476532,0.6380754113197327,-0.041996944695711136,0.5893999338150024,0.669389009475708,-0.04768100008368492,0.60200434923172,0.6186923980712891,-0.003661707043647766,0.5841972231864929,0.5558687448501587,-0.03258400037884712,0.5969827175140381,0.6137377023696899,-0.04010280966758728,0.6091827750205994,0.6471589207649231,-0.03537154570221901,0.6350609660148621,0.6158825159072876,-0.013103063218295574,0.6269941926002502,0.5785724520683289,-0.03812691196799278,0.6317904591560364,0.6430777311325073,-0.030713612213730812,0.6349204778671265,0.6739282011985779,-0.017015960067510605,0.6658622622489929,0.6221200227737427,-0.024488525465130806,0.6553834676742554,0.6048495173454285,-0.033853679895401,0.6549184918403625,0.6455453038215637,-0.023228473961353302,0.6554855704307556,0.6601479053497314,-0.011407162994146347
0.6650083065032959,0.7737239003181458,-3.5967462963526486e-07,0.619632363319397,0.7534852027893066,-0.015027531422674656,0.591648280620575,0.6838937997817993,-0.022524472326040268,0.6030675768852234,0.6181445717811584,-0.031214389950037003,0.6167804002761841,0.5671386122703552,-0.036105211824178696,0.5718211531639099,0.6367138624191284,0.0011531225172802806,0.5567094087600708,0.5929338932037354,-0.02623947523534298,0.5738141536712646,0.6379933953285217,-0.04208345338702202,0.5894675254821777,0.6693738102912903,-0.0477658174932003,0.6019045114517212,0.6187275052070618,-0.0035843465011566877,0.584470272064209,0.5558077692985535,-0.032680388540029526,0.5973036885261536,0.6141108274459839,-0.04018021747469902,0.6094707250595093,0.6473724246025085,-0.03537764772772789,0.6350040435791016,0.6159539222717285,-0.013030711561441422,0.6272538900375366,0.5786434412002563,-0.038176409900188446,0.6320117712020874,0.6432539820671082,-0.03070499561727047,0.6350382566452026,0.6737250685691833,-0.016936054453253746,0.6658376455307007,0.6222105622291565,-0.0244423970580101,0.6556541919708252,0.6047285199165344,-0.03380006179213524,0.6551486849784851,0.6455572247505188,-0.023105928674340248,0.6555982232093811,0.6600324511528015,-0.011230893433094025
0.6650059819221497,0.7739968299865723,-3.643386605745036e-07,0.6192978024482727,0.7543277740478516,-0.015411713160574436,0.591232419013977,0.6829434633255005,-0.022645574063062668,0.6034387946128845,0.61678546667099,-0.030896460637450218,0.6168311834335327,0.5661742687225342,-0.03529144451022148,0.5712417364120483,0.6372811198234558,0.0008582443697378039,0.5562107563018799,0.5931675434112549,-0.026086658239364624,0.5729637145996094,0.6384465098381042,-0.041494499891996384,0.5885241031646729,0.6701041460037231,-0.046927500516176224,0.6015740036964417,0.6188808679580688,-0.003534905379638076,0.5838747620582581,0.5562366843223572,-0.03234745189547539,0.5965487957000732,0.6146715879440308,-0.03963245823979378,0.608905017375946,0.6485636234283447,-0.034682586789131165,0.6347214579582214,0.615752100944519,-0.01266820915043354,0.6267285346984863,0.578322172164917,-0.037454523146152496,0.6316735148429871,0.6428687572479248,-0.03000730648636818,0.6350620985031128,0.6737329959869385,-0.01633547991514206,0.6655274033546448,0.6217005848884583,-0.02381281368434429,0.6550440788269043,0.604554295539856,-0.03304512798786163,0.6548717617988586,0.6455947160720825,-0.022542161867022514,0.6557815670967102,0.660334050655365,-0.010865404270589352
0.6642351150512695,0.7736717462539673,-3.6135631376055244e-07,0.6184582710266113,0.754167914390564,-0.015033962205052376,0.5899898409843445,0.6836292743682861,-0.02212892472743988,0.6026450395584106,0.617709219455719,-0.030323578044772148,0.6159893274307251,0.5679267644882202,-0.034583646804094315,0.570766031742096,0.6383123397827148,0.00044590761535800993,0.5557991862297058,0.5920678377151489,-0.026747478172183037,0.5722882151603699,0.6379909515380859,-0.04184272512793541,0.5877610445022583,0.6695122718811035,-0.04703745245933533,0.601202666759491,0.6196255683898926,-0.004262051545083523,0.5832576751708984,0.5556999444961548,-0.03368311747908592,0.5960944890975952,0.6149134039878845,-0.04084129258990288,0.6086753606796265,0.6477203965187073,-0.035637520253658295,0.6344134211540222,0.6164613962173462,-0.013617307879030704,0.6259794235229492,0.5790978074073792,-0.03906888887286186,0.6315722465515137,0.6441621780395508,-0.031210603192448616,0.6354843974113464,0.6736583709716797,-0.017093688249588013,0.665402889251709,0.6223469972610474,-0.024905486032366753,0.6549679040908813,0.6052656769752502,-0.034424614161252975,0.6551346182823181,0.646065890789032,-0.02354031428694725,0.6562140583992004,0.6593839526176453,-0.011504114605486393
0.6646482944488525,0.7727055549621582,-3.612255170537537e-07,0.6193072199821472,0.7537378072738647,-0.015470792539417744,0.5905393362045288,0.6845746040344238,-0.022722886875271797,0.6020634770393372,0.6184616088867188,-0.03101007081568241,0.6147684454917908,0.568557858467102,-0.03519650548696518,0.5697729587554932,0.637536346912384,0.0009317942312918603,0.5550022125244141,0.5921887755393982,-0.026740653440356255,0.5720161199569702,0.6376525163650513,-0.0421445406973362,0.587300717830658,0.6682674884796143,-0.04751668497920036,0.5999646782875061,0.6183420419692993,-0.0035951866302639246,0.5820279717445374,0.5563322305679321,-0.03386089578270912,0.5955650210380554,0.6161008477210999,-0.041336290538311005,0.6079176068305969,0.6480306386947632,-0.036132145673036575,0.6330873966217041,0.6149921417236328,-0.012863921001553535,0.6250836253166199,0.5804466009140015,-0.039158646017313004,0.6315732002258301,0.6455942392349243,-0.03130151703953743,0.6354999542236328,0.6736847758293152,-0.01693340204656124,0.6642582416534424,0.620479166507721,-0.02410997822880745,0.6547872424125671,0.6056455969810486,-0.03409820795059204,0.6557026505470276,0.6462946534156799,-0.023266537114977837,0.6565910577774048,0.6581263542175293,-0.011087602935731411
0.6632550358772278,0.7721577882766724,-3.626576301485329e-07,0.6163648366928101,0.7526026964187622,-0.014099810272455215,0.5887686014175415,0.6809394359588623,-0.02136763371527195,0.6014984846115112,0.6151438355445862,-0.02991572394967079,0.6142260432243347,0.5647159218788147,-0.034717269241809845,0.5699768662452698,0.6350836753845215,0.0015628186520189047,0.5527868866920471,0.5944559574127197,-0.025799304246902466,0.5683143734931946,0.6411341428756714,-0.04138209670782089,0.5854968428611755,0.6731273531913757,-0.04662427306175232,0.5999078154563904,0.6157693862915039,-0.0033150233794003725,0.5772607326507568,0.5537738800048828,-0.033027004450559616,0.5866388082504272,0.6128534078598022,-0.04063604772090912,0.6015225052833557,0.6470302939414978,-0.035076435655355453,0.6325326561927795,0.6123847365379333,-0.012816832400858402,0.6203634142875671,0.5800936818122864,-0.03658023104071617,0.6241407990455627,0.6413248181343079,-0.02967808023095131,0.6312119364738464,0.6673688292503357,-0.016221661120653152,0.6631180644035339,0.6168904900550842,-0.024334879592061043,0.6486753225326538,0.6060377955436707,-0.03118378110229969,0.647124171257019,0.6451781392097473,-0.02075722999870777,0.6501021981239319,0.6558101177215576,-0.009449103847146034
0.664236843585968,0.7725032567977905,-3.841492741685215e-07,0.6153708100318909,0.7522770166397095,-0.016445515677332878,0.5867993235588074,0.6759673953056335,-0.02332780696451664,0.5973799228668213,0.6066461801528931,-0.030827626585960388,0.6055384874343872,0.553715169429779,-0.033899128437042236,0.5688589811325073,0.6314113736152649,0.0029737958684563637,0.5504908561706543,0.5914943218231201,-0.02433122880756855,0.5672595500946045,0.6403931379318237,-0.03925665467977524,0.5836077928543091,0.6703522801399231,-0.0441633015871048,0.5997027158737183,0.611937403678894,-0.0002937567187473178,0.5758763551712036,0.5544244647026062,-0.030796311795711517,0.5879166126251221,0.6164683103561401,-0.03808269277215004,0.6036005020141602,0.6467892527580261,-0.032227471470832825,0.6326647400856018,0.6091402769088745,-0.00867975689470768,0.6187061667442322,0.5789631605148315,-0.032881345599889755,0.6234741806983948,0.6413129568099976,-0.024486852809786797,0.6307423710823059,0.6636726260185242,-0.010273444466292858,0.6628088355064392,0.6135213375091553,-0.01943659409880638,0.6473037004470825,0.6079953908920288,-0.0268937386572361,0.6480923891067505,0.6460715532302856,-0.016466476023197174,0.6526628732681274,0.650900661945343,-0.005235380493104458
0.6641510725021362,0.7720926403999329,-3.8771958088545944e-07,0.6149306297302246,0.7505882382392883,-0.015086513943970203,0.5866663455963135,0.6732984781265259,-0.021388530731201172,0.5985012054443359,0.6054701209068298,-0.02838858775794506,0.6075902581214905,0.5536457300186157,-0.031205320730805397,0.5690512657165527,0.6316026449203491,0.0027307644486427307,0.5508255362510681,0.5911568403244019,-0.02298567071557045,0.5671433210372925,0.6390702724456787,-0.0372471921145916,0.5833438038825989,0.6693005561828613,-0.04217580705881119,0.5994963049888611,0.6129646897315979,-0.0011233675759285688,0.5756106376647949,0.554481029510498,-0.030275246128439903,0.5878587365150452,0.615333616733551,-0.0375809371471405,0.6043023467063904,0.6468733549118042,-0.032186221331357956,0.632469654083252,0.6100874543190002,-0.009700515307486057,0.6179280877113342,0.5793831944465637,-0.03219936415553093,0.6228225827217102,0.6400871276855469,-0.0242477934807539,0.6307311058044434,0.6629657745361328,-0.011016280390322208,0.662852942943573,0.6143460869789124,-0.020539673045277596,0.6462961435317993,0.610123872756958,-0.0273550134152174,0.6475262641906738,0.6474844217300415,-0.017449941486120224,0.6531324982643127,0.6522921919822693,-0.00703247357159853
0.6638029217720032,0.7711058855056763,-4.0026452552410774e-07,0.6152665615081787,0.751015305519104,-0.016205305233597755,0.586476743221283,0.6720694899559021,-0.022582199424505234,0.5976182818412781,0.6032939553260803,-0.029352789744734764,0.6070684194564819,0.5513295531272888,-0.03156556189060211,0.5692912936210632,0.6304658055305481,0.0020022650714963675,0.5513305068016052,0.5900646448135376,-0.02431960590183735,0.5677181482315063,0.6391956210136414,-0.03837205097079277,0.584052562713623,0.6704079508781433,-0.04279801622033119,0.5996420979499817,0.6122980713844299,-0.0011494733626022935,0.5762537717819214,0.5541762709617615,-0.03089701011776924,0.5883758664131165,0.6157310009002686,-0.037661563605070114,0.6046223640441895,0.6468893885612488,-0.031492989510297775,0.6323246955871582,0.6094906330108643,-0.009250519797205925,0.6179786324501038,0.5798691511154175,-0.03218206763267517,0.6231766939163208,0.6404546499252319,-0.02367307059466839,0.6311878561973572,0.6614114046096802,-0.009726696647703648,0.6626077890396118,0.6134128570556641,-0.0197161678224802,0.6456909775733948,0.6091303825378418,-0.026447460055351257,0.6474279761314392,0.6469990015029907,-0.016120102256536484,0.6534183025360107,0.6513764262199402,-0.005211666226387024
0.664267897605896,0.77009117603302,-3.8646919620077824e-07,0.616092324256897,0.750018835067749,-0.016191823408007622,0.5865665674209595,0.6728642582893372,-0.02251826785504818,0.5958370566368103,0.6035427451133728,-0.029491279274225235,0.6045196056365967,0.5505375862121582,-0.03189096972346306,0.569307804107666,0.6295450329780579,0.004248056095093489,0.5510286688804626,0.5875237584114075,-0.022748196497559547,0.5689013004302979,0.6347854137420654,-0.037469182163476944,0.5855801701545715,0.6656279563903809,-0.041919346898794174,0.5996473431587219,0.6117429137229919,0.0011703306809067726,0.5762689709663391,0.5536563396453857,-0.02846192568540573,0.5889893174171448,0.6131077408790588,-0.03586640581488609,0.6047567129135132,0.643130898475647,-0.030034882947802544,0.6320091485977173,0.6087232828140259,-0.007115482818335295,0.6183117032051086,0.580085277557373,-0.03069026954472065,0.6233569979667664,0.6400884985923767,-0.02308734320104122,0.630572497844696,0.6609715223312378,-0.009357747621834278,0.6621894240379333,0.6123312711715698,-0.017705310136079788,0.6453496217727661,0.6081423163414001,-0.02459840662777424,0.6468983292579651,0.6464967131614685,-0.014296689070761204,0.6526324152946472,0.6518375873565674,-0.0031206405255943537
0.6646643877029419,0.7701982259750366,-3.90182918863502e-07,0.6161054968833923,0.7501999139785767,-0.015255040489137173,0.587239682674408,0.6727683544158936,-0.021331671625375748,0.598048985004425,0.6042194962501526,-0.028095752000808716,0.6066537499427795,0.551582396030426,-0.030477304011583328,0.5694006085395813,0.6290202736854553,0.003803387749940157,0.5505083203315735,0.5881074070930481,-0.022454965859651566,0.5671001672744751,0.6357857584953308,-0.03691961243748665,0.5835910439491272,0.6674672365188599,-0.04143558070063591,0.5995277762413025,0.6112927794456482,0.0001393532002111897,0.5759117007255554,0.5538134574890137,-0.02835736982524395,0.5879068970680237,0.6141377091407776,-0.03528361767530441,0.6041363477706909,0.6437146067619324,-0.02957301400601864,0.6320765614509583,0.6088464856147766,-0.008517082780599594,0.6186323165893555,0.5795207023620605,-0.030958371236920357,0.622879683971405,0.6400949954986572,-0.022796377539634705,0.6306049823760986,0.660193681716919,-0.009230218827724457,0.6623778343200684,0.6133567094802856,-0.01944211684167385,0.6453139781951904,0.6086363792419434,-0.02595054730772972,0.6466658115386963,0.6469362378120422,-0.0152701111510396,0.6528893709182739,0.651502251625061,-0.004095217678695917
0.6645299196243286,0.7701756358146667,-3.9242510752046655e-07,0.6162170767784119,0.7503127455711365,-0.015371727757155895,0.5872114896774292,0.6725800037384033,-0.02149129845201969,0.5980488061904907,0.6040380001068115,-0.028249051421880722,0.6069471836090088,0.5514036417007446,-0.030660418793559074,0.5693464279174805,0.628718912601471,0.003307214006781578,0.5506535768508911,0.588172197341919,-0.02295875735580921,0.5669724941253662,0.6361111998558044,-0.037429481744766235,0.5834609866142273,0.6680350303649902,-0.04198950529098511,0.5995920896530151,0.6110965609550476,-0.0002849192242138088,0.57608562707901,0.5535609722137451,-0.028886716812849045,0.5878654718399048,0.6140456199645996,-0.035848066210746765,0.6041433811187744,0.644051194190979,-0.03016684763133526,0.6321981549263,0.6087539792060852,-0.008835560642182827,0.6186906695365906,0.5791889429092407,-0.03127617388963699,0.6227940917015076,0.6399531364440918,-0.023200588300824165,0.6303486824035645,0.66050785779953,-0.00972621887922287,0.6623861193656921,0.6133450269699097,-0.019656529650092125,0.6454151272773743,0.6089088916778564,-0.02619607001543045,0.6465647220611572,0.6473779678344727,-0.015670355409383774,0.6524995565414429,0.6521923542022705,-0.0046346853487193584
0.6635119318962097,0.769097089767456,-3.758755156013649e-07,0.6156312823295593,0.7471270561218262,-0.014810020104050636,0.587039589881897,0.6701958179473877,-0.021103626117110252,0.5977687239646912,0.6017388105392456,-0.028083020821213722,0.6069542765617371,0.548463761806488,-0.031013334169983864,0.5685368776321411,0.6302423477172852,0.002341558923944831,0.5490245223045349,0.586362898349762,-0.022947873920202255,0.5674425959587097,0.631370484828949,-0.03739085793495178,0.5840041041374207,0.6631243228912354,-0.04221630096435547,0.5991194248199463,0.6123456358909607,-0.001548748929053545,0.5750686526298523,0.5528762936592102,-0.027834249660372734,0.5874820947647095,0.6096629500389099,-0.03498757630586624,0.6023663878440857,0.6410582065582275,-0.03048725612461567,0.6318620443344116,0.6094337105751038,-0.010139443911612034,0.618104100227356,0.5790646076202393,-0.03127039223909378,0.6226672530174255,0.6384807229042053,-0.02420012652873993,0.6292182803153992,0.6624307036399841,-0.012063920497894287,0.6624562740325928,0.6136125922203064,-0.020863914862275124,0.6448558568954468,0.6089501976966858,-0.02697089873254299,0.6460440158843994,0.6472902894020081,-0.016778158023953438,0.6513296365737915,0.6554043292999268,-0.0063614132814109325
0.6639347672462463,0.7693513631820679,-3.842462206193886e-07,0.6162387132644653,0.748150646686554,-0.015138853341341019,0.5874487161636353,0.67022705078125,-0.021089846268296242,0.5987891554832458,0.6025171279907227,-0.027503643184900284,0.607693076133728,0.5503641366958618,-0.029857445508241653,0.568870484828949,0.6301875114440918,0.001634144806303084,0.5493671894073486,0.5873497128486633,-0.023355042561888695,0.5663756728172302,0.6342266798019409,-0.03723464906215668,0.582900881767273,0.664821207523346,-0.042080894112586975,0.5994852185249329,0.6112936735153198,-0.0020756989251822233,0.5752595663070679,0.5520681142807007,-0.029300391674041748,0.5870944261550903,0.6119418740272522,-0.036264125257730484,0.602778434753418,0.6419597268104553,-0.031444765627384186,0.6323146224021912,0.6085602045059204,-0.010418961755931377,0.6175609827041626,0.5767384767532349,-0.031850360333919525,0.6217198371887207,0.6378599405288696,-0.02417558804154396,0.6288096308708191,0.6601426601409912,-0.01176679227501154,0.6624544858932495,0.6129220724105835,-0.020971955731511116,0.6449543833732605,0.6102372407913208,-0.027919813990592957,0.6461786031723022,0.6486321687698364,-0.018320951610803604,0.6516731381416321,0.6541152596473694,-0.008341005071997643
0.663322925567627,0.7685796022415161,-3.8585932315982063e-07,0.6161967515945435,0.7472021579742432,-0.01533085573464632,0.5878312587738037,0.6688959002494812,-0.021650560200214386,0.5998876094818115,0.6022968292236328,-0.028258677572011948,0.6085982918739319,0.550544023513794,-0.030835872516036034,0.5687423944473267,0.6289094686508179,6.314819620456547e-05,0.549981951713562,0.5869025588035583,-0.024983979761600494,0.5667414665222168,0.6347157955169678,-0.038771092891693115,0.5831378102302551,0.6654878258705139,-0.043607622385025024,0.5993399620056152,0.6106199026107788,-0.003634788328781724,0.5755741000175476,0.5512205958366394,-0.031119706109166145,0.5870525240898132,0.6118420362472534,-0.037939202040433884,0.6026225686073303,0.6427362561225891,-0.03298265114426613,0.6322771906852722,0.6082834601402283,-0.01182038988918066,0.6177124381065369,0.5770532488822937,-0.03314515948295593,0.6220941543579102,0.6384289860725403,-0.025221439078450203,0.6294648051261902,0.660855770111084,-0.012761835008859634,0.6625077128410339,0.6128969788551331,-0.022213513031601906,0.6447305083274841,0.6118679642677307,-0.02906966581940651,0.6465564966201782,0.6504760980606079,-0.019336935132741928,0.6526932120323181,0.6554291248321533,-0.009345145896077156
0.6643038988113403,0.7683157920837402,-3.8935587554078666e-07,0.6167532205581665,0.7466179132461548,-0.014661055989563465,0.5884885191917419,0.668616771697998,-0.020699823275208473,0.6005574464797974,0.6022990942001343,-0.027105145156383514,0.6092579960823059,0.5506789684295654,-0.02945532090961933,0.5690884590148926,0.6293752789497375,6.731752364430577e-05,0.5490936636924744,0.5867990255355835,-0.024038497358560562,0.5660443902015686,0.634709894657135,-0.037030719220638275,0.5821595191955566,0.6647372245788574,-0.04167662933468819,0.5994477272033691,0.6102228164672852,-0.003959119785577059,0.5751712918281555,0.5517145395278931,-0.030269192531704903,0.5878879427909851,0.6128734350204468,-0.03622535616159439,0.6036337614059448,0.6424211859703064,-0.031127534806728363,0.6325110793113708,0.6077620387077332,-0.012351218611001968,0.6177506446838379,0.5781074166297913,-0.03260144218802452,0.6226533651351929,0.6393054127693176,-0.02392170950770378,0.6301963329315186,0.6602365970611572,-0.011472747661173344,0.6629230380058289,0.6127308011054993,-0.022963861003518105,0.6452581882476807,0.6126647591590881,-0.029185818508267403,0.6472150087356567,0.6504910588264465,-0.019107015803456306,0.6533221006393433,0.6544218063354492,-0.009205673821270466
0.6644943952560425,0.7693387866020203,-3.8877621477695357e-07,0.6169703006744385,0.746727705001831,-0.015129591338336468,0.5885923504829407,0.6689426898956299,-0.021547000855207443,0.6007287502288818,0.602443516254425,-0.028340686112642288,0.6098421216011047,0.5506777763366699,-0.031111830845475197,0.5692824125289917,0.629089891910553,-5.3816787840332836e-05,0.5496858358383179,0.5875293612480164,-0.02500556968152523,0.5662280321121216,0.6356949806213379,-0.038877908140420914,0.5822404623031616,0.6660551428794861,-0.04404144734144211,0.5998348593711853,0.6102758646011353,-0.00410544453188777,0.5757369995117188,0.5513855814933777,-0.031775716692209244,0.5879583954811096,0.6128538846969604,-0.03853501379489899,0.6037548184394836,0.6437390446662903,-0.03367873281240463,0.6329969763755798,0.6082389950752258,-0.012607080861926079,0.6181226372718811,0.5776443481445312,-0.03385232761502266,0.6228443384170532,0.638814389705658,-0.025494728237390518,0.6304948329925537,0.6608690023422241,-0.01295247208327055,0.6634752750396729,0.613652765750885,-0.023362502455711365,0.6460429430007935,0.6120626330375671,-0.03025200217962265,0.6479620337486267,0.6497628092765808,-0.02035854011774063,0.6541154980659485,0.654060423374176,-0.010403956286609173
0.663792073726654,0.7695392370223999,-3.873886385008518e-07,0.6158265471458435,0.7460081577301025,-0.014709779992699623,0.5878915786743164,0.6680077314376831,-0.020898405462503433,0.5999910235404968,0.6014176607131958,-0.027577832341194153,0.6095449924468994,0.5500612854957581,-0.030180074274539948,0.5696553587913513,0.6281076669692993,0.0009254825417883694,0.5509300231933594,0.5864495635032654,-0.023614471778273582,0.5670191645622253,0.6350020170211792,-0.037009287625551224,0.5828195214271545,0.6646949648857117,-0.04180216044187546,0.6002612113952637,0.6104878783226013,-0.0030702922958880663,0.5764153599739075,0.5511875748634338,-0.030589347705245018,0.5880115032196045,0.6124058961868286,-0.03701021522283554,0.603976845741272,0.6430239677429199,-0.03178130462765694,0.6334115266799927,0.6089914441108704,-0.011502718552947044,0.6187736988067627,0.5768755674362183,-0.03266529366374016,0.6230874061584473,0.6382129192352295,-0.023998569697141647,0.6307500004768372,0.6610025763511658,-0.011039556004106998,0.6635987758636475,0.6144589781761169,-0.022152476012706757,0.6459727883338928,0.6104022264480591,-0.028556810691952705,0.6471133828163147,0.6485814452171326,-0.018247222527861595,0.6530059576034546,0.6539666056632996,-0.00792060699313879
0.6643401384353638,0.7702265977859497,-3.8819467818029807e-07,0.6162430047988892,0.7473515272140503,-0.01505325734615326,0.588337242603302,0.6689977049827576,-0.021263549104332924,0.5995995998382568,0.6015118360519409,-0.027908693999052048,0.6082389950752258,0.5492880344390869,-0.030446024611592293,0.5700790286064148,0.6286828517913818,0.0015084968181326985,0.5507405400276184,0.5867456197738647,-0.02289983443915844,0.56744784116745,0.6349455118179321,-0.03631553426384926,0.5832599997520447,0.6647768020629883,-0.04098721221089363,0.6006365418434143,0.6110939383506775,-0.0020932964980602264,0.576259434223175,0.5522844791412354,-0.029075413942337036,0.5883483290672302,0.6122565269470215,-0.03556379675865173,0.604324996471405,0.6429672837257385,-0.030456842854619026,0.6336345076560974,0.6089396476745605,-0.010210629552602768,0.6187793612480164,0.577197790145874,-0.031223049387335777,0.6231134533882141,0.638305127620697,-0.022848766297101974,0.6305220723152161,0.6619270443916321,-0.010026263073086739,0.6638179421424866,0.6135215163230896,-0.020558569580316544,0.6457011699676514,0.6096959710121155,-0.026777038350701332,0.6468635201454163,0.6485649347305298,-0.016471410170197487,0.652755856513977,0.6550449132919312,-0.0060884603299200535
0.6639607548713684,0.7707105278968811,-3.8024251125534647e-07,0.6169463396072388,0.7478921413421631,-0.0138857988640666,0.5892303586006165,0.6693285703659058,-0.019641000777482986,0.603035569190979,0.6046299934387207,-0.02597077004611492,0.6172634363174438,0.5562913417816162,-0.02831396646797657,0.571488618850708,0.6279094219207764,0.00020488622249104083,0.5538250207901001,0.5882958173751831,-0.023316172882914543,0.5684113502502441,0.637241780757904,-0.03596920147538185,0.5840165615081787,0.6650669574737549,-0.04087954759597778,0.6019721031188965,0.6098268032073975,-0.004103199113160372,0.5786616802215576,0.5520309805870056,-0.030985325574874878,0.5890297889709473,0.6122205257415771,-0.03697638213634491,0.6048280000686646,0.6402952671051025,-0.03187372162938118,0.6348713636398315,0.6083920001983643,-0.012585951015353203,0.620375394821167,0.5791098475456238,-0.0327739417552948,0.6237354874610901,0.6400866508483887,-0.02406945824623108,0.6309866309165955,0.6612017154693604,-0.011579873040318489,0.6641198992729187,0.6142439842224121,-0.02332288958132267,0.6467119455337524,0.6129223108291626,-0.029279101639986038,0.6468393206596375,0.6499342322349548,-0.019593097269535065,0.6520784497261047,0.6539672017097473,-0.010036328807473183
0.6643587350845337,0.7709412574768066,-3.779616122301377e-07,0.6164494156837463,0.7482289671897888,-0.014070801436901093,0.5894266366958618,0.6722313165664673,-0.02084297500550747,0.6018065810203552,0.6065678596496582,-0.02848145179450512,0.6154710650444031,0.5569860935211182,-0.0319783054292202,0.5729076266288757,0.6277819275856018,0.0006806002929806709,0.554665207862854,0.5862379670143127,-0.024808961898088455,0.5692509412765503,0.6354361176490784,-0.03826085478067398,0.5845938324928284,0.6637690663337708,-0.04291343688964844,0.603561520576477,0.6105948090553284,-0.0038596733938902617,0.5811004042625427,0.5521643757820129,-0.03227527067065239,0.5912425518035889,0.613062858581543,-0.037950895726680756,0.6065106391906738,0.6412574052810669,-0.03197672218084335,0.6365445256233215,0.609814465045929,-0.012888744473457336,0.6219847202301025,0.5799859762191772,-0.03497001528739929,0.625149667263031,0.6409086585044861,-0.025558553636074066,0.6330720782279968,0.6612932085990906,-0.0117496894672513,0.6660691499710083,0.6162607669830322,-0.024119285866618156,0.6478875875473022,0.6111520528793335,-0.030686743557453156,0.64787358045578,0.648913562297821,-0.01984296925365925,0.6540424823760986,0.6535530686378479,-0.008877498097717762
0.6638099551200867,0.7716453075408936,-3.8140191804814094e-07,0.6162004470825195,0.7478644847869873,-0.014503395184874535,0.5893514752388,0.6690400838851929,-0.02080010436475277,0.6036961078643799,0.6051591038703918,-0.02752072364091873,0.618486225605011,0.5573903322219849,-0.030053913593292236,0.5723926424980164,0.6260205507278442,-0.0010343861067667603,0.55552077293396,0.5875635743141174,-0.025515489280223846,0.569266140460968,0.6375613212585449,-0.038017548620700836,0.5840209722518921,0.6652487516403198,-0.04236815124750137,0.603667140007019,0.6094949841499329,-0.0051431963220238686,0.5821826457977295,0.5532079339027405,-0.032994914799928665,0.5917981863021851,0.615080714225769,-0.038145728409290314,0.6067502498626709,0.6431800127029419,-0.03192916139960289,0.6371087431907654,0.6093695759773254,-0.013548754155635834,0.6232357621192932,0.5815200805664062,-0.03516048192977905,0.625981867313385,0.6427484750747681,-0.025744199752807617,0.6334728598594666,0.6625547409057617,-0.012108981609344482,0.6664552092552185,0.6165786385536194,-0.02413855865597725,0.6487515568733215,0.6135426163673401,-0.031007183715701103,0.648887574672699,0.6509955525398254,-0.020646724849939346,0.655057966709137,0.654863715171814,-0.01004190556704998
0.6641666293144226,0.7728914618492126,-3.7184477719165443e-07,0.6166324615478516,0.7498053908348083,-0.01531804259866476,0.5904479026794434,0.672782838344574,-0.02223057858645916,0.6037099361419678,0.6072986721992493,-0.02963963896036148,0.6180076003074646,0.5582560300827026,-0.03281708434224129,0.5731768608093262,0.627392590045929,-0.00025181015371344984,0.5572355389595032,0.5873492360115051,-0.025921287015080452,0.5723052620887756,0.6359759569168091,-0.03949890658259392,0.5869572162628174,0.6640150547027588,-0.044096894562244415,0.6044996976852417,0.611060619354248,-0.0041053867898881435,0.5836591720581055,0.5541678071022034,-0.032872069627046585,0.5939208269119263,0.614923894405365,-0.03886708989739418,0.6083261966705322,0.6445133090019226,-0.03277771919965744,0.6377597451210022,0.6105313301086426,-0.012489190325140953,0.6240487098693848,0.5819360017776489,-0.03529511019587517,0.6273706555366516,0.6432273387908936,-0.026501048356294632,0.6343956589698792,0.6652876734733582,-0.01262720488011837,0.6674522161483765,0.6173145771026611,-0.023068290203809738,0.6506233811378479,0.6134347319602966,-0.03034968674182892,0.6508481502532959,0.6510605216026306,-0.019939430058002472,0.656295120716095,0.6561347246170044,-0.008855985477566719
0.6640669703483582,0.7735815644264221,-3.809543045463215e-07,0.6174825429916382,0.7498153448104858,-0.015135799534618855,0.5920985341072083,0.6734059453010559,-0.021959051489830017,0.6045956611633301,0.608323872089386,-0.029274236410856247,0.6187898516654968,0.5596486330032349,-0.03218027576804161,0.5756846070289612,0.6261579990386963,-0.0004249552439432591,0.5592814087867737,0.5880469679832458,-0.02635490521788597,0.5736715793609619,0.6385236382484436,-0.03949202969670296,0.5879473686218262,0.6647873520851135,-0.04387456551194191,0.6067669987678528,0.6108148694038391,-0.004470034968107939,0.5854360461235046,0.5551784634590149,-0.033781085163354874,0.5950628519058228,0.6171942949295044,-0.0391005277633667,0.609123170375824,0.6447460055351257,-0.032579634338617325,0.6398925185203552,0.6119105219841003,-0.013044137507677078,0.625335156917572,0.5836435556411743,-0.036487992852926254,0.6286707520484924,0.645666778087616,-0.026690969243645668,0.6360262632369995,0.6661335229873657,-0.012153886258602142,0.6691933870315552,0.6199415326118469,-0.023810621351003647,0.6522364616394043,0.6162219643592834,-0.03160322457551956,0.6521174311637878,0.654064953327179,-0.02094040997326374,0.6573819518089294,0.658130943775177,-0.009668679907917976
0.6648099422454834,0.7751865983009338,-3.7338384117902024e-07,0.6164851188659668,0.751176118850708,-0.015268717892467976,0.5912036895751953,0.6725531816482544,-0.022237900644540787,0.6066381931304932,0.6088364124298096,-0.02941698580980301,0.6221924424171448,0.5607714653015137,-0.03222009912133217,0.5770966410636902,0.6262835264205933,-0.0022309354972094297,0.561288595199585,0.5892046689987183,-0.02716614492237568,0.575059711933136,0.6405004262924194,-0.03950539603829384,0.5894259810447693,0.665246844291687,-0.04392701014876366,0.608896017074585,0.6105140447616577,-0.006300559267401695,0.5873420238494873,0.5563194155693054,-0.03495253622531891,0.5960326194763184,0.6192070841789246,-0.039703335613012314,0.6109190583229065,0.6461753845214844,-0.03311779722571373,0.6425298452377319,0.6117562055587769,-0.014708582311868668,0.6269915103912354,0.5839769840240479,-0.03701552376151085,0.6298346519470215,0.6462242603302002,-0.02655945159494877,0.638109564781189,0.6653152108192444,-0.012186843901872635,0.6721487045288086,0.6202083826065063,-0.025407608598470688,0.6540936231613159,0.6191409230232239,-0.03280014544725418,0.6536105275154114,0.6570478677749634,-0.022161895409226418,0.6595757007598877,0.6598312854766846,-0.011249324306845665
0.66572505235672,0.7756819725036621,-3.973092930209532e-07,0.6166612505912781,0.7520628571510315,-0.015253978781402111,0.5914991497993469,0.6742267608642578,-0.02221721038222313,0.6061607003211975,0.6092671751976013,-0.029669256880879402,0.6202335953712463,0.559630811214447,-0.03289787098765373,0.5776830315589905,0.6277473568916321,-0.00040871964301913977,0.5585910081863403,0.5906584858894348,-0.02629620023071766,0.572855532169342,0.6405986547470093,-0.0399223268032074,0.5883005261421204,0.670014500617981,-0.04443202167749405,0.6089922189712524,0.6114823818206787,-0.004515090491622686,0.5873691439628601,0.5585014820098877,-0.032293498516082764,0.5968371629714966,0.620574951171875,-0.03760231286287308,0.6114972233772278,0.6495490074157715,-0.03158624470233917,0.6421258449554443,0.6115073561668396,-0.013326152227818966,0.6281710863113403,0.5860669016838074,-0.035638995468616486,0.6301032304763794,0.6463990807533264,-0.026569336652755737,0.637976348400116,0.6654535531997681,-0.012993350625038147,0.6723120212554932,0.6191418766975403,-0.024350829422473907,0.6538577675819397,0.6153794527053833,-0.03125812113285065,0.6533271670341492,0.6547667384147644,-0.020357992500066757,0.6601179242134094,0.6609228253364563,-0.009250428527593613
0.6656968593597412,0.774270236492157,-3.840878548544424e-07,0.6174416542053223,0.7527511119842529,-0.016536585986614227,0.5914735198020935,0.6744682192802429,-0.02363664284348488,0.6079716682434082,0.6094304323196411,-0.030667847022414207,0.6249566674232483,0.5613595247268677,-0.03325986862182617,0.5776049494743347,0.6287265419960022,-0.0030614088755100965,0.561545193195343,0.5909755825996399,-0.028491726145148277,0.5744712352752686,0.6414906978607178,-0.041124336421489716,0.5890326499938965,0.6695631742477417,-0.04536721855401993,0.6089720129966736,0.6129240989685059,-0.006435437593609095,0.5897055864334106,0.5576841831207275,-0.034901805222034454,0.5977896451950073,0.6212107539176941,-0.03956759721040726,0.6118806600570679,0.6492732167243958,-0.03287344425916672,0.6425473690032959,0.6137477159500122,-0.014393637888133526,0.6306620240211487,0.5862828493118286,-0.03701884299516678,0.6320264935493469,0.648064374923706,-0.027209481224417686,0.6391295194625854,0.6666039228439331,-0.013039089739322662,0.6728338003158569,0.6218110918998718,-0.024677429348230362,0.6568487882614136,0.6168517470359802,-0.03242538496851921,0.6563408374786377,0.654935896396637,-0.0219276063144207,0.6623246669769287,0.65910404920578,-0.01093841902911663
0.6659417152404785,0.774212121963501,-3.78012941837369e-07,0.6191167831420898,0.7513969540596008,-0.016107473522424698,0.5935117602348328,0.6751168370246887,-0.023164818063378334,0.6084449291229248,0.6107512712478638,-0.03034858964383602,0.6243752837181091,0.5624744892120361,-0.03309288248419762,0.5778418779373169,0.6294898390769958,-0.0017863524844869971,0.5606592893600464,0.590972900390625,-0.02719968929886818,0.5742359757423401,0.6405894756317139,-0.039891522377729416,0.588621973991394,0.6678544878959656,-0.04415721446275711,0.6092783212661743,0.6129839420318604,-0.0053102923557162285,0.5897076725959778,0.5588918328285217,-0.033566322177648544,0.598949670791626,0.621616780757904,-0.03836311399936676,0.6127957105636597,0.6479796171188354,-0.03188658878207207,0.6427728533744812,0.6133193373680115,-0.013473988510668278,0.6309400200843811,0.5880042910575867,-0.036162104457616806,0.6325492858886719,0.6492918133735657,-0.02661777101457119,0.6390371918678284,0.6665127873420715,-0.012669137679040432,0.6728600859642029,0.6210782527923584,-0.023911012336611748,0.6568297147750854,0.6189125180244446,-0.031628914177417755,0.6562590599060059,0.6571230888366699,-0.02121802791953087,0.6617504954338074,0.6607931852340698,-0.010316934436559677
0.6658905744552612,0.774840235710144,-3.9054316403053235e-07,0.6204591393470764,0.7519140839576721,-0.01640055887401104,0.5951041579246521,0.6772516369819641,-0.023752419278025627,0.6067339777946472,0.611163854598999,-0.03157668560743332,0.6218400001525879,0.5603984594345093,-0.03500359505414963,0.5801520347595215,0.6279841065406799,0.0008141371072269976,0.5626412034034729,0.5908445119857788,-0.02589653804898262,0.5770732164382935,0.6402217149734497,-0.040089741349220276,0.5916617512702942,0.6701549887657166,-0.044740382581949234,0.6108390092849731,0.6116718649864197,-0.0026003781240433455,0.5905424356460571,0.5599193572998047,-0.0315597839653492,0.6004594564437866,0.6216749548912048,-0.03742322325706482,0.6143094897270203,0.6502180695533752,-0.03126087039709091,0.6437915563583374,0.6115497946739197,-0.010997770354151726,0.6316134333610535,0.5878031849861145,-0.03467174991965294,0.6340564489364624,0.6488131880760193,-0.02595936693251133,0.6406069993972778,0.6686384081840515,-0.011861564591526985,0.6737759709358215,0.619153618812561,-0.021672111004590988,0.657783031463623,0.6164862513542175,-0.029469653964042664,0.6576211452484131,0.6547433733940125,-0.018999824300408363,0.6632001996040344,0.6601835489273071,-0.00762665830552578
0.6674075722694397,0.774207592010498,-3.7380956996457826e-07,0.6200375556945801,0.7524715065956116,-0.01763591542840004,0.5945164561271667,0.6784836053848267,-0.025071904063224792,0.6050754189491272,0.6116848587989807,-0.03258233144879341,0.6182340979576111,0.5595355033874512,-0.03528207167983055,0.5785015225410461,0.6286070346832275,0.0020066883880645037,0.5615082383155823,0.5911312699317932,-0.024871857836842537,0.5765221118927002,0.6395307779312134,-0.038884226232767105,0.5917267799377441,0.6676576137542725,-0.043378718197345734,0.6103442311286926,0.611564576625824,-0.0005963988369330764,0.5907215476036072,0.5605629086494446,-0.03020515851676464,0.6011349558830261,0.623647153377533,-0.036075614392757416,0.6151160001754761,0.6498615741729736,-0.0296148881316185,0.6436558365821838,0.6112393140792847,-0.008470566011965275,0.6318038702011108,0.5900477766990662,-0.03293589875102043,0.6337406635284424,0.650015652179718,-0.024202829226851463,0.6399844884872437,0.6649476289749146,-0.009934247471392155,0.6733381152153015,0.6184722781181335,-0.01870822347700596,0.6577098965644836,0.6176342964172363,-0.02680451236665249,0.6579166650772095,0.6549417972564697,-0.0164168830960989,0.663517415523529,0.6570972204208374,-0.005045143887400627
0.6669029593467712,0.7745160460472107,-3.765528617805103e-07,0.6195352673530579,0.7530279159545898,-0.017111366614699364,0.5940939784049988,0.6772283315658569,-0.024219101294875145,0.6075218915939331,0.6114221215248108,-0.03133588656783104,0.6223922967910767,0.5616170763969421,-0.033853452652692795,0.5788190960884094,0.6304513812065125,0.0003412521618884057,0.5623300671577454,0.5920743346214294,-0.025851577520370483,0.5768203735351562,0.6411132216453552,-0.039365530014038086,0.5918688774108887,0.6698997020721436,-0.043658215552568436,0.610201895236969,0.6134605407714844,-0.0025061145424842834,0.5905274152755737,0.5600383877754211,-0.03136018291115761,0.600087583065033,0.6222283244132996,-0.03709346428513527,0.614043116569519,0.6492739319801331,-0.030701693147420883,0.6433950662612915,0.6127097606658936,-0.010330546647310257,0.6317527890205383,0.5886269211769104,-0.033958084881305695,0.6334807872772217,0.6495050191879272,-0.02540232613682747,0.6396567821502686,0.6666902303695679,-0.011404503136873245,0.673401415348053,0.6194329857826233,-0.020452436059713364,0.6577473282814026,0.6171659827232361,-0.028436679393053055,0.6574678421020508,0.6557449698448181,-0.01819278486073017,0.6628198623657227,0.6600674390792847,-0.006961244158446789
0.6676039695739746,0.7756093740463257,-3.7916981909802416e-07,0.6201214790344238,0.7540258169174194,-0.016286974772810936,0.5945217609405518,0.6787751913070679,-0.02379094995558262,0.6080347299575806,0.61275315284729,-0.03158332407474518,0.6228907704353333,0.5621936321258545,-0.0350666418671608,0.5795645117759705,0.6311882734298706,0.00013837750884704292,0.5620326995849609,0.5926549434661865,-0.02594740502536297,0.5765692591667175,0.6404541730880737,-0.04026855155825615,0.5916562080383301,0.6708147525787354,-0.045269034802913666,0.6103132963180542,0.6142773032188416,-0.0033361271489411592,0.5902180075645447,0.5613522529602051,-0.03159616142511368,0.6001003980636597,0.6221114993095398,-0.03784729167819023,0.6145667433738708,0.6512417793273926,-0.032265350222587585,0.6432758569717407,0.6133286952972412,-0.011643696576356888,0.6316226124763489,0.5882388949394226,-0.034291867166757584,0.6335448026657104,0.6479395627975464,-0.025867914780974388,0.6401737332344055,0.6675429344177246,-0.012420134618878365,0.6735498905181885,0.6201335787773132,-0.022262610495090485,0.6576759815216064,0.6168041229248047,-0.029763879254460335,0.6575830578804016,0.6549795866012573,-0.019402582198381424,0.6633241176605225,0.660697877407074,-0.008349034003913403
0.6667592525482178,0.7759294509887695,-3.7525902030211e-07,0.619147002696991,0.7539994716644287,-0.016594616696238518,0.5935536026954651,0.6778122186660767,-0.023964276537299156,0.6083978414535522,0.6127199530601501,-0.03146019205451012,0.6253272891044617,0.5635960102081299,-0.03451463580131531,0.5788121223449707,0.6326228380203247,-0.0010824212804436684,0.5623503923416138,0.5923899412155151,-0.02690425142645836,0.576938807964325,0.6411964297294617,-0.040309593081474304,0.5915479063987732,0.671215295791626,-0.04470060393214226,0.6102046370506287,0.6149205565452576,-0.004151060711592436,0.5904979705810547,0.5605449676513672,-0.03255476430058479,0.6003419160842896,0.6225624680519104,-0.0381229966878891,0.6143606305122375,0.6513062715530396,-0.031839173287153244,0.6435315608978271,0.6136009693145752,-0.011996358633041382,0.6321925520896912,0.5882689356803894,-0.03449758514761925,0.6338978409767151,0.6484580636024475,-0.02590887062251568,0.6398257613182068,0.6673239469528198,-0.012265373021364212,0.6737119555473328,0.6199738383293152,-0.02215001732110977,0.6584003567695618,0.6165984869003296,-0.029187729582190514,0.6580517292022705,0.6541537642478943,-0.01888902857899666,0.6632685661315918,0.658873438835144,-0.007943084463477135
0.6672520637512207,0.776801347732544,-3.788996991715976e-07,0.6199659109115601,0.7539975643157959,-0.017047440633177757,0.5947629809379578,0.6780712604522705,-0.024689707905054092,0.6086090803146362,0.6127977967262268,-0.03244269639253616,0.6245315074920654,0.5631330013275146,-0.03575042635202408,0.5794592499732971,0.6295721530914307,-0.00046357320388779044,0.5624150037765503,0.5931268334388733,-0.02667374163866043,0.5777503848075867,0.641103208065033,-0.04116527736186981,0.592808723449707,0.6709717512130737,-0.0462665781378746,0.6109367609024048,0.6130902171134949,-0.0035055954940617085,0.5913934707641602,0.5623619556427002,-0.03191732242703438,0.601589024066925,0.6234279274940491,-0.0381457544863224,0.6153903007507324,0.6532056927680969,-0.032456982880830765,0.6443537473678589,0.6130364537239075,-0.011423889547586441,0.6323877573013306,0.5906553268432617,-0.03406601771712303,0.634640634059906,0.6501302719116211,-0.025741994380950928,0.6409890651702881,0.6697957515716553,-0.012336637824773788,0.6746402978897095,0.6212396621704102,-0.021730130538344383,0.6586646437644958,0.6206791996955872,-0.029120303690433502,0.6587839126586914,0.658408522605896,-0.01888035610318184,0.6645354628562927,0.6637134552001953,-0.007879863493144512
0.6674367189407349,0.7778328657150269,-3.602191895879514e-07,0.6194068789482117,0.7545748353004456,-0.016785409301519394,0.5944631099700928,0.6786995530128479,-0.024298125877976418,0.608320951461792,0.6137120127677917,-0.03202288597822189,0.6234515905380249,0.563914954662323,-0.03532109037041664,0.5787763595581055,0.6318700909614563,0.0007120113587006927,0.5627414584159851,0.5950849652290344,-0.025648459792137146,0.5780817866325378,0.643245279788971,-0.04017041623592377,0.5933162569999695,0.6732107400894165,-0.04516538605093956,0.6107266545295715,0.6151413917541504,-0.002422378631308675,0.5913911461830139,0.5622928142547607,-0.031185252591967583,0.6012850999832153,0.6234148740768433,-0.03768317028880119,0.6155068874359131,0.6528236269950867,-0.03191382437944412,0.644443154335022,0.6149303913116455,-0.010446847416460514,0.6331416964530945,0.5911932587623596,-0.033420249819755554,0.6349570751190186,0.650630533695221,-0.02501688525080681,0.6412121653556824,0.6697561144828796,-0.011271115392446518,0.674550473690033,0.6226826310157776,-0.02081909030675888,0.6592472791671753,0.6192862391471863,-0.02791101112961769,0.6590592265129089,0.6561155319213867,-0.017241375520825386,0.6644437909126282,0.6607488989830017,-0.0058491425588727
0.6674789786338806,0.7780882716178894,-3.7622294257744215e-07,0.6195638179779053,0.7578103542327881,-0.017379095777869225,0.5941541194915771,0.6789902448654175,-0.02474125288426876,0.6111472845077515,0.6136348247528076,-0.03170182928442955,0.6275951862335205,0.5648742318153381,-0.034273043274879456,0.5791017413139343,0.6321778893470764,-0.0031014850828796625,0.562240481376648,0.5977177023887634,-0.028249472379684448,0.5774121284484863,0.6479553580284119,-0.04163188487291336,0.5928358435630798,0.6768640875816345,-0.04654094576835632,0.6110211610794067,0.6138597130775452,-0.005873745307326317,0.5903239250183105,0.5624449253082275,-0.033827293664216995,0.5993242859840393,0.6252204775810242,-0.03935956954956055,0.613595724105835,0.6541098952293396,-0.03342653065919876,0.6445852518081665,0.6135156154632568,-0.013215585611760616,0.6332398056983948,0.5930790305137634,-0.03490893542766571,0.6348001956939697,0.6547558903694153,-0.025694487616419792,0.6411745548248291,0.67317795753479,-0.012153255753219128,0.6744020581245422,0.6215858459472656,-0.023029891774058342,0.65870201587677,0.6251953840255737,-0.029982205480337143,0.6591838598251343,0.6627457141876221,-0.019672513008117676,0.6652275323867798,0.665143609046936,-0.00899479165673256
0.6669568419456482,0.7788178324699402,-3.8742700780858286e-07,0.6196050047874451,0.7573839426040649,-0.01712539978325367,0.5945889353752136,0.6787182092666626,-0.02440493367612362,0.6109296679496765,0.6134321093559265,-0.031585149466991425,0.6280827522277832,0.5655972361564636,-0.034437622874975204,0.5792505145072937,0.6308967471122742,-0.002639008453115821,0.5622468590736389,0.5964054465293884,-0.027956774458289146,0.5768963098526001,0.6467833518981934,-0.04147989675402641,0.5917200446128845,0.6769466400146484,-0.046279504895210266,0.6106977462768555,0.6138197779655457,-0.005743687506765127,0.5911563634872437,0.5622531771659851,-0.03372747078537941,0.6003697514533997,0.6250501871109009,-0.039079450070858,0.6139009594917297,0.6554558873176575,-0.03290647268295288,0.6442145109176636,0.613965630531311,-0.01352537702769041,0.632972776889801,0.592033863067627,-0.03544383496046066,0.6346477270126343,0.6528019905090332,-0.026611581444740295,0.6408559083938599,0.6725302934646606,-0.01317871268838644,0.6746701002120972,0.6224086284637451,-0.023735668510198593,0.659019947052002,0.6229310035705566,-0.030534543097019196,0.6588444113731384,0.6607932448387146,-0.020179811865091324,0.6644928455352783,0.665073037147522,-0.0094438586384058
0.6672073006629944,0.7786683440208435,-3.907221355348156e-07,0.6196367144584656,0.7576383948326111,-0.017069928348064423,0.5944123268127441,0.6790409684181213,-0.024349071085453033,0.6104322671890259,0.6135027408599854,-0.03160012140870094,0.6272575259208679,0.5653979778289795,-0.03450176119804382,0.57956463098526,0.6307712197303772,-0.0022887950763106346,0.5621433854103088,0.5964371562004089,-0.028000377118587494,0.576837420463562,0.6465335488319397,-0.04179717227816582,0.5917606353759766,0.6771702766418457,-0.04660659283399582,0.6108929514884949,0.6136860251426697,-0.005471804644912481,0.5911946296691895,0.5624849200248718,-0.03365101292729378,0.6004920601844788,0.6251332759857178,-0.03911230340600014,0.6140548586845398,0.6556307673454285,-0.03291643410921097,0.6443246603012085,0.6137457489967346,-0.013406788930296898,0.633280873298645,0.5924971699714661,-0.035590801388025284,0.6350117921829224,0.6531436443328857,-0.026833120733499527,0.6412690877914429,0.6727727651596069,-0.013311758637428284,0.6748018860816956,0.6222469806671143,-0.023767981678247452,0.659259021282196,0.6224307417869568,-0.030615322291851044,0.6591191291809082,0.6603924632072449,-0.020168444141745567,0.6648730039596558,0.6650756001472473,-0.009278522804379463
0.6679791212081909,0.7781318426132202,-3.8985010064607195e-07,0.6205689907073975,0.7568781971931458,-0.016800308600068092,0.5951082706451416,0.6777063608169556,-0.023759201169013977,0.6110332012176514,0.6125333309173584,-0.03073260188102722,0.6286264657974243,0.5646493434906006,-0.03342883661389351,0.5801661014556885,0.6312313079833984,-0.002035981509834528,0.5626093149185181,0.5957863330841064,-0.027065960690379143,0.576298177242279,0.646148145198822,-0.040401432663202286,0.5913988351821899,0.6767181754112244,-0.04505377262830734,0.6111514568328857,0.6142439842224121,-0.005172170232981443,0.5915760397911072,0.5615071654319763,-0.03301185742020607,0.6001101732254028,0.6237649321556091,-0.03843360394239426,0.6141626238822937,0.6545411944389343,-0.03221821039915085,0.644200325012207,0.6136857867240906,-0.013003187254071236,0.6327764391899109,0.5902992486953735,-0.03492869436740875,0.6344454288482666,0.6500910520553589,-0.02663000486791134,0.6414910554885864,0.6698445081710815,-0.013406563550233841,0.6744230389595032,0.6211682558059692,-0.023214155808091164,0.6584085822105408,0.6192911863327026,-0.030032332986593246,0.658002495765686,0.6572035551071167,-0.0199852604418993,0.6640624403953552,0.6626477837562561,-0.009408951736986637
0.6674614548683167,0.777428925037384,-3.898608156305272e-07,0.6211166977882385,0.7552981376647949,-0.016866357997059822,0.5963391065597534,0.6781429648399353,-0.024020608514547348,0.6120760440826416,0.6126096248626709,-0.031259603798389435,0.6292245388031006,0.5644502639770508,-0.03420353680849075,0.5796002745628357,0.6306663751602173,-0.0014089331962168217,0.5632229447364807,0.5946156978607178,-0.02684824727475643,0.5764384269714355,0.6445069313049316,-0.04066196456551552,0.5911844968795776,0.675512433052063,-0.04557723551988602,0.6108676791191101,0.6143484115600586,-0.004739200696349144,0.5918306112289429,0.5613166689872742,-0.03294765204191208,0.6002313494682312,0.6234140992164612,-0.038743384182453156,0.6140298843383789,0.6544430255889893,-0.0328163206577301,0.6442674994468689,0.614138662815094,-0.012834938243031502,0.6338228583335876,0.5899896621704102,-0.03535608574748039,0.6347922682762146,0.6507009863853455,-0.027080077677965164,0.6408477425575256,0.6718281507492065,-0.013743000105023384,0.6749163866043091,0.6220709681510925,-0.02330373413860798,0.6602796912193298,0.6189911365509033,-0.03058408387005329,0.6592299342155457,0.6574350595474243,-0.020460497587919235,0.6642670631408691,0.6636974811553955,-0.009727302938699722
0.6672288775444031,0.7758390307426453,-3.875450147461379e-07,0.6201156973838806,0.752324640750885,-0.01689876616001129,0.595568835735321,0.675833523273468,-0.024191254749894142,0.6118910908699036,0.6107961535453796,-0.03152097016572952,0.6287688612937927,0.5632598400115967,-0.03447738662362099,0.5799970626831055,0.6288024187088013,-0.0011777522740885615,0.5628934502601624,0.5938867330551147,-0.026752278208732605,0.5767138600349426,0.6437641978263855,-0.04062464460730553,0.5916861891746521,0.6737613081932068,-0.045571066439151764,0.6113863587379456,0.612396240234375,-0.004456271417438984,0.5921354293823242,0.5615010261535645,-0.03260042145848274,0.6012253761291504,0.6235917806625366,-0.03838038444519043,0.6151895523071289,0.6531234383583069,-0.032526351511478424,0.6445925235748291,0.6122826933860779,-0.012554732151329517,0.6336951851844788,0.59051114320755,-0.03527700901031494,0.6352396011352539,0.6511958837509155,-0.026940705254673958,0.6417564749717712,0.670859158039093,-0.013556204736232758,0.6748811602592468,0.6205012798309326,-0.023004092276096344,0.6594782471656799,0.6198492646217346,-0.03054785169661045,0.6590961217880249,0.6585159301757812,-0.02045654132962227,0.6648592948913574,0.663802444934845,-0.00967887882143259
0.6676531434059143,0.7741265296936035,-3.756813384825364e-07,0.6216902732849121,0.7518830299377441,-0.01782383769750595,0.596422553062439,0.6781185865402222,-0.025775238871574402,0.6095930933952332,0.6122814416885376,-0.03367609903216362,0.6257914900779724,0.5623953342437744,-0.037059906870126724,0.5799753665924072,0.6298355460166931,-0.0003346088342368603,0.5632777810096741,0.5928487777709961,-0.02721005119383335,0.5783694982528687,0.6409423351287842,-0.04164605215191841,0.5933806896209717,0.6701054573059082,-0.046419959515333176,0.6111279726028442,0.6136349439620972,-0.002964321058243513,0.5923769474029541,0.5615838766098022,-0.031918466091156006,0.6025887131690979,0.622800886631012,-0.03798462077975273,0.616122305393219,0.6513095498085022,-0.03189750760793686,0.6440510153770447,0.6129456162452698,-0.010682332329452038,0.633482038974762,0.5902860760688782,-0.03496098890900612,0.6355587840080261,0.6507894396781921,-0.02709595486521721,0.6413354873657227,0.669806182384491,-0.013328216969966888,0.6741663813591003,0.6201974153518677,-0.020700378343462944,0.6589630842208862,0.6184577941894531,-0.029139326885342598,0.658579409122467,0.6582156419754028,-0.019127435982227325,0.6635541319847107,0.6649020910263062,-0.007881437428295612
0.6688832640647888,0.7760338187217712,-3.670233468255901e-07,0.6221747994422913,0.7540793418884277,-0.017526278272271156,0.5970962047576904,0.6782847046852112,-0.025019124150276184,0.6118904948234558,0.6133826375007629,-0.03244614228606224,0.6278785467147827,0.5644612312316895,-0.03550203517079353,0.5807768106460571,0.6304460763931274,-0.0010545188561081886,0.5636346340179443,0.5951040983200073,-0.027358511462807655,0.5789189338684082,0.6429821848869324,-0.04176391661167145,0.5939618945121765,0.6717182397842407,-0.046796396374702454,0.6123478412628174,0.6136383414268494,-0.0038259741850197315,0.59270840883255,0.5627366900444031,-0.03238368779420853,0.6026403307914734,0.6230178475379944,-0.038758352398872375,0.6161524057388306,0.6511892676353455,-0.033180300146341324,0.6453440189361572,0.6133663058280945,-0.01148174051195383,0.6344069242477417,0.5915489792823792,-0.03488226234912872,0.6361204385757446,0.6517357230186462,-0.027007734403014183,0.6415982842445374,0.6711040735244751,-0.013674870133399963,0.6750409603118896,0.6211382150650024,-0.021487673744559288,0.6598993539810181,0.6207745671272278,-0.02947124093770981,0.6592775583267212,0.6594418287277222,-0.019434817135334015,0.6639407873153687,0.6653012037277222,-0.008424589410424232
0.6683160066604614,0.7759716510772705,-3.738467171388038e-07,0.6211466789245605,0.7537238597869873,-0.017683088779449463,0.5960530638694763,0.6773641109466553,-0.025079142302274704,0.6107159852981567,0.6121821999549866,-0.03244822844862938,0.6271961331367493,0.5633602738380432,-0.03507019579410553,0.5812045335769653,0.6310642957687378,-0.00039369126898236573,0.5640462040901184,0.5931475162506104,-0.026972096413373947,0.5793352127075195,0.6421411633491516,-0.0408686101436615,0.5941566228866577,0.6708217859268188,-0.045407168567180634,0.6124961376190186,0.6141181588172913,-0.00304817920550704,0.5932153463363647,0.5623379945755005,-0.03239094838500023,0.6034075021743774,0.6242458820343018,-0.03823606297373772,0.6169774532318115,0.6514018774032593,-0.031876079738140106,0.6454007029533386,0.6137435436248779,-0.010779458098113537,0.6343538165092468,0.5917231440544128,-0.03427628427743912,0.6362054944038391,0.6517610549926758,-0.0256494227796793,0.6420473456382751,0.6685802936553955,-0.01168589387089014,0.6753247380256653,0.6209505796432495,-0.020971357822418213,0.6602328419685364,0.6206741333007812,-0.028568223118782043,0.6599805355072021,0.6585590243339539,-0.01833365112543106,0.6651424169540405,0.6621641516685486,-0.007226285059005022
0.6679713726043701,0.776456356048584,-3.8618304643023293e-07,0.6208353042602539,0.7557691931724548,-0.017502333968877792,0.5960986018180847,0.6788156032562256,-0.0250653438270092,0.6105812191963196,0.6129912734031677,-0.03248804062604904,0.6258336305618286,0.5632880926132202,-0.035352807492017746,0.5815735459327698,0.6296429634094238,-0.001280664000660181,0.5644477009773254,0.5939224362373352,-0.027833571657538414,0.5793278217315674,0.643909215927124,-0.042060427367687225,0.5943223237991333,0.6742504835128784,-0.04689178988337517,0.6131623387336731,0.6125718355178833,-0.004130860324949026,0.5929461717605591,0.5623925924301147,-0.032922130078077316,0.6025214791297913,0.6246833205223083,-0.03873048350214958,0.6162979006767273,0.6532036662101746,-0.03269655629992485,0.646235466003418,0.6125760078430176,-0.01193398516625166,0.6346828937530518,0.5918335914611816,-0.034994132816791534,0.6366374492645264,0.6531016230583191,-0.02599087357521057,0.6427767276763916,0.6715722680091858,-0.012073020450770855,0.6761518716812134,0.6207761764526367,-0.022166283801198006,0.6604784727096558,0.6215165853500366,-0.029675137251615524,0.6605054140090942,0.6604397892951965,-0.019122924655675888,0.6660350561141968,0.6647351980209351,-0.007949006743729115
0.667597770690918,0.7773932218551636,-3.7558763210654433e-07,0.6200321316719055,0.7560198307037354,-0.017932599410414696,0.5958707332611084,0.677639901638031,-0.02531689964234829,0.6118669509887695,0.612597644329071,-0.03238328546285629,0.6259965300559998,0.5634695887565613,-0.0349394716322422,0.5801071524620056,0.6306696534156799,-0.0019606533460319042,0.5626150369644165,0.5953590273857117,-0.02783840335905552,0.5776051878929138,0.6454492211341858,-0.0420200377702713,0.5927477478981018,0.676544189453125,-0.04705841466784477,0.6122578978538513,0.6123793125152588,-0.004462869372218847,0.5916422009468079,0.5616149306297302,-0.032762620598077774,0.6009306311607361,0.6234056353569031,-0.038992173969745636,0.6148347854614258,0.653572678565979,-0.03345054015517235,0.6454668045043945,0.6118053793907166,-0.01180359534919262,0.6344073414802551,0.5923717617988586,-0.03398164361715317,0.6357618570327759,0.6530714631080627,-0.025442246347665787,0.6416270732879639,0.6724398136138916,-0.012173367664217949,0.6752705574035645,0.6198962330818176,-0.021671822294592857,0.6598771810531616,0.6222285628318787,-0.028528353199362755,0.6599792838096619,0.6598939299583435,-0.018245596438646317,0.6657230854034424,0.6638531684875488,-0.007562198676168919
0.6686909794807434,0.7784180641174316,-3.8567918636545073e-07,0.6237213611602783,0.7538721561431885,-0.01756736822426319,0.5975602865219116,0.682000994682312,-0.024912860244512558,0.6047470569610596,0.6147831082344055,-0.03273246809840202,0.6185278296470642,0.5622299313545227,-0.03556223213672638,0.5803173184394836,0.6275348663330078,0.0047484589740633965,0.5615109205245972,0.5921996831893921,-0.023469826206564903,0.5794550180435181,0.6381912231445312,-0.03862888738512993,0.5942646265029907,0.6668015122413635,-0.04318925738334656,0.611396074295044,0.6115685701370239,0.0022150257136672735,0.5922626256942749,0.5661014318466187,-0.027814719825983047,0.6058503985404968,0.6268309950828552,-0.03437770903110504,0.6178324818611145,0.6527552604675293,-0.02821369655430317,0.6438112258911133,0.6111083626747131,-0.005971455946564674,0.634063184261322,0.59605473279953,-0.0318375863134861,0.6379133462905884,0.6548597812652588,-0.024125276133418083,0.6419781446456909,0.6704562306404114,-0.009903615340590477,0.6732237339019775,0.6192854642868042,-0.016481123864650726,0.660335898399353,0.6199743151664734,-0.024937529116868973,0.6611706018447876,0.6590901613235474,-0.014504984021186829,0.6650698184967041,0.6645153164863586,-0.0026254889089614153
0.6675500273704529,0.7763426303863525,-3.5285307831145474e-07,0.6199005842208862,0.7536496520042419,-0.01616097427904606,0.5948758721351624,0.6781073212623596,-0.023083027452230453,0.60845947265625,0.6121911406517029,-0.03019905835390091,0.6249964237213135,0.5632734298706055,-0.032795436680316925,0.5789827108383179,0.6331003904342651,0.0008679458405822515,0.5618144273757935,0.5935955047607422,-0.02427052892744541,0.5787060856819153,0.6399633884429932,-0.037872638553380966,0.5941929817199707,0.6691412329673767,-0.042352523654699326,0.6106800436973572,0.6156506538391113,-0.002134158508852124,0.5910601019859314,0.5624914169311523,-0.02922680787742138,0.6022419929504395,0.6215493679046631,-0.035130370408296585,0.6158793568611145,0.6505880951881409,-0.02936607226729393,0.6438032984733582,0.6140774488449097,-0.009872018359601498,0.6332040429115295,0.5907302498817444,-0.031662628054618835,0.6360378265380859,0.6495780944824219,-0.023470457643270493,0.6415867209434509,0.6697423458099365,-0.010147063061594963,0.6737301349639893,0.6208333373069763,-0.019886817783117294,0.6591399908065796,0.6184808611869812,-0.026219762861728668,0.6591471433639526,0.6559078693389893,-0.015728067606687546,0.6639767289161682,0.6620025634765625,-0.004667120985686779
0.6660851240158081,0.7770159840583801,-3.797466376909142e-07,0.6203100681304932,0.7523235082626343,-0.01620413176715374,0.5954967737197876,0.6801527738571167,-0.023546069860458374,0.6045596599578857,0.6144819855690002,-0.031454380601644516,0.6185854077339172,0.5633680820465088,-0.0348149836063385,0.579970121383667,0.6274058818817139,0.0034168080892413855,0.5616942644119263,0.5922514796257019,-0.023782867938280106,0.5778439044952393,0.6393449902534485,-0.03843076899647713,0.593059241771698,0.6674214601516724,-0.04312282055616379,0.611693263053894,0.6115132570266724,0.00011919140524696559,0.5913427472114563,0.5649260878562927,-0.029804250225424767,0.6031403541564941,0.6266839504241943,-0.036438800394535065,0.6166766285896301,0.6532912850379944,-0.030436674132943153,0.6445676684379578,0.611608624458313,-0.008330423384904861,0.6318958401679993,0.5945811867713928,-0.033610302954912186,0.634905993938446,0.6543081402778625,-0.025711167603731155,0.6405019760131836,0.6709672212600708,-0.011604062281548977,0.6734767556190491,0.6199933886528015,-0.018910998478531837,0.6575093269348145,0.6214443445205688,-0.027251621708273888,0.6576024293899536,0.6602939963340759,-0.016809310764074326,0.6624451875686646,0.6646753549575806,-0.005087723024189472
0.6651982665061951,0.7744796872138977,-3.5703379808182945e-07,0.6192266941070557,0.7523024082183838,-0.016887245699763298,0.5944361686706543,0.6813461780548096,-0.024409370496869087,0.6044477224349976,0.615574300289154,-0.032248418778181076,0.617825448513031,0.5643051862716675,-0.03545408323407173,0.5778437256813049,0.6296538710594177,0.0026260148733854294,0.5595694184303284,0.5920907258987427,-0.024778693914413452,0.5761607885360718,0.6385291814804077,-0.03946859762072563,0.5925807952880859,0.6675844788551331,-0.044015899300575256,0.609880268573761,0.612293541431427,-0.00015835347585380077,0.5903942584991455,0.5619476437568665,-0.030037425458431244,0.6013728380203247,0.6237763166427612,-0.03651421517133713,0.6150680184364319,0.6522189974784851,-0.030096204951405525,0.6427698731422424,0.6116124987602234,-0.008130265399813652,0.6316478848457336,0.5949010252952576,-0.03298656642436981,0.6342839002609253,0.6538553237915039,-0.025198794901371002,0.6402195692062378,0.6698197722434998,-0.01104674581438303,0.6720079779624939,0.6193333268165588,-0.018306903541088104,0.6569311022758484,0.6219537854194641,-0.02606733702123165,0.6576095819473267,0.6592001914978027,-0.015714315697550774,0.6630756258964539,0.6622481942176819,-0.004083573818206787
0.6655569672584534,0.7716584205627441,-3.3987291203629866e-07,0.6176121830940247,0.7491822242736816,-0.017870372161269188,0.5920851826667786,0.6764377355575562,-0.024722985923290253,0.6027095913887024,0.6105088591575623,-0.03180794417858124,0.6168588399887085,0.560126781463623,-0.034016601741313934,0.5757580995559692,0.6294683814048767,0.004411366302520037,0.5585809350013733,0.5909297466278076,-0.022604605183005333,0.576327383518219,0.6367276310920715,-0.037077225744724274,0.5920488834381104,0.6633432507514954,-0.0416308157145977,0.6077585816383362,0.6123039722442627,0.0022886141669005156,0.5881935954093933,0.5595434904098511,-0.028166767209768295,0.6001731157302856,0.6202963590621948,-0.03534213453531265,0.6135434508323669,0.6475679278373718,-0.02914721518754959,0.6407027840614319,0.6110172271728516,-0.005211895331740379,0.6301007270812988,0.5900745391845703,-0.030655907467007637,0.633114218711853,0.6494328379631042,-0.02340514585375786,0.6378093361854553,0.6667098999023438,-0.009255846031010151,0.669625997543335,0.6174229979515076,-0.015051167458295822,0.6564903259277344,0.616525411605835,-0.023296020925045013,0.6563717722892761,0.6540343761444092,-0.013518043793737888,0.6598219275474548,0.6587411761283875,-0.002140593249350786
0.6651686429977417,0.771407961845398,-3.7057094459669315e-07,0.617781937122345,0.7483519911766052,-0.017431970685720444,0.5920302867889404,0.6761782169342041,-0.02465520240366459,0.6031927466392517,0.6104305386543274,-0.03222407400608063,0.6180235743522644,0.5599784851074219,-0.03512293100357056,0.5774436593055725,0.6262890100479126,0.003501310246065259,0.5586472749710083,0.5899909138679504,-0.023713981732726097,0.5750181674957275,0.6368756294250488,-0.038404691964387894,0.5903118252754211,0.6641884446144104,-0.0431971438229084,0.6087251901626587,0.6097028851509094,0.0007991006132215261,0.5881369709968567,0.5613742470741272,-0.02934587374329567,0.5999956727027893,0.6226792931556702,-0.036112960427999496,0.6139959692955017,0.6492407321929932,-0.030060503631830215,0.6414526700973511,0.6091646552085876,-0.007278061471879482,0.6296462416648865,0.5899733901023865,-0.03261497616767883,0.6328211426734924,0.6503918766975403,-0.02490067109465599,0.6387397646903992,0.6675320267677307,-0.010836325585842133,0.6706817746162415,0.6168206334114075,-0.01768091879785061,0.6559082269668579,0.6185842752456665,-0.026657266542315483,0.6567965745925903,0.6574240326881409,-0.016930406913161278,0.6621657013893127,0.661608874797821,-0.005651851184666157
0.6653309464454651,0.7707018256187439,-3.478001531220798e-07,0.618311882019043,0.7498918771743774,-0.01845560036599636,0.5928900837898254,0.6776908040046692,-0.02611004188656807,0.6039065718650818,0.6109660863876343,-0.03372113034129143,0.6173827052116394,0.5600824952125549,-0.036465808749198914,0.5753479599952698,0.6268104314804077,0.001643946161493659,0.5584104657173157,0.5895575284957886,-0.026234649121761322,0.575767993927002,0.6363750100135803,-0.041303474456071854,0.591658890247345,0.6639107465744019,-0.046354345977306366,0.6072646379470825,0.6098212599754333,-0.0007776467246003449,0.5883291959762573,0.5592215061187744,-0.032064568251371384,0.6004555225372314,0.6211347579956055,-0.03923480957746506,0.6140658855438232,0.6482527256011963,-0.03326135128736496,0.6404571533203125,0.6096106767654419,-0.008518369868397713,0.6305978298187256,0.588750958442688,-0.03463735058903694,0.6339583992958069,0.6498696804046631,-0.02663174271583557,0.6391454935073853,0.6675286293029785,-0.012213879264891148,0.6701235771179199,0.6175215840339661,-0.01867055892944336,0.657864511013031,0.6180083155632019,-0.028150996193289757,0.658052921295166,0.656937301158905,-0.01835370808839798,0.6617056131362915,0.6610338687896729,-0.006925306282937527
0.6656825542449951,0.7721031904220581,-3.686388652113237e-07,0.618091881275177,0.7508178949356079,-0.017356522381305695,0.5927115678787231,0.6758267283439636,-0.024561770260334015,0.6069427728652954,0.6107021570205688,-0.03184368088841438,0.6215216517448425,0.5612273812294006,-0.03462615981698036,0.5768009424209595,0.6275836825370789,0.0009213284938596189,0.5593613982200623,0.5918849110603333,-0.025633679702878,0.5746334791183472,0.6405274271965027,-0.04006336256861687,0.5901444554328918,0.6690254807472229,-0.04508897662162781,0.6080932021141052,0.6100337505340576,-0.0019646966829895973,0.587648868560791,0.5589897632598877,-0.03180902823805809,0.5981539487838745,0.6213651299476624,-0.0383407361805439,0.6128054261207581,0.6496688723564148,-0.03231765329837799,0.6411420702934265,0.609627902507782,-0.009898980148136616,0.6289884448051453,0.5868695378303528,-0.034162215888500214,0.6314858198165894,0.6481519341468811,-0.025837194174528122,0.6379916071891785,0.6668214797973633,-0.01187660451978445,0.6706749200820923,0.6173399686813354,-0.020222194492816925,0.6559817790985107,0.617876410484314,-0.029105279594659805,0.6562039256095886,0.6563345193862915,-0.01938430406153202,0.6614030003547668,0.6602563261985779,-0.008369611576199532
0.6658122539520264,0.7737495303153992,-3.7842542610633245e-07,0.617631196975708,0.7521403431892395,-0.017033681273460388,0.5924076437950134,0.6768048405647278,-0.02413390390574932,0.6058765649795532,0.6108111143112183,-0.03143668174743652,0.6197420954704285,0.560533344745636,-0.03434521704912186,0.5762525796890259,0.6279131770133972,0.0018781585386022925,0.5593090057373047,0.591561496257782,-0.024415751919150352,0.5748077630996704,0.6399335265159607,-0.03894496709108353,0.5901574492454529,0.6694985628128052,-0.04393642395734787,0.6076534390449524,0.6103073954582214,-0.0010103107197210193,0.5875155329704285,0.5587551593780518,-0.030460452660918236,0.5981413722038269,0.6211667656898499,-0.03718399628996849,0.6124528646469116,0.6514405012130737,-0.031251516193151474,0.6407959461212158,0.609288215637207,-0.008941047824919224,0.6280800700187683,0.586423397064209,-0.03299693018198013,0.6308901309967041,0.6476289629936218,-0.025159507989883423,0.6375590562820435,0.6677321195602417,-0.01143709197640419,0.6705541610717773,0.6164620518684387,-0.019184263423085213,0.6548000574111938,0.6172233819961548,-0.027633488178253174,0.6550939083099365,0.6565366387367249,-0.017930513247847557,0.6605793833732605,0.6617807745933533,-0.00694624986499548
0.6660201549530029,0.7737330794334412,-3.7675511066481704e-07,0.6179412007331848,0.7530690431594849,-0.01869434304535389,0.592164158821106,0.6772564649581909,-0.026216674596071243,0.6049383282661438,0.6110289692878723,-0.03354218974709511,0.6196070313453674,0.5601752400398254,-0.036167532205581665,0.5767096877098083,0.6259313821792603,0.001233658753335476,0.5596473813056946,0.5918954014778137,-0.02589491382241249,0.5754534006118774,0.6407068967819214,-0.040588777512311935,0.5909345746040344,0.6685740947723389,-0.04559531807899475,0.6081668734550476,0.6081403493881226,-0.0007245818269439042,0.5881029367446899,0.5601103901863098,-0.031080586835741997,0.5987668037414551,0.6232175230979919,-0.037810590118169785,0.6127813458442688,0.6504166126251221,-0.03169719874858856,0.6410345435142517,0.6073659062385559,-0.007975975051522255,0.6284397840499878,0.5901272296905518,-0.03261918947100639,0.630925714969635,0.6502127647399902,-0.02477974258363247,0.6372413635253906,0.6653298139572144,-0.011077886447310448,0.670220136642456,0.6145604252815247,-0.017722560092806816,0.6544438600540161,0.6211273074150085,-0.026236888021230698,0.6557225584983826,0.6595973372459412,-0.016692427918314934,0.6618043184280396,0.6608126759529114,-0.005855415482074022
0.6654832363128662,0.7731438279151917,-3.817080482804158e-07,0.6164252758026123,0.7530872225761414,-0.016243409365415573,0.5911468863487244,0.6754693388938904,-0.02302166260778904,0.6067502498626709,0.6099323630332947,-0.02991166152060032,0.6213127970695496,0.5608264803886414,-0.03259725868701935,0.5768660306930542,0.6288803815841675,-0.00024278300406876951,0.5586339235305786,0.5933618545532227,-0.025998923927545547,0.573270320892334,0.6424317359924316,-0.04007958620786667,0.5891643762588501,0.6729860305786133,-0.044950515031814575,0.60825514793396,0.6107564568519592,-0.0035954914055764675,0.5869120955467224,0.5591831207275391,-0.031792838126420975,0.5960633158683777,0.6206789016723633,-0.037967465817928314,0.6108720302581787,0.650686502456665,-0.0322098582983017,0.6413726210594177,0.6096583604812622,-0.01169592048972845,0.6294413805007935,0.5894697308540344,-0.034181054681539536,0.6313551068305969,0.6506255865097046,-0.02591976895928383,0.6382830739021301,0.6704381108283997,-0.012583719566464424,0.6712071299552917,0.6169108748435974,-0.022107427939772606,0.6547843813896179,0.619042694568634,-0.02943548373878002,0.6553688049316406,0.6576842665672302,-0.019304167479276657,0.6618629693984985,0.6621158719062805,-0.008517778478562832
0.6666867136955261,0.7737051844596863,-3.7376196360128233e-07,0.6183648109436035,0.7535479068756104,-0.017563601955771446,0.5924325585365295,0.6757575869560242,-0.024453436955809593,0.6082966327667236,0.6107805967330933,-0.03113671950995922,0.6247079968452454,0.5628630518913269,-0.033452846109867096,0.5763806700706482,0.6295758485794067,-0.0009800277184695005,0.5597087144851685,0.5934595465660095,-0.026200128719210625,0.5743693113327026,0.6416224241256714,-0.039890434592962265,0.5890382528305054,0.670295000076294,-0.044789258390665054,0.6075429916381836,0.6110215187072754,-0.0034016959834843874,0.588196337223053,0.559959352016449,-0.03137970715761185,0.5979204177856445,0.6206713318824768,-0.037445709109306335,0.6115591526031494,0.6495821475982666,-0.031742166727781296,0.6404548287391663,0.6092574000358582,-0.01064650621265173,0.6289083957672119,0.588764488697052,-0.032879702746868134,0.6312888860702515,0.6489099860191345,-0.025078902021050453,0.6373438835144043,0.668501615524292,-0.01224179845303297,0.6700850129127502,0.6157475113868713,-0.020349042490124702,0.6547784209251404,0.6197995543479919,-0.027975602075457573,0.6554505825042725,0.6579567790031433,-0.018795695155858994,0.660913348197937,0.6622915863990784,-0.008709225803613663
0.6672337055206299,0.7736648917198181,-3.7008607023381046e-07,0.620192289352417,0.7529509663581848,-0.01785939373075962,0.594497799873352,0.6794296503067017,-0.025289686396718025,0.6066697835922241,0.6129438281059265,-0.03269811347126961,0.6212671995162964,0.5626842975616455,-0.035461775958538055,0.5769608020782471,0.6296966075897217,0.0010387221118435264,0.5600839853286743,0.591596782207489,-0.02540409378707409,0.575977623462677,0.6393346786499023,-0.03949650377035141,0.5908669233322144,0.6673742532730103,-0.044155485928058624,0.6082290410995483,0.6123623847961426,-0.0014050952158868313,0.5886268019676208,0.5614211559295654,-0.030282439664006233,0.5998106002807617,0.6228439807891846,-0.03639969602227211,0.6135206818580627,0.6493545770645142,-0.030351577326655388,0.6411780118942261,0.6114502549171448,-0.008996088057756424,0.6297542452812195,0.5898670554161072,-0.03283330798149109,0.6324496269226074,0.650063693523407,-0.02470291592180729,0.6382681727409363,0.667092502117157,-0.010993466712534428,0.6709246039390564,0.6184843182563782,-0.018981458619236946,0.6558302640914917,0.6194479465484619,-0.027148472145199776,0.6563639044761658,0.6579740047454834,-0.01716211810708046,0.6613688468933105,0.6617414355278015,-0.006051709875464439
0.6664428114891052,0.7727029323577881,-3.7315248846425675e-07,0.6184120774269104,0.7524936199188232,-0.016496820375323296,0.5932440161705017,0.6770312190055847,-0.02383398450911045,0.6085906028747559,0.6114262342453003,-0.031234659254550934,0.6242720484733582,0.5623419880867004,-0.03444816172122955,0.5773333311080933,0.6303853392601013,-0.0010222684359177947,0.5592961311340332,0.5929431319236755,-0.026650985702872276,0.574869692325592,0.6411613821983337,-0.04075613617897034,0.5903606414794922,0.6720782518386841,-0.04557834938168526,0.608501672744751,0.6124760508537292,-0.0042570666410028934,0.5874960422515869,0.5598354339599609,-0.03170909732580185,0.5979097485542297,0.6202144622802734,-0.03778604790568352,0.6122989654541016,0.6504938006401062,-0.03212613984942436,0.641495943069458,0.6109098196029663,-0.012204691767692566,0.6301642060279846,0.5885695815086365,-0.03431907296180725,0.6325323581695557,0.6486042737960815,-0.02648801915347576,0.6387060880661011,0.6692962646484375,-0.013434959575533867,0.6715162992477417,0.6177303791046143,-0.022411299869418144,0.6555774211883545,0.6175501346588135,-0.029546460136771202,0.6561147570610046,0.6561037302017212,-0.01935531198978424,0.6617767810821533,0.6623775959014893,-0.008454385213553905
0.6660434007644653,0.7746058702468872,-3.738837506261916e-07,0.6183850169181824,0.7526533603668213,-0.016988839954137802,0.5942327976226807,0.67510586977005,-0.02413376048207283,0.6094608306884766,0.6101260781288147,-0.031376127153635025,0.6250551342964172,0.5618715882301331,-0.03453374654054642,0.5778550505638123,0.628758430480957,-0.0008658047881908715,0.5611379742622375,0.5928348302841187,-0.026196690276265144,0.5755916237831116,0.6410520672798157,-0.04050031676888466,0.590312123298645,0.6718310117721558,-0.04560425877571106,0.6090577840805054,0.6121661067008972,-0.0038031672593206167,0.5889655947685242,0.5597438812255859,-0.031956013292074203,0.5982819199562073,0.6196460723876953,-0.03878472000360489,0.6122981309890747,0.6518706679344177,-0.033479347825050354,0.6420443654060364,0.6114781498908997,-0.01142701506614685,0.6302216053009033,0.5860163569450378,-0.03379402309656143,0.6319813132286072,0.6457335948944092,-0.026538332924246788,0.638136625289917,0.6693378686904907,-0.013780691660940647,0.6718699932098389,0.6189577579498291,-0.021373149007558823,0.6562541723251343,0.6164523363113403,-0.02882632426917553,0.6560795903205872,0.6541997194290161,-0.019284257665276527,0.6615614295005798,0.6613978147506714,-0.008791371248662472
0.6666380763053894,0.7732232213020325,-3.6223804045221186e-07,0.619356632232666,0.7518628239631653,-0.018630871549248695,0.594383180141449,0.6765447854995728,-0.026093605905771255,0.6083715558052063,0.6106310486793518,-0.03335229307413101,0.6233119964599609,0.5608699321746826,-0.036031901836395264,0.5768874883651733,0.628761351108551,0.0005748675321228802,0.5603084564208984,0.5915817618370056,-0.026142926886677742,0.575849175453186,0.6395263075828552,-0.0408325232565403,0.5911890864372253,0.6698427200317383,-0.04566589742898941,0.6083649396896362,0.611767053604126,-0.001446185982786119,0.5892325043678284,0.5588449835777283,-0.030491825193166733,0.5995716452598572,0.6200346350669861,-0.037195805460214615,0.613455057144165,0.6491137146949768,-0.03126324340701103,0.6413858532905579,0.6113494634628296,-0.008654072880744934,0.6317474246025085,0.5893693566322327,-0.032594166696071625,0.6336736083030701,0.64885014295578,-0.02542988210916519,0.6393214464187622,0.6672447323799133,-0.012097828090190887,0.6712212562561035,0.6187658309936523,-0.018291857093572617,0.6576001644134521,0.6178154349327087,-0.02646753378212452,0.6578302979469299,0.6558243632316589,-0.016809631139039993,0.6626583337783813,0.6606841683387756,-0.005831611342728138
0.6664729118347168,0.7734288573265076,-3.8078010788922256e-07,0.6182585954666138,0.751510500907898,-0.01634366251528263,0.593424379825592,0.6731353402137756,-0.022974904626607895,0.6100447773933411,0.6082573533058167,-0.02960318885743618,0.6266492605209351,0.5604380369186401,-0.03207777813076973,0.5779502391815186,0.6295657753944397,-0.0011929996544495225,0.5600622296333313,0.5918832421302795,-0.025690991431474686,0.5752787590026855,0.6402430534362793,-0.03923579305410385,0.5905756950378418,0.6711938977241516,-0.04401623085141182,0.6090204119682312,0.6126448512077332,-0.004246584605425596,0.5883410573005676,0.5589414834976196,-0.03137730062007904,0.5984281897544861,0.6193051934242249,-0.03748932108283043,0.6130239963531494,0.6512116193771362,-0.031902898102998734,0.6419309973716736,0.6113702058792114,-0.011878867633640766,0.6299233436584473,0.5854452848434448,-0.0332251600921154,0.6316947937011719,0.6447909474372864,-0.025818414986133575,0.637965977191925,0.6671823859214783,-0.013317595236003399,0.671934187412262,0.6181050539016724,-0.021807489916682243,0.6560066938400269,0.6170365810394287,-0.028918132185935974,0.6559475660324097,0.655240535736084,-0.019612804055213928,0.6615737676620483,0.6621942520141602,-0.009522604756057262
0.6669495105743408,0.7740756869316101,-3.798348586769862e-07,0.6192269325256348,0.7526174783706665,-0.016641903668642044,0.594195544719696,0.6748577952384949,-0.023774471133947372,0.6098278760910034,0.609443724155426,-0.030902743339538574,0.6260799765586853,0.5604711771011353,-0.03384413197636604,0.5784287452697754,0.6286061406135559,-0.0014535338850691915,0.5603848695755005,0.5920044183731079,-0.027011895552277565,0.5751686096191406,0.640716016292572,-0.04106318950653076,0.5905454158782959,0.6710798144340515,-0.04606813192367554,0.6096832752227783,0.6119371056556702,-0.004710936453193426,0.5888298749923706,0.5593233704566956,-0.03305180370807648,0.5985999703407288,0.6208441257476807,-0.039298202842473984,0.6133682131767273,0.6513856649398804,-0.03359711542725563,0.6427889466285706,0.6117680668830872,-0.012640093453228474,0.6307652592658997,0.5871002078056335,-0.03521888330578804,0.6323181986808777,0.6474292874336243,-0.027231872081756592,0.6386973857879639,0.6682370901107788,-0.014122912660241127,0.6724894046783447,0.6196845173835754,-0.02287747897207737,0.6570332646369934,0.6189984679222107,-0.03087322972714901,0.6569139957427979,0.6574411988258362,-0.021190928295254707,0.6625247597694397,0.6630090475082397,-0.010613960213959217
0.6675548553466797,0.7745070457458496,-3.8234853150243e-07,0.6199019551277161,0.7529264688491821,-0.016239354386925697,0.5949644446372986,0.6759929656982422,-0.022883407771587372,0.6102823615074158,0.6105148792266846,-0.0297342948615551,0.6256258487701416,0.5625009536743164,-0.032341524958610535,0.5784268379211426,0.6281746029853821,0.00010481790377525613,0.5609632134437561,0.5920222997665405,-0.02551105059683323,0.5761809349060059,0.6397638916969299,-0.03984365612268448,0.5910443067550659,0.6697216629981995,-0.044988829642534256,0.6094351410865784,0.6112579703330994,-0.0033195798750966787,0.5891797542572021,0.5600253939628601,-0.031380459666252136,0.599453330039978,0.6202781796455383,-0.03779163956642151,0.6131883859634399,0.6505025029182434,-0.032373666763305664,0.6422598958015442,0.6106125712394714,-0.01155192218720913,0.6303664445877075,0.5881508588790894,-0.03409746289253235,0.6321196556091309,0.6481174230575562,-0.02656826749444008,0.637648344039917,0.6692944169044495,-0.013841704465448856,0.672029435634613,0.6183549165725708,-0.022117599844932556,0.6568655967712402,0.6195909976959229,-0.030027026310563087,0.6565256118774414,0.658087968826294,-0.020765582099556923,0.6614296436309814,0.6640405654907227,-0.010554024018347263
0.6671965718269348,0.7747159004211426,-3.8233486066019395e-07,0.6195511817932129,0.7525370717048645,-0.016545400023460388,0.5948621034622192,0.6760693192481995,-0.023557359352707863,0.6100082993507385,0.6112928986549377,-0.030834311619400978,0.6260482668876648,0.5631704330444336,-0.03374285623431206,0.5793987512588501,0.6271910071372986,0.0004800566239282489,0.561670184135437,0.5920400023460388,-0.025730319321155548,0.5763717889785767,0.6408932209014893,-0.040159277617931366,0.5916385650634766,0.6705935597419739,-0.0452246367931366,0.6101670265197754,0.6109914183616638,-0.0030226244125515223,0.5898413062095642,0.5603071451187134,-0.031930893659591675,0.5995922684669495,0.6223798990249634,-0.03822813928127289,0.6139516234397888,0.651768147945404,-0.032340314239263535,0.643020510673523,0.6113829016685486,-0.011466613970696926,0.630953311920166,0.5885640978813171,-0.03464560583233833,0.6326590776443481,0.6486806273460388,-0.02663448266685009,0.6393030881881714,0.6677749156951904,-0.013272395357489586,0.6728073954582214,0.6201448440551758,-0.0222848579287529,0.657472550868988,0.6201817989349365,-0.030403418466448784,0.6573314666748047,0.6582205295562744,-0.02074659802019596,0.6630770564079285,0.6627801060676575,-0.010050809942185879
0.6667026877403259,0.7756237387657166,-3.81314094966001e-07,0.6198298931121826,0.752272367477417,-0.01798558421432972,0.5950565338134766,0.6791687607765198,-0.026038864627480507,0.6072037816047668,0.614119291305542,-0.03439148887991905,0.6219760179519653,0.563336193561554,-0.03823326900601387,0.5802559852600098,0.6246757507324219,0.0025771409273147583,0.5633528232574463,0.5918280482292175,-0.025557609274983406,0.5774598121643066,0.641024649143219,-0.041418831795454025,0.5925489664077759,0.6712987422943115,-0.04685411974787712,0.6115790009498596,0.6093440055847168,-0.00017919547099154443,0.5918029546737671,0.5616059303283691,-0.0308106429874897,0.601092517375946,0.6241245269775391,-0.0380052886903286,0.6150426268577576,0.653119683265686,-0.03217170760035515,0.6444817185401917,0.6104196310043335,-0.008380676619708538,0.6322740316390991,0.5908055305480957,-0.033771250396966934,0.6336777806282043,0.6505938172340393,-0.026243198662996292,0.6400855183601379,0.6686140894889832,-0.012382777407765388,0.6739464402198792,0.6197863817214966,-0.018992088735103607,0.6582925319671631,0.620673656463623,-0.0280402023345232,0.6581634879112244,0.6593076586723328,-0.01825707033276558,0.6638937592506409,0.6638302206993103,-0.006909217685461044
0.6681236028671265,0.774848461151123,-3.677365896237461e-07,0.6182157397270203,0.7531908750534058,-0.016393883153796196,0.5936769247055054,0.6767937541007996,-0.023417916148900986,0.6092985272407532,0.6112967729568481,-0.03063081204891205,0.624130368232727,0.5620499849319458,-0.03357827663421631,0.5795509219169617,0.6317968368530273,0.00026274684933014214,0.5622220635414124,0.5942552089691162,-0.02609858848154545,0.5769309401512146,0.6425402164459229,-0.04051784425973892,0.5922905206680298,0.6731253266334534,-0.045336004346609116,0.6111797094345093,0.6146938800811768,-0.0029975464567542076,0.5911799073219299,0.5607425570487976,-0.03175187483429909,0.6000453233718872,0.6216503977775574,-0.038270503282547,0.614252507686615,0.6515713334083557,-0.03253902494907379,0.6441519856452942,0.6138730049133301,-0.011074382811784744,0.6330186724662781,0.5908983945846558,-0.03411499410867691,0.6340763568878174,0.6510133743286133,-0.025930169969797134,0.6407272815704346,0.6705162525177002,-0.012344666756689548,0.67392897605896,0.6210594177246094,-0.021441658958792686,0.6578336954116821,0.6202999353408813,-0.028811968863010406,0.658007025718689,0.6582809090614319,-0.018460573628544807,0.6646333932876587,0.663168728351593,-0.007344779092818499
0.6676501631736755,0.775974690914154,-3.7311872347345343e-07,0.6205764412879944,0.7533912658691406,-0.017284967005252838,0.5957449078559875,0.6773213148117065,-0.0244760625064373,0.6105467081069946,0.6128987073898315,-0.03187153488397598,0.6270163655281067,0.5640822649002075,-0.03476501628756523,0.5802516341209412,0.6266300082206726,0.001690158387646079,0.5638562440872192,0.5927650928497314,-0.024900171905755997,0.5784737467765808,0.6421700119972229,-0.039722099900245667,0.5933405756950378,0.6716285347938538,-0.044841766357421875,0.6114488244056702,0.6108812093734741,-0.0011845000553876162,0.5922724008560181,0.5609989762306213,-0.030295053496956825,0.601129412651062,0.6221100091934204,-0.03702254593372345,0.6144904494285583,0.6507571935653687,-0.031265489757061005,0.6442280411720276,0.6114076375961304,-0.00919399131089449,0.6324650645256042,0.5900954008102417,-0.03244251385331154,0.6335805058479309,0.6495033502578735,-0.024621395394206047,0.6394855976104736,0.6678861379623413,-0.01121307723224163,0.6736910343170166,0.6200522184371948,-0.019653188064694405,0.6581379771232605,0.6210668683052063,-0.027178198099136353,0.6578065156936646,0.6591084003448486,-0.017198415473103523,0.6632946729660034,0.6633086204528809,-0.006197895389050245
0.6681353449821472,0.775810718536377,-3.699068997775612e-07,0.6201021075248718,0.7542352080345154,-0.01701495423913002,0.5953510999679565,0.679248034954071,-0.02403487265110016,0.608008861541748,0.6134679317474365,-0.03119572624564171,0.6216846704483032,0.5631227493286133,-0.0339420810341835,0.5807701349258423,0.6292547583580017,0.0017667202046141028,0.5639718174934387,0.5929378271102905,-0.024380750954151154,0.5789728164672852,0.6412962079048157,-0.038429368287324905,0.5941618084907532,0.6696075201034546,-0.04311834275722504,0.6121309995651245,0.6126642227172852,-0.0009235130273737013,0.5922665596008301,0.5612772703170776,-0.030428996309638023,0.6022177338600159,0.6236389875411987,-0.03691185265779495,0.6165211796760559,0.6517616510391235,-0.030767491087317467,0.6447457671165466,0.6124716401100159,-0.008607403375208378,0.6324825882911682,0.5909111499786377,-0.032539576292037964,0.6340773701667786,0.6508147716522217,-0.02463502064347267,0.6402841210365295,0.6679272055625916,-0.010951489210128784,0.6735784411430359,0.6197443604469299,-0.01858566142618656,0.6580562591552734,0.6210073828697205,-0.02659844048321247,0.6581748127937317,0.659066915512085,-0.01679769717156887,0.6638519763946533,0.6621767282485962,-0.005866946652531624
0.6677801012992859,0.7765781879425049,-3.7996858281985624e-07,0.621379554271698,0.7541148662567139,-0.017296362668275833,0.5966899394989014,0.6789414882659912,-0.024361273273825645,0.6081159710884094,0.6129921078681946,-0.031600724905729294,0.6223053336143494,0.5626932978630066,-0.03430325537919998,0.5805743932723999,0.6290260553359985,0.0020637684501707554,0.5642699599266052,0.5921429991722107,-0.02417483553290367,0.5795957446098328,0.6412904262542725,-0.03812086209654808,0.5941917300224304,0.6699666380882263,-0.042638473212718964,0.6120031476020813,0.6122870445251465,-0.0004507169942371547,0.5929207801818848,0.5614753365516663,-0.030154999345541,0.6030893325805664,0.6243590116500854,-0.03659793362021446,0.6164110898971558,0.6527519822120667,-0.030303003266453743,0.644753634929657,0.6117779612541199,-0.008031808771193027,0.632187008857727,0.5905938148498535,-0.0323621965944767,0.6344879269599915,0.6512930393218994,-0.024419179186224937,0.6406604051589966,0.6689416766166687,-0.01048034057021141,0.6738758087158203,0.6188961267471313,-0.01789112389087677,0.6579120755195618,0.6204503774642944,-0.02597150392830372,0.6581215262413025,0.6593189835548401,-0.016050251200795174,0.663709819316864,0.6629749536514282,-0.004884568974375725
0.6703346371650696,0.7789537310600281,-3.6796984659304144e-07,0.6218150854110718,0.7564988136291504,-0.016619034111499786,0.5961675047874451,0.6810470819473267,-0.023774050176143646,0.6093575954437256,0.6158071756362915,-0.03132007271051407,0.6256465911865234,0.5661063194274902,-0.034741438925266266,0.5810354351997375,0.6339635252952576,0.0010482160141691566,0.5635070204734802,0.5964562892913818,-0.025571299716830254,0.5802937746047974,0.6428219079971313,-0.04042220115661621,0.5961197018623352,0.6721401810646057,-0.04536084085702896,0.6131085157394409,0.617279052734375,-0.001893632928840816,0.5934067368507385,0.5649616122245789,-0.031072799116373062,0.6041941046714783,0.6245173811912537,-0.038321372121572495,0.6178556084632874,0.6553164124488831,-0.03277384489774704,0.6461883783340454,0.6159543991088867,-0.009722352027893066,0.6341534852981567,0.5952179431915283,-0.03374048322439194,0.6360753774642944,0.6545324325561523,-0.027247026562690735,0.6415899991989136,0.6755837798118591,-0.014213248156011105,0.6758513450622559,0.6225066184997559,-0.019711747765541077,0.6594952940940857,0.6229345798492432,-0.027383649721741676,0.658656656742096,0.6620277166366577,-0.01772906817495823,0.6634306907653809,0.6694578528404236,-0.006742854602634907
0.6704307198524475,0.7768070697784424,-3.570483215753484e-07,0.6215408444404602,0.7563004493713379,-0.01732916198670864,0.5965946316719055,0.6824061274528503,-0.024840472266077995,0.6115046143531799,0.6170825362205505,-0.032348670065402985,0.6280652284622192,0.5672709941864014,-0.03576602041721344,0.581741988658905,0.6331179738044739,0.00015009810158517212,0.5645363926887512,0.5963481068611145,-0.026021907106041908,0.5803098678588867,0.6429111957550049,-0.04074348136782646,0.5963619351387024,0.6725980639457703,-0.04585275426506996,0.6135353446006775,0.6160135269165039,-0.0024148570373654366,0.5930121541023254,0.5644991993904114,-0.031064767390489578,0.6033071279525757,0.624690592288971,-0.038024622946977615,0.6180102229118347,0.654923141002655,-0.03251611813902855,0.6464691758155823,0.6152347922325134,-0.00983728002756834,0.6346973180770874,0.5945054888725281,-0.033303435891866684,0.6365724802017212,0.654574990272522,-0.026464728638529778,0.6425268650054932,0.6747680902481079,-0.013600144535303116,0.6757519841194153,0.6227491497993469,-0.019520198926329613,0.6598396301269531,0.6263648271560669,-0.027777105569839478,0.6601911187171936,0.6651982665061951,-0.018611999228596687,0.6656417846679688,0.6702702641487122,-0.008083445020020008
0.6709687113761902,0.7767821550369263,-3.5245008689344104e-07,0.6224138736724854,0.756334125995636,-0.017191972583532333,0.5969955325126648,0.68279629945755,-0.024644823744893074,0.6111313104629517,0.6176825165748596,-0.032198451459407806,0.6273181438446045,0.5675357580184937,-0.035706061869859695,0.5819017887115479,0.6339324116706848,0.0005701204645447433,0.5648515820503235,0.596764087677002,-0.025882219895720482,0.5807514786720276,0.6431560516357422,-0.040551960468292236,0.5966671109199524,0.6719200015068054,-0.04553207755088806,0.6138980388641357,0.6167302131652832,-0.002016362501308322,0.5935081243515015,0.5646286010742188,-0.03113270364701748,0.6037401556968689,0.6249939799308777,-0.03812779113650322,0.6181702613830566,0.6544139385223389,-0.03244869038462639,0.6468679904937744,0.6158770322799683,-0.009475918486714363,0.6345621943473816,0.5944132208824158,-0.03359009698033333,0.6364447474479675,0.6549701690673828,-0.026629654690623283,0.642211377620697,0.6746839880943298,-0.013408822938799858,0.675857663154602,0.6230122447013855,-0.01912933588027954,0.6596664190292358,0.625536322593689,-0.02763511799275875,0.6597824096679688,0.6646052598953247,-0.018227530643343925,0.6649101376533508,0.6695830821990967,-0.007346294354647398
0.6690781712532043,0.7777904272079468,-3.4726221542769053e-07,0.6209629774093628,0.755956768989563,-0.01745886355638504,0.5966441631317139,0.6825473308563232,-0.025457261130213737,0.6127474308013916,0.6187947392463684,-0.03342803567647934,0.6292749643325806,0.5698302984237671,-0.03728644922375679,0.5813556909561157,0.634499192237854,-0.0008908918825909495,0.5654351711273193,0.5984804034233093,-0.02715238556265831,0.5802627801895142,0.647028386592865,-0.04139115288853645,0.5956732630729675,0.6747484803199768,-0.04639240354299545,0.614094614982605,0.6167460083961487,-0.0036151788663119078,0.59384685754776,0.564049243927002,-0.0331721305847168,0.6027750372886658,0.6260303854942322,-0.03993139788508415,0.6168926954269409,0.6550865173339844,-0.03409357741475105,0.6477117538452148,0.6162176132202148,-0.011081856675446033,0.6353172659873962,0.5950962901115417,-0.035305701196193695,0.6360661387443542,0.6570455431938171,-0.027752339839935303,0.64140385389328,0.6766656637191772,-0.014213494025170803,0.6767259836196899,0.6239097714424133,-0.020757587626576424,0.6604413390159607,0.6266200542449951,-0.02908162586390972,0.6597732305526733,0.6655852198600769,-0.019204188138246536,0.6644479632377625,0.669806182384491,-0.00810355506837368
0.6695725917816162,0.7803248167037964,-3.441981846208364e-07,0.6234592199325562,0.7562500834465027,-0.018368318676948547,0.5988810658454895,0.6837292909622192,-0.026184851303696632,0.611187756061554,0.6189273595809937,-0.03407980501651764,0.6266223192214966,0.5686250925064087,-0.03768114745616913,0.5814830660820007,0.6366854906082153,0.0015556288417428732,0.5647097826004028,0.599286675453186,-0.025457456707954407,0.5813705921173096,0.6439633369445801,-0.040553946048021317,0.5966428518295288,0.6718921065330505,-0.04549547657370567,0.6135244369506836,0.6199743747711182,-0.0002534626692067832,0.5947617292404175,0.5675092339515686,-0.029761632904410362,0.6057469844818115,0.6260803937911987,-0.037303801625967026,0.6186200976371765,0.6556077003479004,-0.03179920092225075,0.6467576622962952,0.6185324788093567,-0.007176402024924755,0.6350052356719971,0.5966410040855408,-0.03228077292442322,0.6372647285461426,0.6554097533226013,-0.0260239876806736,0.6421701312065125,0.6757364869117737,-0.012759569101035595,0.6761349439620972,0.6248534321784973,-0.016302233561873436,0.6604320406913757,0.624610960483551,-0.024986611679196358,0.6601950526237488,0.6630035638809204,-0.015495135448873043,0.6647358536720276,0.6702784299850464,-0.004232750739902258
0.6685321927070618,0.7808142304420471,-3.7216776149762154e-07,0.6217361092567444,0.7589507102966309,-0.016256043687462807,0.5982479453086853,0.6824691891670227,-0.023693503811955452,0.6133096218109131,0.6177948713302612,-0.03129633143544197,0.6295322775840759,0.5686862468719482,-0.03495369106531143,0.5835958123207092,0.6345409750938416,-0.0006261678645387292,0.5651336312294006,0.6002957224845886,-0.02602398954331875,0.5800213813781738,0.6475498676300049,-0.04085763171315193,0.595670223236084,0.6791089177131653,-0.04619547724723816,0.6145330667495728,0.6186067461967468,-0.0037332044448703527,0.5934280157089233,0.5679049491882324,-0.031246045604348183,0.6028661131858826,0.6259520649909973,-0.03824896737933159,0.6172480583190918,0.658893346786499,-0.033311810344457626,0.6474406719207764,0.6181349158287048,-0.011409648694097996,0.6347057819366455,0.5944039225578308,-0.033140603452920914,0.636354923248291,0.6527417302131653,-0.026080647483468056,0.6423409581184387,0.6768997311592102,-0.013689055107533932,0.6771684288978577,0.6257073283195496,-0.02132597751915455,0.6605181694030762,0.6255331039428711,-0.02824590355157852,0.6600667834281921,0.6634471416473389,-0.01865774765610695,0.6654889583587646,0.6713377833366394,-0.008260549046099186
0.6696931719779968,0.7810395956039429,-3.7200285873950634e-07,0.6241904497146606,0.7607284784317017,-0.01765858195722103,0.6000676155090332,0.6828096508979797,-0.02467905730009079,0.6154972910881042,0.6180629134178162,-0.03133303299546242,0.6313108801841736,0.5698323249816895,-0.033621713519096375,0.582111656665802,0.6375215649604797,-0.0024037573020905256,0.5652070045471191,0.6013848781585693,-0.027795998379588127,0.5801429748535156,0.6504120826721191,-0.041668932884931564,0.595614492893219,0.681668221950531,-0.04646884649991989,0.6133052706718445,0.6200451254844666,-0.004740425851196051,0.5935563445091248,0.5655230283737183,-0.033022988587617874,0.6025077104568481,0.6263311505317688,-0.03906242549419403,0.6163061857223511,0.6584156155586243,-0.0330909788608551,0.6464390754699707,0.6191889047622681,-0.011720401234924793,0.6365306973457336,0.5944387316703796,-0.03402591496706009,0.6380606293678284,0.655636727809906,-0.025734402239322662,0.6434292793273926,0.678537130355835,-0.012302269227802753,0.6765345931053162,0.6261621117591858,-0.02111899107694626,0.6627142429351807,0.6256819367408752,-0.02825850434601307,0.662148654460907,0.6638218760490417,-0.018328974023461342,0.6665695905685425,0.6700136065483093,-0.007698855362832546
0.6701265573501587,0.7812250852584839,-3.708778137934132e-07,0.6237158179283142,0.7604760527610779,-0.01842922531068325,0.5993049740791321,0.6825631260871887,-0.026033859699964523,0.6152870059013367,0.6178186535835266,-0.033085208386182785,0.6321930885314941,0.5689381957054138,-0.03566988930106163,0.5836079120635986,0.6344076991081238,-0.003075662301853299,0.5664550065994263,0.5990837812423706,-0.028438247740268707,0.5811525583267212,0.649637758731842,-0.04172758385539055,0.596173107624054,0.6774376630783081,-0.04641425609588623,0.6153015494346619,0.6169595718383789,-0.005023712757974863,0.5956295728683472,0.5653250217437744,-0.033487264066934586,0.6045725345611572,0.6282302737236023,-0.039094477891922,0.6182286739349365,0.6558793783187866,-0.03296578302979469,0.6483424305915833,0.6171202063560486,-0.011649757623672485,0.6361216306686401,0.5946816205978394,-0.034153688699007034,0.6371024250984192,0.6560792922973633,-0.025464877486228943,0.6427885890007019,0.6738985776901245,-0.012033487670123577,0.6773260235786438,0.624984860420227,-0.02074730210006237,0.6614066958427429,0.6291885375976562,-0.028375325724482536,0.6610695123672485,0.6672061085700989,-0.0186174213886261,0.6660861372947693,0.6692533493041992,-0.008100545965135098
0.6707197427749634,0.7830849885940552,-3.731085200797679e-07,0.623420238494873,0.7573798894882202,-0.016398532316088676,0.600038468837738,0.6833371520042419,-0.024256844073534012,0.6143962144851685,0.6196328997612,-0.03258052468299866,0.6312430500984192,0.5704143047332764,-0.03712658956646919,0.5848892331123352,0.6344059109687805,0.0003434192040003836,0.5696053504943848,0.5985531210899353,-0.02583344466984272,0.583074152469635,0.646824061870575,-0.04073789715766907,0.5972474813461304,0.6776965260505676,-0.046008627861738205,0.6168285608291626,0.619887113571167,-0.0029458049684762955,0.5990892052650452,0.5669693946838379,-0.032614175230264664,0.6077215671539307,0.6289403438568115,-0.04013337939977646,0.6207762956619263,0.6626041531562805,-0.03469603881239891,0.6499904990196228,0.6206904053688049,-0.010876277461647987,0.6379852294921875,0.5961624383926392,-0.03533310815691948,0.6387863755226135,0.6561510562896729,-0.028948338702321053,0.644646942615509,0.6795071959495544,-0.015913210809230804,0.6795698404312134,0.6291326284408569,-0.02081487886607647,0.6633304953575134,0.626960039138794,-0.029210036620497704,0.6615246534347534,0.6659530401229858,-0.01973123475909233,0.6661672592163086,0.674085259437561,-0.008747919462621212
