0,1,2,3,4,5,6,7,8,9,10,11,12,13,14,15,16,17,18,19,20,21,22,23,24,25,26,27,28,29,30,31,32,33,34,35,36,37,38,39,40,41,42,43,44,45,46,47,48,49,50,51,52,53,54,55,56,57,58,59,60,61,62
0.7351298332214355,0.6951252818107605,-4.6228646510826366e-07,0.67037034034729,0.6514890789985657,0.00420333631336689,0.6278492212295532,0.599030613899231,-0.00283233355730772,0.5951533913612366,0.5668456554412842,-0.016607066616415977,0.5741534233093262,0.5328264832496643,-0.02877335250377655,0.678591251373291,0.4928440749645233,0.00916791707277298,0.6353700160980225,0.4252697825431824,-0.015976060181856155,0.5930625796318054,0.4487634301185608,-0.035330478101968765,0.5792126655578613,0.48511746525764465,-0.0457213893532753,0.6956996917724609,0.491219699382782,-0.0074801016598939896,0.6392173171043396,0.40995556116104126,-0.030953314155340195,0.5920875072479248,0.44311049580574036,-0.04474992677569389,0.5809875726699829,0.48275867104530334,-0.05116571485996246,0.7048572897911072,0.5047578811645508,-0.027107451111078262,0.6478286981582642,0.4289988875389099,-0.04684770852327347,0.6007006764411926,0.46018216013908386,-0.051710911095142365,0.5884809494018555,0.4990514814853668,-0.051986075937747955,0.7024241089820862,0.531359076499939,-0.04699868708848953,0.6527456641197205,0.4745747148990631,-0.059639934450387955,0.6147369146347046,0.4882791340351105,-0.060211002826690674,0.6009047627449036,0.5144022107124329,-0.058597028255462646
0.7349668741226196,0.6949518918991089,-4.592938296354987e-07,0.6690325736999512,0.6506774425506592,0.004504354204982519,0.6268172264099121,0.5983079671859741,-0.002106050029397011,0.5953771471977234,0.5663132071495056,-0.015341737307608128,0.5739052891731262,0.5335884094238281,-0.02693762071430683,0.6792830228805542,0.4922686517238617,0.009400200098752975,0.635834276676178,0.4262431859970093,-0.015404963865876198,0.5934330821037292,0.449074387550354,-0.034698713570833206,0.579227089881897,0.48538097739219666,-0.04511845484375954,0.6962354183197021,0.49041879177093506,-0.007128995377570391,0.6396487355232239,0.41062238812446594,-0.029737822711467743,0.5924564599990845,0.44206249713897705,-0.04323732107877731,0.5809233784675598,0.4808458685874939,-0.049800120294094086,0.7051488757133484,0.5039891600608826,-0.026624858379364014,0.6477445363998413,0.42897021770477295,-0.045935433357954025,0.6005424857139587,0.4585752785205841,-0.0509764701128006,0.5880193710327148,0.4969664216041565,-0.05156370997428894,0.702204704284668,0.5309590697288513,-0.04635696858167648,0.652519941329956,0.4751487374305725,-0.059010982513427734,0.6145585775375366,0.48716139793395996,-0.05986554175615311,0.6004533767700195,0.5119683146476746,-0.058522000908851624
0.7352761030197144,0.6955897808074951,-4.69445666340107e-07,0.6696473360061646,0.6533650159835815,0.004465065430849791,0.6274033784866333,0.5995181798934937,-0.0018816080410033464,0.5962674021720886,0.5667892098426819,-0.01488284207880497,0.5749597549438477,0.5334773063659668,-0.026221822947263718,0.6774085164070129,0.4921756982803345,0.009600147604942322,0.6346564292907715,0.4255672097206116,-0.015234306454658508,0.5930488109588623,0.44973573088645935,-0.03430020064115524,0.5805195569992065,0.4873883128166199,-0.04444708302617073,0.6950318813323975,0.4900038540363312,-0.007096409797668457,0.6393247842788696,0.409945547580719,-0.029675252735614777,0.5929129123687744,0.4431656002998352,-0.04281606525182724,0.5829983949661255,0.48320597410202026,-0.048848483711481094,0.704822838306427,0.5032476186752319,-0.026824217289686203,0.6482477784156799,0.42696425318717957,-0.04618135839700699,0.6016666293144226,0.45793721079826355,-0.05081222206354141,0.5907290577888489,0.49713075160980225,-0.05094929784536362,0.7026852965354919,0.5299058556556702,-0.04680365324020386,0.6519652605056763,0.47414034605026245,-0.059634361416101456,0.6140842437744141,0.4879101812839508,-0.060274895280599594,0.6014530062675476,0.5140539407730103,-0.05858568474650383
0.736891508102417,0.696085512638092,-4.6192471359063347e-07,0.6726393103599548,0.6545798778533936,0.0058176834136247635,0.6291050314903259,0.599715530872345,-0.000434067624155432,0.5962042808532715,0.566877007484436,-0.013667725957930088,0.5729861855506897,0.5344244837760925,-0.025159388780593872,0.6789349913597107,0.49496591091156006,0.009704811498522758,0.6360441446304321,0.42448920011520386,-0.015117963775992393,0.5943847894668579,0.4478532075881958,-0.03359949216246605,0.5817713141441345,0.4853523075580597,-0.04314609616994858,0.6953592896461487,0.4935280680656433,-0.007740751840174198,0.6406939625740051,0.4084410071372986,-0.030857037752866745,0.5936734080314636,0.44208449125289917,-0.043462470173835754,0.5837088227272034,0.4833664000034332,-0.04869117960333824,0.7041656970977783,0.5067388415336609,-0.02802150696516037,0.6488450765609741,0.4288281500339508,-0.04677349328994751,0.6024777889251709,0.4620983898639679,-0.05038103461265564,0.5923576951026917,0.5021904706954956,-0.049698952585458755,0.7020214796066284,0.5322020649909973,-0.04852340742945671,0.6527944803237915,0.4753169119358063,-0.060150276869535446,0.6148378252983093,0.4893302917480469,-0.06014106050133705,0.6025341749191284,0.5150282979011536,-0.05805894359946251
0.7367430329322815,0.6974537372589111,-4.3776614688795235e-07,0.6731098294258118,0.6544249057769775,0.00553277088329196,0.630182683467865,0.599852979183197,-0.0012894751271232963,0.5973547101020813,0.5665621757507324,-0.014996843412518501,0.5760458707809448,0.5331172943115234,-0.026861248537898064,0.6820538640022278,0.49576470255851746,0.009137522429227829,0.638719379901886,0.4234313666820526,-0.015291385352611542,0.5962406396865845,0.4444889426231384,-0.03357214853167534,0.5825681686401367,0.48067259788513184,-0.043040018528699875,0.6974610090255737,0.49509119987487793,-0.008037368766963482,0.6419798135757446,0.40885451436042786,-0.029990583658218384,0.5941480994224548,0.43995675444602966,-0.04196269437670708,0.5830804705619812,0.47883710265159607,-0.04731278121471405,0.7047869563102722,0.5086278915405273,-0.028001874685287476,0.6490882039070129,0.43032845854759216,-0.045669566839933395,0.603014349937439,0.462567538022995,-0.04845579341053963,0.5930970907211304,0.501785933971405,-0.04772574454545975,0.7008318901062012,0.5341423749923706,-0.04827633500099182,0.6520754098892212,0.4758742153644562,-0.05879519507288933,0.6151369214057922,0.4915271997451782,-0.057741086930036545,0.6039699912071228,0.5193399786949158,-0.05525282025337219
0.736746072769165,0.6972090005874634,-4.5271156068338314e-07,0.6725981831550598,0.6542180776596069,0.004809077829122543,0.6291185021400452,0.5995180010795593,-0.0020463126711547375,0.5960646867752075,0.5670418739318848,-0.015617573633790016,0.5737600326538086,0.5346212983131409,-0.02734929323196411,0.6796804070472717,0.49455347657203674,0.008154372684657574,0.6371630430221558,0.42307382822036743,-0.01717839576303959,0.5947737097740173,0.4463876485824585,-0.03583064675331116,0.5817026495933533,0.4836781919002533,-0.0454055592417717,0.6961383819580078,0.4936690926551819,-0.008750468492507935,0.6413935422897339,0.40790683031082153,-0.03241437301039696,0.5938915610313416,0.44190603494644165,-0.04494023323059082,0.5837152004241943,0.4834376275539398,-0.04991869628429413,0.7047197818756104,0.5074037909507751,-0.028528772294521332,0.6490305066108704,0.43048420548439026,-0.047546349465847015,0.602398693561554,0.46310174465179443,-0.051035232841968536,0.5920159816741943,0.5026281476020813,-0.05013937130570412,0.7022915482521057,0.5332087874412537,-0.048591867089271545,0.6529644727706909,0.476711243391037,-0.06001351773738861,0.6149275898933411,0.4903496503829956,-0.05967077612876892,0.6025498509407043,0.5157703161239624,-0.05728920176625252
0.737185001373291,0.6984468102455139,-4.3784336867247475e-07,0.6727356314659119,0.6543259024620056,0.005420232657343149,0.629828155040741,0.5996089577674866,-0.0010831240797415376,0.5964458584785461,0.5664210915565491,-0.014506818726658821,0.5736458897590637,0.5336158275604248,-0.026029406115412712,0.6822009682655334,0.49637117981910706,0.010463104583323002,0.6392919421195984,0.4246649146080017,-0.013761731795966625,0.5967334508895874,0.4458591341972351,-0.03206060826778412,0.583354115486145,0.48212721943855286,-0.0415877103805542,0.6974783539772034,0.4953206181526184,-0.006615397520363331,0.6429968476295471,0.40869274735450745,-0.028753649443387985,0.5948463678359985,0.43941208720207214,-0.04113684222102165,0.5835111141204834,0.478707879781723,-0.04661216959357262,0.704827606678009,0.5086043477058411,-0.026609113439917564,0.649495542049408,0.4302208721637726,-0.04457634687423706,0.6024668216705322,0.46128183603286743,-0.04829186201095581,0.5916226506233215,0.5000868439674377,-0.048053622245788574,0.7007837295532227,0.5338497161865234,-0.04687737300992012,0.6519028544425964,0.47620248794555664,-0.05767101049423218,0.6141318678855896,0.4906773269176483,-0.05730961263179779,0.6020783185958862,0.5176177620887756,-0.055274832993745804
0.7369454503059387,0.6971163153648376,-4.485621332150913e-07,0.6725049018859863,0.653350830078125,0.003944674506783485,0.6289677619934082,0.5993716716766357,-0.003610903164371848,0.5953409671783447,0.5664469599723816,-0.017773455008864403,0.573230504989624,0.5325981974601746,-0.030006347224116325,0.6805452108383179,0.49433472752571106,0.007532588671892881,0.6368748545646667,0.42256247997283936,-0.01800304464995861,0.5942975282669067,0.4458919167518616,-0.03689231351017952,0.581148087978363,0.4832852780818939,-0.046674273908138275,0.6965640187263489,0.49364447593688965,-0.008989769965410233,0.6405088901519775,0.4073485732078552,-0.03279697522521019,0.5931686758995056,0.44203776121139526,-0.0456269271671772,0.5832152366638184,0.4833729565143585,-0.05095049738883972,0.7046952247619629,0.5072304010391235,-0.02842835523188114,0.6484620571136475,0.4285840690135956,-0.047754038125276566,0.6019362211227417,0.46174779534339905,-0.051449112594127655,0.5917974710464478,0.501763105392456,-0.05072851851582527,0.701581597328186,0.5328476428985596,-0.04820394515991211,0.6521409749984741,0.4746972918510437,-0.06007707864046097,0.6139840483665466,0.4893325865268707,-0.05997466295957565,0.6016684770584106,0.5163561701774597,-0.057753343135118484
0.7360073328018188,0.6980900764465332,-4.5724405595137796e-07,0.671704113483429,0.65340656042099,0.00520694674924016,0.6292372941970825,0.5992055535316467,-0.0011606736807152629,0.5957879424095154,0.5664607882499695,-0.014470735564827919,0.573691725730896,0.5328277945518494,-0.02599777840077877,0.6803339719772339,0.49553996324539185,0.011196796782314777,0.6368713974952698,0.4266764223575592,-0.013168011792004108,0.5943300724029541,0.4500087797641754,-0.03185892850160599,0.5822892189025879,0.48767122626304626,-0.041749197989702225,0.695855438709259,0.4939627945423126,-0.0058386316522955894,0.6413055658340454,0.4099980592727661,-0.02804517187178135,0.5934281349182129,0.44206002354621887,-0.04102025181055069,0.5831657648086548,0.4818907082080841,-0.047073543071746826,0.7034206390380859,0.5068509578704834,-0.025893500074744225,0.6481239795684814,0.4282335638999939,-0.0444963313639164,0.6008604764938354,0.45980948209762573,-0.048989538103342056,0.5905999541282654,0.49950507283210754,-0.049293335527181625,0.6992273926734924,0.5319041609764099,-0.04616434499621391,0.6487231254577637,0.47505316138267517,-0.05788743495941162,0.6111117005348206,0.49107247591018677,-0.05809233710169792,0.6001651287078857,0.5196456909179688,-0.056373730301856995
0.7354875802993774,0.6966004967689514,-4.511929603268072e-07,0.6717175841331482,0.6526811122894287,0.004948784597218037,0.628196656703949,0.5994377732276917,-0.002214736072346568,0.5951418280601501,0.5675773024559021,-0.01624050736427307,0.5734673738479614,0.534009575843811,-0.028412876650691032,0.6776339411735535,0.49438202381134033,0.008935591205954552,0.6353207230567932,0.4238653779029846,-0.016765978187322617,0.5933012366294861,0.44748806953430176,-0.03596911579370499,0.5797683000564575,0.48431718349456787,-0.045974187552928925,0.6939548254013062,0.4939732551574707,-0.00818819273263216,0.638889491558075,0.40909117460250854,-0.032166142016649246,0.5921679735183716,0.44340479373931885,-0.04525064677000046,0.5821008086204529,0.4838273525238037,-0.050727035850286484,0.7025058269500732,0.5076596736907959,-0.02825178951025009,0.6471135020256042,0.4309828579425812,-0.04753847420215607,0.6008654832839966,0.4639473557472229,-0.05112912505865097,0.590196967124939,0.5031096339225769,-0.05033735930919647,0.7005910873413086,0.5331873297691345,-0.048636358231306076,0.6519030928611755,0.4768039286136627,-0.06002460792660713,0.6138545870780945,0.4908411502838135,-0.059668317437171936,0.6007753610610962,0.5163213014602661,-0.05736566707491875
0.7343794703483582,0.697417140007019,-4.5663117020922073e-07,0.6703594923019409,0.6534830331802368,0.005312683526426554,0.6283719539642334,0.5995745658874512,-0.0008935760706663132,0.5960865616798401,0.567511260509491,-0.014096803031861782,0.5735072493553162,0.5353350639343262,-0.02553500607609749,0.677819013595581,0.4957975149154663,0.010959942825138569,0.6350583434104919,0.42578786611557007,-0.014030848629772663,0.5927508473396301,0.4493834674358368,-0.03301789611577988,0.5799666047096252,0.48712727427482605,-0.04286381974816322,0.6934670805931091,0.49428027868270874,-0.006097526289522648,0.6387195587158203,0.40970325469970703,-0.029031788930296898,0.591383159160614,0.4429284632205963,-0.042205873876810074,0.5811720490455627,0.4835491180419922,-0.04797029122710228,0.7016605138778687,0.5070282220840454,-0.0261821448802948,0.6464292407035828,0.4290117025375366,-0.04499921202659607,0.5995972752571106,0.46114295721054077,-0.04950660467147827,0.5889555811882019,0.5008871555328369,-0.04950479045510292,0.6987589597702026,0.5321173071861267,-0.046531252562999725,0.6495612263679504,0.4747360944747925,-0.05797576904296875,0.6115717887878418,0.4900768995285034,-0.05804433301091194,0.5991733074188232,0.5178498029708862,-0.056117553263902664
0.7308884859085083,0.6962671875953674,-4.478760615711508e-07,0.6647872924804688,0.6509514451026917,0.004920683801174164,0.6224732995033264,0.597766101360321,-0.0012140191392973065,0.5905749797821045,0.5641924142837524,-0.014044537208974361,0.5700446367263794,0.5337210297584534,-0.025160254910588264,0.6723374724388123,0.4928942620754242,0.010215546935796738,0.6312894225120544,0.42402809858322144,-0.014185754582285881,0.5895397663116455,0.44686418771743774,-0.03279341384768486,0.5743333697319031,0.4841989278793335,-0.04246262088418007,0.6893368363380432,0.49122005701065063,-0.006084267981350422,0.6345593333244324,0.4097177982330322,-0.02880893461406231,0.5881768465042114,0.44031280279159546,-0.041757553815841675,0.5757216811180115,0.4806351661682129,-0.04735821485519409,0.6988729238510132,0.5046625137329102,-0.025333821773529053,0.6425569653511047,0.4299633502960205,-0.04460745304822922,0.5954586267471313,0.46016475558280945,-0.04957319796085358,0.5814884305000305,0.4998742640018463,-0.049599356949329376,0.6968358755111694,0.5313686728477478,-0.04475748538970947,0.6466022729873657,0.47724002599716187,-0.056972842663526535,0.6080246567726135,0.4893486797809601,-0.05777319148182869,0.5925578474998474,0.5136304497718811,-0.05611945316195488
0.736487090587616,0.6999951601028442,-4.7661893631811836e-07,0.6665971279144287,0.6593618392944336,0.006115349940955639,0.6249372363090515,0.6064160466194153,0.0010239771800115705,0.5936969518661499,0.5719179511070251,-0.010551108047366142,0.5730957984924316,0.5453125238418579,-0.020411232486367226,0.6730211973190308,0.4924212098121643,0.010593556798994541,0.6261704564094543,0.4261837899684906,-0.011309930123388767,0.5835278034210205,0.45242607593536377,-0.028303448110818863,0.569942057132721,0.48999741673469543,-0.0376436784863472,0.6887972950935364,0.4891461730003357,-0.005067968275398016,0.6286400556564331,0.417447030544281,-0.02340441569685936,0.5830318331718445,0.44875210523605347,-0.03411981463432312,0.5707948207855225,0.4861550033092499,-0.040019866079092026,0.6955994963645935,0.5024428963661194,-0.023528065532445908,0.6348605155944824,0.43208616971969604,-0.04049532115459442,0.5883254408836365,0.46173369884490967,-0.04472528398036957,0.5732704997062683,0.5005617141723633,-0.04575508460402489,0.6898854970932007,0.5307132601737976,-0.041975777596235275,0.6356896758079529,0.48490288853645325,-0.05404407158493996,0.5964341163635254,0.49831414222717285,-0.05540679767727852,0.5783154368400574,0.5235905647277832,-0.05475587770342827
0.7431145906448364,0.7050992846488953,-4.183395390100486e-07,0.6685068607330322,0.6662539839744568,0.011105979792773724,0.6205716133117676,0.6190756559371948,0.006580085959285498,0.5869863629341125,0.5872710347175598,-0.005840211641043425,0.5627187490463257,0.5619378089904785,-0.017308063805103302,0.6571583151817322,0.49194425344467163,0.014523738995194435,0.6114742755889893,0.4298172891139984,-0.007618328556418419,0.5698240399360657,0.44531771540641785,-0.025237947702407837,0.5482009053230286,0.4750221073627472,-0.03428633511066437,0.6732341051101685,0.4925783574581146,-0.003821368794888258,0.6116948127746582,0.43426933884620667,-0.02042212150990963,0.5669235587120056,0.47069716453552246,-0.029193835332989693,0.5520224571228027,0.5100362300872803,-0.03374683856964111,0.682735025882721,0.5108502507209778,-0.024892868474125862,0.6191008687019348,0.46101781725883484,-0.039252400398254395,0.5736575126647949,0.4989185929298401,-0.04141365736722946,0.5569971799850464,0.5422890782356262,-0.04134856164455414,0.682326078414917,0.5455078482627869,-0.04600902274250984,0.6285104155540466,0.5109161138534546,-0.054479192942380905,0.5893181562423706,0.5284108519554138,-0.05376197397708893,0.5691672563552856,0.555935263633728,-0.05193169787526131
0.7501963376998901,0.7024096846580505,-4.549586947177886e-07,0.679063618183136,0.6810157299041748,0.0018372312188148499,0.6211326122283936,0.6437079310417175,-0.00806957483291626,0.5819888114929199,0.6206532120704651,-0.02262261137366295,0.5503633618354797,0.6041647791862488,-0.03537512943148613,0.6397375464439392,0.5068067312240601,-0.006061849649995565,0.5891338586807251,0.44490236043930054,-0.0370432585477829,0.5418225526809692,0.47610077261924744,-0.058108024299144745,0.5171949863433838,0.5168986916542053,-0.06787467002868652,0.6542724967002869,0.5102856159210205,-0.02074332907795906,0.5878836512565613,0.45423394441604614,-0.04564327746629715,0.5382416248321533,0.499074250459671,-0.05431993305683136,0.520211398601532,0.5431981086730957,-0.05659101903438568,0.6642810106277466,0.5346068143844604,-0.03824162855744362,0.5985389351844788,0.4952518939971924,-0.0564398393034935,0.5539734363555908,0.5341816544532776,-0.05779594928026199,0.5365075469017029,0.5733249187469482,-0.056148845702409744,0.6699075102806091,0.5762919783592224,-0.05632491037249565,0.6130645275115967,0.5629717707633972,-0.06693439930677414,0.5751892328262329,0.5826801061630249,-0.0667000263929367,0.5556492209434509,0.6034045815467834,-0.06417501717805862
0.7494701147079468,0.7057344913482666,-4.6445688894891646e-07,0.6525927186012268,0.7111232280731201,0.0009294715709984303,0.5783311724662781,0.676679253578186,-0.00695407297462225,0.5361674427986145,0.6551746726036072,-0.019003722816705704,0.5107196569442749,0.6444454193115234,-0.0291733555495739,0.560200035572052,0.49859392642974854,0.004968820605427027,0.49078452587127686,0.5455538034439087,-0.02248569019138813,0.48656198382377625,0.5944459438323975,-0.04575897008180618,0.5004541277885437,0.6166115999221802,-0.05924851819872856,0.5794035792350769,0.5080514550209045,-0.010361828841269016,0.5004720687866211,0.5751465559005737,-0.0291755311191082,0.5036804676055908,0.6202456951141357,-0.039065852761268616,0.5204855799674988,0.6322801113128662,-0.04514728859066963,0.6027404069900513,0.5438341498374939,-0.028685981407761574,0.5282344222068787,0.6194959282875061,-0.04625989496707916,0.5344713926315308,0.6601521968841553,-0.04597312957048416,0.5498695373535156,0.6648075580596924,-0.044561851769685745,0.625474214553833,0.5969331860542297,-0.04831714928150177,0.5645666718482971,0.6623023748397827,-0.05862481892108917,0.5658493041992188,0.6931527853012085,-0.055391110479831696,0.5774168372154236,0.6969955563545227,-0.05077917501330376
0.7425152063369751,0.746368944644928,-5.344458600120561e-07,0.6631550192832947,0.7037265300750732,0.00033702660584822297,0.5864643454551697,0.7093868255615234,-0.008917201310396194,0.525242805480957,0.7342771291732788,-0.021730095148086548,0.48343074321746826,0.7641452550888062,-0.03775091841816902,0.5394643545150757,0.6692993640899658,-0.016584746539592743,0.44969838857650757,0.7042272090911865,-0.04650142788887024,0.41362160444259644,0.7600998878479004,-0.06968947499990463,0.39215654134750366,0.8087658286094666,-0.08336730301380157,0.5582067370414734,0.6747624278068542,-0.030568914487957954,0.4594345688819885,0.7273644208908081,-0.0555371455848217,0.41799068450927734,0.7952455878257751,-0.07517512142658234,0.3960285782814026,0.8482498526573181,-0.09057735651731491,0.5888853669166565,0.6915917992591858,-0.04565439373254776,0.5034171342849731,0.7470191717147827,-0.07413958758115768,0.45897120237350464,0.8185583353042603,-0.09331796318292618,0.43695253133773804,0.8739323616027832,-0.10592314600944519,0.6267600655555725,0.7174916863441467,-0.05962463468313217,0.5687788128852844,0.7801241874694824,-0.08654506504535675,0.5347570776939392,0.8330841064453125,-0.09914717078208923,0.5141805410385132,0.8768235445022583,-0.1069524884223938
0.7034033536911011,0.7246237397193909,-4.850659820476722e-07,0.6296298503875732,0.7279569506645203,0.02019200287759304,0.5597092509269714,0.762312114238739,0.01127959880977869,0.5103400945663452,0.7986174821853638,-0.005177514161914587,0.4710434377193451,0.8347824215888977,-0.026065725833177567,0.5139809846878052,0.7067117094993591,-0.02107044868171215,0.4309311509132385,0.7662283778190613,-0.05699198320508003,0.4015735685825348,0.8320235013961792,-0.08378031849861145,0.38777393102645874,0.8846487998962402,-0.09990959614515305,0.5297701358795166,0.7056980729103088,-0.048078034073114395,0.4363167881965637,0.7739281058311462,-0.0790298655629158,0.40475279092788696,0.8468405604362488,-0.09793231636285782,0.39007216691970825,0.9010888934135437,-0.11297424137592316,0.5574914216995239,0.721077561378479,-0.07382818311452866,0.4701269268989563,0.7848182320594788,-0.10102289170026779,0.43766850233078003,0.8568676114082336,-0.11460883170366287,0.4203759431838989,0.9116058349609375,-0.12540583312511444,0.5908107161521912,0.7457589507102966,-0.09673083573579788,0.5330489277839661,0.8129774928092957,-0.12131571769714355,0.5026260018348694,0.8652853965759277,-0.13224849104881287,0.4811859428882599,0.9042691588401794,-0.14057853817939758
0.6651207804679871,0.7345418930053711,-3.4058260212077585e-07,0.6033127903938293,0.7417370080947876,0.021702051162719727,0.5470647215843201,0.7834547758102417,0.02001594938337803,0.5062939524650574,0.8244520425796509,0.011800064705312252,0.4784297049045563,0.8626200556755066,0.0009810130577534437,0.49594831466674805,0.7408493161201477,-0.0016464990330860019,0.42451798915863037,0.8019757866859436,-0.02317112497985363,0.4034697115421295,0.8615818023681641,-0.04085173457860947,0.3964948058128357,0.9085775017738342,-0.050787296146154404,0.5058066844940186,0.745840847492218,-0.021125277504324913,0.4285365343093872,0.8169212937355042,-0.03614562004804611,0.4063343405723572,0.8793148994445801,-0.047400303184986115,0.39808031916618347,0.9255905151367188,-0.05716976150870323,0.5264242887496948,0.763297975063324,-0.039056990295648575,0.45609888434410095,0.8318127989768982,-0.049326132982969284,0.43568888306617737,0.8894106149673462,-0.05521749332547188,0.42891138792037964,0.933741569519043,-0.06181666627526283,0.5532697439193726,0.7880845665931702,-0.05476751923561096,0.5117160081863403,0.844669759273529,-0.06197843328118324,0.4953300654888153,0.8857017755508423,-0.06365834921598434,0.4859141707420349,0.916827380657196,-0.06605350971221924
0.6413698196411133,0.7421653270721436,-2.1413625006516668e-07,0.5833789706230164,0.7544041872024536,0.023129627108573914,0.5362843871116638,0.796571671962738,0.025529246777296066,0.5067412257194519,0.8454469442367554,0.021815050393342972,0.4900912642478943,0.8887279629707336,0.016295406967401505,0.48479214310646057,0.7661808133125305,0.014465570449829102,0.4235924482345581,0.8276698589324951,0.003144489601254463,0.40681132674217224,0.8795510530471802,-0.00920841097831726,0.4024016857147217,0.9227067828178406,-0.016240933910012245,0.4971219003200531,0.7815102338790894,-0.001832213718444109,0.4370116591453552,0.8515226244926453,-0.006302840542048216,0.41857045888900757,0.904550313949585,-0.014367948286235332,0.4110642969608307,0.9460227489471436,-0.02245466597378254,0.5187733769416809,0.8040331602096558,-0.016906466335058212,0.46748897433280945,0.8730819821357727,-0.015917018055915833,0.44984671473503113,0.9184129238128662,-0.018656564876437187,0.44055116176605225,0.9532113075256348,-0.024585412815213203,0.5440667271614075,0.828403115272522,-0.030193185433745384,0.5152105093002319,0.8799010515213013,-0.026296483352780342,0.5042200088500977,0.9112333059310913,-0.023184707388281822,0.49672645330429077,0.9341083765029907,-0.023254133760929108
0.6175050139427185,0.7547971606254578,-1.6900570187772246e-07,0.5720766186714172,0.7982717156410217,0.014889308251440525,0.5325819849967957,0.8426669239997864,0.014402570202946663,0.5094278454780579,0.8878405690193176,0.008819056674838066,0.4902998208999634,0.9253999590873718,0.0017890738090500236,0.47450539469718933,0.794293999671936,0.00759738078340888,0.42294591665267944,0.8605524897575378,-0.003561160061508417,0.41144654154777527,0.9101564288139343,-0.015141567215323448,0.410866379737854,0.9504401087760925,-0.02231300249695778,0.4842957854270935,0.8008055686950684,-0.006692776922136545,0.43153584003448486,0.8753320574760437,-0.012761595658957958,0.4188501536846161,0.9267617464065552,-0.022847410291433334,0.41556912660598755,0.9674150347709656,-0.03202047571539879,0.5062662363052368,0.8147700428962708,-0.02032150700688362,0.4605444073677063,0.8867716789245605,-0.02359965816140175,0.4467604458332062,0.9332762956619263,-0.03054102137684822,0.4395013749599457,0.9717609882354736,-0.03862347453832626,0.5339674353599548,0.8355907201766968,-0.03261655196547508,0.5114576816558838,0.8854851126670837,-0.03530410677194595,0.5017462968826294,0.9215549826622009,-0.037511684000492096,0.494547575712204,0.9518064260482788,-0.04081648215651512
0.5915306806564331,0.7644909024238586,-2.489455539489427e-07,0.5683072209358215,0.8241873383522034,0.0102005610242486,0.5361976027488708,0.8745883703231812,0.013699977658689022,0.5105419754981995,0.9150385856628418,0.013227982446551323,0.4920315742492676,0.9508489966392517,0.012297515757381916,0.4767841696739197,0.8298871517181396,0.020006543025374413,0.43455561995506287,0.900352954864502,0.01657269522547722,0.42642199993133545,0.9467002153396606,0.00912212859839201,0.4262072443962097,0.9810965061187744,0.004713201895356178,0.46598970890045166,0.8195450901985168,0.012126555666327477,0.4192940592765808,0.8940529227256775,0.010030049830675125,0.4126420021057129,0.9427076578140259,0.0024928771890699863,0.4173646569252014,0.979170560836792,-0.003126889932900667,0.46726807951927185,0.8215044736862183,0.004064348991960287,0.42261749505996704,0.8919706344604492,0.004500631242990494,0.41529273986816406,0.9370198249816895,0.0017868451541289687,0.41703423857688904,0.973626971244812,-0.001229061628691852,0.4774436354637146,0.8335345387458801,-0.0033689234405755997,0.4426078796386719,0.8906375765800476,-0.0004083362000528723,0.43272507190704346,0.9288296699523926,0.0024414220824837685,0.4305368661880493,0.9616692066192627,0.003849758068099618
0.5618695616722107,0.7839052081108093,-1.4392823288744694e-07,0.554854154586792,0.8443634510040283,-0.007663472089916468,0.5294730067253113,0.8945244550704956,-0.010397257283329964,0.501778781414032,0.933669924736023,-0.011647319421172142,0.48136889934539795,0.9664478898048401,-0.011367417871952057,0.46923205256462097,0.8783255219459534,-0.009674626402556896,0.43375831842422485,0.9482525587081909,-0.013900474645197392,0.4253164529800415,0.9831312298774719,-0.016103146597743034,0.4200923442840576,1.0031204223632812,-0.01642213575541973,0.44965797662734985,0.8573655486106873,-0.006871264427900314,0.4060084819793701,0.9257323741912842,-0.01268095150589943,0.4016059637069702,0.9617693424224854,-0.013610830530524254,0.4044325351715088,0.9832757115364075,-0.012420184910297394,0.4434664845466614,0.8434360027313232,-0.00404338538646698,0.4035024642944336,0.9038549661636353,-0.008159427903592587,0.3999137580394745,0.9385555982589722,-0.005735297687351704,0.4026598334312439,0.9607318639755249,-0.0024242717772722244,0.44664815068244934,0.837681770324707,-0.001576384180225432,0.4135996401309967,0.8861641883850098,-0.0015090021770447493,0.4079021215438843,0.9186538457870483,0.0034378503914922476,0.41081494092941284,0.9401041865348816,0.00842109601944685
0.6847397089004517,0.7601101994514465,-1.2096315948895153e-08,0.6234472393989563,0.7790719270706177,0.015506980009377003,0.5704439282417297,0.8372417092323303,0.012985868379473686,0.5399641394615173,0.8958503007888794,0.007201653905212879,0.5283894538879395,0.9511530995368958,-0.0021761085372418165,0.5360406041145325,0.8438395857810974,-0.02258455939590931,0.48296570777893066,0.9357807040214539,-0.04126675799489021,0.45721256732940674,0.9974744319915771,-0.051195815205574036,0.44369885325431824,1.0377970933914185,-0.05580725520849228,0.5598520040512085,0.8629374504089355,-0.03899131342768669,0.5162385106086731,0.9786924719810486,-0.05037163943052292,0.5011904239654541,1.042574405670166,-0.051275528967380524,0.4945972263813019,1.0751476287841797,-0.05243721231818199,0.5962330102920532,0.8820127844810486,-0.052988532930612564,0.5628026723861694,0.9930388331413269,-0.06223206967115402,0.5507598519325256,1.0510356426239014,-0.05913451313972473,0.5423919558525085,1.0810518264770508,-0.05748096853494644,0.6406877040863037,0.898617148399353,-0.06484507024288177,0.6182423233985901,0.9846963882446289,-0.0734933614730835,0.6078435778617859,1.0304670333862305,-0.0699976310133934,0.5992648005485535,1.0604751110076904,-0.06590618938207626
0.7572740316390991,0.5211890935897827,3.433073203495951e-08,0.6988179087638855,0.5319182872772217,-0.005599933676421642,0.646663248538971,0.5860631465911865,-0.02528059482574463,0.6171075701713562,0.648884654045105,-0.04355048015713692,0.5991930365562439,0.6998270153999329,-0.06632682681083679,0.6039057374000549,0.5786473155021667,-0.07024744898080826,0.5534825921058655,0.6709101796150208,-0.09802792966365814,0.5246649384498596,0.7403849959373474,-0.11364683508872986,0.5051097273826599,0.8014454245567322,-0.12489287555217743,0.640128493309021,0.5769060254096985,-0.08248000591993332,0.6231486797332764,0.7294102907180786,-0.11050750315189362,0.6203194856643677,0.824744462966919,-0.11760715395212173,0.6194039583206177,0.8976803421974182,-0.12469331175088882,0.6884905099868774,0.5847145318984985,-0.09056919068098068,0.6811105012893677,0.7228235602378845,-0.1134227067232132,0.6919498443603516,0.6988710165023804,-0.0999271422624588,0.6994785070419312,0.6609861254692078,-0.08916540443897247,0.7352635264396667,0.5984528660774231,-0.09807531535625458,0.7227101922035217,0.7136344909667969,-0.11732228100299835,0.7272934317588806,0.6946597695350647,-0.10464148223400116,0.7277305126190186,0.6580356359481812,-0.09231270104646683
0.7735205888748169,0.4833192527294159,-2.7388227863411885e-07,0.7062935829162598,0.5053278803825378,-0.003352491883561015,0.6544719934463501,0.5699032545089722,-0.021798310801386833,0.6292133927345276,0.6434499025344849,-0.040581218898296356,0.6107087731361389,0.6960119009017944,-0.06320960074663162,0.6096109747886658,0.548107922077179,-0.06108984351158142,0.5637035965919495,0.6399228572845459,-0.0898061990737915,0.538543164730072,0.7056037783622742,-0.10676228255033493,0.519721269607544,0.7645382285118103,-0.11975428462028503,0.6450154781341553,0.5455276370048523,-0.07513076066970825,0.6319268941879272,0.6918936371803284,-0.10555150359869003,0.6285712122917175,0.7845395803451538,-0.11538205295801163,0.6257547736167908,0.8582432866096497,-0.12483323365449905,0.692412257194519,0.5501964688301086,-0.08577056974172592,0.6932004690170288,0.6970655918121338,-0.10927952080965042,0.7065631151199341,0.6741883754730225,-0.09786637127399445,0.7128657698631287,0.6358328461647034,-0.08968578279018402,0.7389804720878601,0.5608221888542175,-0.09618981182575226,0.7328618168830872,0.6812810897827148,-0.11554376035928726,0.7389668226242065,0.6651071906089783,-0.105187326669693,0.7386453151702881,0.6260408163070679,-0.09545016288757324
0.7936925888061523,0.4255443811416626,-2.737574220645911e-07,0.7247431874275208,0.4467185437679291,-0.004483650904148817,0.6707130074501038,0.49689456820487976,-0.023143092170357704,0.6437592506408691,0.562465488910675,-0.0417436882853508,0.6272838711738586,0.6128424406051636,-0.06321866065263748,0.6163290143013,0.4648441970348358,-0.060125332325696945,0.568930447101593,0.5358473658561707,-0.08875644952058792,0.5422769784927368,0.5886784195899963,-0.10646079480648041,0.518468976020813,0.6357021927833557,-0.12000609934329987,0.6506115794181824,0.4528096318244934,-0.07274150103330612,0.6376338601112366,0.5903285145759583,-0.10263538360595703,0.6334060430526733,0.6685676574707031,-0.11270952224731445,0.6298715472221375,0.7255986332893372,-0.12244739383459091,0.6964901089668274,0.4556000232696533,-0.08218934386968613,0.6956171989440918,0.5992507338523865,-0.10511770844459534,0.7098698616027832,0.5879998803138733,-0.09401576220989227,0.7193065881729126,0.5554735660552979,-0.08582552522420883,0.7408241033554077,0.4680140018463135,-0.09165468066930771,0.7350445985794067,0.5863853096961975,-0.11066500097513199,0.7409421801567078,0.5772292613983154,-0.10166311264038086,0.7418413758277893,0.5433061718940735,-0.09276697784662247
0.7874823808670044,0.4143281579017639,-2.875323161788401e-07,0.7181833982467651,0.42105329036712646,-0.0002673289563972503,0.663914680480957,0.4636721909046173,-0.017145393416285515,0.635520875453949,0.5270181894302368,-0.036105766892433167,0.6199026703834534,0.5793641805648804,-0.058837007731199265,0.6131610870361328,0.4404332637786865,-0.04768962413072586,0.5659010410308838,0.5097190141677856,-0.07319039851427078,0.5374024510383606,0.5607296824455261,-0.08849149942398071,0.5129439830780029,0.6080133318901062,-0.10040681809186935,0.6487141251564026,0.4328182637691498,-0.06316397339105606,0.633453369140625,0.57071453332901,-0.09087570011615753,0.6285525560379028,0.6493064165115356,-0.09868929535150528,0.6254174709320068,0.7069236636161804,-0.1061939001083374,0.6953158974647522,0.43711549043655396,-0.07626798003911972,0.6914491057395935,0.5766454339027405,-0.0987987294793129,0.7055562734603882,0.5612632036209106,-0.08968359231948853,0.7140793204307556,0.5264875292778015,-0.08297231793403625,0.7389668822288513,0.4474853277206421,-0.0889723151922226,0.7276073694229126,0.5651184320449829,-0.1073811948299408,0.7343434691429138,0.5538492202758789,-0.09899330884218216,0.7370572090148926,0.5157939791679382,-0.09072111546993256
0.7837849259376526,0.41326022148132324,-3.056665889289434e-07,0.7157902121543884,0.4210238456726074,-0.0032949275337159634,0.6598955392837524,0.46158069372177124,-0.0192585252225399,0.6304989457130432,0.521430253982544,-0.036685701459646225,0.6125851273536682,0.5690599679946899,-0.05727068707346916,0.61017906665802,0.42861810326576233,-0.046160317957401276,0.5618699789047241,0.4912338852882385,-0.07256263494491577,0.5315722823143005,0.5410037636756897,-0.08827541768550873,0.5064400434494019,0.5878824591636658,-0.10023616999387741,0.643911600112915,0.4205423593521118,-0.059961941093206406,0.6289902925491333,0.557924747467041,-0.0901716873049736,0.6257647275924683,0.6358691453933716,-0.09954030066728592,0.6233007907867432,0.6919634938240051,-0.10677021741867065,0.6885172128677368,0.4252985119819641,-0.07201874256134033,0.6880545020103455,0.5629580020904541,-0.09799134731292725,0.7024903297424316,0.5484658479690552,-0.09124087542295456,0.7095410227775574,0.5147276520729065,-0.08464659750461578,0.7306784987449646,0.4353567361831665,-0.08382580429315567,0.7231773138046265,0.5492312908172607,-0.10494265705347061,0.7298469543457031,0.5381620526313782,-0.09861793369054794,0.73091721534729,0.5015613436698914,-0.0908682718873024
0.7750133275985718,0.4014451801776886,-3.15101374326332e-07,0.7078787088394165,0.4114691913127899,-0.0021610602270811796,0.6532288193702698,0.45290714502334595,-0.019151631742715836,0.6243818998336792,0.513095498085022,-0.03805477172136307,0.6072153449058533,0.561721682548523,-0.060393765568733215,0.6037635803222656,0.4165140986442566,-0.0458558164536953,0.5549388527870178,0.4864850640296936,-0.07359886914491653,0.5250192284584045,0.537050724029541,-0.09097190946340561,0.49998974800109863,0.583213210105896,-0.10384862124919891,0.6380423903465271,0.4078954756259918,-0.060626108199357986,0.620969831943512,0.543215274810791,-0.09235895425081253,0.6174536943435669,0.6245461702346802,-0.1031326949596405,0.6147927641868591,0.6846661567687988,-0.11102592945098877,0.6822612881660461,0.4135676622390747,-0.07360634207725525,0.6807910203933716,0.5503947138786316,-0.09947657585144043,0.6956297159194946,0.5421464443206787,-0.09321939945220947,0.7032219767570496,0.5129981637001038,-0.08721118420362473,0.7233366370201111,0.426738440990448,-0.08630502969026566,0.7138875126838684,0.540646493434906,-0.10589081794023514,0.7209843397140503,0.5345754623413086,-0.09890583902597427,0.723053514957428,0.5011276602745056,-0.09113208204507828
0.7763370275497437,0.3988189697265625,-3.225724753974646e-07,0.7101511359214783,0.40633198618888855,-0.003208108013495803,0.6537729501724243,0.44501784443855286,-0.020676201209425926,0.623619794845581,0.5031638741493225,-0.039939627051353455,0.605162501335144,0.5499992370605469,-0.06260430812835693,0.6015310287475586,0.40910735726356506,-0.04573122411966324,0.5528497695922852,0.4789363741874695,-0.07304374128580093,0.5214919447898865,0.5260573029518127,-0.09041804075241089,0.4945269227027893,0.5705364942550659,-0.10388292372226715,0.6347058415412903,0.4018096625804901,-0.06041528657078743,0.6178334355354309,0.5401191115379333,-0.09344707429409027,0.6151169538497925,0.6208490133285522,-0.10447006672620773,0.6127399206161499,0.68211829662323,-0.11240492761135101,0.678644061088562,0.4086530804634094,-0.07335171848535538,0.6757665276527405,0.5445979237556458,-0.10053833574056625,0.6933791637420654,0.5280483365058899,-0.09352430701255798,0.7023393511772156,0.4940964877605438,-0.08691120892763138,0.7203165888786316,0.4217495322227478,-0.08607243746519089,0.7091988325119019,0.5325411558151245,-0.10689817368984222,0.7193401455879211,0.5209754705429077,-0.0993858277797699,0.7234114408493042,0.4846912920475006,-0.0911540612578392
0.7661055326461792,0.3928317427635193,-3.079533996697137e-07,0.6977155208587646,0.40478643774986267,-0.0036399266682565212,0.6419729590415955,0.4474460184574127,-0.022512832656502724,0.6143711805343628,0.5075750350952148,-0.043088026344776154,0.5963780879974365,0.5580103993415833,-0.06719817221164703,0.5913265347480774,0.4065167307853699,-0.04845120757818222,0.5441074967384338,0.477141797542572,-0.0764903575181961,0.5149199366569519,0.5266713500022888,-0.09456533938646317,0.49015912413597107,0.5729184150695801,-0.10850575566291809,0.6273065805435181,0.39643850922584534,-0.06329367309808731,0.6115643978118896,0.5352513790130615,-0.09587514400482178,0.6085577607154846,0.6159610748291016,-0.10699128359556198,0.6056180596351624,0.6762385368347168,-0.11563493311405182,0.6731979250907898,0.40231966972351074,-0.07638677954673767,0.6696394681930542,0.5398820638656616,-0.1019580066204071,0.6854703426361084,0.5216136574745178,-0.09477995336055756,0.6928236484527588,0.48520901799201965,-0.08916274458169937,0.7155530452728271,0.416035532951355,-0.08929187059402466,0.7036174535751343,0.5277873873710632,-0.10867346078157425,0.7137220501899719,0.5147892832756042,-0.100531205534935,0.7174407839775085,0.47605782747268677,-0.09257819503545761
0.7642110586166382,0.3962498903274536,-2.913195658038603e-07,0.6975824236869812,0.4089546501636505,-0.003754599252715707,0.642854630947113,0.44461390376091003,-0.02212541177868843,0.6130073666572571,0.49560362100601196,-0.04220909997820854,0.5922260880470276,0.5360753536224365,-0.0656093880534172,0.5889478325843811,0.4030967354774475,-0.04829981178045273,0.5402096509933472,0.4704606235027313,-0.07695078104734421,0.5074071884155273,0.5141146779060364,-0.09539319574832916,0.4783175587654114,0.5560196042060852,-0.10979904234409332,0.6211963891983032,0.39153963327407837,-0.06309592723846436,0.6058334112167358,0.5250937938690186,-0.09751146286725998,0.6035279035568237,0.6037070751190186,-0.10889388620853424,0.6003254055976868,0.6641114950180054,-0.11700382083654404,0.6652690768241882,0.39620548486709595,-0.07610917836427689,0.6678369045257568,0.531065821647644,-0.10307014733552933,0.6844968795776367,0.5182845592498779,-0.09496502578258514,0.6909298300743103,0.48687827587127686,-0.08807691931724548,0.7075412273406982,0.409650593996048,-0.0891825333237648,0.701596200466156,0.5189680457115173,-0.10894109308719635,0.7113078832626343,0.5106081962585449,-0.10054187476634979,0.7133290767669678,0.47691816091537476,-0.09214555472135544
0.7597756385803223,0.38839012384414673,-3.107477084540733e-07,0.6926687359809875,0.4061830937862396,-0.003975885454565287,0.6369748711585999,0.4411506950855255,-0.021510183811187744,0.6056165099143982,0.4905078113079071,-0.040836986154317856,0.5827754735946655,0.52953040599823,-0.0631256103515625,0.5837302803993225,0.3960796594619751,-0.04482176527380943,0.5347803235054016,0.4615821838378906,-0.07279131561517715,0.5011316537857056,0.5035394430160522,-0.09098087251186371,0.47080302238464355,0.5437067151069641,-0.10500417649745941,0.6153846979141235,0.38558346033096313,-0.05905047804117203,0.600935697555542,0.5154742002487183,-0.09365224093198776,0.5967269539833069,0.5952963829040527,-0.10541972517967224,0.59278404712677,0.6572787165641785,-0.11330818384885788,0.6588975191116333,0.3923034071922302,-0.07180171459913254,0.6614695191383362,0.5235531330108643,-0.0994778648018837,0.6783429384231567,0.5144867300987244,-0.09308739751577377,0.6863378882408142,0.4869730770587921,-0.0867949053645134,0.7007511258125305,0.4078066051006317,-0.08461564034223557,0.6942513585090637,0.515713632106781,-0.10496170073747635,0.702691912651062,0.5142248272895813,-0.0982682853937149,0.7045648097991943,0.4871191680431366,-0.09072136133909225
0.7460344433784485,0.3975427746772766,-1.0600244593206298e-07,0.6818315982818604,0.4108000099658966,-0.009238351136446,0.6276702284812927,0.4406466484069824,-0.031107353046536446,0.5973339080810547,0.48846614360809326,-0.05352851003408432,0.5754579901695251,0.5276053547859192,-0.07955113798379898,0.5798286199569702,0.39486443996429443,-0.060146961361169815,0.5197395086288452,0.43901941180229187,-0.09185454994440079,0.47910815477371216,0.4627881944179535,-0.1130780428647995,0.44039231538772583,0.48636341094970703,-0.12964773178100586,0.610668420791626,0.38481417298316956,-0.07186925411224365,0.5877939462661743,0.5066962838172913,-0.10800933837890625,0.5788900852203369,0.582984447479248,-0.11978252232074738,0.5691165924072266,0.6416016817092896,-0.1287233978509903,0.651797890663147,0.39287450909614563,-0.08164623379707336,0.6460114121437073,0.5215932726860046,-0.10850658267736435,0.6609621047973633,0.5067573189735413,-0.09876679629087448,0.6698559522628784,0.47389155626296997,-0.0911407396197319,0.6902738213539124,0.4101039469242096,-0.09210851043462753,0.676827609539032,0.5161691308021545,-0.11248818784952164,0.6866228580474854,0.5068841576576233,-0.10382408648729324,0.6921421885490417,0.4717006981372833,-0.09517247974872589
0.7491540312767029,0.4043658971786499,-1.1111053765944234e-07,0.6857929825782776,0.42325419187545776,-0.008189295418560505,0.6295681595802307,0.45952892303466797,-0.03010302037000656,0.5978047251701355,0.5143371224403381,-0.0530114583671093,0.5712175965309143,0.561297595500946,-0.07928233593702316,0.5795699954032898,0.39691779017448425,-0.05789602920413017,0.5166060328483582,0.4385592043399811,-0.08947190642356873,0.4730004668235779,0.45233848690986633,-0.11121036857366562,0.43177348375320435,0.4670778214931488,-0.1284455955028534,0.6100496053695679,0.38795793056488037,-0.07048129290342331,0.5833637118339539,0.510120153427124,-0.10844670236110687,0.5714823603630066,0.5840208530426025,-0.12131457775831223,0.557106077671051,0.6398496031761169,-0.13078957796096802,0.6505630612373352,0.39653927087783813,-0.08103117346763611,0.6418101191520691,0.525743842124939,-0.10947597026824951,0.6590151786804199,0.5114994645118713,-0.09924262017011642,0.667109489440918,0.4774323105812073,-0.09124574065208435,0.6882891654968262,0.41340890526771545,-0.09215479344129562,0.6736805438995361,0.5170324444770813,-0.11381519585847855,0.6855759024620056,0.5083845257759094,-0.10470395535230637,0.6912578344345093,0.4736599624156952,-0.09566483646631241
0.7523170709609985,0.41108280420303345,-1.238977347384207e-07,0.6888769865036011,0.4284065365791321,-0.006115846335887909,0.631328821182251,0.46218016743659973,-0.027656596153974533,0.5970316529273987,0.5168932676315308,-0.05094382166862488,0.5686624050140381,0.5635281801223755,-0.07782036811113358,0.5795462727546692,0.3999621868133545,-0.055211227387189865,0.5135208368301392,0.4331429898738861,-0.08639689534902573,0.46798771619796753,0.4453200697898865,-0.10761389881372452,0.4255949854850769,0.4597790837287903,-0.12454687058925629,0.6089849472045898,0.39214348793029785,-0.0686541423201561,0.5787413716316223,0.518825888633728,-0.10519766807556152,0.5678302049636841,0.5917558073997498,-0.11657079309225082,0.5531744956970215,0.6454387307167053,-0.12500789761543274,0.6486577987670898,0.40180572867393494,-0.080074243247509,0.6390223503112793,0.5308090448379517,-0.10748068988323212,0.6566784381866455,0.5134987831115723,-0.09643842279911041,0.6650571823120117,0.4776362180709839,-0.08812869340181351,0.6859340071678162,0.4200025498867035,-0.0919816866517067,0.6719393730163574,0.5205267071723938,-0.11350925266742706,0.6849501729011536,0.5093262195587158,-0.10446102172136307,0.6915102601051331,0.4740430414676666,-0.09539196640253067
0.7555546760559082,0.4193889796733856,-1.1378178754739565e-07,0.6903716325759888,0.43225765228271484,-0.005099081434309483,0.6314042806625366,0.46210554242134094,-0.02560913935303688,0.5947902202606201,0.5136383175849915,-0.048234615474939346,0.5643261075019836,0.5553669333457947,-0.07406271994113922,0.579237699508667,0.3994908928871155,-0.05167773365974426,0.5132976770401001,0.4282079041004181,-0.08313743025064468,0.4684644043445587,0.434221476316452,-0.10434558987617493,0.4264136552810669,0.4411531090736389,-0.12092812359333038,0.6079369187355042,0.3917462229728699,-0.0651911050081253,0.5757598876953125,0.5186468362808228,-0.10135621577501297,0.562602698802948,0.5903608202934265,-0.11286649852991104,0.546074390411377,0.6416410207748413,-0.12135231494903564,0.6472095847129822,0.4026835262775421,-0.07690580189228058,0.6371929049491882,0.5346114635467529,-0.10378307104110718,0.6555859446525574,0.5195215940475464,-0.0933237373828888,0.6644185185432434,0.4835474491119385,-0.085220105946064,0.6839451193809509,0.42241400480270386,-0.0891198068857193,0.6703423857688904,0.5246973037719727,-0.11001095920801163,0.683709442615509,0.5150543451309204,-0.1015884205698967,0.6905311346054077,0.4797685146331787,-0.0928514152765274
0.7558081746101379,0.42629122734069824,-1.2078491806732927e-07,0.6901172399520874,0.4436800479888916,-0.0051666246727108955,0.6313379406929016,0.4688326120376587,-0.023968521505594254,0.5939218401908875,0.5136668682098389,-0.04495435953140259,0.5633803606033325,0.5492047071456909,-0.06874900311231613,0.5766631960868835,0.4033614695072174,-0.04791594296693802,0.5098251104354858,0.42837926745414734,-0.07910855114459991,0.4653477668762207,0.4300278127193451,-0.10049363970756531,0.4230651259422302,0.4333520829677582,-0.11705003678798676,0.6042306423187256,0.3934714198112488,-0.06124403327703476,0.5729283094406128,0.515309751033783,-0.09844760596752167,0.5581060647964478,0.5871458649635315,-0.11142419278621674,0.5404626727104187,0.6393700242042542,-0.1203162893652916,0.6431764364242554,0.404049813747406,-0.07299380004405975,0.6352224946022034,0.5334283113479614,-0.10147151350975037,0.6540589332580566,0.5225009918212891,-0.09262096136808395,0.6625730395317078,0.4895080327987671,-0.08485116809606552,0.6803257465362549,0.42506757378578186,-0.08526717871427536,0.6685038208961487,0.5273153781890869,-0.10660751163959503,0.681301474571228,0.5219164490699768,-0.09878114610910416,0.6868829727172852,0.4899040460586548,-0.0901070237159729
0.7591665387153625,0.43877410888671875,-9.958636582041436e-08,0.6932410597801208,0.4503631889820099,-0.006228724028915167,0.6330970525741577,0.4751933217048645,-0.02585030533373356,0.5944017767906189,0.5237849950790405,-0.047763511538505554,0.5623902082443237,0.5625043511390686,-0.07220248132944107,0.5782098174095154,0.4058477282524109,-0.04582963511347771,0.5103260278701782,0.42785510420799255,-0.07669322937726974,0.4646473526954651,0.4276205003261566,-0.09783794730901718,0.4220725893974304,0.42854630947113037,-0.1142449826002121,0.6058600544929504,0.3979613184928894,-0.05873966962099075,0.5723865628242493,0.5209665298461914,-0.09494325518608093,0.5556508302688599,0.5896064043045044,-0.10781177133321762,0.5349063873291016,0.6369909644126892,-0.11677408218383789,0.6440948843955994,0.40974661707878113,-0.07032608985900879,0.6335838437080383,0.5383108854293823,-0.09791296720504761,0.6523581743240356,0.5249468088150024,-0.08851273357868195,0.6604526042938232,0.49003535509109497,-0.0805400162935257,0.6804903745651245,0.43124204874038696,-0.0826733186841011,0.6665715575218201,0.5291052460670471,-0.10294563323259354,0.6807483434677124,0.5221723318099976,-0.09412211924791336,0.6876941323280334,0.4899882674217224,-0.08479475229978561
0.7658568024635315,0.4465712904930115,-1.5141654330363963e-07,0.6994771957397461,0.45573562383651733,-0.0030961413867771626,0.6383815407752991,0.4720398187637329,-0.018755486235022545,0.5975024104118347,0.5068116188049316,-0.03734802082180977,0.5655888915061951,0.533730685710907,-0.0584404431283474,0.5819110870361328,0.41199153661727905,-0.04073740169405937,0.5105793476104736,0.43049171566963196,-0.07051759213209152,0.46483466029167175,0.4268483817577362,-0.09093720465898514,0.42251741886138916,0.42582371830940247,-0.10662340372800827,0.6086142659187317,0.40569305419921875,-0.05461197718977928,0.5708693861961365,0.5255240797996521,-0.09095005691051483,0.5534951686859131,0.5938706398010254,-0.10393667221069336,0.5337060689926147,0.6429605484008789,-0.11230029165744781,0.6461238265037537,0.41863757371902466,-0.06710448861122131,0.6336804628372192,0.5467978715896606,-0.09541083872318268,0.6550100445747375,0.5362644791603088,-0.08696822822093964,0.6657695174217224,0.5041934251785278,-0.07894880324602127,0.6824315786361694,0.44016033411026,-0.08015432953834534,0.6680774092674255,0.538184404373169,-0.10091812908649445,0.6821807622909546,0.5336003303527832,-0.09308551251888275,0.6893029808998108,0.5042072534561157,-0.08408031612634659
0.7799241542816162,0.4731307327747345,-1.6788946766155277e-07,0.7114500403404236,0.47962841391563416,-0.0005419671651907265,0.6506437063217163,0.4919576942920685,-0.017904644832015038,0.6071735620498657,0.5279955267906189,-0.03819575160741806,0.5725777745246887,0.5574800968170166,-0.06120266765356064,0.5952612161636353,0.4243209660053253,-0.04590042307972908,0.5218184590339661,0.44761550426483154,-0.07817339897155762,0.4761367440223694,0.4444649815559387,-0.10079995542764664,0.4332401752471924,0.44023197889328003,-0.1178978830575943,0.6231973171234131,0.4188153147697449,-0.0606168657541275,0.5779091119766235,0.54206383228302,-0.09754636138677597,0.5559163689613342,0.6128044128417969,-0.1105116605758667,0.5340283513069153,0.6642065048217773,-0.12008482962846756,0.6613032817840576,0.43447816371917725,-0.07316085696220398,0.6402686238288879,0.5687513947486877,-0.09892675280570984,0.6634809374809265,0.5644354820251465,-0.0880870446562767,0.677859902381897,0.5353632569313049,-0.07974306493997574,0.696964681148529,0.45994898676872253,-0.08619504421949387,0.6748600602149963,0.5632186532020569,-0.10449901223182678,0.6889284253120422,0.5673006176948547,-0.09550169855356216,0.697543203830719,0.5422437787055969,-0.08658595383167267
0.7820999026298523,0.474611759185791,-1.7621516690269345e-07,0.7126269936561584,0.47824931144714355,0.0008499575196765363,0.6525775194168091,0.490566611289978,-0.014741265214979649,0.6108389496803284,0.5247339606285095,-0.03413930535316467,0.5794906616210938,0.5473320484161377,-0.05592099949717522,0.5973736643791199,0.4297739863395691,-0.03769095614552498,0.5234204530715942,0.4499465227127075,-0.06628596782684326,0.4787999391555786,0.444804310798645,-0.08512476831674576,0.4363727569580078,0.4398444592952728,-0.09950906038284302,0.6232481598854065,0.4274739623069763,-0.05355624482035637,0.5793564915657043,0.5423243641853333,-0.0891592875123024,0.5570248365402222,0.6118882298469543,-0.10134327411651611,0.5343514084815979,0.6621699929237366,-0.10928351432085037,0.659028947353363,0.4439501166343689,-0.06768840551376343,0.6416097283363342,0.5688376426696777,-0.09420645982027054,0.665935754776001,0.561460018157959,-0.0851876363158226,0.6788548231124878,0.5303557515144348,-0.07730274647474289,0.6930041313171387,0.46808740496635437,-0.08210522681474686,0.6747620701789856,0.5673161745071411,-0.0990624725818634,0.6911229491233826,0.5670477151870728,-0.08939886838197708,0.7000523805618286,0.5390089750289917,-0.07996218651533127
0.7824368476867676,0.47525665163993835,-1.3655071029461396e-07,0.7139875292778015,0.47626328468322754,-0.0008860885864123702,0.6543434858322144,0.4906634986400604,-0.017842967063188553,0.6138109564781189,0.5273674726486206,-0.03800084814429283,0.58380526304245,0.5535432696342468,-0.060614630579948425,0.6000136733055115,0.4297819137573242,-0.04260406643152237,0.5243799090385437,0.449253648519516,-0.07147625833749771,0.47899553179740906,0.4459763765335083,-0.09016262739896774,0.4361428916454315,0.4424140453338623,-0.10446539521217346,0.627022922039032,0.42883220314979553,-0.05767304077744484,0.5804927945137024,0.5421976447105408,-0.09253775328397751,0.5580078363418579,0.6132068634033203,-0.10427363961935043,0.5360493659973145,0.663729727268219,-0.112421415746212,0.6630275249481201,0.44649451971054077,-0.07083678990602493,0.6425462365150452,0.5691342353820801,-0.09696616232395172,0.66673344373703,0.5633271336555481,-0.08747860789299011,0.6814695596694946,0.532907247543335,-0.07945554703474045,0.6963454484939575,0.4717799723148346,-0.0843578651547432,0.6773994565010071,0.5696605443954468,-0.10168624669313431,0.6947691440582275,0.5682173371315002,-0.09222790598869324,0.7053296566009521,0.539225697517395,-0.08299467712640762
0.7857811450958252,0.47873565554618835,-1.4315506291495694e-07,0.7174169421195984,0.4805169403553009,-0.0007192204939201474,0.655734658241272,0.49788954854011536,-0.01779537834227085,0.6124765872955322,0.5403355956077576,-0.03827475756406784,0.5794353485107422,0.5741179585456848,-0.06124953180551529,0.6015138030052185,0.4324982762336731,-0.040906064212322235,0.5270047783851624,0.4505711495876312,-0.06977227330207825,0.4813547730445862,0.4481711685657501,-0.0882984846830368,0.4380612373352051,0.4452502131462097,-0.10269667208194733,0.6284587383270264,0.42992842197418213,-0.05643102526664734,0.5808107852935791,0.5485877394676208,-0.09150557219982147,0.5593715906143188,0.6183079481124878,-0.1029004231095314,0.5367286205291748,0.6659271717071533,-0.11076948046684265,0.6649670600891113,0.44671201705932617,-0.07028111815452576,0.6444546580314636,0.5740842223167419,-0.097226582467556,0.668694794178009,0.566809892654419,-0.08766935765743256,0.6818181276321411,0.5340561270713806,-0.07955757528543472,0.6986685991287231,0.47145435214042664,-0.08445461094379425,0.6794757843017578,0.570146918296814,-0.10269162058830261,0.6973132491111755,0.5684146881103516,-0.09346822649240494,0.7077471017837524,0.538748562335968,-0.08438128232955933
0.7892563939094543,0.4831395149230957,-1.6361047983082244e-07,0.7204233407974243,0.4819226562976837,-0.001751912059262395,0.6585781574249268,0.4935220777988434,-0.017985479906201363,0.6166431307792664,0.5281638503074646,-0.037320803850889206,0.5859656929969788,0.5529953241348267,-0.05911628156900406,0.6040436625480652,0.4319871962070465,-0.040805622935295105,0.5300154089927673,0.4506036043167114,-0.06937482953071594,0.48476099967956543,0.4490194320678711,-0.0880708396434784,0.4419785737991333,0.44686201214790344,-0.10256839543581009,0.6318411827087402,0.42999929189682007,-0.05554499849677086,0.5832135677337646,0.5466708540916443,-0.09018409997224808,0.5609521865844727,0.6166677474975586,-0.10224500298500061,0.5388723611831665,0.6653182506561279,-0.11058520525693893,0.6692280173301697,0.44701871275901794,-0.06864144653081894,0.6465595960617065,0.5742164254188538,-0.09573609381914139,0.6703701019287109,0.5685224533081055,-0.08711326122283936,0.684610903263092,0.5374504923820496,-0.07928343117237091,0.7039495706558228,0.472124844789505,-0.08208664506673813,0.682202935218811,0.5721675753593445,-0.10030975192785263,0.6986265778541565,0.5702474117279053,-0.09144000709056854,0.7089925408363342,0.5400724411010742,-0.0824582502245903
0.7899479866027832,0.4826653003692627,-1.7041404021256312e-07,0.7206043004989624,0.48645007610321045,-0.0017965453444048762,0.6599706411361694,0.5007931590080261,-0.01931656338274479,0.618208110332489,0.5412578582763672,-0.03981495276093483,0.5861772894859314,0.5724707841873169,-0.06270860880613327,0.606570303440094,0.4332619905471802,-0.04367595538496971,0.5313259959220886,0.4533593952655792,-0.0736164078116417,0.48661914467811584,0.45092543959617615,-0.09302424639463425,0.4438096284866333,0.4476231634616852,-0.10787880420684814,0.6343219876289368,0.43092185258865356,-0.05866909772157669,0.5850859880447388,0.5466598868370056,-0.09436605870723724,0.5630404949188232,0.6168237924575806,-0.10600760579109192,0.5407153964042664,0.6658538579940796,-0.11397536098957062,0.67091304063797,0.4474562704563141,-0.07196473330259323,0.6481406688690186,0.5746684074401855,-0.09894424676895142,0.6727274656295776,0.5676661729812622,-0.08901278674602509,0.6872080564498901,0.5351815223693848,-0.08055613934993744,0.7050586938858032,0.4724034368991852,-0.08569109439849854,0.6831178665161133,0.5736832618713379,-0.10350362211465836,0.6997406482696533,0.5713133215904236,-0.09387131035327911,0.7100239396095276,0.5401273965835571,-0.08455312997102737
0.7909281253814697,0.48204031586647034,-1.6140930370056594e-07,0.7221554517745972,0.4854753315448761,-0.00271547120064497,0.6615233421325684,0.4992477297782898,-0.020320136100053787,0.6200308799743652,0.5391819477081299,-0.04074569046497345,0.5875918865203857,0.569456160068512,-0.06359759718179703,0.607928991317749,0.4325382113456726,-0.04479115828871727,0.5310097336769104,0.45297905802726746,-0.07562550157308578,0.48514246940612793,0.4501338601112366,-0.09570974856615067,0.44190680980682373,0.4457639455795288,-0.11087436974048615,0.6362617611885071,0.42945632338523865,-0.059152912348508835,0.5866000056266785,0.5470867156982422,-0.09600191563367844,0.5645048022270203,0.6177485585212708,-0.10834115743637085,0.5425447225570679,0.6667472124099731,-0.11646042764186859,0.6731668710708618,0.4451812207698822,-0.07187595963478088,0.6498503684997559,0.5742600560188293,-0.10008636116981506,0.6740134358406067,0.5680785775184631,-0.0904102772474289,0.6886460185050964,0.5359289646148682,-0.08161986619234085,0.7074209451675415,0.4695839583873749,-0.08503454178571701,0.6850441694259644,0.5726414918899536,-0.10385492444038391,0.7008069753646851,0.5715062022209167,-0.09439557790756226,0.7107541561126709,0.5411717891693115,-0.08482575416564941
0.7926933169364929,0.48520585894584656,-1.6977175221200014e-07,0.7238137722015381,0.4883063733577728,-0.00326321879401803,0.6631780862808228,0.5008243322372437,-0.020623985677957535,0.6224153637886047,0.5373180508613586,-0.04082183912396431,0.5907188653945923,0.5636335611343384,-0.0633125975728035,0.6087074875831604,0.4332994818687439,-0.04427718743681908,0.5332364439964294,0.45323824882507324,-0.07513092458248138,0.4873846173286438,0.4510098695755005,-0.09571824967861176,0.4440530836582184,0.4476735293865204,-0.11147353053092957,0.6371802687644958,0.4287276864051819,-0.05859685316681862,0.589187741279602,0.5462149381637573,-0.09590830653905869,0.5662441253662109,0.6170236468315125,-0.10901639610528946,0.542745053768158,0.6659241318702698,-0.11776556074619293,0.6747069358825684,0.44385698437690735,-0.07138410955667496,0.6522634625434875,0.5731865167617798,-0.0999877080321312,0.6757907867431641,0.5671879649162292,-0.0904943123459816,0.6895670890808105,0.5351279377937317,-0.0818890854716301,0.7098113298416138,0.4674517810344696,-0.084773488342762,0.6881293058395386,0.5705327391624451,-0.1040155440568924,0.7031530141830444,0.5695698857307434,-0.09478689730167389,0.7122656106948853,0.5392419099807739,-0.08542652428150177
0.7935947775840759,0.48338639736175537,-1.7861358969639696e-07,0.7234202027320862,0.48543792963027954,-0.0021195996087044477,0.6630240678787231,0.4967280328273773,-0.019497936591506004,0.622409999370575,0.532421886920929,-0.03998371586203575,0.5917192101478577,0.5572742223739624,-0.06308017671108246,0.6096307635307312,0.43134254217147827,-0.04491100832819939,0.5344123244285583,0.4518057107925415,-0.07539404928684235,0.4890316426753998,0.4490777552127838,-0.09574758261442184,0.4458952844142914,0.4462261199951172,-0.11148782074451447,0.6390696167945862,0.4279218912124634,-0.060114361345767975,0.591364860534668,0.5452708601951599,-0.09782525151968002,0.5681348443031311,0.6162749528884888,-0.11083280295133591,0.5448354482650757,0.666898250579834,-0.11949710547924042,0.6777472496032715,0.44399696588516235,-0.07354814559221268,0.6540058851242065,0.5719301104545593,-0.10207732021808624,0.6765538454055786,0.563723087310791,-0.09253691136837006,0.6898185014724731,0.5307403206825256,-0.08411452174186707,0.7137365937232971,0.46811994910240173,-0.08739718049764633,0.6890584826469421,0.5700535178184509,-0.10641463845968246,0.7029953002929688,0.5682373046875,-0.09672441333532333,0.711690366268158,0.5372369289398193,-0.08719276636838913
0.7912283539772034,0.4815106689929962,-1.632264172712894e-07,0.7187516689300537,0.48704639077186584,-0.0031743007712066174,0.657867431640625,0.49446848034858704,-0.02016928605735302,0.6174042224884033,0.5230417847633362,-0.03979624807834625,0.5866016149520874,0.5418787598609924,-0.061855215579271317,0.6063942313194275,0.42746245861053467,-0.045585665851831436,0.5334316492080688,0.4433964788913727,-0.07664328068494797,0.4879757761955261,0.4385640025138855,-0.09655610471963882,0.4451892375946045,0.43509721755981445,-0.11161815375089645,0.6367912292480469,0.42031756043434143,-0.059896185994148254,0.5912301540374756,0.5377780199050903,-0.09792693704366684,0.5686841607093811,0.6104372143745422,-0.11016051471233368,0.5467203855514526,0.6629313230514526,-0.11779837310314178,0.6768426299095154,0.4357171952724457,-0.07261722534894943,0.6544806957244873,0.567072331905365,-0.1020979955792427,0.6756212115287781,0.5620601773262024,-0.09198673814535141,0.6888043880462646,0.5310919880867004,-0.08228693157434464,0.7142270803451538,0.4613506495952606,-0.0857003703713417,0.6894010305404663,0.5664608478546143,-0.10515115410089493,0.7009927034378052,0.5656355023384094,-0.09513276070356369,0.7082353830337524,0.5346328020095825,-0.08475485444068909
0.7898905277252197,0.478728711605072,-1.910167526375517e-07,0.7172173261642456,0.48710158467292786,-0.005230280105024576,0.6546727418899536,0.49653905630111694,-0.021415403112769127,0.6127104759216309,0.5241936445236206,-0.04025321081280708,0.5802114605903625,0.5396494269371033,-0.06108749657869339,0.6028693914413452,0.42465776205062866,-0.04176545888185501,0.5335465669631958,0.4401819705963135,-0.07292255014181137,0.4893020987510681,0.4337458312511444,-0.09319474548101425,0.4477364420890808,0.42864230275154114,-0.10822786390781403,0.6314666867256165,0.4162520468235016,-0.05510152131319046,0.5911975502967834,0.532343327999115,-0.0935446098446846,0.5695147514343262,0.6035352349281311,-0.10637030750513077,0.5474419593811035,0.6548413634300232,-0.11354219913482666,0.6712939739227295,0.430928111076355,-0.06747572124004364,0.6549308896064758,0.5643374919891357,-0.09836631268262863,0.6749085187911987,0.5611289739608765,-0.09023500233888626,0.6859449148178101,0.5322449207305908,-0.08118090033531189,0.7098364233970642,0.45683324337005615,-0.08053193241357803,0.690332293510437,0.5638133883476257,-0.10160217434167862,0.699543297290802,0.5673456192016602,-0.09365686029195786,0.7040165662765503,0.5410028696060181,-0.08418606221675873
0.7882999777793884,0.4762589633464813,-1.6958239257292007e-07,0.7163757085800171,0.4855652153491974,-0.005075234919786453,0.6539113521575928,0.4935634732246399,-0.02072375826537609,0.6114199757575989,0.5185014009475708,-0.03894532844424248,0.578739583492279,0.5318960547447205,-0.05929243192076683,0.603287935256958,0.4231206178665161,-0.04104122892022133,0.5335189700126648,0.43579548597335815,-0.07132213562726974,0.48923492431640625,0.42760172486305237,-0.0909779816865921,0.4473784565925598,0.42075008153915405,-0.10571915656328201,0.6308814287185669,0.4149748384952545,-0.054019615054130554,0.5895355343818665,0.5297316908836365,-0.09206689149141312,0.567633867263794,0.6018377542495728,-0.10487152636051178,0.5449941754341125,0.6540040373802185,-0.1121569499373436,0.6695300340652466,0.43008971214294434,-0.06590591371059418,0.6532754302024841,0.5615329146385193,-0.09637732058763504,0.6742067337036133,0.5554570555686951,-0.08841516077518463,0.685563325881958,0.5244734883308411,-0.07973088324069977,0.7067984342575073,0.4563748240470886,-0.07841334491968155,0.6885398626327515,0.5608109831809998,-0.09924910217523575,0.7003236413002014,0.5603152513504028,-0.09116934984922409,0.7064430117607117,0.5305455327033997,-0.08180667459964752
0.7874424457550049,0.4757882356643677,-1.6756013110352797e-07,0.7165300846099854,0.48338690400123596,-0.004743761382997036,0.6545515060424805,0.4921485483646393,-0.02037222310900688,0.6116064786911011,0.5211913585662842,-0.03843120485544205,0.5774994492530823,0.5367949604988098,-0.058598991483449936,0.6037020087242126,0.4220942556858063,-0.04126565903425217,0.5353596210479736,0.4316447377204895,-0.0722573772072792,0.49086111783981323,0.42356422543525696,-0.092836394906044,0.4484667181968689,0.41671526432037354,-0.10823941230773926,0.6307075619697571,0.4135993421077728,-0.0536411888897419,0.5881515145301819,0.5297065377235413,-0.0906548798084259,0.5660018920898438,0.6004657745361328,-0.10316822677850723,0.5431636571884155,0.6511591672897339,-0.11069227755069733,0.6682071685791016,0.42865994572639465,-0.06491118669509888,0.650074303150177,0.5592018961906433,-0.09422706067562103,0.6712941527366638,0.5546014308929443,-0.0854005515575409,0.6837145090103149,0.5254629850387573,-0.07630404829978943,0.7039222717285156,0.4550078809261322,-0.07685920596122742,0.6846979856491089,0.5593629479408264,-0.09783574193716049,0.6965083479881287,0.5622906684875488,-0.09010131657123566,0.7033716440200806,0.5362213850021362,-0.08079464733600616
0.7849972248077393,0.4731414318084717,-1.7146786035482364e-07,0.7142455577850342,0.4820461869239807,-0.0036434351932257414,0.6532685160636902,0.49056848883628845,-0.018713053315877914,0.6106746196746826,0.5172052383422852,-0.036546703428030014,0.5778003334999084,0.5314660668373108,-0.05641485005617142,0.6017853021621704,0.41982218623161316,-0.03878459706902504,0.5346922278404236,0.4280913174152374,-0.06838786602020264,0.4909777045249939,0.42014044523239136,-0.08777794986963272,0.4498257040977478,0.4139087200164795,-0.10237884521484375,0.6287062764167786,0.4113427996635437,-0.051943764090538025,0.5871065258979797,0.5264536738395691,-0.08797106146812439,0.5653009414672852,0.597267210483551,-0.10010788589715958,0.5439112186431885,0.6481213569641113,-0.10746141523122787,0.6660553216934204,0.4264281392097473,-0.06403417885303497,0.6477506756782532,0.5569078326225281,-0.09293608367443085,0.6694497466087341,0.555202305316925,-0.08473607897758484,0.6825917363166809,0.5283178091049194,-0.076171875,0.702014148235321,0.45236387848854065,-0.07669363170862198,0.6819400787353516,0.5577101707458496,-0.09712137281894684,0.694154679775238,0.5619655847549438,-0.08954468369483948,0.7018765211105347,0.5370930433273315,-0.08045496046543121
0.7819721102714539,0.47247517108917236,-1.458657550301723e-07,0.7123651504516602,0.4834251403808594,-0.00406491057947278,0.652525007724762,0.49298739433288574,-0.019498446956276894,0.6099745035171509,0.5208589434623718,-0.037865135818719864,0.5763369798660278,0.5369622707366943,-0.058126892894506454,0.5994939208030701,0.417949914932251,-0.037863608449697495,0.5322823524475098,0.4221394658088684,-0.0672207623720169,0.4875408709049225,0.4134821593761444,-0.08635915070772171,0.4458875060081482,0.4070949852466583,-0.10086119174957275,0.626081109046936,0.40845566987991333,-0.05105670914053917,0.5845051407814026,0.5217323303222656,-0.0861412063241005,0.5622501373291016,0.5911694169044495,-0.09784617274999619,0.5404629111289978,0.6407884955406189,-0.10507054626941681,0.6635581851005554,0.42289218306541443,-0.0634230226278305,0.645677924156189,0.5528294444084167,-0.09165951609611511,0.6676166653633118,0.5524991154670715,-0.08329787850379944,0.6810693740844727,0.52717125415802,-0.0747796967625618,0.6997314095497131,0.44873562455177307,-0.07652196288108826,0.6806797981262207,0.552623450756073,-0.09692952036857605,0.6923946142196655,0.5579607486724854,-0.08983806520700455,0.6997848749160767,0.5349125266075134,-0.0811159610748291
0.772585928440094,0.469452828168869,-5.682070636225944e-08,0.7037071585655212,0.48194319009780884,-0.006128835957497358,0.6454733610153198,0.489859402179718,-0.023744530975818634,0.603330135345459,0.5171744227409363,-0.04389708489179611,0.5698632597923279,0.5336483716964722,-0.06595823168754578,0.593563973903656,0.4080389142036438,-0.04427826404571533,0.5224035978317261,0.40836837887763977,-0.07686468958854675,0.47665441036224365,0.3937963545322418,-0.09776555001735687,0.4355604648590088,0.3804015517234802,-0.11257299035787582,0.6219651699066162,0.39921820163726807,-0.05659666284918785,0.5775623917579651,0.5097060203552246,-0.09465032815933228,0.55225670337677,0.5769734382629395,-0.10700985044240952,0.5296774506568909,0.6249939799308777,-0.11401032656431198,0.6595724821090698,0.41429537534713745,-0.06810452044010162,0.6384218335151672,0.5440272092819214,-0.09786967188119888,0.6573880910873413,0.5526064038276672,-0.08937229961156845,0.6718214750289917,0.5351556539535522,-0.07994770258665085,0.6954464912414551,0.4427572786808014,-0.08050999045372009,0.6725882291793823,0.5472794771194458,-0.10100984573364258,0.6800066232681274,0.5585177540779114,-0.09400910139083862,0.6855980157852173,0.5415938496589661,-0.08492974936962128
0.7746129035949707,0.47100281715393066,-1.1123596266315872e-07,0.7032654881477356,0.4835375249385834,-0.005607812199741602,0.6427345275878906,0.49146535992622375,-0.022458957508206367,0.5987725257873535,0.5187525749206543,-0.04206420108675957,0.5631222128868103,0.5369489789009094,-0.06338777393102646,0.5917280316352844,0.4076005518436432,-0.042692821472883224,0.5196804404258728,0.4054954946041107,-0.07645472884178162,0.4736195206642151,0.389311283826828,-0.09842018783092499,0.4315849244594574,0.3758362829685211,-0.11410219222307205,0.6202932596206665,0.3975352346897125,-0.05525935813784599,0.5739641785621643,0.5096123218536377,-0.09483873844146729,0.5476850867271423,0.5787276029586792,-0.10784103721380234,0.5223278999328613,0.6283311247825623,-0.11496578902006149,0.6585676074028015,0.4126051068305969,-0.06711229681968689,0.6385490894317627,0.5427576899528503,-0.09885486960411072,0.6572844982147217,0.5485751032829285,-0.0902814194560051,0.6694158315658569,0.528529167175293,-0.0804874375462532,0.695093035697937,0.43993866443634033,-0.07982537895441055,0.6747888326644897,0.5440933108329773,-0.10216601938009262,0.6812864542007446,0.5576090812683105,-0.09542618691921234,0.6844174861907959,0.5434218645095825,-0.08624056726694107
0.7746051549911499,0.47217151522636414,-1.2906230040243827e-07,0.7018051147460938,0.4843798875808716,-0.006102789659053087,0.6405872702598572,0.49317312240600586,-0.023189032450318336,0.5956996083259583,0.5225778818130493,-0.04316225275397301,0.5605626106262207,0.5433415174484253,-0.06476853042840958,0.5891064405441284,0.4077739119529724,-0.04226633906364441,0.5176176428794861,0.40571820735931396,-0.0755690410733223,0.47265589237213135,0.38921499252319336,-0.09692315012216568,0.43141281604766846,0.37504613399505615,-0.11215020716190338,0.6175717115402222,0.3961831331253052,-0.05484091863036156,0.5719127058982849,0.5082433819770813,-0.09397531300783157,0.5453817844390869,0.5769767165184021,-0.10653972625732422,0.5204355716705322,0.6263113021850586,-0.11329244077205658,0.6566708087921143,0.41033488512039185,-0.06689661741256714,0.636698305606842,0.5401739478111267,-0.09929890185594559,0.6551024317741394,0.5481950044631958,-0.09138792008161545,0.6678703427314758,0.5304587483406067,-0.08168870210647583,0.69439297914505,0.4365490674972534,-0.0798582062125206,0.6732267737388611,0.5414507389068604,-0.1031385213136673,0.6779239177703857,0.5598994493484497,-0.09734134376049042,0.6804792284965515,0.5515620112419128,-0.08858254551887512
0.7742103934288025,0.4725862443447113,-1.5958460153342457e-07,0.700649619102478,0.48464274406433105,-0.0064065116457641125,0.639983594417572,0.49138695001602173,-0.022439775988459587,0.5960779190063477,0.5144848227500916,-0.04141419380903244,0.5625049471855164,0.5285791754722595,-0.061625801026821136,0.5876598358154297,0.4061185121536255,-0.040281809866428375,0.5167090892791748,0.40505221486091614,-0.07260440289974213,0.4722098708152771,0.3891242742538452,-0.09346795827150345,0.4314163029193878,0.3749476671218872,-0.10840868204832077,0.6161249876022339,0.3942755162715912,-0.05286255106329918,0.5719193816184998,0.5041697025299072,-0.09172016382217407,0.5448623895645142,0.5736570358276367,-0.10504012554883957,0.5209680199623108,0.6249456405639648,-0.11233103275299072,0.6555377244949341,0.40818411111831665,-0.0650823563337326,0.6355385780334473,0.5365554690361023,-0.09860721975564957,0.6544491052627563,0.5497117638587952,-0.09248681366443634,0.6690551042556763,0.5387505888938904,-0.08360471576452255,0.6944190263748169,0.43400895595550537,-0.0781947523355484,0.672650933265686,0.5374612212181091,-0.10215237736701965,0.6756044030189514,0.561822772026062,-0.09751832485198975,0.6777310371398926,0.5616021156311035,-0.08953170478343964
0.773049533367157,0.4738958477973938,-1.5020710009139293e-07,0.6989352703094482,0.4845159947872162,-0.00632680905982852,0.6383233666419983,0.49240586161613464,-0.024003703147172928,0.5945115685462952,0.517749547958374,-0.04448942095041275,0.5609810948371887,0.5334911942481995,-0.06654355674982071,0.5873953700065613,0.4046235680580139,-0.04444386065006256,0.5155477523803711,0.40398508310317993,-0.07863471657037735,0.47047439217567444,0.38640543818473816,-0.10131122171878815,0.42881065607070923,0.3708152770996094,-0.1175779476761818,0.6163160800933838,0.39333638548851013,-0.0571027547121048,0.5710170865058899,0.5046172738075256,-0.0966918095946312,0.5442966222763062,0.5735512971878052,-0.10981594026088715,0.5201848745346069,0.6232367157936096,-0.11735659092664719,0.65533047914505,0.40837517380714417,-0.06913983076810837,0.6332520842552185,0.5397120118141174,-0.10211728513240814,0.652084469795227,0.5500872731208801,-0.09460476040840149,0.6668438911437988,0.5349513292312622,-0.08536692708730698,0.6930825710296631,0.43498823046684265,-0.08215174078941345,0.6693507432937622,0.5401908755302429,-0.1061815395951271,0.6725716590881348,0.5640438795089722,-0.10097633302211761,0.6750560998916626,0.5619446635246277,-0.09274159371852875
0.7713392376899719,0.47487497329711914,-1.5464473790416378e-07,0.6973216533660889,0.48632094264030457,-0.0072806826792657375,0.6367061138153076,0.4934404790401459,-0.02429855801165104,0.5927545428276062,0.5176480412483215,-0.0441485196352005,0.5589443445205688,0.5331376791000366,-0.06534727662801743,0.5849006772041321,0.4056236147880554,-0.04208919405937195,0.5136047601699829,0.4039800763130188,-0.07573691010475159,0.4688328206539154,0.3862529695034027,-0.09815677255392075,0.4277004599571228,0.37076252698898315,-0.11431559175252914,0.6140950322151184,0.3935168385505676,-0.05465271323919296,0.5694670081138611,0.5045419335365295,-0.0950823649764061,0.5433531403541565,0.573979914188385,-0.10908280313014984,0.5201379656791687,0.6241832971572876,-0.11653508991003036,0.6538631916046143,0.40762966871261597,-0.06685192137956619,0.6324901580810547,0.5406392216682434,-0.10107435286045074,0.6514240503311157,0.5523219108581543,-0.09460186958312988,0.6662358045578003,0.5380837321281433,-0.08545735478401184,0.6926754117012024,0.43388402462005615,-0.08010793477296829,0.6697070598602295,0.5411843061447144,-0.10516388714313507,0.6740494966506958,0.5643393397331238,-0.10049346089363098,0.6775098443031311,0.5605667233467102,-0.09219756722450256
0.7705233097076416,0.47481071949005127,-1.793582811160377e-07,0.696020781993866,0.48728713393211365,-0.007525979541242123,0.6351708173751831,0.4945603311061859,-0.024831067770719528,0.5911641716957092,0.5188831090927124,-0.04504935443401337,0.5570982098579407,0.5351602435112,-0.06663715094327927,0.5845084190368652,0.4060533046722412,-0.041904695332050323,0.513755738735199,0.40694206953048706,-0.0760776549577713,0.46931278705596924,0.39037927985191345,-0.09896934777498245,0.4278404116630554,0.37523868680000305,-0.11542262136936188,0.6131268739700317,0.39406833052635193,-0.05441632494330406,0.5695862770080566,0.5055578947067261,-0.09562823921442032,0.5450654029846191,0.5755018591880798,-0.10974042117595673,0.522454559803009,0.6254273056983948,-0.11699619144201279,0.6521711349487305,0.4076230823993683,-0.06660967320203781,0.6314688920974731,0.542578399181366,-0.10115522146224976,0.651469886302948,0.5561501383781433,-0.09421276301145554,0.6660183668136597,0.5428212285041809,-0.08459096401929855,0.690381646156311,0.4331585764884949,-0.07998516410589218,0.669002115726471,0.5424073934555054,-0.10455998033285141,0.6739500164985657,0.5662421584129333,-0.09948378801345825,0.6770973801612854,0.5625262260437012,-0.09092972427606583
0.7700518369674683,0.48198041319847107,-1.8088674380578595e-07,0.6943429708480835,0.49597400426864624,-0.007368540856987238,0.6328391432762146,0.503673791885376,-0.024271942675113678,0.5892723202705383,0.5273187160491943,-0.0443095900118351,0.5553939342498779,0.5444996953010559,-0.06557469815015793,0.5823719501495361,0.4128611981868744,-0.04074981063604355,0.5127419829368591,0.41316142678260803,-0.07487216591835022,0.46822863817214966,0.39655452966690063,-0.09819679707288742,0.42692238092422485,0.38053375482559204,-0.11510057747364044,0.612093448638916,0.39876800775527954,-0.05378957837820053,0.5734382271766663,0.5107643008232117,-0.09464109688997269,0.5475918650627136,0.5818498730659485,-0.10924635082483292,0.5244096517562866,0.6346968412399292,-0.11717309802770615,0.6530501842498779,0.4120643436908722,-0.06672178208827972,0.6337984204292297,0.5471360087394714,-0.10147586464881897,0.6504994034767151,0.565161943435669,-0.09519901871681213,0.6630017757415771,0.5598229765892029,-0.08606734871864319,0.6937848925590515,0.4384114146232605,-0.08088824152946472,0.6728712916374207,0.5439603924751282,-0.10657159239053726,0.6744020581245422,0.5710335969924927,-0.10274189710617065,0.6752048134803772,0.5747700929641724,-0.09487347304821014
0.7732272148132324,0.4846741855144501,-1.7709581356939452e-07,0.6990909576416016,0.4960927665233612,-0.007765122689306736,0.6388906240463257,0.5019500255584717,-0.025182869285345078,0.5962597131729126,0.5262356400489807,-0.045761484652757645,0.5634757876396179,0.5422500371932983,-0.06770110875368118,0.5851682424545288,0.4154820144176483,-0.040800709277391434,0.5149592161178589,0.4161270260810852,-0.07521069794893265,0.4704170823097229,0.3980844020843506,-0.09890898317098618,0.4289151728153229,0.38181281089782715,-0.11601080000400543,0.6141079068183899,0.4030440151691437,-0.053836923092603683,0.5738339424133301,0.5148687958717346,-0.09545089304447174,0.5489066243171692,0.5849437117576599,-0.11013823747634888,0.5261332988739014,0.6374844312667847,-0.11760826408863068,0.6545040011405945,0.417021781206131,-0.06674979627132416,0.6365364193916321,0.5515782237052917,-0.10064955800771713,0.6555246114730835,0.5641009211540222,-0.0927325189113617,0.6690369844436646,0.5529034733772278,-0.08244845271110535,0.6946259140968323,0.4434105455875397,-0.0810924544930458,0.6743878722190857,0.5488349199295044,-0.10470142215490341,0.6778717041015625,0.5703362822532654,-0.09856085479259491,0.6795566082000732,0.5668541789054871,-0.08924706280231476
0.7739706039428711,0.48604121804237366,-1.6679312864198437e-07,0.6989004015922546,0.49703866243362427,-0.007690647151321173,0.638010561466217,0.502109706401825,-0.02487838827073574,0.5944104194641113,0.5260409712791443,-0.045072510838508606,0.5597957968711853,0.5421008467674255,-0.06674965471029282,0.5855973958969116,0.4150462746620178,-0.04121612384915352,0.5164331793785095,0.4142381548881531,-0.07565729320049286,0.4715651273727417,0.39748263359069824,-0.0987694188952446,0.4298059940338135,0.38328927755355835,-0.11537116765975952,0.6148777604103088,0.40309518575668335,-0.05395356938242912,0.5734382271766663,0.5162093639373779,-0.09659546613693237,0.5494431257247925,0.5880593657493591,-0.1114131361246109,0.5278618931770325,0.6404608488082886,-0.1185818687081337,0.6551164984703064,0.41732126474380493,-0.06644828617572784,0.636232852935791,0.5544850826263428,-0.10195355117321014,0.6556105613708496,0.5672715902328491,-0.09488514810800552,0.6693152189254761,0.5528842210769653,-0.08471950143575668,0.6943022012710571,0.4440796971321106,-0.08009883016347885,0.6745567321777344,0.5543509721755981,-0.10509973019361496,0.6804158091545105,0.5733491778373718,-0.09968447685241699,0.6839487552642822,0.563317596912384,-0.09057846665382385
0.7753713130950928,0.4868449866771698,-1.7859694878552546e-07,0.7000685334205627,0.4986417293548584,-0.007391280960291624,0.6396505236625671,0.5046250820159912,-0.02453853189945221,0.5965415835380554,0.530046284198761,-0.04462003335356712,0.5628256797790527,0.5479508638381958,-0.0662001296877861,0.5879399180412292,0.41703060269355774,-0.04061570391058922,0.5183115601539612,0.4165535271167755,-0.07469300925731659,0.47327613830566406,0.4000941514968872,-0.0977177545428276,0.431016743183136,0.38614970445632935,-0.11440490931272507,0.6171481013298035,0.4043564200401306,-0.05347759276628494,0.5752463340759277,0.5172823667526245,-0.095873162150383,0.5512340068817139,0.5889838933944702,-0.110595703125,0.5290234088897705,0.641474187374115,-0.11777225136756897,0.657066285610199,0.4183911085128784,-0.0660756379365921,0.6376939415931702,0.5551111102104187,-0.1011858806014061,0.6565503478050232,0.5660966634750366,-0.0937752053141594,0.6696489453315735,0.5501635670661926,-0.08352575451135635,0.6956241130828857,0.44539469480514526,-0.07983200997114182,0.6754369139671326,0.5557792782783508,-0.10428913682699203,0.6808745861053467,0.5737707018852234,-0.09841667115688324,0.683922290802002,0.5626975893974304,-0.08918728679418564
0.7748280167579651,0.4867013692855835,-1.7206998847996147e-07,0.6998518705368042,0.49879369139671326,-0.00761886453256011,0.6396486163139343,0.5055474638938904,-0.024987349286675453,0.5965191125869751,0.5308395028114319,-0.045187294483184814,0.5635599493980408,0.5503093004226685,-0.06681059300899506,0.5883709192276001,0.4174737334251404,-0.04153447970747948,0.5177324414253235,0.41786623001098633,-0.07559337466955185,0.4725581109523773,0.4018244743347168,-0.09806090593338013,0.43070709705352783,0.3878289461135864,-0.11423253268003464,0.6180636882781982,0.40499943494796753,-0.054545510560274124,0.5751914978027344,0.5197668075561523,-0.0964149534702301,0.5510589480400085,0.5921359062194824,-0.11041451245546341,0.5292346477508545,0.6445183157920837,-0.11720634996891022,0.6582267880439758,0.41936540603637695,-0.06735158711671829,0.6378180980682373,0.5568257570266724,-0.10260544717311859,0.656304657459259,0.569538414478302,-0.09523448348045349,0.6691703200340271,0.5554271340370178,-0.08502179384231567,0.6974071264266968,0.4461223781108856,-0.08127468079328537,0.6765961647033691,0.5563979744911194,-0.10605337470769882,0.6814151406288147,0.5768357515335083,-0.10030840337276459,0.6838740706443787,0.5696405172348022,-0.09111030399799347
0.7760313749313354,0.48716193437576294,-1.8348080743635364e-07,0.7007736563682556,0.4999261796474457,-0.007243890780955553,0.6415576338768005,0.5060904026031494,-0.024749143049120903,0.5993186831474304,0.5305787920951843,-0.04525531083345413,0.5660314559936523,0.5474074482917786,-0.06732258945703506,0.5884535312652588,0.41752204298973083,-0.041498634964227676,0.5184966325759888,0.41922569274902344,-0.07587902247905731,0.4735444486141205,0.4033086597919464,-0.09911905974149704,0.4317595958709717,0.3889933228492737,-0.11584866046905518,0.6181426644325256,0.4052169620990753,-0.054792799055576324,0.576664924621582,0.5210322141647339,-0.09715522825717926,0.5525837540626526,0.5942555665969849,-0.11169998347759247,0.5308751463890076,0.6472750902175903,-0.11882617324590683,0.6586791276931763,0.41974955797195435,-0.06775911152362823,0.6379733085632324,0.5585509538650513,-0.10260874778032303,0.6563822627067566,0.5714638829231262,-0.09463046491146088,0.6697930097579956,0.5568702816963196,-0.08411357551813126,0.6980525255203247,0.44767600297927856,-0.0818881243467331,0.6766443848609924,0.5614341497421265,-0.10608655959367752,0.6813328266143799,0.5797944068908691,-0.0997573509812355,0.6842310428619385,0.5681551098823547,-0.09016505628824234
0.7758782505989075,0.48842674493789673,-1.872009960379728e-07,0.7003892064094543,0.5008720755577087,-0.0076310099102556705,0.6403819918632507,0.5059130191802979,-0.02451784908771515,0.5975520014762878,0.5271497964859009,-0.044426511973142624,0.5642521977424622,0.541114866733551,-0.06575427204370499,0.588860034942627,0.4208672344684601,-0.04120262339711189,0.5195311903953552,0.4213133752346039,-0.07512661069631577,0.47519904375076294,0.40473291277885437,-0.09756775945425034,0.43391329050064087,0.3897932469844818,-0.11363403499126434,0.6186195015907288,0.4067991375923157,-0.05422369763255119,0.5785236358642578,0.5196396112442017,-0.09671323746442795,0.5547298192977905,0.5915568470954895,-0.11125222593545914,0.5334437489509583,0.6454716920852661,-0.11811080574989319,0.659622073173523,0.41986745595932007,-0.06701410561800003,0.6406933069229126,0.5564020872116089,-0.1029217317700386,0.657599687576294,0.5728180408477783,-0.09610690176486969,0.6697357296943665,0.5646905899047852,-0.08593350648880005,0.6999388933181763,0.4459931552410126,-0.08092845976352692,0.6782761216163635,0.5547661781311035,-0.10611925274133682,0.680783748626709,0.5790494084358215,-0.1008143424987793,0.6821843385696411,0.577558696269989,-0.09173592925071716
0.7758827805519104,0.49245375394821167,-1.5937202135773987e-07,0.7016428709030151,0.5050285458564758,-0.00917794555425644,0.6424121856689453,0.5120804309844971,-0.02818175032734871,0.6009864807128906,0.5376924872398376,-0.04974798858165741,0.5682452321052551,0.5549625158309937,-0.07295477390289307,0.5907833576202393,0.42388588190078735,-0.04670315235853195,0.5211249589920044,0.42503780126571655,-0.08204689621925354,0.47682589292526245,0.4083176255226135,-0.10640925168991089,0.4354180097579956,0.3922664523124695,-0.12399040162563324,0.6218967437744141,0.40925419330596924,-0.05913007631897926,0.582818865776062,0.5207754969596863,-0.10114593058824539,0.5586920976638794,0.5922654271125793,-0.11549096554517746,0.5371155142784119,0.6455092430114746,-0.1231192797422409,0.6638305187225342,0.4225199818611145,-0.07115652412176132,0.6434468030929565,0.5583296418190002,-0.10462954640388489,0.659939169883728,0.5746722221374512,-0.09563728421926498,0.6728748679161072,0.5672750473022461,-0.08513318747282028,0.7044253349304199,0.4493787884712219,-0.08469007164239883,0.6812971830368042,0.5540635585784912,-0.10815219581127167,0.6833437085151672,0.57666015625,-0.1014547124505043,0.6851508617401123,0.5743436217308044,-0.09195275604724884
0.7764759063720703,0.4926438331604004,-1.9125779715523095e-07,0.7011781334877014,0.5060428380966187,-0.007474668323993683,0.6410946249961853,0.511403501033783,-0.024136114865541458,0.5988416075706482,0.5338072776794434,-0.04376837983727455,0.5667664408683777,0.5479817986488342,-0.06491603702306747,0.5907257199287415,0.424576073884964,-0.04091056063771248,0.5225090980529785,0.4254318177700043,-0.07433080673217773,0.47917768359184265,0.40830254554748535,-0.09691918641328812,0.43865883350372314,0.3925546705722809,-0.1133396327495575,0.6217024326324463,0.4084779620170593,-0.05395068600773811,0.5835687518119812,0.5220826268196106,-0.09503781050443649,0.5608555674552917,0.593652606010437,-0.10853832960128784,0.5397054553031921,0.6461461782455444,-0.11501641571521759,0.6638440489768982,0.42131274938583374,-0.06679347902536392,0.6444733142852783,0.5574378967285156,-0.10057169198989868,0.6604520082473755,0.5713881850242615,-0.09195162355899811,0.6716338396072388,0.5605112910270691,-0.0812131017446518,0.7047002911567688,0.44885990023612976,-0.08090090751647949,0.6821412444114685,0.5566032528877258,-0.10471685230731964,0.6842949986457825,0.577786386013031,-0.09816280007362366,0.6853526830673218,0.5727716684341431,-0.08845845609903336
0.7777988910675049,0.49388983845710754,-1.801637097287312e-07,0.7025572657585144,0.5067597031593323,-0.008010385558009148,0.6433985829353333,0.5120073556900024,-0.025832442566752434,0.6016749143600464,0.5333532691001892,-0.04618427902460098,0.5696246027946472,0.5484821200370789,-0.06833331286907196,0.5939507484436035,0.4233885109424591,-0.046088650822639465,0.525033175945282,0.42425012588500977,-0.08082457631826401,0.48133277893066406,0.4075066149234772,-0.1047150269150734,0.44052064418792725,0.39209839701652527,-0.12209954857826233,0.626029372215271,0.4078187346458435,-0.05888588726520538,0.5851760506629944,0.520162045955658,-0.10018713772296906,0.5625119805335999,0.5916591286659241,-0.1135040819644928,0.542972981929779,0.6441471576690674,-0.1203635185956955,0.6687426567077637,0.42185506224632263,-0.07126159220933914,0.6460310220718384,0.5545467734336853,-0.10499995946884155,0.660056471824646,0.5724220275878906,-0.09611526876688004,0.6720485091209412,0.5669975280761719,-0.08553432673215866,0.709951639175415,0.4504238963127136,-0.08487832546234131,0.6843187212944031,0.5527980327606201,-0.10955773293972015,0.6846481561660767,0.5772519707679749,-0.10346981883049011,0.6856989860534668,0.577788770198822,-0.09414828568696976
0.7810467481613159,0.4921276569366455,-2.1408095562946983e-07,0.7042365074157715,0.5064613819122314,-0.0061836326494812965,0.6437965631484985,0.5111700296401978,-0.021242976188659668,0.6006492972373962,0.5302265286445618,-0.039401471614837646,0.5673169493675232,0.5426883101463318,-0.05914737284183502,0.596441924571991,0.4255451261997223,-0.03886114060878754,0.5283882021903992,0.42414140701293945,-0.07119923830032349,0.48539969325065613,0.4075582027435303,-0.09269483387470245,0.44556331634521484,0.39265820384025574,-0.1082969605922699,0.6271044015884399,0.409138560295105,-0.052095163613557816,0.5881754159927368,0.5204132795333862,-0.09199254959821701,0.5664253234863281,0.590796172618866,-0.10420802235603333,0.5471063256263733,0.6427330374717712,-0.10954786092042923,0.6692088842391968,0.4220975339412689,-0.065174400806427,0.649293065071106,0.5561783909797668,-0.09802310913801193,0.6626589894294739,0.5691318511962891,-0.08908835798501968,0.6718221306800842,0.5578887462615967,-0.07823172956705093,0.7103410959243774,0.4510000944137573,-0.07943006604909897,0.6882597208023071,0.5588256120681763,-0.10312417894601822,0.6885814070701599,0.5777169466018677,-0.09700778126716614,0.6881262063980103,0.5707358121871948,-0.08753965049982071
0.7823560237884521,0.49465715885162354,-1.9070446910518513e-07,0.7055948376655579,0.5080847144126892,-0.0076400889083743095,0.6448636651039124,0.5111666917800903,-0.023462383076548576,0.6018161177635193,0.5297240018844604,-0.04208144545555115,0.5691061615943909,0.5433021187782288,-0.06220073252916336,0.597111165523529,0.4243943691253662,-0.04126196354627609,0.5294606685638428,0.42122146487236023,-0.07521787285804749,0.48574021458625793,0.40305355191230774,-0.09756862372159958,0.4449937343597412,0.3876633942127228,-0.11357060819864273,0.6278184056282043,0.40702390670776367,-0.05411963537335396,0.588997483253479,0.5189326405525208,-0.09537840634584427,0.5663453340530396,0.5909141898155212,-0.10827528685331345,0.5461332201957703,0.645229697227478,-0.11403634399175644,0.6703652143478394,0.4199543297290802,-0.06697695702314377,0.6523025631904602,0.5529195666313171,-0.10221633315086365,0.6656754016876221,0.5674660205841064,-0.09465833008289337,0.6752645373344421,0.5598071217536926,-0.08403101563453674,0.7125919461250305,0.4480295181274414,-0.08097176253795624,0.6910837888717651,0.5517613291740417,-0.106588214635849,0.690097451210022,0.5748336315155029,-0.10144384950399399,0.6886847615242004,0.5750470161437988,-0.09231376647949219
0.7852625250816345,0.49641430377960205,-2.2047689185455965e-07,0.7083259224891663,0.5098484754562378,-0.006155370268970728,0.6475691795349121,0.5113177299499512,-0.02071405202150345,0.6039907932281494,0.5269107222557068,-0.03848693519830704,0.5707821846008301,0.5378859639167786,-0.05763927474617958,0.5986449122428894,0.42443543672561646,-0.036765385419130325,0.5307608246803284,0.4217577874660492,-0.06906306743621826,0.48759692907333374,0.40335679054260254,-0.09056021273136139,0.44804590940475464,0.3875880241394043,-0.10601864755153656,0.6292226314544678,0.40721896290779114,-0.05021355301141739,0.591634213924408,0.517742931842804,-0.09054820984601974,0.5698885917663574,0.5888587236404419,-0.10320711880922318,0.5509293079376221,0.6426180005073547,-0.10850656032562256,0.6714347004890442,0.4200976490974426,-0.06372088193893433,0.6531771421432495,0.5538322329521179,-0.09741473942995071,0.6675960421562195,0.567369282245636,-0.08948000520467758,0.6773631572723389,0.5578200817108154,-0.07884281128644943,0.7133136987686157,0.44855475425720215,-0.07840237021446228,0.6917030811309814,0.5543908476829529,-0.10238415002822876,0.6922853589057922,0.5757774114608765,-0.09646851569414139,0.6919708847999573,0.5725593566894531,-0.08692919462919235
0.7835630178451538,0.49418699741363525,-2.1943309036487335e-07,0.7060359120368958,0.5111948847770691,-0.007355316076427698,0.6455975770950317,0.5156456232070923,-0.022844363003969193,0.6032826900482178,0.5331302881240845,-0.04143839329481125,0.5711609125137329,0.547570526599884,-0.06125567853450775,0.597978949546814,0.42359820008277893,-0.038668226450681686,0.5309286117553711,0.42038828134536743,-0.07098700106143951,0.48824673891067505,0.40338534116744995,-0.09215984493494034,0.44893601536750793,0.388910174369812,-0.10753785073757172,0.629588782787323,0.40553563833236694,-0.05221904069185257,0.5930888056755066,0.5151177048683167,-0.09321066737174988,0.5711096525192261,0.5870732665061951,-0.10596529394388199,0.552294135093689,0.6412361264228821,-0.11132613569498062,0.6724425554275513,0.4177358150482178,-0.0659145787358284,0.6549016237258911,0.5524119138717651,-0.10089744627475739,0.6695560216903687,0.5680081248283386,-0.09335476905107498,0.6793073415756226,0.5599071979522705,-0.08275610953569412,0.7146413922309875,0.4455660879611969,-0.08084952086210251,0.6940551400184631,0.5513366460800171,-0.106083445250988,0.6944853067398071,0.5750969052314758,-0.10076429694890976,0.6937528848648071,0.5746616125106812,-0.09152066707611084
0.7825034856796265,0.49249932169914246,-2.07348406888741e-07,0.7070380449295044,0.5051786303520203,-0.008479118347167969,0.6474387645721436,0.5082830190658569,-0.02454219199717045,0.6049410700798035,0.5273590683937073,-0.04340365529060364,0.5725516676902771,0.540392279624939,-0.06357883661985397,0.5988183617591858,0.4231978952884674,-0.04058803245425224,0.5311600565910339,0.4216194450855255,-0.07338825613260269,0.4877967834472656,0.40594786405563354,-0.09538880735635757,0.44741231203079224,0.39229050278663635,-0.1113433912396431,0.6297191381454468,0.4073823392391205,-0.05277378112077713,0.5929034352302551,0.5174750685691833,-0.09371492266654968,0.5704222321510315,0.5868445038795471,-0.10719768702983856,0.5503628253936768,0.6399255394935608,-0.11329548805952072,0.6716185212135315,0.42017149925231934,-0.06489603221416473,0.6531612873077393,0.5534733533859253,-0.09924882650375366,0.6688036322593689,0.5686113834381104,-0.09164927899837494,0.6796221137046814,0.5621440410614014,-0.08121083676815033,0.7126761078834534,0.4477725028991699,-0.07836909592151642,0.6913020014762878,0.5514362454414368,-0.10326893627643585,0.692279040813446,0.5747469663619995,-0.09797422587871552,0.6925011873245239,0.5751413106918335,-0.08882743865251541
0.7825911045074463,0.4917851686477661,-1.8173000171373133e-07,0.7084620594978333,0.5021367073059082,-0.008435279130935669,0.6482021808624268,0.5060580968856812,-0.025038696825504303,0.6059160828590393,0.5284109711647034,-0.044503916054964066,0.5746297240257263,0.5448528528213501,-0.06538059562444687,0.598255455493927,0.4213268756866455,-0.04084141552448273,0.528413712978363,0.41972091794013977,-0.0735299214720726,0.4836655855178833,0.4048483967781067,-0.09517824649810791,0.44220778346061707,0.39270681142807007,-0.11102017015218735,0.6285997033119202,0.40703171491622925,-0.053569283336400986,0.5903751850128174,0.517748236656189,-0.09399489313364029,0.5671016573905945,0.5878008008003235,-0.10718300193548203,0.5456823706626892,0.6401288509368896,-0.1134260892868042,0.6707205176353455,0.4210779368877411,-0.06624205410480499,0.6530768871307373,0.5568146109580994,-0.09972327947616577,0.6687812209129333,0.5690889954566956,-0.09176968783140182,0.678771436214447,0.5575090050697327,-0.08160141110420227,0.712414026260376,0.4493568539619446,-0.08028870820999146,0.6922518610954285,0.5561937093734741,-0.10410850495100021,0.6938053369522095,0.5752893090248108,-0.09818850457668304,0.6936603784561157,0.5694622993469238,-0.08901462703943253
0.783351719379425,0.4879094660282135,-1.807189988767277e-07,0.7093068361282349,0.4958849847316742,-0.006796311587095261,0.6483935713768005,0.4998478293418884,-0.02387944422662258,0.604621171951294,0.5225561857223511,-0.04405128210783005,0.5713692903518677,0.5390952229499817,-0.0659216046333313,0.5984202027320862,0.4193136692047119,-0.04245946556329727,0.5249831080436707,0.42035311460494995,-0.07526708394289017,0.47972211241722107,0.40591126680374146,-0.09709865599870682,0.4378105700016022,0.39398759603500366,-0.11310548335313797,0.6287968158721924,0.4074532687664032,-0.0557396337389946,0.587419331073761,0.5176132917404175,-0.09634126722812653,0.5633895397186279,0.5871450901031494,-0.1096067950129509,0.5419578552246094,0.6395498514175415,-0.11620653420686722,0.6704934239387512,0.4233584403991699,-0.06849580258131027,0.6501134037971497,0.5565864443778992,-0.10157237201929092,0.6655628681182861,0.5685540437698364,-0.09340226650238037,0.6765537858009338,0.5572907328605652,-0.08344192802906036,0.711144745349884,0.45304548740386963,-0.08235757797956467,0.6881505250930786,0.5565941333770752,-0.10598218441009521,0.6896098852157593,0.5756090879440308,-0.09985514730215073,0.6901453733444214,0.5700347423553467,-0.090723417699337
0.7842397689819336,0.4857628345489502,-2.0298949721109238e-07,0.7096467614173889,0.4928082227706909,-0.00427712919190526,0.6479586362838745,0.4995388984680176,-0.020484887063503265,0.604403555393219,0.5266395211219788,-0.04018520191311836,0.5722662806510925,0.5467961430549622,-0.0616178885102272,0.597419023513794,0.41675251722335815,-0.03913133963942528,0.5255773663520813,0.4209817349910736,-0.07104136794805527,0.4807737469673157,0.4074632525444031,-0.09267578274011612,0.4389808773994446,0.39567652344703674,-0.10874699056148529,0.6267921328544617,0.4064871072769165,-0.0535636730492115,0.5834683775901794,0.5188947319984436,-0.09250635653734207,0.5595114827156067,0.5897871255874634,-0.10580196231603622,0.5387038588523865,0.6424784660339355,-0.11304760724306107,0.667331874370575,0.4229920506477356,-0.06735999137163162,0.644605815410614,0.5552688241004944,-0.100013367831707,0.6628775596618652,0.5680461525917053,-0.09272121638059616,0.6771080493927002,0.5565950274467468,-0.08349369466304779,0.7070069909095764,0.45200929045677185,-0.08194086700677872,0.6819548606872559,0.5557740926742554,-0.10556165874004364,0.6869101524353027,0.5770100951194763,-0.0996733233332634,0.6913160681724548,0.5726538896560669,-0.09083636105060577
0.7816713452339172,0.48505333065986633,-1.9170970233517437e-07,0.7076311707496643,0.4928506910800934,-0.0037349925842136145,0.6465213894844055,0.4994789958000183,-0.018836049363017082,0.6018760800361633,0.5231807827949524,-0.037318337708711624,0.569434642791748,0.5389559864997864,-0.05727887898683548,0.5961085557937622,0.4169023931026459,-0.037204671651124954,0.523112952709198,0.4199487268924713,-0.06751083582639694,0.47757697105407715,0.40723520517349243,-0.08723679929971695,0.43598026037216187,0.39564409852027893,-0.10184182226657867,0.623774528503418,0.4076988995075226,-0.050827085971832275,0.579072117805481,0.517413854598999,-0.08821829408407211,0.5544655323028564,0.5876158475875854,-0.1008271723985672,0.5339430570602417,0.6388493180274963,-0.10788380354642868,0.6619913578033447,0.42350542545318604,-0.06379044055938721,0.6392455101013184,0.5498870015144348,-0.096232108771801,0.6588122844696045,0.5637055039405823,-0.09049148112535477,0.6751590967178345,0.5543503761291504,-0.08221323788166046,0.7000218629837036,0.45004260540008545,-0.07733063399791718,0.6757391691207886,0.5505605340003967,-0.10102686285972595,0.6812065839767456,0.5742491483688354,-0.09658963233232498,0.6865880489349365,0.5738365054130554,-0.08879828453063965
0.7795698642730713,0.4872642755508423,-1.9113731752895546e-07,0.7048883438110352,0.49641650915145874,-0.005035241134464741,0.6434224247932434,0.5018818974494934,-0.020763186737895012,0.599328339099884,0.5226554870605469,-0.0396876260638237,0.5657565593719482,0.5343438386917114,-0.060042958706617355,0.5921452641487122,0.41641154885292053,-0.03912657871842384,0.5221720933914185,0.41885343194007874,-0.07079422473907471,0.47695833444595337,0.4064043462276459,-0.09167514741420746,0.43512803316116333,0.39545559883117676,-0.10694066435098648,0.6204668879508972,0.4055163264274597,-0.05235356092453003,0.5778594017028809,0.5171777606010437,-0.09050729125738144,0.5521435737609863,0.5874080657958984,-0.10358083248138428,0.5301332473754883,0.6389448642730713,-0.11097990721464157,0.659625768661499,0.42078083753585815,-0.06502701342105865,0.6394007205963135,0.5514673590660095,-0.09774639457464218,0.6580528616905212,0.5645993947982788,-0.09164334833621979,0.6729080677032471,0.5537952184677124,-0.08312162756919861,0.6983430981636047,0.44725897908210754,-0.07849090546369553,0.6755843758583069,0.5513319969177246,-0.10250850021839142,0.6805210113525391,0.5755735635757446,-0.09792886674404144,0.6851070523262024,0.5749398469924927,-0.08992043137550354
0.7705855369567871,0.48120179772377014,-1.6725863360989024e-07,0.6947756409645081,0.495179146528244,-0.005357297137379646,0.6346392631530762,0.5021490454673767,-0.021746313199400902,0.5908249020576477,0.52250075340271,-0.041524991393089294,0.5576344728469849,0.534221887588501,-0.06254594773054123,0.5846216678619385,0.4147849678993225,-0.0405043363571167,0.5132815837860107,0.4162224233150482,-0.07304514944553375,0.4674898386001587,0.4032064974308014,-0.0941164493560791,0.42551666498184204,0.39171138405799866,-0.10972072184085846,0.6144747138023376,0.40209105610847473,-0.05529608950018883,0.5727341771125793,0.5078253746032715,-0.09528370946645737,0.545912504196167,0.5786598920822144,-0.10799481719732285,0.5231367945671082,0.6314331889152527,-0.11483458429574966,0.6554917693138123,0.41541969776153564,-0.06994829326868057,0.6350924372673035,0.5423653721809387,-0.10438220202922821,0.6524968147277832,0.5569490194320679,-0.09719954431056976,0.6663379073143005,0.5478829741477966,-0.08779341727495193,0.6961283087730408,0.4409092962741852,-0.08560057729482651,0.6717694401741028,0.5418491363525391,-0.11064409464597702,0.6730018258094788,0.5680060982704163,-0.10577517002820969,0.6738844513893127,0.5700997710227966,-0.09771553426980972
0.7688655257225037,0.48025110363960266,-1.699570759683411e-07,0.6947216987609863,0.4925704002380371,-0.007116211578249931,0.6335774064064026,0.4988817572593689,-0.0241608414798975,0.5899121165275574,0.5210675597190857,-0.044179320335388184,0.5567160844802856,0.5368384718894958,-0.06542632728815079,0.5836414098739624,0.4113079309463501,-0.04189470782876015,0.510478675365448,0.4142489433288574,-0.07505863159894943,0.4645637273788452,0.4002183675765991,-0.0966353490948677,0.42338770627975464,0.38694649934768677,-0.11200913786888123,0.6131399869918823,0.3988473117351532,-0.05449242517352104,0.5710272789001465,0.5087994933128357,-0.09554219990968704,0.5473955273628235,0.5776436924934387,-0.10917900502681732,0.5273613929748535,0.627684473991394,-0.11578868329524994,0.6532749533653259,0.4125862419605255,-0.0667000561952591,0.6329770088195801,0.5460156202316284,-0.10168438404798508,0.6507463455200195,0.5655688047409058,-0.09567897766828537,0.6648811101913452,0.5602328181266785,-0.08627413958311081,0.6930637359619141,0.4379976987838745,-0.07987450808286667,0.6706551909446716,0.5435510277748108,-0.10495377331972122,0.6731628179550171,0.573296844959259,-0.10071689635515213,0.6751591563224792,0.5782293677330017,-0.0925060287117958
0.7693512439727783,0.48157286643981934,-1.9985826327229006e-07,0.6941114068031311,0.49407413601875305,-0.007143245078623295,0.633407473564148,0.4995906949043274,-0.023376023396849632,0.5893087387084961,0.5213857889175415,-0.042771853506565094,0.5550126433372498,0.536127507686615,-0.06335753202438354,0.5827147364616394,0.4107847511768341,-0.03867914527654648,0.5107501149177551,0.4148588478565216,-0.07181771844625473,0.4654487073421478,0.40103864669799805,-0.0936570018529892,0.42435353994369507,0.3879680037498474,-0.10909979790449142,0.6117135286331177,0.39754635095596313,-0.05148555338382721,0.5696125626564026,0.5096820592880249,-0.09335902333259583,0.5445335507392883,0.581051766872406,-0.10807418823242188,0.5226293802261353,0.6331776976585388,-0.11493084579706192,0.6513348817825317,0.41026929020881653,-0.06409361958503723,0.63178950548172,0.5464672446250916,-0.09993784874677658,0.6499841809272766,0.5659471154212952,-0.09414252638816833,0.6637002229690552,0.5598320960998535,-0.0843382328748703,0.6907329559326172,0.43565136194229126,-0.07776585966348648,0.67010897397995,0.5453333854675293,-0.10268568247556686,0.6735690832138062,0.571927011013031,-0.09799840301275253,0.6759465932846069,0.572187602519989,-0.08921123296022415
0.7666935920715332,0.4825194478034973,-1.9229260317388253e-07,0.6919007301330566,0.4955984354019165,-0.008625096641480923,0.6310197114944458,0.5011814832687378,-0.025742240250110626,0.5868063569068909,0.5232144594192505,-0.04570147022604942,0.5531896352767944,0.5366246104240417,-0.0667567327618599,0.5806070566177368,0.4137423634529114,-0.041972048580646515,0.5082478523254395,0.4151538014411926,-0.07585360109806061,0.4625841975212097,0.4018717110157013,-0.09821893274784088,0.42059236764907837,0.39077436923980713,-0.1141643226146698,0.6102531552314758,0.3998052775859833,-0.05416293069720268,0.5695138573646545,0.5124382376670837,-0.09653391689062119,0.5443276762962341,0.5828804969787598,-0.11096884310245514,0.5214426517486572,0.6355264782905579,-0.11771871149539948,0.65083909034729,0.41237738728523254,-0.06616977602243423,0.6327152252197266,0.5468883514404297,-0.10219216346740723,0.6507524847984314,0.5615986585617065,-0.09548851102590561,0.6637012958526611,0.5532115697860718,-0.08520014584064484,0.6911174058914185,0.4367195963859558,-0.07940725237131119,0.6700509786605835,0.5430455803871155,-0.10502516478300095,0.6724859476089478,0.5699911713600159,-0.09979225695133209,0.6739892363548279,0.5732144713401794,-0.09046635031700134
0.7664195895195007,0.48070216178894043,-1.8921889477496734e-07,0.6918606162071228,0.4962697923183441,-0.008399010635912418,0.6310356855392456,0.5029132962226868,-0.025357065722346306,0.5868356823921204,0.525077223777771,-0.04524769261479378,0.5533870458602905,0.5398475527763367,-0.06631074845790863,0.5790473222732544,0.41528528928756714,-0.04098477214574814,0.5069132447242737,0.41602587699890137,-0.07489638030529022,0.4608752131462097,0.40314310789108276,-0.0970965251326561,0.41858845949172974,0.3928254544734955,-0.1128358319401741,0.6081535220146179,0.4011087715625763,-0.05333418771624565,0.5675559639930725,0.5148172378540039,-0.09600155055522919,0.543542206287384,0.5845695734024048,-0.11016886681318283,0.5215660333633423,0.6357972621917725,-0.11639697849750519,0.6482199430465698,0.4132101237773895,-0.06555623561143875,0.6310929656028748,0.5502021312713623,-0.10129152983427048,0.6500465273857117,0.5623649954795837,-0.09389807283878326,0.6624853014945984,0.5497962236404419,-0.08309691399335861,0.6878719329833984,0.43745356798171997,-0.07908258587121964,0.6687018871307373,0.5465372204780579,-0.1039850264787674,0.6729545593261719,0.5704072713851929,-0.09803875535726547,0.6748963594436646,0.5683300495147705,-0.08823493868112564
0.7680037617683411,0.48243120312690735,-1.9001161888354545e-07,0.6935268044471741,0.4937577545642853,-0.00800010934472084,0.6329468488693237,0.4989902377128601,-0.02486904338002205,0.5899312496185303,0.5218782424926758,-0.04477643966674805,0.5579014420509338,0.5357995629310608,-0.06593437492847443,0.5805362462997437,0.4139390289783478,-0.040147893130779266,0.509428858757019,0.41682082414627075,-0.07336296886205673,0.46359971165657043,0.40373358130455017,-0.09514399617910385,0.4213317632675171,0.392328679561615,-0.11064378172159195,0.6089515089988708,0.4012664258480072,-0.052515704184770584,0.5675647854804993,0.5150509476661682,-0.09431879222393036,0.5420200228691101,0.585517406463623,-0.10903473198413849,0.5187946557998657,0.6377173662185669,-0.11604911088943481,0.6482945680618286,0.41365566849708557,-0.06456838548183441,0.6312687397003174,0.5498944520950317,-0.09974585473537445,0.6513155698776245,0.5630944967269897,-0.09298545122146606,0.6654842495918274,0.5526426434516907,-0.08272891491651535,0.6873963475227356,0.43697789311408997,-0.0778399184346199,0.6679353713989258,0.5441970825195312,-0.10176631063222885,0.6727758646011353,0.5685451030731201,-0.09567858278751373,0.6758290529251099,0.5680872797966003,-0.08607056736946106
0.7668324112892151,0.4814997911453247,-1.8452067251928383e-07,0.6932663917541504,0.49227428436279297,-0.00667666457593441,0.6321366429328918,0.4987667500972748,-0.023195499554276466,0.5878366827964783,0.5249460339546204,-0.04291162267327309,0.5548514723777771,0.5433884263038635,-0.0638638511300087,0.5796851515769958,0.41414570808410645,-0.03919980674982071,0.5066230893135071,0.41818952560424805,-0.07185795158147812,0.46072256565093994,0.4047892391681671,-0.09291046112775803,0.4190249443054199,0.3927772045135498,-0.10802313685417175,0.6082570552825928,0.40201377868652344,-0.05214986205101013,0.5655582547187805,0.5170000791549683,-0.0933002158999443,0.5418875813484192,0.5863618850708008,-0.10688160359859467,0.5204486846923828,0.6364269256591797,-0.11327646672725677,0.6478889584541321,0.4152626693248749,-0.0648375004529953,0.6296856999397278,0.55030757188797,-0.09988561272621155,0.6500821709632874,0.5621674656867981,-0.09302032738924026,0.6645375490188599,0.5490058064460754,-0.08292334526777267,0.6872085928916931,0.4390738010406494,-0.07852888852357864,0.6659008264541626,0.5457837581634521,-0.10306233912706375,0.6711723208427429,0.5708379149436951,-0.09743300080299377,0.674548864364624,0.5704114437103271,-0.08824636787176132
0.7660272717475891,0.481619656085968,-1.9457336009054416e-07,0.690687894821167,0.49471935629844666,-0.0067835538648068905,0.6300843358039856,0.5006045699119568,-0.023072538897395134,0.5866307616233826,0.5239924788475037,-0.04245326668024063,0.5535230040550232,0.5404596328735352,-0.06301319599151611,0.5788511037826538,0.4145359396934509,-0.04023785516619682,0.5071059465408325,0.41665640473365784,-0.07293081283569336,0.461503803730011,0.40435707569122314,-0.09396716952323914,0.4196545481681824,0.39329373836517334,-0.10901229828596115,0.6081511378288269,0.40109777450561523,-0.052982550114393234,0.5657678842544556,0.5158472657203674,-0.09385385364294052,0.540656328201294,0.5864623188972473,-0.10765761882066727,0.5183811187744141,0.637991726398468,-0.11435247212648392,0.6482677459716797,0.4137169122695923,-0.06532428413629532,0.6293163299560547,0.5495119690895081,-0.10029442608356476,0.6486207246780396,0.5641949772834778,-0.09365084767341614,0.6630527377128601,0.5547405481338501,-0.08365340530872345,0.6878749132156372,0.43797534704208374,-0.07868445664644241,0.666996955871582,0.5456904172897339,-0.10341489315032959,0.6710020899772644,0.5718349814414978,-0.09823388606309891,0.6737387180328369,0.5733059048652649,-0.08920919895172119
0.7637482285499573,0.4782789945602417,-1.7100735760777752e-07,0.688316822052002,0.49109071493148804,-0.006273830775171518,0.6273550987243652,0.4983173906803131,-0.022467205300927162,0.5834481120109558,0.5227267146110535,-0.04174824059009552,0.550318717956543,0.5393846035003662,-0.0623297281563282,0.5764882564544678,0.4106605052947998,-0.04042333364486694,0.5037066340446472,0.41234633326530457,-0.07330747693777084,0.4575379192829132,0.3976045548915863,-0.09421297162771225,0.4156951308250427,0.3842436373233795,-0.10916173458099365,0.6055560111999512,0.3984628915786743,-0.05354268476366997,0.5615860819816589,0.515121340751648,-0.09444788843393326,0.5365089178085327,0.5865089893341064,-0.10760513693094254,0.5148464441299438,0.6383343935012817,-0.1137811467051506,0.6455584764480591,0.4126242697238922,-0.06628671288490295,0.6257563829421997,0.5487503409385681,-0.10173271596431732,0.645754873752594,0.5623692870140076,-0.0946127325296402,0.6612582802772522,0.5510513782501221,-0.08414694666862488,0.6851502060890198,0.43866556882858276,-0.07993677258491516,0.6633725166320801,0.5481503009796143,-0.10605035722255707,0.6690887212753296,0.5729585289955139,-0.1011333018541336,0.6736591458320618,0.5719665884971619,-0.09195870906114578
0.7632452845573425,0.4779473543167114,-1.6225327215124707e-07,0.6875447630882263,0.49037569761276245,-0.0063994224183261395,0.6265079975128174,0.49752098321914673,-0.023073390126228333,0.5823753476142883,0.5235459804534912,-0.04293091967701912,0.5484073758125305,0.5414343476295471,-0.06413368135690689,0.5758038759231567,0.4097529947757721,-0.040618896484375,0.5025129318237305,0.411322683095932,-0.07361318916082382,0.4562649130821228,0.3969046473503113,-0.09501449018716812,0.4140564203262329,0.383710116147995,-0.110331229865551,0.6048195958137512,0.39752501249313354,-0.05376610532402992,0.560360848903656,0.5117447376251221,-0.0950055867433548,0.5332661867141724,0.5844452977180481,-0.10930435359477997,0.5095852017402649,0.6380430459976196,-0.1163853108882904,0.6447673439979553,0.41174501180648804,-0.06637275964021683,0.6250483393669128,0.5484926104545593,-0.1012771800160408,0.6445732116699219,0.5637994408607483,-0.09488078951835632,0.6596269011497498,0.5538018941879272,-0.0852292999625206,0.6841138601303101,0.439087837934494,-0.07991715520620346,0.663152277469635,0.5491060018539429,-0.10457008332014084,0.6684244871139526,0.5732042193412781,-0.09936393052339554,0.6723529696464539,0.5706723928451538,-0.09047934412956238
0.7626295685768127,0.4772208333015442,-1.6153983040112507e-07,0.6874756217002869,0.4908458888530731,-0.006929447874426842,0.6265935897827148,0.49914538860321045,-0.024167539551854134,0.5828763842582703,0.5266045331954956,-0.04471195489168167,0.5497462749481201,0.5450625419616699,-0.06660058349370956,0.5738134384155273,0.40999460220336914,-0.040825583040714264,0.5004863142967224,0.412727415561676,-0.07490213215351105,0.45432162284851074,0.3982120752334595,-0.09747105091810226,0.412000834941864,0.3849642872810364,-0.1135476753115654,0.602998673915863,0.39819005131721497,-0.05403737723827362,0.5586411952972412,0.5141808390617371,-0.09609702229499817,0.5325723886489868,0.5859392881393433,-0.11086537688970566,0.5093836784362793,0.6379014253616333,-0.11821817606687546,0.6427949070930481,0.4121902883052826,-0.06688389927148819,0.6234538555145264,0.5506641268730164,-0.10191330313682556,0.6439248919487,0.5638161301612854,-0.09506956487894058,0.6586818099021912,0.5510711669921875,-0.08518921583890915,0.6819677352905273,0.438398152589798,-0.0808764323592186,0.6618380546569824,0.5490619540214539,-0.10515829175710678,0.6679598093032837,0.5723142623901367,-0.09936276078224182,0.6718289256095886,0.5688783526420593,-0.09016332775354385
0.762403666973114,0.47524189949035645,-1.6600684205059224e-07,0.6868855357170105,0.49141520261764526,-0.005218167789280415,0.6257447004318237,0.5016801953315735,-0.021626321598887444,0.5813876986503601,0.5287189483642578,-0.041423749178647995,0.5477346181869507,0.5480684041976929,-0.06250815093517303,0.5729000568389893,0.4122779965400696,-0.03992390260100365,0.4982127547264099,0.4135858714580536,-0.07293287664651871,0.45188260078430176,0.39843589067459106,-0.0945015400648117,0.41004377603530884,0.38497546315193176,-0.10988644510507584,0.6016334295272827,0.40020620822906494,-0.053454771637916565,0.5562877655029297,0.5149251222610474,-0.09396135807037354,0.5307730436325073,0.5868045687675476,-0.10771451890468597,0.5090329051017761,0.639183759689331,-0.11463591456413269,0.6412414312362671,0.4143437445163727,-0.06644973158836365,0.6214391589164734,0.5496526956558228,-0.10045401006937027,0.6407724022865295,0.5637922883033752,-0.09406652301549911,0.6561974287033081,0.5534629225730896,-0.08476021885871887,0.6806110739707947,0.440439909696579,-0.08034314960241318,0.6596454977989197,0.5496082901954651,-0.10445699840784073,0.6641746759414673,0.5758698582649231,-0.09937965869903564,0.6676516532897949,0.5769520401954651,-0.09072493761777878
0.7608941793441772,0.4769517183303833,-1.6608446173904667e-07,0.6840463876724243,0.49295443296432495,-0.005633066408336163,0.6218873262405396,0.5036728382110596,-0.022255398333072662,0.5778396129608154,0.5299220681190491,-0.04212279990315437,0.5446654558181763,0.5488598346710205,-0.06315955519676208,0.5709576606750488,0.4119246006011963,-0.04033834859728813,0.4981878399848938,0.4137200117111206,-0.07270859181880951,0.4526446759700775,0.3996238112449646,-0.0937303900718689,0.411251425743103,0.3865997791290283,-0.10882942378520966,0.6003444790840149,0.4003194570541382,-0.05360826104879379,0.5558596253395081,0.5142782926559448,-0.093341164290905,0.5289114117622375,0.5862133502960205,-0.10743845999240875,0.5056775808334351,0.6387821435928345,-0.11523450911045074,0.6401285529136658,0.4147103726863861,-0.06628008931875229,0.6193267703056335,0.5495333075523376,-0.10071105509996414,0.6388817429542542,0.5654146671295166,-0.09540189802646637,0.6546483039855957,0.5569332242012024,-0.08684388548135757,0.6792882680892944,0.43992364406585693,-0.07973822951316833,0.6566991806030273,0.546936571598053,-0.10446281731128693,0.6612177491188049,0.5760884284973145,-0.10009514540433884,0.6652228832244873,0.5809619426727295,-0.09200787544250488
0.7583498954772949,0.4777546525001526,-1.6748515463405056e-07,0.6818250417709351,0.49364009499549866,-0.00596886221319437,0.6200267672538757,0.5037537217140198,-0.02297135256230831,0.5762506127357483,0.5285988450050354,-0.043097201734781265,0.542730987071991,0.5456067323684692,-0.06451991200447083,0.5685462951660156,0.4115050435066223,-0.04122346639633179,0.49586784839630127,0.4131452143192291,-0.07359204441308975,0.4497499465942383,0.40003740787506104,-0.0946841686964035,0.4076388478279114,0.38825279474258423,-0.11007892340421677,0.5982844233512878,0.3999973237514496,-0.054723676294088364,0.5539541840553284,0.5148169994354248,-0.09528983384370804,0.5283846855163574,0.5881105661392212,-0.10943663865327835,0.5065774917602539,0.64082270860672,-0.11713315546512604,0.63815838098526,0.4147115647792816,-0.06757994741201401,0.616353452205658,0.5502656698226929,-0.10242165625095367,0.637139618396759,0.565281331539154,-0.09632014483213425,0.6539741158485413,0.554459810256958,-0.08731038123369217,0.6771495342254639,0.440640926361084,-0.08125776797533035,0.6535820960998535,0.5495308041572571,-0.10640880465507507,0.6603542566299438,0.5756723880767822,-0.1014733612537384,0.6663035154342651,0.5751966238021851,-0.09296922385692596
0.7567657828330994,0.478386789560318,-1.581639139658364e-07,0.6799173355102539,0.49392369389533997,-0.006265994161367416,0.6176359057426453,0.5025791525840759,-0.02225315012037754,0.5721986293792725,0.5246859788894653,-0.041281457990407944,0.5367255806922913,0.5402904152870178,-0.06152881309390068,0.5669436454772949,0.41260042786598206,-0.04090777784585953,0.4945879578590393,0.4123890995979309,-0.07341495156288147,0.4491347670555115,0.398054301738739,-0.09403009712696075,0.40710368752479553,0.38522064685821533,-0.10865891724824905,0.5963106155395508,0.399583101272583,-0.05352547764778137,0.5522634983062744,0.51409912109375,-0.09394558519124985,0.5243048071861267,0.5866827964782715,-0.10803672671318054,0.5000011324882507,0.640071451663971,-0.11540112644433975,0.6360472440719604,0.41334033012390137,-0.06553112715482712,0.6164240837097168,0.5491744875907898,-0.10105002671480179,0.6351227760314941,0.568396270275116,-0.09597810357809067,0.6505445837974548,0.5634855031967163,-0.08705589920282364,0.67533940076828,0.43926388025283813,-0.07828550040721893,0.6538891792297363,0.547133207321167,-0.10386405140161514,0.6587123274803162,0.5752496719360352,-0.09980779141187668,0.6632413268089294,0.5791078805923462,-0.09153475612401962
0.7516793012619019,0.4785427153110504,-1.3771236240245344e-07,0.675041139125824,0.4980654716491699,-0.007636388763785362,0.6138824224472046,0.5077847242355347,-0.024759039282798767,0.5707010626792908,0.5303888916969299,-0.04491686820983887,0.5365092158317566,0.547173261642456,-0.0659729614853859,0.561870276927948,0.41048359870910645,-0.04091791808605194,0.4911576211452484,0.4099852740764618,-0.0746818408370018,0.44532525539398193,0.39457133412361145,-0.09698206931352615,0.4037221670150757,0.3801984190940857,-0.11283627152442932,0.5916459560394287,0.39585253596305847,-0.053802501410245895,0.5508089065551758,0.5037550926208496,-0.09473749250173569,0.5241225361824036,0.5737568140029907,-0.1094384640455246,0.5013079643249512,0.6247442960739136,-0.11755885183811188,0.6317919492721558,0.4081316888332367,-0.06660328805446625,0.6124607920646667,0.5428649187088013,-0.10230997949838638,0.631569504737854,0.5651726126670837,-0.09736014157533646,0.6477071046829224,0.5619714260101318,-0.08889864385128021,0.6715566515922546,0.43383777141571045,-0.08055141568183899,0.6500684022903442,0.5413782596588135,-0.1061270609498024,0.6546870470046997,0.5735990405082703,-0.10253094881772995,0.6592140793800354,0.5804976224899292,-0.09504285454750061
0.751621425151825,0.4772668480873108,-1.4737176456947054e-07,0.674127459526062,0.4961117208003998,-0.007157112471759319,0.6138147115707397,0.503568708896637,-0.024245070293545723,0.5707783102989197,0.5242161750793457,-0.04465487599372864,0.5362921953201294,0.539028525352478,-0.0661172941327095,0.563017725944519,0.4080640971660614,-0.04041468724608421,0.49193519353866577,0.4068753123283386,-0.07482165098190308,0.4463149905204773,0.3909044861793518,-0.09793012589216232,0.40461909770965576,0.3760007917881012,-0.11417040228843689,0.5928500294685364,0.39389023184776306,-0.053627435117959976,0.550042986869812,0.5025591254234314,-0.09591919183731079,0.5233890414237976,0.5724310278892517,-0.11143023520708084,0.501124382019043,0.6241766214370728,-0.11944867670536041,0.6328660845756531,0.40630632638931274,-0.06665579229593277,0.6111322641372681,0.5431736707687378,-0.10275133699178696,0.6302658319473267,0.5687827467918396,-0.0975424200296402,0.6466522812843323,0.5699884295463562,-0.08848188817501068,0.6726821660995483,0.4325298070907593,-0.08084972202777863,0.6510775089263916,0.5404274463653564,-0.10584328323602676,0.655264139175415,0.5719013810157776,-0.10163171589374542,0.6592125296592712,0.5784124135971069,-0.09351888298988342
0.7518867254257202,0.4764460623264313,-1.4103828505085403e-07,0.6750599145889282,0.4934728741645813,-0.008912895806133747,0.6152462959289551,0.5010198950767517,-0.026770835742354393,0.5726851224899292,0.5215615034103394,-0.04753004387021065,0.5382242798805237,0.5358351469039917,-0.0693889632821083,0.5635986328125,0.40526992082595825,-0.042726870626211166,0.49329274892807007,0.40456777811050415,-0.0776781514286995,0.4472106099128723,0.388884961605072,-0.1015215739607811,0.40489664673805237,0.3737766146659851,-0.1182948425412178,0.5932443141937256,0.39202848076820374,-0.05479419231414795,0.5511991381645203,0.5009803771972656,-0.0967836081981659,0.5237715244293213,0.5700821876525879,-0.11241605877876282,0.5011537075042725,0.6209719181060791,-0.12083330005407333,0.6329189538955688,0.4050237834453583,-0.06670515984296799,0.6108044981956482,0.5428339242935181,-0.10292374342679977,0.6298954486846924,0.5715123414993286,-0.09791631251573563,0.6472898721694946,0.5756617784500122,-0.08899673074483871,0.6725757122039795,0.43129962682724,-0.07992442697286606,0.6513312458992004,0.539842426776886,-0.10581167787313461,0.6555985808372498,0.5721471309661865,-0.10247131437063217,0.6606267094612122,0.579537034034729,-0.09480822086334229
0.7518341541290283,0.47483110427856445,-1.3934011633409682e-07,0.6742560863494873,0.4934229850769043,-0.008210974745452404,0.6150474548339844,0.5005360841751099,-0.025417715311050415,0.5726198554039001,0.5204423069953918,-0.04576067999005318,0.5386754274368286,0.5352267622947693,-0.06714009493589401,0.5637344121932983,0.40423861145973206,-0.040675729513168335,0.4940447509288788,0.40314191579818726,-0.07521713525056839,0.4482068419456482,0.3874935209751129,-0.09875789284706116,0.40616968274116516,0.37241634726524353,-0.11534260213375092,0.5935106873512268,0.3894725441932678,-0.05320771411061287,0.5516879558563232,0.4975520372390747,-0.0948842316865921,0.5245048403739929,0.5653306841850281,-0.110710009932518,0.5022139549255371,0.6158313751220703,-0.1193016916513443,0.6334577202796936,0.4015195071697235,-0.06568771600723267,0.611497700214386,0.5410246253013611,-0.10200105607509613,0.6299610137939453,0.5716745257377625,-0.09790577739477158,0.6471946239471436,0.5781355500221252,-0.08959601819515228,0.6734720468521118,0.4279150664806366,-0.07943134009838104,0.6521910429000854,0.5384595990180969,-0.10515593737363815,0.6556774973869324,0.5720009207725525,-0.10241030156612396,0.6602460741996765,0.5809087157249451,-0.09534969180822372
0.7522578835487366,0.47506073117256165,-1.410904104659494e-07,0.6744896173477173,0.4942272901535034,-0.008405343629419804,0.6140393614768982,0.5005730390548706,-0.025667153298854828,0.5711008310317993,0.518011212348938,-0.04589995741844177,0.5370080471038818,0.5292867422103882,-0.06709207594394684,0.5639727711677551,0.4047631323337555,-0.042137034237384796,0.49420157074928284,0.40348291397094727,-0.0768444836139679,0.4483793079853058,0.38601720333099365,-0.10093963146209717,0.4062599539756775,0.36922547221183777,-0.11815447360277176,0.5941466689109802,0.38883402943611145,-0.05460021644830704,0.5537688732147217,0.4966052174568176,-0.09600529819726944,0.5253437757492065,0.563582181930542,-0.11177998036146164,0.5015072822570801,0.6144362688064575,-0.12083915621042252,0.6346834897994995,0.40058159828186035,-0.06700753420591354,0.6128527522087097,0.5374929904937744,-0.10311348736286163,0.6303672790527344,0.5673213005065918,-0.09895725548267365,0.6468400955200195,0.5748087167739868,-0.09104214608669281,0.6753773093223572,0.4263989329338074,-0.08073446154594421,0.6526303291320801,0.5323535799980164,-0.10711502283811569,0.6543300747871399,0.5692850947380066,-0.10469669848680496,0.6576308608055115,0.583835244178772,-0.0980028286576271
0.7520398497581482,0.47473928332328796,-1.5417893450830888e-07,0.6744915843009949,0.49063271284103394,-0.007909264415502548,0.6138004660606384,0.4964517056941986,-0.024953482672572136,0.5709272027015686,0.5149973630905151,-0.045061446726322174,0.5374794602394104,0.5267544984817505,-0.06620125472545624,0.5640844106674194,0.4018489718437195,-0.04131676256656647,0.4938884973526001,0.40140849351882935,-0.07560538500547409,0.44817501306533813,0.384836345911026,-0.09917010366916656,0.4060227870941162,0.3692547082901001,-0.1160021498799324,0.5942723155021667,0.3873746395111084,-0.05395815148949623,0.5525083541870117,0.4968818426132202,-0.09504285454750061,0.5245614647865295,0.5646645426750183,-0.11042803525924683,0.5010699033737183,0.616204023361206,-0.11910734325647354,0.6346175074577332,0.4003840982913971,-0.06650075316429138,0.6123229265213013,0.5353438854217529,-0.10262934118509293,0.6301409006118774,0.5631995797157288,-0.098191998898983,0.6465354561805725,0.5693981051445007,-0.08992275595664978,0.6750355958938599,0.4264169931411743,-0.08025085926055908,0.6513745188713074,0.5308793783187866,-0.10667760670185089,0.6531393527984619,0.5676376223564148,-0.10380535572767258,0.6564756035804749,0.5828613042831421,-0.09665373712778091
0.7518875598907471,0.4746321141719818,-1.4966363437451946e-07,0.6757575273513794,0.4915253520011902,-0.00876301433891058,0.6164245009422302,0.49786415696144104,-0.026407279074192047,0.5749505162239075,0.5188814401626587,-0.04709307476878166,0.5421881675720215,0.5334072709083557,-0.06883789598941803,0.5643399357795715,0.4018605053424835,-0.041204120963811874,0.4941338002681732,0.40098273754119873,-0.07589069753885269,0.4484440088272095,0.3849014341831207,-0.09987139701843262,0.40623533725738525,0.3698832392692566,-0.11693374067544937,0.594287097454071,0.3876180052757263,-0.053652066737413406,0.5528847575187683,0.4983775317668915,-0.09538641571998596,0.5251473188400269,0.5661064386367798,-0.11114291101694107,0.501037061214447,0.61590576171875,-0.11975015699863434,0.6341637372970581,0.400261253118515,-0.06608186662197113,0.6124561429023743,0.5378468036651611,-0.10211437940597534,0.631252110004425,0.5630704164505005,-0.0967680960893631,0.6473246812820435,0.5644047260284424,-0.08773504197597504,0.6736947894096375,0.42613160610198975,-0.07988882809877396,0.6512671709060669,0.5343078970909119,-0.10546371340751648,0.6550439596176147,0.5663330554962158,-0.10131941735744476,0.6592033505439758,0.5741590261459351,-0.09316089004278183
0.751409113407135,0.4736226499080658,-1.4260493230722204e-07,0.6749024987220764,0.4901449680328369,-0.00846942514181137,0.6159956455230713,0.49676793813705444,-0.02667653001844883,0.5747197270393372,0.5177227854728699,-0.04789403825998306,0.5419769287109375,0.5314376354217529,-0.0703355222940445,0.565117597579956,0.4011039733886719,-0.0437149778008461,0.4943203032016754,0.39937129616737366,-0.07894214987754822,0.44845521450042725,0.3832210302352905,-0.10294443368911743,0.40584224462509155,0.36840540170669556,-0.11997347325086594,0.5956587791442871,0.3870933949947357,-0.05634979531168938,0.5525681972503662,0.49763134121894836,-0.09822902828454971,0.5237207412719727,0.5661216974258423,-0.11366412043571472,0.49852055311203003,0.6170817017555237,-0.12219288945198059,0.6358786225318909,0.4005049169063568,-0.06872937083244324,0.6136707663536072,0.538332998752594,-0.10444873571395874,0.6313855051994324,0.562379002571106,-0.0985504761338234,0.6464400887489319,0.5629199147224426,-0.08936073631048203,0.6753345131874084,0.4273141622543335,-0.08242034167051315,0.6520416736602783,0.5351619720458984,-0.10760008543729782,0.6543421745300293,0.5670281648635864,-0.10296973586082458,0.6572471857070923,0.575347363948822,-0.09460081905126572
0.7506842017173767,0.4747498333454132,-1.3912992358200427e-07,0.6743252277374268,0.49209320545196533,-0.009509713388979435,0.6154762506484985,0.4982031285762787,-0.028308290988206863,0.5747770667076111,0.5186915397644043,-0.049986567348241806,0.5419199466705322,0.5314849615097046,-0.07290702313184738,0.564529538154602,0.4008970260620117,-0.04511472210288048,0.49370381236076355,0.4000146985054016,-0.08100961893796921,0.4478415548801422,0.38411906361579895,-0.10558761656284332,0.4052279591560364,0.36953791975975037,-0.12286186963319778,0.5952851176261902,0.38718801736831665,-0.057289354503154755,0.5525547862052917,0.498013436794281,-0.10075382888317108,0.5236393213272095,0.5666632652282715,-0.11715640127658844,0.4982348680496216,0.6175605654716492,-0.12592032551765442,0.6351789832115173,0.39976194500923157,-0.06917338818311691,0.6131845712661743,0.5389543771743774,-0.10584880411624908,0.6315804123878479,0.564152717590332,-0.10021258890628815,0.6469362378120422,0.5649046301841736,-0.09078879654407501,0.6741024851799011,0.4256080687046051,-0.0824228823184967,0.6511914134025574,0.5352343320846558,-0.10757402330636978,0.6544473767280579,0.5657470226287842,-0.10267127305269241,0.6581791639328003,0.5713329315185547,-0.09394176304340363
0.7500011920928955,0.4751124978065491,-1.4886643384670606e-07,0.6740816831588745,0.4924548268318176,-0.009397106245160103,0.615478515625,0.49930310249328613,-0.02797868475317955,0.5742278099060059,0.5203543901443481,-0.04939492419362068,0.5402392148971558,0.5326758623123169,-0.07195046544075012,0.5646759271621704,0.4011212885379791,-0.044537581503391266,0.49366307258605957,0.39981600642204285,-0.08020548522472382,0.44764798879623413,0.38353294134140015,-0.10466105490922928,0.4051316976547241,0.3684844374656677,-0.12193803489208221,0.5949469804763794,0.3868831992149353,-0.0568276047706604,0.5518192052841187,0.4969955086708069,-0.0997508317232132,0.5224162340164185,0.5659001469612122,-0.11572745442390442,0.49686694145202637,0.6170874834060669,-0.12435031682252884,0.634745180606842,0.39944565296173096,-0.06891579926013947,0.6121696829795837,0.5364853739738464,-0.10518337786197662,0.6306809782981873,0.5610765218734741,-0.09900587052106857,0.6463146805763245,0.5610440969467163,-0.08943308144807816,0.673671305179596,0.42594999074935913,-0.08242253959178925,0.6504255533218384,0.5352238416671753,-0.10774959623813629,0.6532494425773621,0.5662351846694946,-0.1028638556599617,0.6566842198371887,0.5718979835510254,-0.09419162571430206
0.7493300437927246,0.47451016306877136,-1.325931577866868e-07,0.6741294264793396,0.4909902513027191,-0.009608061984181404,0.6160025000572205,0.49757659435272217,-0.02856123261153698,0.5746299028396606,0.518873393535614,-0.050300102680921555,0.5408522486686707,0.5314465761184692,-0.07323983311653137,0.5648394823074341,0.40119224786758423,-0.04527020454406738,0.4934033751487732,0.4003347158432007,-0.08118840306997299,0.4473936855792999,0.3840251564979553,-0.10587941855192184,0.4049467444419861,0.3686244785785675,-0.12322700768709183,0.5951569080352783,0.38786476850509644,-0.05729104205965996,0.5520573854446411,0.4971313774585724,-0.10042427480220795,0.5222803354263306,0.5654346346855164,-0.11677151918411255,0.49647730588912964,0.6162019371986389,-0.12574005126953125,0.6345412731170654,0.4007202386856079,-0.06903698295354843,0.6121902465820312,0.5373885631561279,-0.10552501678466797,0.6302029490470886,0.564815104007721,-0.09988514333963394,0.6457234621047974,0.5677080750465393,-0.09065856039524078,0.6728288531303406,0.4271950125694275,-0.08214684575796127,0.6500275731086731,0.5354405045509338,-0.1071833148598671,0.6533371210098267,0.5667451024055481,-0.10232909023761749,0.6573944091796875,0.5731221437454224,-0.09376869350671768
0.7493502497673035,0.4748247265815735,-1.29962074879586e-07,0.6745200753211975,0.4905042052268982,-0.009705101139843464,0.6165059208869934,0.49699071049690247,-0.028884902596473694,0.5754928588867188,0.5192379951477051,-0.05076877027750015,0.5417771339416504,0.5312509536743164,-0.07387354969978333,0.5649938583374023,0.401563823223114,-0.046437863260507584,0.4934084415435791,0.40013936161994934,-0.08255651593208313,0.4473717212677002,0.38367629051208496,-0.10716108232736588,0.40485498309135437,0.36838498711586,-0.12436128407716751,0.5953693985939026,0.3882235288619995,-0.05838816240429878,0.551689624786377,0.4973568320274353,-0.10150507092475891,0.521436870098114,0.5657395720481873,-0.11766888201236725,0.4949735105037689,0.6172332763671875,-0.12645570933818817,0.6350880265235901,0.4012713134288788,-0.06995486468076706,0.6133857369422913,0.5377712249755859,-0.10592690855264664,0.6309117078781128,0.562759280204773,-0.09980016946792603,0.6455381512641907,0.563811182975769,-0.09034571796655655,0.6737022399902344,0.42785507440567017,-0.08290746062994003,0.6507752537727356,0.5353674292564392,-0.10736245661973953,0.6532212495803833,0.5663571357727051,-0.10193990170955658,0.6562625765800476,0.573018491268158,-0.09302228689193726
0.7495371699333191,0.4740712344646454,-1.333560533112177e-07,0.6749687790870667,0.4902164340019226,-0.00913861021399498,0.6171900629997253,0.497485488653183,-0.02791674993932247,0.5764741897583008,0.5194867849349976,-0.04949014633893967,0.5427154898643494,0.5329556465148926,-0.07225856930017471,0.5652256011962891,0.4010466933250427,-0.04520975053310394,0.49301671981811523,0.39918574690818787,-0.08039223402738571,0.4464462101459503,0.3835691809654236,-0.10454301536083221,0.40387749671936035,0.36896073818206787,-0.12159736454486847,0.5952528715133667,0.3883057236671448,-0.057403549551963806,0.5507966876029968,0.4957484304904938,-0.09952086210250854,0.5205451846122742,0.5640859603881836,-0.11560884118080139,0.4948635399341583,0.6154234409332275,-0.12466660141944885,0.6346459984779358,0.4013371169567108,-0.06920482218265533,0.6117494702339172,0.536005973815918,-0.10474495589733124,0.6295275092124939,0.5633081793785095,-0.09920012950897217,0.6453105807304382,0.5670367479324341,-0.09037021547555923,0.6734920740127563,0.4275182783603668,-0.08233141154050827,0.650039553642273,0.5335023403167725,-0.10683077573776245,0.6528916358947754,0.5661501288414001,-0.10194031894207001,0.6568251252174377,0.5749332904815674,-0.09355411678552628
0.7482872009277344,0.47431236505508423,-1.3901323825393774e-07,0.6730033159255981,0.49145975708961487,-0.008835009299218655,0.6155645847320557,0.49940869212150574,-0.027350010350346565,0.5749891996383667,0.5216299295425415,-0.04879475012421608,0.5413994789123535,0.5350366234779358,-0.07128706574440002,0.5637670755386353,0.4012138247489929,-0.04396240413188934,0.4917270243167877,0.3989831507205963,-0.07854551821947098,0.4453588128089905,0.38383927941322327,-0.10215743631124496,0.4031263589859009,0.3697018027305603,-0.11892139911651611,0.5938726663589478,0.38768160343170166,-0.05641181766986847,0.5494954586029053,0.49468523263931274,-0.097970150411129,0.5196458697319031,0.5630813837051392,-0.11385414749383926,0.49435561895370483,0.6145943999290466,-0.12283652275800705,0.6336790919303894,0.4005405008792877,-0.06854121387004852,0.611409604549408,0.535182535648346,-0.1039712056517601,0.6291107535362244,0.5621364116668701,-0.09892623871564865,0.6444414854049683,0.5660204887390137,-0.09050865471363068,0.6732228398323059,0.4268096089363098,-0.08196275681257248,0.6502077579498291,0.5325801968574524,-0.10671953111886978,0.6521291732788086,0.5660873651504517,-0.10245050489902496,0.6547923684120178,0.5766313076019287,-0.09455671161413193
0.7466821074485779,0.47280991077423096,-1.4252240987389087e-07,0.6712537407875061,0.49055373668670654,-0.008782552555203438,0.6132076978683472,0.4982260763645172,-0.027317160740494728,0.5719277858734131,0.5185256004333496,-0.04859408363699913,0.5374434590339661,0.529736340045929,-0.07092694938182831,0.5627303719520569,0.40092766284942627,-0.04549185931682587,0.49088796973228455,0.3984522223472595,-0.07994140684604645,0.4448910355567932,0.3830612003803253,-0.10332417488098145,0.40295252203941345,0.36872628331184387,-0.1200559064745903,0.5931767821311951,0.3873211741447449,-0.05798151344060898,0.549902081489563,0.49326810240745544,-0.09960052371025085,0.5199066400527954,0.5613883137702942,-0.11506697535514832,0.4944562017917633,0.6131037473678589,-0.12388017028570175,0.6331757307052612,0.4006950855255127,-0.07003529369831085,0.610465407371521,0.535538375377655,-0.10538895428180695,0.6278642416000366,0.5623969435691833,-0.09995342046022415,0.6432244181632996,0.5663831233978271,-0.09153415262699127,0.672569990158081,0.42767179012298584,-0.08336430788040161,0.6495517492294312,0.5335279703140259,-0.10869217664003372,0.6514890193939209,0.567234992980957,-0.1046944186091423,0.6542708873748779,0.577770471572876,-0.09704592078924179
0.745364785194397,0.47349995374679565,-1.377288754156325e-07,0.6697884798049927,0.49265220761299133,-0.008689921349287033,0.6114532947540283,0.5001695156097412,-0.02695595659315586,0.5708801746368408,0.5201573967933655,-0.04800077900290489,0.5375379323959351,0.5320043563842773,-0.0701444074511528,0.5607876777648926,0.4030055105686188,-0.04516539350152016,0.4891042113304138,0.3999530076980591,-0.07947458326816559,0.44362515211105347,0.38394445180892944,-0.10287784039974213,0.4018850326538086,0.3691546320915222,-0.1197659894824028,0.5916710495948792,0.3880370259284973,-0.0579996220767498,0.5500403642654419,0.49425533413887024,-0.09943107515573502,0.5202697515487671,0.5625298619270325,-0.11485264450311661,0.49399271607398987,0.6143078207969666,-0.12361201643943787,0.6325403451919556,0.4008907079696655,-0.07044176757335663,0.6110884547233582,0.5366218090057373,-0.10508939623832703,0.6281025409698486,0.5602129101753235,-0.09904061257839203,0.6423472166061401,0.560686469078064,-0.0904029980301857,0.672623872756958,0.42832139134407043,-0.08427376300096512,0.6501678228378296,0.5350641012191772,-0.10909132659435272,0.6515624523162842,0.5661315321922302,-0.10459347814321518,0.6534150242805481,0.5736291408538818,-0.09666246920824051
0.7455118298530579,0.4752592146396637,-1.3114025421145925e-07,0.6704821586608887,0.4929421544075012,-0.009077096357941628,0.6117268800735474,0.5002676844596863,-0.02787417732179165,0.5703572034835815,0.5201966762542725,-0.04970515891909599,0.5358151793479919,0.531987190246582,-0.07274153083562851,0.5595172643661499,0.40315496921539307,-0.04455658793449402,0.4872433841228485,0.40220940113067627,-0.07978657633066177,0.4406256079673767,0.3869337737560272,-0.10429972410202026,0.39788487553596497,0.3735935091972351,-0.12169234454631805,0.5898125171661377,0.3900803029537201,-0.0572027862071991,0.546556830406189,0.4959455728530884,-0.10019651800394058,0.5164664387702942,0.5655989050865173,-0.11698155850172043,0.4908614158630371,0.6190740466117859,-0.12633176147937775,0.6292708516120911,0.4024660587310791,-0.069490447640419,0.6064295768737793,0.5390304327011108,-0.10525216907262802,0.6256119608879089,0.5662287473678589,-0.09977615624666214,0.6425424814224243,0.5697280168533325,-0.09096349030733109,0.6682155132293701,0.4282304048538208,-0.08319978415966034,0.6453389525413513,0.5354889035224915,-0.10762037336826324,0.6492031812667847,0.566443920135498,-0.10279735177755356,0.6543211936950684,0.5728377103805542,-0.09450975060462952
0.7446569800376892,0.4759918749332428,-1.3975228796425654e-07,0.6677564978599548,0.495574027299881,-0.008850499987602234,0.6074275374412537,0.5020248889923096,-0.026680389419198036,0.5646584630012512,0.5200799107551575,-0.04762587696313858,0.5299697518348694,0.5317860841751099,-0.06962030380964279,0.5569270253181458,0.4057881534099579,-0.042303528636693954,0.485196053981781,0.40535300970077515,-0.07689784467220306,0.4394562840461731,0.38956397771835327,-0.1006738692522049,0.39757174253463745,0.3748568892478943,-0.11756455898284912,0.5879262089729309,0.3911890983581543,-0.05496823787689209,0.5461131930351257,0.4988625943660736,-0.09761364758014679,0.5172491669654846,0.5678021311759949,-0.11400821805000305,0.4925568103790283,0.6199324727058411,-0.12291918694972992,0.6283830404281616,0.4026472568511963,-0.06747420132160187,0.6064532399177551,0.5397701859474182,-0.10407763719558716,0.6251298189163208,0.567047119140625,-0.09914043545722961,0.6411954164505005,0.570979118347168,-0.09033001959323883,0.6684492230415344,0.427735298871994,-0.08131343126296997,0.6459709405899048,0.5354192852973938,-0.1070108637213707,0.6490773558616638,0.5674374103546143,-0.10296895354986191,0.6530869007110596,0.575749933719635,-0.09492506831884384
0.7453115582466125,0.47682636976242065,-1.2908070345929445e-07,0.6685118079185486,0.4950541853904724,-0.008528138510882854,0.6087543368339539,0.5022494792938232,-0.026987286284565926,0.5674313306808472,0.5227959156036377,-0.048778463155031204,0.53385329246521,0.5370139479637146,-0.071679025888443,0.5569901466369629,0.4058332145214081,-0.04260636493563652,0.48618361353874207,0.40567636489868164,-0.07843425124883652,0.4405880868434906,0.3895426094532013,-0.10319723188877106,0.3985115885734558,0.3743973672389984,-0.1206350028514862,0.5884916186332703,0.391629695892334,-0.05588357150554657,0.5462393164634705,0.49925166368484497,-0.09913546591997147,0.517491340637207,0.5682974457740784,-0.11563444137573242,0.49294957518577576,0.6204023361206055,-0.12448243796825409,0.6294549107551575,0.40337178111076355,-0.06906123459339142,0.6068205237388611,0.5417549014091492,-0.10570748150348663,0.6254762411117554,0.5689396262168884,-0.10007787495851517,0.6416536569595337,0.5719717741012573,-0.09064891934394836,0.6698139905929565,0.42863327264785767,-0.0836268961429596,0.6469159126281738,0.5369041562080383,-0.10877075791358948,0.6498461961746216,0.5684612989425659,-0.1039881482720375,0.6535643339157104,0.5754226446151733,-0.09541188925504684
0.7459980845451355,0.47865909337997437,-1.4143645898911927e-07,0.669152021408081,0.4961909055709839,-0.008306668139994144,0.6085414886474609,0.501812756061554,-0.025625966489315033,0.5662857890129089,0.5200466513633728,-0.0462043471634388,0.5319869518280029,0.5334393978118896,-0.06776157766580582,0.5579116344451904,0.4067912697792053,-0.040612705051898956,0.4867009222507477,0.40607452392578125,-0.07551908493041992,0.44094544649124146,0.3898831307888031,-0.09953733533620834,0.3990991711616516,0.37484046816825867,-0.116367407143116,0.5888988375663757,0.39198917150497437,-0.053586605936288834,0.5477911829948425,0.4962269067764282,-0.09627265483140945,0.5202934741973877,0.5640349984169006,-0.11251776665449142,0.4973767399787903,0.615872323513031,-0.12100287526845932,0.6295129656791687,0.4037441909313202,-0.06660274416208267,0.6075441837310791,0.538954496383667,-0.10316044837236404,0.6246379017829895,0.5689250230789185,-0.09861376881599426,0.6398369073867798,0.5761793255805969,-0.08981297165155411,0.6700931787490845,0.4295986294746399,-0.08093737065792084,0.6480029821395874,0.5341861844062805,-0.10589120537042618,0.6499081254005432,0.5677838325500488,-0.10192310065031052,0.6526535749435425,0.5786604881286621,-0.09398332983255386
0.7454897165298462,0.47841769456863403,-1.3507928997569252e-07,0.6696933507919312,0.49660933017730713,-0.009131159633398056,0.6099401712417603,0.5029570460319519,-0.027029791846871376,0.5682700872421265,0.5225241780281067,-0.04803132265806198,0.5340421795845032,0.5377236604690552,-0.06997010856866837,0.5579531192779541,0.40732601284980774,-0.04169952869415283,0.486062228679657,0.4061972498893738,-0.07714544236660004,0.44041961431503296,0.3898543119430542,-0.1013280525803566,0.3987372815608978,0.37496432662010193,-0.11815636605024338,0.5890231728553772,0.39206936955451965,-0.054415926337242126,0.5470725297927856,0.49774664640426636,-0.09812724590301514,0.5198537707328796,0.5662517547607422,-0.11450651288032532,0.4970855712890625,0.6185199618339539,-0.12267547845840454,0.6294959783554077,0.4032468795776367,-0.06722569465637207,0.6081793904304504,0.5401204228401184,-0.10453245043754578,0.6262609958648682,0.5694634318351746,-0.09959692507982254,0.641790509223938,0.5753209590911865,-0.09019587188959122,0.6696414947509766,0.4283573627471924,-0.08141844719648361,0.6480725407600403,0.5348533391952515,-0.10670150071382523,0.6510807275772095,0.5679023861885071,-0.10222666710615158,0.6542900204658508,0.5770903825759888,-0.09367438405752182
0.7459009885787964,0.4774059057235718,-1.3156484612864006e-07,0.6702305674552917,0.4950316548347473,-0.009332088753581047,0.6109716892242432,0.5027254819869995,-0.027943018823862076,0.5701707601547241,0.5240018367767334,-0.04956008493900299,0.5363650918006897,0.5388142466545105,-0.07224681228399277,0.5583305954933167,0.4068102240562439,-0.04320091754198074,0.4876523017883301,0.4050677716732025,-0.07886035740375519,0.44210976362228394,0.38840144872665405,-0.10347048193216324,0.4000648260116577,0.3732796311378479,-0.12078358978033066,0.5896764397621155,0.3920181691646576,-0.055837176740169525,0.5477692484855652,0.49746572971343994,-0.09878991544246674,0.5210510492324829,0.5648889541625977,-0.11466120183467865,0.4985322058200836,0.6155077815055847,-0.12297764420509338,0.6304414868354797,0.4038061797618866,-0.068499855697155,0.6082683801651001,0.5410891771316528,-0.10448214411735535,0.6256120204925537,0.5685420036315918,-0.09862446039915085,0.6404723525047302,0.5715524554252625,-0.08929655700922012,0.6704662442207336,0.42957326769828796,-0.0826604813337326,0.6483116149902344,0.5368994474411011,-0.10719757527112961,0.6509832143783569,0.5687677264213562,-0.10237926989793777,0.6538411974906921,0.5757514834403992,-0.09396828711032867
0.7452530860900879,0.4768630564212799,-1.36518224280735e-07,0.6689510941505432,0.4959079921245575,-0.008497909642755985,0.6109108328819275,0.5044767260551453,-0.026738010346889496,0.5704256296157837,0.5249910950660706,-0.048212919384241104,0.5366175770759583,0.5386353135108948,-0.07075323909521103,0.5580748915672302,0.40601032972335815,-0.04212271049618721,0.48799437284469604,0.40346187353134155,-0.07690536975860596,0.4426630437374115,0.3871937394142151,-0.10088212043046951,0.4009433388710022,0.37243592739105225,-0.11784649640321732,0.5888708233833313,0.39043790102005005,-0.05515284091234207,0.5471872687339783,0.49459192156791687,-0.09752530604600906,0.5195918679237366,0.5634673833847046,-0.11373671144247055,0.4969960153102875,0.616087794303894,-0.12247031927108765,0.6296247243881226,0.40184327960014343,-0.06807956099510193,0.6080141067504883,0.5372564196586609,-0.10452170670032501,0.6260359883308411,0.5681867599487305,-0.09993382543325424,0.6426905989646912,0.5760351419448853,-0.0912833884358406,0.6704472303390503,0.4275137484073639,-0.08230504393577576,0.6481519937515259,0.5334072709083557,-0.10768117755651474,0.6503034234046936,0.5685522556304932,-0.10386385023593903,0.6537535190582275,0.5805081129074097,-0.09604423493146896
0.7441880106925964,0.47772693634033203,-1.259977722156691e-07,0.6697090864181519,0.4965879023075104,-0.01043354906141758,0.6116759777069092,0.5042222738265991,-0.029652219265699387,0.5716556906700134,0.525371789932251,-0.05176810175180435,0.5383891463279724,0.5401575565338135,-0.0748676061630249,0.5581067204475403,0.4075773358345032,-0.044109046459198,0.4862375259399414,0.4060773551464081,-0.08002907037734985,0.440147340297699,0.39065825939178467,-0.10449712723493576,0.39798402786254883,0.3766699433326721,-0.1215924471616745,0.5896414518356323,0.39254310727119446,-0.05643612891435623,0.5474788546562195,0.5011630654335022,-0.10056110471487045,0.5194766521453857,0.5703914761543274,-0.1171719878911972,0.49536776542663574,0.6223028302192688,-0.12562903761863708,0.6302448511123657,0.40392613410949707,-0.06879988312721252,0.6094980835914612,0.5423319339752197,-0.10618174076080322,0.6279731392860413,0.5701093673706055,-0.10058622062206268,0.6429627537727356,0.5734750628471375,-0.0908389538526535,0.6699634790420532,0.42919743061065674,-0.0826416015625,0.6485128402709961,0.5372799634933472,-0.10779640078544617,0.6518090963363647,0.5688548684120178,-0.1026281863451004,0.6548329591751099,0.5757972598075867,-0.0935925617814064
0.7449082732200623,0.47832751274108887,-1.4103314072144713e-07,0.6701183915138245,0.49892714619636536,-0.010201717726886272,0.6115663647651672,0.507295548915863,-0.02934427373111248,0.5704714059829712,0.5271995663642883,-0.05138121917843819,0.53634113073349,0.5397199392318726,-0.07439679652452469,0.5596652030944824,0.40972983837127686,-0.04495026543736458,0.486958771944046,0.40834328532218933,-0.08106499165296555,0.44057101011276245,0.391789048910141,-0.10582195222377777,0.3983166515827179,0.3768964111804962,-0.12318587303161621,0.5904735922813416,0.39418384432792664,-0.05743137001991272,0.5482832789421082,0.5008980631828308,-0.10148830711841583,0.5206272602081299,0.569858193397522,-0.11782251298427582,0.49696284532546997,0.6226086616516113,-0.12616878747940063,0.6309124827384949,0.4048471450805664,-0.0698847621679306,0.6096528172492981,0.5415055751800537,-0.1065974086523056,0.6275543570518494,0.5682880878448486,-0.10058581829071045,0.6421365141868591,0.5719913840293884,-0.09091734886169434,0.6709277033805847,0.42947444319725037,-0.08390361070632935,0.6500300765037537,0.5360205173492432,-0.10879823565483093,0.6519675254821777,0.567609429359436,-0.1038038358092308,0.6539077758789062,0.5758647322654724,-0.09508093446493149
0.7445666193962097,0.47917160391807556,-1.3887962779790541e-07,0.6685622930526733,0.49859824776649475,-0.00910974945873022,0.6095892786979675,0.5063004493713379,-0.027727682143449783,0.5681983828544617,0.5272712111473083,-0.049482569098472595,0.5339929461479187,0.5421410202980042,-0.0722612664103508,0.5589451789855957,0.4091936945915222,-0.04304805397987366,0.4867723882198334,0.4086407423019409,-0.07803396880626678,0.44096052646636963,0.39380601048469543,-0.10171964019536972,0.3990149199962616,0.3799743056297302,-0.11836771667003632,0.5902414917945862,0.3943437337875366,-0.05596305802464485,0.5481499433517456,0.5014452934265137,-0.09937314689159393,0.5199776887893677,0.5707302689552307,-0.11578764766454697,0.49588432908058167,0.6231930255889893,-0.12431628257036209,0.6308459043502808,0.40585559606552124,-0.06873154640197754,0.6092637181282043,0.5430123805999756,-0.10563760250806808,0.6270619630813599,0.5708736181259155,-0.10060056298971176,0.6417267918586731,0.5751190781593323,-0.09151109308004379,0.6706957221031189,0.4311165511608124,-0.0828237384557724,0.6489584445953369,0.538857102394104,-0.10790275782346725,0.6511187553405762,0.5711906552314758,-0.10332789272069931,0.6534159183502197,0.5797013640403748,-0.09493057429790497
0.7445087432861328,0.47978314757347107,-1.3724348946198006e-07,0.6696652770042419,0.49756091833114624,-0.009957575239241123,0.611400306224823,0.5050165057182312,-0.029262062162160873,0.5703270435333252,0.5266420245170593,-0.0514761246740818,0.5365105271339417,0.540354311466217,-0.07476205378770828,0.5585569739341736,0.4099174737930298,-0.044904015958309174,0.4865737557411194,0.4103582501411438,-0.08102038502693176,0.44067901372909546,0.3947743773460388,-0.10559238493442535,0.3987545967102051,0.3805425763130188,-0.12270531803369522,0.5897745490074158,0.39555633068084717,-0.05732925981283188,0.5476484298706055,0.5043219923973083,-0.10157442092895508,0.5213212370872498,0.5725322961807251,-0.11772274971008301,0.49935004115104675,0.6239954233169556,-0.12570993602275848,0.6303632259368896,0.4075016975402832,-0.06967980414628983,0.6092367768287659,0.5450575351715088,-0.10658161342144012,0.626926600933075,0.5704152584075928,-0.10078052431344986,0.6416916847229004,0.5726168155670166,-0.09105774015188217,0.6700392365455627,0.43339356780052185,-0.08348619937896729,0.6489134430885315,0.5410637855529785,-0.10853343456983566,0.6511191129684448,0.5709019303321838,-0.10374873131513596,0.6534225344657898,0.5769312977790833,-0.09505526721477509
0.7456750869750977,0.4792361259460449,-1.3459619196964923e-07,0.6715657114982605,0.4950881004333496,-0.009854380041360855,0.6136069297790527,0.5027444958686829,-0.02935611456632614,0.5730290412902832,0.5262823104858398,-0.051814086735248566,0.5387925505638123,0.541749119758606,-0.07548482716083527,0.5596091747283936,0.40865904092788696,-0.04467898979783058,0.48790526390075684,0.41101735830307007,-0.08091788738965988,0.44195854663848877,0.3959846496582031,-0.10584670305252075,0.39975830912590027,0.3818061947822571,-0.12325696647167206,0.5906216502189636,0.3959466814994812,-0.05715566873550415,0.5480238199234009,0.5046077370643616,-0.10125333815813065,0.5211238265037537,0.5731489062309265,-0.11774422973394394,0.49817484617233276,0.6242629289627075,-0.12617748975753784,0.630825936794281,0.40868353843688965,-0.06952983886003494,0.6088971495628357,0.5466633439064026,-0.10611432790756226,0.6272764205932617,0.5713846683502197,-0.10019127279520035,0.6423104405403137,0.5711936950683594,-0.09052343666553497,0.6698315739631653,0.43498727679252625,-0.0833626538515091,0.6482759714126587,0.5436181426048279,-0.10788103193044662,0.6518839597702026,0.5712530612945557,-0.10280099511146545,0.6553290486335754,0.5732016563415527,-0.09405656903982162
0.7451692819595337,0.4798376262187958,-1.3722733172016888e-07,0.6701763868331909,0.497828871011734,-0.009798969142138958,0.6120691895484924,0.5054104328155518,-0.02901461161673069,0.5714819431304932,0.5262681245803833,-0.05103038623929024,0.5374400019645691,0.5408517122268677,-0.07422330230474472,0.5594115257263184,0.4098585844039917,-0.04600042104721069,0.4875508248806,0.4108617901802063,-0.08182424306869507,0.44157642126083374,0.396293967962265,-0.10617370158433914,0.3996386229991913,0.38272032141685486,-0.12319667637348175,0.5910436511039734,0.39523330330848694,-0.05846768990159035,0.5490509867668152,0.5029771327972412,-0.10210997611284256,0.5209388732910156,0.5731724500656128,-0.11839062720537186,0.4976031184196472,0.6265314817428589,-0.1269705891609192,0.6320820450782776,0.4074930250644684,-0.07071367651224136,0.6104477643966675,0.5437202453613281,-0.10789953172206879,0.6272187232971191,0.573580265045166,-0.10283136367797852,0.6422051191329956,0.5802559852600098,-0.09367509186267853,0.6723094582557678,0.4338073134422302,-0.08424723148345947,0.649938702583313,0.5393269062042236,-0.10999654233455658,0.6516238451004028,0.5719200372695923,-0.1057625412940979,0.654312789440155,0.5815173387527466,-0.09744883328676224
0.7474604249000549,0.4799785017967224,-1.5271484699042048e-07,0.6722394227981567,0.497652530670166,-0.008412388153374195,0.6144094467163086,0.5063241124153137,-0.027402929961681366,0.5747981071472168,0.5288746953010559,-0.049547228962183,0.5416533350944519,0.5412951111793518,-0.07300522923469543,0.5609180927276611,0.4108524024486542,-0.04431634396314621,0.4889417886734009,0.4119003713130951,-0.07990413904190063,0.4431878924369812,0.39668282866477966,-0.1044325903058052,0.4012056589126587,0.38270288705825806,-0.1218450516462326,0.5924134254455566,0.3974447548389435,-0.05761194974184036,0.5504120588302612,0.5066753029823303,-0.10069388896226883,0.5241560935974121,0.5760636925697327,-0.11633235961198807,0.5014894008636475,0.6278688311576843,-0.1245437040925026,0.6332159042358398,0.41020268201828003,-0.07068264484405518,0.6113707423210144,0.5476123094558716,-0.10569076985120773,0.6292306780815125,0.5683562159538269,-0.09858916699886322,0.6430137753486633,0.5645378828048706,-0.08886470645666122,0.6728439331054688,0.4365696609020233,-0.08519279211759567,0.6507021188735962,0.5452490448951721,-0.10892296582460403,0.6537456512451172,0.5710062980651855,-0.10306201130151749,0.6563339233398438,0.5715082287788391,-0.09406270831823349
0.7512388825416565,0.48288241028785706,-1.7809999519613484e-07,0.6739826202392578,0.500739574432373,-0.0068042706698179245,0.6145948171615601,0.5071446299552917,-0.025570593774318695,0.5719401240348816,0.5277373194694519,-0.047476716339588165,0.5382790565490723,0.542098343372345,-0.07121720910072327,0.562586784362793,0.4148571491241455,-0.04624739661812782,0.4891109764575958,0.4203007221221924,-0.08149655908346176,0.44341009855270386,0.40697571635246277,-0.10578153282403946,0.40123552083969116,0.3954337239265442,-0.12317731231451035,0.5952021479606628,0.4017607271671295,-0.06043972447514534,0.552560567855835,0.5146826505661011,-0.10335934162139893,0.5272673964500427,0.5868483781814575,-0.11802146583795547,0.505142331123352,0.641190230846405,-0.12559892237186432,0.6373761296272278,0.4158090054988861,-0.07391780614852905,0.6139211654663086,0.5568847060203552,-0.10748250782489777,0.6327756643295288,0.5748348236083984,-0.098807193338871,0.647250235080719,0.5670687556266785,-0.08853712677955627,0.6778488159179688,0.4438703954219818,-0.08870434761047363,0.653033971786499,0.5548992156982422,-0.11171897500753403,0.6573328971862793,0.576973557472229,-0.10476326942443848,0.6612444519996643,0.5715157985687256,-0.09510817378759384
0.7519971132278442,0.48473048210144043,-1.7293687903929822e-07,0.6755426526069641,0.5016192197799683,-0.008077613078057766,0.6158077716827393,0.5094658136367798,-0.02606995403766632,0.5734680891036987,0.5328938364982605,-0.04721309244632721,0.5388975739479065,0.5486946105957031,-0.0695907399058342,0.5636139512062073,0.41772985458374023,-0.04268721863627434,0.4904901385307312,0.4222877323627472,-0.07748930156230927,0.4449174106121063,0.4082249701023102,-0.10077635198831558,0.40355467796325684,0.3953975439071655,-0.11712436378002167,0.5946162939071655,0.4038856029510498,-0.055926285684108734,0.5519417524337769,0.5150785446166992,-0.09917208552360535,0.5261064171791077,0.5870480537414551,-0.1145138069987297,0.5048331022262573,0.6421070694923401,-0.12194126844406128,0.635832667350769,0.4164624512195587,-0.06898733973503113,0.6149061322212219,0.5545607805252075,-0.1054486408829689,0.6322007775306702,0.5782582759857178,-0.0994417816400528,0.6462302803993225,0.5781919956207275,-0.0895812064409256,0.6763584613800049,0.44248104095458984,-0.08326470851898193,0.654381513595581,0.5513976812362671,-0.1086457297205925,0.65724778175354,0.5800410509109497,-0.10390926152467728,0.6600828170776367,0.5843521952629089,-0.09509366005659103
0.7524166703224182,0.4857577681541443,-1.6374721667489212e-07,0.6770736575126648,0.5023950934410095,-0.008458497002720833,0.6187541484832764,0.5106831192970276,-0.027352087199687958,0.5776002407073975,0.5331569910049438,-0.0493026077747345,0.5437042117118835,0.5482662916183472,-0.07240801304578781,0.5640467405319214,0.4162074327468872,-0.043627556413412094,0.49079421162605286,0.42142635583877563,-0.0793110728263855,0.44505155086517334,0.408157080411911,-0.10301406681537628,0.403877317905426,0.3960176110267639,-0.11948012560606003,0.5950441956520081,0.40264296531677246,-0.056941814720630646,0.5509701371192932,0.516109049320221,-0.10084493458271027,0.5250404477119446,0.5897060632705688,-0.11609325557947159,0.503855288028717,0.6443270444869995,-0.12335264682769775,0.6359164714813232,0.4157724976539612,-0.07011758536100388,0.6138376593589783,0.5557194948196411,-0.1072128638625145,0.6331793665885925,0.5813166499137878,-0.10059501230716705,0.649110734462738,0.5804827213287354,-0.09004732221364975,0.6760613918304443,0.44227349758148193,-0.0844852477312088,0.654075026512146,0.5544477701187134,-0.10992773622274399,0.6583516597747803,0.5826357007026672,-0.10463319718837738,0.662078857421875,0.5840440392494202,-0.09528370201587677
0.752326250076294,0.4863000512123108,-1.5514612528022553e-07,0.6778097748756409,0.5018305778503418,-0.00876285508275032,0.6192792654037476,0.5095639824867249,-0.027677280828356743,0.5779217481613159,0.533086359500885,-0.049582112580537796,0.5442435145378113,0.5489826798439026,-0.07257432490587234,0.5644204616546631,0.4176785349845886,-0.04404880106449127,0.48902755975723267,0.4223678410053253,-0.07960464060306549,0.4429949223995209,0.409189373254776,-0.10287950932979584,0.4017632007598877,0.39676016569137573,-0.11901073902845383,0.5956946015357971,0.40507203340530396,-0.05719071626663208,0.5509653091430664,0.5174577236175537,-0.10135192424058914,0.525441586971283,0.5889990329742432,-0.11651596426963806,0.5040889978408813,0.6417748332023621,-0.12352626025676727,0.63666170835495,0.41833385825157166,-0.07020766288042068,0.6147335767745972,0.5570396780967712,-0.10731472074985504,0.6336471438407898,0.5814809799194336,-0.10065452009439468,0.6485031247138977,0.5799614787101746,-0.09009137004613876,0.6767269372940063,0.4443320333957672,-0.08444622159004211,0.6546844244003296,0.554869532585144,-0.10964257270097733,0.6588467359542847,0.5825809836387634,-0.10404887050390244,0.6619505882263184,0.5840643644332886,-0.09451157599687576
0.7529971599578857,0.48696431517601013,-1.8030947046554502e-07,0.6761146187782288,0.5026574730873108,-0.007744931615889072,0.6165229678153992,0.5100148916244507,-0.02543962001800537,0.5745054483413696,0.5326892733573914,-0.04621587321162224,0.5410412549972534,0.5478044152259827,-0.0681854858994484,0.5651299953460693,0.4185411334037781,-0.042484384030103683,0.49230730533599854,0.422404944896698,-0.07625354826450348,0.4464735686779022,0.40945813059806824,-0.09855441749095917,0.4045379161834717,0.3972823917865753,-0.11443571001291275,0.5963026285171509,0.40530797839164734,-0.05569551885128021,0.5543860197067261,0.5158583521842957,-0.09778323769569397,0.5283066630363464,0.5862063765525818,-0.11266672611236572,0.505821943283081,0.6393059492111206,-0.12018457800149918,0.6376506686210632,0.41876304149627686,-0.0685858428478241,0.6172464489936829,0.5543915033340454,-0.10444647818803787,0.6345812082290649,0.5757341980934143,-0.0986710712313652,0.6478660106658936,0.5748028755187988,-0.08927008509635925,0.6782743334770203,0.4451301097869873,-0.08260086923837662,0.6566057205200195,0.5508277416229248,-0.10754624009132385,0.6585942506790161,0.5789934992790222,-0.1028309315443039,0.6600387692451477,0.584270179271698,-0.09431684762239456
0.7513628005981445,0.48591703176498413,-1.5996205604551506e-07,0.6764268279075623,0.5012718439102173,-0.008541746996343136,0.6179488897323608,0.5094881653785706,-0.02757198177278042,0.5763801336288452,0.5352261662483215,-0.0495036356151104,0.5425312519073486,0.5553237199783325,-0.07269680500030518,0.5647304654121399,0.4166136384010315,-0.044799912720918655,0.4907287359237671,0.42129242420196533,-0.07997587323188782,0.4450870752334595,0.40916961431503296,-0.10283049941062927,0.40347638726234436,0.3979773223400116,-0.11870802938938141,0.5961576700210571,0.4031643569469452,-0.05769231170415878,0.5523032546043396,0.5176081657409668,-0.10125039517879486,0.526228666305542,0.5902183055877686,-0.11620008200407028,0.5039582252502441,0.6437873840332031,-0.12329752743244171,0.6371356844902039,0.41675907373428345,-0.0702245756983757,0.615755558013916,0.5567941665649414,-0.1071091815829277,0.633838951587677,0.5796476602554321,-0.10063182562589645,0.6482046842575073,0.5769088268280029,-0.0902179703116417,0.6766470074653625,0.4434185028076172,-0.08383454382419586,0.6543318629264832,0.5546573400497437,-0.10894393175840378,0.6574283838272095,0.5825740098953247,-0.10337229818105698,0.6599470376968384,0.5846479535102844,-0.09385131299495697
0.7513907551765442,0.48615121841430664,-1.7404040875135252e-07,0.6765251159667969,0.5005960464477539,-0.00786625500768423,0.6170329451560974,0.508049726486206,-0.025882525369524956,0.5748469829559326,0.5326032042503357,-0.04693683609366417,0.5409839153289795,0.5481851696968079,-0.06927833706140518,0.5646010637283325,0.41858112812042236,-0.04321979358792305,0.4903895854949951,0.4234214127063751,-0.07806138694286346,0.44484347105026245,0.4099052846431732,-0.10114971548318863,0.4032278060913086,0.3977257013320923,-0.11744947731494904,0.5956228971481323,0.4054226875305176,-0.05659147724509239,0.5533227920532227,0.5171588659286499,-0.09981078654527664,0.5291186571121216,0.587390661239624,-0.11437740176916122,0.5077068209648132,0.639313817024231,-0.12109986692667007,0.6369229555130005,0.41906577348709106,-0.06973584741353989,0.6163432002067566,0.5570336580276489,-0.10522813349962234,0.6337186098098755,0.5742939710617065,-0.09794243425130844,0.645971417427063,0.5664218664169312,-0.0875406339764595,0.6769993305206299,0.4464283883571625,-0.08413296937942505,0.6554036140441895,0.5558499097824097,-0.10858772695064545,0.6589871644973755,0.5791016817092896,-0.1027236357331276,0.6611791849136353,0.5761255025863647,-0.09327171742916107
0.7532669901847839,0.48778828978538513,-1.7660812545727822e-07,0.6774576306343079,0.5018064379692078,-0.008531898260116577,0.6169359087944031,0.5083426833152771,-0.026538394391536713,0.5742262601852417,0.532991886138916,-0.047440312802791595,0.5401633977890015,0.5487397909164429,-0.06966608017683029,0.5657671689987183,0.42020291090011597,-0.04356477037072182,0.4918585419654846,0.4247875511646271,-0.07891016453504562,0.44569817185401917,0.4113657474517822,-0.10228724032640457,0.40331530570983887,0.3993423581123352,-0.11864220350980759,0.5966807007789612,0.4062826931476593,-0.05634613707661629,0.5539219379425049,0.5194010138511658,-0.09979446232318878,0.5289922952651978,0.5907931923866272,-0.1142658144235611,0.507021963596344,0.644477128982544,-0.12073356658220291,0.6377875804901123,0.41926199197769165,-0.0689704492688179,0.6171953678131104,0.558343768119812,-0.10490937530994415,0.6349759697914124,0.5753888487815857,-0.0972077026963234,0.6475532650947571,0.5680367350578308,-0.08609108626842499,0.6776720285415649,0.44594278931617737,-0.08289797604084015,0.6563577651977539,0.5556706786155701,-0.10758558660745621,0.6598024368286133,0.57915860414505,-0.10145596414804459,0.6619873046875,0.5770164728164673,-0.09152244031429291
0.7526901960372925,0.488898903131485,-1.72942378640073e-07,0.6764270663261414,0.5044273734092712,-0.008236122317612171,0.6159664392471313,0.5114479064941406,-0.02607801929116249,0.5731858611106873,0.5355749130249023,-0.046842820942401886,0.5385906100273132,0.5519755482673645,-0.06884133815765381,0.5649518370628357,0.4203351140022278,-0.04388273134827614,0.49128398299217224,0.4248117506504059,-0.07906758785247803,0.44527938961982727,0.41158729791641235,-0.10215000063180923,0.4032757878303528,0.39960992336273193,-0.11823812872171402,0.5960561633110046,0.4058402478694916,-0.05676116794347763,0.5546009540557861,0.5182234048843384,-0.10015889257192612,0.5288240909576416,0.589742124080658,-0.11479955911636353,0.5063698291778564,0.6434903144836426,-0.12156786769628525,0.6375070214271545,0.4191185534000397,-0.06939271092414856,0.6179858446121216,0.5582853555679321,-0.10564979910850525,0.6350117921829224,0.5778761506080627,-0.09875389188528061,0.6476956009864807,0.5731873512268066,-0.08827221393585205,0.6779016852378845,0.4465993344783783,-0.08322922885417938,0.6570367217063904,0.556532084941864,-0.10831605643033981,0.6596601009368896,0.582893431186676,-0.10288022458553314,0.6614919900894165,0.5840329527854919,-0.09351596981287003
0.7527830600738525,0.48770397901535034,-1.9369733195162553e-07,0.6761749982833862,0.5039929747581482,-0.008482043631374836,0.6160129904747009,0.5113903880119324,-0.026147617027163506,0.5741528868675232,0.5336899161338806,-0.046804990619421005,0.5407525300979614,0.5468228459358215,-0.06858305633068085,0.5653301477432251,0.4204719364643097,-0.04329952225089073,0.4927997291088104,0.4262095093727112,-0.07809772342443466,0.4467448592185974,0.4143103361129761,-0.1013810783624649,0.4042898416519165,0.4033034145832062,-0.11785832792520523,0.5960646271705627,0.40641701221466064,-0.05634345859289169,0.5563852190971375,0.516949474811554,-0.09935170412063599,0.5307015776634216,0.5876284241676331,-0.11443076282739639,0.5080879926681519,0.6413059234619141,-0.1217779666185379,0.637395977973938,0.4190954267978668,-0.0692257210612297,0.6188606023788452,0.5556123852729797,-0.10529490560293198,0.6361649632453918,0.5759341716766357,-0.09901565313339233,0.6489894390106201,0.5738499760627747,-0.08918236941099167,0.678337812423706,0.44534140825271606,-0.08343113213777542,0.6576715707778931,0.5516455769538879,-0.10837429761886597,0.6599663496017456,0.5788612365722656,-0.10332237929105759,0.6616883277893066,0.5827187299728394,-0.09448450803756714
0.7529579401016235,0.48760923743247986,-1.7948251240795798e-07,0.6762723922729492,0.5041295289993286,-0.008138163946568966,0.6157671809196472,0.5108340382575989,-0.025663787499070168,0.572884738445282,0.5317861437797546,-0.046227265149354935,0.5384836196899414,0.5449199080467224,-0.06801658868789673,0.5651851296424866,0.4209752082824707,-0.04345705360174179,0.4928094744682312,0.42649897933006287,-0.07862535864114761,0.4470439553260803,0.41449931263923645,-0.10189082473516464,0.40499913692474365,0.4034979045391083,-0.11813237518072128,0.5964139103889465,0.4066171646118164,-0.05641871690750122,0.5560423731803894,0.5193415880203247,-0.09998152405023575,0.5306801795959473,0.5906338095664978,-0.11491859704256058,0.5086849331855774,0.644612193107605,-0.12188263237476349,0.6380120515823364,0.41916021704673767,-0.06915148347616196,0.6187285780906677,0.5573275089263916,-0.10584240406751633,0.6358339190483093,0.5793014168739319,-0.09941086173057556,0.648815393447876,0.5784456729888916,-0.08906780183315277,0.67890864610672,0.4452816843986511,-0.08308367431163788,0.6580210328102112,0.552889347076416,-0.1086498498916626,0.6601945757865906,0.5807169079780579,-0.1036868616938591,0.6620025038719177,0.5850018262863159,-0.09450369328260422
0.7523857355117798,0.4881351888179779,-1.7477472624705115e-07,0.675761878490448,0.5038182735443115,-0.008420801721513271,0.615700364112854,0.5114182829856873,-0.026320943608880043,0.5738794207572937,0.5340220928192139,-0.04712994396686554,0.5408474206924438,0.5485863089561462,-0.0691680759191513,0.5655338168144226,0.4216148555278778,-0.044675689190626144,0.4922209084033966,0.42727455496788025,-0.07978697121143341,0.44662952423095703,0.415256142616272,-0.10293399542570114,0.4048071503639221,0.40363383293151855,-0.11919143795967102,0.5972113013267517,0.4074787199497223,-0.05771207436919212,0.5564318895339966,0.5193247199058533,-0.10089313983917236,0.5306338667869568,0.5908061265945435,-0.1157674714922905,0.5082331895828247,0.6449674367904663,-0.12300552427768707,0.6391996741294861,0.42040151357650757,-0.07052960991859436,0.6200169324874878,0.5561224222183228,-0.1072867140173912,0.6361713409423828,0.5784533023834229,-0.1013120785355568,0.6485826373100281,0.5789288878440857,-0.0914461687207222,0.6804742217063904,0.44647228717803955,-0.08451202511787415,0.6593512296676636,0.5508353114128113,-0.11025381088256836,0.6605366468429565,0.5800982117652893,-0.10551442950963974,0.6615474224090576,0.5875765085220337,-0.09666165709495544
0.7528176307678223,0.4860754907131195,-1.7954891973204212e-07,0.6765220165252686,0.503386378288269,-0.008593103848397732,0.6169719696044922,0.5139483213424683,-0.027751151472330093,0.5763893127441406,0.5408358573913574,-0.04984106868505478,0.544912576675415,0.5573505759239197,-0.07332096248865128,0.5657832622528076,0.421475350856781,-0.04644434154033661,0.49337083101272583,0.4288330674171448,-0.0823914110660553,0.4476359486579895,0.4184696078300476,-0.10624931752681732,0.4053204655647278,0.4086189568042755,-0.12325030565261841,0.5977314710617065,0.4076618254184723,-0.06013869121670723,0.5568649768829346,0.522124171257019,-0.10415179282426834,0.5328284502029419,0.5929248929023743,-0.1186937466263771,0.5111261606216431,0.644871711730957,-0.1257423758506775,0.6397936344146729,0.42041459679603577,-0.073651984333992,0.6201769709587097,0.5583219528198242,-0.1100802794098854,0.6385929584503174,0.5757266879081726,-0.10230889916419983,0.6511009335517883,0.5685205459594727,-0.09163488447666168,0.6805065274238586,0.4459145963191986,-0.08852871507406235,0.6593385338783264,0.5535235404968262,-0.1138203963637352,0.6624687910079956,0.5797180533409119,-0.10791593044996262,0.6638527512550354,0.5806905627250671,-0.0985492616891861
0.752596378326416,0.4883604645729065,-1.6754765397308802e-07,0.6767627000808716,0.5039598345756531,-0.008533155545592308,0.6168118119239807,0.5125769972801208,-0.027251752093434334,0.5755793452262878,0.5389436483383179,-0.048706695437431335,0.5433077216148376,0.554832398891449,-0.07151498645544052,0.5663743615150452,0.42481714487075806,-0.04684632271528244,0.4933570921421051,0.4296261966228485,-0.0826217532157898,0.4476107358932495,0.4174223244190216,-0.10641787201166153,0.40532612800598145,0.40618810057640076,-0.12329494953155518,0.5983976125717163,0.4104004204273224,-0.059874895960092545,0.5596358180046082,0.5235472917556763,-0.10345834493637085,0.5355525016784668,0.5927882194519043,-0.11777367442846298,0.5131425857543945,0.6441333889961243,-0.12463514506816864,0.6405301690101624,0.42285677790641785,-0.07257601618766785,0.6222801804542542,0.5593321323394775,-0.107758067548275,0.6388154625892639,0.5715022087097168,-0.09948406368494034,0.6496369242668152,0.5606118440628052,-0.08874954283237457,0.6812273263931274,0.4486488699913025,-0.08663474768400192,0.660709023475647,0.5552019476890564,-0.11110891401767731,0.6626220941543579,0.5778244137763977,-0.10478203743696213,0.6628475785255432,0.576215922832489,-0.09515336155891418
0.7529547214508057,0.48985016345977783,-1.65992133815962e-07,0.676853358745575,0.506106972694397,-0.008607836440205574,0.6170331239700317,0.5143639445304871,-0.026981115341186523,0.5759823322296143,0.5396010279655457,-0.04812460392713547,0.5442631840705872,0.555827260017395,-0.0705796405673027,0.566859245300293,0.42581906914711,-0.04580162838101387,0.4938400983810425,0.42996150255203247,-0.08131968975067139,0.4475957453250885,0.41814860701560974,-0.1049652025103569,0.40536627173423767,0.40723612904548645,-0.12167669087648392,0.5987608432769775,0.4112817645072937,-0.05860104784369469,0.5589714050292969,0.5229783058166504,-0.10177160054445267,0.5343325734138489,0.5922963619232178,-0.11624515056610107,0.51227205991745,0.6437357664108276,-0.12328215688467026,0.640663206577301,0.42326775193214417,-0.07116696238517761,0.6216305494308472,0.5570395588874817,-0.1070135235786438,0.6381731629371643,0.5740941762924194,-0.09981629252433777,0.6499531865119934,0.5691784620285034,-0.08947451412677765,0.6815759539604187,0.4481983780860901,-0.08502468466758728,0.6610991954803467,0.5516415238380432,-0.11017931997776031,0.6625984311103821,0.5781244039535522,-0.10479241609573364,0.6630551218986511,0.5823661088943481,-0.09567362070083618
0.7552194595336914,0.4893765449523926,-1.5232133421250182e-07,0.6800984740257263,0.5040290355682373,-0.009311726316809654,0.6216211318969727,0.513020396232605,-0.028802232816815376,0.581292450428009,0.5377944111824036,-0.05083256587386131,0.5496858954429626,0.5519665479660034,-0.07433781027793884,0.5692228078842163,0.4242759644985199,-0.04879920557141304,0.4956972897052765,0.42925184965133667,-0.08530236035585403,0.44990062713623047,0.4168413281440735,-0.10981018096208572,0.4079328179359436,0.4044994115829468,-0.12702515721321106,0.6025189757347107,0.410122811794281,-0.06170148029923439,0.5615095496177673,0.5203738808631897,-0.10554063320159912,0.5369570255279541,0.590103030204773,-0.12051821500062943,0.5153211355209351,0.6412472128868103,-0.1279822587966919,0.645205557346344,0.42263007164001465,-0.0742509737610817,0.62381911277771,0.5563780665397644,-0.11017375439405441,0.638890266418457,0.5768339037895203,-0.10286764800548553,0.6504628658294678,0.5739736557006836,-0.092543825507164,0.6862192749977112,0.4488278031349182,-0.088099405169487,0.6628735065460205,0.553215503692627,-0.11284765601158142,0.6639132499694824,0.5789692401885986,-0.10687285661697388,0.6648691892623901,0.581022322177887,-0.09738960862159729
0.7570033073425293,0.4881632328033447,-1.7837486154803628e-07,0.6819458603858948,0.5024523138999939,-0.008886436000466347,0.6217808127403259,0.5094141364097595,-0.026774106547236443,0.5791703462600708,0.5330873727798462,-0.047536931931972504,0.5458791255950928,0.5459862351417542,-0.0694967731833458,0.5693550705909729,0.42175719141960144,-0.042988017201423645,0.49588465690612793,0.42912185192108154,-0.07831230759620667,0.4503967761993408,0.41639047861099243,-0.10202916711568832,0.4086533188819885,0.40408098697662354,-0.11864495277404785,0.6003511548042297,0.40785807371139526,-0.055774714797735214,0.5597984194755554,0.5199939608573914,-0.0996539294719696,0.5351846814155579,0.5915992856025696,-0.11474335193634033,0.5132784247398376,0.6450437307357788,-0.12155957520008087,0.6417184472084045,0.42034196853637695,-0.06848615407943726,0.6217014193534851,0.5572927594184875,-0.10492962598800659,0.639878511428833,0.5762194991111755,-0.09773602336645126,0.6530176401138306,0.5705610513687134,-0.0868467390537262,0.6820282936096191,0.44667983055114746,-0.08253393322229385,0.6609998345375061,0.5551538467407227,-0.1075362116098404,0.6649337410926819,0.5791760087013245,-0.1016998365521431,0.6676075458526611,0.5775567889213562,-0.09193146228790283
0.7573066353797913,0.4891779124736786,-1.6714460571165546e-07,0.6817256808280945,0.5048664808273315,-0.009321714751422405,0.6217055916786194,0.5122740268707275,-0.027829265221953392,0.5795929431915283,0.5362961292266846,-0.049307554960250854,0.546613335609436,0.5521469712257385,-0.0719541683793068,0.5697019100189209,0.423284649848938,-0.04421534761786461,0.49588561058044434,0.4293549358844757,-0.08010667562484741,0.450481116771698,0.4166255295276642,-0.10407565534114838,0.40909433364868164,0.404227614402771,-0.120827317237854,0.6012211441993713,0.4089603126049042,-0.05710841342806816,0.5603247880935669,0.519660234451294,-0.10162404179573059,0.5353161692619324,0.5908775329589844,-0.11724912375211716,0.5135026574134827,0.6442806720733643,-0.12456172704696655,0.642951488494873,0.420685350894928,-0.06999972462654114,0.6230013966560364,0.5555452704429626,-0.10767959803342819,0.6398106813430786,0.5781856179237366,-0.1016545221209526,0.6524537801742554,0.5777729749679565,-0.09138483554124832,0.6838778853416443,0.44566208124160767,-0.08418526500463486,0.663040280342102,0.5510192513465881,-0.11018313467502594,0.6650946140289307,0.5789294242858887,-0.10540322959423065,0.6664407849311829,0.5836857557296753,-0.09637745469808578
0.7585565447807312,0.49068528413772583,-1.7523858275581006e-07,0.6831920146942139,0.505888044834137,-0.009065345861017704,0.6233327388763428,0.5131503343582153,-0.027324210852384567,0.5813480615615845,0.5361257791519165,-0.04859382286667824,0.5483420491218567,0.5502579212188721,-0.07090618461370468,0.5707560181617737,0.42314520478248596,-0.04291617497801781,0.49780184030532837,0.42866432666778564,-0.07840560376644135,0.45229780673980713,0.4159007966518402,-0.10228385031223297,0.410981148481369,0.40359723567962646,-0.11899461597204208,0.6019798517227173,0.4087291955947876,-0.055854614824056625,0.5612860321998596,0.5187344551086426,-0.09985174238681793,0.5362553000450134,0.5896880626678467,-0.11549188196659088,0.5146426558494568,0.643265426158905,-0.1229093074798584,0.6435434222221375,0.4202903211116791,-0.0688193142414093,0.6235924363136292,0.5560124516487122,-0.10587311536073685,0.6407334804534912,0.5796377062797546,-0.09985371679067612,0.6535281538963318,0.5799553394317627,-0.08976338803768158,0.684545636177063,0.4450396001338959,-0.0831192135810852,0.6637299656867981,0.5508009791374207,-0.10841692984104156,0.6656942963600159,0.5796623229980469,-0.10346618294715881,0.6668442487716675,0.5851514339447021,-0.09448645263910294
0.7583217620849609,0.49058014154434204,-1.950965042851749e-07,0.6822783946990967,0.5071278214454651,-0.008786066435277462,0.6223543882369995,0.513943076133728,-0.026061829179525375,0.5803340077400208,0.5350635051727295,-0.04635916277766228,0.5471099019050598,0.5493563413619995,-0.06758718937635422,0.5699918866157532,0.42348405718803406,-0.04130057990550995,0.49784621596336365,0.4285517632961273,-0.07614269107580185,0.4524969458580017,0.41715359687805176,-0.09939996898174286,0.4112394452095032,0.4065872132778168,-0.11570693552494049,0.6011909246444702,0.4084588289260864,-0.05433860048651695,0.5616869330406189,0.518883466720581,-0.0980670303106308,0.5367587208747864,0.5902648568153381,-0.11372880637645721,0.5152233839035034,0.6444159746170044,-0.12100937962532043,0.6428684592247009,0.4199979305267334,-0.06746943295001984,0.6238206028938293,0.5549232363700867,-0.10541190952062607,0.6409754157066345,0.5793701410293579,-0.10034108906984329,0.6538211703300476,0.5813854932785034,-0.0904979556798935,0.6843035817146301,0.4447241425514221,-0.08180581033229828,0.6643621325492859,0.5504283905029297,-0.10827045142650604,0.6661090850830078,0.5805963277816772,-0.1041284054517746,0.6670169234275818,0.5884103775024414,-0.09537357091903687
0.7583370208740234,0.49119120836257935,-1.8130998569176882e-07,0.6824472546577454,0.5069953799247742,-0.008889487944543362,0.6233375072479248,0.5139091610908508,-0.026821214705705643,0.5825046300888062,0.5358428955078125,-0.0477176196873188,0.5508137345314026,0.5487489700317383,-0.06967911124229431,0.570772111415863,0.4231773316860199,-0.04299669340252876,0.49820852279663086,0.42876943945884705,-0.0783224031329155,0.4527432322502136,0.4175436198711395,-0.1019340306520462,0.4112391471862793,0.4068320393562317,-0.11842312663793564,0.6025403141975403,0.40817031264305115,-0.05610407143831253,0.562709391117096,0.5178656578063965,-0.09966393560171127,0.5374459624290466,0.5889357328414917,-0.11509973555803299,0.5155594944953918,0.6427127122879028,-0.1224033311009407,0.6445510983467102,0.4201348125934601,-0.06922505795955658,0.625508725643158,0.5548074841499329,-0.106353260576725,0.6414379477500916,0.5787737369537354,-0.10075204074382782,0.6530829071998596,0.5800179839134216,-0.09086905419826508,0.6859896779060364,0.44587424397468567,-0.08360446244478226,0.665260910987854,0.5504671931266785,-0.10895997285842896,0.6664444208145142,0.5797038674354553,-0.10402823239564896,0.6669173240661621,0.586514949798584,-0.0950055941939354
0.7603126764297485,0.49169570207595825,-1.967641054534397e-07,0.6845162510871887,0.5054813027381897,-0.008505485020577908,0.6256635785102844,0.5120216608047485,-0.02614646963775158,0.5851423740386963,0.5341081619262695,-0.04684976860880852,0.5535855293273926,0.5459311008453369,-0.06860201060771942,0.5722895860671997,0.4220178723335266,-0.04226323217153549,0.49945294857025146,0.42842578887939453,-0.0775662288069725,0.45401275157928467,0.41705551743507385,-0.10114499181509018,0.4125312864780426,0.40615737438201904,-0.11756998300552368,0.6037638187408447,0.40824007987976074,-0.05554334446787834,0.5627508759498596,0.5192914605140686,-0.0991777554154396,0.5380209684371948,0.5899484157562256,-0.11449254304170609,0.5166483521461487,0.6431021690368652,-0.12150359898805618,0.6454664468765259,0.42081332206726074,-0.06885311007499695,0.6259625554084778,0.5551415681838989,-0.10587149113416672,0.6426889300346375,0.5764889717102051,-0.09989949315786362,0.6547307372093201,0.5754414796829224,-0.08962882310152054,0.6868307590484619,0.44651952385902405,-0.08342844992876053,0.6660712957382202,0.5514810681343079,-0.10863807797431946,0.6673054099082947,0.5795129537582397,-0.10352394729852676,0.6675519347190857,0.5851960778236389,-0.09426621347665787
0.7625848054885864,0.48995304107666016,-1.9117197780360584e-07,0.6868689060211182,0.5030688643455505,-0.008447102271020412,0.6265361905097961,0.5095932483673096,-0.02646626904606819,0.5844933986663818,0.5330954790115356,-0.04748942703008652,0.5519059300422668,0.5467487573623657,-0.06971672177314758,0.5745697617530823,0.4204760789871216,-0.043398525565862656,0.5017052292823792,0.42659318447113037,-0.0787203386425972,0.45607990026474,0.4148639440536499,-0.10245711356401443,0.41413140296936035,0.4035909175872803,-0.11921259015798569,0.6059402823448181,0.407436341047287,-0.05650889873504639,0.5641604661941528,0.5211459398269653,-0.10010659694671631,0.5393804907798767,0.5906296968460083,-0.11521462351083755,0.5176769495010376,0.6422707438468933,-0.1224433183670044,0.647395670413971,0.4207195043563843,-0.06951966136693954,0.6265317797660828,0.5564029216766357,-0.10618098080158234,0.6440044045448303,0.5758926868438721,-0.09942974150180817,0.6569374203681946,0.5725457072257996,-0.08903779834508896,0.6879937648773193,0.4462306797504425,-0.08383188396692276,0.6658037900924683,0.5518736839294434,-0.10935478657484055,0.6682920455932617,0.5797053575515747,-0.10405353456735611,0.67012619972229,0.5843833684921265,-0.09481238573789597
0.7619839906692505,0.4904690086841583,-1.752499230178728e-07,0.686928391456604,0.5048632025718689,-0.008902563713490963,0.6270671486854553,0.5120238065719604,-0.027124835178256035,0.5849557518959045,0.5380003452301025,-0.048360373824834824,0.5521932244300842,0.5566191077232361,-0.0707082524895668,0.5743253827095032,0.4209206998348236,-0.0424349270761013,0.5012503266334534,0.42561769485473633,-0.07748600095510483,0.45555102825164795,0.4139126241207123,-0.10071998834609985,0.4136752784252167,0.4026581048965454,-0.11704324930906296,0.6055513620376587,0.4072127342224121,-0.05531502887606621,0.5629692077636719,0.5206957459449768,-0.09874438494443893,0.5380432605743408,0.5914750099182129,-0.11403019726276398,0.5163376927375793,0.6434619426727295,-0.12132351845502853,0.646851122379303,0.4199228882789612,-0.06816664338111877,0.6263845562934875,0.5565549731254578,-0.10537140816450119,0.6439191102981567,0.5780465006828308,-0.09919808059930801,0.6568300127983093,0.5750065445899963,-0.08898477256298065,0.687173068523407,0.44541293382644653,-0.08228274434804916,0.6657156348228455,0.5527827739715576,-0.10789810866117477,0.6684812307357788,0.5818910598754883,-0.102702297270298,0.6701371669769287,0.5866851210594177,-0.09349782764911652
0.7618870139122009,0.4912137985229492,-1.7130079754679173e-07,0.6865261793136597,0.5056231021881104,-0.009279491379857063,0.6270102858543396,0.5129927396774292,-0.02789824828505516,0.5856565237045288,0.5387793779373169,-0.04940812289714813,0.5533771514892578,0.5568053722381592,-0.07204774767160416,0.5748285055160522,0.4211920499801636,-0.043516624718904495,0.502128005027771,0.4255855083465576,-0.07856252789497375,0.4561793804168701,0.4140263497829437,-0.1018788069486618,0.414034903049469,0.4026837646961212,-0.11833342909812927,0.6064769625663757,0.4075048565864563,-0.05626269802451134,0.5637573599815369,0.5195824503898621,-0.09990250319242477,0.5385187864303589,0.5896223783493042,-0.11548194289207458,0.5166678428649902,0.6408609747886658,-0.1230878084897995,0.6477124691009521,0.4199516773223877,-0.06892109662294388,0.6263513565063477,0.55579674243927,-0.10603249073028564,0.6433430314064026,0.5781058073043823,-0.10005180537700653,0.6559696793556213,0.5760555267333984,-0.09012184292078018,0.6877633333206177,0.44525614380836487,-0.08286860585212708,0.6659755706787109,0.5518231987953186,-0.10798770189285278,0.6681984663009644,0.5801492929458618,-0.1027771532535553,0.669477641582489,0.5843824744224548,-0.09382247924804688
0.762431800365448,0.49015581607818604,-1.9022932917778235e-07,0.6874934434890747,0.5042967796325684,-0.008738760836422443,0.6285911798477173,0.5112244486808777,-0.02687101811170578,0.5877560377120972,0.5356699228286743,-0.04787813872098923,0.5553160905838013,0.5507003664970398,-0.07001372426748276,0.5752185583114624,0.42008620500564575,-0.042892929166555405,0.5021206736564636,0.42554882168769836,-0.07775172591209412,0.45644474029541016,0.41383644938468933,-0.10092878341674805,0.4145495593547821,0.4025662839412689,-0.11722807586193085,0.6062894463539124,0.40625157952308655,-0.05577358976006508,0.5635207295417786,0.5194689035415649,-0.09853824973106384,0.5386662483215332,0.5902936458587646,-0.11322775483131409,0.5170395970344543,0.642145574092865,-0.1202014684677124,0.6474535465240479,0.41911470890045166,-0.06857095658779144,0.626201868057251,0.5562725067138672,-0.10473024100065231,0.6436981558799744,0.5765364766120911,-0.09772846847772598,0.6568670272827148,0.5718232989311218,-0.0872202217578888,0.6877351403236389,0.44533732533454895,-0.08267100155353546,0.6654567122459412,0.5544904470443726,-0.107444167137146,0.6682188510894775,0.5812685489654541,-0.10164809226989746,0.6701405644416809,0.5828529000282288,-0.09214116632938385
0.7625890374183655,0.49082422256469727,-1.9142495943924587e-07,0.687462329864502,0.5037592649459839,-0.00883634015917778,0.6274639368057251,0.5095136165618896,-0.026766639202833176,0.5854244828224182,0.5330790877342224,-0.04766373708844185,0.5530436038970947,0.5465980768203735,-0.06959160417318344,0.5745663046836853,0.4208023250102997,-0.04254639148712158,0.5013406276702881,0.42581436038017273,-0.07805099338293076,0.4557880759239197,0.4131665825843811,-0.101573646068573,0.4140615463256836,0.40136998891830444,-0.11801519989967346,0.6055164337158203,0.4069530963897705,-0.055468689650297165,0.5635032653808594,0.5216166377067566,-0.09901897609233856,0.5388743877410889,0.5919831395149231,-0.1136687770485878,0.5169894099235535,0.6442387104034424,-0.12018304318189621,0.6469785571098328,0.4198571443557739,-0.06843998283147812,0.6271613240242004,0.5574524402618408,-0.10519767552614212,0.6451461315155029,0.5755608081817627,-0.09792392700910568,0.6577112674713135,0.5697728991508484,-0.08684150874614716,0.6877772212028503,0.4456103444099426,-0.08274920284748077,0.6669214367866516,0.5542307496070862,-0.1082349643111229,0.6695964336395264,0.5807840824127197,-0.1025436595082283,0.6708768606185913,0.5831206440925598,-0.0927383080124855
0.7635934352874756,0.49124857783317566,-1.9641996118480165e-07,0.688831090927124,0.5048395395278931,-0.008431535214185715,0.6297479271888733,0.5114841461181641,-0.025990737602114677,0.5890553593635559,0.5353912711143494,-0.04668106138706207,0.5573956370353699,0.5496101379394531,-0.06834705173969269,0.5760648846626282,0.4206886887550354,-0.04016147926449776,0.503095805644989,0.4262445867061615,-0.07454432547092438,0.4570986330509186,0.41500240564346313,-0.09746041148900986,0.4153430759906769,0.4041626751422882,-0.11356832832098007,0.6064063906669617,0.4079001545906067,-0.05332651734352112,0.5639598965644836,0.5199817419052124,-0.09622782468795776,0.5396585464477539,0.5901095271110535,-0.11135431379079819,0.5185858011245728,0.6416370272636414,-0.11834321916103363,0.6469661593437195,0.42061886191368103,-0.06655757874250412,0.6268180012702942,0.5567811131477356,-0.1028459444642067,0.645662784576416,0.576816976070404,-0.09647496044635773,0.6590245962142944,0.5724247097969055,-0.08621489256620407,0.6871529221534729,0.4458737373352051,-0.08111228793859482,0.6666828393936157,0.5539515614509583,-0.10547860711812973,0.6701375842094421,0.5803858041763306,-0.09985505044460297,0.6717960834503174,0.5819112658500671,-0.09052911400794983
0.7636457681655884,0.490625262260437,-1.9605424483870593e-07,0.6881129741668701,0.5046074390411377,-0.008566494099795818,0.6283491849899292,0.5122218132019043,-0.026764092966914177,0.5864065289497375,0.5373567938804626,-0.04797041788697243,0.5531327724456787,0.5551366806030273,-0.07026708871126175,0.5764589309692383,0.4199618995189667,-0.041934605687856674,0.5041128396987915,0.42627447843551636,-0.0770811215043068,0.45795169472694397,0.4160252511501312,-0.10053486377000809,0.41543951630592346,0.4065234661102295,-0.11706344783306122,0.607165515422821,0.40664950013160706,-0.055101245641708374,0.563971221446991,0.5202571153640747,-0.09871562570333481,0.5396658182144165,0.5911615490913391,-0.11385071277618408,0.5185307860374451,0.6432192325592041,-0.12087278068065643,0.6478902101516724,0.4198371469974518,-0.06824249029159546,0.6264927387237549,0.5575696229934692,-0.10529399663209915,0.6449825167655945,0.5776886343955994,-0.09871925413608551,0.6584790349006653,0.5728899836540222,-0.08823501318693161,0.6877450942993164,0.44580358266830444,-0.0826597586274147,0.6663743257522583,0.554944634437561,-0.10806967318058014,0.6694854497909546,0.58189857006073,-0.10277939587831497,0.671197235584259,0.5834846496582031,-0.0935412272810936
0.7626904249191284,0.4942527413368225,-1.9365573677987413e-07,0.6869122982025146,0.5116044282913208,-0.00890031922608614,0.6262238025665283,0.52048659324646,-0.026931624859571457,0.5841594338417053,0.5454134941101074,-0.04795703664422035,0.5513417720794678,0.563724935054779,-0.07006380707025528,0.5747166872024536,0.4260683059692383,-0.04219305142760277,0.5031660795211792,0.4316387176513672,-0.07734871655702591,0.4571535885334015,0.4211360216140747,-0.10137228667736053,0.41502416133880615,0.4111286401748657,-0.11865021288394928,0.6056814193725586,0.4118283689022064,-0.055535268038511276,0.5657687783241272,0.5238032937049866,-0.09837314486503601,0.5418413877487183,0.5944395661354065,-0.11336614936590195,0.5202452540397644,0.6457968354225159,-0.12087885290384293,0.6471810936927795,0.4236679971218109,-0.06905879825353622,0.6274668574333191,0.5606454610824585,-0.10529255121946335,0.6459261178970337,0.5806719064712524,-0.09882065653800964,0.6583688855171204,0.5755162835121155,-0.08916781842708588,0.6884116530418396,0.448066771030426,-0.08406276255846024,0.6684358716011047,0.5542698502540588,-0.1098625659942627,0.671611487865448,0.5822340250015259,-0.10526183247566223,0.672621488571167,0.585537850856781,-0.09683817625045776
0.762224018573761,0.4942457973957062,-1.727575664745018e-07,0.686484694480896,0.5114084482192993,-0.00837718229740858,0.6278752684593201,0.5207993984222412,-0.02721436321735382,0.5871357321739197,0.547383725643158,-0.04909558966755867,0.5542846322059631,0.5672622919082642,-0.07213813811540604,0.5770159363746643,0.4267566502094269,-0.044017478823661804,0.5031657814979553,0.43258094787597656,-0.07945052534341812,0.45672398805618286,0.42215320467948914,-0.10320782661437988,0.4141322076320648,0.41205090284347534,-0.11998279392719269,0.607948362827301,0.41299575567245483,-0.05742162466049194,0.564610481262207,0.5239894986152649,-0.10116743296384811,0.539539635181427,0.5949187874794006,-0.11666447669267654,0.5178694128990173,0.6468547582626343,-0.12433101236820221,0.6484892964363098,0.42512357234954834,-0.07064023613929749,0.62784743309021,0.5603073835372925,-0.10732830315828323,0.6454855799674988,0.5832610726356506,-0.10099131613969803,0.6587846279144287,0.5816041231155396,-0.09110936522483826,0.6881593465805054,0.45047101378440857,-0.08514007925987244,0.6676192879676819,0.5563554167747498,-0.10971256345510483,0.6701964139938354,0.5843051671981812,-0.10428697615861893,0.6713882088661194,0.5876144766807556,-0.0954417884349823
0.7619631290435791,0.4937446415424347,-1.8209487961939885e-07,0.6864877939224243,0.5093116164207458,-0.008403451181948185,0.6268426179885864,0.5182381272315979,-0.026939615607261658,0.5850263833999634,0.5456165075302124,-0.04829017072916031,0.5516988039016724,0.5661678314208984,-0.07088004797697067,0.5766045451164246,0.42550814151763916,-0.04403414949774742,0.5029515027999878,0.432196706533432,-0.07930389046669006,0.45689234137535095,0.4221542775630951,-0.1028059870004654,0.41423916816711426,0.41231757402420044,-0.11950570344924927,0.6072917580604553,0.41203343868255615,-0.05722949653863907,0.5640138983726501,0.5252714157104492,-0.10059274733066559,0.5398073792457581,0.5967841148376465,-0.11555670201778412,0.5180517435073853,0.6483800411224365,-0.12290563434362411,0.6478607654571533,0.4251102805137634,-0.07023836672306061,0.6269891858100891,0.5618237853050232,-0.10674282908439636,0.6448924541473389,0.581935465335846,-0.10007816553115845,0.6577147841453552,0.5760447978973389,-0.09011626243591309,0.6872676610946655,0.45195287466049194,-0.0844762995839119,0.6667430996894836,0.560484766960144,-0.10944835841655731,0.6702176928520203,0.5860742330551147,-0.10404372960329056,0.6717996597290039,0.5853284001350403,-0.09518741816282272
0.7626389861106873,0.49270492792129517,-1.8136445589789219e-07,0.687745213508606,0.5077751278877258,-0.008264764212071896,0.6287692189216614,0.5180025100708008,-0.027424754574894905,0.5876569151878357,0.5471624135971069,-0.04942554980516434,0.5547386407852173,0.5690599083900452,-0.07277316600084305,0.5778834819793701,0.425094872713089,-0.04526130482554436,0.5033435821533203,0.43251925706863403,-0.08083619922399521,0.4564996361732483,0.42307248711586,-0.10476566106081009,0.41333824396133423,0.4134896695613861,-0.12187714874744415,0.6087233424186707,0.41255325078964233,-0.058760520070791245,0.5651452541351318,0.5261279940605164,-0.10213400423526764,0.5410280227661133,0.596792459487915,-0.11716680228710175,0.5192901492118835,0.6473177671432495,-0.1248374804854393,0.6492698192596436,0.4260769486427307,-0.07200486212968826,0.6274064183235168,0.5614925622940063,-0.10832033306360245,0.6455137729644775,0.5813716650009155,-0.10140343755483627,0.6587035655975342,0.575974702835083,-0.09149544686079025,0.6886389851570129,0.4524464011192322,-0.08649010211229324,0.6671647429466248,0.5593174695968628,-0.11148225516080856,0.6704534292221069,0.5852089524269104,-0.10600382834672928,0.6720436215400696,0.5856432318687439,-0.09720632433891296
0.7618128061294556,0.4941381812095642,-1.6857272555625968e-07,0.6870431900024414,0.5087828040122986,-0.008748975582420826,0.6282839179039001,0.518903374671936,-0.028267785906791687,0.5875622630119324,0.548904299736023,-0.050611093640327454,0.5551598072052002,0.5718396902084351,-0.07415836304426193,0.577639639377594,0.4259970486164093,-0.045635808259248734,0.502978503704071,0.43182992935180664,-0.08123485743999481,0.45630818605422974,0.421825110912323,-0.10488982498645782,0.41348522901535034,0.4121464192867279,-0.1216994971036911,0.6088840961456299,0.41368767619132996,-0.059008434414863586,0.565606951713562,0.5253596305847168,-0.10286812484264374,0.5409982204437256,0.5959230661392212,-0.11809006333351135,0.5191588997840881,0.6469438076019287,-0.12569211423397064,0.649557888507843,0.4269052743911743,-0.07216360419988632,0.6282290816307068,0.5612437129020691,-0.10897734016180038,0.6454753279685974,0.5819272398948669,-0.10226660221815109,0.6581330299377441,0.5775303840637207,-0.0922616496682167,0.6889445185661316,0.45261335372924805,-0.0865732803940773,0.6677057147026062,0.558167040348053,-0.11150334775447845,0.6703126430511475,0.5849303007125854,-0.10597984492778778,0.6712698936462402,0.5867403149604797,-0.09710419923067093
0.7615773677825928,0.4935256540775299,-1.7745780667155486e-07,0.6859936118125916,0.5091420412063599,-0.008538564667105675,0.6261836290359497,0.5190531611442566,-0.02749301865696907,0.5849764347076416,0.5484058260917664,-0.049247365444898605,0.5528529286384583,0.5708454251289368,-0.0722913071513176,0.5771116018295288,0.4268968999385834,-0.04529532417654991,0.5028460621833801,0.4330699145793915,-0.08061155676841736,0.4564926028251648,0.4223972260951996,-0.10401992499828339,0.4140188992023468,0.41154104471206665,-0.12075988203287125,0.6085622906684875,0.41346555948257446,-0.05874760076403618,0.5665258765220642,0.526777446269989,-0.10235531628131866,0.5421506762504578,0.5977069139480591,-0.11712827533483505,0.5199292898178101,0.6485729813575745,-0.1243802085518837,0.6496167778968811,0.4264427125453949,-0.07202572375535965,0.6284922957420349,0.5616621971130371,-0.10869482904672623,0.6460191607475281,0.5802014470100403,-0.10153310745954514,0.658362627029419,0.573784351348877,-0.09123826771974564,0.6893641948699951,0.45249760150909424,-0.08655501157045364,0.6678382158279419,0.5586724877357483,-0.11180558055639267,0.6706709861755371,0.5843189358711243,-0.10609576851129532,0.6716119647026062,0.5852501392364502,-0.09696616232395172
0.7626447677612305,0.4932533800601959,-1.8629752673859912e-07,0.6864823698997498,0.5082840919494629,-0.007763530593365431,0.6266545653343201,0.5177472233772278,-0.02610025368630886,0.5855821371078491,0.5454201102256775,-0.0472123883664608,0.5532909035682678,0.5654955506324768,-0.06971411406993866,0.5773391723632812,0.42622411251068115,-0.04440935701131821,0.5047803521156311,0.4326414167881012,-0.07896029949188232,0.459040105342865,0.4217968285083771,-0.10212113708257675,0.41697168350219727,0.41081809997558594,-0.11879578977823257,0.6087934374809265,0.4132958650588989,-0.05780094489455223,0.5668757557868958,0.5265413522720337,-0.10039670020341873,0.542691707611084,0.5972625613212585,-0.11510012298822403,0.5208851099014282,0.6481989026069641,-0.1225857064127922,0.649922251701355,0.42681270837783813,-0.07084188610315323,0.6281979084014893,0.5626242756843567,-0.10633707791566849,0.6453166007995605,0.5801257491111755,-0.09943421930074692,0.6575806140899658,0.5724492073059082,-0.08972495049238205,0.6896190047264099,0.45374518632888794,-0.0850425660610199,0.6676900386810303,0.5609059929847717,-0.10960737615823746,0.6706310510635376,0.5847342014312744,-0.10408081114292145,0.6719526648521423,0.5830346345901489,-0.09531471878290176
0.7625157237052917,0.4961661994457245,-1.8419339653519273e-07,0.687236487865448,0.5083416700363159,-0.007638777606189251,0.6279711723327637,0.5155736804008484,-0.025812583044171333,0.5879340171813965,0.5424617528915405,-0.04690882936120033,0.5569165349006653,0.5599772930145264,-0.06934259831905365,0.5767424702644348,0.4262666702270508,-0.043449368327856064,0.5042401552200317,0.4322660565376282,-0.07805118709802628,0.45821547508239746,0.42134684324264526,-0.10139033943414688,0.4160352945327759,0.41078099608421326,-0.1180606335401535,0.6084771752357483,0.41292864084243774,-0.05696643888950348,0.5679950714111328,0.5237582325935364,-0.09930187463760376,0.5446422100067139,0.5933859348297119,-0.11406569182872772,0.5239306092262268,0.6441469192504883,-0.12144933640956879,0.6502665281295776,0.42628228664398193,-0.07018167525529861,0.6298357844352722,0.5600870847702026,-0.10535839200019836,0.6464480757713318,0.5789529085159302,-0.09858110547065735,0.6582691669464111,0.5734130144119263,-0.08882801979780197,0.690879225730896,0.4529327154159546,-0.08457716554403305,0.6687638163566589,0.5580359697341919,-0.10873156040906906,0.6711257696151733,0.5842596888542175,-0.10294385999441147,0.6722485423088074,0.5857218503952026,-0.09388317167758942
0.7626857757568359,0.49541035294532776,-1.960637519005104e-07,0.6878064870834351,0.5068693161010742,-0.007971656508743763,0.6285794973373413,0.5161454677581787,-0.026972122490406036,0.5886519551277161,0.5440606474876404,-0.04889827221632004,0.5574203133583069,0.5592502355575562,-0.07224099338054657,0.576388955116272,0.42567265033721924,-0.045324210077524185,0.5052578449249268,0.43343305587768555,-0.08103339374065399,0.45959120988845825,0.42277956008911133,-0.10543599724769592,0.4170600175857544,0.4126626253128052,-0.12297374755144119,0.6080171465873718,0.41350317001342773,-0.059226490557193756,0.568638265132904,0.5250967741012573,-0.10221616923809052,0.5455843806266785,0.5944276452064514,-0.11650080233812332,0.5247757434844971,0.6450668573379517,-0.1236751601099968,0.6497712731361389,0.42794743180274963,-0.07293029129505157,0.6297842264175415,0.5631595253944397,-0.10757879912853241,0.6479550004005432,0.5784152150154114,-0.09901846200227737,0.6604313850402832,0.5685765147209167,-0.08849532902240753,0.6902538537979126,0.4550206959247589,-0.08808117359876633,0.6688127517700195,0.5607303977012634,-0.1118994951248169,0.6723259687423706,0.5841797590255737,-0.10532080382108688,0.6739259958267212,0.5817714333534241,-0.09594117850065231
0.7641422748565674,0.4967498183250427,-1.7523271367281268e-07,0.6904707551002502,0.5086215734481812,-0.00893795769661665,0.6328899264335632,0.5157545804977417,-0.02844313345849514,0.5932438969612122,0.5424525737762451,-0.05068686231970787,0.5613812804222107,0.5588439702987671,-0.07448262721300125,0.5787234902381897,0.42756187915802,-0.04681024327874184,0.5050150156021118,0.43448492884635925,-0.08302268385887146,0.45859915018081665,0.422721266746521,-0.10777884721755981,0.41586410999298096,0.41169726848602295,-0.12525713443756104,0.6098420023918152,0.41519859433174133,-0.05986917391419411,0.5687282085418701,0.5267964005470276,-0.1037362739443779,0.5444374084472656,0.5971262454986572,-0.1189890131354332,0.5228519439697266,0.6492108106613159,-0.12646810710430145,0.6509118676185608,0.42891553044319153,-0.07258544862270355,0.630608856678009,0.5646946430206299,-0.1076972708106041,0.6482980251312256,0.580787181854248,-0.0997963547706604,0.6612406373023987,0.5719277858734131,-0.08932699263095856,0.6906214952468872,0.45585861802101135,-0.08671970665454865,0.6693663001060486,0.5630958080291748,-0.11031894385814667,0.6727052330970764,0.5854049324989319,-0.10368432104587555,0.674798846244812,0.5817101001739502,-0.0940375030040741
0.7640350461006165,0.4970334470272064,-1.8129270529243513e-07,0.6902973651885986,0.5099688768386841,-0.008997607976198196,0.6328504681587219,0.5187026262283325,-0.028502123430371284,0.5934121012687683,0.5454837083816528,-0.05082095414400101,0.561998188495636,0.5623837113380432,-0.07449789345264435,0.5788611173629761,0.4270884394645691,-0.04602182283997536,0.5049781203269958,0.4344627261161804,-0.08199255913496017,0.4583507776260376,0.423763245344162,-0.1064910963177681,0.41557395458221436,0.4130951762199402,-0.12375705689191818,0.6095616221427917,0.4148969054222107,-0.0591462180018425,0.5681986808776855,0.5259879231452942,-0.10270864516496658,0.5437113046646118,0.5969506502151489,-0.11824387311935425,0.5221420526504517,0.6491305232048035,-0.12606585025787354,0.650257408618927,0.4287301003932953,-0.07198410481214523,0.6306732892990112,0.5630621314048767,-0.10762659460306168,0.6484902501106262,0.5831073522567749,-0.10076463967561722,0.6616491079330444,0.5788549184799194,-0.0908651128411293,0.690088152885437,0.4551180303096771,-0.08621931821107864,0.6695746779441833,0.560337245464325,-0.11000248789787292,0.6722736954689026,0.5872607827186584,-0.10395995527505875,0.6737276911735535,0.5899542570114136,-0.09476032108068466
0.7643462419509888,0.49623361229896545,-1.83823090083024e-07,0.6911178827285767,0.5079930424690247,-0.009164750576019287,0.6335084438323975,0.5165143013000488,-0.029062101617455482,0.5932844281196594,0.5450028777122498,-0.05175534263253212,0.5612002015113831,0.5620039105415344,-0.07580890506505966,0.5795672535896301,0.4266148805618286,-0.0467204675078392,0.5051186680793762,0.4350191056728363,-0.0829281285405159,0.4587882161140442,0.42442232370376587,-0.10743343830108643,0.41595351696014404,0.4136374592781067,-0.1247406005859375,0.6099190711975098,0.4153137803077698,-0.05955391377210617,0.5677482485771179,0.5292121171951294,-0.10333923995494843,0.5439756512641907,0.5991045236587524,-0.11839030683040619,0.5223515033721924,0.6495785713195801,-0.1258259117603302,0.6500747799873352,0.42967328429222107,-0.07209613174200058,0.6297900676727295,0.5658257007598877,-0.10738588124513626,0.6484953761100769,0.5822965502738953,-0.09945491701364517,0.6618102788925171,0.5737504959106445,-0.08895702660083771,0.688934862613678,0.4561269283294678,-0.08610592782497406,0.66878741979599,0.5630490779876709,-0.1098020002245903,0.6721628308296204,0.5873879194259644,-0.10348835587501526,0.6738249659538269,0.5864238142967224,-0.09409487992525101
0.7639231085777283,0.4973386228084564,-1.8540367818786763e-07,0.6884531378746033,0.5113136172294617,-0.00839855894446373,0.6290073394775391,0.5188896656036377,-0.02690947614610195,0.5876312255859375,0.5439808964729309,-0.04828035831451416,0.5546044111251831,0.5603892207145691,-0.07091192156076431,0.5777274370193481,0.42921093106269836,-0.0447954386472702,0.5048301219940186,0.435105562210083,-0.08027661591768265,0.45855939388275146,0.4234057068824768,-0.10427962988615036,0.41609054803848267,0.4122321605682373,-0.12127278745174408,0.6089292168617249,0.4152323603630066,-0.05785633623600006,0.5683472156524658,0.5265060067176819,-0.10091350227594376,0.5440475344657898,0.596192479133606,-0.11594554781913757,0.5225089192390442,0.6475422382354736,-0.12343811243772507,0.650412380695343,0.4279174208641052,-0.07066556811332703,0.6302201151847839,0.5622150897979736,-0.10645987093448639,0.6462915539741516,0.5827823281288147,-0.09975578635931015,0.658126711845398,0.5798691511154175,-0.08990627527236938,0.6910433173179626,0.4538673162460327,-0.08476178348064423,0.6694943308830261,0.5589133501052856,-0.10955637693405151,0.6709749698638916,0.5870619416236877,-0.10424397885799408,0.6717431545257568,0.5917321443557739,-0.09533253312110901
0.7649285793304443,0.4966936409473419,-1.8665323864297534e-07,0.6902939081192017,0.5098133087158203,-0.008780447766184807,0.6320488452911377,0.5187759399414062,-0.028026126325130463,0.5919455289840698,0.5465838313102722,-0.05013628304004669,0.5598671436309814,0.564415693283081,-0.07353974878787994,0.5787838101387024,0.4277075231075287,-0.045306991785764694,0.5054211020469666,0.4343922436237335,-0.08134487271308899,0.45873263478279114,0.42420321702957153,-0.10586277395486832,0.4156562089920044,0.41446390748023987,-0.12322373688220978,0.6098311543464661,0.41491422057151794,-0.05848139524459839,0.5682364702224731,0.5272060632705688,-0.101761095225811,0.5436131358146667,0.5977194905281067,-0.1169249638915062,0.5215247869491577,0.6495883464813232,-0.12461907416582108,0.6509032845497131,0.4283875524997711,-0.07148894667625427,0.6304026246070862,0.564172625541687,-0.10717862844467163,0.6478562355041504,0.583715558052063,-0.09998882561922073,0.6606440544128418,0.5792596936225891,-0.08987975120544434,0.6911242008209229,0.4543869197368622,-0.08590039610862732,0.6699206829071045,0.5603653192520142,-0.11016631871461868,0.6720478534698486,0.5871173739433289,-0.10438226908445358,0.673091471195221,0.589828372001648,-0.09529886394739151
0.7639210224151611,0.4952423572540283,-1.9594875766415498e-07,0.6890662908554077,0.5105718374252319,-0.009320941753685474,0.629416823387146,0.5196220874786377,-0.02811054140329361,0.5879287123680115,0.5455183386802673,-0.049589455127716064,0.5542147159576416,0.56243896484375,-0.07219497114419937,0.5760571360588074,0.4280003607273102,-0.044621542096138,0.503557562828064,0.43442076444625854,-0.08038121461868286,0.4568769335746765,0.4243960976600647,-0.10426248610019684,0.4137994050979614,0.41555464267730713,-0.12126252055168152,0.6068417429924011,0.4138259291648865,-0.05761456489562988,0.5671935677528381,0.5290666222572327,-0.10142987966537476,0.5444481372833252,0.5998898148536682,-0.11585801839828491,0.5236423015594482,0.6512866616249084,-0.12252938002347946,0.6482924222946167,0.4272692799568176,-0.07063762098550797,0.6296615600585938,0.5666526556015015,-0.10694094747304916,0.6475071907043457,0.5825960636138916,-0.09908395260572433,0.6592370271682739,0.5727071762084961,-0.08831525593996048,0.6887059211730957,0.4540746212005615,-0.08512704819440842,0.6690908074378967,0.5647342801094055,-0.110521599650383,0.6722298264503479,0.5896443724632263,-0.104855015873909,0.6730283498764038,0.587964653968811,-0.09551546722650528
0.7639663219451904,0.49544307589530945,-1.847821096134794e-07,0.6897357702255249,0.5078625679016113,-0.008900899440050125,0.6320516467094421,0.5178120732307434,-0.028437165543437004,0.5927026271820068,0.5464199781417847,-0.05080105736851692,0.5610171556472778,0.5644246339797974,-0.07445915788412094,0.5778475999832153,0.42742666602134705,-0.046058524399995804,0.5042579770088196,0.4342668056488037,-0.08174435049295425,0.45799487829208374,0.424163281917572,-0.10550830513238907,0.4153936803340912,0.41409504413604736,-0.12234243005514145,0.6088722348213196,0.415018230676651,-0.059227824211120605,0.5669804811477661,0.5286030173301697,-0.10204058140516281,0.5434093475341797,0.5986335873603821,-0.11660002171993256,0.5224192142486572,0.6491812467575073,-0.12397090345621109,0.6501324772834778,0.4287269711494446,-0.07221175730228424,0.6298020482063293,0.5640154480934143,-0.107684426009655,0.6466435790061951,0.5832497477531433,-0.10040829330682755,0.6586688756942749,0.5784069299697876,-0.09037429094314575,0.69047611951828,0.45470350980758667,-0.08654942363500595,0.6694481372833252,0.5610616207122803,-0.11076558381319046,0.6711185574531555,0.587926983833313,-0.1050955206155777,0.6712954044342041,0.5908174514770508,-0.0961700826883316
0.7635235786437988,0.4950946867465973,-1.9187281452559546e-07,0.6893696784973145,0.5079206824302673,-0.009022117592394352,0.631201982498169,0.5178776979446411,-0.02841823548078537,0.5914769768714905,0.5464268922805786,-0.05056840181350708,0.5596718192100525,0.5646781325340271,-0.07394874840974808,0.5771949291229248,0.42722633481025696,-0.04578013718128204,0.5034506916999817,0.4352886378765106,-0.08182059228420258,0.4565458297729492,0.425772488117218,-0.10604377090930939,0.4132697582244873,0.41682660579681396,-0.12325704842805862,0.6078376770019531,0.41473451256752014,-0.058985475450754166,0.5667226314544678,0.5294716358184814,-0.10225995630025864,0.5435621738433838,0.5998843908309937,-0.11671492457389832,0.5227317810058594,0.6506959199905396,-0.1238350197672844,0.6490187048912048,0.42853567004203796,-0.07210160046815872,0.6295614838600159,0.5651935935020447,-0.10791545361280441,0.6473659873008728,0.5823909044265747,-0.10013613849878311,0.6598686575889587,0.5743682980537415,-0.08963467180728912,0.6894195675849915,0.4545373022556305,-0.08664444833993912,0.6691935062408447,0.5627672672271729,-0.11139118671417236,0.6719235181808472,0.5885235071182251,-0.10557693988084793,0.6728837490081787,0.588769793510437,-0.09638778865337372
0.7624440789222717,0.49532732367515564,-1.9517958094183996e-07,0.6881616115570068,0.5095936059951782,-0.009471125900745392,0.6298733949661255,0.5195877552032471,-0.028607025742530823,0.590067982673645,0.5473190546035767,-0.05045038461685181,0.5583479404449463,0.5648137331008911,-0.07346411794424057,0.5765110850334167,0.42910319566726685,-0.04531540349125862,0.5030344128608704,0.4366937577724457,-0.08106721192598343,0.4564148783683777,0.4271766245365143,-0.10490626841783524,0.4134317934513092,0.41783449053764343,-0.12177430093288422,0.6071087718009949,0.41554123163223267,-0.058186810463666916,0.5670530796051025,0.5296439528465271,-0.10161930322647095,0.5444984436035156,0.6003262996673584,-0.11619753390550613,0.5240768194198608,0.6517078876495361,-0.1231507807970047,0.6482530236244202,0.42813578248023987,-0.07102786749601364,0.6300497055053711,0.5635404586791992,-0.10730785876512527,0.6476364135742188,0.5815763473510742,-0.09993584454059601,0.6594887971878052,0.5759203433990479,-0.0894271656870842,0.6887989640235901,0.45302754640579224,-0.08529488742351532,0.6693885326385498,0.5593001842498779,-0.1101612076163292,0.6717090606689453,0.586169958114624,-0.10435686260461807,0.6720023155212402,0.5892153382301331,-0.09503176063299179
0.7622517347335815,0.4946785271167755,-2.069702702556242e-07,0.6880679130554199,0.5076534152030945,-0.008585155010223389,0.6293832659721375,0.5181841254234314,-0.027057833969593048,0.5895020961761475,0.5465924739837646,-0.048407018184661865,0.5585971474647522,0.563790500164032,-0.07098954916000366,0.5764158964157104,0.42921268939971924,-0.04372880235314369,0.5032297968864441,0.43902456760406494,-0.07888292521238327,0.4574294984340668,0.42931216955184937,-0.10231249779462814,0.41529136896133423,0.41933315992355347,-0.11886540055274963,0.6065800786018372,0.4168378412723541,-0.05685175582766533,0.5671080946922302,0.531451404094696,-0.09990245848894119,0.5454724431037903,0.6022077798843384,-0.11430331319570541,0.5259218811988831,0.6537495255470276,-0.12098933011293411,0.6472873091697693,0.4297780692577362,-0.0699191689491272,0.6291494369506836,0.5645461678504944,-0.10575489699840546,0.6471563577651978,0.5815436840057373,-0.09850171953439713,0.6595194339752197,0.5754073858261108,-0.08804791420698166,0.6876412630081177,0.4543437361717224,-0.08434439450502396,0.6684495806694031,0.5606552362442017,-0.10901004821062088,0.6712777614593506,0.5869036912918091,-0.10330329835414886,0.6721692681312561,0.5895851254463196,-0.09397687017917633
0.7624631524085999,0.49522778391838074,-1.8991707406712521e-07,0.688554048538208,0.509260892868042,-0.00874357484281063,0.6305638551712036,0.5187658667564392,-0.027874335646629333,0.5907581448554993,0.5453001260757446,-0.04980061203241348,0.5586143136024475,0.5604140758514404,-0.07307092845439911,0.5765292644500732,0.4302259087562561,-0.04572765901684761,0.5027906894683838,0.4402044713497162,-0.08137091994285583,0.45672959089279175,0.43000394105911255,-0.10522845387458801,0.4144563376903534,0.4202953577041626,-0.1220170333981514,0.6071695685386658,0.41670650243759155,-0.05882465839385986,0.5666684508323669,0.5295025110244751,-0.10259977728128433,0.5436279773712158,0.6014804244041443,-0.11744009703397751,0.5231252312660217,0.6553882956504822,-0.12436822056770325,0.6483443379402161,0.42936789989471436,-0.07161219418048859,0.6292800903320312,0.5654204487800598,-0.10749492049217224,0.647345781326294,0.5837701559066772,-0.09977474808692932,0.6600562930107117,0.5782456398010254,-0.08899711072444916,0.6887378096580505,0.4547247290611267,-0.085738904774189,0.6684662699699402,0.5613875389099121,-0.11028259247541428,0.6710681915283203,0.5878074169158936,-0.10411178320646286,0.6720545291900635,0.5896396636962891,-0.09443515539169312
0.7618153691291809,0.4953280985355377,-2.0393339639213082e-07,0.6870831847190857,0.5107423663139343,-0.008598744869232178,0.6287950277328491,0.5208759307861328,-0.027233704924583435,0.5890911817550659,0.5459630489349365,-0.04871668666601181,0.5575494766235352,0.560307502746582,-0.07137445360422134,0.5750349164009094,0.43132108449935913,-0.044795773923397064,0.5030691027641296,0.4400762915611267,-0.08016227185726166,0.4573550522327423,0.4302937984466553,-0.10397832095623016,0.41525280475616455,0.42130860686302185,-0.12093596160411835,0.605846643447876,0.416782945394516,-0.05818615481257439,0.5675436854362488,0.5285157561302185,-0.10116058588027954,0.544616162776947,0.5999290943145752,-0.11566583067178726,0.5241632461547852,0.6537288427352905,-0.12268088012933731,0.647645115852356,0.4291028678417206,-0.0714535191655159,0.6297664642333984,0.5649441480636597,-0.10703323036432266,0.6469114422798157,0.5833045244216919,-0.09965623915195465,0.6588566303253174,0.5786722302436829,-0.0893779993057251,0.6891236305236816,0.4540908932685852,-0.08613105118274689,0.6696637868881226,0.560015082359314,-0.11098474264144897,0.6710826754570007,0.5878309607505798,-0.10551293939352036,0.6711153388023376,0.5923585891723633,-0.09645091742277145
0.7624379992485046,0.4953184127807617,-1.9669360540319758e-07,0.6878423094749451,0.5084688067436218,-0.008536734618246555,0.6286231875419617,0.5185286402702332,-0.027683641761541367,0.5880362391471863,0.5456624031066895,-0.049566175788640976,0.555730938911438,0.563275933265686,-0.07279407232999802,0.5757350921630859,0.4295012354850769,-0.046188779175281525,0.5027696490287781,0.4400218725204468,-0.08252598345279694,0.45609956979751587,0.43093442916870117,-0.10713700950145721,0.41308850049972534,0.4227774143218994,-0.12461495399475098,0.6068268418312073,0.41666728258132935,-0.05962138622999191,0.5673063397407532,0.5299791097640991,-0.10300720483064651,0.5456688404083252,0.6007360219955444,-0.11705371737480164,0.5265886187553406,0.6530764102935791,-0.12376925349235535,0.648553729057312,0.4302963316440582,-0.07292407006025314,0.6287859082221985,0.5668324828147888,-0.10828958451747894,0.6461084485054016,0.5835447311401367,-0.099733367562294,0.6585814356803894,0.5760515332221985,-0.08877744525671005,0.6894853115081787,0.4565540850162506,-0.08765801042318344,0.6684584617614746,0.5631269812583923,-0.1124991923570633,0.6706847548484802,0.5876995325088501,-0.10647594183683395,0.671585738658905,0.587231457233429,-0.09703700244426727
0.7609735131263733,0.4949880540370941,-1.8808536594860925e-07,0.6870617866516113,0.5113554000854492,-0.009332588873803616,0.6288062334060669,0.521788477897644,-0.028081923723220825,0.5885061621665955,0.5477243065834045,-0.04947277158498764,0.555999219417572,0.5648639798164368,-0.07198415696620941,0.5754803419113159,0.43132078647613525,-0.04458436369895935,0.5022268891334534,0.44009047746658325,-0.07967232167720795,0.4556956887245178,0.430270254611969,-0.10299519449472427,0.4133260250091553,0.4209425747394562,-0.11951785534620285,0.605675220489502,0.41694021224975586,-0.05746018886566162,0.5666605830192566,0.5295438170433044,-0.10086190700531006,0.5437689423561096,0.6012433171272278,-0.11543478816747665,0.5236997604370117,0.6538877487182617,-0.1222638487815857,0.6465678215026855,0.42901480197906494,-0.07029592990875244,0.6283286213874817,0.5656169652938843,-0.10646327584981918,0.6463178396224976,0.5847482681274414,-0.09926065057516098,0.6591236591339111,0.5788318514823914,-0.08889739960432053,0.6868201494216919,0.45423951745033264,-0.0845307931303978,0.6678789854049683,0.5628424286842346,-0.10933621227741241,0.6713202595710754,0.5884590744972229,-0.10366392135620117,0.6728110909461975,0.5881885886192322,-0.09445969760417938
0.7613602876663208,0.49573811888694763,-1.7968898191611515e-07,0.6872155666351318,0.5097501873970032,-0.009200537577271461,0.6284219622612,0.5192638039588928,-0.028400296345353127,0.5878804922103882,0.545536994934082,-0.05017413944005966,0.5550624132156372,0.5621052384376526,-0.07332463562488556,0.575659453868866,0.43097591400146484,-0.047135062515735626,0.5013999938964844,0.4403466582298279,-0.0831226259469986,0.4546123743057251,0.4302263557910919,-0.10720523446798325,0.4118458032608032,0.4206189513206482,-0.12424260377883911,0.6064140796661377,0.41756314039230347,-0.060155343264341354,0.5666595697402954,0.5308859944343567,-0.1041458323597908,0.5439234972000122,0.6021737456321716,-0.11865860968828201,0.5238692164421082,0.6543490886688232,-0.12548772990703583,0.6478098630905151,0.430448055267334,-0.072934590280056,0.6285500526428223,0.5674624443054199,-0.10868622362613678,0.6458660364151001,0.5850484371185303,-0.10061612725257874,0.6583367586135864,0.5774522423744202,-0.08988410979509354,0.688322126865387,0.45655161142349243,-0.08711544424295425,0.6677263975143433,0.5648140907287598,-0.11188193410634995,0.6709413528442383,0.5879363417625427,-0.10579637438058853,0.6726192831993103,0.584674596786499,-0.09630388766527176
0.762324333190918,0.49673178791999817,-1.938552003366567e-07,0.687981128692627,0.5100973844528198,-0.009166430681943893,0.6291932463645935,0.5194727778434753,-0.028363540768623352,0.589089572429657,0.5460458397865295,-0.050241872668266296,0.5575504302978516,0.561711847782135,-0.07341786473989487,0.5756324529647827,0.4313170313835144,-0.045926280319690704,0.502508282661438,0.44068485498428345,-0.08203694969415665,0.45588549971580505,0.4310612976551056,-0.10622832179069519,0.41316884756088257,0.4216943383216858,-0.12335469573736191,0.6065789461135864,0.4182156026363373,-0.05913202837109566,0.567143440246582,0.5333613753318787,-0.10290917009115219,0.5450141429901123,0.6038569211959839,-0.11724255234003067,0.524980366230011,0.6550595164299011,-0.12390300631523132,0.6480615139007568,0.4313264787197113,-0.07226993888616562,0.6290262937545776,0.5693550705909729,-0.10770983248949051,0.6467220187187195,0.5841863751411438,-0.09917869418859482,0.6585074663162231,0.5740880966186523,-0.08812905848026276,0.6887133121490479,0.4569753110408783,-0.08691573143005371,0.6685881018638611,0.5653117299079895,-0.111117422580719,0.6714494824409485,0.5879979133605957,-0.10458353906869888,0.6721735000610352,0.5848444700241089,-0.09483850747346878
0.7633564472198486,0.4974553883075714,-1.972202028355241e-07,0.6880800724029541,0.5141024589538574,-0.008414681069552898,0.6288551092147827,0.5232588052749634,-0.026658402755856514,0.5875476598739624,0.5485125184059143,-0.04773235321044922,0.5540450215339661,0.5651593804359436,-0.07006707042455673,0.5757210850715637,0.43211206793785095,-0.043586164712905884,0.5033328533172607,0.441074937582016,-0.07864966243505478,0.4573075771331787,0.43079036474227905,-0.10214253515005112,0.41495078802108765,0.4213138520717621,-0.11884082108736038,0.606033205986023,0.4181544780731201,-0.05687607079744339,0.5665082931518555,0.5324585437774658,-0.10010082274675369,0.5439414978027344,0.6043474078178406,-0.11450884491205215,0.5236905813217163,0.6568607091903687,-0.12126027047634125,0.6472750902175903,0.430765300989151,-0.07005945593118668,0.6290716528892517,0.5682047605514526,-0.10543978214263916,0.6467311978340149,0.5843002796173096,-0.09753634035587311,0.658631443977356,0.5745309591293335,-0.08695826679468155,0.6878124475479126,0.45732975006103516,-0.08463238179683685,0.6686286330223083,0.5669305920600891,-0.10873185098171234,0.6720215082168579,0.5889101028442383,-0.10255081206560135,0.6731814742088318,0.5837046504020691,-0.09316179156303406
0.7616807222366333,0.4974973201751709,-2.1017750384544343e-07,0.6848292350769043,0.5146676898002625,-0.008154410868883133,0.6237727999687195,0.5234190821647644,-0.025656452402472496,0.5812363624572754,0.547379732131958,-0.045987896621227264,0.546947181224823,0.56400066614151,-0.06750301271677017,0.574442446231842,0.43326908349990845,-0.04371567815542221,0.5026804804801941,0.44186246395111084,-0.07867760211229324,0.45687228441238403,0.43169495463371277,-0.1020083799958229,0.4143652319908142,0.4223521053791046,-0.11873194575309753,0.6052125692367554,0.41802576184272766,-0.05725712329149246,0.567734956741333,0.530878484249115,-0.10058063268661499,0.5452041625976562,0.6020653247833252,-0.11504541337490082,0.524789571762085,0.6552640199661255,-0.12190666794776917,0.6473125219345093,0.43003758788108826,-0.0707223191857338,0.6297308206558228,0.5661349892616272,-0.10723260045051575,0.6468735933303833,0.5831896066665649,-0.10031579434871674,0.6585649251937866,0.5765721201896667,-0.09021633863449097,0.6889302134513855,0.4557608962059021,-0.08547976613044739,0.6693421602249146,0.5624609589576721,-0.11143799871206284,0.6715946793556213,0.5886551141738892,-0.10652749985456467,0.6723054051399231,0.5901976227760315,-0.09781306236982346
0.7630234956741333,0.49791714549064636,-1.9216705027247372e-07,0.6886758804321289,0.5117723345756531,-0.009098002687096596,0.6300755739212036,0.5208342671394348,-0.02797379158437252,0.5899094939231873,0.5471026301383972,-0.049591682851314545,0.5582408308982849,0.5626800060272217,-0.07254858314990997,0.5761079788208008,0.43238916993141174,-0.045004844665527344,0.5038377046585083,0.44189730286598206,-0.08041617274284363,0.45748865604400635,0.4320400357246399,-0.10439326614141464,0.4146459996700287,0.4228673577308655,-0.12150301039218903,0.6067100167274475,0.4194818139076233,-0.058167167007923126,0.5681694746017456,0.5321810841560364,-0.10139366239309311,0.5462502241134644,0.6027021408081055,-0.11583191901445389,0.5266608595848083,0.654651939868927,-0.12268934398889542,0.6481983065605164,0.43264564871788025,-0.07121621072292328,0.6298766732215881,0.5706732869148254,-0.10628160089254379,0.6475875377655029,0.5865509510040283,-0.0981588140130043,0.6598541736602783,0.5772565603256226,-0.08753014355897903,0.6889721155166626,0.4592910706996918,-0.0857771709561348,0.6692765951156616,0.5678688287734985,-0.10959988087415695,0.6723390817642212,0.5891674757003784,-0.10328399389982224,0.6736490726470947,0.5837352871894836,-0.09387088567018509
0.7625523805618286,0.4966209828853607,-2.082397401181879e-07,0.6867498159408569,0.5129038095474243,-0.008103160187602043,0.6259206533432007,0.5208553671836853,-0.025103352963924408,0.5832363963127136,0.5444780588150024,-0.04485885053873062,0.5483534932136536,0.5606638193130493,-0.06589287519454956,0.5752854347229004,0.4345155954360962,-0.043135348707437515,0.5024527311325073,0.44276827573776245,-0.07757897675037384,0.45620816946029663,0.433163046836853,-0.10040438175201416,0.4131326973438263,0.4244891405105591,-0.1166582778096199,0.6058138012886047,0.41903555393218994,-0.05613661929965019,0.567962646484375,0.5321707725524902,-0.09943904727697372,0.545205295085907,0.6039578318595886,-0.11396700143814087,0.5240917801856995,0.657677948474884,-0.12057353556156158,0.6473518013954163,0.43094462156295776,-0.06892109662294388,0.6300193667411804,0.5676714777946472,-0.10526992380619049,0.6471670866012573,0.58489590883255,-0.09827190637588501,0.6587159037590027,0.5780298709869385,-0.08784109354019165,0.6880413293838501,0.4570186138153076,-0.08292106539011002,0.6686809062957764,0.5660716891288757,-0.10840851813554764,0.6717013120651245,0.5912160277366638,-0.10302507877349854,0.6730446815490723,0.5907330513000488,-0.09375439584255219
0.7623186111450195,0.49607330560684204,-1.9711583831849566e-07,0.6864120364189148,0.5105730891227722,-0.008586064912378788,0.6260220408439636,0.5202510356903076,-0.026916781440377235,0.5847297310829163,0.5460244417190552,-0.04794466122984886,0.5515396595001221,0.5626168847084045,-0.07035676389932632,0.5755820274353027,0.4329923093318939,-0.04580000042915344,0.5037065744400024,0.44220417737960815,-0.08098837733268738,0.4579196572303772,0.4322107434272766,-0.10450956970453262,0.41520190238952637,0.42291560769081116,-0.1214418113231659,0.6064636707305908,0.4188767075538635,-0.05914543196558952,0.5682275295257568,0.5333971977233887,-0.10260994732379913,0.5452148914337158,0.6048902273178101,-0.11716435849666595,0.5241729021072388,0.658159613609314,-0.12425384670495987,0.6485651731491089,0.4316106140613556,-0.0722377672791481,0.629772424697876,0.5685430765151978,-0.10850005596876144,0.6468591690063477,0.5850642323493958,-0.10108800232410431,0.6586806178092957,0.5778468251228333,-0.09071870148181915,0.6897772550582886,0.4573328197002411,-0.08661018311977386,0.6694589853286743,0.5642966032028198,-0.11241232603788376,0.671962559223175,0.5885899662971497,-0.10717038810253143,0.6731804013252258,0.5881306529045105,-0.09820713847875595
0.7605855464935303,0.49630698561668396,-1.8853745586966397e-07,0.6852972507476807,0.5122288465499878,-0.008985328488051891,0.625143826007843,0.5228251218795776,-0.02794799767434597,0.5836048126220703,0.5485497713088989,-0.0494932159781456,0.54923015832901,0.5665664076805115,-0.07222907245159149,0.5749853849411011,0.43396517634391785,-0.047371793538331985,0.5020053386688232,0.4419577121734619,-0.08371727913618088,0.4550882875919342,0.4330510199069977,-0.10790881514549255,0.4116279184818268,0.4254375100135803,-0.1251332014799118,0.606121838092804,0.41939640045166016,-0.0605403408408165,0.5679231286048889,0.5326345562934875,-0.10454785823822021,0.5461968183517456,0.6031827926635742,-0.11853573471307755,0.526418924331665,0.6556425094604492,-0.12506642937660217,0.6481256484985352,0.43204188346862793,-0.07356343418359756,0.6295154690742493,0.5683228969573975,-0.1098601445555687,0.645834743976593,0.5855114459991455,-0.10170391947031021,0.656977117061615,0.579580545425415,-0.09084179252386093,0.6891315579414368,0.4575235843658447,-0.08797477930784225,0.6694306135177612,0.5634848475456238,-0.11397619545459747,0.6708477735519409,0.5898062586784363,-0.10865633934736252,0.6707870960235596,0.5921908020973206,-0.09950017184019089
0.7607715129852295,0.4955599904060364,-1.9201520728984178e-07,0.6859656572341919,0.512145459651947,-0.009457522071897984,0.6270797848701477,0.5224760174751282,-0.028278768062591553,0.5868539810180664,0.5483596920967102,-0.04959870129823685,0.5541782379150391,0.5632992386817932,-0.07216797024011612,0.5738903284072876,0.4341830611228943,-0.04697762057185173,0.5014944672584534,0.4429037272930145,-0.08305716514587402,0.4550008177757263,0.43313732743263245,-0.10729938000440598,0.41198378801345825,0.42416054010391235,-0.12459161877632141,0.6050364375114441,0.41949641704559326,-0.0598813034594059,0.5675351619720459,0.5337955355644226,-0.10369561612606049,0.5453270673751831,0.6043519377708435,-0.11819340288639069,0.524673581123352,0.6565772294998169,-0.1251264363527298,0.6471235752105713,0.4317435324192047,-0.07266402989625931,0.6298462152481079,0.568263828754425,-0.10881742835044861,0.6465893983840942,0.5840599536895752,-0.101089708507061,0.6575854420661926,0.5763014554977417,-0.09053266048431396,0.6882781386375427,0.457364022731781,-0.08686797320842743,0.6691140532493591,0.564548134803772,-0.11239826679229736,0.6711817383766174,0.5893213748931885,-0.10687828063964844,0.6714338660240173,0.5893049836158752,-0.09769061207771301
0.7612926959991455,0.4957216680049896,-1.9775740156546817e-07,0.6865584254264832,0.509166955947876,-0.009058961644768715,0.6273454427719116,0.5191786885261536,-0.027784427627921104,0.5870670080184937,0.5464679002761841,-0.04908769577741623,0.5547081232070923,0.5614989995956421,-0.07158543169498444,0.5747430920600891,0.4331061840057373,-0.046103764325380325,0.5025939345359802,0.4424465596675873,-0.08206285536289215,0.45631593465805054,0.4333099126815796,-0.10613898187875748,0.4131476879119873,0.4249241352081299,-0.12336041778326035,0.605640172958374,0.41930752992630005,-0.059085533022880554,0.5675507187843323,0.534737229347229,-0.10242392867803574,0.5453025698661804,0.6055221557617188,-0.11644253134727478,0.524219810962677,0.6576009392738342,-0.12311629205942154,0.6475803852081299,0.4322599768638611,-0.07195635139942169,0.6298338174819946,0.569458544254303,-0.10741779953241348,0.6466581225395203,0.5830326080322266,-0.09882053732872009,0.6571148633956909,0.5726765394210815,-0.08779697120189667,0.6885383725166321,0.45790791511535645,-0.08628242462873459,0.6694009304046631,0.5649606585502625,-0.11117958277463913,0.6713424324989319,0.588554322719574,-0.10507918894290924,0.6710392236709595,0.5871704816818237,-0.09555178135633469
0.759807288646698,0.4951392114162445,-1.9049419108796428e-07,0.6853958368301392,0.5105075240135193,-0.009813017211854458,0.6266587972640991,0.5221245288848877,-0.02894994430243969,0.5866828560829163,0.5505858063697815,-0.05055735632777214,0.5541309714317322,0.5669761896133423,-0.07334186881780624,0.5740104913711548,0.4340885877609253,-0.04688132554292679,0.5022566914558411,0.4432789981365204,-0.08288747072219849,0.45605361461639404,0.43468934297561646,-0.1070314273238182,0.4129139184951782,0.42667385935783386,-0.12426213920116425,0.6047866344451904,0.4199749231338501,-0.05950843542814255,0.5681713819503784,0.5344933867454529,-0.10299365222454071,0.5457261800765991,0.6058213710784912,-0.11728683859109879,0.524544358253479,0.6585783362388611,-0.12414038926362991,0.6465899348258972,0.4326328635215759,-0.07203760743141174,0.6303216218948364,0.5702717304229736,-0.10748544335365295,0.6467894911766052,0.584348201751709,-0.09922203421592712,0.6569975018501282,0.5745126008987427,-0.08849726617336273,0.6874043941497803,0.4583856761455536,-0.08609594404697418,0.669766902923584,0.5667757987976074,-0.11078048497438431,0.6716005802154541,0.5896243453025818,-0.10486053675413132,0.6710523962974548,0.5873584151268005,-0.09554596245288849
0.7605093121528625,0.496110200881958,-1.9536967954536522e-07,0.6853293180465698,0.5117571949958801,-0.008648574352264404,0.6267286539077759,0.522946298122406,-0.02723841182887554,0.586997389793396,0.5496000647544861,-0.04832038655877113,0.555006206035614,0.5652547478675842,-0.07078363001346588,0.5750171542167664,0.4348534047603607,-0.04712506756186485,0.5034250617027283,0.44323235750198364,-0.08236712962388992,0.45723235607147217,0.43361690640449524,-0.10607432574033737,0.4144226908683777,0.4247605800628662,-0.1231866106390953,0.6061028242111206,0.4201253354549408,-0.0603349544107914,0.5688730478286743,0.533718466758728,-0.10294107347726822,0.5463137030601501,0.6055651903152466,-0.11683247983455658,0.5258675813674927,0.6590429544448853,-0.12375792115926743,0.6484054327011108,0.4326339364051819,-0.07323956489562988,0.6306045651435852,0.5684877634048462,-0.10813213139772415,0.6464487314224243,0.5844610929489136,-0.0999949648976326,0.6574842929840088,0.5772282481193542,-0.08963477611541748,0.6899204254150391,0.4584401547908783,-0.08749594539403915,0.6699234247207642,0.5647321939468384,-0.1124659925699234,0.6715836524963379,0.5892593264579773,-0.10677534341812134,0.6720389723777771,0.5894811153411865,-0.09770398586988449
0.760748565196991,0.4963410794734955,-2.0230208974680863e-07,0.6858750581741333,0.5106944441795349,-0.00925874337553978,0.6260956525802612,0.520946741104126,-0.027527451515197754,0.5850958228111267,0.5478253960609436,-0.04826670140028,0.552910566329956,0.5644927024841309,-0.07022040337324142,0.5758141875267029,0.43494662642478943,-0.04608497768640518,0.5038328766822815,0.44383716583251953,-0.08149459213018417,0.4571254849433899,0.4354240298271179,-0.10513810068368912,0.41358351707458496,0.42778393626213074,-0.12212494760751724,0.6063540577888489,0.4209287464618683,-0.05879920348525047,0.5691084861755371,0.5354050397872925,-0.10146922618150711,0.5470371842384338,0.6061320304870605,-0.11520985513925552,0.5261591672897339,0.6581907272338867,-0.12181691080331802,0.6481313109397888,0.43322867155075073,-0.07139860093593597,0.6308910846710205,0.5691755414009094,-0.10680373013019562,0.647840142250061,0.5839731097221375,-0.09870516508817673,0.658774197101593,0.5755650997161865,-0.0880424827337265,0.6895191669464111,0.4578913152217865,-0.08542970567941666,0.6704490184783936,0.5635066032409668,-0.11069664359092712,0.67249995470047,0.5881000757217407,-0.10507504642009735,0.6728376746177673,0.5887893438339233,-0.09586306661367416
0.7607479095458984,0.49723318219184875,-1.9236618697959784e-07,0.6857793927192688,0.5116031169891357,-0.008647391572594643,0.6260365843772888,0.5217471718788147,-0.027120528742671013,0.5851277112960815,0.5483525395393372,-0.04813869297504425,0.5529981851577759,0.5653963088989258,-0.07054407149553299,0.5754730701446533,0.43558961153030396,-0.04653022810816765,0.5036364197731018,0.4444783627986908,-0.08216764777898788,0.4571157693862915,0.4353386461734772,-0.10619305074214935,0.4137445092201233,0.4269598126411438,-0.12343605607748032,0.6064490675926208,0.4216391444206238,-0.05953224003314972,0.5700315237045288,0.5354570150375366,-0.10208528488874435,0.5479432344436646,0.6062074899673462,-0.11578972637653351,0.5271312594413757,0.6582306027412415,-0.12254264950752258,0.6483516693115234,0.43448349833488464,-0.07229042798280716,0.6314889788627625,0.5709272027015686,-0.10690715909004211,0.6480008363723755,0.5853651165962219,-0.09840544313192368,0.6586703062057495,0.5757160782814026,-0.0878099873661995,0.6894750595092773,0.46032968163490295,-0.08646528422832489,0.6702783107757568,0.5674676895141602,-0.11100975424051285,0.6730283498764038,0.5901613235473633,-0.10494823753833771,0.6740230321884155,0.5878546833992004,-0.09560903906822205
0.7618423104286194,0.4985317289829254,-2.0698627167803352e-07,0.6861065626144409,0.5121772885322571,-0.007885131984949112,0.6260533332824707,0.5221700072288513,-0.02535197325050831,0.5845419764518738,0.5486273765563965,-0.045406363904476166,0.552295982837677,0.5652738809585571,-0.06680919975042343,0.5757001638412476,0.4369566738605499,-0.044446785002946854,0.5053247213363647,0.44523924589157104,-0.07885406166315079,0.45951101183891296,0.43582481145858765,-0.10193008184432983,0.4168991148471832,0.42713937163352966,-0.11865454912185669,0.6064984798431396,0.4223158359527588,-0.05738437548279762,0.5705127716064453,0.5369535088539124,-0.09864351153373718,0.5486446022987366,0.6071507334709167,-0.11177031695842743,0.5283290147781372,0.6587013602256775,-0.11831861734390259,0.6486469507217407,0.43527501821517944,-0.07009293884038925,0.631999135017395,0.5717155337333679,-0.10401876270771027,0.6477283835411072,0.5849583745002747,-0.09581682831048965,0.6581330299377441,0.5749363899230957,-0.08559230715036392,0.690112829208374,0.46136781573295593,-0.08410804718732834,0.670966386795044,0.5690640807151794,-0.10872726142406464,0.6728256940841675,0.5924996137619019,-0.10328684747219086,0.6731900572776794,0.591744601726532,-0.09442376345396042
0.7635577321052551,0.49942418932914734,-2.0074968176686525e-07,0.6887622475624084,0.5118917226791382,-0.008773084729909897,0.6297523379325867,0.5218222141265869,-0.02760893851518631,0.5893235802650452,0.5495737791061401,-0.048842377960681915,0.5579620599746704,0.5674576163291931,-0.0716063603758812,0.5783440470695496,0.4365895986557007,-0.04750071093440056,0.5077223777770996,0.447038471698761,-0.08308718353509903,0.4614921510219574,0.4379194378852844,-0.10761262476444244,0.4179220497608185,0.42931604385375977,-0.12551845610141754,0.6088684797286987,0.42329084873199463,-0.06019676476716995,0.5718500018119812,0.538139820098877,-0.10197025537490845,0.5496981739997864,0.6080470681190491,-0.1155708059668541,0.5289216637611389,0.6592593193054199,-0.12292206287384033,0.6504780054092407,0.4370073080062866,-0.07257227599620819,0.6325473785400391,0.5733954310417175,-0.10634111613035202,0.6491042971611023,0.586699903011322,-0.09767025709152222,0.6606003046035767,0.5763000249862671,-0.08758672326803207,0.6913010478019714,0.4637559950351715,-0.0864066332578659,0.6716576814651489,0.5705220699310303,-0.11074679344892502,0.6735882759094238,0.5935904383659363,-0.10514042526483536,0.6741794943809509,0.5919792056083679,-0.09658420830965042
0.763215184211731,0.4994277358055115,-1.8545128455116355e-07,0.6887093782424927,0.5142616033554077,-0.008963546715676785,0.6303189396858215,0.5255768895149231,-0.02735663205385208,0.5902764201164246,0.5540289878845215,-0.04834797605872154,0.5583838224411011,0.5743585228919983,-0.07068800181150436,0.5776939392089844,0.43784016370773315,-0.04363444074988365,0.5083574056625366,0.4468074440956116,-0.07854939997196198,0.46247249841690063,0.43806400895118713,-0.10231532156467438,0.41962677240371704,0.43002864718437195,-0.11935584247112274,0.6081895232200623,0.42412135004997253,-0.056289322674274445,0.5718966722488403,0.5383301973342896,-0.09851425141096115,0.549579918384552,0.6106963157653809,-0.11293293535709381,0.5294809937477112,0.6645342707633972,-0.1201019436120987,0.6495711207389832,0.4369050860404968,-0.06882599741220474,0.6324187517166138,0.5744931697845459,-0.10378551483154297,0.6484602689743042,0.5920603275299072,-0.09632963687181473,0.6596481800079346,0.5855935215950012,-0.0861700102686882,0.6899634003639221,0.46315181255340576,-0.08273828029632568,0.6716618537902832,0.5724714994430542,-0.10706007480621338,0.6741874814033508,0.5953590869903564,-0.1014055535197258,0.6750824451446533,0.5925345420837402,-0.09234095364809036
0.7628217935562134,0.49720263481140137,-1.805605336357985e-07,0.6888165473937988,0.5130997896194458,-0.009442836977541447,0.6304351687431335,0.5253384113311768,-0.028339814394712448,0.589988648891449,0.5541540384292603,-0.04964238777756691,0.5572558045387268,0.5738407373428345,-0.07232748717069626,0.5786704421043396,0.43858715891838074,-0.045773670077323914,0.5092517137527466,0.44776424765586853,-0.08132892102003098,0.4636564254760742,0.43897849321365356,-0.10522402822971344,0.42088401317596436,0.4308473765850067,-0.12229346483945847,0.6089017391204834,0.4248672127723694,-0.0580989345908165,0.5715562105178833,0.5416713953018188,-0.10081149637699127,0.5491121411323547,0.613572359085083,-0.11463631689548492,0.5285080671310425,0.666689932346344,-0.121230848133564,0.6499610543251038,0.43767601251602173,-0.07026147842407227,0.6330257654190063,0.5775253176689148,-0.1051671952009201,0.6496113538742065,0.5915206670761108,-0.09641668945550919,0.660737156867981,0.581135630607605,-0.08533105999231339,0.6896121501922607,0.4638197124004364,-0.08386261761188507,0.6717566251754761,0.575115978717804,-0.10845185816287994,0.674470067024231,0.5958518385887146,-0.10231373459100723,0.6749762296676636,0.590212881565094,-0.09272360056638718
0.7627149224281311,0.498079389333725,-1.621974945464899e-07,0.6881626844406128,0.5126132369041443,-0.009561853483319283,0.6295143961906433,0.5249870419502258,-0.029113244265317917,0.5893826484680176,0.5551450848579407,-0.050933681428432465,0.5569863319396973,0.5775783658027649,-0.07429096102714539,0.5791532397270203,0.4379855692386627,-0.04730933532118797,0.5106539726257324,0.4474863111972809,-0.08330857008695602,0.46532300114631653,0.43877434730529785,-0.10772307217121124,0.42240554094314575,0.430532842874527,-0.12531064450740814,0.6097105145454407,0.4249052405357361,-0.05980644002556801,0.5712424516677856,0.5422168374061584,-0.10237304121255875,0.5477680563926697,0.6151864528656006,-0.11629532277584076,0.5268377661705017,0.6690290570259094,-0.12343387305736542,0.6511349081993103,0.4382401406764984,-0.07208612561225891,0.632071316242218,0.5771800875663757,-0.10700634121894836,0.6480830907821655,0.592815101146698,-0.09815680235624313,0.660048246383667,0.584022581577301,-0.08728162944316864,0.6910353302955627,0.46501871943473816,-0.08579922467470169,0.6719188690185547,0.5748701691627502,-0.11104586720466614,0.6746037602424622,0.5950767397880554,-0.10533646494150162,0.6756588220596313,0.5889121890068054,-0.09620437026023865
0.7632770538330078,0.49689334630966187,-1.5664362251754937e-07,0.6897562742233276,0.5120341181755066,-0.009732662700116634,0.6314724087715149,0.5252651572227478,-0.029520832002162933,0.5916227102279663,0.557929277420044,-0.05162358283996582,0.5595017671585083,0.5818542242050171,-0.07526969909667969,0.5798853039741516,0.4386487305164337,-0.04688618704676628,0.5110782384872437,0.4490976631641388,-0.08334776759147644,0.4653576910495758,0.4411153495311737,-0.10823095589876175,0.4220675826072693,0.43364039063453674,-0.12614503502845764,0.6095917224884033,0.425387978553772,-0.05941616743803024,0.5718641877174377,0.5430450439453125,-0.10214533656835556,0.54892498254776,0.6151869297027588,-0.11595620959997177,0.5275620818138123,0.6672510504722595,-0.12289368361234665,0.6505236625671387,0.43871432542800903,-0.07186172157526016,0.6328821182250977,0.578872561454773,-0.10622385144233704,0.6488885879516602,0.591368556022644,-0.0964699313044548,0.6597502827644348,0.5774639844894409,-0.08517418801784515,0.6898112297058105,0.4662843346595764,-0.0858938992023468,0.6720594763755798,0.5782181024551392,-0.11032869666814804,0.6753770112991333,0.5951931476593018,-0.10377536714076996,0.6761457324028015,0.5834601521492004,-0.09419373422861099
