0,1,2,3,4,5,6,7,8,9,10,11,12,13,14,15,16,17,18,19,20,21,22,23,24,25,26,27,28,29,30,31,32,33,34,35,36,37,38,39,40,41,42,43,44,45,46,47,48,49,50,51,52,53,54,55,56,57,58,59,60,61,62
0.5929065942764282,0.34972864389419556,-4.6095379957478144e-07,0.528989851474762,0.3520180284976959,-0.011283674277365208,0.4710221588611603,0.3789876699447632,-0.03824441507458687,0.43677031993865967,0.42461103200912476,-0.06445296853780746,0.4119533598423004,0.47207748889923096,-0.09496555477380753,0.43055611848831177,0.32886552810668945,-0.06827454268932343,0.395191490650177,0.43623775243759155,-0.10335792601108551,0.3839960992336273,0.5099775195121765,-0.1261051595211029,0.3777427673339844,0.5741238594055176,-0.1411551982164383,0.47046908736228943,0.3253183960914612,-0.0799243226647377,0.4523732364177704,0.4692496359348297,-0.11435338854789734,0.4512535333633423,0.5510240793228149,-0.12458718568086624,0.4467574954032898,0.61170494556427,-0.133439302444458,0.5175162553787231,0.33936381340026855,-0.0897175595164299,0.5040392875671387,0.46795815229415894,-0.11500376462936401,0.5167706608772278,0.45178696513175964,-0.10615912824869156,0.5231941938400269,0.41657668352127075,-0.10152318328619003,0.5565966963768005,0.3593182861804962,-0.09950759261846542,0.5363787412643433,0.4646928012371063,-0.11877355724573135,0.5437482595443726,0.4514700770378113,-0.10900776088237762,0.5453532934188843,0.4117662310600281,-0.10156715661287308
0.5964898467063904,0.34931087493896484,-4.7581809781149786e-07,0.531955897808075,0.34785085916519165,-0.010986389592289925,0.47322529554367065,0.3748791217803955,-0.036960817873477936,0.4385825991630554,0.4219224452972412,-0.062324851751327515,0.41542544960975647,0.4722186326980591,-0.09190329164266586,0.4312102794647217,0.3272790014743805,-0.06373882293701172,0.39605912566185,0.4359450042247772,-0.09751616418361664,0.38465532660484314,0.5092623829841614,-0.11986511200666428,0.37846606969833374,0.5734653472900391,-0.13469551503658295,0.47003844380378723,0.3238884508609772,-0.07517120242118835,0.4537046551704407,0.4682224690914154,-0.10817910730838776,0.4523245692253113,0.5494182705879211,-0.11894843727350235,0.44791460037231445,0.6098605394363403,-0.1282871514558792,0.5168730616569519,0.33821558952331543,-0.08488111943006516,0.5048064589500427,0.4677499532699585,-0.10941581428050995,0.5168063640594482,0.4530203640460968,-0.10200444608926773,0.5229160785675049,0.4195738434791565,-0.09838493168354034,0.5565778017044067,0.35908031463623047,-0.09460289776325226,0.5373506546020508,0.46531206369400024,-0.11379171162843704,0.543869137763977,0.4522179067134857,-0.10519562661647797,0.5449807643890381,0.41313642263412476,-0.09855160117149353
0.5956481695175171,0.35277748107910156,-4.83674284623703e-07,0.5298833250999451,0.35435304045677185,-0.012025820091366768,0.4674113094806671,0.38050299882888794,-0.038566239178180695,0.4272749423980713,0.4239107370376587,-0.06372065097093582,0.3951158821582794,0.4714076519012451,-0.09267546236515045,0.43026724457740784,0.3268047571182251,-0.06819997727870941,0.3951758146286011,0.43688759207725525,-0.10175210237503052,0.3834943473339081,0.5119427442550659,-0.1224956065416336,0.37735265493392944,0.5772048234939575,-0.13631023466587067,0.47037193179130554,0.32320597767829895,-0.07898543030023575,0.45174747705459595,0.4675671458244324,-0.11112531274557114,0.4499604105949402,0.547032356262207,-0.12006868422031403,0.4440041184425354,0.6057453155517578,-0.12883496284484863,0.5172210931777954,0.3376341760158539,-0.08793430775403976,0.5031800866127014,0.46765249967575073,-0.11174622923135757,0.5163952708244324,0.4512554407119751,-0.10292574018239975,0.5227688550949097,0.4165317416191101,-0.0991537868976593,0.5568183064460754,0.3586612939834595,-0.09692486375570297,0.5367109775543213,0.4645504653453827,-0.11647917330265045,0.5446193814277649,0.4508606195449829,-0.10791884362697601,0.5467920899391174,0.41091305017471313,-0.10169396549463272
0.5958051681518555,0.35206693410873413,-4.898532779407105e-07,0.5291634798049927,0.3546144366264343,-0.010832376778125763,0.466206818819046,0.38113921880722046,-0.03620058670639992,0.4248993396759033,0.42431706190109253,-0.06057901307940483,0.391143262386322,0.4692177176475525,-0.08909706771373749,0.4321223497390747,0.3260253965854645,-0.06543498486280441,0.3962123394012451,0.43409278988838196,-0.09809661656618118,0.384162038564682,0.5069137811660767,-0.11904200911521912,0.3765679597854614,0.5693835616111755,-0.13323676586151123,0.4722881019115448,0.3238285779953003,-0.07679750770330429,0.4526062309741974,0.4663507342338562,-0.10876017063856125,0.4504324495792389,0.546950101852417,-0.11860226839780807,0.4448515474796295,0.6057472825050354,-0.12785956263542175,0.5197199583053589,0.3396516442298889,-0.08622746169567108,0.504459023475647,0.4665874242782593,-0.11031367629766464,0.5174745917320251,0.45171883702278137,-0.10272204875946045,0.5241011381149292,0.4174916744232178,-0.09955499321222305,0.5596879720687866,0.3617140054702759,-0.0954592227935791,0.5379871726036072,0.46622762084007263,-0.11478252708911896,0.5450344681739807,0.45344245433807373,-0.10645025968551636,0.5468825101852417,0.41399869322776794,-0.10035818070173264
0.5953894853591919,0.34791868925094604,-4.804436457561678e-07,0.5295647382736206,0.3502058684825897,-0.010958579368889332,0.46634966135025024,0.380042165517807,-0.03629519045352936,0.4248797297477722,0.4273584485054016,-0.06058762967586517,0.3911558985710144,0.47418785095214844,-0.08905242383480072,0.43319040536880493,0.3268187940120697,-0.06526827812194824,0.39703071117401123,0.4341837167739868,-0.09777490049600601,0.38431671261787415,0.506186842918396,-0.11835886538028717,0.3757413923740387,0.568078339099884,-0.13233889639377594,0.47277677059173584,0.32529526948928833,-0.07628214359283447,0.45304620265960693,0.4684601128101349,-0.10766483843326569,0.4498557150363922,0.5497928261756897,-0.11694280058145523,0.442647784948349,0.6096990704536438,-0.12597820162773132,0.5197494626045227,0.3407834470272064,-0.08543065935373306,0.5051212310791016,0.466890811920166,-0.10953265428543091,0.5182426571846008,0.45078545808792114,-0.10201268643140793,0.524777352809906,0.4158875048160553,-0.09885414689779282,0.5592445135116577,0.361795574426651,-0.09431829303503036,0.5373415350914001,0.4666787385940552,-0.11374443769454956,0.544525682926178,0.45362716913223267,-0.10551399737596512,0.5467281341552734,0.4140084683895111,-0.099492646753788
0.5981407165527344,0.3486970365047455,-4.639432518160902e-07,0.5323477983474731,0.3505641222000122,-0.009918715804815292,0.4688432812690735,0.37927350401878357,-0.03435579314827919,0.4280829429626465,0.4259302616119385,-0.05794091522693634,0.3958376348018646,0.4734850525856018,-0.08541344851255417,0.4346027374267578,0.3262225091457367,-0.06184797361493111,0.3979201316833496,0.43557536602020264,-0.09424782544374466,0.38452428579330444,0.5081697702407837,-0.1159088984131813,0.37601494789123535,0.5695221424102783,-0.1308867186307907,0.47384530305862427,0.3245059549808502,-0.07324810326099396,0.4534296989440918,0.46402204036712646,-0.10426075011491776,0.4487854540348053,0.5417255163192749,-0.11460243165493011,0.44123461842536926,0.5987392067909241,-0.12474188953638077,0.5202920436859131,0.339706152677536,-0.08288148045539856,0.5041590332984924,0.4666396975517273,-0.10617837309837341,0.5169214606285095,0.44967812299728394,-0.09868478029966354,0.5235891342163086,0.4141862988471985,-0.09579063206911087,0.5600078105926514,0.36097732186317444,-0.09236785024404526,0.5364658236503601,0.46655547618865967,-0.11144052445888519,0.5432501435279846,0.4531223773956299,-0.10341151058673859,0.5453228950500488,0.41282185912132263,-0.09766343235969543
0.5966964960098267,0.35066527128219604,-4.6041188284107193e-07,0.530726432800293,0.3523373007774353,-0.010108192451298237,0.4696076512336731,0.38124459981918335,-0.03606128320097923,0.43022122979164124,0.4272845983505249,-0.06117155775427818,0.3986281454563141,0.47382041811943054,-0.09020834416151047,0.43460938334465027,0.3270249366760254,-0.06579452008008957,0.39727461338043213,0.43455934524536133,-0.09942790120840073,0.3841862380504608,0.5078832507133484,-0.12082673609256744,0.37583500146865845,0.5708211660385132,-0.13529224693775177,0.47431680560112,0.3253718316555023,-0.07740984857082367,0.45189929008483887,0.46964579820632935,-0.10886696726083755,0.4465065896511078,0.5510320663452148,-0.11786388605833054,0.4375499486923218,0.6106104254722595,-0.1271379590034485,0.520624577999115,0.3405589461326599,-0.08720238506793976,0.5041009783744812,0.46793562173843384,-0.11048353463411331,0.5173761248588562,0.4495237469673157,-0.10168413817882538,0.5241780877113342,0.4125318229198456,-0.0981239527463913,0.5595493912696838,0.3609636425971985,-0.09689939767122269,0.5372889041900635,0.4662734866142273,-0.11575742065906525,0.5450743436813354,0.4521965980529785,-0.10705812275409698,0.5471779704093933,0.4113355576992035,-0.1010577529668808
0.5967008471488953,0.34863781929016113,-4.85891803236882e-07,0.5314856767654419,0.3511499762535095,-0.010136056691408157,0.4689303934574127,0.38020673394203186,-0.034820567816495895,0.42789533734321594,0.42537572979927063,-0.05861007049679756,0.394549161195755,0.4715077877044678,-0.08630350977182388,0.434675931930542,0.3267679810523987,-0.06341253966093063,0.3974595069885254,0.4363773465156555,-0.09647036343812943,0.38425761461257935,0.5090015530586243,-0.1182594746351242,0.3761599361896515,0.5707792639732361,-0.13302873075008392,0.4742308557033539,0.32463377714157104,-0.07494432479143143,0.4546593427658081,0.46545088291168213,-0.10626939684152603,0.4497677981853485,0.5445523262023926,-0.11612974107265472,0.4422115981578827,0.6031383275985718,-0.125624418258667,0.5209797620773315,0.3395240604877472,-0.08473820984363556,0.5055322647094727,0.466105580329895,-0.10822959244251251,0.5167752504348755,0.45153263211250305,-0.10015943646430969,0.5228371620178223,0.4183838963508606,-0.09668198972940445,0.5606781840324402,0.3606643080711365,-0.09445129334926605,0.5379671454429626,0.4666886031627655,-0.11399372667074203,0.5431721806526184,0.4549339711666107,-0.10582476854324341,0.5441991686820984,0.41637587547302246,-0.0996377095580101
0.5971202850341797,0.35029497742652893,-4.7168299488475895e-07,0.5315414071083069,0.35166412591934204,-0.00926719605922699,0.4685083031654358,0.3799777030944824,-0.033982954919338226,0.42688626050949097,0.4253678619861603,-0.057898443192243576,0.39351674914360046,0.471589595079422,-0.08587182313203812,0.43504855036735535,0.32763105630874634,-0.06330978870391846,0.397722452878952,0.43838590383529663,-0.09538103640079498,0.38429200649261475,0.5106567144393921,-0.1161525622010231,0.3751906752586365,0.5710736513137817,-0.1304846853017807,0.47447386384010315,0.3254745602607727,-0.07499026507139206,0.4533032774925232,0.4682783782482147,-0.1047806367278099,0.4484800696372986,0.5467069149017334,-0.11352289468050003,0.44024670124053955,0.603384256362915,-0.1227554902434349,0.5210322141647339,0.34033066034317017,-0.08479904383420944,0.5049018263816833,0.4670473337173462,-0.1071082204580307,0.5165013074874878,0.4503796696662903,-0.09911081194877625,0.5221480131149292,0.4147107005119324,-0.09625806659460068,0.5604481101036072,0.36099958419799805,-0.094386525452137,0.5377779006958008,0.4669359624385834,-0.1131158098578453,0.5435325503349304,0.45416879653930664,-0.10518434643745422,0.5447012186050415,0.41438406705856323,-0.09970057755708694
0.5991539359092712,0.35321128368377686,-4.5622942934642197e-07,0.5335961580276489,0.3530793786048889,-0.008513715118169785,0.47240114212036133,0.3810887336730957,-0.0333259142935276,0.4344966411590576,0.42872580885887146,-0.057655755430459976,0.40791377425193787,0.4778885841369629,-0.0861302837729454,0.437039852142334,0.32506659626960754,-0.06260590255260468,0.39823201298713684,0.43461376428604126,-0.09490753710269928,0.38390564918518066,0.5085306167602539,-0.11668536067008972,0.3754129409790039,0.570954442024231,-0.13183680176734924,0.47702211141586304,0.3222925364971161,-0.0751677080988884,0.4543835520744324,0.46153533458709717,-0.10544732213020325,0.4492787718772888,0.537342369556427,-0.11542274802923203,0.44101184606552124,0.59222012758255,-0.12546078860759735,0.5237409472465515,0.3376157879829407,-0.0857529565691948,0.5056340098381042,0.4656880795955658,-0.10804682970046997,0.5174525380134583,0.4480758309364319,-0.10025245696306229,0.5235604643821716,0.41149380803108215,-0.09748739749193192,0.5632717609405518,0.35953250527381897,-0.09614526480436325,0.5385202765464783,0.4651937484741211,-0.1145651638507843,0.5449062585830688,0.45134907960891724,-0.10597443580627441,0.5470872521400452,0.4107617437839508,-0.10002461820840836
0.5979639291763306,0.3559570610523224,-4.643118245439837e-07,0.5309107899665833,0.36226212978363037,-0.009469966404139996,0.4650295674800873,0.39004841446876526,-0.03244372457265854,0.41976821422576904,0.4330920875072479,-0.05434778705239296,0.3793916702270508,0.474039763212204,-0.07963788509368896,0.4389861524105072,0.3233109712600708,-0.06117354333400726,0.3992907404899597,0.423222154378891,-0.09324069321155548,0.3828274607658386,0.4920046925544739,-0.11404671519994736,0.37190163135528564,0.550039529800415,-0.12857265770435333,0.4788619577884674,0.32176315784454346,-0.07275322079658508,0.45454779267311096,0.45408394932746887,-0.10432177782058716,0.45087766647338867,0.5241267085075378,-0.11401772499084473,0.4448419511318207,0.5731779336929321,-0.12311573326587677,0.5242740511894226,0.33804023265838623,-0.08265788108110428,0.5047945380210876,0.4639208912849426,-0.10712111741304398,0.5173508524894714,0.4468613862991333,-0.09911756217479706,0.5241103768348694,0.4111140966415405,-0.09526076167821884,0.5629698634147644,0.360502690076828,-0.09233178943395615,0.536870539188385,0.46348127722740173,-0.11307677626609802,0.5433353185653687,0.45076626539230347,-0.1056862473487854,0.5458548665046692,0.4110303521156311,-0.09979784488677979
0.6229948997497559,0.3890794515609741,-3.5396533348830417e-07,0.559346616268158,0.3811684250831604,-0.011477049440145493,0.4980340003967285,0.4176979959011078,-0.027315687388181686,0.4568629562854767,0.4658147990703583,-0.04197175055742264,0.4324767291545868,0.5103266835212708,-0.06114799529314041,0.46491310000419617,0.3976917862892151,-0.049931660294532776,0.4114477038383484,0.4777540862560272,-0.08270107954740524,0.3823332190513611,0.536413311958313,-0.10590608417987823,0.35920804738998413,0.5882467031478882,-0.12070366740226746,0.4930490553379059,0.39445504546165466,-0.05673909932374954,0.4607332646846771,0.5075232982635498,-0.08520270884037018,0.44457724690437317,0.5906703472137451,-0.09976615756750107,0.4316293001174927,0.6575498580932617,-0.11157850921154022,0.5310132503509521,0.40923547744750977,-0.06263605505228043,0.5192357897758484,0.5215734243392944,-0.08703824132680893,0.518488883972168,0.5707936882972717,-0.09110802412033081,0.5181326270103455,0.5989413261413574,-0.093590646982193,0.570786714553833,0.43640607595443726,-0.0687161460518837,0.5609052181243896,0.5282664895057678,-0.08746238797903061,0.5555521845817566,0.5649418830871582,-0.08730617165565491,0.5533199906349182,0.5855305194854736,-0.08580423891544342
0.6178199648857117,0.435762882232666,-1.0304223252433076e-07,0.539912760257721,0.4324630796909332,0.0005658827722072601,0.4770134687423706,0.4808378219604492,-0.005416477099061012,0.43704745173454285,0.5267031788825989,-0.012521411292254925,0.41254279017448425,0.5620540976524353,-0.024086538702249527,0.4514806568622589,0.5076205730438232,-0.03283216804265976,0.3995542824268341,0.6131131052970886,-0.05513760820031166,0.3661302924156189,0.681678295135498,-0.07257886976003647,0.3398863673210144,0.7310700416564941,-0.08535843342542648,0.47794851660728455,0.5100160837173462,-0.041707899421453476,0.4431088864803314,0.6286038756370544,-0.068389393389225,0.4250268340110779,0.7037566304206848,-0.08778078109025955,0.4141283929347992,0.7568951845169067,-0.10281959921121597,0.5158328413963318,0.5141124129295349,-0.04695611819624901,0.5033893585205078,0.6189507842063904,-0.06716451048851013,0.5049259066581726,0.66559237241745,-0.07162842899560928,0.5103176236152649,0.689532995223999,-0.07399936765432358,0.5571439862251282,0.5213537216186523,-0.05128074437379837,0.5454177856445312,0.6013162732124329,-0.06444931775331497,0.5419678092002869,0.6435336470603943,-0.06141730770468712,0.5423984527587891,0.6688615679740906,-0.05802683159708977
0.6823385953903198,0.8482638597488403,3.4488635947127477e-07,0.647484302520752,0.819408655166626,-0.015379010699689388,0.6335211396217346,0.7697778940200806,-0.027210159227252007,0.6521504521369934,0.7451451420783997,-0.04021807760000229,0.6759588718414307,0.7331650853157043,-0.053590696305036545,0.6512361168861389,0.6915100812911987,-0.025835461914539337,0.6505581140518188,0.6241253018379211,-0.0483340322971344,0.6501674056053162,0.5771859884262085,-0.06251048296689987,0.6501742005348206,0.5386731624603271,-0.07066677510738373,0.6850523352622986,0.6960965394973755,-0.03321590647101402,0.6908169984817505,0.6296983361244202,-0.05698182433843613,0.6898537278175354,0.5821200609207153,-0.07045441120862961,0.6888289451599121,0.5432320237159729,-0.07582183182239532,0.7150758504867554,0.7201116681098938,-0.041776809841394424,0.7102417945861816,0.7049149870872498,-0.07161819934844971,0.6900631189346313,0.7437201738357544,-0.07557648420333862,0.676975429058075,0.7755062580108643,-0.06972918659448624,0.7396466135978699,0.7567898035049438,-0.0510944128036499,0.7231529951095581,0.7600635290145874,-0.07285752147436142,0.7001819014549255,0.7885149121284485,-0.07023733854293823,0.6867843270301819,0.8126984238624573,-0.06237632781267166
0.6792043447494507,0.8157449960708618,4.546450895759335e-07,0.6409721374511719,0.7765853404998779,-0.01568509452044964,0.6327163577079773,0.7059429287910461,-0.021192124113440514,0.6594948768615723,0.6507984399795532,-0.02776014804840088,0.6913007497787476,0.6272132992744446,-0.033949680626392365,0.6479305028915405,0.6446104049682617,-0.0014911475591361523,0.643789529800415,0.5835110545158386,-0.013167675584554672,0.6425274610519409,0.5390146970748901,-0.022826341912150383,0.6438032984733582,0.5029861330986023,-0.029894137755036354,0.6793332099914551,0.6473232507705688,-0.00498642772436142,0.6895031929016113,0.5847786664962769,-0.018892843276262283,0.6951119303703308,0.5383565425872803,-0.030944380909204483,0.700002908706665,0.5033080577850342,-0.037579674273729324,0.7075591683387756,0.6648926734924316,-0.011161189526319504,0.7149338126182556,0.6176547408103943,-0.03656816482543945,0.6935651898384094,0.644582211971283,-0.0442161001265049,0.6773281693458557,0.6757723093032837,-0.042398326098918915,0.7324305176734924,0.6923221945762634,-0.018072962760925293,0.7245035767555237,0.6649569272994995,-0.04100976139307022,0.7022479176521301,0.6936335563659668,-0.04304039105772972,0.6860030293464661,0.7253890633583069,-0.03911387175321579
0.6726986169815063,0.7927933931350708,5.068616815151472e-07,0.6375277638435364,0.7533392906188965,-0.015223905444145203,0.6346422433853149,0.6780645251274109,-0.018058693036437035,0.6661899089813232,0.6315683126449585,-0.02105317823588848,0.6975794434547424,0.6146081686019897,-0.02431572414934635,0.635252833366394,0.6131747961044312,-0.007809319533407688,0.6304179430007935,0.5429925322532654,-0.02000911720097065,0.629546046257019,0.49342626333236694,-0.028881678357720375,0.6296876072883606,0.45279982686042786,-0.03535151481628418,0.6691807508468628,0.6151145100593567,-0.0123677933588624,0.6801669597625732,0.5455134510993958,-0.027203269302845,0.6886197328567505,0.49432575702667236,-0.04104623198509216,0.6965075135231018,0.45358356833457947,-0.048611436039209366,0.6986075639724731,0.634532630443573,-0.018706796690821648,0.7095175981521606,0.5978195667266846,-0.04567999765276909,0.6911967396736145,0.6199043393135071,-0.059063393622636795,0.6757826209068298,0.6419902443885803,-0.061411935836076736,0.7198995351791382,0.665084958076477,-0.025386977940797806,0.7118011116981506,0.6645685434341431,-0.051224544644355774,0.6872979402542114,0.6962325572967529,-0.057502381503582,0.6691598892211914,0.7230978608131409,-0.056628674268722534
0.6705858707427979,0.7892627716064453,5.7125492958221e-07,0.6341813802719116,0.7540434002876282,-0.017458008602261543,0.630646824836731,0.676087498664856,-0.022338492795825005,0.6627215147018433,0.6292893886566162,-0.02670454792678356,0.6935591101646423,0.6062231063842773,-0.03105950355529785,0.6350723505020142,0.5986614227294922,-0.014194492250680923,0.6313361525535583,0.5175529718399048,-0.027339452877640724,0.6306641697883606,0.4632275700569153,-0.03406078740954399,0.6299372315406799,0.42137980461120605,-0.037449102848768234,0.6670268177986145,0.6036060452461243,-0.01851172000169754,0.675822377204895,0.5097432732582092,-0.03375444561243057,0.6811079382896423,0.447998583316803,-0.04524766653776169,0.6858190894126892,0.39909273386001587,-0.049795497208833694,0.6939734816551208,0.627240002155304,-0.024721520021557808,0.7038772106170654,0.5869932770729065,-0.053873542696237564,0.6821233034133911,0.614574134349823,-0.06651446223258972,0.6638727784156799,0.6382083296775818,-0.066321961581707,0.712122917175293,0.6633972525596619,-0.03110583871603012,0.7070508003234863,0.6491150259971619,-0.05716565623879433,0.6841592192649841,0.6841722130775452,-0.06077786535024643,0.665466845035553,0.7132600545883179,-0.05720725655555725
0.6599189043045044,0.7857869267463684,5.595099423771899e-07,0.621441662311554,0.7450851202011108,-0.017796654254198074,0.6170865297317505,0.6681014895439148,-0.023450419306755066,0.6510319709777832,0.6205341815948486,-0.02924271672964096,0.6842600107192993,0.5987309217453003,-0.035218868404626846,0.6223625540733337,0.5853525996208191,-0.014250342734158039,0.6161324977874756,0.49609050154685974,-0.0279938206076622,0.6147754192352295,0.4381703734397888,-0.03553370386362076,0.6138250231742859,0.3934312164783478,-0.0398031584918499,0.6567999720573425,0.5905762314796448,-0.019283505156636238,0.6665578484535217,0.49544233083724976,-0.03476790338754654,0.6723878979682922,0.4320099353790283,-0.04715152457356453,0.6771212816238403,0.3849344849586487,-0.053129009902477264,0.6851141452789307,0.6164906024932861,-0.026446698233485222,0.6975489854812622,0.5798941850662231,-0.054131247103214264,0.6744679808616638,0.599225640296936,-0.06799612939357758,0.6549106240272522,0.6181766390800476,-0.07000426948070526,0.7040185928344727,0.6543616056442261,-0.03402535989880562,0.7007506489753723,0.6415958404541016,-0.058195389807224274,0.6769516468048096,0.6721109747886658,-0.061924245208501816,0.6575967669487,0.700072169303894,-0.05950573831796646
0.6490801572799683,0.7854943871498108,5.513105065801938e-07,0.6105549335479736,0.7354155778884888,-0.017433881759643555,0.6085157990455627,0.6545459032058716,-0.02220044657588005,0.6460068821907043,0.6058831214904785,-0.027666142210364342,0.6819066405296326,0.5842246413230896,-0.032583583146333694,0.609475314617157,0.5783087611198425,-0.009751680307090282,0.6009844541549683,0.4923749268054962,-0.023101983591914177,0.5972907543182373,0.43654775619506836,-0.030017178505659103,0.5937337279319763,0.3928412199020386,-0.033324599266052246,0.6443393230438232,0.5858868360519409,-0.014248264953494072,0.6527338027954102,0.4912002682685852,-0.029066966846585274,0.6567583084106445,0.4298971891403198,-0.03925713896751404,0.660629153251648,0.382479727268219,-0.04309718683362007,0.672925591468811,0.6143532395362854,-0.02142990566790104,0.6803608536720276,0.5854654908180237,-0.048722028732299805,0.6605454087257385,0.6205689311027527,-0.05887367203831673,0.6477990746498108,0.6503355503082275,-0.056781310588121414,0.6911444664001465,0.6525654196739197,-0.02946101687848568,0.6890496015548706,0.6387278437614441,-0.05175580829381943,0.6681902408599854,0.6702578663825989,-0.053749360144138336,0.6535756587982178,0.6980117559432983,-0.04950649291276932
0.6416313648223877,0.789680540561676,5.376558078751259e-07,0.6034621596336365,0.7366371154785156,-0.015792064368724823,0.600533664226532,0.6565313339233398,-0.021061765030026436,0.6326624155044556,0.6068117618560791,-0.027763478457927704,0.6630666255950928,0.58447265625,-0.033760398626327515,0.6006011366844177,0.5796173810958862,-0.008539947681128979,0.5876850485801697,0.49560877680778503,-0.022364404052495956,0.5799229145050049,0.4414920508861542,-0.029965128749608994,0.5737158060073853,0.39826256036758423,-0.033822476863861084,0.6343815922737122,0.5875549912452698,-0.014358099550008774,0.643394410610199,0.4926736354827881,-0.030039507895708084,0.6473705768585205,0.4313700795173645,-0.04076271504163742,0.6529926061630249,0.38287854194641113,-0.04497221112251282,0.6618994474411011,0.616258978843689,-0.022783685475587845,0.67056804895401,0.5846330523490906,-0.0503767766058445,0.6496870517730713,0.6214401125907898,-0.059095434844493866,0.6377722024917603,0.652612030506134,-0.055832043290138245,0.6791654229164124,0.6555190086364746,-0.032074201852083206,0.6796000599861145,0.6356711983680725,-0.05337676405906677,0.66033935546875,0.6660863161087036,-0.05360911786556244,0.6482111811637878,0.6945284605026245,-0.048073910176754
0.6341131925582886,0.7858952283859253,5.5209858373928e-07,0.594649612903595,0.7351148724555969,-0.014619727618992329,0.5913614630699158,0.6550050973892212,-0.01893967017531395,0.6250841617584229,0.6081106066703796,-0.024851229041814804,0.6553127765655518,0.5882775783538818,-0.03030961938202381,0.5906676054000854,0.5773287415504456,-0.0051017277874052525,0.5756418704986572,0.4974653720855713,-0.016952473670244217,0.5668562650680542,0.4459972381591797,-0.024187570437788963,0.5595048666000366,0.40466445684432983,-0.02831660956144333,0.6251128315925598,0.5845795273780823,-0.011116118170320988,0.6366304755210876,0.4917090833187103,-0.024778811261057854,0.641609251499176,0.4309602975845337,-0.035644836723804474,0.6471485495567322,0.38332104682922363,-0.04060094431042671,0.6528578400611877,0.6133988499641418,-0.019660793244838715,0.6629724502563477,0.5794060230255127,-0.04460817202925682,0.6409461498260498,0.6129553318023682,-0.05362074449658394,0.6263231039047241,0.6404505372047424,-0.051823072135448456,0.6708120107650757,0.652595043182373,-0.02903984859585762,0.6730698347091675,0.6314258575439453,-0.04866190254688263,0.6550900340080261,0.662218451499939,-0.04843530431389809,0.6425965428352356,0.6896270513534546,-0.043363407254219055
0.6330270767211914,0.7866406440734863,5.785649932477099e-07,0.5925191640853882,0.7402607202529907,-0.017927806824445724,0.5870630741119385,0.660823404788971,-0.02372732385993004,0.6208381652832031,0.6068388819694519,-0.030428962782025337,0.6536738276481628,0.5796296000480652,-0.03627276048064232,0.5809755325317383,0.583001971244812,-0.008798221126198769,0.5647287964820862,0.5013715624809265,-0.02198011800646782,0.5562704205513,0.4495888948440552,-0.02881196141242981,0.5482873320579529,0.4076903462409973,-0.03198913857340813,0.6163371801376343,0.5878614783287048,-0.013205127790570259,0.6278691291809082,0.492892861366272,-0.028026064857840538,0.6333218216896057,0.43294280767440796,-0.03769568353891373,0.6383876800537109,0.3862400949001312,-0.04064847528934479,0.6452913880348206,0.6149964332580566,-0.020484119653701782,0.6520489454269409,0.5874810218811035,-0.04773185774683952,0.6340022683143616,0.6270590424537659,-0.05597541108727455,0.6238466501235962,0.6548997759819031,-0.051917027682065964,0.6643702387809753,0.6529806852340698,-0.02870013751089573,0.6654022932052612,0.6341679096221924,-0.049151625484228134,0.6491481065750122,0.6673060655593872,-0.04843118041753769,0.6386724710464478,0.6928077340126038,-0.04205230623483658
0.6275609731674194,0.7905566096305847,5.819168791276752e-07,0.5888289213180542,0.7477327585220337,-0.017661014571785927,0.5801465511322021,0.6737709641456604,-0.024519233033061028,0.6105697751045227,0.622814416885376,-0.03232391178607941,0.6390979886054993,0.5886454582214355,-0.039174553006887436,0.5753247141838074,0.5871949791908264,-0.009599022567272186,0.5575438737869263,0.5058768391609192,-0.023051569238305092,0.5468803644180298,0.45493507385253906,-0.03018658608198166,0.5380295515060425,0.41352441906929016,-0.03395525738596916,0.6101699471473694,0.5905280709266663,-0.014428077265620232,0.6188160181045532,0.49416035413742065,-0.02946286089718342,0.6243244409561157,0.43462762236595154,-0.039549537003040314,0.6301727294921875,0.38975828886032104,-0.04332832619547844,0.6386728286743164,0.616938054561615,-0.022019922733306885,0.6475476026535034,0.586439311504364,-0.0485941544175148,0.6295172572135925,0.6275357007980347,-0.0556645467877388,0.6183290481567383,0.6573343276977539,-0.05182822793722153,0.6583196520805359,0.6546005606651306,-0.030681047588586807,0.6604883670806885,0.6353855729103088,-0.05195463448762894,0.6444531083106995,0.6718518733978271,-0.051147133111953735,0.6331655383110046,0.6995297074317932,-0.04501081630587578
0.6276246905326843,0.7906984686851501,5.376147669267084e-07,0.58883136510849,0.7475004196166992,-0.019193178042769432,0.5793370008468628,0.6732215881347656,-0.025012057274580002,0.6104754209518433,0.6212735772132874,-0.03134255111217499,0.6435348987579346,0.591354250907898,-0.036247946321964264,0.5772437453269958,0.5925325751304626,-0.010145165957510471,0.5647276043891907,0.5037827491760254,-0.023655368015170097,0.5583393573760986,0.45007774233818054,-0.029489604756236076,0.5528804063796997,0.4075956344604492,-0.031462930142879486,0.6092775464057922,0.5942786335945129,-0.013341205194592476,0.6119942665100098,0.49702146649360657,-0.02813439629971981,0.6127610802650452,0.4358628988265991,-0.03654998540878296,0.6146005988121033,0.38996225595474243,-0.03844115510582924,0.6370694637298584,0.6175342202186584,-0.019618839025497437,0.6444371342658997,0.5905684232711792,-0.04678911343216896,0.6285024881362915,0.6337471008300781,-0.05399898812174797,0.6184927821159363,0.664773166179657,-0.049092475324869156,0.6569802165031433,0.6521145105361938,-0.027124503627419472,0.6594462394714355,0.635233461856842,-0.048855531960725784,0.6439001560211182,0.6709798574447632,-0.049259841442108154,0.6323990821838379,0.6986205577850342,-0.04339691251516342
0.6275069117546082,0.7950312495231628,5.301430405779683e-07,0.58856600522995,0.7513530850410461,-0.018828000873327255,0.5820150375366211,0.6749997138977051,-0.02623932994902134,0.6130495667457581,0.6233562231063843,-0.03438055142760277,0.6440186500549316,0.5939235091209412,-0.041346918791532516,0.577725350856781,0.59107506275177,-0.013263828121125698,0.5725036859512329,0.502951979637146,-0.030216408893465996,0.571875274181366,0.4472408890724182,-0.0397765077650547,0.5724619030952454,0.4030321538448334,-0.04464062303304672,0.6096673607826233,0.5944812297821045,-0.018558014184236526,0.6092604994773865,0.49847158789634705,-0.03698798641562462,0.6090511679649353,0.43930280208587646,-0.0489182211458683,0.6114737391471863,0.39257559180259705,-0.053719811141490936,0.6389844417572021,0.6193243265151978,-0.026472222059965134,0.6484105587005615,0.5896066427230835,-0.054713211953639984,0.6294178366661072,0.6330413222312927,-0.06102598085999489,0.6159401535987854,0.6635526418685913,-0.0563206821680069,0.6598029136657715,0.6571587324142456,-0.03578728437423706,0.6629571914672852,0.6381090879440308,-0.05802483856678009,0.6456748247146606,0.6723047494888306,-0.05750823765993118,0.6319478750228882,0.6989138126373291,-0.051297008991241455
0.6277124285697937,0.8000146150588989,5.469593702400743e-07,0.5881936550140381,0.7530182600021362,-0.021019067615270615,0.5830293297767639,0.673302948474884,-0.02956559509038925,0.6143335103988647,0.6198917031288147,-0.038945071399211884,0.6451289057731628,0.5908826589584351,-0.047263577580451965,0.5796366930007935,0.5948461890220642,-0.013137703761458397,0.5832096338272095,0.5103158950805664,-0.03318198397755623,0.5872880816459656,0.45540204644203186,-0.046187013387680054,0.5913671851158142,0.41046231985092163,-0.05365277826786041,0.6097590923309326,0.5999205708503723,-0.01843636855483055,0.6088534593582153,0.5031833648681641,-0.040797825902700424,0.6070510745048523,0.44327691197395325,-0.055592168122529984,0.6088007688522339,0.39323166012763977,-0.06208053231239319,0.6389312744140625,0.6246510744094849,-0.026695039123296738,0.6517011523246765,0.5884813070297241,-0.05814782530069351,0.6307247877120972,0.6349040269851685,-0.06371010839939117,0.615483820438385,0.6674935221672058,-0.05774125084280968,0.6601901650428772,0.6624417901039124,-0.036726292222738266,0.6639822721481323,0.64259272813797,-0.060114312916994095,0.646926760673523,0.676535427570343,-0.05896957218647003,0.6348142027854919,0.7004486322402954,-0.05202408507466316
0.6320607662200928,0.8053086996078491,5.454742790789169e-07,0.5905657410621643,0.7589399814605713,-0.021811479702591896,0.5821972489356995,0.678257405757904,-0.030860064551234245,0.6119776964187622,0.6215502619743347,-0.0409737303853035,0.6433489322662354,0.588820219039917,-0.050044991075992584,0.5812116861343384,0.6050856709480286,-0.0122672775760293,0.5881994366645813,0.5184646844863892,-0.03243166208267212,0.5973755121231079,0.46267133951187134,-0.04576794430613518,0.6064095497131348,0.4165396988391876,-0.05341855436563492,0.6096969246864319,0.6097948551177979,-0.016647648066282272,0.6074984669685364,0.5134080648422241,-0.03922673314809799,0.6055472493171692,0.454318642616272,-0.053751904517412186,0.6073819398880005,0.4048548936843872,-0.0601540133357048,0.6381745338439941,0.6320502758026123,-0.024288756772875786,0.6507604122161865,0.5883989334106445,-0.056769147515296936,0.633438766002655,0.6354615688323975,-0.06165558844804764,0.6204256415367126,0.6694528460502625,-0.055081114172935486,0.661827802658081,0.6675098538398743,-0.033752210438251495,0.6657377481460571,0.6384268403053284,-0.0580182708799839,0.6501523852348328,0.6739503145217896,-0.05640418455004692,0.6384322643280029,0.7004718780517578,-0.049016714096069336
0.6332135200500488,0.8048484921455383,6.24701442575315e-07,0.5926526784896851,0.7557824850082397,-0.02223447524011135,0.5843060612678528,0.6766115427017212,-0.031229501590132713,0.6154695153236389,0.6222066879272461,-0.040944840759038925,0.6461006999015808,0.5895423889160156,-0.04945233464241028,0.5812373757362366,0.6012082099914551,-0.013017482124269009,0.5927609205245972,0.5147649645805359,-0.03293231502175331,0.6046931147575378,0.45695173740386963,-0.04589816555380821,0.6147469282150269,0.41001319885253906,-0.05274718999862671,0.6093240976333618,0.6066492199897766,-0.016836930066347122,0.608487606048584,0.5102871656417847,-0.037673771381378174,0.6091552376747131,0.4522738456726074,-0.048958487808704376,0.6118262410163879,0.40604743361473083,-0.052469197660684586,0.6376069784164429,0.629993200302124,-0.024381428956985474,0.6526776552200317,0.5916776061058044,-0.056307725608348846,0.6376670598983765,0.6422297358512878,-0.0605277456343174,0.6237959861755371,0.6771184802055359,-0.052606139332056046,0.6616175174713135,0.6671946048736572,-0.03377204015851021,0.6694611310958862,0.6377206444740295,-0.05734880641102791,0.6543937921524048,0.6738770008087158,-0.05548298731446266,0.639667272567749,0.7007806897163391,-0.04754216596484184
0.6343287825584412,0.8123314380645752,6.119418003436294e-07,0.5928962230682373,0.7632902264595032,-0.02292773313820362,0.5840193629264832,0.6811690926551819,-0.03218195587396622,0.61406409740448,0.623227596282959,-0.042361266911029816,0.6445308923721313,0.5887948870658875,-0.0514327809214592,0.5824190974235535,0.6074442863464355,-0.010955424048006535,0.5950866937637329,0.5209674835205078,-0.030995825305581093,0.6079402565956116,0.4620846211910248,-0.04519704729318619,0.6194241046905518,0.4133549928665161,-0.05356487259268761,0.610603392124176,0.6132378578186035,-0.014495817013084888,0.6089951992034912,0.5175046920776367,-0.03621227294206619,0.6071984171867371,0.4577382802963257,-0.0494430735707283,0.6090728640556335,0.4076851010322571,-0.05521777644753456,0.6389753818511963,0.6364989876747131,-0.021884864196181297,0.6549440026283264,0.5871444940567017,-0.05456879734992981,0.6371579170227051,0.6383568048477173,-0.05859380215406418,0.6223542094230652,0.6776472330093384,-0.0510743111371994,0.6637395024299622,0.6735913753509521,-0.03125081583857536,0.6707441210746765,0.6364216208457947,-0.05633966997265816,0.6542980074882507,0.6729272603988647,-0.05460444837808609,0.6390111446380615,0.703528881072998,-0.04683356732130051
0.6362602114677429,0.8048735857009888,6.57084456179291e-07,0.5962458848953247,0.7596678137779236,-0.027425944805145264,0.5877833366394043,0.680912971496582,-0.03665284439921379,0.6184629797935486,0.6249589323997498,-0.04558439925312996,0.6492653489112854,0.5918958187103271,-0.052934445440769196,0.5846048593521118,0.5985881090164185,-0.01323934830725193,0.5960479974746704,0.5116764903068542,-0.03291621059179306,0.6081883311271667,0.45193928480148315,-0.04582676663994789,0.6183515191078186,0.40470558404922485,-0.05227271467447281,0.6125593781471252,0.6048126816749573,-0.013898244127631187,0.6107349991798401,0.5084449052810669,-0.033934179693460464,0.6112145781517029,0.4506591260433197,-0.0438995361328125,0.6135537624359131,0.40584665536880493,-0.04602193459868431,0.6406061053276062,0.6285701990127563,-0.019290190190076828,0.6548382043838501,0.5941564440727234,-0.05157799646258354,0.6412619948387146,0.6475180983543396,-0.05573517829179764,0.6282919049263,0.6833667755126953,-0.04694223403930664,0.6642846465110779,0.6649423241615295,-0.027071770280599594,0.6724695563316345,0.6346504092216492,-0.051071591675281525,0.6575013995170593,0.6729392409324646,-0.04936188459396362,0.6416739225387573,0.701684832572937,-0.041125547140836716
0.636018693447113,0.8073585033416748,6.350056764858891e-07,0.5952078104019165,0.7631158232688904,-0.026577573269605637,0.5860121250152588,0.6833270788192749,-0.03608207777142525,0.6173093318939209,0.6247506141662598,-0.045601990073919296,0.648819625377655,0.587434709072113,-0.053794536739587784,0.5844692587852478,0.6014093160629272,-0.012513581663370132,0.5965433120727539,0.5142005681991577,-0.03277963399887085,0.6094251871109009,0.4548199772834778,-0.046646032482385635,0.6208757162094116,0.4070456624031067,-0.05430317297577858,0.6129553318023682,0.6075791716575623,-0.013830580748617649,0.6108500361442566,0.5119288563728333,-0.03500417247414589,0.6104191541671753,0.45324647426605225,-0.04705587401986122,0.6131802201271057,0.4066479206085205,-0.051245782524347305,0.641547679901123,0.631608784198761,-0.01952449604868889,0.6550480723381042,0.5904728174209595,-0.05221838876605034,0.6383817195892334,0.6441640853881836,-0.056107666343450546,0.6252423524856567,0.6818715929985046,-0.047864850610494614,0.6659026145935059,0.6683428287506104,-0.027529342100024223,0.6689444184303284,0.6385223269462585,-0.05306103453040123,0.6530179977416992,0.6786106824874878,-0.05166000872850418,0.6397765874862671,0.7074503302574158,-0.043679818511009216
0.6348491311073303,0.8091593980789185,6.325924459815724e-07,0.5952666997909546,0.7624672055244446,-0.02684447169303894,0.5875029563903809,0.6844801902770996,-0.03852911293506622,0.6178249716758728,0.6274021863937378,-0.05018111690878868,0.6480774283409119,0.5901343822479248,-0.06043193116784096,0.584147036075592,0.6049582362174988,-0.016577672213315964,0.5961490273475647,0.5175798535346985,-0.03935461491346359,0.6101852655410767,0.4586653709411621,-0.054831188172101974,0.6228796243667603,0.40966659784317017,-0.06367142498493195,0.612977921962738,0.6095112562179565,-0.018630648031830788,0.6095030307769775,0.5151894092559814,-0.042535532265901566,0.6105395555496216,0.45802584290504456,-0.05609343200922012,0.6148856282234192,0.4110617935657501,-0.061335694044828415,0.6420238018035889,0.6326943635940552,-0.024746950715780258,0.6548876762390137,0.5943206548690796,-0.05917167291045189,0.6392313241958618,0.6460620760917664,-0.06340938061475754,0.6265563368797302,0.6822497248649597,-0.05556457117199898,0.6671819090843201,0.6696662902832031,-0.03318703919649124,0.6714891791343689,0.6435443162918091,-0.05992719531059265,0.6551569104194641,0.6826882362365723,-0.05899737402796745,0.640900731086731,0.7105470895767212,-0.05133027210831642
0.6350862383842468,0.818629264831543,6.324875130303553e-07,0.5930116176605225,0.7754851579666138,-0.02583094872534275,0.5839375853538513,0.6954178214073181,-0.03686169162392616,0.6157764196395874,0.6384959816932678,-0.04838438332080841,0.6465567946434021,0.6011598110198975,-0.05845266208052635,0.5871750712394714,0.6072361469268799,-0.012803428806364536,0.5999134182929993,0.5230000615119934,-0.034577708691358566,0.6142269968986511,0.46450546383857727,-0.050464775413274765,0.6280806064605713,0.4156545400619507,-0.06018499284982681,0.6155528426170349,0.6127044558525085,-0.015893585979938507,0.6104967594146729,0.5177446603775024,-0.03846600651741028,0.6087002754211426,0.45797020196914673,-0.0524340495467186,0.611136794090271,0.40821439027786255,-0.0587615892291069,0.6433137059211731,0.6380494236946106,-0.023252636194229126,0.6580142378807068,0.5935226678848267,-0.056833937764167786,0.6399659514427185,0.6467656493186951,-0.060729581862688065,0.6256119608879089,0.6877542734146118,-0.053161248564720154,0.6667541265487671,0.6782379150390625,-0.033069368451833725,0.6736053824424744,0.6482210159301758,-0.060695212334394455,0.655697226524353,0.6877505779266357,-0.06022327020764351,0.6394356489181519,0.7192077040672302,-0.052930425852537155
0.6371910572052002,0.8166910409927368,6.237010552467837e-07,0.5945612192153931,0.7743838429450989,-0.02739151008427143,0.5857577323913574,0.6961673498153687,-0.03785879909992218,0.6171426773071289,0.6403648853302002,-0.04798111692070961,0.6484753489494324,0.6024253368377686,-0.05647848919034004,0.5859643220901489,0.6045426726341248,-0.012982618995010853,0.600667417049408,0.5224390625953674,-0.03330149129033089,0.6159573197364807,0.46657049655914307,-0.047545574605464935,0.6295832395553589,0.4207257032394409,-0.05556082725524902,0.6145898699760437,0.6101275086402893,-0.014842327684164047,0.6085710525512695,0.5129443407058716,-0.03518208488821983,0.6066249012947083,0.45341241359710693,-0.04707573726773262,0.6074686646461487,0.4055649936199188,-0.051358506083488464,0.6428828835487366,0.6352027654647827,-0.021310510113835335,0.6569677591323853,0.596159040927887,-0.05487440153956413,0.6414015889167786,0.6504800319671631,-0.06040200963616371,0.6273403167724609,0.6887754797935486,-0.05327720195055008,0.6665502190589905,0.6737555265426636,-0.030106859281659126,0.6711716651916504,0.6502261757850647,-0.05749497935175896,0.6545506119728088,0.692563533782959,-0.05796702206134796,0.6388792991638184,0.7220768928527832,-0.05125848948955536
0.6382203698158264,0.8221802711486816,6.422538376682496e-07,0.5945487022399902,0.7786422371864319,-0.02882407233119011,0.5838337540626526,0.7010814547538757,-0.04139342159032822,0.6160367131233215,0.6431998014450073,-0.053679272532463074,0.6487981677055359,0.6020368337631226,-0.06446759402751923,0.5851954817771912,0.6131677627563477,-0.01620442047715187,0.5977317094802856,0.528846800327301,-0.03967020660638809,0.6131858825683594,0.47063255310058594,-0.05606534704566002,0.6276337504386902,0.42182284593582153,-0.06537334620952606,0.614560604095459,0.6164519190788269,-0.01776817813515663,0.609005331993103,0.5181210041046143,-0.0415227934718132,0.6083420515060425,0.45734620094299316,-0.055341687053442,0.6115359663963318,0.40754300355911255,-0.06073534116148949,0.6435443758964539,0.6398079991340637,-0.023791007697582245,0.6554135680198669,0.6004906892776489,-0.058732375502586365,0.638939380645752,0.6528185606002808,-0.06325192004442215,0.6259751319885254,0.6905706524848938,-0.055380679666996,0.6681057214736938,0.6774338483810425,-0.03238828107714653,0.6716521382331848,0.6517399549484253,-0.05991297960281372,0.6546615362167358,0.6931068301200867,-0.05906068533658981,0.6399942636489868,0.7229588031768799,-0.05128385126590729
0.6368663311004639,0.8213503956794739,6.416928499675123e-07,0.5944392085075378,0.7774093151092529,-0.027488037943840027,0.5846375823020935,0.6983846426010132,-0.03798317164182663,0.6166495680809021,0.642788827419281,-0.048331305384635925,0.6487519145011902,0.6049133539199829,-0.057165443897247314,0.5861361622810364,0.6075416207313538,-0.0129302479326725,0.5986188650131226,0.5227692127227783,-0.03331255912780762,0.6128379106521606,0.46457403898239136,-0.04754588380455971,0.6254991888999939,0.4172087609767914,-0.055489979684352875,0.6150126457214355,0.6139320731163025,-0.014482790604233742,0.6102343797683716,0.5166041851043701,-0.03479600325226784,0.6093029975891113,0.45814090967178345,-0.04637317359447479,0.611531674861908,0.41208988428115845,-0.05025499314069748,0.6436848044395447,0.6394206285476685,-0.020636502653360367,0.6552695631980896,0.6030269861221313,-0.05301833897829056,0.6384250521659851,0.6558600068092346,-0.057848189026117325,0.6249477863311768,0.6924089193344116,-0.05042538046836853,0.6678297519683838,0.677894115447998,-0.02927595004439354,0.6712713241577148,0.6533991694450378,-0.05516442283987999,0.6542428135871887,0.6949517726898193,-0.05476028099656105,0.6395683884620667,0.7233690023422241,-0.04759485274553299
0.6375591158866882,0.8230139017105103,6.237133334252576e-07,0.5945220589637756,0.777323842048645,-0.026057299226522446,0.5842810273170471,0.6976105570793152,-0.03645869717001915,0.6174798011779785,0.6419112682342529,-0.0472104586660862,0.6508469581604004,0.6046619415283203,-0.05666498839855194,0.5839964151382446,0.6136460900306702,-0.011902314610779285,0.5956236124038696,0.5298042893409729,-0.033569056540727615,0.6104586124420166,0.471979558467865,-0.04876437410712242,0.6244487762451172,0.4240911602973938,-0.05738101154565811,0.6134054064750671,0.6185386180877686,-0.014162332750856876,0.6096505522727966,0.5224582552909851,-0.036338187754154205,0.6097990274429321,0.46353551745414734,-0.049546465277671814,0.6140429377555847,0.41560953855514526,-0.05465332791209221,0.6431601047515869,0.6422803997993469,-0.020749790593981743,0.6550812721252441,0.6044086813926697,-0.053508758544921875,0.6385149955749512,0.6569817066192627,-0.057414811104536057,0.6264753937721252,0.6938733458518982,-0.0494714118540287,0.6685574650764465,0.6792495846748352,-0.029777690768241882,0.6694356203079224,0.6563159227371216,-0.054674871265888214,0.6533071398735046,0.6968664526939392,-0.05301099270582199,0.6413028240203857,0.7237274646759033,-0.04510357603430748
0.6378892660140991,0.8239070773124695,6.394982392521342e-07,0.5948788523674011,0.7797897458076477,-0.026369865983724594,0.5843995809555054,0.7007544040679932,-0.037247516214847565,0.6160783171653748,0.6433408856391907,-0.048304393887519836,0.6489918231964111,0.6054502129554749,-0.05807497352361679,0.5848104357719421,0.6152380108833313,-0.01340616773813963,0.5965901017189026,0.5293850898742676,-0.03470687195658684,0.6113033294677734,0.47045278549194336,-0.04964228719472885,0.6247361898422241,0.4221234619617462,-0.05819002538919449,0.6142295002937317,0.6196496486663818,-0.015505852177739143,0.6099262237548828,0.5229691863059998,-0.037116214632987976,0.6098147034645081,0.4649084210395813,-0.04976574331521988,0.6128661036491394,0.4191109538078308,-0.05449310690164566,0.6436885595321655,0.643069326877594,-0.021853318437933922,0.6548957824707031,0.6051732897758484,-0.054415930062532425,0.6387358903884888,0.6574637293815613,-0.05863797664642334,0.6261176466941833,0.6945120692253113,-0.05104084685444832,0.6689012050628662,0.6801323890686035,-0.030591847375035286,0.6710488200187683,0.6556345224380493,-0.05606086924672127,0.65474534034729,0.697001039981842,-0.05496503785252571,0.6414011120796204,0.7254838943481445,-0.04741871729493141
0.6373077034950256,0.8264045715332031,6.156842005111685e-07,0.5938282012939453,0.7824929356575012,-0.02467079646885395,0.5842549800872803,0.7034612894058228,-0.03513650968670845,0.615074634552002,0.6467099189758301,-0.04621044546365738,0.6461367011070251,0.609955370426178,-0.05607914179563522,0.5852642059326172,0.6162281036376953,-0.011968541890382767,0.597425103187561,0.5317052602767944,-0.033465489745140076,0.6116553544998169,0.47328007221221924,-0.0490327887237072,0.6247190833091736,0.42492228746414185,-0.058319251984357834,0.6147127151489258,0.6198993921279907,-0.015176622197031975,0.6108423471450806,0.5244743824005127,-0.037253234535455704,0.6107430458068848,0.4668012857437134,-0.05075142905116081,0.6134670376777649,0.4200279712677002,-0.0564175583422184,0.6442282199859619,0.6429901719093323,-0.022443493828177452,0.6566287875175476,0.602243959903717,-0.05507607385516167,0.6397889256477356,0.6552015542984009,-0.05898360162973404,0.6257166862487793,0.6935926079750061,-0.051512863487005234,0.6693552732467651,0.68092942237854,-0.03200012817978859,0.6721462607383728,0.6546618938446045,-0.0577680766582489,0.6552072167396545,0.6959686279296875,-0.056367043405771255,0.6403765678405762,0.7258246541023254,-0.048697713762521744
0.639112114906311,0.829086422920227,6.25164545908774e-07,0.5949511528015137,0.7845536470413208,-0.027180790901184082,0.5859792232513428,0.7069413661956787,-0.03849484771490097,0.6176584959030151,0.6477981805801392,-0.05010128766298294,0.6486655473709106,0.6075170040130615,-0.06019333750009537,0.5851772427558899,0.6203780174255371,-0.011895586736500263,0.5970665216445923,0.53536456823349,-0.03419080376625061,0.6123936176300049,0.4767015874385834,-0.05019665136933327,0.6264622211456299,0.42850854992866516,-0.059446513652801514,0.6148842573165894,0.6234942078590393,-0.013900712132453918,0.6104220151901245,0.52802973985672,-0.03691321238875389,0.6107743978500366,0.4705334007740021,-0.05060766264796257,0.6145300269126892,0.42520129680633545,-0.05591970682144165,0.644641101360321,0.646273136138916,-0.020453618839383125,0.6551163196563721,0.606220006942749,-0.05441476032137871,0.6393585801124573,0.6605843901634216,-0.05798862874507904,0.6269903779029846,0.6990699768066406,-0.049527354538440704,0.6703090071678162,0.6834205985069275,-0.029524514451622963,0.6718887090682983,0.6548030972480774,-0.05566754564642906,0.6552475690841675,0.6962733864784241,-0.05369485169649124,0.6411352753639221,0.7259944081306458,-0.045217666774988174
0.6384626626968384,0.8285014629364014,6.198170581228624e-07,0.5953777432441711,0.7851418852806091,-0.025151658803224564,0.5864359736442566,0.705735445022583,-0.03562464192509651,0.6178867220878601,0.6474952101707458,-0.04649750515818596,0.6490420699119568,0.6092517375946045,-0.055976446717977524,0.5854137539863586,0.6177423596382141,-0.011973089538514614,0.596835196018219,0.5324035286903381,-0.03237104043364525,0.609993577003479,0.47370120882987976,-0.04682143032550812,0.6220847964286804,0.42613184452056885,-0.055338796228170395,0.6153149604797363,0.6215680837631226,-0.014229252934455872,0.611609160900116,0.5270394086837769,-0.035652924329042435,0.6131935715675354,0.4699658751487732,-0.048371002078056335,0.6171976327896118,0.42489784955978394,-0.05341634899377823,0.6451268792152405,0.6445190906524658,-0.020617390051484108,0.6574156284332275,0.6051604151725769,-0.053203146904706955,0.6411219835281372,0.6595253944396973,-0.0574205182492733,0.6269374489784241,0.6990616321563721,-0.04994811862707138,0.6702563762664795,0.6813151836395264,-0.02921091951429844,0.6722023487091064,0.6557170152664185,-0.05516903102397919,0.6547460556030273,0.697118878364563,-0.05445125699043274,0.6385010480880737,0.7272055149078369,-0.04718465358018875
0.6374792456626892,0.8275845050811768,6.214802397153107e-07,0.5953404307365417,0.7842903137207031,-0.024631230160593987,0.585696816444397,0.7060676217079163,-0.03528587520122528,0.6163327693939209,0.6480976343154907,-0.04664139822125435,0.6477219462394714,0.6096193790435791,-0.05656270682811737,0.5860217809677124,0.6162625551223755,-0.011432301253080368,0.5976532101631165,0.5308132171630859,-0.03155955299735069,0.6105781197547913,0.47211992740631104,-0.04568072780966759,0.6223684549331665,0.424768328666687,-0.05402224883437157,0.6159787178039551,0.621675968170166,-0.014420978724956512,0.6123341917991638,0.5265732407569885,-0.03628889471292496,0.612532913684845,0.46851417422294617,-0.0495111308991909,0.6150768399238586,0.42331793904304504,-0.054963335394859314,0.6457312703132629,0.6459304094314575,-0.021428314968943596,0.6580082178115845,0.6057665348052979,-0.05468933656811714,0.6409469842910767,0.6597869992256165,-0.058905597776174545,0.6261031627655029,0.7003203630447388,-0.051320433616638184,0.6701874732971191,0.6839120984077454,-0.03054727055132389,0.672049880027771,0.6559565663337708,-0.05680691823363304,0.6544358134269714,0.697551429271698,-0.05557531490921974,0.6381911635398865,0.7294021844863892,-0.047902196645736694
0.6382107138633728,0.8279249668121338,6.283575544330233e-07,0.595145583152771,0.7847053408622742,-0.02567223459482193,0.5856539011001587,0.7064059972763062,-0.03651188686490059,0.6166401505470276,0.6480247974395752,-0.04786186292767525,0.6482185125350952,0.6090978384017944,-0.05768598988652229,0.585879921913147,0.6163298487663269,-0.011490961536765099,0.597924530506134,0.5304704308509827,-0.03186260536313057,0.6114801168441772,0.47175300121307373,-0.0461307130753994,0.6237046718597412,0.42425471544265747,-0.05438961088657379,0.6155923008918762,0.6218187808990479,-0.013971603475511074,0.6115064024925232,0.526317298412323,-0.03566568344831467,0.6105344295501709,0.46802860498428345,-0.048417828977108,0.6119897365570068,0.42267435789108276,-0.0533316507935524,0.6450521349906921,0.6462638974189758,-0.020742861554026604,0.6577259302139282,0.6063060760498047,-0.05437611788511276,0.6404830813407898,0.6612491011619568,-0.058708589524030685,0.625616192817688,0.7020138502120972,-0.05087265372276306,0.6693798303604126,0.6845340132713318,-0.02973082661628723,0.6723383069038391,0.6560612320899963,-0.056409481912851334,0.6544793248176575,0.6980287432670593,-0.05534539744257927,0.6379783153533936,0.729976236820221,-0.04755652695894241
0.6387739181518555,0.8286260366439819,6.296935453065089e-07,0.5950314402580261,0.7855201959609985,-0.025998733937740326,0.5845352411270142,0.7065888047218323,-0.03654112294316292,0.6159607172012329,0.6476436257362366,-0.047388676553964615,0.6484919190406799,0.6092118620872498,-0.05691291019320488,0.5848004221916199,0.6203157305717468,-0.012304455041885376,0.5975338220596313,0.5347697138786316,-0.0334039069712162,0.6125292181968689,0.4760052561759949,-0.048523910343647,0.6260459423065186,0.4280233085155487,-0.0572938434779644,0.6149295568466187,0.6246294975280762,-0.014417637139558792,0.6111044883728027,0.5277516841888428,-0.03593821078538895,0.6107270121574402,0.4680745601654053,-0.0487690232694149,0.612901508808136,0.42094215750694275,-0.05387724190950394,0.6450893878936768,0.6478391289710999,-0.02084524556994438,0.6569284200668335,0.6069536805152893,-0.05394696071743965,0.6395844221115112,0.6608147025108337,-0.05817750096321106,0.6251097321510315,0.700542151927948,-0.050434891134500504,0.6703210473060608,0.6849316954612732,-0.029573574662208557,0.6719591617584229,0.6559973955154419,-0.055881258100271225,0.6543411612510681,0.6977773308753967,-0.05465664342045784,0.6386635303497314,0.729150652885437,-0.04687710851430893
0.6377471089363098,0.8297692537307739,6.203050588737824e-07,0.5941169857978821,0.7883297204971313,-0.024582842364907265,0.5837995409965515,0.7083233594894409,-0.03495655581355095,0.6150828003883362,0.6493207216262817,-0.046052876859903336,0.6466161608695984,0.610948920249939,-0.05584023520350456,0.5858353972434998,0.6186063885688782,-0.011080602183938026,0.5972899794578552,0.5330134630203247,-0.03138801455497742,0.6109005808830261,0.4739113748073578,-0.045912906527519226,0.6236338019371033,0.42583799362182617,-0.05458787456154823,0.6159330606460571,0.6231940388679504,-0.014017482288181782,0.6119469404220581,0.5279544591903687,-0.035657163709402084,0.6123171448707581,0.46973270177841187,-0.048804860562086105,0.6153038144111633,0.4240853190422058,-0.05427734553813934,0.6456984877586365,0.646740734577179,-0.021055584773421288,0.6568796634674072,0.605802059173584,-0.053930215537548065,0.6388987898826599,0.6601533889770508,-0.058049317449331284,0.6237152218818665,0.7006781697273254,-0.05056934431195259,0.6705821752548218,0.6843515634536743,-0.030278673395514488,0.6717105507850647,0.6562367081642151,-0.056562718003988266,0.6536134481430054,0.6984656453132629,-0.055526427924633026,0.6373265385627747,0.730271577835083,-0.04806504398584366
0.6380634307861328,0.8326722979545593,6.169172479530971e-07,0.5926825404167175,0.7899994254112244,-0.023472052067518234,0.581683874130249,0.7078515887260437,-0.03336697444319725,0.6143009662628174,0.6490687727928162,-0.04423166811466217,0.6473737359046936,0.6120215654373169,-0.05382595956325531,0.5853862762451172,0.6211563348770142,-0.01072672288864851,0.5971697568893433,0.5354973673820496,-0.031488291919231415,0.611769437789917,0.47683006525039673,-0.04636915400624275,0.6256085634231567,0.42856281995773315,-0.055407002568244934,0.6154353618621826,0.6255780458450317,-0.014383380301296711,0.6118589639663696,0.5296338796615601,-0.03684702515602112,0.6119480133056641,0.4711001515388489,-0.05062057822942734,0.6152673363685608,0.42399919033050537,-0.05661393329501152,0.644754946231842,0.649025022983551,-0.02195587567985058,0.6578015089035034,0.6054283976554871,-0.05522330105304718,0.6386218070983887,0.6602524518966675,-0.05883117392659187,0.6230369210243225,0.7018432021141052,-0.05102357640862465,0.6691023111343384,0.6871436834335327,-0.031702131032943726,0.6717722415924072,0.6595970392227173,-0.05840528383851051,0.6528350114822388,0.7012041807174683,-0.05726952850818634,0.6363072395324707,0.7328913807868958,-0.04964805394411087
0.6366365551948547,0.830879807472229,6.155087248771451e-07,0.593254029750824,0.7907803654670715,-0.024244561791419983,0.5829148888587952,0.711675226688385,-0.03495465964078903,0.6137397885322571,0.6524199843406677,-0.0465112142264843,0.6454179286956787,0.6139010190963745,-0.05651046335697174,0.5844448804855347,0.6200815439224243,-0.012409639544785023,0.5958203077316284,0.5329509973526001,-0.03368541970849037,0.6096261143684387,0.4731060266494751,-0.04800402745604515,0.6227596402168274,0.4245936870574951,-0.05627739429473877,0.6145907640457153,0.6228801608085632,-0.015569915063679218,0.6108399033546448,0.5278679728507996,-0.03925151377916336,0.6123208999633789,0.47121661901474,-0.05262107774615288,0.6163733005523682,0.42666566371917725,-0.0576639361679554,0.6438756585121155,0.6447267532348633,-0.02260913886129856,0.6559563279151917,0.6060312390327454,-0.056842077523469925,0.639299750328064,0.6637672781944275,-0.05975379794836044,0.6250285506248474,0.705929696559906,-0.05085153505206108,0.668556809425354,0.6810033917427063,-0.03182976320385933,0.6705068349838257,0.6571139693260193,-0.05787612497806549,0.6523785591125488,0.6996785998344421,-0.05594702437520027,0.6358171701431274,0.731033980846405,-0.04759468510746956
0.6368767023086548,0.8317002654075623,6.001425845170161e-07,0.5929110646247864,0.790547788143158,-0.022718144580721855,0.5823768973350525,0.7116348743438721,-0.033041294664144516,0.6128026247024536,0.6527552604675293,-0.044554203748703,0.6435083746910095,0.6153903603553772,-0.05463619902729988,0.5850958228111267,0.6177741289138794,-0.010555615648627281,0.595546305179596,0.5319728851318359,-0.031359486281871796,0.6075855493545532,0.4726809561252594,-0.04627802595496178,0.6191861033439636,0.42417240142822266,-0.05558281019330025,0.6152149438858032,0.6223412752151489,-0.014833292923867702,0.6120868921279907,0.5284481048583984,-0.038248639553785324,0.613254189491272,0.47152942419052124,-0.052814122289419174,0.6168944239616394,0.42590203881263733,-0.05937952548265457,0.6445823907852173,0.645689845085144,-0.02277018502354622,0.6575164198875427,0.6027476191520691,-0.05646073818206787,0.6391936540603638,0.658893883228302,-0.05975978076457977,0.6235235333442688,0.701350212097168,-0.051877088844776154,0.6689007878303528,0.6836999654769897,-0.03277016058564186,0.6700068116188049,0.6580175161361694,-0.05915200710296631,0.651639461517334,0.7001335620880127,-0.05743544176220894,0.6351102590560913,0.7318216562271118,-0.049509160220623016
0.6362965703010559,0.8315319418907166,6.072279461477592e-07,0.5924340486526489,0.7911086082458496,-0.023925796151161194,0.582526683807373,0.711436927318573,-0.03458581492304802,0.6132405996322632,0.6518653035163879,-0.04607038199901581,0.6445441246032715,0.6134682297706604,-0.05611293017864227,0.5846156477928162,0.6185305118560791,-0.012738000601530075,0.5954291224479675,0.5312491059303284,-0.033601339906454086,0.6083722710609436,0.4709714651107788,-0.0480114221572876,0.6204680800437927,0.42203330993652344,-0.056667476892471313,0.6149009466171265,0.6228263974189758,-0.01623213104903698,0.6109254360198975,0.5278500914573669,-0.03966810554265976,0.6111485362052917,0.47018325328826904,-0.05360832065343857,0.6140382289886475,0.42503851652145386,-0.05941641703248024,0.644423246383667,0.6459026336669922,-0.023435194045305252,0.6561736464500427,0.6055967807769775,-0.05732789263129234,0.6379444599151611,0.6618854999542236,-0.06076076254248619,0.6223675608634949,0.7036779522895813,-0.05264706164598465,0.6690386533737183,0.6830135583877563,-0.0327531173825264,0.6693946719169617,0.6584466099739075,-0.05900290980935097,0.6505716443061829,0.7009317278862,-0.05740242078900337,0.6335460543632507,0.73218834400177,-0.049470990896224976
0.6359038352966309,0.8321176767349243,6.012207904859679e-07,0.59171462059021,0.7898883819580078,-0.022855490446090698,0.5819191336631775,0.7099717855453491,-0.033279068768024445,0.6126022338867188,0.65130215883255,-0.04482795670628548,0.6438962817192078,0.614409863948822,-0.05508093908429146,0.5844351649284363,0.618516743183136,-0.011194407939910889,0.5963846445083618,0.5337971448898315,-0.032389409840106964,0.6103445291519165,0.47491878271102905,-0.04759763181209564,0.623274564743042,0.42677825689315796,-0.056799907237291336,0.6145209670066833,0.6231529116630554,-0.015341139398515224,0.6108983159065247,0.5278561115264893,-0.0385839119553566,0.6105393767356873,0.46978920698165894,-0.052866723388433456,0.6129950881004333,0.423112690448761,-0.059090565890073776,0.6439516544342041,0.6467068195343018,-0.023195015266537666,0.6565410494804382,0.6038675904273987,-0.05650138482451439,0.6374096274375916,0.6586896777153015,-0.059892527759075165,0.6212035417556763,0.7002785205841064,-0.05195720121264458,0.6682264804840088,0.6846973896026611,-0.033126216381788254,0.6695181727409363,0.6575949192047119,-0.058489806950092316,0.6504908204078674,0.6981235146522522,-0.056374043226242065,0.6332752108573914,0.7291440367698669,-0.04825497418642044
0.6356353759765625,0.8307332992553711,6.023479954819777e-07,0.5921057462692261,0.7904154658317566,-0.02397649548947811,0.5819509029388428,0.7112535834312439,-0.0346110574901104,0.6125569343566895,0.6524379253387451,-0.04599007964134216,0.6439094543457031,0.61444091796875,-0.05587285757064819,0.5847765803337097,0.6181123852729797,-0.012411868199706078,0.596555769443512,0.5325360298156738,-0.0334186777472496,0.6102045774459839,0.4735351800918579,-0.048028912395238876,0.6228752732276917,0.4251254200935364,-0.05671200901269913,0.6146529912948608,0.6220030784606934,-0.01592804491519928,0.609941840171814,0.5259647369384766,-0.038665708154439926,0.6094108819961548,0.4681412875652313,-0.051853958517313004,0.6115415096282959,0.422160804271698,-0.05716212838888168,0.6438243985176086,0.6450905799865723,-0.02329321764409542,0.6560153961181641,0.604583203792572,-0.05674328655004501,0.6381357908248901,0.6604152917861938,-0.059866443276405334,0.6225566864013672,0.7020427584648132,-0.05154923349618912,0.6679478287696838,0.6826916933059692,-0.03284929692745209,0.669588565826416,0.657886803150177,-0.05877760797739029,0.6508326530456543,0.7001354694366455,-0.056947819888591766,0.6335322260856628,0.7315385937690735,-0.0488891564309597
0.6360946297645569,0.8283685445785522,6.029039241184364e-07,0.5935618281364441,0.786723792552948,-0.023936159908771515,0.5835397839546204,0.7076349258422852,-0.0350942388176918,0.6139116287231445,0.648238480091095,-0.047089967876672745,0.6463456153869629,0.6104345917701721,-0.05765079706907272,0.5851825475692749,0.6147536039352417,-0.013844538480043411,0.5947214961051941,0.5275452136993408,-0.03502441197633743,0.6068279147148132,0.46845144033432007,-0.04940595105290413,0.618766188621521,0.41963979601860046,-0.05794665217399597,0.6150680184364319,0.6192243099212646,-0.017183972522616386,0.6122942566871643,0.5245342254638672,-0.04050086811184883,0.6144084930419922,0.4689713418483734,-0.05390162020921707,0.6194519996643066,0.42476165294647217,-0.0592680387198925,0.644262433052063,0.6422816514968872,-0.024107802659273148,0.6566452383995056,0.6034931540489197,-0.05730242654681206,0.6385393738746643,0.6595532894134521,-0.06012924015522003,0.6237410306930542,0.7009196281433105,-0.05172133073210716,0.6687235832214355,0.6795638799667358,-0.03319399058818817,0.6698111295700073,0.6563668251037598,-0.05829275771975517,0.6515130400657654,0.6982446312904358,-0.0560113824903965,0.6354942917823792,0.7291939854621887,-0.04770229011774063
0.6364589929580688,0.8263064026832581,6.144492203929985e-07,0.5934961438179016,0.7833518385887146,-0.023671239614486694,0.5838019847869873,0.7036458849906921,-0.03402175381779671,0.6160074472427368,0.645138144493103,-0.04512587934732437,0.6492292881011963,0.6078757047653198,-0.054944101721048355,0.5866787433624268,0.6135174036026001,-0.012085046619176865,0.5993507504463196,0.5282378792762756,-0.03271452337503433,0.6143323183059692,0.47113287448883057,-0.04713623970746994,0.6280906200408936,0.4239785075187683,-0.055470746010541916,0.6165152788162231,0.6185871362686157,-0.015194234438240528,0.613985002040863,0.5224475264549255,-0.03645472973585129,0.6156551241874695,0.46589195728302,-0.04877035319805145,0.6199492812156677,0.42117875814437866,-0.05348091199994087,0.6457423567771912,0.6423607468605042,-0.02215634472668171,0.6563740372657776,0.6039776802062988,-0.05401239171624184,0.6381791234016418,0.6584985852241516,-0.05720303952693939,0.6239216327667236,0.6986309885978699,-0.049076586961746216,0.6700872778892517,0.67997807264328,-0.03128216415643692,0.6703281998634338,0.6551096439361572,-0.0558546744287014,0.6520184874534607,0.6973328590393066,-0.05368024855852127,0.6367337107658386,0.7284446954727173,-0.04547889158129692
0.6371035575866699,0.8247683048248291,5.948353418716579e-07,0.594359815120697,0.7816836833953857,-0.023612752556800842,0.5853025317192078,0.7020280957221985,-0.03371034562587738,0.6178181171417236,0.6440978050231934,-0.0444490909576416,0.6507263779640198,0.6059184074401855,-0.05396950989961624,0.5876025557518005,0.613427460193634,-0.012532886117696762,0.6003168225288391,0.528847873210907,-0.03319668024778366,0.6148973107337952,0.4722762703895569,-0.047374702990055084,0.6285024881362915,0.42509111762046814,-0.0555204413831234,0.6175171732902527,0.617931604385376,-0.015450354665517807,0.6156197786331177,0.5227997303009033,-0.03655267879366875,0.6178717017173767,0.46677589416503906,-0.04879908263683319,0.6225396394729614,0.42188581824302673,-0.05359407141804695,0.6465435028076172,0.6409794688224792,-0.022173874080181122,0.6575137972831726,0.6044429540634155,-0.05432354658842087,0.6401964426040649,0.6581031084060669,-0.05843757465481758,0.6262747645378113,0.6971801519393921,-0.051118846982717514,0.6709067225456238,0.6774905920028687,-0.030978523194789886,0.6709722280502319,0.6570464372634888,-0.056430283933877945,0.6523823738098145,0.6995701193809509,-0.05551858991384506,0.6364848613739014,0.7299068570137024,-0.04827587679028511
0.6368449926376343,0.821007251739502,6.22196012045606e-07,0.5959481000900269,0.7769550085067749,-0.025445980951189995,0.5875204801559448,0.6995685696601868,-0.036341696977615356,0.6198127269744873,0.6431853175163269,-0.0475500226020813,0.652788519859314,0.6047965884208679,-0.0573757067322731,0.5891472697257996,0.6115335822105408,-0.013370496220886707,0.6027416586875916,0.5264921188354492,-0.03444100543856621,0.618038535118103,0.46897172927856445,-0.04869982972741127,0.6317192912101746,0.4214651584625244,-0.05656911060214043,0.6181131601333618,0.6169926524162292,-0.015666017308831215,0.6152545213699341,0.5205051898956299,-0.037072282284498215,0.6158044338226318,0.4631291627883911,-0.04926210269331932,0.6185295581817627,0.4183053970336914,-0.053527381271123886,0.646979033946991,0.6407169699668884,-0.02203943207859993,0.6578363180160522,0.6066340208053589,-0.05490434169769287,0.6411021947860718,0.6597890853881836,-0.05947339907288551,0.6272684335708618,0.6978128552436829,-0.051879700273275375,0.6710757613182068,0.6772406697273254,-0.030622418969869614,0.6712070107460022,0.6579180955886841,-0.05626518651843071,0.6526474952697754,0.7004281282424927,-0.055367354303598404,0.6364372372627258,0.7300282716751099,-0.04784860089421272
0.6383929252624512,0.8227076530456543,6.259276119635615e-07,0.5974506735801697,0.7779555320739746,-0.026827353984117508,0.5883205533027649,0.7012013792991638,-0.038344427943229675,0.6206778883934021,0.6440708637237549,-0.05009230226278305,0.655105710029602,0.6058692932128906,-0.06030869856476784,0.5925396680831909,0.6128584742546082,-0.013365316204726696,0.6064327955245972,0.527887225151062,-0.035050299018621445,0.62281334400177,0.47044894099235535,-0.05004014074802399,0.637802004814148,0.4229201674461365,-0.05829860270023346,0.621513843536377,0.6185385584831238,-0.015139520168304443,0.6178848147392273,0.5223047137260437,-0.03704061731696129,0.6185576915740967,0.4643273949623108,-0.049229346215724945,0.6221011877059937,0.41933488845825195,-0.05327862128615379,0.6501339673995972,0.6424295902252197,-0.02130194380879402,0.6592764854431152,0.6080688834190369,-0.05482779070734978,0.6423774361610413,0.6612884998321533,-0.05899624526500702,0.6296824216842651,0.7001943588256836,-0.05065014585852623,0.6742876172065735,0.678982675075531,-0.029885994270443916,0.6744860410690308,0.656590461730957,-0.05599253252148628,0.6556347012519836,0.6980774402618408,-0.05481340363621712,0.6400542259216309,0.7279956936836243,-0.04674777761101723
0.6401707530021667,0.8240455985069275,6.190268777572783e-07,0.5973126292228699,0.7786937952041626,-0.025103706866502762,0.5880376696586609,0.7007149457931519,-0.0358896367251873,0.6214474439620972,0.6442081332206726,-0.047243621200323105,0.6552817821502686,0.6070398092269897,-0.05734638497233391,0.5921822786331177,0.613784909248352,-0.011450528167188168,0.606768012046814,0.5303205251693726,-0.032446037977933884,0.623792827129364,0.4738807678222656,-0.04752757400274277,0.6390069723129272,0.4268668293952942,-0.05619805306196213,0.6213515996932983,0.6194958090782166,-0.014063446782529354,0.6191100478172302,0.5226003527641296,-0.03574513643980026,0.6193102598190308,0.463795006275177,-0.04901527240872383,0.6219325661659241,0.4170370101928711,-0.05426236242055893,0.6502035856246948,0.6435475945472717,-0.020821252837777138,0.6612023115158081,0.6041263341903687,-0.05369476601481438,0.6425877809524536,0.6562209129333496,-0.058310315012931824,0.6278988122940063,0.6949980854988098,-0.05086857080459595,0.6744144558906555,0.6808468699455261,-0.029825957491993904,0.6749652028083801,0.6558003425598145,-0.05546901375055313,0.6563107967376709,0.6964110136032104,-0.054217629134655,0.640903890132904,0.726496696472168,-0.04645230248570442
0.6409675478935242,0.8220005631446838,6.365678473230219e-07,0.5987204909324646,0.7788833975791931,-0.026992660015821457,0.5886706709861755,0.7031818628311157,-0.03878181800246239,0.6209809184074402,0.6456187963485718,-0.0506218746304512,0.6542064547538757,0.607318103313446,-0.06092583015561104,0.5925267338752747,0.612342894077301,-0.014292152598500252,0.6068449020385742,0.5267868041992188,-0.036074139177799225,0.6233333349227905,0.4689332842826843,-0.050997309386730194,0.6388223171234131,0.4209746718406677,-0.059318702667951584,0.621766984462738,0.6178436279296875,-0.015816539525985718,0.6190124154090881,0.5221434831619263,-0.03831898048520088,0.6213964819908142,0.4651263654232025,-0.05086425319314003,0.6263478398323059,0.4201444387435913,-0.055218446999788284,0.6506041884422302,0.6412348747253418,-0.021583976224064827,0.6619685292243958,0.6064915657043457,-0.05554107204079628,0.6438093185424805,0.6613673567771912,-0.059647515416145325,0.6289921402931213,0.7007007598876953,-0.05142771080136299,0.6749270558357239,0.6774939894676208,-0.029736187309026718,0.6753473281860352,0.6563382148742676,-0.05634733662009239,0.656617283821106,0.6994791626930237,-0.055326033383607864,0.6406633257865906,0.7297694683074951,-0.047413453459739685
0.6406645774841309,0.8211767673492432,6.2262444089356e-07,0.5986626148223877,0.7770133018493652,-0.02421826869249344,0.5888208746910095,0.6992244720458984,-0.03503681346774101,0.6208916902542114,0.643004834651947,-0.0464099757373333,0.6542831063270569,0.6068719625473022,-0.056518636643886566,0.5935678482055664,0.6131003499031067,-0.01362091675400734,0.6067003607749939,0.5272970199584961,-0.03487875685095787,0.622478723526001,0.46963709592819214,-0.049366116523742676,0.6376726031303406,0.4218977093696594,-0.05750078335404396,0.6230632662773132,0.6189766526222229,-0.01610639877617359,0.6217107772827148,0.524601399898529,-0.03793686628341675,0.6252490878105164,0.46753963828086853,-0.05040077865123749,0.6317686438560486,0.4225074052810669,-0.05511069297790527,0.6519634127616882,0.6418920755386353,-0.022383464500308037,0.6627669334411621,0.6080393195152283,-0.05446977540850639,0.6432613134384155,0.6606331467628479,-0.05835242196917534,0.6283104419708252,0.6996106505393982,-0.05072365328669548,0.6765519976615906,0.6772748231887817,-0.030887560918927193,0.6764748692512512,0.6581874489784241,-0.05601663142442703,0.6574391722679138,0.7000293135643005,-0.05492066964507103,0.6421300172805786,0.7298315167427063,-0.04740608483552933
0.6431973576545715,0.8227248191833496,6.096678930589405e-07,0.6019388437271118,0.7777254581451416,-0.02350873127579689,0.5935251712799072,0.6996185183525085,-0.0340711809694767,0.6272591352462769,0.6417199373245239,-0.04518632963299751,0.6628435254096985,0.6056557893753052,-0.05514100566506386,0.5986020565032959,0.6140599250793457,-0.013200782239437103,0.6126700639724731,0.530126690864563,-0.03509070724248886,0.6295645236968994,0.4727989137172699,-0.05072115361690521,0.6450753808021545,0.42566853761672974,-0.059845931828022,0.6280651092529297,0.6207939386367798,-0.016325268894433975,0.6264099478721619,0.5259559750556946,-0.03786782547831535,0.6291013360023499,0.468927800655365,-0.05036180093884468,0.6343258023262024,0.42368021607398987,-0.0553627647459507,0.6567774415016174,0.6461355686187744,-0.023302307352423668,0.6677669882774353,0.6102796792984009,-0.0551440492272377,0.6492478847503662,0.6600125432014465,-0.059345271438360214,0.6353510618209839,0.6980108618736267,-0.05216618627309799,0.6801306009292603,0.6844601631164551,-0.03244313225150108,0.6797804832458496,0.6631130576133728,-0.0579059012234211,0.659588098526001,0.7023038268089294,-0.057337187230587006,0.6432808041572571,0.7310242652893066,-0.05029730871319771
0.6440905928611755,0.8235131502151489,6.320673264781362e-07,0.6025111675262451,0.7804868221282959,-0.02708863653242588,0.59512859582901,0.7041931748390198,-0.03903565555810928,0.6262798309326172,0.6463740468025208,-0.05088425427675247,0.658858597278595,0.6082172393798828,-0.06113315001130104,0.5974926352500916,0.6180796027183533,-0.014766249805688858,0.6144331693649292,0.5339161157608032,-0.03769733011722565,0.6334791779518127,0.47644010186195374,-0.053462184965610504,0.6509310007095337,0.4284685254096985,-0.062180109322071075,0.6260674595832825,0.6227694749832153,-0.01647871360182762,0.6223958134651184,0.5244492888450623,-0.03941472992300987,0.6224254369735718,0.46514201164245605,-0.0521669015288353,0.6255285739898682,0.41745489835739136,-0.05676960200071335,0.654537558555603,0.6456735730171204,-0.02251913584768772,0.6674703359603882,0.6046257615089417,-0.057150647044181824,0.6492801308631897,0.6590231657028198,-0.06105963513255119,0.6342065930366516,0.6988241672515869,-0.052552059292793274,0.6790959239006042,0.6815973520278931,-0.03090907447040081,0.680014967918396,0.6585653424263,-0.05791337043046951,0.660706639289856,0.7001551389694214,-0.05687801539897919,0.6441956758499146,0.7296542525291443,-0.04888060688972473
0.6439874172210693,0.8255537152290344,6.41034660020523e-07,0.6024074554443359,0.780072808265686,-0.025775300338864326,0.594342827796936,0.7023429274559021,-0.03765684366226196,0.6260431408882141,0.6449424028396606,-0.04996567219495773,0.6578954458236694,0.6063871383666992,-0.060778554528951645,0.5982969403266907,0.614952027797699,-0.014738710597157478,0.6129379868507385,0.5281060338020325,-0.03713802993297577,0.6292301416397095,0.4687002897262573,-0.05232473462820053,0.6447266936302185,0.41939032077789307,-0.06097927317023277,0.6273347735404968,0.6213058829307556,-0.01717984490096569,0.6268649697303772,0.5265083312988281,-0.040973000228405,0.6298754811286926,0.46897822618484497,-0.05438624322414398,0.6360142827033997,0.42304545640945435,-0.059562817215919495,0.6556641459465027,0.6452950835227966,-0.02365049161016941,0.6684538125991821,0.6083059310913086,-0.058060914278030396,0.648634672164917,0.6617004871368408,-0.062193699181079865,0.6333704590797424,0.7007595896720886,-0.05427597090601921,0.6796402931213379,0.6823979020118713,-0.03240576758980751,0.6809568405151367,0.661212146282196,-0.059013016521930695,0.660567045211792,0.7019879221916199,-0.05824907124042511,0.6434947848320007,0.7311367392539978,-0.05072570964694023
0.6451238989830017,0.822810173034668,6.266329251047864e-07,0.6035386919975281,0.7799368500709534,-0.02602377161383629,0.595756471157074,0.7030665278434753,-0.038013242185115814,0.6280977129936218,0.6452481150627136,-0.05027274787425995,0.6606360077857971,0.6070725321769714,-0.060937006026506424,0.5997942090034485,0.6131337881088257,-0.016071749851107597,0.6125948429107666,0.5260043740272522,-0.038716163486242294,0.6275056600570679,0.46693235635757446,-0.053716063499450684,0.6419230699539185,0.41830816864967346,-0.062204375863075256,0.628829836845398,0.6185125708580017,-0.01820872165262699,0.6278960108757019,0.5255222320556641,-0.0427570678293705,0.632440984249115,0.47016704082489014,-0.055904190987348557,0.6401806473731995,0.4260515570640564,-0.060559745877981186,0.6567261815071106,0.6419535279273987,-0.024315133690834045,0.6688088774681091,0.6090693473815918,-0.059029970318078995,0.6501497030258179,0.6637768149375916,-0.06248188391327858,0.63569575548172,0.7021666169166565,-0.0539097860455513,0.680307924747467,0.6787771582603455,-0.03273121640086174,0.681962251663208,0.6589239835739136,-0.05935649573802948,0.6622446775436401,0.7008641958236694,-0.05820241570472717,0.645473062992096,0.7300170063972473,-0.050277914851903915
0.6438330411911011,0.8220518827438354,6.364065257002949e-07,0.6027730703353882,0.779488742351532,-0.025790909305214882,0.5942341089248657,0.7016909122467041,-0.03744243457913399,0.6265644431114197,0.6444860696792603,-0.04947758466005325,0.6589565277099609,0.6066564917564392,-0.06008640304207802,0.599202036857605,0.6120582222938538,-0.015284308232367039,0.6130638122558594,0.5255908966064453,-0.03705684095621109,0.6284977793693542,0.4668123126029968,-0.05151023343205452,0.6434791088104248,0.4186939597129822,-0.05972917750477791,0.6284286975860596,0.6193907260894775,-0.017512787133455276,0.6283203959465027,0.5245378017425537,-0.041128870099782944,0.6324564814567566,0.46809905767440796,-0.05412597581744194,0.6399526000022888,0.4232878088951111,-0.05892210826277733,0.656659722328186,0.6440842151641846,-0.023650815710425377,0.6687754392623901,0.6084150671958923,-0.05774454399943352,0.6481667160987854,0.6636620759963989,-0.06101253256201744,0.6326243281364441,0.7027358412742615,-0.05249546468257904,0.6803984642028809,0.6813427805900574,-0.03205762803554535,0.6808704137802124,0.65921950340271,-0.05849160999059677,0.6605169773101807,0.7017065286636353,-0.057010944932699203,0.6437461376190186,0.7313694953918457,-0.04896838590502739
0.6448557376861572,0.8209296464920044,6.170268420646607e-07,0.6041176319122314,0.7805121541023254,-0.026668230071663857,0.5953278541564941,0.7042464017868042,-0.03842231631278992,0.6267399191856384,0.6465453505516052,-0.05003293976187706,0.6594804525375366,0.6071453094482422,-0.06016036123037338,0.6006613969802856,0.6123260855674744,-0.016317633911967278,0.6154873371124268,0.5259994268417358,-0.03807365149259567,0.63177090883255,0.46780604124069214,-0.052321452647447586,0.6469844579696655,0.41983717679977417,-0.06027592346072197,0.6297847628593445,0.6185911297798157,-0.017969844862818718,0.6280251145362854,0.5237043499946594,-0.04092024639248848,0.6311743259429932,0.4676392674446106,-0.05335305258631706,0.6368791460990906,0.4238055944442749,-0.057712096720933914,0.657920777797699,0.6424447298049927,-0.023571988567709923,0.668688952922821,0.6091570258140564,-0.057505182921886444,0.6498980522155762,0.6616445183753967,-0.0617724172770977,0.6350570321083069,0.6992312073707581,-0.05411630496382713,0.6814805269241333,0.6785614490509033,-0.031466491520404816,0.6803735494613647,0.661549985408783,-0.05850658193230629,0.6607488393783569,0.7043691277503967,-0.05817833170294762,0.6447773575782776,0.7333970069885254,-0.05095429718494415
0.6446925401687622,0.8206346035003662,6.209664320522279e-07,0.6035553812980652,0.7788448333740234,-0.026668844744563103,0.5948660969734192,0.7019253969192505,-0.03804366663098335,0.6273308396339417,0.6458092927932739,-0.049347829073667526,0.6607263088226318,0.6076490879058838,-0.05926327407360077,0.6019355654716492,0.6099749207496643,-0.01499118097126484,0.6171225309371948,0.5258309245109558,-0.036378659307956696,0.6333560347557068,0.46873342990875244,-0.050908640027046204,0.6483661532402039,0.42119288444519043,-0.05904335901141167,0.6304643750190735,0.616949737071991,-0.016684019938111305,0.628496527671814,0.5221726298332214,-0.03849715739488602,0.6305950284004211,0.4656755328178406,-0.0503336526453495,0.6352720260620117,0.4218277335166931,-0.05421833321452141,0.6583774089813232,0.6416314840316772,-0.02256961166858673,0.6687343120574951,0.6095674633979797,-0.05619553104043007,0.6499674916267395,0.6631596088409424,-0.06057919189333916,0.6351937055587769,0.7012747526168823,-0.052656613290309906,0.6816725134849548,0.6785737872123718,-0.030778279528021812,0.6814818382263184,0.6597233414649963,-0.057736966758966446,0.6618719696998596,0.7028505206108093,-0.05726836994290352,0.6457846164703369,0.732336163520813,-0.049754347652196884
0.6444440484046936,0.823022186756134,6.172602411425032e-07,0.6024228930473328,0.7794472575187683,-0.02506077103316784,0.5937408208847046,0.7004356384277344,-0.035930149257183075,0.6268506646156311,0.6441706418991089,-0.047249384224414825,0.6608863472938538,0.6071465015411377,-0.05724533274769783,0.601753830909729,0.6121089458465576,-0.013914698734879494,0.6164348125457764,0.5265169739723206,-0.03533376753330231,0.6326355338096619,0.4688270688056946,-0.04995515197515488,0.6476149559020996,0.42104917764663696,-0.05830860137939453,0.6305449604988098,0.6193966865539551,-0.01647249050438404,0.6303305625915527,0.5245174169540405,-0.03917696326971054,0.632919192314148,0.46706750988960266,-0.052239224314689636,0.6381525993347168,0.42196786403656006,-0.05713654309511185,0.6584571003913879,0.6439911127090454,-0.022937268018722534,0.6686062216758728,0.6108492016792297,-0.056246768683195114,0.6481244564056396,0.6627748608589172,-0.060484204441308975,0.6327357292175293,0.7003412842750549,-0.052754033356904984,0.6816452145576477,0.6810933351516724,-0.03167726844549179,0.6813597679138184,0.661217987537384,-0.05774787440896034,0.6612553000450134,0.7021303176879883,-0.05679783970117569,0.6450872421264648,0.7310315370559692,-0.049187518656253815
0.6462660431861877,0.8204385638237,6.158230121400265e-07,0.6040815114974976,0.7792816162109375,-0.025851279497146606,0.5949094295501709,0.701502799987793,-0.03644402325153351,0.6276744604110718,0.6461815237998962,-0.047209110110998154,0.6620527505874634,0.6091764569282532,-0.05657801404595375,0.6018160581588745,0.6122979521751404,-0.014050720259547234,0.6178227066993713,0.5283689498901367,-0.035540517419576645,0.6357829570770264,0.47195765376091003,-0.04992495849728584,0.6521579623222351,0.4250090718269348,-0.0577126108109951,0.6303786635398865,0.6180537343025208,-0.016075553372502327,0.6277512907981873,0.5225291848182678,-0.03798433393239975,0.6286936402320862,0.4647749066352844,-0.04981313645839691,0.6324532628059387,0.4195951819419861,-0.05351955443620682,0.6582043766975403,0.6416890621185303,-0.02232145145535469,0.6680020093917847,0.6113424897193909,-0.05575698986649513,0.6499300599098206,0.6655914783477783,-0.059788089245557785,0.6362524628639221,0.7034324407577515,-0.051384806632995605,0.6813201308250427,0.6776019930839539,-0.03089359775185585,0.6802745461463928,0.6600892543792725,-0.05680152773857117,0.6612974405288696,0.7027958631515503,-0.05572577938437462,0.646473228931427,0.7314016819000244,-0.047839824110269547
0.6454196572303772,0.8236421942710876,6.053646188775019e-07,0.6036518812179565,0.7803992629051208,-0.0234543289989233,0.5951532125473022,0.7010532021522522,-0.03404579311609268,0.6277214288711548,0.6434351205825806,-0.04528423771262169,0.662174642086029,0.6063006520271301,-0.05531900003552437,0.6009042263031006,0.6150362491607666,-0.01419169083237648,0.6166830658912659,0.530364990234375,-0.037017423659563065,0.6347350478172302,0.4722071886062622,-0.052818942815065384,0.6512326598167419,0.4242294430732727,-0.061897240579128265,0.6306641101837158,0.6204435229301453,-0.017401423305273056,0.6307417154312134,0.5269693732261658,-0.04111570119857788,0.6341422200202942,0.4697243273258209,-0.05482618138194084,0.6395971179008484,0.4243084788322449,-0.06026846915483475,0.6594868302345276,0.6435632705688477,-0.024235757067799568,0.6691778898239136,0.6109889149665833,-0.05737173929810524,0.6494585275650024,0.6628454327583313,-0.06108598783612251,0.6344988346099854,0.701278567314148,-0.05326037108898163,0.6835677623748779,0.6792526245117188,-0.03327130898833275,0.6820637583732605,0.6624637246131897,-0.058900367468595505,0.6617336273193359,0.703161358833313,-0.0577271543443203,0.6456225514411926,0.731982409954071,-0.050071414560079575
0.6459310054779053,0.8201467394828796,6.302839778982161e-07,0.603792667388916,0.77815181016922,-0.02702069841325283,0.595180094242096,0.7015899419784546,-0.03829343989491463,0.6291168332099915,0.6463482975959778,-0.049369730055332184,0.6636981964111328,0.6095191240310669,-0.05895375832915306,0.6019389629364014,0.6122382879257202,-0.015025201253592968,0.6188501715660095,0.5297821760177612,-0.0366855226457119,0.6366821527481079,0.4734545052051544,-0.0514429546892643,0.6526771783828735,0.4269920885562897,-0.059613294899463654,0.6305542588233948,0.6185713410377502,-0.016548510640859604,0.6283593773841858,0.523036777973175,-0.038444407284259796,0.6299882531166077,0.46535977721214294,-0.05035392567515373,0.6341908574104309,0.41978877782821655,-0.054254062473773956,0.6586050987243652,0.6434252262115479,-0.022423509508371353,0.6697647571563721,0.6119580268859863,-0.05630642548203468,0.6513361930847168,0.6657146215438843,-0.06097865849733353,0.6366832852363586,0.7034929990768433,-0.05300650745630264,0.6819878816604614,0.6806840300559998,-0.030622093006968498,0.682217001914978,0.6611254215240479,-0.057423558086156845,0.6623438000679016,0.7028213739395142,-0.05704444646835327,0.6455752849578857,0.7315770983695984,-0.049601588398218155
0.6458274722099304,0.8234544992446899,6.275353712226206e-07,0.6037498712539673,0.7790237665176392,-0.024143217131495476,0.5947966575622559,0.7014690041542053,-0.03555096313357353,0.6273964643478394,0.6451199650764465,-0.047699935734272,0.6620171666145325,0.6096214652061462,-0.05850103870034218,0.6014891266822815,0.6154294013977051,-0.014561778865754604,0.6169610023498535,0.5302753448486328,-0.03796883672475815,0.6355082392692566,0.47221651673316956,-0.054221898317337036,0.6529083251953125,0.42413368821144104,-0.06357049196958542,0.6307708024978638,0.62166428565979,-0.017902962863445282,0.6301546096801758,0.5269643068313599,-0.042414598166942596,0.633036732673645,0.4683254361152649,-0.05676591023802757,0.6389050483703613,0.42136257886886597,-0.06261470168828964,0.6592430472373962,0.645603597164154,-0.024978164583444595,0.6700051426887512,0.6101823449134827,-0.0586213655769825,0.6492964029312134,0.6611707806587219,-0.062327321618795395,0.6336968541145325,0.6991942524909973,-0.054368119686841965,0.6833344101905823,0.6826171278953552,-0.03437306731939316,0.6832165122032166,0.6624729037284851,-0.060115911066532135,0.6622684001922607,0.7015141248703003,-0.058772385120391846,0.6453351974487305,0.7299520373344421,-0.05093248188495636
0.6452443599700928,0.8219323754310608,6.299795813902165e-07,0.6041712760925293,0.7789941430091858,-0.02614816091954708,0.5961024761199951,0.701586127281189,-0.03695043921470642,0.6294265389442444,0.646821916103363,-0.04780319333076477,0.6636853218078613,0.6108099818229675,-0.057199183851480484,0.6030933856964111,0.6110947132110596,-0.013692124746739864,0.6184625029563904,0.5276275277137756,-0.03448932617902756,0.635051965713501,0.47030365467071533,-0.04877566918730736,0.6502513289451599,0.4232025742530823,-0.05680449306964874,0.6317711472511292,0.6189342737197876,-0.015424164943397045,0.6302395462989807,0.5243380665779114,-0.03649882972240448,0.6322591304779053,0.4675143361091614,-0.04803558439016342,0.6369612812995911,0.423312783241272,-0.05188444256782532,0.6597924828529358,0.6445876359939575,-0.021408528089523315,0.6706804037094116,0.6120554804801941,-0.05403643846511841,0.6512577533721924,0.6649820804595947,-0.0582459457218647,0.6363108158111572,0.7032756209373474,-0.050341296941041946,0.6827699542045593,0.6823870539665222,-0.029734689742326736,0.6824038028717041,0.6624616384506226,-0.05555679649114609,0.6619586944580078,0.7038530111312866,-0.05487295985221863,0.6451915502548218,0.7328603267669678,-0.04742638021707535
0.6454855799674988,0.8230147361755371,6.247187229746487e-07,0.6040915846824646,0.7797324657440186,-0.025750482454895973,0.5961129665374756,0.7023705840110779,-0.0372190997004509,0.6277061104774475,0.6464542150497437,-0.049223657697439194,0.661006510257721,0.6111341714859009,-0.05974879860877991,0.6038342714309692,0.6147454380989075,-0.014219770208001137,0.6186701059341431,0.5293793678283691,-0.03650405630469322,0.6355434656143188,0.47171419858932495,-0.051651276648044586,0.6514849662780762,0.42397013306617737,-0.06009214371442795,0.6320570707321167,0.6225478053092957,-0.01677975244820118,0.6309165954589844,0.5269290208816528,-0.04027799516916275,0.6323520541191101,0.46834030747413635,-0.05330564081668854,0.6374496817588806,0.42212390899658203,-0.05788902938365936,0.6600853204727173,0.6471955180168152,-0.023393023759126663,0.6699598431587219,0.611647367477417,-0.05738584324717522,0.6491533517837524,0.6650722622871399,-0.06061091274023056,0.63431715965271,0.7037400603294373,-0.051668550819158554,0.6839830875396729,0.6842581629753113,-0.03240157291293144,0.6834862232208252,0.6613203883171082,-0.05817113071680069,0.6631137728691101,0.7018271684646606,-0.05608711019158363,0.6473820209503174,0.7308266162872314,-0.047437701374292374
0.6453386545181274,0.8224189281463623,6.195220976223936e-07,0.6032098531723022,0.7800477743148804,-0.025979066267609596,0.5954728722572327,0.7013547420501709,-0.03624139353632927,0.6287892460823059,0.6465839147567749,-0.04652893915772438,0.6628175973892212,0.6103073954582214,-0.05542222410440445,0.6040688753128052,0.6129982471466064,-0.012370198965072632,0.6206316947937012,0.53127121925354,-0.03292480483651161,0.6380407810211182,0.4749101996421814,-0.04732583463191986,0.6541056036949158,0.4284696578979492,-0.05563180521130562,0.6321514248847961,0.6205069422721863,-0.014393228106200695,0.629307210445404,0.5236837267875671,-0.035229023545980453,0.6301236152648926,0.4654271602630615,-0.047023218125104904,0.6336793899536133,0.4199123978614807,-0.0512496754527092,0.6598202586174011,0.646195650100708,-0.02077079936861992,0.6714377999305725,0.6092389822006226,-0.05435224249958992,0.6514291763305664,0.6630362272262573,-0.05903218686580658,0.6352782249450684,0.7022150754928589,-0.05138543248176575,0.6826866865158081,0.684190034866333,-0.029396163299679756,0.682784378528595,0.6622613668441772,-0.057122282683849335,0.6624487042427063,0.7045283913612366,-0.05728839710354805,0.6452119946479797,0.7341405153274536,-0.05030094087123871
0.6460128426551819,0.8264324069023132,6.10004633472272e-07,0.6029810905456543,0.783183217048645,-0.02502971887588501,0.5949845314025879,0.7044122219085693,-0.035849180072546005,0.6274005174636841,0.6487159132957458,-0.04696949943900108,0.6611279249191284,0.6121774911880493,-0.056570492684841156,0.6032367944717407,0.6148051023483276,-0.01313454657793045,0.6206743121147156,0.5323049426078796,-0.03507590666413307,0.6394533514976501,0.47570183873176575,-0.050596289336681366,0.6566808223724365,0.42842191457748413,-0.05968675762414932,0.6325757503509521,0.6212663054466248,-0.01588531956076622,0.6304787993431091,0.5253149271011353,-0.03869306668639183,0.6312931776046753,0.4659368395805359,-0.05235084146261215,0.6345691680908203,0.4184919595718384,-0.05797819793224335,0.660997748374939,0.6456689834594727,-0.022615740075707436,0.6719182729721069,0.6091302633285522,-0.05613654851913452,0.6507790684700012,0.6616361737251282,-0.060500290244817734,0.6335111260414124,0.70062655210495,-0.05302851274609566,0.6845682859420776,0.6829627752304077,-0.03165986388921738,0.6838659644126892,0.6640953421592712,-0.05838946998119354,0.6625024676322937,0.7049314975738525,-0.05794542655348778,0.6443886756896973,0.733758807182312,-0.050716936588287354
0.6462991237640381,0.8279536366462708,6.099759275457473e-07,0.6033196449279785,0.7855460047721863,-0.025331277400255203,0.5949947237968445,0.70679771900177,-0.036063965409994125,0.6266152858734131,0.6508240699768066,-0.04709856957197189,0.659605860710144,0.6139988303184509,-0.056662168353796005,0.603303074836731,0.6160373091697693,-0.012143244966864586,0.6206915378570557,0.5336422324180603,-0.03349516540765762,0.6387593150138855,0.4771120548248291,-0.04850902408361435,0.6554508209228516,0.429915189743042,-0.05714288353919983,0.6319035887718201,0.6223388314247131,-0.014742403291165829,0.6292563676834106,0.5243037939071655,-0.03663349896669388,0.6299142241477966,0.46602338552474976,-0.0492883175611496,0.6333822011947632,0.4195120930671692,-0.0540786013007164,0.6599447727203369,0.6465163826942444,-0.021482355892658234,0.6717414259910583,0.6078229546546936,-0.055325888097286224,0.6508020162582397,0.662499189376831,-0.059490181505680084,0.6336401700973511,0.7031075954437256,-0.05152549594640732,0.6834316253662109,0.6835772395133972,-0.030490806326270103,0.6836285591125488,0.6626031398773193,-0.057718247175216675,0.6631508469581604,0.7052422761917114,-0.0569940060377121,0.6458355784416199,0.7357419729232788,-0.049345847219228745
0.6459598541259766,0.8284120559692383,6.211903382791206e-07,0.6029589176177979,0.7856141924858093,-0.025205615907907486,0.5938266515731812,0.7072166800498962,-0.036414679139852524,0.6252831816673279,0.6514021158218384,-0.04809625446796417,0.6580252647399902,0.6151893138885498,-0.05833308398723602,0.6025504469871521,0.6152812242507935,-0.013209509663283825,0.6194420456886292,0.5315805077552795,-0.03523606061935425,0.6375344395637512,0.47430917620658875,-0.05076008290052414,0.6544061899185181,0.4264499843120575,-0.05973624438047409,0.6313751339912415,0.6221472024917603,-0.01597742550075054,0.6297702193260193,0.5254659652709961,-0.039037737995386124,0.6319499015808105,0.4671722650527954,-0.05240462347865105,0.636996865272522,0.42016729712486267,-0.057617995887994766,0.6593140959739685,0.6465050578117371,-0.022762520238757133,0.6712608337402344,0.6093024015426636,-0.05680251121520996,0.6502609252929688,0.6639080047607422,-0.06059962511062622,0.6334096193313599,0.7041472792625427,-0.05239395424723625,0.682978630065918,0.6837347745895386,-0.031851161271333694,0.6840448379516602,0.6614490151405334,-0.05861759930849075,0.6637188792228699,0.703569769859314,-0.05729540437459946,0.6465796232223511,0.7340683937072754,-0.049264904111623764
0.6451854705810547,0.8267289400100708,6.226122195585049e-07,0.6022362112998962,0.7846634387969971,-0.026220733299851418,0.593458890914917,0.7078713178634644,-0.03802984207868576,0.6253548860549927,0.652953028678894,-0.04992077872157097,0.6586328148841858,0.6156823635101318,-0.060289815068244934,0.602791428565979,0.61339271068573,-0.014141318388283253,0.6207031607627869,0.5316279530525208,-0.03608379513025284,0.6386477947235107,0.4751266539096832,-0.051504310220479965,0.6554306745529175,0.4277539849281311,-0.060461077839136124,0.6315585374832153,0.6197553873062134,-0.016558444127440453,0.6285842657089233,0.5225156545639038,-0.038796793669462204,0.629561185836792,0.464777410030365,-0.051539335399866104,0.6335843801498413,0.41805267333984375,-0.05649556592106819,0.6595473885536194,0.6446326375007629,-0.023139117285609245,0.6718180179595947,0.6074692010879517,-0.05723598971962929,0.6513590812683105,0.6622023582458496,-0.06142221391201019,0.6345930099487305,0.7025217413902283,-0.05355040356516838,0.6827765703201294,0.6827053427696228,-0.032029006630182266,0.6833287477493286,0.6611798405647278,-0.05948054417967796,0.6628839373588562,0.7037426233291626,-0.058766573667526245,0.6455680131912231,0.7343524694442749,-0.051157429814338684
0.6452239751815796,0.8273341655731201,6.035855335539964e-07,0.6024295091629028,0.7839919328689575,-0.024781174957752228,0.5938963890075684,0.705694854259491,-0.035960618406534195,0.6266962289810181,0.6499712467193604,-0.047544848173856735,0.6607933640480042,0.61357581615448,-0.057548683136701584,0.6028541326522827,0.6154062151908875,-0.013713554479181767,0.6198189854621887,0.5326529145240784,-0.0362384095788002,0.638295590877533,0.47637510299682617,-0.051947783678770065,0.6553297638893127,0.4293139576911926,-0.061049312353134155,0.6320850253105164,0.621252179145813,-0.0168028362095356,0.6293370723724365,0.5243613123893738,-0.040434155613183975,0.6311026215553284,0.4651927947998047,-0.05435122922062874,0.6356680393218994,0.4172189235687256,-0.059971269220113754,0.6601235270500183,0.6451235413551331,-0.023746641352772713,0.67105633020401,0.6092272996902466,-0.05766936019062996,0.6515139937400818,0.6617069244384766,-0.06151818111538887,0.6357054710388184,0.7007482051849365,-0.05354984849691391,0.6837309002876282,0.6820766925811768,-0.033017680048942566,0.6839591264724731,0.6629388928413391,-0.059646815061569214,0.6635586619377136,0.7041102051734924,-0.05850481614470482,0.6462417840957642,0.7337347269058228,-0.05070085451006889
0.645430326461792,0.827072024345398,6.062717261556827e-07,0.6024648547172546,0.7848703265190125,-0.02481773868203163,0.5938462018966675,0.7058808207511902,-0.035441454499959946,0.6256939172744751,0.6509606838226318,-0.04646047204732895,0.658808708190918,0.615489661693573,-0.056107066571712494,0.6037012934684753,0.6147527694702148,-0.012549292296171188,0.6214324831962585,0.5332039594650269,-0.03361916169524193,0.6391177177429199,0.4776601791381836,-0.0483056865632534,0.6550911068916321,0.4315159022808075,-0.056672271341085434,0.6322037577629089,0.6214797496795654,-0.015569048933684826,0.6297837495803833,0.5226703882217407,-0.03733999282121658,0.6306096911430359,0.46343255043029785,-0.049990613013505936,0.6339412927627563,0.4160628914833069,-0.05472917854785919,0.6600171327590942,0.6463578939437866,-0.02261798456311226,0.6708513498306274,0.6090425252914429,-0.05612576752901077,0.6503349542617798,0.6620526909828186,-0.060617584735155106,0.6333943605422974,0.7011119723320007,-0.05293111503124237,0.6832747459411621,0.6839970350265503,-0.031852591782808304,0.6836709976196289,0.6615450382232666,-0.05847739428281784,0.66349858045578,0.7033563852310181,-0.0575321763753891,0.6462892889976501,0.7336667776107788,-0.0498831644654274
0.644956648349762,0.8277283906936646,5.979554771329276e-07,0.6028936505317688,0.784247875213623,-0.0244233887642622,0.5947461128234863,0.7063043117523193,-0.03559397533535957,0.6259766221046448,0.6515079140663147,-0.04742107540369034,0.6581280827522278,0.6154531836509705,-0.057759884744882584,0.6035906672477722,0.6142165660858154,-0.013702364638447762,0.6185576915740967,0.5292056798934937,-0.035841505974531174,0.6347849369049072,0.47173938155174255,-0.05116591230034828,0.6500846147537231,0.4238821566104889,-0.06019960716366768,0.6327342391014099,0.6213303804397583,-0.016941875219345093,0.631250262260437,0.5265772938728333,-0.041162241250276566,0.6347689628601074,0.4691165089607239,-0.055587463080883026,0.6410123705863953,0.4227668046951294,-0.061599235981702805,0.6606053709983826,0.6456180214881897,-0.023885732516646385,0.6718448400497437,0.6097968220710754,-0.058269303292036057,0.6510298252105713,0.6622873544692993,-0.0625644251704216,0.634337842464447,0.7013316750526428,-0.05501167103648186,0.6840391755104065,0.6827166676521301,-0.03305482491850853,0.684898316860199,0.6631017327308655,-0.060185160487890244,0.6643097996711731,0.7041047811508179,-0.05946558713912964,0.6468640565872192,0.733914315700531,-0.05197001248598099
0.6456895470619202,0.827308177947998,6.212781613612606e-07,0.6032565236091614,0.7839667797088623,-0.026052730157971382,0.5952438712120056,0.7051385641098022,-0.03709660843014717,0.6277497410774231,0.6492024660110474,-0.048323098570108414,0.6614136099815369,0.6130322217941284,-0.05803430825471878,0.6033614873886108,0.6158215999603271,-0.013053947128355503,0.6214570999145508,0.5327965617179871,-0.03447243571281433,0.6398858428001404,0.47601085901260376,-0.04961386322975159,0.6566857099533081,0.4286783039569855,-0.058445852249860764,0.6317911148071289,0.6229864358901978,-0.015469116158783436,0.6285899877548218,0.5245473980903625,-0.03768506646156311,0.6287244558334351,0.4651866555213928,-0.050633322447538376,0.6319577097892761,0.4171561598777771,-0.05570562183856964,0.6597843766212463,0.6481777429580688,-0.022092804312705994,0.6730133891105652,0.6083298325538635,-0.05626993253827095,0.6527864933013916,0.6627480983734131,-0.06033139303326607,0.6361716389656067,0.702877402305603,-0.05223168432712555,0.6831746697425842,0.686104953289032,-0.031038500368595123,0.6849937438964844,0.6613359451293945,-0.05845421925187111,0.6648245453834534,0.7031987309455872,-0.05755527317523956,0.6476317644119263,0.7336400747299194,-0.04978446662425995
0.644983172416687,0.8285428285598755,6.12630515206547e-07,0.6025619506835938,0.7835723757743835,-0.02344481833279133,0.5939746499061584,0.7043861150741577,-0.033767737448215485,0.625029981136322,0.6495117545127869,-0.04507504776120186,0.6561856865882874,0.6154126524925232,-0.0551271066069603,0.6030359268188477,0.6171455979347229,-0.011231008917093277,0.619125247001648,0.5335266590118408,-0.03301221504807472,0.6370108127593994,0.47638821601867676,-0.04868561774492264,0.6539013981819153,0.42828455567359924,-0.05792864039540291,0.6314107179641724,0.6245919466018677,-0.014954324811697006,0.6304696202278137,0.5274577736854553,-0.03805619850754738,0.6323250532150269,0.46805793046951294,-0.05218380689620972,0.6373190879821777,0.41918450593948364,-0.05818404629826546,0.6589137315750122,0.6490523219108582,-0.022552216425538063,0.671959638595581,0.6088708639144897,-0.05614589527249336,0.6499233841896057,0.6613385081291199,-0.060375988483428955,0.6321420669555664,0.7003437280654907,-0.052852779626846313,0.6822922825813293,0.6863433718681335,-0.03236240893602371,0.6848698258399963,0.6629727482795715,-0.05870063975453377,0.6642990708351135,0.703566312789917,-0.05763668566942215,0.6469447016716003,0.7331734299659729,-0.05009984225034714
0.6457885503768921,0.8277990221977234,6.222550723578024e-07,0.6036544442176819,0.7847082614898682,-0.026700444519519806,0.595470130443573,0.7092154026031494,-0.03874257206916809,0.6266829967498779,0.6527263522148132,-0.050836917012929916,0.6598024964332581,0.6152979135513306,-0.06131517142057419,0.6027790904045105,0.6159418821334839,-0.01422622986137867,0.6200206279754639,0.533503532409668,-0.036707937717437744,0.6379463076591492,0.476375937461853,-0.05253291875123978,0.6546161770820618,0.4282212257385254,-0.06168271601200104,0.6317691206932068,0.6216050386428833,-0.016366036608815193,0.6292208433151245,0.5252882838249207,-0.0392015166580677,0.630643367767334,0.46750128269195557,-0.05207064002752304,0.6348142623901367,0.42048901319503784,-0.05694012716412544,0.6600122451782227,0.6460109353065491,-0.022766051813960075,0.6732686161994934,0.6093664765357971,-0.05747559294104576,0.6535248756408691,0.664756178855896,-0.06148938834667206,0.6369916200637817,0.7055888772010803,-0.05321645364165306,0.6834380626678467,0.6839814186096191,-0.031545624136924744,0.6850277185440063,0.6630908846855164,-0.059242166578769684,0.6643154621124268,0.7053937911987305,-0.05852365493774414,0.6463146805763245,0.7360362410545349,-0.05074283480644226
0.6453993916511536,0.828198254108429,6.298020025496953e-07,0.6026626229286194,0.7834527492523193,-0.025641612708568573,0.5943763256072998,0.7052249908447266,-0.03675805777311325,0.6267857551574707,0.6501795053482056,-0.04831450805068016,0.6595326662063599,0.6139100790023804,-0.058468837291002274,0.6028969883918762,0.6158775091171265,-0.012517519295215607,0.6202104091644287,0.5331330895423889,-0.034386929124593735,0.638717770576477,0.4763439893722534,-0.05001300945878029,0.655827522277832,0.4283443093299866,-0.05899035185575485,0.631291389465332,0.6229304075241089,-0.015102972276508808,0.6292528510093689,0.5253378748893738,-0.037241753190755844,0.6303074955940247,0.4658982753753662,-0.04993247985839844,0.6343924403190613,0.4174656867980957,-0.054704852402210236,0.6589481234550476,0.6478456854820251,-0.02198740281164646,0.6715916991233826,0.6102587580680847,-0.05592437461018562,0.6509770154953003,0.6650863289833069,-0.05991676449775696,0.634412944316864,0.705116331577301,-0.05164714157581329,0.6821467876434326,0.6856628656387329,-0.031234102323651314,0.6846830248832703,0.6622287631034851,-0.058225829154253006,0.6642756462097168,0.7043606042861938,-0.05715760588645935,0.6468014717102051,0.7349031567573547,-0.04922330006957054
0.6450533866882324,0.8280200958251953,6.233271960809361e-07,0.6032961010932922,0.783677339553833,-0.025131767615675926,0.5952999591827393,0.7058094143867493,-0.036293648183345795,0.6270135641098022,0.6509637832641602,-0.04796331375837326,0.6596651077270508,0.6145150661468506,-0.05813874676823616,0.6039589643478394,0.6144894957542419,-0.012483440339565277,0.6206037402153015,0.531252920627594,-0.03432478755712509,0.6383396983146667,0.4742841422557831,-0.049778569489717484,0.6550682187080383,0.42640483379364014,-0.05866813287138939,0.6320549845695496,0.6222448348999023,-0.015423460863530636,0.6298065781593323,0.5247442722320557,-0.037578284740448,0.6308843493461609,0.4663267731666565,-0.05031915381550789,0.6354482173919678,0.4191123843193054,-0.055192992091178894,0.6595957279205322,0.6475529670715332,-0.02253323793411255,0.6720022559165955,0.6091364026069641,-0.056134313344955444,0.6507192850112915,0.6636148691177368,-0.05991532653570175,0.6341356635093689,0.7037397623062134,-0.05172976478934288,0.6826817989349365,0.6855229139328003,-0.031981468200683594,0.683832049369812,0.6633661389350891,-0.05852824077010155,0.663001298904419,0.7050057649612427,-0.057349205017089844,0.6459619998931885,0.7347351312637329,-0.04946804419159889
0.645865261554718,0.8290793299674988,6.162390491226688e-07,0.6034375429153442,0.7841802835464478,-0.024676764383912086,0.5950765609741211,0.7052116990089417,-0.035340242087841034,0.6271933317184448,0.6493285298347473,-0.04656726494431496,0.6604552268981934,0.6134911775588989,-0.05643009394407272,0.602776288986206,0.6172932386398315,-0.01214317325502634,0.6197628378868103,0.533176064491272,-0.033576712012290955,0.638143002986908,0.47629135847091675,-0.04866093024611473,0.6547248959541321,0.4288693070411682,-0.05724816024303436,0.6312084197998047,0.6240257024765015,-0.015018896199762821,0.6297727227210999,0.5257492661476135,-0.03715362772345543,0.6309255361557007,0.46627113223075867,-0.05003302916884422,0.634851336479187,0.41850897669792175,-0.05491550639271736,0.6589012145996094,0.6483742594718933,-0.02195066586136818,0.6711568236351013,0.6106511950492859,-0.05504389479756355,0.6505308151245117,0.6632266640663147,-0.05907927453517914,0.6339460611343384,0.7017885446548462,-0.05118001624941826,0.6821715831756592,0.6853731870651245,-0.031178513541817665,0.6836140155792236,0.6636396646499634,-0.05708761885762215,0.663354218006134,0.7046536207199097,-0.0558481328189373,0.6464750170707703,0.7339162230491638,-0.04804844781756401
0.6449824571609497,0.826718270778656,6.288354370553861e-07,0.602435290813446,0.7823600769042969,-0.025479763746261597,0.5945152044296265,0.7044803500175476,-0.037033915519714355,0.6272367238998413,0.649629533290863,-0.04902711510658264,0.6599776148796082,0.6131440997123718,-0.05968771502375603,0.6032100319862366,0.6119134426116943,-0.01392887718975544,0.6198330521583557,0.5278216600418091,-0.03571689501404762,0.6368377208709717,0.46986401081085205,-0.05090649425983429,0.652800977230072,0.42149025201797485,-0.0598163977265358,0.6320764422416687,0.6197642683982849,-0.0167824886739254,0.6314636468887329,0.5247489213943481,-0.03972281888127327,0.6338633894920349,0.467731773853302,-0.05296904593706131,0.6393031477928162,0.42203184962272644,-0.05822061747312546,0.6599168181419373,0.6455389261245728,-0.023672062903642654,0.6722081303596497,0.6103518605232239,-0.05777144432067871,0.6506279110908508,0.6636102795600891,-0.06229601055383682,0.6336209177970886,0.7024520039558411,-0.05481105297803879,0.6829617619514465,0.6844034194946289,-0.03283518925309181,0.6839486360549927,0.6638326048851013,-0.05990882217884064,0.6629724502563477,0.7052324414253235,-0.05938813462853432,0.6454946994781494,0.7347054481506348,-0.05206672102212906
0.6451400518417358,0.826281726360321,6.12001599620271e-07,0.6028891801834106,0.7818585634231567,-0.024712594226002693,0.595417320728302,0.7030494809150696,-0.03558358550071716,0.6275383830070496,0.6479594111442566,-0.04686277359724045,0.6605929732322693,0.6123939156532288,-0.05682643875479698,0.6030303835868835,0.6138949394226074,-0.013352264650166035,0.6194331645965576,0.5296666622161865,-0.03470389172434807,0.6366794109344482,0.4724644422531128,-0.04957631602883339,0.6524754762649536,0.42501264810562134,-0.05819797143340111,0.6319141387939453,0.621372401714325,-0.016259388998150826,0.6311584115028381,0.5252687335014343,-0.038754653185606,0.6335453391075134,0.4670265018939972,-0.05210462957620621,0.6384044289588928,0.4203488528728485,-0.05743647366762161,0.6598973274230957,0.6464585065841675,-0.023023851215839386,0.6721079349517822,0.6107590794563293,-0.05625685676932335,0.6511191129684448,0.6618220806121826,-0.06095048785209656,0.6339041590690613,0.6993139386177063,-0.05381143465638161,0.6831609606742859,0.6842525005340576,-0.03201483562588692,0.6843041777610779,0.6648956537246704,-0.05844764783978462,0.6635575294494629,0.7057926058769226,-0.05794161930680275,0.6459403038024902,0.7346935272216797,-0.050768908113241196
0.6447715759277344,0.8251253366470337,6.107121635068324e-07,0.6028136014938354,0.7820445895195007,-0.02585523948073387,0.5953160524368286,0.7031132578849792,-0.03638577088713646,0.6283824443817139,0.649585485458374,-0.04689253121614456,0.6620593070983887,0.6135861873626709,-0.05592967942357063,0.6043545007705688,0.6113572120666504,-0.013238423503935337,0.6217933893203735,0.5294198393821716,-0.03357059881091118,0.6396409273147583,0.4735245704650879,-0.047629497945308685,0.6556747555732727,0.42714500427246094,-0.05556969344615936,0.6329176425933838,0.6186223030090332,-0.015363441780209541,0.6304396390914917,0.5227632522583008,-0.03554908558726311,0.6310740113258362,0.4646121859550476,-0.04682933911681175,0.633924126625061,0.41868776082992554,-0.05073271691799164,0.6605474352836609,0.6443262100219727,-0.021772485226392746,0.6714069843292236,0.6125126481056213,-0.05383588746190071,0.651262640953064,0.6646002531051636,-0.05859709531068802,0.6345885396003723,0.7012431025505066,-0.051446061581373215,0.6832097172737122,0.6825830340385437,-0.03056063875555992,0.6841334104537964,0.6655893921852112,-0.05662793293595314,0.6631850004196167,0.7074807286262512,-0.056716304272413254,0.645235538482666,0.7357471585273743,-0.050031181424856186
0.6435492634773254,0.8250548243522644,6.000429380037531e-07,0.6022953391075134,0.7804309129714966,-0.02434992417693138,0.5959239602088928,0.7010058164596558,-0.03477330505847931,0.6288790702819824,0.6466051936149597,-0.04560493305325508,0.6626865267753601,0.612078845500946,-0.054962243884801865,0.6038534641265869,0.6127562522888184,-0.013684962876141071,0.620660662651062,0.5285175442695618,-0.03492087870836258,0.6386678218841553,0.4717977046966553,-0.04946748912334442,0.6551940441131592,0.4246094226837158,-0.05792047828435898,0.6326136589050293,0.6201789379119873,-0.016536271199584007,0.6310328841209412,0.5251163244247437,-0.03892054408788681,0.6332554221153259,0.4664463400840759,-0.05205042287707329,0.6382939219474792,0.4199451208114624,-0.057389382272958755,0.6604707837104797,0.6450348496437073,-0.023196306079626083,0.672527551651001,0.611125648021698,-0.05581655353307724,0.652331531047821,0.6613912582397461,-0.06031389534473419,0.6358984708786011,0.6983602046966553,-0.05329107120633125,0.6836796998977661,0.682395875453949,-0.03216738626360893,0.6844929456710815,0.6664963960647583,-0.05834761634469032,0.663252592086792,0.7071146368980408,-0.05838672071695328,0.6453713774681091,0.7351681590080261,-0.05175008252263069
0.6436505317687988,0.8238009214401245,6.14061491432949e-07,0.6028121709823608,0.7793704867362976,-0.02554416097700596,0.596813440322876,0.6999247074127197,-0.03592062368988991,0.6299906969070435,0.646342933177948,-0.04638008400797844,0.6641474366188049,0.61176598072052,-0.055362872779369354,0.6045206785202026,0.6118688583374023,-0.012822824530303478,0.6229629516601562,0.5293167233467102,-0.032962288707494736,0.6419787406921387,0.47341346740722656,-0.046840600669384,0.6586675643920898,0.42679935693740845,-0.054615337401628494,0.6328406929969788,0.6198337078094482,-0.014952556230127811,0.6302931904792786,0.5230362415313721,-0.035126086324453354,0.630677342414856,0.464385986328125,-0.04627201706171036,0.6330844163894653,0.4186475872993469,-0.05004294961690903,0.6606019735336304,0.64532470703125,-0.021318772807717323,0.6719829440116882,0.6112954616546631,-0.05356708914041519,0.6521947383880615,0.6634706854820251,-0.058079794049263,0.6354034543037415,0.7009690403938293,-0.05053878203034401,0.6835954189300537,0.6828993558883667,-0.030008485540747643,0.6851599216461182,0.6645033955574036,-0.055999115109443665,0.6641795039176941,0.7063812017440796,-0.055750954896211624,0.6458760499954224,0.7352116107940674,-0.048701897263526917
0.6446312665939331,0.824091374874115,6.093828233133536e-07,0.6032493710517883,0.7789255976676941,-0.024829629808664322,0.5968020558357239,0.6997957229614258,-0.035046666860580444,0.6299582123756409,0.6448408961296082,-0.045610565692186356,0.6640824675559998,0.6101846694946289,-0.054710403084754944,0.6037091016769409,0.6127853989601135,-0.012306217104196548,0.6221355199813843,0.5299354791641235,-0.033385131508111954,0.64127117395401,0.47403135895729065,-0.04808514565229416,0.6580532193183899,0.4272688329219818,-0.05650383606553078,0.6328732371330261,0.6194489002227783,-0.01486146729439497,0.6314247846603394,0.5235356092453003,-0.036580946296453476,0.6325225234031677,0.4635259509086609,-0.049280740320682526,0.6355316042900085,0.41563650965690613,-0.054180603474378586,0.6613239049911499,0.6438649296760559,-0.0214803796261549,0.6730141043663025,0.6102011203765869,-0.05395113676786423,0.6527764797210693,0.6619390249252319,-0.058306027203798294,0.6357899904251099,0.6997039914131165,-0.05085083842277527,0.68470299243927,0.6808330416679382,-0.030482543632388115,0.6847073435783386,0.6658236384391785,-0.0563216507434845,0.6633475422859192,0.7066438794136047,-0.056098807603120804,0.6452449560165405,0.7342866063117981,-0.04913322255015373
0.6450495719909668,0.8230093717575073,6.023458922754799e-07,0.603560209274292,0.7782942056655884,-0.02529412880539894,0.5967372059822083,0.6986654996871948,-0.035847146064043045,0.6304338574409485,0.6435747742652893,-0.04656238853931427,0.665443480014801,0.6093469262123108,-0.05588129907846451,0.6038188934326172,0.6129804849624634,-0.014693639241158962,0.6204432845115662,0.5284287333488464,-0.03605432063341141,0.638462245464325,0.47213664650917053,-0.05049191042780876,0.6547810435295105,0.4252532720565796,-0.05872253701090813,0.6329607963562012,0.6195874214172363,-0.01675274968147278,0.6323875784873962,0.5256880521774292,-0.03892521187663078,0.6349411010742188,0.4675261378288269,-0.05140909180045128,0.6398586630821228,0.4208810329437256,-0.056141626089811325,0.6612229347229004,0.6438985466957092,-0.022737320512533188,0.6730156540870667,0.6121863126754761,-0.05522347241640091,0.652847409248352,0.6638511419296265,-0.059381384402513504,0.6366785764694214,0.7007853984832764,-0.05191285163164139,0.6846816539764404,0.6810581088066101,-0.0311164241284132,0.6850345730781555,0.6672630310058594,-0.05732319876551628,0.6634649634361267,0.7081819772720337,-0.05745592713356018,0.6453920602798462,0.73569256067276,-0.050730135291814804
0.6459103226661682,0.8227208256721497,6.076220984141401e-07,0.6034232378005981,0.7791356444358826,-0.025787778198719025,0.5968184471130371,0.6997926235198975,-0.03579637035727501,0.629925549030304,0.6457957029342651,-0.04561227560043335,0.6638981699943542,0.6109113693237305,-0.05390332266688347,0.6051442623138428,0.6117217540740967,-0.013938596472144127,0.6228974461555481,0.5293334722518921,-0.033997874706983566,0.6412313580513,0.4741177558898926,-0.04761602357029915,0.6575420498847961,0.42804452776908875,-0.05512245371937752,0.6335391998291016,0.6184386014938354,-0.015711897984147072,0.6310093402862549,0.5232651829719543,-0.03533581644296646,0.6319846510887146,0.464134156703949,-0.04577288031578064,0.6349561810493469,0.4179648756980896,-0.04906854405999184,0.6612501740455627,0.6432351469993591,-0.021801142022013664,0.6716612577438354,0.6133481860160828,-0.0533716045320034,0.6524059772491455,0.665504515171051,-0.05807415395975113,0.636150062084198,0.70200115442276,-0.0508347749710083,0.6841468811035156,0.680413007736206,-0.03029646724462509,0.6845722198486328,0.6663424968719482,-0.05630913004279137,0.6627941131591797,0.70848149061203,-0.056966111063957214,0.6436498165130615,0.7364543080329895,-0.05064687132835388
0.6461175680160522,0.8250584602355957,6.254410891415318e-07,0.603359043598175,0.7798073887825012,-0.025319308042526245,0.5961277484893799,0.7006582617759705,-0.03619829937815666,0.6302570700645447,0.6452004909515381,-0.0474846176803112,0.6652435064315796,0.610794186592102,-0.05722351372241974,0.6026208996772766,0.6144575476646423,-0.013685307465493679,0.6201428174972534,0.5309767127037048,-0.03648930788040161,0.6401277184486389,0.4745088219642639,-0.05226396769285202,0.6580634713172913,0.4272865056991577,-0.06113509088754654,0.632376492023468,0.6201095581054688,-0.01634707860648632,0.630376398563385,0.5254108905792236,-0.039803002029657364,0.6325877904891968,0.4651181101799011,-0.05321954935789108,0.6371933817863464,0.4161761999130249,-0.05825388804078102,0.6612040400505066,0.6441605091094971,-0.023140089586377144,0.672473132610321,0.6138622164726257,-0.056822940707206726,0.6529896259307861,0.6669163107872009,-0.06090322136878967,0.6369462609291077,0.7048810720443726,-0.05275440588593483,0.6851589679718018,0.6815850734710693,-0.03240373730659485,0.6859576106071472,0.6674692034721375,-0.058702003210783005,0.6641972064971924,0.7079641819000244,-0.05824440345168114,0.6452442407608032,0.7354362607002258,-0.0508045069873333
0.6457794904708862,0.8234705328941345,6.271164920690353e-07,0.6038772463798523,0.7787007093429565,-0.025078000500798225,0.5967258810997009,0.7008010745048523,-0.03615301474928856,0.6294572949409485,0.6471790671348572,-0.04755134880542755,0.6626781225204468,0.6132225394248962,-0.057384587824344635,0.6035956740379333,0.6136282086372375,-0.015198608860373497,0.6193711757659912,0.5279613733291626,-0.03703713417053223,0.636607825756073,0.46986526250839233,-0.0514964759349823,0.6526675820350647,0.4219064712524414,-0.05963735282421112,0.6324738264083862,0.6201375126838684,-0.017656203359365463,0.6313683986663818,0.5268665552139282,-0.040864381939172745,0.6349196434020996,0.4688709080219269,-0.053679242730140686,0.6410868167877197,0.4227783679962158,-0.0582965686917305,0.6605456471443176,0.6439315676689148,-0.023967573419213295,0.6727370023727417,0.61570805311203,-0.05685030668973923,0.6530380249023438,0.6675639152526855,-0.06088817119598389,0.6367692351341248,0.7045032978057861,-0.053135599941015244,0.6839253306388855,0.6803490519523621,-0.0326850526034832,0.6849605441093445,0.6689186692237854,-0.0582742914557457,0.6634902358055115,0.7092523574829102,-0.05804479122161865,0.6448516845703125,0.7360978126525879,-0.051070794463157654
0.6447477340698242,0.8220062851905823,6.254592790355673e-07,0.6031798720359802,0.7778940796852112,-0.025117971003055573,0.5972471833229065,0.7005409598350525,-0.03604278340935707,0.6303302049636841,0.6476565003395081,-0.04729028418660164,0.6629651784896851,0.6139912009239197,-0.057042546570301056,0.6044116616249084,0.6109142899513245,-0.014070017263293266,0.6203752756118774,0.5269215703010559,-0.03509166091680527,0.6370421648025513,0.4691040515899658,-0.04920486733317375,0.6524831056594849,0.42165863513946533,-0.057198502123355865,0.6333464980125427,0.6183190941810608,-0.016552548855543137,0.6326968669891357,0.526274561882019,-0.03901344910264015,0.6363419890403748,0.4692886471748352,-0.05152472108602524,0.6424528360366821,0.42473137378692627,-0.05595232546329498,0.6613772511482239,0.6432545185089111,-0.022978706285357475,0.6731550097465515,0.6151865720748901,-0.05578253045678139,0.6528534889221191,0.6674771308898926,-0.05998837202787399,0.6361138224601746,0.7047032713890076,-0.052298691123723984,0.6844455599784851,0.6807721853256226,-0.031746793538331985,0.6853634119033813,0.6670318245887756,-0.05745789036154747,0.6637797951698303,0.7081115245819092,-0.057051315903663635,0.6450344324111938,0.735929548740387,-0.04989795759320259
0.6465421915054321,0.8246214985847473,6.2035257997195e-07,0.6024714708328247,0.7814863324165344,-0.0257312823086977,0.5953032970428467,0.7011793255805969,-0.036043696105480194,0.6298233866691589,0.6478853821754456,-0.04627256467938423,0.664334237575531,0.6134253740310669,-0.054921992123126984,0.6051099300384521,0.6126749515533447,-0.013838018290698528,0.6231318712234497,0.5293978452682495,-0.03442852571606636,0.64197838306427,0.4729991853237152,-0.04860404506325722,0.6590243577957153,0.42619451880455017,-0.056685879826545715,0.6340657472610474,0.6196396946907043,-0.01600012741982937,0.6316567659378052,0.5239328145980835,-0.03627638891339302,0.6318319439888,0.4644097685813904,-0.04740169644355774,0.6345374584197998,0.41780638694763184,-0.05138029903173447,0.661849319934845,0.6447020769119263,-0.022520802915096283,0.6735473275184631,0.6124518513679504,-0.05460240691900253,0.6530981063842773,0.6648921370506287,-0.059276241809129715,0.6361821293830872,0.7028958201408386,-0.0521300844848156,0.684612512588501,0.6825153231620789,-0.03149217739701271,0.6860054135322571,0.6666628122329712,-0.05806831642985344,0.6640176177024841,0.7080467939376831,-0.05885041132569313,0.6446648836135864,0.7365973591804504,-0.0526285246014595
0.6465924978256226,0.8265761137008667,6.133146825959557e-07,0.6041617393493652,0.7816729545593262,-0.024797651916742325,0.597169041633606,0.7009735107421875,-0.035089895129203796,0.6319535374641418,0.64595627784729,-0.045762404799461365,0.66751629114151,0.611572265625,-0.05507589131593704,0.6045724153518677,0.6140622496604919,-0.013407035730779171,0.6214834451675415,0.5298542976379395,-0.0352766253054142,0.6399250626564026,0.47271841764450073,-0.050454966723918915,0.6569385528564453,0.4251273572444916,-0.05921478196978569,0.6338167786598206,0.6207150816917419,-0.01602800004184246,0.63225919008255,0.5263197422027588,-0.038265638053417206,0.63489830493927,0.46716615557670593,-0.05100271850824356,0.6403211951255798,0.4195072054862976,-0.05602407827973366,0.6619189977645874,0.6455227732658386,-0.022737788036465645,0.6738492250442505,0.6134213209152222,-0.05558805912733078,0.654125452041626,0.6651040315628052,-0.060077451169490814,0.6383721828460693,0.7029690742492676,-0.05277709662914276,0.6850847005844116,0.68327796459198,-0.03184797242283821,0.6855983138084412,0.6683517098426819,-0.05856994166970253,0.664084255695343,0.708979606628418,-0.059029217809438705,0.6458115577697754,0.7366007566452026,-0.05249621346592903
0.6465825438499451,0.8278131484985352,6.222742854333774e-07,0.6041814684867859,0.7820543646812439,-0.02494020201265812,0.5977538228034973,0.7011822462081909,-0.03501981496810913,0.6318418979644775,0.6468932628631592,-0.045343682169914246,0.6660402417182922,0.6129255294799805,-0.05423911288380623,0.6058555841445923,0.614353597164154,-0.013343964703381062,0.6223086714744568,0.5303618907928467,-0.03444741666316986,0.640641987323761,0.47265884280204773,-0.049202922731637955,0.657785177230835,0.42509400844573975,-0.05760877951979637,0.6347883939743042,0.6225674152374268,-0.01592990942299366,0.6330819129943848,0.5277280211448669,-0.03704983741044998,0.6355768442153931,0.46870702505111694,-0.04904980584979057,0.6411994099617004,0.4223717451095581,-0.05354932323098183,0.6626235842704773,0.648588240146637,-0.02269022725522518,0.6738882064819336,0.6157827973365784,-0.05493657663464546,0.6533505320549011,0.6668088436126709,-0.05952994152903557,0.6372668147087097,0.7040488719940186,-0.052288610488176346,0.6853421926498413,0.6870495080947876,-0.0318322628736496,0.6860392093658447,0.6686811447143555,-0.0579032376408577,0.6642538905143738,0.708841860294342,-0.05796142667531967,0.6460176110267639,0.7370632290840149,-0.05123396962881088
0.6471248865127563,0.8288925886154175,6.283268589868385e-07,0.6042898893356323,0.7840963006019592,-0.025260092690587044,0.5970748066902161,0.7035427093505859,-0.035747624933719635,0.6312206387519836,0.6480048298835754,-0.046498335897922516,0.6658018231391907,0.612728476524353,-0.05586880072951317,0.6055521965026855,0.6153131723403931,-0.01265999861061573,0.6233723759651184,0.5323789119720459,-0.034324146807193756,0.6428217887878418,0.47520601749420166,-0.04979920759797096,0.6607253551483154,0.427706778049469,-0.05882532149553299,0.6347931623458862,0.6227749586105347,-0.015351426787674427,0.6336723566055298,0.5269495248794556,-0.03749309852719307,0.6354796290397644,0.4675670564174652,-0.05065610259771347,0.6401394605636597,0.41994720697402954,-0.05596837401390076,0.662909746170044,0.6485129594802856,-0.02219831943511963,0.6750991940498352,0.612667441368103,-0.055619098246097565,0.6533414721488953,0.6657799482345581,-0.06008759140968323,0.63596510887146,0.7047097682952881,-0.05260555073618889,0.6858710050582886,0.6873224973678589,-0.03140249103307724,0.6862483024597168,0.668264627456665,-0.05850787088274956,0.664859414100647,0.7096765637397766,-0.05828675627708435,0.6471949815750122,0.7386473417282104,-0.051143623888492584
0.6472631096839905,0.8283450603485107,6.167691140035458e-07,0.6050366759300232,0.7833091020584106,-0.024203967303037643,0.5979576110839844,0.7025833129882812,-0.03463428467512131,0.6315624713897705,0.6470987796783447,-0.04549407958984375,0.6657565832138062,0.6128155589103699,-0.05503314360976219,0.6049203872680664,0.6163097620010376,-0.013929835520684719,0.6219911575317383,0.5319676399230957,-0.03640469163656235,0.6410358548164368,0.47425928711891174,-0.05214594304561615,0.6585862040519714,0.42613184452056885,-0.06145573779940605,0.6342754364013672,0.6231066584587097,-0.01706419698894024,0.6337745189666748,0.5290319323539734,-0.04122035577893257,0.6382756233215332,0.4712406396865845,-0.055612243711948395,0.6452563405036926,0.4238586127758026,-0.061644479632377625,0.6624135375022888,0.64771968126297,-0.02393368072807789,0.6754074692726135,0.6141675114631653,-0.05804380774497986,0.6546213626861572,0.6660386919975281,-0.062614805996418,0.6375723481178284,0.7033025026321411,-0.055380791425704956,0.6856833696365356,0.6850364208221436,-0.03306915611028671,0.6873531937599182,0.6689321994781494,-0.060358718037605286,0.6661983728408813,0.7101132273674011,-0.06033487245440483,0.6483792066574097,0.7383585572242737,-0.05342625081539154
0.6478559374809265,0.8273084163665771,6.331687245619833e-07,0.605135440826416,0.7838255167007446,-0.02519303746521473,0.5973965525627136,0.7040908932685852,-0.035999782383441925,0.6309183239936829,0.6490011215209961,-0.04693780839443207,0.6642863750457764,0.613859236240387,-0.05650591105222702,0.6050524711608887,0.6148093938827515,-0.014845665544271469,0.6224738359451294,0.5303013920783997,-0.03633349761366844,0.63999342918396,0.4726015329360962,-0.0511002242565155,0.6560652852058411,0.4251381754875183,-0.05976925045251846,0.6344001889228821,0.6219406127929688,-0.01749243587255478,0.6347889304161072,0.5268487930297852,-0.04034373164176941,0.6387820839881897,0.4685620069503784,-0.05347628518939018,0.6448478102684021,0.4221370816230774,-0.05866821110248566,0.6624752879142761,0.6475998163223267,-0.024021195247769356,0.6759009957313538,0.612899661064148,-0.057790789753198624,0.6551133394241333,0.6651873588562012,-0.06249984726309776,0.6375096440315247,0.7030214667320251,-0.05535552278161049,0.6854396462440491,0.6865313053131104,-0.0327911414206028,0.6875814199447632,0.6682886481285095,-0.06051182001829147,0.6664323210716248,0.7098851203918457,-0.06089509651064873,0.6478586196899414,0.7387285828590393,-0.05423248931765556
0.6479734778404236,0.8288041949272156,6.203883344824135e-07,0.6054297685623169,0.7837021350860596,-0.023807954043149948,0.5983102321624756,0.7028993368148804,-0.033424317836761475,0.6321095824241638,0.6489797234535217,-0.043506499379873276,0.6667148470878601,0.6155595183372498,-0.052357543259859085,0.6072301864624023,0.6130226850509644,-0.011851483024656773,0.6251865029335022,0.5317001938819885,-0.03259581699967384,0.6438692808151245,0.4749794006347656,-0.04749041423201561,0.6606631875038147,0.42804092168807983,-0.05609780177474022,0.6358852982521057,0.6211935877799988,-0.014929201453924179,0.6351701617240906,0.5263863801956177,-0.03552960604429245,0.6367777585983276,0.4673098623752594,-0.04741755500435829,0.6408988237380981,0.4202820062637329,-0.051837075501680374,0.6635506749153137,0.6475869417190552,-0.022094035521149635,0.6758286952972412,0.6164791584014893,-0.053796350955963135,0.6545642614364624,0.6682578325271606,-0.058444149792194366,0.6375100612640381,0.7057316303253174,-0.051278889179229736,0.6856793761253357,0.6866194009780884,-0.03154931962490082,0.6870551109313965,0.6700544953346252,-0.05722067132592201,0.6649467349052429,0.710868775844574,-0.05723560228943825,0.6462644338607788,0.7390732765197754,-0.050501056015491486
0.6468299031257629,0.8278214931488037,6.079975491957157e-07,0.6051484942436218,0.7836860418319702,-0.024935554713010788,0.5982721447944641,0.7031340599060059,-0.03500807285308838,0.6316127181053162,0.6499475836753845,-0.045221567153930664,0.6653647422790527,0.6158677339553833,-0.0540497861802578,0.607390820980072,0.6130855679512024,-0.01375191193073988,0.6252614259719849,0.5306017398834229,-0.034812264144420624,0.6438634991645813,0.4739830493927002,-0.04933449998497963,0.6608203053474426,0.4269079864025116,-0.05761387199163437,0.6358332633972168,0.6207181215286255,-0.016206791624426842,0.6343780755996704,0.5261639952659607,-0.03742542490363121,0.6366475820541382,0.468351274728775,-0.04916146397590637,0.6413611769676208,0.42223167419433594,-0.05336249619722366,0.6630655527114868,0.6462832093238831,-0.022781286388635635,0.6755642294883728,0.6155922412872314,-0.05526767298579216,0.655353307723999,0.6678518056869507,-0.05991782993078232,0.6385576128959656,0.7048432230949402,-0.05269436910748482,0.6852269172668457,0.6843284368515015,-0.03170933201909065,0.6870227456092834,0.6697424054145813,-0.058133069425821304,0.6654433012008667,0.7115806341171265,-0.05854274705052376,0.6468656063079834,0.7395546436309814,-0.05204794928431511
0.6467851996421814,0.8265402317047119,6.089940711717645e-07,0.606054425239563,0.7821547985076904,-0.024284355342388153,0.599665641784668,0.7015621662139893,-0.0341096967458725,0.6329332590103149,0.6478081345558167,-0.044287972152233124,0.6675366163253784,0.6149625778198242,-0.05304181948304176,0.6066184639930725,0.6135597825050354,-0.014104214496910572,0.62375807762146,0.5283983945846558,-0.03509388118982315,0.6414401531219482,0.47125208377838135,-0.0488908626139164,0.6574962139129639,0.4244600832462311,-0.05647103860974312,0.635326087474823,0.6209409832954407,-0.016606969758868217,0.6351246237754822,0.5268344879150391,-0.03862457349896431,0.6387341022491455,0.4684789180755615,-0.050590891391038895,0.6444618105888367,0.4224194884300232,-0.05461428314447403,0.6631195545196533,0.6455495357513428,-0.022971827536821365,0.6755132079124451,0.6172753572463989,-0.05524973198771477,0.6561250686645508,0.6697192192077637,-0.05921686068177223,0.6402305364608765,0.7068796753883362,-0.05132893845438957,0.6858444809913635,0.6822899580001831,-0.03167764097452164,0.6873863935470581,0.670203685760498,-0.057301655411720276,0.666634202003479,0.7118839025497437,-0.057146936655044556,0.6491507291793823,0.7395059466362,-0.050118207931518555
0.6484357118606567,0.8285537958145142,6.293358865150367e-07,0.606218159198761,0.7838972806930542,-0.02527998574078083,0.5993351936340332,0.704231321811676,-0.035872913897037506,0.6322981715202332,0.6494950652122498,-0.04672226682305336,0.6662539839744568,0.6155190467834473,-0.056054048240184784,0.6068368554115295,0.6150051355361938,-0.013834355399012566,0.6243525147438049,0.5306285619735718,-0.035650450736284256,0.6430408358573914,0.4731411933898926,-0.05083576589822769,0.6601382493972778,0.4258002042770386,-0.05949185788631439,0.6355137825012207,0.622643768787384,-0.016187414526939392,0.6350564956665039,0.527999758720398,-0.03859585151076317,0.6380681395530701,0.4690386652946472,-0.05112114176154137,0.6435409188270569,0.42224085330963135,-0.05570108816027641,0.6635028123855591,0.6478633880615234,-0.022634655237197876,0.6765956282615662,0.6155269742012024,-0.05548490211367607,0.6556321382522583,0.6687780618667603,-0.0592319630086422,0.6385456919670105,0.7072391510009766,-0.05113577842712402,0.6864191293716431,0.685827374458313,-0.03154849633574486,0.6886608600616455,0.6690807342529297,-0.05784330144524574,0.6667621731758118,0.7103983759880066,-0.05736814811825752,0.6479611992835999,0.7389234304428101,-0.04997827857732773
0.6476327776908875,0.8294451832771301,6.257670293052797e-07,0.6051995158195496,0.7846126556396484,-0.02448536641895771,0.5989685654640198,0.7032824754714966,-0.034628793597221375,0.6327311396598816,0.649206817150116,-0.04508393630385399,0.6659960150718689,0.6149975657463074,-0.05418921262025833,0.6064533591270447,0.6156999468803406,-0.01367946621030569,0.6238901019096375,0.5309295058250427,-0.03468301519751549,0.6419385671615601,0.47256478667259216,-0.049046650528907776,0.6586123108863831,0.4247225522994995,-0.057399600744247437,0.6353495717048645,0.6232393980026245,-0.016304021701216698,0.6354374289512634,0.5292257070541382,-0.038389239460229874,0.6396456360816956,0.47165143489837646,-0.05093245208263397,0.646186351776123,0.42612895369529724,-0.05574581399559975,0.6632798314094543,0.6484127640724182,-0.022832797840237617,0.6761506795883179,0.6161249279975891,-0.055273912847042084,0.6554204821586609,0.6680639386177063,-0.05945712327957153,0.6383585929870605,0.7053713202476501,-0.052139848470687866,0.6861250400543213,0.686132550239563,-0.03168787434697151,0.6875542402267456,0.6701875925064087,-0.057917021214962006,0.6664866209030151,0.7117871642112732,-0.05790915712714195,0.6487194895744324,0.7399500012397766,-0.05117776244878769
0.6467710137367249,0.8270532488822937,6.235908927010314e-07,0.60528165102005,0.7831060290336609,-0.02567031793296337,0.5991063117980957,0.703865110874176,-0.03655271604657173,0.6326019763946533,0.6505032181739807,-0.047423332929611206,0.665633499622345,0.6160193681716919,-0.0568455345928669,0.6081840991973877,0.6115283966064453,-0.0148973623290658,0.6255512833595276,0.5286005735397339,-0.035859182476997375,0.6424630880355835,0.47168833017349243,-0.05024155229330063,0.6579727530479431,0.42475032806396484,-0.058569375425577164,0.6369190812110901,0.6198521852493286,-0.0170810054987669,0.6371405124664307,0.5268385410308838,-0.03879305347800255,0.6409415602684021,0.4700329899787903,-0.05085592344403267,0.6471416354179382,0.42509138584136963,-0.055281832814216614,0.6644994020462036,0.6462915539741516,-0.023307587951421738,0.6766251921653748,0.6167579889297485,-0.0560634545981884,0.6550735831260681,0.6687124967575073,-0.0607820525765419,0.6376333832740784,0.7056604027748108,-0.053680337965488434,0.6867905259132385,0.6852801442146301,-0.03187676891684532,0.6881319284439087,0.669669508934021,-0.058675285428762436,0.6663573980331421,0.711175799369812,-0.05908859521150589,0.6479536294937134,0.7394276857376099,-0.0525331124663353
0.6471650004386902,0.8272004127502441,6.109741548243619e-07,0.6048042178153992,0.783187985420227,-0.0247842725366354,0.5987226963043213,0.7038568258285522,-0.03523397818207741,0.6322998404502869,0.6511952877044678,-0.04599027335643768,0.6654218435287476,0.6179102659225464,-0.055288851261138916,0.6080339550971985,0.6126709580421448,-0.013335502706468105,0.6254890561103821,0.5297397971153259,-0.03458545729517937,0.6435054540634155,0.47259607911109924,-0.04934673756361008,0.6599368453025818,0.42551368474960327,-0.057987965643405914,0.6365631818771362,0.6199178695678711,-0.016167515888810158,0.634811520576477,0.5260860919952393,-0.03850082680583,0.6370331645011902,0.46779146790504456,-0.05146325007081032,0.6415096521377563,0.4213637709617615,-0.056509122252464294,0.6640658378601074,0.6455121040344238,-0.02298923023045063,0.6763835549354553,0.6145212650299072,-0.0558624193072319,0.6556935906410217,0.66632479429245,-0.06039268523454666,0.6379579305648804,0.703389585018158,-0.05318884924054146,0.6864911913871765,0.6840978860855103,-0.032173242419958115,0.6882132887840271,0.6695812344551086,-0.05876398831605911,0.6666162610054016,0.7108255624771118,-0.05894474312663078,0.6475943326950073,0.7387747764587402,-0.05225496366620064
0.6480906009674072,0.8305354118347168,6.188891461533785e-07,0.6052493453025818,0.7866603136062622,-0.025498200207948685,0.5975574851036072,0.7073018550872803,-0.03638869524002075,0.6307104825973511,0.6524805426597595,-0.047560326755046844,0.6648216247558594,0.6173614263534546,-0.05723261460661888,0.6075291037559509,0.616404116153717,-0.013379351235926151,0.6260294914245605,0.5333550572395325,-0.03570949286222458,0.6458722949028015,0.47649505734443665,-0.05146174505352974,0.6640381813049316,0.42900508642196655,-0.06057426705956459,0.6364468932151794,0.6230672001838684,-0.016081195324659348,0.6343023777008057,0.5269861817359924,-0.038776375353336334,0.635480523109436,0.46710896492004395,-0.051809895783662796,0.6390655636787415,0.4189310073852539,-0.05690604820847511,0.6642138957977295,0.6482424736022949,-0.023004725575447083,0.6766308546066284,0.6139628291130066,-0.056791454553604126,0.6556198596954346,0.667066752910614,-0.061141252517700195,0.6379778385162354,0.7058152556419373,-0.053475309163331985,0.6867595911026001,0.6867246627807617,-0.03237385302782059,0.6883869171142578,0.6697505116462708,-0.059719476848840714,0.6664019823074341,0.711332380771637,-0.059747107326984406,0.6474319696426392,0.7401769161224365,-0.05271189287304878
0.6475338935852051,0.830371081829071,6.251264608181373e-07,0.6056458950042725,0.7852773666381836,-0.02559632994234562,0.59844970703125,0.7066139578819275,-0.0368117056787014,0.6321743130683899,0.653160572052002,-0.048200592398643494,0.6663913130760193,0.6180033683776855,-0.05804311856627464,0.6072950959205627,0.6133109331130981,-0.0144801689311862,0.6250436902046204,0.5293950438499451,-0.036657076328992844,0.6437790393829346,0.47133445739746094,-0.05204785242676735,0.6609602570533752,0.42298901081085205,-0.06100207194685936,0.6363922357559204,0.6207658648490906,-0.016882460564374924,0.636192262172699,0.5277963280677795,-0.03954491764307022,0.6397712230682373,0.47029948234558105,-0.052193641662597656,0.6454848051071167,0.42404842376708984,-0.05703887343406677,0.6639084219932556,0.6466274261474609,-0.02341863140463829,0.6764572858810425,0.6177365183830261,-0.05651022121310234,0.6555265188217163,0.6701527237892151,-0.06076311692595482,0.6381916403770447,0.7072739601135254,-0.053327567875385284,0.6860049366950989,0.6856577396392822,-0.03242585062980652,0.6876567006111145,0.6724308133125305,-0.0590156614780426,0.665563702583313,0.7135024666786194,-0.05918711796402931,0.6463956236839294,0.74078369140625,-0.05248018354177475
0.6465229988098145,0.8302849531173706,6.215825578692602e-07,0.6047508716583252,0.7845429182052612,-0.025412091985344887,0.5984416007995605,0.7051089406013489,-0.03627421334385872,0.63182532787323,0.652215301990509,-0.04742740839719772,0.6656782627105713,0.6184445023536682,-0.057055115699768066,0.6079485416412354,0.6127445697784424,-0.0130540132522583,0.6253439784049988,0.5302683115005493,-0.034805722534656525,0.6434615254402161,0.47284162044525146,-0.05020545795559883,0.6601870059967041,0.42504996061325073,-0.05920521169900894,0.6366277933120728,0.621108889579773,-0.015682464465498924,0.6358752250671387,0.5278884172439575,-0.03797023370862007,0.6388034820556641,0.4701991677284241,-0.05057388171553612,0.6442762613296509,0.42380276322364807,-0.05530223995447159,0.6640810370445251,0.6477148532867432,-0.02253814786672592,0.6765851378440857,0.6179679036140442,-0.05573297664523125,0.655009388923645,0.6712015271186829,-0.059930820018053055,0.6373168230056763,0.7085851430892944,-0.0522015206515789,0.6861184239387512,0.6873152852058411,-0.031831294298172,0.6880560517311096,0.6716403365135193,-0.05839134007692337,0.6658411622047424,0.7130541801452637,-0.05807648226618767,0.646735668182373,0.740754246711731,-0.05090659111738205
0.646018385887146,0.8310942649841309,6.199618383107008e-07,0.6046544909477234,0.784927487373352,-0.02505982667207718,0.5989445447921753,0.7053143382072449,-0.03604666143655777,0.6320182085037231,0.6522432565689087,-0.04740096628665924,0.6652711033821106,0.618133544921875,-0.05722290650010109,0.6079829335212708,0.6139138340950012,-0.012275675311684608,0.6264368891716003,0.5320406556129456,-0.0337098054587841,0.6456068754196167,0.47488850355148315,-0.04898884519934654,0.6629827618598938,0.4273432493209839,-0.057956013828516006,0.636303186416626,0.6228326559066772,-0.015332571230828762,0.634598970413208,0.5278018116950989,-0.037662480026483536,0.6356722712516785,0.4688049256801605,-0.05068519711494446,0.6393347382545471,0.4210507571697235,-0.0557878240942955,0.6636142730712891,0.6494369506835938,-0.02253573201596737,0.6767996549606323,0.6157417297363281,-0.055851344019174576,0.6543459892272949,0.668963611125946,-0.059929586946964264,0.6354385018348694,0.7068169713020325,-0.052196018397808075,0.6859317421913147,0.6887966394424438,-0.032120466232299805,0.688032865524292,0.671353280544281,-0.05860033631324768,0.6659360527992249,0.7129150032997131,-0.05788791552186012,0.6467185020446777,0.7409098148345947,-0.05048099532723427
0.6458503603935242,0.8306634426116943,6.210384526639245e-07,0.6045151948928833,0.7849574089050293,-0.02465106174349785,0.5985344648361206,0.7044585943222046,-0.03490273654460907,0.6315432786941528,0.6509566307067871,-0.045573316514492035,0.6645292043685913,0.6170448660850525,-0.05480029806494713,0.6067484617233276,0.6159190535545349,-0.012005199678242207,0.6261919140815735,0.5334223508834839,-0.03275030478835106,0.6456568837165833,0.4767141342163086,-0.04713976010680199,0.6629300117492676,0.42975661158561707,-0.05531172826886177,0.6347609162330627,0.6242496967315674,-0.014963614754378796,0.6335490345954895,0.5269135236740112,-0.036542221903800964,0.634769856929779,0.466830849647522,-0.04867701232433319,0.6383031606674194,0.41899728775024414,-0.05303699150681496,0.6620985865592957,0.6501465439796448,-0.02204681932926178,0.6754251718521118,0.615267813205719,-0.05524313449859619,0.653987467288971,0.6696116328239441,-0.05904558300971985,0.6358196139335632,0.7085999846458435,-0.050863057374954224,0.6846132874488831,0.6885583400726318,-0.03141440823674202,0.686686635017395,0.6695776581764221,-0.05773228406906128,0.665382444858551,0.7122129201889038,-0.05667070299386978,0.6469050645828247,0.7414162158966064,-0.048932578414678574
0.6465141177177429,0.8302358388900757,6.164362389426969e-07,0.6048607230186462,0.7841541767120361,-0.02482190914452076,0.5982060432434082,0.7050445079803467,-0.0357063002884388,0.6303189396858215,0.6515833139419556,-0.047102294862270355,0.6623032689094543,0.6174441576004028,-0.05692456290125847,0.6071726083755493,0.6146722435951233,-0.01311436202377081,0.6250526905059814,0.5320551991462708,-0.03510485589504242,0.6432530283927917,0.4754231572151184,-0.05041211098432541,0.6598755717277527,0.4278981685638428,-0.05932116508483887,0.635184645652771,0.6220352649688721,-0.016264284029603004,0.63448566198349,0.52721107006073,-0.03941412270069122,0.6367930769920349,0.4679574966430664,-0.05269026383757591,0.6415929794311523,0.4198187291622162,-0.05788106098771095,0.662329912185669,0.647368311882019,-0.023482078686356544,0.6757335066795349,0.6149063110351562,-0.057338811457157135,0.6542931199073792,0.6683201193809509,-0.061643462628126144,0.6362571716308594,0.706636369228363,-0.053959209471940994,0.6847094893455505,0.6859970092773438,-0.03305521234869957,0.6871786713600159,0.6706455945968628,-0.05988707020878792,0.6658702492713928,0.7117698192596436,-0.059651315212249756,0.6473356485366821,0.7397915720939636,-0.052538108080625534
0.6471957564353943,0.8282997012138367,6.213403480614943e-07,0.6048893928527832,0.7833935022354126,-0.02501501701772213,0.5973734259605408,0.7042020559310913,-0.03555708006024361,0.6304197907447815,0.6507239937782288,-0.04639895260334015,0.6634762287139893,0.6171889305114746,-0.05580762028694153,0.6061528921127319,0.6139427423477173,-0.013885426335036755,0.6238986253738403,0.5313535928726196,-0.035415954887866974,0.6422220468521118,0.47501856088638306,-0.050267044454813004,0.6587514281272888,0.4281575381755829,-0.05886572226881981,0.6346685886383057,0.6212747693061829,-0.016677414998412132,0.6347648501396179,0.5267038345336914,-0.039183810353279114,0.6377624869346619,0.4673650860786438,-0.0519980750977993,0.6427158117294312,0.419577419757843,-0.0568515881896019,0.6622482538223267,0.6468890309333801,-0.023508794605731964,0.6751856803894043,0.6156498193740845,-0.05685706436634064,0.6540195345878601,0.6679788827896118,-0.06173403561115265,0.6361649036407471,0.7048990726470947,-0.054572973400354385,0.684931755065918,0.6854210495948792,-0.03266265243291855,0.6860001087188721,0.6720626950263977,-0.05958451330661774,0.6644110679626465,0.7131727933883667,-0.06010749191045761,0.6458800435066223,0.7401162385940552,-0.053616512566804886
0.6464293599128723,0.8290429711341858,6.226984510249167e-07,0.6036301255226135,0.7842353582382202,-0.025457274168729782,0.5972049236297607,0.7056432962417603,-0.036262206733226776,0.6296446919441223,0.6521483659744263,-0.047224052250385284,0.661887526512146,0.6165993213653564,-0.056691594421863556,0.6061633825302124,0.6121932864189148,-0.013187970966100693,0.6245100498199463,0.5305895805358887,-0.03413794934749603,0.6420901417732239,0.4741893708705902,-0.048779070377349854,0.6578554511070251,0.4270531237125397,-0.05723791569471359,0.6344844698905945,0.6199066638946533,-0.01583792082965374,0.6339566707611084,0.5252639651298523,-0.03700520098209381,0.6360859870910645,0.4667540192604065,-0.048826802521944046,0.6401763558387756,0.41998231410980225,-0.0531415157020092,0.6617738604545593,0.6461538076400757,-0.02275155857205391,0.6748682856559753,0.6146576404571533,-0.05568215250968933,0.6534016132354736,0.6674844026565552,-0.06057179346680641,0.6349670886993408,0.7048870325088501,-0.05346902087330818,0.6838520765304565,0.6855231523513794,-0.032004259526729584,0.6867306232452393,0.6694453358650208,-0.05890071392059326,0.6644389629364014,0.7115444540977478,-0.059332046657800674,0.644362211227417,0.7400847673416138,-0.05279781296849251
0.6457471251487732,0.8290557861328125,6.179481033541379e-07,0.6040408611297607,0.7855979204177856,-0.024775858968496323,0.59626704454422,0.7065140604972839,-0.0355631448328495,0.6283584237098694,0.6516938805580139,-0.0467013418674469,0.6614798307418823,0.6167418956756592,-0.05648379772901535,0.6046240329742432,0.6144434809684753,-0.013939838856458664,0.6224894523620605,0.5312743186950684,-0.035665594041347504,0.6405584216117859,0.47445398569107056,-0.05062738060951233,0.6566563844680786,0.42736610770225525,-0.05924927070736885,0.6335347294807434,0.622094452381134,-0.016882993280887604,0.6345356106758118,0.5265112519264221,-0.0398208349943161,0.6377368569374084,0.4675529897212982,-0.05280382186174393,0.6427778005599976,0.4195249080657959,-0.057783350348472595,0.661076545715332,0.6477124094963074,-0.023769356310367584,0.6752166748046875,0.6150358319282532,-0.05727021023631096,0.6530718803405762,0.6680891513824463,-0.061590276658535004,0.6345455050468445,0.7051734924316406,-0.05412204563617706,0.6833544373512268,0.6863132119178772,-0.03293105214834213,0.6857618689537048,0.670393705368042,-0.059564605355262756,0.6640254259109497,0.7118839025497437,-0.0593004934489727,0.6452481746673584,0.739158034324646,-0.052337054163217545
0.6462244391441345,0.8291745185852051,6.232419877960638e-07,0.6037883162498474,0.7849573493003845,-0.02579370141029358,0.596692681312561,0.7064405083656311,-0.03697633370757103,0.6292771100997925,0.651947021484375,-0.04827343299984932,0.6623780727386475,0.6166969537734985,-0.05809542164206505,0.6047641634941101,0.614327073097229,-0.014434288255870342,0.6229161620140076,0.5312397480010986,-0.03610828146338463,0.6407526731491089,0.4743337035179138,-0.051129672676324844,0.6567658185958862,0.42695674300193787,-0.05981213226914406,0.6334824562072754,0.6216984987258911,-0.016943972557783127,0.633554995059967,0.5266445875167847,-0.03937976434826851,0.6361663341522217,0.467374324798584,-0.0521894246339798,0.6409127712249756,0.4195280075073242,-0.05716783180832863,0.6610119938850403,0.6475468873977661,-0.02357902191579342,0.6742830872535706,0.6153458952903748,-0.05684125795960426,0.6529377102851868,0.6669091582298279,-0.061777446419000626,0.6349390149116516,0.7032621502876282,-0.05481087788939476,0.6833887100219727,0.6864439845085144,-0.03258508816361427,0.6855513453483582,0.6700783967971802,-0.0592942051589489,0.6638315320014954,0.710881233215332,-0.05958050116896629,0.6449140906333923,0.7382522821426392,-0.053037285804748535
0.6462104320526123,0.828102171421051,6.313861717899272e-07,0.6042463779449463,0.7836946249008179,-0.026121711358428,0.5968363881111145,0.7052230834960938,-0.03738511726260185,0.6298846006393433,0.6508873701095581,-0.04859432578086853,0.6634313464164734,0.6157206296920776,-0.05838385224342346,0.6043533086776733,0.613490641117096,-0.01538773626089096,0.6221256852149963,0.529861569404602,-0.03703559935092926,0.6400488615036011,0.47227907180786133,-0.05187537148594856,0.6562078595161438,0.424551784992218,-0.06039203330874443,0.6333781480789185,0.6214967370033264,-0.017578110098838806,0.6349133253097534,0.5269140601158142,-0.03995002061128616,0.6386252641677856,0.46863624453544617,-0.05243372172117233,0.6446366310119629,0.4217621684074402,-0.05715504661202431,0.6610523462295532,0.6478577852249146,-0.023845989257097244,0.6749037504196167,0.6163274645805359,-0.056618113070726395,0.6531510949134827,0.6673703193664551,-0.06124495714902878,0.6355499625205994,0.7026296854019165,-0.054221197962760925,0.6834048628807068,0.6870118379592896,-0.03251471742987633,0.6850810050964355,0.6713634729385376,-0.058539535850286484,0.6633269190788269,0.7117173671722412,-0.058580294251441956,0.6450713872909546,0.7377433776855469,-0.05201372131705284
0.6460744142532349,0.8259535431861877,6.299334245341015e-07,0.6042981147766113,0.782118558883667,-0.025819892063736916,0.5971831679344177,0.7036701440811157,-0.03654355928301811,0.6304621696472168,0.6501649618148804,-0.04717888683080673,0.6646153926849365,0.6164228916168213,-0.05650050565600395,0.6047703623771667,0.6119978427886963,-0.015257124789059162,0.6219721436500549,0.5282891988754272,-0.035989031195640564,0.6389573812484741,0.47109460830688477,-0.05011625215411186,0.6542704105377197,0.42411288619041443,-0.05816667154431343,0.6338828206062317,0.6201623678207397,-0.01717822439968586,0.6359385848045349,0.5263421535491943,-0.03840472921729088,0.6402955651283264,0.46835875511169434,-0.050245095044374466,0.646551787853241,0.4225108325481415,-0.05455886200070381,0.6616650819778442,0.6463127732276917,-0.023088132962584496,0.6749062538146973,0.6163971424102783,-0.05491046980023384,0.6533930897712708,0.6671207547187805,-0.05973159149289131,0.6359663009643555,0.7023345828056335,-0.052936065942049026,0.683946967124939,0.6847667694091797,-0.03136112540960312,0.6849274635314941,0.6710480451583862,-0.057055771350860596,0.6631898283958435,0.7118422389030457,-0.05741342529654503,0.6450582146644592,0.7381674647331238,-0.051082249730825424
0.6470894813537598,0.8258969783782959,6.288163945100678e-07,0.6049913167953491,0.7823126912117004,-0.026449812576174736,0.5971636176109314,0.7042656540870667,-0.037005867809057236,0.629488468170166,0.6501280665397644,-0.047360241413116455,0.6636878848075867,0.6158837080001831,-0.05620436370372772,0.6050713658332825,0.6128880977630615,-0.015047747641801834,0.6224626302719116,0.5285357236862183,-0.03575066104531288,0.6399695873260498,0.47094428539276123,-0.049834541976451874,0.6554989814758301,0.4235410988330841,-0.05765973776578903,0.6336915493011475,0.620406985282898,-0.016612917184829712,0.6339637041091919,0.5259305238723755,-0.03732886165380478,0.6369968056678772,0.46735477447509766,-0.04843774437904358,0.6418148875236511,0.4217338562011719,-0.05200663581490517,0.6614447832107544,0.6458812952041626,-0.022394688799977303,0.6734412908554077,0.6180062294006348,-0.05417253449559212,0.6532032489776611,0.6695040464401245,-0.05872872471809387,0.6364098787307739,0.7054018974304199,-0.05134166404604912,0.6838938593864441,0.6838251352310181,-0.030679233372211456,0.6854671835899353,0.6700761318206787,-0.05619817599654198,0.6637777090072632,0.7110777497291565,-0.05633074790239334,0.6449748873710632,0.738373339176178,-0.049608685076236725
0.6468686461448669,0.8242372870445251,6.323821253317874e-07,0.6046152114868164,0.780402660369873,-0.026067499071359634,0.5964356064796448,0.7038509249687195,-0.036619167774915695,0.6291583180427551,0.6509189605712891,-0.04690798372030258,0.6632311344146729,0.6167200207710266,-0.055658143013715744,0.6043985486030579,0.6108310222625732,-0.014768891036510468,0.6229801774024963,0.527589738368988,-0.03443527594208717,0.6407070755958557,0.47099167108535767,-0.047655943781137466,0.6563068628311157,0.4244920015335083,-0.054962582886219025,0.6333713531494141,0.6182787418365479,-0.0163419246673584,0.6335216760635376,0.5237000584602356,-0.03558417409658432,0.6366181969642639,0.46482133865356445,-0.04600800201296806,0.6411359906196594,0.4195477366447449,-0.04939420893788338,0.6614152193069458,0.6436431407928467,-0.02210089936852455,0.6733690500259399,0.6174083352088928,-0.0524604506790638,0.6534057259559631,0.6670224070549011,-0.05769294127821922,0.6361749768257141,0.7020037770271301,-0.05132400244474411,0.6839889287948608,0.6812843084335327,-0.03031887859106064,0.684557318687439,0.6716412901878357,-0.0549524649977684,0.6628511548042297,0.7123008966445923,-0.05590401217341423,0.6435884237289429,0.7388250827789307,-0.05018417164683342
0.645943284034729,0.8239355087280273,6.269139589676342e-07,0.6039261817932129,0.7815581560134888,-0.026390330865979195,0.5952383875846863,0.7044336199760437,-0.03739285469055176,0.6281062960624695,0.6485899090766907,-0.04819010570645332,0.6626889109611511,0.6125906705856323,-0.05747681483626366,0.6039668321609497,0.6112004518508911,-0.01469302549958229,0.6221473217010498,0.5284931659698486,-0.035572074353694916,0.6403796672821045,0.47158604860305786,-0.04992654547095299,0.6571527719497681,0.4244728088378906,-0.05821431428194046,0.633194625377655,0.6186485290527344,-0.01623700000345707,0.6330897808074951,0.5244126319885254,-0.037268538028001785,0.6362067461013794,0.46613192558288574,-0.04909426346421242,0.6416371464729309,0.4195861518383026,-0.053608935326337814,0.6611831784248352,0.6440465450286865,-0.02192782610654831,0.6741092205047607,0.6138302087783813,-0.0540609285235405,0.6530407667160034,0.6656183004379272,-0.058860622346401215,0.6358275413513184,0.7029809951782227,-0.05204317718744278,0.6838229298591614,0.6816771030426025,-0.030080122873187065,0.6836353540420532,0.6705171465873718,-0.05654636397957802,0.6617146730422974,0.711297869682312,-0.0576656199991703,0.6432482004165649,0.7380270957946777,-0.051788803189992905
0.6447177529335022,0.8238687515258789,6.100497671468474e-07,0.6034020185470581,0.7817694544792175,-0.02495848387479782,0.595014750957489,0.7041466236114502,-0.03573543578386307,0.6275602579116821,0.6483251452445984,-0.04669487103819847,0.6622739434242249,0.6128827929496765,-0.05632156878709793,0.605100691318512,0.6106857657432556,-0.014238054864108562,0.6225516200065613,0.5276401042938232,-0.03537694737315178,0.6398054361343384,0.4705966114997864,-0.049861498177051544,0.6557246446609497,0.42308664321899414,-0.05837634950876236,0.6339906454086304,0.6180206537246704,-0.016834918409585953,0.6344985365867615,0.5238263607025146,-0.03848347067832947,0.6371877789497375,0.46587133407592773,-0.050802916288375854,0.64216548204422,0.41919130086898804,-0.055761102586984634,0.6613574028015137,0.6435061693191528,-0.0233934186398983,0.674290120601654,0.6117140650749207,-0.05615989863872528,0.6526386141777039,0.6630937457084656,-0.06122858449816704,0.6351176500320435,0.7002431750297546,-0.05468108505010605,0.6832178831100464,0.6817260384559631,-0.03224180266261101,0.6831059455871582,0.6687604784965515,-0.059309475123882294,0.6610003113746643,0.7094964385032654,-0.060549650341272354,0.6425801515579224,0.7367197275161743,-0.05479535087943077
0.6444313526153564,0.8214727640151978,5.898435802009772e-07,0.6030358672142029,0.779249370098114,-0.024613114073872566,0.5959400534629822,0.7014147639274597,-0.03510613366961479,0.6289629936218262,0.6472129821777344,-0.0456976518034935,0.6634654998779297,0.6129993796348572,-0.05487106740474701,0.6063156723976135,0.6091960668563843,-0.014711059629917145,0.6240633726119995,0.5269231200218201,-0.035244084894657135,0.6410601139068604,0.47145891189575195,-0.04899528995156288,0.6562801599502563,0.4249250888824463,-0.056936778128147125,0.6350428462028503,0.6158742904663086,-0.017397571355104446,0.6340169310569763,0.5212670564651489,-0.03840233385562897,0.6356039643287659,0.4631563425064087,-0.050053466111421585,0.6390030384063721,0.416698694229126,-0.054432228207588196,0.6625857353210449,0.6407739520072937,-0.023958278819918633,0.6739349961280823,0.6114944815635681,-0.05639078468084335,0.6535832285881042,0.6628996133804321,-0.06158662214875221,0.636305570602417,0.6997329592704773,-0.055012572556734085,0.6845564842224121,0.6783936023712158,-0.03274914249777794,0.6838153004646301,0.6680899262428284,-0.05939595028758049,0.661709189414978,0.7094534039497375,-0.060651689767837524,0.642753005027771,0.7368025183677673,-0.054930973798036575
0.6447213888168335,0.8220834732055664,6.027468089087051e-07,0.6032840013504028,0.7791934013366699,-0.02453068643808365,0.5959402918815613,0.7007330656051636,-0.03486979752779007,0.6297253966331482,0.6454689502716064,-0.04546952620148659,0.6653556227684021,0.6112101674079895,-0.05468682944774628,0.6045846343040466,0.6117299199104309,-0.013460899703204632,0.6245014667510986,0.5299924612045288,-0.03483349829912186,0.6440405249595642,0.4749414622783661,-0.049415260553359985,0.6613496541976929,0.42875903844833374,-0.05764906853437424,0.6333592534065247,0.617701530456543,-0.01628359965980053,0.6311021447181702,0.5203289985656738,-0.03758080303668976,0.6320291757583618,0.46046268939971924,-0.0493619367480278,0.6346179246902466,0.41242411732673645,-0.05353715270757675,0.6615138053894043,0.642103910446167,-0.02310902252793312,0.6723732948303223,0.6108994483947754,-0.05543205887079239,0.6532841324806213,0.6641908884048462,-0.05921267345547676,0.6368610858917236,0.7019445896148682,-0.05126665160059929,0.6845518350601196,0.6789823174476624,-0.032293614000082016,0.6835170984268188,0.667025625705719,-0.05803660303354263,0.6622532606124878,0.7091742753982544,-0.05764690786600113,0.6443725228309631,0.7363941669464111,-0.05055117607116699
0.6449853181838989,0.8248385190963745,5.85056170621101e-07,0.6030940413475037,0.7819526195526123,-0.023359736427664757,0.595612108707428,0.7000979781150818,-0.033068377524614334,0.6294207572937012,0.6433463096618652,-0.04333020746707916,0.6649940609931946,0.6088677644729614,-0.05244147405028343,0.6034663319587708,0.6129330396652222,-0.013569015078246593,0.6211807727813721,0.5293307304382324,-0.035430099815130234,0.6402711868286133,0.4727499186992645,-0.05039668083190918,0.6576501131057739,0.4251375198364258,-0.05913488566875458,0.6330636739730835,0.6187117099761963,-0.016799446195364,0.6322691440582275,0.5244613885879517,-0.0393415242433548,0.6350919008255005,0.46663224697113037,-0.05234586074948311,0.6403619647026062,0.41903817653656006,-0.057632312178611755,0.6615951061248779,0.6427416205406189,-0.023712169378995895,0.673103928565979,0.6116809248924255,-0.055902812629938126,0.6524252891540527,0.664254903793335,-0.059626318514347076,0.6359812021255493,0.7017598748207092,-0.05219828337430954,0.6848247647285461,0.6798702478408813,-0.0329325906932354,0.6829984784126282,0.6698150038719177,-0.05830078199505806,0.6614538431167603,0.7107768058776855,-0.05806243047118187,0.6443799138069153,0.7367171049118042,-0.05140392854809761
0.6440621018409729,0.8232311606407166,6.02897955559456e-07,0.6021439433097839,0.7791366577148438,-0.024840787053108215,0.5958738327026367,0.6997654438018799,-0.03555264696478844,0.6290152668952942,0.6456575393676758,-0.046537064015865326,0.6620446443557739,0.611554741859436,-0.05610763281583786,0.6053512692451477,0.6091703176498413,-0.014590888284146786,0.6217914819717407,0.5251020193099976,-0.03535245358943939,0.6380426287651062,0.46787869930267334,-0.0493682399392128,0.6530089974403381,0.42040330171585083,-0.0576615035533905,0.6342683434486389,0.6168662905693054,-0.017205316573381424,0.6341541409492493,0.5246737003326416,-0.03993620723485947,0.6376122832298279,0.4674071669578552,-0.05319806560873985,0.6434460878372192,0.4215717315673828,-0.05860542878508568,0.6618756651878357,0.6421549916267395,-0.023598123341798782,0.6738489866256714,0.6119338274002075,-0.05685821548104286,0.6525155305862427,0.6631187796592712,-0.0621025487780571,0.6349565982818604,0.7001930475234985,-0.05554039403796196,0.6843683123588562,0.6801047325134277,-0.032216064631938934,0.6848944425582886,0.6666321158409119,-0.05899270996451378,0.6631929874420166,0.7071892023086548,-0.059808917343616486,0.644669234752655,0.7351610660552979,-0.053723324090242386
0.6436561942100525,0.8217920064926147,6.108793400017021e-07,0.6024145483970642,0.7788914442062378,-0.02528911642730236,0.5957565903663635,0.7003191709518433,-0.03615608066320419,0.6292537450790405,0.6462527513504028,-0.04715045541524887,0.6631600260734558,0.6125249862670898,-0.056680019944906235,0.6042866110801697,0.6115596294403076,-0.014967307448387146,0.6223078966140747,0.5271520018577576,-0.036214567720890045,0.640713095664978,0.47038519382476807,-0.05040385201573372,0.6572103500366211,0.42340609431266785,-0.05842926353216171,0.6332952380180359,0.61855149269104,-0.017397917807102203,0.6319944262504578,0.5229769945144653,-0.03974410891532898,0.6338422298431396,0.4644247889518738,-0.052413228899240494,0.637880265712738,0.41779738664627075,-0.05715597793459892,0.661072313785553,0.6430206298828125,-0.023697393015027046,0.6724579334259033,0.6115474104881287,-0.05654342100024223,0.6526938676834106,0.6626050472259521,-0.06091271713376045,0.6361967921257019,0.6990160346031189,-0.05349305644631386,0.6837548017501831,0.6798631548881531,-0.03233787417411804,0.6842906475067139,0.6652969121932983,-0.05829782411456108,0.6636186838150024,0.7061826586723328,-0.058060646057128906,0.6461001634597778,0.7337590456008911,-0.05111877620220184
0.6448836922645569,0.8238644003868103,6.167106789689569e-07,0.6027219295501709,0.7795238494873047,-0.025228988379240036,0.5961459875106812,0.7001486420631409,-0.036090701818466187,0.6297421455383301,0.6446704268455505,-0.047309841960668564,0.6645565629005432,0.6103978753089905,-0.05703537166118622,0.6037782430648804,0.6133738160133362,-0.013823574408888817,0.622099757194519,0.5304317474365234,-0.03622441366314888,0.6413833498954773,0.4745560884475708,-0.051579952239990234,0.6589736938476562,0.4278894066810608,-0.06024227291345596,0.6325777769088745,0.6195006370544434,-0.016505468636751175,0.6311516761779785,0.5238453149795532,-0.03961256891489029,0.6329087615013123,0.46357810497283936,-0.05274764075875282,0.6373007893562317,0.41458743810653687,-0.05770165100693703,0.660662055015564,0.6434903740882874,-0.02326713316142559,0.6730848550796509,0.6113444566726685,-0.05700485035777092,0.6528997421264648,0.6646121740341187,-0.06112154200673103,0.6364288926124573,0.7030057907104492,-0.0530848503112793,0.6839746236801147,0.6805628538131714,-0.03244568407535553,0.6850593686103821,0.6666781306266785,-0.059007029980421066,0.663550853729248,0.7076902985572815,-0.05874832347035408,0.6454263925552368,0.7352846264839172,-0.05149086192250252
0.6456323862075806,0.8204277157783508,6.096428251112229e-07,0.6037301421165466,0.7764208316802979,-0.025613414123654366,0.5961809754371643,0.6993976831436157,-0.0358661413192749,0.629271924495697,0.6468363404273987,-0.04603758454322815,0.6627024412155151,0.613178551197052,-0.054733823984861374,0.6040845513343811,0.6092839241027832,-0.014700636267662048,0.6213739514350891,0.5266674757003784,-0.035514120012521744,0.6385950446128845,0.4711136817932129,-0.049446627497673035,0.6542367339134216,0.4247165620326996,-0.057283274829387665,0.6325944066047668,0.6158630847930908,-0.016565736383199692,0.6327539682388306,0.523023247718811,-0.03779524937272072,0.6363815069198608,0.4651266634464264,-0.04934103414416313,0.6418582201004028,0.41849249601364136,-0.05334428325295448,0.6600589156150818,0.6404480338096619,-0.02254442311823368,0.673482358455658,0.6134594678878784,-0.05489218235015869,0.6537863612174988,0.6655358076095581,-0.05996088683605194,0.6368870139122009,0.7015342712402344,-0.0530734583735466,0.6827569603919983,0.677501916885376,-0.030910667032003403,0.684837281703949,0.6685223579406738,-0.05757586658000946,0.6635697484016418,0.7097312211990356,-0.058970388025045395,0.6446735858917236,0.7361098527908325,-0.05317848175764084
0.6453891396522522,0.8221094012260437,6.200364737196651e-07,0.6038526892662048,0.7774581909179688,-0.025459174066781998,0.5978509187698364,0.6989994049072266,-0.03598158061504364,0.6322878003120422,0.6444365978240967,-0.04662248119711876,0.6674886345863342,0.6108700037002563,-0.05595087260007858,0.6041374802589417,0.6119619607925415,-0.014727454632520676,0.6215459108352661,0.5284987688064575,-0.03668637201189995,0.6398570537567139,0.4721234440803528,-0.051600128412246704,0.6562668681144714,0.4252535104751587,-0.0598997138440609,0.6330505609512329,0.6189008951187134,-0.01689814403653145,0.6320185661315918,0.5250164866447449,-0.039230044931173325,0.6347975730895996,0.46574699878692627,-0.051709920167922974,0.6397579312324524,0.418112576007843,-0.05614355951547623,0.6609806418418884,0.6439079642295837,-0.023109637200832367,0.6737139821052551,0.6153087019920349,-0.05630340799689293,0.6549099683761597,0.6672399640083313,-0.061077460646629333,0.639529287815094,0.7044289112091064,-0.05352000892162323,0.6835375428199768,0.6813300251960754,-0.0316680409014225,0.6847153306007385,0.6690914630889893,-0.05834675580263138,0.6640259623527527,0.7097858190536499,-0.058893777430057526,0.6466510891914368,0.7368025183677673,-0.05217951163649559
0.6459650993347168,0.8215304613113403,6.185885581544426e-07,0.6048233509063721,0.7773131132125854,-0.024823810905218124,0.5985862612724304,0.6988206505775452,-0.0356501005589962,0.6322015523910522,0.6451370716094971,-0.046693045645952225,0.666183352470398,0.6114842891693115,-0.05637745186686516,0.6052255630493164,0.6113412380218506,-0.01501656137406826,0.6217256188392639,0.5277907252311707,-0.03648867830634117,0.6387009620666504,0.4717414975166321,-0.05090723931789398,0.6540215611457825,0.4249460697174072,-0.058968789875507355,0.6334850788116455,0.61875319480896,-0.017530612647533417,0.6331282258033752,0.52521812915802,-0.03944219648838043,0.6365660429000854,0.4669431447982788,-0.05144219100475311,0.642361044883728,0.4200853109359741,-0.055615633726119995,0.6610965132713318,0.6435982584953308,-0.02394292876124382,0.6736018061637878,0.6156972050666809,-0.05603896826505661,0.6541569232940674,0.6678542494773865,-0.05999698489904404,0.6382458806037903,0.7042257785797119,-0.052260227501392365,0.6838626265525818,0.6807138323783875,-0.03271110728383064,0.6853662729263306,0.6690579652786255,-0.05789327993988991,0.664641797542572,0.7099826335906982,-0.057505182921886444,0.647109866142273,0.7362056374549866,-0.050480227917432785
0.6459321975708008,0.8210172653198242,6.259875817704597e-07,0.6051207780838013,0.7763862609863281,-0.025060253217816353,0.5982823967933655,0.6989054679870605,-0.03610430657863617,0.6323848962783813,0.6457756161689758,-0.04729616269469261,0.6663321256637573,0.6124567985534668,-0.057147666811943054,0.6048852205276489,0.6110219955444336,-0.015497731044888496,0.6215330362319946,0.5270479917526245,-0.03658678010106087,0.6385192275047302,0.470425546169281,-0.05077991634607315,0.65360027551651,0.4235226809978485,-0.05877597630023956,0.6335194706916809,0.6187720894813538,-0.017827779054641724,0.6338297724723816,0.5261306166648865,-0.03926216438412666,0.6377707123756409,0.4677594304084778,-0.051013506948947906,0.6435104608535767,0.4213497042655945,-0.05511808395385742,0.6614331603050232,0.644126832485199,-0.024034924805164337,0.6733629107475281,0.6171025037765503,-0.055385783314704895,0.6542604565620422,0.6688505411148071,-0.05918966978788376,0.6383739709854126,0.7048362493515015,-0.05157698318362236,0.6845980286598206,0.6816965937614441,-0.032642483711242676,0.6852397322654724,0.6709003448486328,-0.057377420365810394,0.6645522117614746,0.7115544080734253,-0.056999143213033676,0.6469698548316956,0.737432599067688,-0.05010829493403435
0.6465098857879639,0.8214926719665527,6.230310418686713e-07,0.6048710942268372,0.7773462533950806,-0.026808403432369232,0.5983448028564453,0.7009758353233337,-0.0383160263299942,0.6324712634086609,0.6480304598808289,-0.04950612038373947,0.6664313673973083,0.6141983270645142,-0.05915067344903946,0.605412483215332,0.6109228730201721,-0.016889521852135658,0.6219936609268188,0.5283005833625793,-0.03845549747347832,0.6390878558158875,0.47234413027763367,-0.05310007929801941,0.654503345489502,0.42555707693099976,-0.061286553740501404,0.6338891386985779,0.6183272004127502,-0.01852838508784771,0.6322412490844727,0.5252967476844788,-0.03991954028606415,0.6351472735404968,0.46599507331848145,-0.05159947648644447,0.6401514410972595,0.41856858134269714,-0.0556357279419899,0.6615263223648071,0.6439277529716492,-0.024305321276187897,0.6743807196617126,0.6173365116119385,-0.05662284418940544,0.6559289693832397,0.6686126589775085,-0.06136661767959595,0.6397824287414551,0.7047008872032166,-0.05404523387551308,0.6842303276062012,0.6824389696121216,-0.032567575573921204,0.6870546936988831,0.669923722743988,-0.05863840878009796,0.6660136580467224,0.7106872200965881,-0.05910014361143112,0.6467032432556152,0.738139808177948,-0.052509624511003494
0.6454827785491943,0.8219894170761108,6.214005452420679e-07,0.6043564081192017,0.7775187492370605,-0.024428000673651695,0.5973861813545227,0.6999144554138184,-0.035195790231227875,0.6313549280166626,0.6472135186195374,-0.046065863221883774,0.6658445596694946,0.614887535572052,-0.05560499429702759,0.6039338111877441,0.6114869713783264,-0.015699166804552078,0.6219625473022461,0.5295994877815247,-0.037353407591581345,0.640386700630188,0.47405821084976196,-0.05206307768821716,0.6566659212112427,0.4273173213005066,-0.060388047248125076,0.6329762935638428,0.6187021136283875,-0.018398519605398178,0.6326232552528381,0.5258793830871582,-0.04048524424433708,0.6353851556777954,0.4668763279914856,-0.05285071209073067,0.6400464773178101,0.4183720350265503,-0.057381149381399155,0.6610733866691589,0.64368736743927,-0.024809982627630234,0.6754892468452454,0.6176807880401611,-0.05661804601550102,0.6555005311965942,0.670001208782196,-0.060706332325935364,0.638309121131897,0.7062434554100037,-0.0531984344124794,0.6840171217918396,0.6811341643333435,-0.03354881331324577,0.6856910586357117,0.6734983325004578,-0.058447644114494324,0.6644473671913147,0.7141528129577637,-0.05835329741239548,0.6460667252540588,0.7393473982810974,-0.05161280930042267
0.6452399492263794,0.8216906785964966,6.172041935315065e-07,0.6049202084541321,0.7770639657974243,-0.025501728057861328,0.5986669063568115,0.7000501751899719,-0.03616973012685776,0.6332000494003296,0.6474600434303284,-0.04679260030388832,0.6683973073959351,0.6154071688652039,-0.055996306240558624,0.6046680808067322,0.6115396618843079,-0.015783153474330902,0.6223753690719604,0.5285266637802124,-0.037668563425540924,0.6406741738319397,0.4720062017440796,-0.05260864645242691,0.6568514108657837,0.4250043034553528,-0.06116824597120285,0.6338211894035339,0.6189416646957397,-0.017871597781777382,0.6334661245346069,0.5271734595298767,-0.04014758765697479,0.6372900009155273,0.46951326727867126,-0.05236858129501343,0.6426960229873657,0.4230573773384094,-0.0567694790661335,0.6618683934211731,0.6446163058280945,-0.023937219753861427,0.6752676963806152,0.6198533773422241,-0.056387148797512054,0.6569934487342834,0.6710706353187561,-0.06078717112541199,0.6412881016731262,0.7070276141166687,-0.05336210876703262,0.6843978762626648,0.6827879548072815,-0.03242144361138344,0.6863547563552856,0.6742402911186218,-0.058456677943468094,0.665640115737915,0.7141091227531433,-0.0590834878385067,0.6476308107376099,0.7397517561912537,-0.05271385610103607
0.6461689472198486,0.8270589709281921,6.068562470318284e-07,0.604816734790802,0.7820800542831421,-0.023919250816106796,0.5984832644462585,0.701251208782196,-0.03408006206154823,0.6326008439064026,0.6474841833114624,-0.0444178506731987,0.6678715944290161,0.6165497303009033,-0.05349940434098244,0.605818510055542,0.6162441372871399,-0.015009179711341858,0.6238871216773987,0.5341234803199768,-0.03696252405643463,0.6436744928359985,0.4777258336544037,-0.05251854658126831,0.6616517901420593,0.430283784866333,-0.06159266456961632,0.6348416805267334,0.6244358420372009,-0.018034959211945534,0.6334770321846008,0.5301938056945801,-0.04001615568995476,0.6356447339057922,0.4713205099105835,-0.052536990493535995,0.6406006813049316,0.4229414463043213,-0.057468146085739136,0.6630626320838928,0.6503727436065674,-0.024812282994389534,0.6773085594177246,0.6164407730102539,-0.056800320744514465,0.6565639972686768,0.6680718660354614,-0.060341186821460724,0.6394110321998596,0.7053476572036743,-0.05257263034582138,0.6862461566925049,0.6890295743942261,-0.033856041729450226,0.6882529854774475,0.6720565557479858,-0.059066832065582275,0.6670347452163696,0.711796760559082,-0.058210309594869614,0.649577260017395,0.7382968664169312,-0.05095978081226349
0.6490737199783325,0.8278209567070007,6.374041277013021e-07,0.6074402332305908,0.7833389043807983,-0.025874271988868713,0.6005911827087402,0.7046969532966614,-0.036736663430929184,0.6330248713493347,0.6501583456993103,-0.04758152738213539,0.6670039892196655,0.6171983480453491,-0.05690924823284149,0.6062625646591187,0.6165183782577515,-0.01529187336564064,0.6228035092353821,0.5315937995910645,-0.03668607398867607,0.6410201787948608,0.4738917648792267,-0.05110057443380356,0.6576138734817505,0.4263889193534851,-0.058932509273290634,0.6348211765289307,0.6247642040252686,-0.01730470359325409,0.6345352530479431,0.5302287340164185,-0.039331305772066116,0.6377988457679749,0.47117725014686584,-0.05140264704823494,0.6435701251029968,0.4246308207511902,-0.05539524555206299,0.6628310680389404,0.6500178575515747,-0.023312360048294067,0.6763208508491516,0.6207544207572937,-0.055819734930992126,0.6561854481697083,0.6730089783668518,-0.059707317501306534,0.639685869216919,0.7100550532341003,-0.051523804664611816,0.6859534978866577,0.6874632239341736,-0.03173413127660751,0.6886676549911499,0.6714069247245789,-0.05680418014526367,0.6678223609924316,0.712677538394928,-0.055607181042432785,0.6499245166778564,0.7408755421638489,-0.04775714874267578
0.6483044028282166,0.8309542536735535,6.294802687989431e-07,0.6054271459579468,0.7854915261268616,-0.02482294850051403,0.5980437397956848,0.705830454826355,-0.03584820404648781,0.6314886212348938,0.6525532007217407,-0.04702617973089218,0.6655052304267883,0.6187013387680054,-0.05689628794789314,0.6067357659339905,0.6180952787399292,-0.014824174344539642,0.624137282371521,0.5354490280151367,-0.03650445118546486,0.642484188079834,0.4776802659034729,-0.05163215845823288,0.659305989742279,0.4295222759246826,-0.060320038348436356,0.6353206634521484,0.6256688833236694,-0.01758725568652153,0.6344440579414368,0.5304687023162842,-0.039290398359298706,0.6367263197898865,0.4716814160346985,-0.0516628623008728,0.6417930722236633,0.423972487449646,-0.05645899847149849,0.6631900072097778,0.6508772373199463,-0.02429657056927681,0.6771425604820251,0.6175273656845093,-0.05664462968707085,0.6557275652885437,0.668933629989624,-0.06118595972657204,0.6380385756492615,0.7062492370605469,-0.05404815077781677,0.686343252658844,0.6889254450798035,-0.033307600766420364,0.6891847252845764,0.670896053314209,-0.05900461599230766,0.6674086451530457,0.7118479609489441,-0.05871214717626572,0.6485739350318909,0.7405900359153748,-0.05183599889278412
0.6483259201049805,0.8332968354225159,6.121079536569596e-07,0.6064264178276062,0.7859995365142822,-0.023292643949389458,0.5999395847320557,0.7047076225280762,-0.03367534652352333,0.633317232131958,0.6502747535705566,-0.044688619673252106,0.6675043106079102,0.6169138550758362,-0.054500799626111984,0.6084789633750916,0.6179851293563843,-0.013346594758331776,0.6249223351478577,0.5336958169937134,-0.03469941020011902,0.6420336365699768,0.4755963981151581,-0.049799174070358276,0.6580786108970642,0.4271574318408966,-0.058819741010665894,0.6370787024497986,0.6267955303192139,-0.017121464014053345,0.6368709206581116,0.5319938063621521,-0.039324186742305756,0.640008807182312,0.4736883044242859,-0.05267489328980446,0.6463542580604553,0.4260512590408325,-0.05847768858075142,0.664604902267456,0.6532515287399292,-0.02463896945118904,0.6788790822029114,0.6166580319404602,-0.05709288269281387,0.6572033762931824,0.6656613349914551,-0.06199783831834793,0.639677882194519,0.7024136185646057,-0.05555570870637894,0.6868988275527954,0.6926870942115784,-0.03434097394347191,0.690220832824707,0.6719763875007629,-0.06042240560054779,0.6688846349716187,0.7112710475921631,-0.06040601804852486,0.6508687734603882,0.7401719689369202,-0.05393204465508461
0.648370623588562,0.8306924104690552,6.129537837296084e-07,0.6075447797775269,0.785853385925293,-0.025166839361190796,0.6006961464881897,0.7077202796936035,-0.03569691628217697,0.6327714323997498,0.6557369828224182,-0.04611798748373985,0.6654474139213562,0.6223338842391968,-0.05498397722840309,0.6088442802429199,0.615090012550354,-0.013498214073479176,0.6265450716018677,0.5332272052764893,-0.0336795374751091,0.6439347267150879,0.47686058282852173,-0.04781589284539223,0.6600089073181152,0.430472731590271,-0.056310053914785385,0.6371130347251892,0.6236557364463806,-0.016230303794145584,0.6349360942840576,0.5274535417556763,-0.037006277590990067,0.6369630098342896,0.4687328338623047,-0.04964185878634453,0.6419538259506226,0.42202162742614746,-0.055224351584911346,0.6644007563591003,0.6504613161087036,-0.022969650104641914,0.6810442209243774,0.612097442150116,-0.05531923845410347,0.6604480147361755,0.6606624126434326,-0.06126432120800018,0.641810417175293,0.6977290511131287,-0.0558178648352623,0.6862240433692932,0.6899549961090088,-0.03190964460372925,0.6890307068824768,0.6729087829589844,-0.059167250990867615,0.6680812835693359,0.7134686708450317,-0.060723599046468735,0.6492222547531128,0.7420031428337097,-0.055483706295490265
0.6479207873344421,0.8325958847999573,6.228296456356475e-07,0.6063899397850037,0.785525918006897,-0.02383568324148655,0.6000404357910156,0.7057109475135803,-0.03466063737869263,0.632344126701355,0.6516571044921875,-0.04623427242040634,0.6647460460662842,0.6185138821601868,-0.05638723447918892,0.6074044108390808,0.6184704303741455,-0.013476773165166378,0.6243700981140137,0.5342654585838318,-0.03656616806983948,0.6426405310630798,0.47618192434310913,-0.053021762520074844,0.6598484516143799,0.4279075562953949,-0.06285920739173889,0.6361121535301208,0.6264849305152893,-0.017148928716778755,0.6364753246307373,0.532145082950592,-0.04228117689490318,0.6404517889022827,0.4726947546005249,-0.05764450132846832,0.6473374962806702,0.42350566387176514,-0.06444579362869263,0.6636977195739746,0.6517703533172607,-0.024511225521564484,0.679894745349884,0.6151251792907715,-0.05893324315547943,0.6579097509384155,0.6670344471931458,-0.06308156251907349,0.6395087242126465,0.7054255604743958,-0.05555425584316254,0.6863784790039062,0.6898383498191833,-0.03415720909833908,0.6907638311386108,0.6716195344924927,-0.06096480041742325,0.6694716811180115,0.7110636830329895,-0.06026215851306915,0.6511226892471313,0.7390351295471191,-0.05290675163269043
0.6474797129631042,0.8307545185089111,6.294869763223687e-07,0.6062244772911072,0.7862253189086914,-0.025542745366692543,0.599939227104187,0.7067050337791443,-0.0361478291451931,0.6331634521484375,0.6538469791412354,-0.046803880482912064,0.6661057472229004,0.6202189326286316,-0.0559246726334095,0.6080741286277771,0.6156800985336304,-0.013220368884503841,0.6268435120582581,0.5343080759048462,-0.03419541195034981,0.6448032855987549,0.4782290458679199,-0.04891011491417885,0.6613243222236633,0.4316760301589966,-0.05759064108133316,0.6363541483879089,0.6232313513755798,-0.015798348933458328,0.6350834965705872,0.5269427299499512,-0.03747172653675079,0.6373050212860107,0.4687862992286682,-0.050163887441158295,0.6423437595367432,0.42175912857055664,-0.05528050288558006,0.6637794375419617,0.6490157842636108,-0.022493721917271614,0.6802206635475159,0.6118786334991455,-0.05568192899227142,0.6595939993858337,0.6655474901199341,-0.06005893275141716,0.6414517164230347,0.7048108577728271,-0.0526774525642395,0.686038076877594,0.6876611113548279,-0.0314970500767231,0.6895665526390076,0.6694146990776062,-0.058459218591451645,0.6689994931221008,0.7114485502243042,-0.05843868479132652,0.6508262753486633,0.740308403968811,-0.05158848688006401
0.6481695175170898,0.831230103969574,6.231249471966294e-07,0.6068668365478516,0.7859485745429993,-0.024893609806895256,0.6001864671707153,0.7063066959381104,-0.03610643371939659,0.6329994797706604,0.6513184309005737,-0.047662314027547836,0.6670045852661133,0.6175111532211304,-0.0577053427696228,0.6069017648696899,0.6183255314826965,-0.01473862212151289,0.6255849003791809,0.5350247025489807,-0.037743475288152695,0.6454572677612305,0.4785723388195038,-0.053685128688812256,0.6632287502288818,0.43134570121765137,-0.06295118480920792,0.6355910897254944,0.624936580657959,-0.017818057909607887,0.6354279518127441,0.5291048288345337,-0.042071711272001266,0.6385726928710938,0.4695782959461212,-0.05617395415902138,0.6439688801765442,0.42005670070648193,-0.06197647377848625,0.663181722164154,0.6494219899177551,-0.024732302874326706,0.6786378026008606,0.6156452298164368,-0.058516502380371094,0.6581099629402161,0.6683915853500366,-0.06225407496094704,0.6404466032981873,0.7058891654014587,-0.05440884456038475,0.686157763004303,0.687035858631134,-0.03406558558344841,0.6896858215332031,0.6727521419525146,-0.06055421754717827,0.6685084700584412,0.7135863304138184,-0.05995120480656624,0.6498658061027527,0.7406567335128784,-0.05268607661128044
0.6484032869338989,0.8313599824905396,6.248562840482919e-07,0.6069318652153015,0.7852451205253601,-0.026046354323625565,0.6006780862808228,0.7068369388580322,-0.037296950817108154,0.6337709426879883,0.6538971662521362,-0.0485643595457077,0.66681969165802,0.6200940012931824,-0.05833541601896286,0.608518123626709,0.6170538067817688,-0.014884119853377342,0.6258827447891235,0.5338440537452698,-0.03684167563915253,0.6437962055206299,0.47679173946380615,-0.05222104489803314,0.6601349711418152,0.42904841899871826,-0.06119280681014061,0.6369251012802124,0.624301552772522,-0.017028871923685074,0.637439489364624,0.5304931998252869,-0.039768464863300323,0.6410759091377258,0.4725669026374817,-0.05297718942165375,0.6470043063163757,0.42531707882881165,-0.05825948342680931,0.6642833948135376,0.6494448781013489,-0.0232177022844553,0.6795069575309753,0.617680549621582,-0.05630435049533844,0.6585756540298462,0.6694237589836121,-0.06096023693680763,0.6407923102378845,0.7063286304473877,-0.05384792387485504,0.6868563294410706,0.6873707175254822,-0.031843774020671844,0.6909694671630859,0.6721668839454651,-0.05832868814468384,0.6698867082595825,0.7126219868659973,-0.058452948927879333,0.6513099670410156,0.7399842739105225,-0.051755908876657486
0.6485139727592468,0.831130862236023,6.450578098338156e-07,0.6064435243606567,0.7861930727958679,-0.02789774164557457,0.6000946164131165,0.7064461708068848,-0.039016496390104294,0.6338464021682739,0.6531496644020081,-0.049650419503450394,0.6672545671463013,0.6182440519332886,-0.05865132808685303,0.6080265045166016,0.6178708076477051,-0.015150992199778557,0.6273767352104187,0.5349151492118835,-0.036241888999938965,0.6463199853897095,0.478357195854187,-0.05102168396115303,0.6631280779838562,0.4313962459564209,-0.059475041925907135,0.636154294013977,0.6260905861854553,-0.01650100387632847,0.6352746486663818,0.5286251306533813,-0.037723198533058167,0.6368142366409302,0.4680711030960083,-0.04965183138847351,0.640819251537323,0.4194643497467041,-0.05405537784099579,0.6633716821670532,0.652434766292572,-0.022366385906934738,0.6778444647789001,0.6172328591346741,-0.05581213906407356,0.6571287512779236,0.6698353290557861,-0.06067976728081703,0.6395354866981506,0.706965982913971,-0.05324969440698624,0.6859485507011414,0.6910213232040405,-0.030747191980481148,0.6908657550811768,0.6690949201583862,-0.058325834572315216,0.6702156662940979,0.7101905345916748,-0.058682315051555634,0.6516778469085693,0.7388187646865845,-0.051890779286623
0.6490731239318848,0.8333152532577515,6.363679290188884e-07,0.606652021408081,0.7872897982597351,-0.025800509378314018,0.599743664264679,0.7067937850952148,-0.036968894302845,0.6327496767044067,0.6521493792533875,-0.0482504740357399,0.6664470434188843,0.6181824803352356,-0.058107491582632065,0.6075305342674255,0.6202417016029358,-0.01541984360665083,0.6254791617393494,0.535822868347168,-0.03792014718055725,0.6446560621261597,0.4780493974685669,-0.053716376423835754,0.6621518135070801,0.4297780394554138,-0.06294793635606766,0.6363044381141663,0.6278791427612305,-0.017772382125258446,0.6378096342086792,0.5323789715766907,-0.0412323996424675,0.6411504149436951,0.47255778312683105,-0.05477975681424141,0.6472980380058289,0.4235472083091736,-0.060397110879421234,0.6638233661651611,0.653167724609375,-0.02411465346813202,0.6797901391983032,0.6172013878822327,-0.05760984867811203,0.6575023531913757,0.6684900522232056,-0.061926160007715225,0.6395211815834045,0.7056711912155151,-0.054580748081207275,0.6866014003753662,0.6912686228752136,-0.032885052263736725,0.6911546587944031,0.6722700595855713,-0.059569161385297775,0.6693865656852722,0.7117522954940796,-0.05948605015873909,0.6508877873420715,0.7392303943634033,-0.05265556648373604
0.6481186151504517,0.8304997682571411,6.35387550573796e-07,0.6067805886268616,0.7878714799880981,-0.027182070538401604,0.5996955633163452,0.7091249227523804,-0.038421377539634705,0.6324788928031921,0.6558036208152771,-0.04925054311752319,0.6652868390083313,0.6193857192993164,-0.058434538543224335,0.6090212464332581,0.6147618889808655,-0.014721143990755081,0.628122866153717,0.5326371788978577,-0.03556390851736069,0.6461658477783203,0.4755561351776123,-0.04988889768719673,0.6626024842262268,0.42829686403274536,-0.05824869126081467,0.63748699426651,0.6219770312309265,-0.016446292400360107,0.6355239152908325,0.526160717010498,-0.037522558122873306,0.6375027298927307,0.46861881017684937,-0.049164630472660065,0.6419344544410706,0.4225512742996216,-0.05353279039263725,0.6644750237464905,0.647926926612854,-0.022579334676265717,0.6794480681419373,0.6140366792678833,-0.055793214589357376,0.6589271426200867,0.6672135591506958,-0.06073065102100372,0.6406884789466858,0.7049430012702942,-0.05382028594613075,0.6864175796508789,0.6867439150810242,-0.03116074576973915,0.6906728148460388,0.6701550483703613,-0.05901806801557541,0.6694543361663818,0.7129430770874023,-0.060205716639757156,0.650023877620697,0.7417132258415222,-0.054236650466918945
0.6494140625,0.8301879167556763,6.230723101907643e-07,0.6079875826835632,0.785398006439209,-0.026631269603967667,0.5996983647346497,0.7065568566322327,-0.03808043152093887,0.6331833004951477,0.6515436172485352,-0.049400024116039276,0.6690973043441772,0.6166408658027649,-0.05918964371085167,0.6077233552932739,0.6184789538383484,-0.016034869477152824,0.6268545389175415,0.534593403339386,-0.039073072373867035,0.6473966836929321,0.47802817821502686,-0.0548238642513752,0.6656308770179749,0.4307287931442261,-0.06379496306180954,0.6368599534034729,0.6245028972625732,-0.01786840707063675,0.6357404589653015,0.5272301435470581,-0.04141612723469734,0.638509213924408,0.46772295236587524,-0.05451982468366623,0.6429445743560791,0.41909265518188477,-0.059437379240989685,0.6646513938903809,0.6490088105201721,-0.023812800645828247,0.678637683391571,0.6177197694778442,-0.05755598843097687,0.6594086289405823,0.6700810790061951,-0.06171141937375069,0.6421834826469421,0.7066157460212708,-0.05390987545251846,0.6876661777496338,0.6863517761230469,-0.03230750188231468,0.6913924813270569,0.6727219820022583,-0.05916818231344223,0.6700472235679626,0.713847815990448,-0.05927705019712448,0.6505305171012878,0.7408578395843506,-0.05241844058036804
0.6509477496147156,0.8324630260467529,6.415342568288906e-07,0.6087397933006287,0.7859607934951782,-0.025697486475110054,0.6006214618682861,0.7063744068145752,-0.03690002113580704,0.633499264717102,0.6504122614860535,-0.048349179327487946,0.6688452959060669,0.6162323951721191,-0.0582578144967556,0.6076514720916748,0.6199785470962524,-0.014437487348914146,0.6251709461212158,0.5344800353050232,-0.03691503405570984,0.6443629264831543,0.476887047290802,-0.05260162428021431,0.6620730757713318,0.42888203263282776,-0.061757154762744904,0.6365883946418762,0.6270679831504822,-0.01663311943411827,0.6373223066329956,0.5320772528648376,-0.04040294513106346,0.6421410441398621,0.47278159856796265,-0.05434616282582283,0.6490857601165771,0.42437201738357544,-0.06009632721543312,0.6643199920654297,0.6518413424491882,-0.02279343269765377,0.68015456199646,0.6186659336090088,-0.05633877217769623,0.659788191318512,0.6704078316688538,-0.06071969121694565,0.6422445774078369,0.7083028554916382,-0.05330919474363327,0.6871816515922546,0.6891834735870361,-0.03143274039030075,0.6919220685958862,0.6739271283149719,-0.05821295827627182,0.6706101894378662,0.7139776945114136,-0.05845619738101959,0.6513556241989136,0.7417420744895935,-0.051742006093263626
0.64847731590271,0.8319327235221863,6.378335228873766e-07,0.6060501933097839,0.7880851030349731,-0.02642815373837948,0.5992226004600525,0.7094132900238037,-0.03785110265016556,0.6320847272872925,0.655459463596344,-0.049183811992406845,0.6642991304397583,0.6196376085281372,-0.059065405279397964,0.608371376991272,0.618067741394043,-0.014604605734348297,0.6271892786026001,0.536272406578064,-0.036294274032115936,0.645514726638794,0.4792531430721283,-0.05148876830935478,0.662148118019104,0.43183332681655884,-0.060409534722566605,0.637141227722168,0.6254059672355652,-0.01686842180788517,0.6366987228393555,0.5293738842010498,-0.039087072014808655,0.6395894885063171,0.47078442573547363,-0.05180491879582405,0.6446805596351624,0.4235554337501526,-0.05690912902355194,0.6645005941390991,0.6514372825622559,-0.023416420444846153,0.6793226003646851,0.6155110597610474,-0.05732089281082153,0.6584076881408691,0.6677915453910828,-0.06257260590791702,0.6401886940002441,0.7057617902755737,-0.05577677860856056,0.6868314743041992,0.6905194520950317,-0.03230762109160423,0.6913087368011475,0.6707695722579956,-0.06022021174430847,0.6697840690612793,0.7121845483779907,-0.061149075627326965,0.6501291990280151,0.741451621055603,-0.05498647317290306
0.6502220034599304,0.8304647207260132,6.052063099559746e-07,0.6098435521125793,0.7837917804718018,-0.02420358546078205,0.6034888625144958,0.704054594039917,-0.03496208041906357,0.6370008587837219,0.6508989930152893,-0.04597939923405647,0.6717267632484436,0.6184061765670776,-0.05560858175158501,0.6105502843856812,0.6168327331542969,-0.014822066761553288,0.6277173757553101,0.533382773399353,-0.03665843605995178,0.6465383768081665,0.47671955823898315,-0.05175511911511421,0.6634135842323303,0.42936593294143677,-0.06050829589366913,0.6393548846244812,0.6242503523826599,-0.017904050648212433,0.6392641067504883,0.5309678316116333,-0.040275610983371735,0.6432057023048401,0.47366249561309814,-0.053040649741888046,0.6494605541229248,0.42682963609695435,-0.05812844634056091,0.6667847037315369,0.6496819257736206,-0.024807948619127274,0.6797796487808228,0.6204053163528442,-0.05679422989487648,0.6601532697677612,0.6695899367332458,-0.06133323535323143,0.6439184546470642,0.704169511795044,-0.05460251867771149,0.6891227960586548,0.6875643134117126,-0.034046389162540436,0.6908009052276611,0.6756798624992371,-0.05916108191013336,0.6698328852653503,0.7150590419769287,-0.05917326360940933,0.6521864533424377,0.740585207939148,-0.05285583436489105
0.6497196555137634,0.8278522491455078,6.370524374688102e-07,0.6094375848770142,0.7829906940460205,-0.02651987411081791,0.6030013561248779,0.7047109007835388,-0.03811649978160858,0.6366755366325378,0.6521221995353699,-0.04939938336610794,0.6713865399360657,0.6187217235565186,-0.05916045606136322,0.6087371110916138,0.6188308000564575,-0.017567338421940804,0.6268336176872253,0.5334733128547668,-0.040053557604551315,0.6460747122764587,0.4763001799583435,-0.055291902273893356,0.6632065176963806,0.42866092920303345,-0.06402929127216339,0.6374031901359558,0.6256694793701172,-0.019393451511859894,0.6376286149024963,0.5306838750839233,-0.04247858002781868,0.6422287821769714,0.4724975526332855,-0.05554937943816185,0.6486235857009888,0.4245402216911316,-0.06070326268672943,0.6648575663566589,0.6504228115081787,-0.025116289034485817,0.6795003414154053,0.6195926070213318,-0.05795092135667801,0.6600921750068665,0.6699270009994507,-0.06219332665205002,0.6430424451828003,0.704619288444519,-0.05495692044496536,0.6878070831298828,0.6876354217529297,-0.03332861512899399,0.6921326518058777,0.6728849411010742,-0.059619273990392685,0.6720367074012756,0.7130728960037231,-0.059546686708927155,0.6539092063903809,0.7397556900978088,-0.05281328782439232
0.6514282822608948,0.8288249969482422,6.482199523816234e-07,0.6095847487449646,0.7832204699516296,-0.02556023932993412,0.602558970451355,0.7045810222625732,-0.03678564727306366,0.6359341144561768,0.6508044600486755,-0.048157598823308945,0.6705659031867981,0.6180397272109985,-0.05808736011385918,0.6082171201705933,0.6184597015380859,-0.01577606238424778,0.6258724927902222,0.5336633920669556,-0.03851080685853958,0.6446971893310547,0.4756155014038086,-0.05409800261259079,0.6618347764015198,0.4276026487350464,-0.06299364566802979,0.637278139591217,0.6250064373016357,-0.018174966797232628,0.6379700303077698,0.5308675169944763,-0.041855890303850174,0.6428305506706238,0.47211194038391113,-0.055229153484106064,0.6499121785163879,0.42415839433670044,-0.06027240306138992,0.6655908226966858,0.649400532245636,-0.024469338357448578,0.6803513169288635,0.6197870969772339,-0.05771559104323387,0.6597836017608643,0.6719817519187927,-0.06164321303367615,0.642468273639679,0.708656907081604,-0.05373065173625946,0.6890091300010681,0.6866912245750427,-0.03323178365826607,0.692841649055481,0.6720994710922241,-0.059328582137823105,0.6718192100524902,0.712668776512146,-0.05879900977015495,0.6534549593925476,0.7401683926582336,-0.05146213248372078
0.6507285833358765,0.8274298906326294,6.381239927577553e-07,0.6096172332763672,0.7827843427658081,-0.0257907435297966,0.602945864200592,0.7030355334281921,-0.036581505089998245,0.6362964510917664,0.6499015688896179,-0.047268155962228775,0.6709291338920593,0.6165313720703125,-0.05660850554704666,0.6097079515457153,0.6167399883270264,-0.016107162460684776,0.6272116303443909,0.5323127508163452,-0.037810068577528,0.645058810710907,0.4745785593986511,-0.05229043960571289,0.6612300872802734,0.426904559135437,-0.06034321337938309,0.6383699178695679,0.6240569949150085,-0.01796168088912964,0.6392479538917542,0.5301336050033569,-0.04017115756869316,0.6437591910362244,0.47231370210647583,-0.05225755646824837,0.6505613327026367,0.42548638582229614,-0.05650945380330086,0.6659191250801086,0.6486861109733582,-0.023812368512153625,0.6800825595855713,0.6206529140472412,-0.05643833801150322,0.6599940061569214,0.6722298264503479,-0.06105849891901016,0.6435562968254089,0.7083659172058105,-0.05373581126332283,0.6884899139404297,0.6853635311126709,-0.032047174870967865,0.6919137239456177,0.6716231107711792,-0.05808533728122711,0.6713227033615112,0.7127662301063538,-0.058355942368507385,0.6537224650382996,0.7405194044113159,-0.05173896253108978
0.6520143747329712,0.8276583552360535,6.537828767250176e-07,0.6106429696083069,0.7838225364685059,-0.027302918955683708,0.6026426553726196,0.7068530321121216,-0.03895920142531395,0.6355816721916199,0.652576208114624,-0.05037270113825798,0.6700546145439148,0.618041455745697,-0.0602230504155159,0.609035074710846,0.6179012060165405,-0.016246289014816284,0.6271153092384338,0.5328400731086731,-0.03880433365702629,0.6460745334625244,0.47487279772758484,-0.054217759519815445,0.663152277469635,0.42718857526779175,-0.06292898952960968,0.6382911801338196,0.6246503591537476,-0.017624156549572945,0.6386953592300415,0.5300804376602173,-0.04059921205043793,0.6425439715385437,0.4706376791000366,-0.05344819277524948,0.6482327580451965,0.42322662472724915,-0.058248985558748245,0.6663022637367249,0.6491056680679321,-0.02323157899081707,0.6808096170425415,0.6184921264648438,-0.056496817618608475,0.6604333519935608,0.6700516939163208,-0.06116617098450661,0.6429187059402466,0.7070406079292297,-0.05377475172281265,0.6892631649971008,0.6860426068305969,-0.031413882970809937,0.6924058794975281,0.6725713014602661,-0.058153990656137466,0.6715578436851501,0.7128615379333496,-0.05876149982213974,0.6531292796134949,0.7401314377784729,-0.05221302807331085
0.6509305238723755,0.8275178074836731,6.405203407666704e-07,0.6096593141555786,0.7827555537223816,-0.025826256722211838,0.6024649143218994,0.7049276828765869,-0.03679881989955902,0.6357302665710449,0.6520376801490784,-0.047764796763658524,0.6702691912651062,0.6189418435096741,-0.0573677234351635,0.6094438433647156,0.6162714958190918,-0.015351196750998497,0.627129316329956,0.5327041745185852,-0.03712998703122139,0.6453207731246948,0.4751635193824768,-0.052027661353349686,0.661901593208313,0.42776012420654297,-0.06049665808677673,0.6386339068412781,0.623557984828949,-0.017246495932340622,0.6397021412849426,0.5304570198059082,-0.0393964909017086,0.6438785791397095,0.47207939624786377,-0.05184672400355339,0.650148332118988,0.4251707196235657,-0.05653988942503929,0.6667685508728027,0.6486385464668274,-0.02319398708641529,0.6811243295669556,0.6195831894874573,-0.0555785670876503,0.6601026058197021,0.6705889105796814,-0.06049538776278496,0.6426655650138855,0.7070222496986389,-0.05359159782528877,0.6895732283592224,0.6861169934272766,-0.0315590426325798,0.6917237639427185,0.6737455129623413,-0.057566046714782715,0.6700008511543274,0.7139105796813965,-0.05827084928750992,0.6513584852218628,0.7407382726669312,-0.052061211317777634
0.6519103050231934,0.8272420167922974,6.428404617508932e-07,0.6102732419967651,0.7843774557113647,-0.027085650712251663,0.6024211049079895,0.7086686491966248,-0.03891689330339432,0.6345757842063904,0.6546047329902649,-0.05054314807057381,0.6677480340003967,0.6192069053649902,-0.060533557087183,0.6093512773513794,0.6175401210784912,-0.016228608787059784,0.6275641918182373,0.5337977409362793,-0.03888684883713722,0.6461865901947021,0.47653311491012573,-0.054279226809740067,0.6630430817604065,0.4290231168270111,-0.06297128647565842,0.6380268335342407,0.6239094138145447,-0.017879018560051918,0.6383575201034546,0.5298307538032532,-0.04092677682638168,0.6421175599098206,0.4709520936012268,-0.05347442626953125,0.6478657722473145,0.4232065677642822,-0.058023400604724884,0.6657096147537231,0.6483425498008728,-0.023768296465277672,0.6805906295776367,0.6186034679412842,-0.0572345145046711,0.6602526307106018,0.6713706851005554,-0.061534713953733444,0.6426934003829956,0.7083936333656311,-0.05388911813497543,0.6888201832771301,0.6856274604797363,-0.032218992710113525,0.6923103332519531,0.6735881567001343,-0.059044886380434036,0.6707540154457092,0.7144912481307983,-0.059477243572473526,0.651441216468811,0.7412658929824829,-0.052828654646873474
0.651066243648529,0.8268604278564453,6.512800041491573e-07,0.6098436713218689,0.7834014892578125,-0.02668687514960766,0.6021434664726257,0.7069229483604431,-0.038462262600660324,0.6348037123680115,0.6521678566932678,-0.050160638988018036,0.669186532497406,0.6177929639816284,-0.06037604808807373,0.6085299253463745,0.6184571981430054,-0.016356362029910088,0.6270149946212769,0.5344923138618469,-0.03941310569643974,0.6465210914611816,0.4768003225326538,-0.055047910660505295,0.6642407774925232,0.4290163516998291,-0.0638224333524704,0.637723445892334,0.6247172355651855,-0.018084906041622162,0.6382901668548584,0.5310962200164795,-0.041401416063308716,0.6425809264183044,0.47256529331207275,-0.05399751290678978,0.648958146572113,0.4246525168418884,-0.058576494455337524,0.6658030152320862,0.6491460204124451,-0.023948339745402336,0.6800258755683899,0.6200514435768127,-0.05701611563563347,0.6597659587860107,0.67326819896698,-0.06056743115186691,0.643090546131134,0.7104395627975464,-0.05245644226670265,0.688948929309845,0.6862057447433472,-0.03240649029612541,0.6909036040306091,0.6752299070358276,-0.05839544162154198,0.6695783734321594,0.715688169002533,-0.058245353400707245,0.6513482332229614,0.7414958477020264,-0.05127526819705963
0.6498004794120789,0.8284183740615845,6.378417651831114e-07,0.6083482503890991,0.7840684056282043,-0.026086654514074326,0.601449191570282,0.7067164182662964,-0.03719867393374443,0.6355739831924438,0.6520553231239319,-0.048316121101379395,0.6704098582267761,0.6173018217086792,-0.058090344071388245,0.6093126535415649,0.6173962354660034,-0.014451341703534126,0.627884566783905,0.5355529189109802,-0.03625686839222908,0.6469405293464661,0.47865545749664307,-0.0513915941119194,0.6642853021621704,0.431341290473938,-0.05998308211565018,0.6379812955856323,0.6248666048049927,-0.01655171439051628,0.6375525593757629,0.5307531356811523,-0.037927523255348206,0.6402876973152161,0.47230303287506104,-0.049659449607133865,0.6455212831497192,0.4252179265022278,-0.05384979769587517,0.6658939123153687,0.6506168842315674,-0.02290375530719757,0.6792768239974976,0.6204448342323303,-0.05536842346191406,0.6587641835212708,0.6739893555641174,-0.059251926839351654,0.6423086524009705,0.7116835117340088,-0.05137793719768524,0.6886290907859802,0.6890482306480408,-0.03174928203225136,0.690011739730835,0.6759933829307556,-0.057916104793548584,0.668607234954834,0.7175654172897339,-0.0578887015581131,0.6508001089096069,0.7443566918373108,-0.05097513273358345
0.6510619521141052,0.8293749690055847,6.192444175212586e-07,0.60869300365448,0.785983145236969,-0.025928150862455368,0.6020051836967468,0.7073760628700256,-0.036827314645051956,0.6353249549865723,0.6527115702629089,-0.04771716520190239,0.6696553826332092,0.618183970451355,-0.057216349989175797,0.6102105975151062,0.6171064972877502,-0.015045776031911373,0.6277487874031067,0.5341863632202148,-0.03645985946059227,0.6454097628593445,0.4772823750972748,-0.05119044706225395,0.6616705656051636,0.42986178398132324,-0.05967295914888382,0.6389256119728088,0.6249050498008728,-0.017250197008252144,0.6385727524757385,0.5316489934921265,-0.038800593465566635,0.6415214538574219,0.47295576333999634,-0.05070233717560768,0.6470693945884705,0.42601558566093445,-0.05519123747944832,0.6665281653404236,0.6508077383041382,-0.023595791310071945,0.6803522109985352,0.6202248930931091,-0.05631153658032417,0.6599212884902954,0.6723907589912415,-0.06067175045609474,0.6433067321777344,0.7098379731178284,-0.0533345565199852,0.6888110637664795,0.6895280480384827,-0.03238649293780327,0.6912598013877869,0.6750416159629822,-0.0593237467110157,0.6698679327964783,0.7165869474411011,-0.059882812201976776,0.6517133116722107,0.7444355487823486,-0.053428489714860916
0.6509689092636108,0.8304250240325928,6.358702080433432e-07,0.6090237498283386,0.7851428985595703,-0.025617679581046104,0.6023890376091003,0.7082482576370239,-0.03695935010910034,0.6355636715888977,0.6546587347984314,-0.048511628061532974,0.6691268086433411,0.6206822991371155,-0.05847765877842903,0.6098857522010803,0.6168698072433472,-0.014507995918393135,0.6275690197944641,0.5329892635345459,-0.03615589439868927,0.6451261043548584,0.47549372911453247,-0.051019009202718735,0.661243736743927,0.4275173544883728,-0.05954974517226219,0.6384623050689697,0.6238301396369934,-0.016804516315460205,0.6380189061164856,0.5312344431877136,-0.03907560929656029,0.6415738463401794,0.47288334369659424,-0.05139831826090813,0.647147536277771,0.42621085047721863,-0.05590600520372391,0.6662629842758179,0.6486921310424805,-0.02317032590508461,0.6807941794395447,0.6200308203697205,-0.05614040419459343,0.6602890491485596,0.6740090250968933,-0.0601244680583477,0.6421586275100708,0.7127766013145447,-0.05225931107997894,0.6890920400619507,0.6868298053741455,-0.032003454864025116,0.6930372714996338,0.674048662185669,-0.05841512233018875,0.6710763573646545,0.7159532308578491,-0.058333709836006165,0.6508282423019409,0.7445257306098938,-0.05127832666039467
0.6501153707504272,0.8318322896957397,6.395875971065834e-07,0.6085686087608337,0.786043643951416,-0.026196898892521858,0.602114200592041,0.7087708711624146,-0.03768740966916084,0.6347039937973022,0.6557257175445557,-0.04922904819250107,0.6681370735168457,0.622203528881073,-0.05925542116165161,0.6089366674423218,0.6177512407302856,-0.01432778686285019,0.6278496384620667,0.5360821485519409,-0.03619754686951637,0.6461760401725769,0.47919899225234985,-0.05172181501984596,0.6628072261810303,0.43171072006225586,-0.060801587998867035,0.6377140879631042,0.6255708336830139,-0.016459759324789047,0.6373635530471802,0.5323871374130249,-0.038839731365442276,0.6400774717330933,0.47294437885284424,-0.05185232684016228,0.6449391841888428,0.4244265556335449,-0.05708929896354675,0.6657869815826416,0.6514029502868652,-0.02274322882294655,0.6816239356994629,0.6192539930343628,-0.056014008820056915,0.6601837873458862,0.6724370718002319,-0.06059596687555313,0.6414362788200378,0.7110556364059448,-0.05325159430503845,0.6885342001914978,0.6900475025177002,-0.031455833464860916,0.6920415759086609,0.6752550601959229,-0.058299172669649124,0.6703546643257141,0.7165180444717407,-0.058487553149461746,0.6509898900985718,0.7445700764656067,-0.05167631432414055
0.6502335667610168,0.8321409225463867,6.380039394571213e-07,0.6085178256034851,0.7867454290390015,-0.025624826550483704,0.6013135313987732,0.7085456848144531,-0.03669830411672592,0.6339123249053955,0.6556988954544067,-0.04784668982028961,0.6671059727668762,0.6217502951622009,-0.057431403547525406,0.607901394367218,0.6189765334129333,-0.014904419891536236,0.6262787580490112,0.5349324345588684,-0.037000469863414764,0.6444492936134338,0.47692686319351196,-0.05217646807432175,0.6611234545707703,0.42858773469924927,-0.06102495267987251,0.6367954015731812,0.6259733438491821,-0.017107583582401276,0.6369884014129639,0.5324748754501343,-0.04003826156258583,0.6414440274238586,0.4744245409965515,-0.053052082657814026,0.6481387615203857,0.4266354441642761,-0.058209680020809174,0.6646842360496521,0.6507040858268738,-0.023307623341679573,0.6808033585548401,0.6204981207847595,-0.056335315108299255,0.6599022746086121,0.6728702783584595,-0.06077515706419945,0.6415525078773499,0.7098641991615295,-0.05362105369567871,0.6875928044319153,0.6883096098899841,-0.03196083381772041,0.6918736100196838,0.6766899228096008,-0.058589838445186615,0.6701709628105164,0.7176684737205505,-0.059135209769010544,0.6506640315055847,0.744448184967041,-0.05278370529413223
0.6498664617538452,0.8313915729522705,6.255561402213061e-07,0.6084107756614685,0.7862626314163208,-0.025919970124959946,0.6017239093780518,0.7091795206069946,-0.03706350922584534,0.6349689960479736,0.6574684381484985,-0.04818885773420334,0.6683387160301208,0.6229503154754639,-0.05780991539359093,0.6102216839790344,0.6150942444801331,-0.013824894092977047,0.6291458010673523,0.5345790386199951,-0.035212211310863495,0.6473003625869751,0.47801876068115234,-0.05029623582959175,0.6635284423828125,0.43082892894744873,-0.05918208882212639,0.6389880776405334,0.6222773790359497,-0.016169708222150803,0.6383640170097351,0.5295425057411194,-0.037670496851205826,0.6412405967712402,0.47238826751708984,-0.0500178225338459,0.6461646556854248,0.4259248971939087,-0.05487759783864021,0.6663546562194824,0.6483941078186035,-0.02276218682527542,0.6808613538742065,0.6194968819618225,-0.05512946844100952,0.6601791381835938,0.6708031296730042,-0.06023537740111351,0.6419932842254639,0.7066273093223572,-0.05373455956578255,0.6883301734924316,0.6877301335334778,-0.03181440383195877,0.6917919516563416,0.6757605075836182,-0.0582389235496521,0.6695644855499268,0.7167420387268066,-0.059205152094364166,0.6493881344795227,0.7434971332550049,-0.05334468185901642
0.6494682431221008,0.8317694664001465,6.2065396377875e-07,0.608080267906189,0.7874680161476135,-0.026176339015364647,0.6016314625740051,0.7093550562858582,-0.03743180260062218,0.6356488466262817,0.6561599969863892,-0.0485525019466877,0.6694055795669556,0.6211647987365723,-0.05805452913045883,0.609264612197876,0.6179431676864624,-0.015158487483859062,0.628783643245697,0.5350297689437866,-0.036958448588848114,0.6482065916061401,0.4782407283782959,-0.051800407469272614,0.6651943922042847,0.43093615770339966,-0.06024623662233353,0.6381180286407471,0.6245232224464417,-0.017328767105937004,0.6362729668617249,0.5286556482315063,-0.03943992406129837,0.6380410194396973,0.4691912829875946,-0.051724158227443695,0.64183109998703,0.42077961564064026,-0.056297481060028076,0.6657862067222595,0.6493579745292664,-0.02364928647875786,0.6794267296791077,0.6197000741958618,-0.056255895644426346,0.6597468852996826,0.672324001789093,-0.060389306396245956,0.6423113942146301,0.7088600993156433,-0.0529024712741375,0.688579797744751,0.6869137287139893,-0.032492365688085556,0.6908746361732483,0.6763424277305603,-0.05839335545897484,0.6692871451377869,0.7177271246910095,-0.0585019513964653,0.64993816614151,0.7440348863601685,-0.05190350115299225
0.6493833661079407,0.831464409828186,6.226423465705011e-07,0.6081456542015076,0.7857096791267395,-0.026000069454312325,0.601809024810791,0.7070272564888,-0.03684401884675026,0.636160135269165,0.6537888646125793,-0.047606829553842545,0.671290397644043,0.6196107864379883,-0.05681241303682327,0.6088787317276001,0.6172083616256714,-0.014362401328980923,0.6293803453445435,0.5363506078720093,-0.036418668925762177,0.6494494676589966,0.48068875074386597,-0.05184831842780113,0.6670607328414917,0.4341590404510498,-0.06067424267530441,0.6379114985466003,0.6235261559486389,-0.01645764894783497,0.636206865310669,0.5275459885597229,-0.03820004686713219,0.6382971405982971,0.46752339601516724,-0.05056561157107353,0.642058789730072,0.4186127185821533,-0.05524545907974243,0.665894627571106,0.6488432288169861,-0.022773001343011856,0.6791307330131531,0.6194154620170593,-0.055096689611673355,0.6597904562950134,0.6717579960823059,-0.059538550674915314,0.6424646973609924,0.7083335518836975,-0.05217072367668152,0.6887165904045105,0.6868009567260742,-0.031628839671611786,0.6906442046165466,0.6765637397766113,-0.057566553354263306,0.6692473888397217,0.7177076935768127,-0.05797259509563446,0.6501553654670715,0.7439895868301392,-0.05150160193443298
0.648446798324585,0.8315964341163635,6.217452437340398e-07,0.6071745753288269,0.7861701846122742,-0.02542721852660179,0.6005479693412781,0.7073239684104919,-0.036168329417705536,0.6343601942062378,0.654532790184021,-0.04689638689160347,0.6690537929534912,0.6201446056365967,-0.056145090609788895,0.6085572242736816,0.6174860596656799,-0.014266513288021088,0.6293413043022156,0.5364477038383484,-0.036527346819639206,0.6497397422790527,0.4802585244178772,-0.05187035724520683,0.6676064729690552,0.43338102102279663,-0.06053413823246956,0.6375099420547485,0.6237719058990479,-0.01673399657011032,0.6363077163696289,0.5270444750785828,-0.038580793887376785,0.6384644508361816,0.4667591452598572,-0.0508880652487278,0.6422775387763977,0.41730207204818726,-0.05552360787987709,0.6652070879936218,0.6490752696990967,-0.023376958444714546,0.6787360310554504,0.6199320554733276,-0.05541364103555679,0.6589568257331848,0.6710330843925476,-0.05997708439826965,0.6412647366523743,0.705931544303894,-0.05291467159986496,0.6880043148994446,0.6870806217193604,-0.032516688108444214,0.6897516846656799,0.6778662204742432,-0.057900261133909225,0.6683478355407715,0.7183467149734497,-0.05831548944115639,0.649275541305542,0.7430537343025208,-0.05209846794605255
0.648070216178894,0.829766035079956,6.098349558669725e-07,0.6081244945526123,0.7853928804397583,-0.02579554356634617,0.6018089056015015,0.7064287066459656,-0.03630011901259422,0.6356444358825684,0.6530361175537109,-0.04661548137664795,0.6714722514152527,0.6197751760482788,-0.05550060793757439,0.6081924438476562,0.6167031526565552,-0.015087124891579151,0.6281360983848572,0.5346187353134155,-0.037007834762334824,0.6485605835914612,0.47854161262512207,-0.05175809562206268,0.6663647294044495,0.4317589998245239,-0.05997127294540405,0.6371580362319946,0.6227650046348572,-0.016971874982118607,0.6367620229721069,0.5272736549377441,-0.038604311645030975,0.640496015548706,0.4688151478767395,-0.05023431032896042,0.6452486515045166,0.4213876724243164,-0.05424295738339424,0.6650545597076416,0.6474895477294922,-0.02294956147670746,0.6790621280670166,0.6195180416107178,-0.05492013692855835,0.6608062386512756,0.6718553900718689,-0.05884944647550583,0.6440867781639099,0.7073160409927368,-0.05121241509914398,0.68817138671875,0.684744656085968,-0.03142708167433739,0.6902137994766235,0.676708996295929,-0.05688725784420967,0.6698130369186401,0.7185882329940796,-0.057024359703063965,0.6516180038452148,0.7437584400177002,-0.050468552857637405
0.6487815976142883,0.830701470375061,6.141871153886314e-07,0.6082462668418884,0.7855742573738098,-0.025128627195954323,0.601589024066925,0.7067139744758606,-0.03523322194814682,0.6352511644363403,0.653863251209259,-0.04529350623488426,0.6701101660728455,0.6205040216445923,-0.053865157067775726,0.6077430248260498,0.6168844103813171,-0.013922864571213722,0.6280948519706726,0.5350213050842285,-0.035375047475099564,0.6480146646499634,0.4791215658187866,-0.049888547509908676,0.6648960709571838,0.4327419400215149,-0.057891760021448135,0.6370623707771301,0.6225576400756836,-0.01620238646864891,0.6357249021530151,0.527195394039154,-0.03703509271144867,0.6381507515907288,0.4672216475009918,-0.04852527752518654,0.6417398452758789,0.41819286346435547,-0.052468929439783096,0.6652544736862183,0.6473982334136963,-0.022618815302848816,0.6769588589668274,0.6226818561553955,-0.05328298360109329,0.6591983437538147,0.6734933257102966,-0.057449523359537125,0.6434383392333984,0.707263708114624,-0.05020524561405182,0.6880882978439331,0.6847787499427795,-0.03157591074705124,0.6883572340011597,0.6797916889190674,-0.05561013147234917,0.6683828234672546,0.719810426235199,-0.05582328513264656,0.6512385606765747,0.7428246140480042,-0.04957466199994087
0.6481758952140808,0.8298449516296387,5.965244440631068e-07,0.6082087755203247,0.7854834794998169,-0.025156714022159576,0.6023052334785461,0.7060142159461975,-0.034968581050634384,0.6357396245002747,0.6527880430221558,-0.04468261078000069,0.6709354519844055,0.619712233543396,-0.05299011617898941,0.6090629696846008,0.6151896715164185,-0.013912532478570938,0.6285262107849121,0.5335289835929871,-0.0347110740840435,0.6479079723358154,0.4775731563568115,-0.04881787300109863,0.6647189259529114,0.43101125955581665,-0.056659530848264694,0.6376721262931824,0.6219346523284912,-0.016007909551262856,0.6360726356506348,0.5270828008651733,-0.03617352992296219,0.6386206150054932,0.46849313378334045,-0.04698915779590607,0.6425016522407532,0.4215545058250427,-0.05056614428758621,0.6653942465782166,0.6471944451332092,-0.022255789488554,0.6780827641487122,0.6206315159797668,-0.053124018013477325,0.6597368717193604,0.6724587678909302,-0.05729888007044792,0.6433847546577454,0.7078090906143188,-0.04998806491494179,0.687976062297821,0.6846681237220764,-0.030972745269536972,0.6888977289199829,0.6769618988037109,-0.05568293109536171,0.668464183807373,0.7185571789741516,-0.05601184815168381,0.6507323980331421,0.7438262104988098,-0.049745842814445496
0.6482937335968018,0.831104576587677,5.915019869462412e-07,0.6077020168304443,0.7867204546928406,-0.023982569575309753,0.601116955280304,0.7069719433784485,-0.033626049757003784,0.634402871131897,0.6536795496940613,-0.04344838112592697,0.6693575382232666,0.620490550994873,-0.051968373358249664,0.6074370741844177,0.6174570918083191,-0.013989070430397987,0.626322865486145,0.5353517532348633,-0.03571561723947525,0.6458085775375366,0.4799486994743347,-0.050282612442970276,0.6627196073532104,0.4339483976364136,-0.058277979493141174,0.6373175978660583,0.6229946613311768,-0.016651030629873276,0.6364978551864624,0.5286824107170105,-0.03798113018274307,0.6395196914672852,0.4694063365459442,-0.04984277859330177,0.6439535021781921,0.4209376275539398,-0.0540001317858696,0.6658335328102112,0.647724449634552,-0.023222722113132477,0.6752038598060608,0.6245808005332947,-0.05361029505729675,0.6570911407470703,0.6742404699325562,-0.05774885043501854,0.6422629952430725,0.7074629664421082,-0.05068810656666756,0.6887407898902893,0.6849947571754456,-0.032252322882413864,0.6862411499023438,0.6817979216575623,-0.055814195424318314,0.6660209894180298,0.7214199304580688,-0.0559648834168911,0.6500492691993713,0.7441237568855286,-0.049801409244537354
0.6484237909317017,0.8313156366348267,6.152565674710786e-07,0.6065801382064819,0.7866302728652954,-0.025461293756961823,0.5999050736427307,0.7073619365692139,-0.03609296306967735,0.634125828742981,0.6530730128288269,-0.046794578433036804,0.6700648069381714,0.6193640232086182,-0.056012075394392014,0.6069598197937012,0.6191942691802979,-0.01406937651336193,0.6271005272865295,0.5376105904579163,-0.036855824291706085,0.6481932997703552,0.4815818667411804,-0.05260159820318222,0.6668074131011963,0.4346517026424408,-0.061472732573747635,0.6364160180091858,0.6243078112602234,-0.016416091471910477,0.6350558996200562,0.5295572876930237,-0.038818925619125366,0.6377924084663391,0.4704926013946533,-0.05114735662937164,0.6422646045684814,0.4217129349708557,-0.055596526712179184,0.6646826267242432,0.6486884355545044,-0.02299318090081215,0.6765146255493164,0.6216073632240295,-0.055195119231939316,0.6578805446624756,0.6742567420005798,-0.05885504186153412,0.6421172618865967,0.7095173597335815,-0.05094554275274277,0.687862753868103,0.6862186789512634,-0.032159604132175446,0.6882731318473816,0.6780619621276855,-0.057361193001270294,0.6675665378570557,0.7188829779624939,-0.05721693113446236,0.6503464579582214,0.7429717183113098,-0.05044393613934517
0.6486881375312805,0.8305500745773315,6.112247206147003e-07,0.6073762774467468,0.7866939306259155,-0.025173598900437355,0.6007936596870422,0.7080156207084656,-0.03553788363933563,0.6344475746154785,0.6536590456962585,-0.045930415391922,0.6694335341453552,0.6194450259208679,-0.054849665611982346,0.607819676399231,0.6175440549850464,-0.014558217488229275,0.6272482872009277,0.5352270007133484,-0.0362325944006443,0.6468896865844727,0.4791164994239807,-0.050684116780757904,0.6640304327011108,0.4324164092540741,-0.05860873684287071,0.6369306445121765,0.6237169504165649,-0.016906091943383217,0.6357240080833435,0.5288527607917786,-0.03824913501739502,0.6384443044662476,0.46994349360466003,-0.04943760856986046,0.642845630645752,0.4225873351097107,-0.053018245846033096,0.6648622751235962,0.6486335396766663,-0.02341943234205246,0.6756871938705444,0.6239218711853027,-0.05506206303834915,0.6575815677642822,0.6760931015014648,-0.058904752135276794,0.6425754427909851,0.7113645076751709,-0.05110558867454529,0.6875782012939453,0.6859655976295471,-0.032424043864011765,0.6873725652694702,0.6783629655838013,-0.0571630485355854,0.6670424342155457,0.7192873954772949,-0.05713420361280441,0.6501374840736389,0.7437593340873718,-0.05051468312740326
0.6480612754821777,0.8299643397331238,6.111678771958395e-07,0.606339156627655,0.7848961353302002,-0.024666035547852516,0.600019633769989,0.7052064538002014,-0.034885600209236145,0.6346479654312134,0.6525072455406189,-0.04528850317001343,0.6705526113510132,0.6209725737571716,-0.05433768033981323,0.6078855991363525,0.6182336211204529,-0.0136225875467062,0.6273472309112549,0.5375469326972961,-0.03575684130191803,0.6475159525871277,0.48239046335220337,-0.051015302538871765,0.6655633449554443,0.4360118508338928,-0.05961005017161369,0.6364965438842773,0.6250277161598206,-0.01641249656677246,0.6355090141296387,0.5293784141540527,-0.03850100561976433,0.6384506225585938,0.47053155303001404,-0.050698015838861465,0.6434869766235352,0.42173951864242554,-0.055037301033735275,0.6641661524772644,0.6498688459396362,-0.023290453478693962,0.6781464219093323,0.6201887130737305,-0.056021980941295624,0.6587194204330444,0.6731078028678894,-0.060084905475378036,0.6421637535095215,0.7091959118843079,-0.052245236933231354,0.6870047450065613,0.6873490214347839,-0.032552994787693024,0.6892857551574707,0.675888180732727,-0.05838766694068909,0.6685945987701416,0.7173992395401001,-0.058196183294057846,0.6509316563606262,0.7430132627487183,-0.05127275362610817
0.6485679149627686,0.8318977952003479,6.151602747195284e-07,0.6068419218063354,0.7869024872779846,-0.024495836347341537,0.6001046299934387,0.7071743011474609,-0.034856993705034256,0.6348023414611816,0.6532964110374451,-0.045483723282814026,0.6703291535377502,0.6200041770935059,-0.05482557788491249,0.607900857925415,0.6178827285766602,-0.013162956573069096,0.6270434260368347,0.536966860294342,-0.03504160791635513,0.6467815041542053,0.4812163710594177,-0.05059153586626053,0.6643421649932861,0.4343380331993103,-0.0596391037106514,0.6368932127952576,0.625496506690979,-0.016146253794431686,0.6358641386032104,0.5298914909362793,-0.037836991250514984,0.6382536292076111,0.47085291147232056,-0.05034628510475159,0.6428419351577759,0.42187976837158203,-0.055219363421201706,0.664721667766571,0.6512431502342224,-0.023189537227153778,0.678856372833252,0.6198520064353943,-0.05540264770388603,0.6583508253097534,0.6720068454742432,-0.059617966413497925,0.6409497261047363,0.7082576751708984,-0.052256613969802856,0.6873601675033569,0.6896594762802124,-0.032620031386613846,0.6895169615745544,0.6771257519721985,-0.05840534344315529,0.6677926778793335,0.718290388584137,-0.05837852135300636,0.6492568850517273,0.7441844940185547,-0.05170722305774689
0.6481775641441345,0.8309825658798218,6.218236308086489e-07,0.6066166758537292,0.785478949546814,-0.02497047930955887,0.60003262758255,0.7074325680732727,-0.03568264842033386,0.6344598531723022,0.6544759273529053,-0.04650402441620827,0.6690672039985657,0.621436357498169,-0.05598451569676399,0.6077833771705627,0.6164395213127136,-0.01420209277421236,0.626502275466919,0.5343512892723083,-0.03536233305931091,0.6450268626213074,0.4787970781326294,-0.05011056363582611,0.6613889336585999,0.43248361349105835,-0.05861837789416313,0.6369972229003906,0.6246222853660583,-0.01666681468486786,0.63771653175354,0.5296382308006287,-0.03786478191614151,0.6410152912139893,0.47149693965911865,-0.04998736456036568,0.6459993124008179,0.42417293787002563,-0.0546283945441246,0.6651102900505066,0.6506003141403198,-0.023100825026631355,0.6797571182250977,0.6199580430984497,-0.05482819303870201,0.6588118672370911,0.6721858382225037,-0.05917622894048691,0.6409984230995178,0.7090438604354858,-0.05205922573804855,0.6876389384269714,0.6889458894729614,-0.03190867230296135,0.6898627281188965,0.6771894693374634,-0.0575004518032074,0.6676311492919922,0.7185788154602051,-0.057631965726614,0.6484530568122864,0.7453299164772034,-0.05111801251769066
0.6486814618110657,0.830814778804779,6.155012215458555e-07,0.6067207455635071,0.78774094581604,-0.02591036818921566,0.599423885345459,0.7087095379829407,-0.03638864681124687,0.6340862512588501,0.6548147797584534,-0.04661112651228905,0.6694003939628601,0.6206957697868347,-0.055443089455366135,0.6079167723655701,0.6184518933296204,-0.015070048160851002,0.627236545085907,0.5357957482337952,-0.03606055676937103,0.6465952396392822,0.47988227009773254,-0.05039609223604202,0.6636639833450317,0.4331069588661194,-0.05855982005596161,0.6367610692977905,0.625391960144043,-0.01691431552171707,0.6352941989898682,0.5287595987319946,-0.03724347800016403,0.6374438405036926,0.46950459480285645,-0.04817333444952965,0.6414283514022827,0.42158257961273193,-0.051994677633047104,0.664554238319397,0.6503818035125732,-0.022948747500777245,0.678080677986145,0.6204828023910522,-0.054286543279886246,0.6583410501480103,0.6731579899787903,-0.058353718370199203,0.6411939263343811,0.7094948291778564,-0.05104835703969002,0.687529444694519,0.6875318288803101,-0.031496044248342514,0.6893335580825806,0.6774274110794067,-0.05733083188533783,0.6678593158721924,0.7197167873382568,-0.0579552985727787,0.64921635389328,0.7458970546722412,-0.05181073769927025
0.6482892632484436,0.8285935521125793,6.058199915059959e-07,0.6069186925888062,0.7859370708465576,-0.02542034722864628,0.5994346141815186,0.7068033814430237,-0.035479072481393814,0.6349123120307922,0.6538448929786682,-0.04531320184469223,0.6715272068977356,0.6210742592811584,-0.053872283548116684,0.608452558517456,0.6157070994377136,-0.014690968208014965,0.6285096406936646,0.5351515412330627,-0.03574319928884506,0.6484315991401672,0.4797455668449402,-0.05020596832036972,0.6657857298851013,0.4337683916091919,-0.05846719816327095,0.6376385688781738,0.622714638710022,-0.016690896824002266,0.6360346674919128,0.5265623331069946,-0.0369301363825798,0.6381725072860718,0.4682958722114563,-0.04776334762573242,0.6420463919639587,0.4209710359573364,-0.051476094871759415,0.6654871702194214,0.6484993696212769,-0.022846469655632973,0.678586483001709,0.6200215220451355,-0.05405035242438316,0.6591646671295166,0.6727309823036194,-0.058049529790878296,0.6425144076347351,0.7084627151489258,-0.05066291242837906,0.6881095170974731,0.6864770650863647,-0.031440429389476776,0.6888259649276733,0.6772335171699524,-0.05698711425065994,0.667838990688324,0.7189654111862183,-0.057537566870450974,0.6501241326332092,0.7438987493515015,-0.051389485597610474
0.6485958099365234,0.8296940326690674,6.028728876117384e-07,0.6078581809997559,0.787490963935852,-0.026210155338048935,0.6002815365791321,0.7097346186637878,-0.037084877490997314,0.633473813533783,0.6567562222480774,-0.047713447362184525,0.6687708497047424,0.6225435137748718,-0.05689188838005066,0.6095214486122131,0.615289568901062,-0.015381177887320518,0.6294564604759216,0.5347771644592285,-0.037055160850286484,0.6483718156814575,0.47940096259117126,-0.0517452210187912,0.665017306804657,0.43301886320114136,-0.06013839319348335,0.6383445262908936,0.6225520968437195,-0.017677638679742813,0.6365508437156677,0.5258054137229919,-0.03921324014663696,0.6383047699928284,0.4676375389099121,-0.05069110170006752,0.6419475674629211,0.42014241218566895,-0.05464018136262894,0.666118323802948,0.6487659811973572,-0.02416410483419895,0.6803402900695801,0.6188843250274658,-0.05756159871816635,0.66066974401474,0.6731929183006287,-0.062037523835897446,0.643477201461792,0.7100938558578491,-0.05447530373930931,0.6885669231414795,0.6873584985733032,-0.03302719071507454,0.6898947358131409,0.6773525476455688,-0.060421790927648544,0.6685034036636353,0.7201246619224548,-0.06123748794198036,0.6502624154090881,0.7459662556648254,-0.05489487573504448
0.6488813161849976,0.8304044604301453,6.046778935342445e-07,0.6084904074668884,0.7874904870986938,-0.025988446548581123,0.6006342768669128,0.7097852230072021,-0.03628408536314964,0.6333379745483398,0.6569722294807434,-0.046318069100379944,0.6678293347358704,0.6232307553291321,-0.0547969788312912,0.6090426445007324,0.6160316467285156,-0.014927918091416359,0.6291825175285339,0.5342501997947693,-0.03592447564005852,0.6482094526290894,0.4786338806152344,-0.04988463595509529,0.6647049784660339,0.4328598976135254,-0.05768420547246933,0.6378594040870667,0.6231537461280823,-0.017048394307494164,0.6363881826400757,0.5258597135543823,-0.038211893290281296,0.6381733417510986,0.46578967571258545,-0.04968195781111717,0.6415161490440369,0.41744673252105713,-0.053571540862321854,0.6655967235565186,0.6489138603210449,-0.02330474928021431,0.6794703006744385,0.6189267039299011,-0.0556248314678669,0.6604934930801392,0.6715162992477417,-0.0601578950881958,0.6434657573699951,0.7076210379600525,-0.05283541604876518,0.688264012336731,0.6865996718406677,-0.031999923288822174,0.6890876889228821,0.6780976057052612,-0.058289237320423126,0.6682852506637573,0.7194965481758118,-0.05917001888155937,0.6502683162689209,0.7445363402366638,-0.05304381623864174
0.6493992805480957,0.8299005031585693,6.049155558685015e-07,0.6088418960571289,0.7870166897773743,-0.02676623873412609,0.6010458469390869,0.7098637819290161,-0.03761056065559387,0.6343235969543457,0.656615674495697,-0.04802078753709793,0.670193612575531,0.6230549812316895,-0.05691494792699814,0.6074353456497192,0.6170132756233215,-0.016441460698843002,0.6274198293685913,0.5345897078514099,-0.03896688297390938,0.6471171379089355,0.4784877896308899,-0.053916171193122864,0.6642029285430908,0.4320811331272125,-0.062229223549366,0.6367020010948181,0.6229463219642639,-0.018022671341896057,0.6361647248268127,0.5276751518249512,-0.04041149839758873,0.6398050785064697,0.46952366828918457,-0.052328936755657196,0.6445247530937195,0.4219565987586975,-0.056356754153966904,0.664876401424408,0.6477667093276978,-0.02377794310450554,0.6787359118461609,0.6226689219474792,-0.05645967274904251,0.6614587903022766,0.674756646156311,-0.06081778556108475,0.6458389759063721,0.7094553112983704,-0.05331571027636528,0.6879504919052124,0.6848368644714355,-0.03207819536328316,0.688879668712616,0.6795231103897095,-0.05801452696323395,0.6692740321159363,0.7205983400344849,-0.058685146272182465,0.6524489521980286,0.7444611191749573,-0.05243018642067909
0.6506238579750061,0.8306726813316345,6.184761787153548e-07,0.6095150113105774,0.7876704335212708,-0.02583380788564682,0.6017645001411438,0.708868145942688,-0.0367794968187809,0.6354576945304871,0.6538203358650208,-0.047639209777116776,0.6718379259109497,0.6207305192947388,-0.05717424675822258,0.6075617671012878,0.6193204522132874,-0.016404008492827415,0.6266632080078125,0.5367663502693176,-0.04032246023416519,0.6479153037071228,0.47897619009017944,-0.05697106570005417,0.6668726205825806,0.4312993884086609,-0.06649401038885117,0.6374277472496033,0.6254315376281738,-0.01857876032590866,0.6369926929473877,0.5318887233734131,-0.04219222068786621,0.6407749056816101,0.473222017288208,-0.05513865873217583,0.6461328268051147,0.42487454414367676,-0.06009135767817497,0.665708601474762,0.6504046320915222,-0.02485891804099083,0.6801497936248779,0.6237653493881226,-0.05804288387298584,0.6610025763511658,0.6752820611000061,-0.062181536108255386,0.6446688771247864,0.7111156582832336,-0.054628659039735794,0.6886335611343384,0.6880898475646973,-0.033676452934741974,0.6907294392585754,0.6798933148384094,-0.06004483625292778,0.6702643036842346,0.7197871208190918,-0.060613203793764114,0.6528974175453186,0.7442997694015503,-0.05426368862390518
0.6510593891143799,0.8326011300086975,6.312891969173506e-07,0.6085402965545654,0.7892751097679138,-0.02563040517270565,0.60096275806427,0.7099856734275818,-0.03647488355636597,0.6345783472061157,0.6552485227584839,-0.04736971855163574,0.6688979268074036,0.620492696762085,-0.05683048069477081,0.6090354919433594,0.6191164255142212,-0.014482468366622925,0.6278609037399292,0.5367257595062256,-0.036769334226846695,0.647250771522522,0.4795113801956177,-0.05231979489326477,0.6649295091629028,0.4320109486579895,-0.06125016510486603,0.6377468705177307,0.626448929309845,-0.01699143834412098,0.6366227269172668,0.5313109755516052,-0.03929020091891289,0.6388334035873413,0.47263386845588684,-0.05165957286953926,0.6437745690345764,0.42480260133743286,-0.05627043545246124,0.6656167507171631,0.6518908143043518,-0.023696156218647957,0.6797422170639038,0.6198644042015076,-0.05681078881025314,0.6588099598884583,0.6736932396888733,-0.06085323169827461,0.6416050791740417,0.7119268178939819,-0.0530867837369442,0.6885457634925842,0.6901881694793701,-0.032869189977645874,0.6907276511192322,0.6762224435806274,-0.059560999274253845,0.6688810586929321,0.7178366780281067,-0.05963587015867233,0.6503007411956787,0.7450816035270691,-0.05275701358914375
0.6502140760421753,0.8323439955711365,6.253048923099414e-07,0.6083945035934448,0.788520097732544,-0.025430364534258842,0.6014319658279419,0.7100174427032471,-0.03642731532454491,0.6353614926338196,0.6564223766326904,-0.04761600121855736,0.669395387172699,0.6220672726631165,-0.05731608346104622,0.6104800701141357,0.6172588467597961,-0.013894553296267986,0.6290317177772522,0.535365641117096,-0.03577312454581261,0.6477430462837219,0.47850173711776733,-0.05096498504281044,0.6647803783416748,0.43099093437194824,-0.05971648916602135,0.638910710811615,0.6245417594909668,-0.016667908057570457,0.6377108097076416,0.5297986268997192,-0.03873370960354805,0.6396237015724182,0.4716030955314636,-0.051002517342567444,0.6442387104034424,0.4239848852157593,-0.05555042251944542,0.6663321256637573,0.6500778198242188,-0.023619547486305237,0.6803281307220459,0.6194506287574768,-0.05647329241037369,0.6596395969390869,0.6735427379608154,-0.06034689396619797,0.6424974203109741,0.7113381028175354,-0.05251714214682579,0.6887336373329163,0.6885803937911987,-0.033045876771211624,0.6912490725517273,0.675491452217102,-0.05909718573093414,0.6695231795310974,0.7171376347541809,-0.05877971649169922,0.6509652137756348,0.74398273229599,-0.05175122991204262
0.6497402191162109,0.8307638764381409,6.284815867729776e-07,0.6084496974945068,0.7869223356246948,-0.026527637615799904,0.602019727230072,0.7094669342041016,-0.03806617110967636,0.6359648704528809,0.6556496620178223,-0.049363765865564346,0.6700888276100159,0.6204178929328918,-0.05905373767018318,0.6086471080780029,0.618872344493866,-0.016041994094848633,0.6288770437240601,0.5375866889953613,-0.03910538926720619,0.6491335034370422,0.4821512997150421,-0.05482685938477516,0.6670061349868774,0.43606042861938477,-0.06356257945299149,0.6377358436584473,0.6247240900993347,-0.018038878217339516,0.6359967589378357,0.5288481116294861,-0.04090510681271553,0.638186514377594,0.46875444054603577,-0.05347026512026787,0.6421536803245544,0.4194366931915283,-0.057977236807346344,0.6657700538635254,0.649491548538208,-0.024211077019572258,0.6784675717353821,0.621389627456665,-0.056967005133628845,0.6596354842185974,0.6741465926170349,-0.060732148587703705,0.6431865692138672,0.7100736498832703,-0.05278303474187851,0.6887797117233276,0.6867557764053345,-0.0329897478222847,0.6898984909057617,0.6786262392997742,-0.058732666075229645,0.6689309477806091,0.7196959257125854,-0.058568332344293594,0.650809109210968,0.7443461418151855,-0.051621027290821075
0.6507273316383362,0.8318728804588318,6.23147968781268e-07,0.6089640855789185,0.7875347137451172,-0.02540881186723709,0.602384090423584,0.7088380455970764,-0.03648041561245918,0.636674165725708,0.6550991535186768,-0.047609422355890274,0.6723154783248901,0.6217815279960632,-0.057359836995601654,0.6083711385726929,0.62128084897995,-0.01544238068163395,0.6279973387718201,0.5398005843162537,-0.0389799065887928,0.6489517688751221,0.48329704999923706,-0.05522920936346054,0.6678451895713806,0.4363125264644623,-0.0643984004855156,0.6376126408576965,0.6274880170822144,-0.018030786886811256,0.6364343762397766,0.5319525599479675,-0.04159615933895111,0.6398953795433044,0.47231465578079224,-0.05478306859731674,0.6454914212226868,0.42287564277648926,-0.05978768691420555,0.6660080552101135,0.6522992253303528,-0.02462245151400566,0.6808589100837708,0.6224280595779419,-0.05789791792631149,0.6614640355110168,0.6745059490203857,-0.06172611936926842,0.6447320580482483,0.7104769945144653,-0.053798142820596695,0.6894984245300293,0.6897131204605103,-0.03368544578552246,0.6923539638519287,0.678348183631897,-0.059771578758955,0.6717517971992493,0.7192467451095581,-0.059423644095659256,0.6540129780769348,0.7445440292358398,-0.05231799930334091
0.6501330137252808,0.8327140212059021,6.262603164941538e-07,0.6083955764770508,0.7891910076141357,-0.025675373151898384,0.600869357585907,0.710990309715271,-0.03689701482653618,0.6350575685501099,0.657145082950592,-0.04796839505434036,0.6696383953094482,0.6230964660644531,-0.05771315097808838,0.6089428663253784,0.6210517287254333,-0.016330914571881294,0.6272947192192078,0.5384984016418457,-0.03888222947716713,0.6461884379386902,0.48178189992904663,-0.05425744131207466,0.6632952690124512,0.4346679449081421,-0.06315556168556213,0.6381879448890686,0.6275482177734375,-0.01867767609655857,0.6389344334602356,0.5330681800842285,-0.04146727919578552,0.6431722044944763,0.4752936363220215,-0.05431440845131874,0.649537205696106,0.4273455739021301,-0.0593489408493042,0.666178286075592,0.6526747345924377,-0.02489550970494747,0.6816729307174683,0.6230358481407166,-0.05710982531309128,0.6609702110290527,0.6746945977210999,-0.061046987771987915,0.6435351967811584,0.7105808258056641,-0.05383533984422684,0.6889190077781677,0.6905723214149475,-0.03361670300364494,0.6911507248878479,0.6824394464492798,-0.05951404571533203,0.6696183681488037,0.7230416536331177,-0.05983748659491539,0.6512388586997986,0.7478474974632263,-0.05352159962058067
0.6514438986778259,0.8348981142044067,6.183711320773e-07,0.6106135845184326,0.7914748787879944,-0.026714306324720383,0.6040118336677551,0.7132827043533325,-0.037857748568058014,0.638740062713623,0.6599451899528503,-0.04877004772424698,0.6741244196891785,0.6265518069267273,-0.05819204822182655,0.611434817314148,0.6197065114974976,-0.015022099018096924,0.6304793357849121,0.5396117568016052,-0.03684954345226288,0.6493759751319885,0.4837043285369873,-0.05175597593188286,0.6662103533744812,0.437382310628891,-0.06012248620390892,0.6402370929718018,0.6266539692878723,-0.017117029055953026,0.6377560496330261,0.531606137752533,-0.038459163159132004,0.6396760940551758,0.47413986921310425,-0.04991748183965683,0.6440768837928772,0.427958220243454,-0.05369431525468826,0.6680313348770142,0.652765154838562,-0.023555807769298553,0.6813315749168396,0.6260544657707214,-0.05595412850379944,0.6627350449562073,0.6793663501739502,-0.06020168960094452,0.6468351483345032,0.7159540057182312,-0.052514515817165375,0.6902507543563843,0.6915018558502197,-0.03255496174097061,0.6918274760246277,0.6832748055458069,-0.05813651904463768,0.6714798212051392,0.7248646020889282,-0.05832156166434288,0.6543561816215515,0.7499397397041321,-0.051671646535396576
0.6499151587486267,0.8375192880630493,6.237859793145617e-07,0.609651505947113,0.7914201021194458,-0.02607494406402111,0.6034453511238098,0.7143368124961853,-0.038043063133955,0.6359359622001648,0.6613264083862305,-0.05001300945878029,0.6689084768295288,0.6275181770324707,-0.06041572615504265,0.6093815565109253,0.6233426928520203,-0.015412162989377975,0.6284857988357544,0.5417564511299133,-0.03856998309493065,0.6480007767677307,0.4857640266418457,-0.054455798119306564,0.6655184030532837,0.438528835773468,-0.06343676149845123,0.6381719708442688,0.6299008131027222,-0.017993967980146408,0.6372007131576538,0.5336900949478149,-0.04151510074734688,0.6403666138648987,0.4749932289123535,-0.054646238684654236,0.6459516882896423,0.42570552229881287,-0.059594351798295975,0.6660287380218506,0.6548502445220947,-0.02462129294872284,0.6822404265403748,0.6227288842201233,-0.0583542101085186,0.662087619304657,0.6764301061630249,-0.06204325333237648,0.6442908048629761,0.7138597369194031,-0.05397308990359306,0.6889464259147644,0.6930924654006958,-0.0337086021900177,0.6933228373527527,0.6813533902168274,-0.059857048094272614,0.672389566898346,0.723082423210144,-0.05912095308303833,0.6538327932357788,0.7494702339172363,-0.051726941019296646
0.6496515274047852,0.8359977006912231,6.333846158668166e-07,0.6089383363723755,0.7908639907836914,-0.026128431782126427,0.6013234853744507,0.7127355933189392,-0.03788124769926071,0.6350829601287842,0.6595314145088196,-0.049597855657339096,0.669761598110199,0.6253557801246643,-0.05991928651928902,0.609036386013031,0.6227080225944519,-0.015856850892305374,0.6288717985153198,0.5414608716964722,-0.039053864777088165,0.649097204208374,0.48527342081069946,-0.055138979107141495,0.6673303842544556,0.43798696994781494,-0.06442948430776596,0.6384633183479309,0.629384458065033,-0.01830240525305271,0.6378675699234009,0.5339123010635376,-0.042010821402072906,0.6402657628059387,0.4754006862640381,-0.05561194568872452,0.6454212069511414,0.42621660232543945,-0.06103687733411789,0.6667125225067139,0.6546264290809631,-0.024718811735510826,0.6809061765670776,0.6239582896232605,-0.05789216235280037,0.6595116257667542,0.6778411865234375,-0.06141866743564606,0.6420173645019531,0.7149680852890015,-0.053495973348617554,0.6896152496337891,0.6927146911621094,-0.0336553193628788,0.6900784969329834,0.6828902959823608,-0.059197064489126205,0.6691670417785645,0.7238335609436035,-0.0583963617682457,0.6524301171302795,0.7487279772758484,-0.05115799978375435
0.6498061418533325,0.8322483897209167,6.307431590357737e-07,0.610244870185852,0.7894144058227539,-0.028282608836889267,0.6031122803688049,0.7122367024421692,-0.04035761207342148,0.6376252174377441,0.6595192551612854,-0.05187081918120384,0.6736880540847778,0.6263045072555542,-0.06179377809166908,0.6102466583251953,0.6212570071220398,-0.018182964995503426,0.6301549673080444,0.5395147204399109,-0.041741661727428436,0.6506848335266113,0.48302677273750305,-0.05747625604271889,0.6685363054275513,0.4357753098011017,-0.06625624001026154,0.6395596265792847,0.6276357173919678,-0.019571436569094658,0.6386242508888245,0.5331935882568359,-0.04318432882428169,0.6411093473434448,0.4749135971069336,-0.05561083182692528,0.6453006863594055,0.4270666539669037,-0.05986657738685608,0.6671993732452393,0.6530497074127197,-0.025282178074121475,0.6809439063072205,0.6283450722694397,-0.058985039591789246,0.663722574710846,0.6813051700592041,-0.06277742236852646,0.6487250924110413,0.7164983749389648,-0.054577358067035675,0.6898291707038879,0.6907936930656433,-0.033716872334480286,0.6915379762649536,0.6841714382171631,-0.05986734479665756,0.6723971366882324,0.7249224781990051,-0.05983375757932663,0.6562709808349609,0.7484209537506104,-0.052958227694034576
0.6501522660255432,0.8328458070755005,6.109076480242948e-07,0.6100142598152161,0.7905092835426331,-0.02689027227461338,0.6032134294509888,0.7128168344497681,-0.03816814720630646,0.6364381313323975,0.6598579287528992,-0.049009814858436584,0.6710616946220398,0.6259444355964661,-0.05839782953262329,0.6109159588813782,0.6219488382339478,-0.016746526584029198,0.6304542422294617,0.5406712889671326,-0.03905905783176422,0.6499497294425964,0.4848790168762207,-0.05424376204609871,0.6671745777130127,0.43744799494743347,-0.06292781233787537,0.639636218547821,0.628181517124176,-0.01851607859134674,0.6377313137054443,0.5327619910240173,-0.040413811802864075,0.6399500370025635,0.47438502311706543,-0.05213543772697449,0.643887996673584,0.42602765560150146,-0.056350383907556534,0.6670778393745422,0.6529292464256287,-0.024449452757835388,0.6819584369659424,0.6237896084785461,-0.05731279030442238,0.6635753512382507,0.6771785616874695,-0.061184950172901154,0.6469123363494873,0.7137182950973511,-0.053420692682266235,0.6895961761474609,0.6900655627250671,-0.032943591475486755,0.6925885677337646,0.6810141801834106,-0.05977119505405426,0.6726309061050415,0.7235519886016846,-0.060249991714954376,0.6551958918571472,0.7495459914207458,-0.05375039950013161
0.6503283977508545,0.8356248140335083,6.135785497463075e-07,0.6096932291984558,0.7918004393577576,-0.026105085387825966,0.6026228666305542,0.7144784927368164,-0.037140849977731705,0.6354025602340698,0.6615546345710754,-0.04799265041947365,0.6693053245544434,0.6279886960983276,-0.05730271339416504,0.6111443042755127,0.6224346160888672,-0.014717384241521358,0.6311608552932739,0.5413973331451416,-0.03650202602148056,0.6509968638420105,0.485493540763855,-0.05153406411409378,0.6686511635780334,0.43860000371932983,-0.060141291469335556,0.6395869851112366,0.6292020678520203,-0.01688617654144764,0.6370837688446045,0.5332067012786865,-0.0386543869972229,0.6394797563552856,0.4741886258125305,-0.050660230219364166,0.6437956094741821,0.4258496165275574,-0.05509364604949951,0.6668224334716797,0.6544362902641296,-0.023251701146364212,0.6815097332000732,0.6225461959838867,-0.05622246116399765,0.6629613637924194,0.6750777363777161,-0.06063546612858772,0.6457641124725342,0.712134063243866,-0.05322003737092018,0.6892462372779846,0.6923704147338867,-0.03207656368613243,0.6929208636283875,0.6803684234619141,-0.05894748121500015,0.6720706820487976,0.7222514748573303,-0.05958067998290062,0.6530957818031311,0.7493470907211304,-0.05319305136799812
0.6494413018226624,0.8358120322227478,6.194993034114304e-07,0.6091727018356323,0.7906733751296997,-0.02618049643933773,0.6024441719055176,0.7133123278617859,-0.03736992925405502,0.6359227895736694,0.6605529189109802,-0.048371922224760056,0.6709607839584351,0.6276313662528992,-0.05789462849497795,0.6106885075569153,0.6237004399299622,-0.015341554768383503,0.6308985948562622,0.5419823527336121,-0.037523504346609116,0.6512354016304016,0.4857918620109558,-0.05267184600234032,0.6693516969680786,0.4387969374656677,-0.06122404336929321,0.6393532156944275,0.6304343342781067,-0.017382262274622917,0.6371335387229919,0.5336183905601501,-0.03939201682806015,0.6397389769554138,0.4738365411758423,-0.05169244483113289,0.6444879174232483,0.424843966960907,-0.05628949776291847,0.6668267250061035,0.6555577516555786,-0.02357088029384613,0.6815416216850281,0.6255432963371277,-0.05604204162955284,0.6621298789978027,0.6763705015182495,-0.06080159917473793,0.6446282863616943,0.711780846118927,-0.053787507116794586,0.6894620656967163,0.6929923892021179,-0.03226093202829361,0.6921129822731018,0.683504581451416,-0.05817820504307747,0.6711020469665527,0.7240864038467407,-0.058883924037218094,0.6525846123695374,0.7493634223937988,-0.05277853459119797
0.6489341855049133,0.8392694592475891,6.076747354200052e-07,0.607791543006897,0.7934693098068237,-0.02513118088245392,0.6014895439147949,0.7158772945404053,-0.03543281555175781,0.6343790292739868,0.6647743582725525,-0.04567157104611397,0.6672084331512451,0.6303034424781799,-0.054543059319257736,0.6110026240348816,0.6207456588745117,-0.012066996656358242,0.6313292384147644,0.5414797067642212,-0.03191414847970009,0.6501550674438477,0.48597460985183716,-0.04598003625869751,0.6667536497116089,0.44022515416145325,-0.05410364270210266,0.6395076513290405,0.6291427612304688,-0.014551524072885513,0.6370949745178223,0.5329262018203735,-0.0342024490237236,0.6389274597167969,0.4732021987438202,-0.04583131521940231,0.6425285935401917,0.4256749451160431,-0.0503302626311779,0.6668648719787598,0.6561421751976013,-0.021282808855175972,0.6812902688980103,0.6238508224487305,-0.053018029779195786,0.6613001227378845,0.673875093460083,-0.059307120740413666,0.6426903009414673,0.7104477882385254,-0.05367271229624748,0.688835084438324,0.6953133344650269,-0.030257321894168854,0.6905809640884399,0.6841341853141785,-0.056842949241399765,0.6689569354057312,0.7260199785232544,-0.0586850605905056,0.6493377685546875,0.7536239624023438,-0.05348232388496399
