0,1,2,3,4,5,6,7,8,9,10,11,12,13,14,15,16,17,18,19,20,21,22,23,24,25,26,27,28,29,30,31,32,33,34,35,36,37,38,39,40,41,42,43,44,45,46,47,48,49,50,51,52,53,54,55,56,57,58,59,60,61,62
0.6482052803039551,0.8411026000976562,6.093791284911276e-07,0.6071955561637878,0.793956995010376,-0.024644548073410988,0.6006843447685242,0.7146648168563843,-0.03528425469994545,0.6337990760803223,0.6621334552764893,-0.0461045540869236,0.6682178378105164,0.6289008855819702,-0.055473990738391876,0.6101569533348083,0.622789204120636,-0.013327149674296379,0.63093501329422,0.5422863364219666,-0.034366317093372345,0.6501576900482178,0.48673170804977417,-0.048689328134059906,0.6669167876243591,0.4405432939529419,-0.05673450604081154,0.6387276649475098,0.6310627460479736,-0.016383400186896324,0.6378752589225769,0.5330652594566345,-0.03772910684347153,0.6402034163475037,0.4726393222808838,-0.04966564476490021,0.6445064544677734,0.4237292408943176,-0.05391980707645416,0.6663318276405334,0.65760737657547,-0.023466361686587334,0.68065345287323,0.6267876029014587,-0.055936843156814575,0.6598559617996216,0.6789414286613464,-0.06052520498633385,0.6415221691131592,0.7157799601554871,-0.053216561675071716,0.6886048913002014,0.6966385245323181,-0.03283820301294327,0.6906200051307678,0.6844096183776855,-0.05850737914443016,0.6692419648170471,0.7265700697898865,-0.05835771560668945,0.6506507396697998,0.7536192536354065,-0.051563575863838196
0.6479337215423584,0.8440901637077332,5.942816869719536e-07,0.605484127998352,0.794754147529602,-0.021768495440483093,0.5993105173110962,0.7117314338684082,-0.030993562191724777,0.6334680914878845,0.6597084999084473,-0.041069820523262024,0.6685233116149902,0.6278941631317139,-0.04998306930065155,0.6102043986320496,0.6240600347518921,-0.011142334900796413,0.6301422715187073,0.5424878597259521,-0.031325262039899826,0.6489107608795166,0.48650431632995605,-0.04520672932267189,0.6656183004379272,0.43998074531555176,-0.053173527121543884,0.6393704414367676,0.6325420141220093,-0.015381034463644028,0.6395969986915588,0.5355244874954224,-0.035998471081256866,0.6421831250190735,0.4754817485809326,-0.04812019318342209,0.6470337510108948,0.4272037744522095,-0.05291879549622536,0.6671919226646423,0.6587895750999451,-0.02334025129675865,0.6796176433563232,0.6280611753463745,-0.0543036013841629,0.6572197079658508,0.6777663230895996,-0.05921705812215805,0.6383938193321228,0.7143009901046753,-0.05285574495792389,0.6892794370651245,0.6976827383041382,-0.033442411571741104,0.6897935271263123,0.6860111951828003,-0.05786509811878204,0.6672855019569397,0.7266032099723816,-0.05787147209048271,0.6483089923858643,0.7537676692008972,-0.05169985443353653
0.6478850245475769,0.8428236246109009,6.100623863858345e-07,0.606124997138977,0.7960498332977295,-0.025207407772541046,0.6002398133277893,0.7172114849090576,-0.03613680973649025,0.6326475739479065,0.6649820804595947,-0.04732902720570564,0.664642870426178,0.6305311918258667,-0.05684207007288933,0.6101856827735901,0.622571587562561,-0.013198873028159142,0.6292247772216797,0.5404635667800903,-0.034509047865867615,0.6472361087799072,0.48464101552963257,-0.04916324466466904,0.6636207699775696,0.4381107687950134,-0.05758901312947273,0.6391823291778564,0.630458652973175,-0.016290966421365738,0.6396642327308655,0.5353068113327026,-0.03885941579937935,0.6424365043640137,0.475905179977417,-0.05220603942871094,0.6474514007568359,0.4278065860271454,-0.057529374957084656,0.6665335893630981,0.656597912311554,-0.023414263501763344,0.6802527904510498,0.6259319186210632,-0.05683764070272446,0.6586086750030518,0.6776516437530518,-0.06177031621336937,0.640241801738739,0.7146288156509399,-0.05479586869478226,0.6881559491157532,0.6960484385490417,-0.03288966789841652,0.6907691955566406,0.6828498840332031,-0.05933980271220207,0.6691089272499084,0.7240864038467407,-0.05925370007753372,0.6506266593933105,0.7520363926887512,-0.05243123322725296
0.6475715041160583,0.8415583372116089,5.97283531078574e-07,0.6060522794723511,0.7948027849197388,-0.02299886755645275,0.6000640988349915,0.7139027714729309,-0.0328812412917614,0.6330273747444153,0.6624571681022644,-0.04331916943192482,0.6662240624427795,0.6306285262107849,-0.05232696980237961,0.6100679636001587,0.6224817037582397,-0.012512470595538616,0.6288379430770874,0.5400257110595703,-0.032476913183927536,0.6466619372367859,0.48456746339797974,-0.046021390706300735,0.6624781489372253,0.43874961137771606,-0.05378967151045799,0.6388108134269714,0.6314821243286133,-0.016251901164650917,0.6392285227775574,0.535105288028717,-0.037149567157030106,0.6420175433158875,0.47596749663352966,-0.0493222214281559,0.6469570398330688,0.42856428027153015,-0.054117802530527115,0.6661165356636047,0.6580178737640381,-0.02370244450867176,0.6799392104148865,0.6251777410507202,-0.05514417588710785,0.658271074295044,0.675540566444397,-0.05966075137257576,0.6398048400878906,0.7120772004127502,-0.05296623706817627,0.6876739859580994,0.6972700953483582,-0.03332054242491722,0.6893202662467957,0.6839259266853333,-0.058243826031684875,0.6672552227973938,0.724644660949707,-0.057939350605010986,0.648537814617157,0.7520845532417297,-0.051418665796518326
0.6476827263832092,0.838370144367218,6.08699849635741e-07,0.6058461666107178,0.7938934564590454,-0.025914406403899193,0.5994763374328613,0.7150485515594482,-0.036892686039209366,0.6335763335227966,0.6632410287857056,-0.04775372892618179,0.6678569912910461,0.6298631429672241,-0.0571499839425087,0.6096168756484985,0.6217016577720642,-0.014623328112065792,0.6298573017120361,0.5410197973251343,-0.035830654203891754,0.6486979126930237,0.48575496673583984,-0.05059492588043213,0.6652936935424805,0.43959009647369385,-0.05927449092268944,0.6385038495063782,0.629126250743866,-0.017143558710813522,0.6379055380821228,0.5326225757598877,-0.03872828930616379,0.6399253010749817,0.47332337498664856,-0.05119958519935608,0.6437464356422424,0.42512720823287964,-0.05618287995457649,0.6659506559371948,0.6555419564247131,-0.023746255785226822,0.6799905896186829,0.6230823397636414,-0.05649023875594139,0.6591228246688843,0.6744465231895447,-0.06138905510306358,0.6405477523803711,0.7105287909507751,-0.05466386303305626,0.6878683567047119,0.6949284672737122,-0.032739341259002686,0.6896583437919617,0.6816902160644531,-0.059499531984329224,0.6678638458251953,0.7235496640205383,-0.05996890738606453,0.6488673090934753,0.7507500052452087,-0.05369149148464203
0.6491385102272034,0.8366219997406006,6.054035566194216e-07,0.6074567437171936,0.7927815914154053,-0.025083303451538086,0.6006870865821838,0.713085949420929,-0.035540349781513214,0.6348688006401062,0.659665048122406,-0.04604938253760338,0.6707636713981628,0.6261556148529053,-0.055212248116731644,0.6095744371414185,0.6221368908882141,-0.014257836155593395,0.6295136213302612,0.5410534739494324,-0.03568420559167862,0.6480412483215332,0.4852687120437622,-0.050217170268297195,0.6643351316452026,0.438742071390152,-0.0585041306912899,0.6381897330284119,0.6290619373321533,-0.017090637236833572,0.6373595595359802,0.5304294228553772,-0.03865339234471321,0.63905268907547,0.47047358751296997,-0.05060160160064697,0.6426679491996765,0.4217457175254822,-0.05492912977933884,0.6661094427108765,0.6546913385391235,-0.023919856175780296,0.6802144050598145,0.6232433915138245,-0.05666350945830345,0.6599571704864502,0.6766415238380432,-0.06081988289952278,0.6422710418701172,0.7137887477874756,-0.05322299525141716,0.6885436773300171,0.6929129958152771,-0.03309965878725052,0.688887357711792,0.6811491847038269,-0.05923685431480408,0.6678327918052673,0.7240769863128662,-0.05902543663978577,0.6500055193901062,0.7508097290992737,-0.05217251554131508
0.6483102440834045,0.8362244367599487,5.890049123991048e-07,0.6071069240570068,0.7911936044692993,-0.02385440468788147,0.600574791431427,0.7129283547401428,-0.034002143889665604,0.6342591643333435,0.6614178419113159,-0.044441450387239456,0.6689931154251099,0.6288926601409912,-0.05368536710739136,0.6090713739395142,0.6216456890106201,-0.013828245922923088,0.6287147402763367,0.5410645008087158,-0.035141102969646454,0.6476727724075317,0.4851419925689697,-0.0495157428085804,0.6643304228782654,0.4386265277862549,-0.05759265273809433,0.6380371451377869,0.6285799741744995,-0.01694185473024845,0.6376395225524902,0.5325978398323059,-0.0382528230547905,0.6406652927398682,0.4742410182952881,-0.04992647096514702,0.6453784704208374,0.42717623710632324,-0.05405014753341675,0.6658164262771606,0.6541768312454224,-0.023933567106723785,0.6800991892814636,0.6252942681312561,-0.05586472526192665,0.6609215140342712,0.6767845153808594,-0.0602850504219532,0.6439396142959595,0.7123541831970215,-0.05312412604689598,0.6882882118225098,0.6923901438713074,-0.03314268961548805,0.6893386244773865,0.6828246116638184,-0.05812719464302063,0.6681214570999146,0.7243846654891968,-0.05804036557674408,0.6498865485191345,0.7499032020568848,-0.05154040828347206
0.6487958431243896,0.8366740345954895,6.056059760339849e-07,0.6070359349250793,0.7924646139144897,-0.02476884052157402,0.6002125144004822,0.7132589221000671,-0.03507831320166588,0.6344108581542969,0.6598740220069885,-0.04551326856017113,0.6697582006454468,0.6269155740737915,-0.05472750961780548,0.6090102195739746,0.6235634684562683,-0.01376176904886961,0.6284613609313965,0.5425469279289246,-0.035347674041986465,0.6473318934440613,0.4867989718914032,-0.050288502126932144,0.6641604900360107,0.44026675820350647,-0.058896876871585846,0.6378093957901001,0.6302719116210938,-0.016504408791661263,0.6373571753501892,0.5331634283065796,-0.03831615671515465,0.6402685642242432,0.4734341502189636,-0.05086984112858772,0.6450092792510986,0.4244470000267029,-0.05575110763311386,0.6654787063598633,0.6552876830101013,-0.02321651019155979,0.680864155292511,0.6229423880577087,-0.055915456265211105,0.6605823636054993,0.6746949553489685,-0.060673847794532776,0.6425164341926575,0.7114250659942627,-0.05369214713573456,0.6878345608711243,0.6930180191993713,-0.0322297029197216,0.6895580887794495,0.6809938549995422,-0.058640602976083755,0.6686478853225708,0.7230477929115295,-0.05898800119757652,0.6504525542259216,0.7499051094055176,-0.05256637558341026
0.6487836241722107,0.8363573551177979,6.042131417416385e-07,0.6070107221603394,0.7918896675109863,-0.024242931976914406,0.5996976494789124,0.7119308114051819,-0.03432678431272507,0.6338979601860046,0.6577878594398499,-0.04462797939777374,0.6698426604270935,0.6251994967460632,-0.053713198751211166,0.6092753410339355,0.6234257221221924,-0.01338263414800167,0.6287149786949158,0.5417792797088623,-0.034705113619565964,0.6480652689933777,0.48604148626327515,-0.04947804659605026,0.6653786897659302,0.43945765495300293,-0.058061372488737106,0.638089120388031,0.6305593252182007,-0.01610189862549305,0.6380298733711243,0.5341783165931702,-0.03780163824558258,0.6411988139152527,0.4748521149158478,-0.050365202128887177,0.6461482644081116,0.4261476397514343,-0.055384013801813126,0.665550172328949,0.6556216478347778,-0.02270209975540638,0.6806768178939819,0.6228864192962646,-0.05493549630045891,0.6597421169281006,0.6742056608200073,-0.05960819125175476,0.6412712335586548,0.7111524343490601,-0.05274498462677002,0.6879552602767944,0.6933150887489319,-0.031588632613420486,0.6899181008338928,0.681127667427063,-0.05770459398627281,0.6685411334037781,0.7222616076469421,-0.0582207553088665,0.6498206257820129,0.7491432428359985,-0.052015360444784164
0.6475985050201416,0.8378928899765015,5.962422733318817e-07,0.6061423420906067,0.7919406890869141,-0.022105159237980843,0.5996620655059814,0.7098569869995117,-0.0306381992995739,0.6344121694564819,0.6565345525741577,-0.03979722782969475,0.6707391142845154,0.6261239647865295,-0.04805373772978783,0.6095227599143982,0.6244105100631714,-0.012029653415083885,0.6280754804611206,0.5420476794242859,-0.03210417553782463,0.6467251181602478,0.4856962263584137,-0.046036574989557266,0.6634265184402466,0.43869420886039734,-0.05405961722135544,0.6385918259620667,0.6330739855766296,-0.015438846312463284,0.6380847096443176,0.5372347831726074,-0.03578078746795654,0.6403995752334595,0.4762902557849884,-0.0479496605694294,0.6449698209762573,0.42626363039016724,-0.05281798541545868,0.6662372350692749,0.6592732071876526,-0.022473786026239395,0.6779606342315674,0.6291056275367737,-0.05335833504796028,0.6558547019958496,0.67854243516922,-0.05847567692399025,0.6376851797103882,0.71416175365448,-0.05204268917441368,0.6881412863731384,0.697354257106781,-0.03160053491592407,0.6884543895721436,0.6836535930633545,-0.05665687471628189,0.6663302779197693,0.7235074043273926,-0.05710003897547722,0.6478857398033142,0.7504420280456543,-0.05099890008568764
0.6437374353408813,0.8433845043182373,5.589659508586919e-07,0.6019428968429565,0.7937800884246826,-0.018129657953977585,0.5962572693824768,0.7131175398826599,-0.026349782943725586,0.6288084387779236,0.6621344685554504,-0.03619047626852989,0.6610181927680969,0.630607008934021,-0.04537896066904068,0.6040641665458679,0.6290666460990906,-0.010553207248449326,0.6201737523078918,0.5475435853004456,-0.030669521540403366,0.6355878114700317,0.4923962950706482,-0.04421407729387283,0.6493383049964905,0.44545790553092957,-0.051698148250579834,0.6359370946884155,0.6352137923240662,-0.01619219407439232,0.6360409259796143,0.5430185198783875,-0.03679830953478813,0.6384302973747253,0.48318958282470703,-0.0500648096203804,0.643034040927887,0.4332555830478668,-0.055602654814720154,0.6659252047538757,0.6589841842651367,-0.024754641577601433,0.6687571406364441,0.6388264298439026,-0.05419650673866272,0.6461533904075623,0.6877661347389221,-0.05926428735256195,0.6298867464065552,0.7232842445373535,-0.05330115556716919,0.6886484026908875,0.6954014897346497,-0.03510187566280365,0.6788557171821594,0.6951905488967896,-0.05619733780622482,0.6571237444877625,0.7362260818481445,-0.05483076721429825,0.6427676677703857,0.7633439898490906,-0.0480847992002964
0.636554479598999,0.8465685248374939,5.312348889674468e-07,0.5949550271034241,0.7981352806091309,-0.014807762578129768,0.5825963616371155,0.7269708514213562,-0.02536962181329727,0.6090565919876099,0.6827080845832825,-0.03885521739721298,0.6429582834243774,0.6648039817810059,-0.05185343325138092,0.5981619358062744,0.6378592252731323,-0.01676163077354431,0.6091132164001465,0.5513991713523865,-0.039676714688539505,0.6176061630249023,0.49659866094589233,-0.05375618115067482,0.6249902248382568,0.4506077468395233,-0.061200521886348724,0.6327486038208008,0.6400097012519836,-0.02497684396803379,0.6318156719207764,0.552588164806366,-0.04869915544986725,0.6282901763916016,0.49244293570518494,-0.06349299848079681,0.6259000897407532,0.44244539737701416,-0.06940152496099472,0.6649724841117859,0.6621189117431641,-0.03488892689347267,0.6521594524383545,0.6549548506736755,-0.06214045360684395,0.6309359669685364,0.6991114020347595,-0.06619232892990112,0.6164125800132751,0.7337827086448669,-0.06001725420355797,0.6889926791191101,0.6985965967178345,-0.04657990485429764,0.6672291159629822,0.7147303223609924,-0.06236869841814041,0.6456894874572754,0.7499268054962158,-0.0587562620639801,0.6333279609680176,0.7762610912322998,-0.05081859603524208
0.6198722124099731,0.8256171941757202,-4.1355627899974934e-07,0.5844851732254028,0.8283582925796509,-0.016917651519179344,0.5551774501800537,0.812595009803772,-0.03092239610850811,0.5424687266349792,0.798963189125061,-0.04471921920776367,0.5374347567558289,0.7977283596992493,-0.05850937217473984,0.5589455962181091,0.7274038791656494,-0.02921229973435402,0.5509498715400696,0.701802670955658,-0.0558805912733078,0.5501560568809509,0.7240731120109558,-0.07304565608501434,0.5478083491325378,0.7524542808532715,-0.08194562047719955,0.594542384147644,0.7122515439987183,-0.034491848200559616,0.5917659401893616,0.7322405576705933,-0.06095881015062332,0.5895932912826538,0.7927483320236206,-0.06737424433231354,0.5893136262893677,0.8337132334709167,-0.067449189722538,0.6308655738830566,0.7182843685150146,-0.04216265305876732,0.6308358311653137,0.7521756887435913,-0.0692593902349472,0.6283443570137024,0.8101191520690918,-0.06520750373601913,0.6270496249198914,0.8483943939208984,-0.056956946849823,0.665408730506897,0.7353881001472473,-0.05115222558379173,0.6658101081848145,0.765426516532898,-0.07158302515745163,0.6602746248245239,0.810889482498169,-0.06591209769248962,0.6561099290847778,0.8411872982978821,-0.05682474374771118
0.6402783393859863,0.847767174243927,-3.4870640774897765e-07,0.6045728325843811,0.8395480513572693,-0.016630766913294792,0.5658707022666931,0.8035339117050171,-0.0253263209015131,0.5515697002410889,0.7672342658042908,-0.03263920545578003,0.5570098161697388,0.743529200553894,-0.03799087554216385,0.5722543597221375,0.694553792476654,-0.012630615383386612,0.5610193610191345,0.6969963312149048,-0.032551538199186325,0.5624731779098511,0.7160441279411316,-0.047164030373096466,0.5615610480308533,0.7287561297416687,-0.05569588020443916,0.6075057983398438,0.6828165650367737,-0.014913447201251984,0.5969220399856567,0.6980383396148682,-0.03550079092383385,0.5972629189491272,0.7483475208282471,-0.040270838886499405,0.598207414150238,0.7753944993019104,-0.03825528547167778,0.6441695690155029,0.691866934299469,-0.02031732350587845,0.6377379894256592,0.717021107673645,-0.041441407054662704,0.6335919499397278,0.765640914440155,-0.0362979918718338,0.6329354643821716,0.7916715145111084,-0.027047129347920418,0.6788457632064819,0.7141734957695007,-0.027546269819140434,0.6739010810852051,0.7302534580230713,-0.04209253937005997,0.6666754484176636,0.7665066719055176,-0.03656070679426193,0.6645997762680054,0.785724401473999,-0.027632253244519234
0.6494882702827454,0.8253929018974304,-3.8667306512252253e-07,0.6119787096977234,0.8117998838424683,-0.016566580161452293,0.5742567181587219,0.7656132578849792,-0.02366115339100361,0.5607530474662781,0.7213218212127686,-0.02997061423957348,0.5705857872962952,0.6854866743087769,-0.03292793408036232,0.5838146209716797,0.6633852124214172,-0.001054974040016532,0.572746753692627,0.6603971719741821,-0.024717096239328384,0.5738673210144043,0.7039219737052917,-0.04013260081410408,0.5752582550048828,0.7331832647323608,-0.04664917290210724,0.6156854033470154,0.6536842584609985,-0.001992077799513936,0.6032555103302002,0.6583833694458008,-0.020360594615340233,0.604744553565979,0.7131785154342651,-0.02311250939965248,0.6076576113700867,0.7346575260162354,-0.01948769949376583,0.6490501165390015,0.6604592204093933,-0.007672544568777084,0.6391569972038269,0.670183539390564,-0.02767724171280861,0.6357114315032959,0.7216681241989136,-0.020318981260061264,0.6356618404388428,0.740491509437561,-0.009591763839125633,0.682017982006073,0.6787824034690857,-0.015249338932335377,0.6716108918190002,0.68603515625,-0.027216283604502678,0.6637735366821289,0.7270441055297852,-0.019342787563800812,0.6615983247756958,0.7446168661117554,-0.008793341927230358
0.6503755450248718,0.7947189807891846,-3.2198332178268174e-07,0.613073468208313,0.7777705192565918,-0.021057529374957085,0.5750731229782104,0.7336279153823853,-0.03085523471236229,0.558698296546936,0.686668336391449,-0.03947381675243378,0.5738187432289124,0.6467686891555786,-0.04319369047880173,0.5826333165168762,0.6435517072677612,0.001115495222620666,0.5758742690086365,0.6272109746932983,-0.025303872302174568,0.5834040641784668,0.674020528793335,-0.03964022174477577,0.588550329208374,0.6999954581260681,-0.04458790272474289,0.6142534613609314,0.6342668533325195,0.0013574587646871805,0.606372594833374,0.6138180494308472,-0.02370408922433853,0.6123694777488708,0.6780640482902527,-0.02661433443427086,0.616709291934967,0.7021684646606445,-0.02019847370684147,0.6470361948013306,0.6374133825302124,-0.004290330223739147,0.6435931324958801,0.6249167323112488,-0.030913453549146652,0.6433597207069397,0.6842790842056274,-0.021983148530125618,0.6423995494842529,0.704877495765686,-0.007137014996260405,0.6799994111061096,0.6513943672180176,-0.011903210543096066,0.675209641456604,0.6416934132575989,-0.025928474962711334,0.669871985912323,0.6858893036842346,-0.016551407054066658,0.665205717086792,0.703784704208374,-0.003945785574615002
0.6558539867401123,0.7507480382919312,9.166923575776309e-08,0.6110735535621643,0.7148663997650146,-0.012099048122763634,0.5848265886306763,0.6553412079811096,-0.01764489710330963,0.5917549133300781,0.5977646708488464,-0.02524055913090706,0.6102010011672974,0.5510052442550659,-0.031964704394340515,0.5790991187095642,0.6137493848800659,0.014551919884979725,0.5646823644638062,0.5889143347740173,-0.0059433975256979465,0.5673007965087891,0.5655128359794617,-0.020548611879348755,0.5770114064216614,0.5462086200714111,-0.027618274092674255,0.6067651510238647,0.6012465953826904,0.010760333389043808,0.605650007724762,0.5562671422958374,-0.016748463734984398,0.6113513112068176,0.5999329686164856,-0.024402309209108353,0.6161546111106873,0.6241410970687866,-0.01886974833905697,0.6360281705856323,0.5981647968292236,0.0023577078245580196,0.6377716660499573,0.5626602172851562,-0.02593347057700157,0.6370633244514465,0.6150732636451721,-0.019988782703876495,0.6376354098320007,0.6415637135505676,-0.004723656456917524,0.6656444668769836,0.6056979894638062,-0.007403955794870853,0.6660417318344116,0.5737375617027283,-0.023026222363114357,0.6600229144096375,0.612000048160553,-0.014324388466775417,0.6554175615310669,0.6355648040771484,-0.0009809847688302398
0.6504300832748413,0.7205818891525269,-2.0570713843426347e-07,0.6082426905632019,0.6950432062149048,-0.01650991477072239,0.582007646560669,0.6327279210090637,-0.02195882983505726,0.5955097675323486,0.5707595944404602,-0.029116172343492508,0.6209703087806702,0.5343623161315918,-0.03283318132162094,0.5768006443977356,0.5850818753242493,0.012122317217290401,0.5664089322090149,0.5443673729896545,-0.014845680445432663,0.5746417045593262,0.5702365040779114,-0.029487786814570427,0.5862414240837097,0.5830869674682617,-0.034092701971530914,0.6064760088920593,0.5767726898193359,0.009722105227410793,0.6074644327163696,0.5314658284187317,-0.019973214715719223,0.6104867458343506,0.5902214646339417,-0.025203434750437737,0.6122485399246216,0.6098403930664062,-0.018287785351276398,0.6358225345611572,0.5786304473876953,0.0007425478543154895,0.639489471912384,0.5434658527374268,-0.029385481029748917,0.6358933448791504,0.6044397354125977,-0.023379061371088028,0.634196400642395,0.6228762269020081,-0.008520225062966347,0.6647152304649353,0.5865393280982971,-0.010186527855694294,0.6652829051017761,0.5612438917160034,-0.02478898875415325,0.659313440322876,0.6032082438468933,-0.017088308930397034,0.6559044718742371,0.6200831532478333,-0.005399775691330433
0.6510617733001709,0.7166879177093506,5.015952542208879e-09,0.6088472604751587,0.6923462152481079,-0.012128232978284359,0.5865848064422607,0.6285121440887451,-0.016600502654910088,0.596384584903717,0.5734193325042725,-0.023331400007009506,0.6112263798713684,0.5343248844146729,-0.028731059283018112,0.5778781771659851,0.5843486189842224,0.008787701837718487,0.5690783262252808,0.5477458834648132,-0.014047054573893547,0.5707345008850098,0.5342727899551392,-0.029936842620372772,0.5801970362663269,0.5279201865196228,-0.03693464398384094,0.6073501110076904,0.5743291974067688,0.0038823445793241262,0.609408438205719,0.5167616009712219,-0.025479918345808983,0.6065314412117004,0.5446365475654602,-0.03562647104263306,0.6081520318984985,0.567210853099823,-0.03232170641422272,0.6369373202323914,0.5745311975479126,-0.005404369439929724,0.6405271291732788,0.5359673500061035,-0.03549561649560928,0.6359407901763916,0.5933898091316223,-0.031941309571266174,0.6354838013648987,0.6271339058876038,-0.017953278496861458,0.6658558249473572,0.583343505859375,-0.01604646071791649,0.6664479374885559,0.5494648218154907,-0.031956467777490616,0.6585159301757812,0.5888867974281311,-0.0240649227052927,0.6535769701004028,0.6149492859840393,-0.01181651558727026
0.6510407328605652,0.7050473690032959,-1.8768710674521571e-07,0.6120247840881348,0.6817949414253235,-0.02054203860461712,0.5889567136764526,0.6177984476089478,-0.027997367084026337,0.5976008772850037,0.556803822517395,-0.03590003773570061,0.6168385148048401,0.5137681365013123,-0.039814408868551254,0.5772745013237,0.566190242767334,0.007458595559000969,0.5704749226570129,0.524716854095459,-0.020337151363492012,0.5762893557548523,0.5445085167884827,-0.03596517816185951,0.5882388949394226,0.5582714080810547,-0.041334833949804306,0.6080103516578674,0.5572949647903442,0.0066994610242545605,0.6106107234954834,0.509792685508728,-0.02440297044813633,0.6107683181762695,0.5636850595474243,-0.030976563692092896,0.6137191653251648,0.5851165652275085,-0.02487035095691681,0.6381805539131165,0.5599266886711121,-0.000638851779513061,0.6415697932243347,0.5265529155731201,-0.03188822418451309,0.6362312436103821,0.5845003724098206,-0.02642185613512993,0.6354575753211975,0.6036766171455383,-0.012020517140626907,0.6676949858665466,0.5690904259681702,-0.010202472098171711,0.6674659252166748,0.5432817935943604,-0.026171747595071793,0.6598843932151794,0.5839380621910095,-0.019034912809729576,0.655754804611206,0.6013534665107727,-0.007773988880217075
0.6559078097343445,0.6987578868865967,-1.1097898067191636e-07,0.6114863157272339,0.6761541962623596,-0.01808268204331398,0.5894222259521484,0.6105235815048218,-0.023112071678042412,0.6021674275398254,0.5479270219802856,-0.02923395298421383,0.6210262775421143,0.5058438181877136,-0.03184499219059944,0.5753430724143982,0.5655696392059326,0.01125178299844265,0.5669537782669067,0.5176575183868408,-0.016267502680420876,0.5763314366340637,0.5312803983688354,-0.03305501118302345,0.5911181569099426,0.5456167459487915,-0.038588352501392365,0.6064097285270691,0.5568580031394958,0.009954159148037434,0.6046659350395203,0.5020598769187927,-0.018940763548016548,0.6077311038970947,0.5382901430130005,-0.028046583756804466,0.613167941570282,0.5565705299377441,-0.024344153702259064,0.6367873549461365,0.5578801035881042,0.0023491703905165195,0.6387894749641418,0.5224363803863525,-0.027422621846199036,0.6354692578315735,0.5747057795524597,-0.024166405200958252,0.635009765625,0.596875011920929,-0.011329340748488903,0.6659265756607056,0.5664447546005249,-0.00734039768576622,0.665402889251709,0.5332980751991272,-0.02287275530397892,0.6597471237182617,0.5731276869773865,-0.01591942086815834,0.6567203402519226,0.5958852171897888,-0.004692908842116594
0.6519498825073242,0.6911147832870483,-1.8432277215651993e-07,0.6116653680801392,0.6573108434677124,-0.01790681853890419,0.5920198559761047,0.5960896015167236,-0.023838896304368973,0.6045770049095154,0.5353274941444397,-0.03166019171476364,0.6260326504707336,0.49540793895721436,-0.03540617600083351,0.5772217512130737,0.5521458387374878,0.018456991761922836,0.5716958045959473,0.5056271553039551,-0.007851650007069111,0.5801342725753784,0.5364357829093933,-0.02451225183904171,0.5894557237625122,0.5570850372314453,-0.03010682761669159,0.6062523722648621,0.5464227795600891,0.016801610589027405,0.606532871723175,0.49224981665611267,-0.010647422634065151,0.6087406873703003,0.5377476811408997,-0.02020120993256569,0.6114389300346375,0.5592241287231445,-0.017009638249874115,0.6354966163635254,0.5492992997169495,0.008313126862049103,0.6392329931259155,0.5118535757064819,-0.019913647323846817,0.6348158717155457,0.5655428171157837,-0.01859229803085327,0.633311927318573,0.5888215899467468,-0.007324748206883669,0.6636351943016052,0.5585930943489075,-0.0023013174068182707,0.6626909375190735,0.528733491897583,-0.015205689705908298,0.6564206480979919,0.568659782409668,-0.008957082405686378,0.6531882882118225,0.5903846025466919,0.0012606772361323237
0.6528034806251526,0.6874379515647888,-2.0837909175952518e-07,0.6130814552307129,0.6564054489135742,-0.02172825299203396,0.5926882028579712,0.5922335982322693,-0.028369300067424774,0.6067764759063721,0.5290156602859497,-0.03560738265514374,0.6273379325866699,0.4870337247848511,-0.037775035947561264,0.5739607214927673,0.5445271134376526,0.014160691760480404,0.5707194805145264,0.4966156482696533,-0.014150639064610004,0.5797463059425354,0.5327798128128052,-0.030531911179423332,0.5892466306686401,0.5561143159866333,-0.035519059747457504,0.6040783524513245,0.5372737646102905,0.014540329575538635,0.6052812933921814,0.48531436920166016,-0.014129246585071087,0.6077533960342407,0.5336626768112183,-0.022093571722507477,0.6100659966468811,0.5517376661300659,-0.01761137694120407,0.6345784068107605,0.5404014587402344,0.0075861606746912,0.637833833694458,0.5031709671020508,-0.022084902971982956,0.6338269710540771,0.5578120946884155,-0.019140858203172684,0.6318077445030212,0.5779112577438354,-0.0067896246910095215,0.6635758876800537,0.5507221221923828,-0.0017747109523043036,0.6628194451332092,0.522993803024292,-0.01684599183499813,0.6566992998123169,0.5628308057785034,-0.01094750501215458,0.6529605388641357,0.5821090340614319,-0.0005344501696527004
0.6557930707931519,0.682418704032898,-2.3747689681385964e-07,0.6134316921234131,0.650927722454071,-0.019878212362527847,0.5926094651222229,0.5849496722221375,-0.023922597989439964,0.6104722619056702,0.522005021572113,-0.029337188228964806,0.6323500871658325,0.4833828806877136,-0.02960427664220333,0.5744567513465881,0.5422128438949585,0.02060890942811966,0.5686829090118408,0.49202173948287964,-0.005751118063926697,0.5777677893638611,0.5309119820594788,-0.020272089168429375,0.5856121182441711,0.5515009164810181,-0.02385851927101612,0.6039490699768066,0.5343289375305176,0.02065947838127613,0.604802668094635,0.481904536485672,-0.007802883628755808,0.6069669127464294,0.5329914093017578,-0.015695568174123764,0.6075372099876404,0.5496348142623901,-0.010286971926689148,0.6338222026824951,0.5361175537109375,0.013202245347201824,0.637220025062561,0.49852678179740906,-0.015873704105615616,0.6344499588012695,0.5554946660995483,-0.013311376795172691,0.6323491334915161,0.5733431577682495,-0.0005905411089770496,0.6617791652679443,0.5442853569984436,0.003374339547008276,0.6615439653396606,0.5190573334693909,-0.010114084929227829,0.6556474566459656,0.5609036684036255,-0.0041284929029643536,0.6525706052780151,0.5788083076477051,0.006490509957075119
0.6536223292350769,0.6842017769813538,-2.9658167477464303e-07,0.6125971078872681,0.6544545292854309,-0.020506247878074646,0.5904666185379028,0.5854055285453796,-0.025935839861631393,0.6077610850334167,0.5216599702835083,-0.032492849975824356,0.6282184720039368,0.48132210969924927,-0.03340503200888634,0.5764732360839844,0.5390090942382812,0.01490791141986847,0.5695027112960815,0.48660898208618164,-0.012843575328588486,0.5789842009544373,0.5334092378616333,-0.026785733178257942,0.5882246494293213,0.5557818412780762,-0.030149804428219795,0.6045103669166565,0.5289660096168518,0.01473812386393547,0.6030447483062744,0.47764259576797485,-0.01332860253751278,0.6062219738960266,0.535361647605896,-0.018775150179862976,0.6092345714569092,0.5476402640342712,-0.012539700604975224,0.6337075233459473,0.5303651094436646,0.007077381014823914,0.6354172229766846,0.490192174911499,-0.02087218500673771,0.6327406764030457,0.5503604412078857,-0.015361711382865906,0.6330969333648682,0.5650926232337952,-0.0019214851781725883,0.6619923710823059,0.5379722118377686,-0.0031854575499892235,0.661039412021637,0.5122014284133911,-0.016318608075380325,0.6550079584121704,0.554294764995575,-0.00934757012873888,0.6537614464759827,0.569525420665741,0.0014229599619284272
0.6497064828872681,0.6650127172470093,-2.6627728288985963e-07,0.6067973971366882,0.6355621218681335,-0.015992330387234688,0.5842426419258118,0.5742665529251099,-0.020273881033062935,0.5978242754936218,0.5139045715332031,-0.026320893317461014,0.6191556453704834,0.47744861245155334,-0.02754817344248295,0.5693524479866028,0.5311249494552612,0.015475843101739883,0.5614688396453857,0.47748151421546936,-0.01053914800286293,0.5726613998413086,0.5179775953292847,-0.02407020702958107,0.5811692476272583,0.5428298711776733,-0.027199137955904007,0.5964412689208984,0.5231515765190125,0.013361155055463314,0.5932894945144653,0.465676873922348,-0.012571347877383232,0.5990463495254517,0.5154014229774475,-0.0180661641061306,0.6016920804977417,0.5359264612197876,-0.0122800562530756,0.6248489618301392,0.5234604477882385,0.004665140062570572,0.6248139142990112,0.48415952920913696,-0.0215331818908453,0.6249260902404785,0.5372668504714966,-0.0175990778952837,0.6239316463470459,0.5556412935256958,-0.00543306116014719,0.652720034122467,0.5304232239723206,-0.006064159329980612,0.6498575210571289,0.5028302669525146,-0.018414383754134178,0.6461597681045532,0.5417012572288513,-0.011980063281953335,0.6439031958580017,0.5605496168136597,-0.001967653166502714
0.6483436822891235,0.6663220524787903,-2.762270696621272e-07,0.6072051525115967,0.6347739100456238,-0.017282361164689064,0.586158275604248,0.5732659697532654,-0.021474899724125862,0.6028820276260376,0.5153861045837402,-0.027395149692893028,0.6244938969612122,0.4812068045139313,-0.02827714942395687,0.5682563185691833,0.5294232964515686,0.01625071093440056,0.5596619248390198,0.4799950420856476,-0.011291373521089554,0.5682798624038696,0.5191158652305603,-0.025288352742791176,0.5764625072479248,0.5396280884742737,-0.0282432921230793,0.5952255129814148,0.5228341221809387,0.014802126213908195,0.5935316681861877,0.4715855121612549,-0.012296730652451515,0.5967195630073547,0.523140013217926,-0.017346514388918877,0.5989093780517578,0.5344576835632324,-0.011088975705206394,0.6236310601234436,0.5243505835533142,0.006137186661362648,0.6262433528900146,0.4869243800640106,-0.021505866199731827,0.6240121722221375,0.5406444668769836,-0.017517391592264175,0.6239713430404663,0.5519272685050964,-0.005051557440310717,0.6510056257247925,0.5317115187644958,-0.004746780730783939,0.6508851051330566,0.5025966167449951,-0.01716543547809124,0.6454131603240967,0.5425410270690918,-0.01040318701416254,0.6443526744842529,0.5592176914215088,-2.0337743990239687e-05
0.6477929949760437,0.6680464744567871,-2.760477855190402e-07,0.6076753735542297,0.6390186548233032,-0.020869921892881393,0.5854136943817139,0.5763505101203918,-0.027159057557582855,0.6010511517524719,0.5164852142333984,-0.03443755581974983,0.6235252022743225,0.48047029972076416,-0.03613537549972534,0.5656970143318176,0.5294572114944458,0.011923417448997498,0.5578009486198425,0.4805067181587219,-0.017920058220624924,0.5696254968643188,0.523748517036438,-0.032565440982580185,0.5783210396766663,0.5433973073959351,-0.03575751930475235,0.5931316614151001,0.5213222503662109,0.01151838805526495,0.592540979385376,0.4714595079421997,-0.01756303384900093,0.5971996784210205,0.5256854295730591,-0.022022675722837448,0.5985814332962036,0.5349210500717163,-0.0150086535140872,0.6219543814659119,0.5225076675415039,0.003464014967903495,0.6249197721481323,0.4881434738636017,-0.02615283988416195,0.6236735582351685,0.5450877547264099,-0.020938770845532417,0.6231104731559753,0.5552817583084106,-0.007198009639978409,0.6498568058013916,0.529777467250824,-0.00712400209158659,0.6499480605125427,0.5043483972549438,-0.020570794120430946,0.6447745561599731,0.5460720658302307,-0.013268877752125263,0.6427192687988281,0.5615932941436768,-0.0021935116965323687
0.646399736404419,0.6672180891036987,-2.929953666352958e-07,0.6052638292312622,0.6391186118125916,-0.01980533078312874,0.5822566747665405,0.5753198266029358,-0.025106122717261314,0.5997888445854187,0.5159257054328918,-0.03137289732694626,0.6235690712928772,0.4812418818473816,-0.03203253075480461,0.5636056065559387,0.526317834854126,0.013415521010756493,0.5581172704696655,0.47958990931510925,-0.01500803604722023,0.5680201649665833,0.524249255657196,-0.028587285429239273,0.5748835802078247,0.5425154566764832,-0.031545430421829224,0.5913307666778564,0.5185441374778748,0.0126186553388834,0.5918982028961182,0.47062671184539795,-0.015603817068040371,0.5955304503440857,0.5259219408035278,-0.01978181302547455,0.596156120300293,0.5321083664894104,-0.01277322880923748,0.6206958889961243,0.5200417637825012,0.004328986629843712,0.6248202323913574,0.4871566891670227,-0.024137645959854126,0.6231616139411926,0.5433204174041748,-0.018940046429634094,0.6218739151954651,0.5491820573806763,-0.005729059223085642,0.6491210460662842,0.5273681879043579,-0.006450383458286524,0.6498312950134277,0.5045785903930664,-0.019269049167633057,0.6447328329086304,0.5460232496261597,-0.01215478964149952,0.6427611112594604,0.5582606792449951,-0.0015372303314507008
0.6461572051048279,0.6658605337142944,-3.0405522011278663e-07,0.6033715605735779,0.6376399993896484,-0.01918858103454113,0.5814034938812256,0.5714324712753296,-0.02327360212802887,0.6004636883735657,0.5134304165840149,-0.028309931978583336,0.6245410442352295,0.48200055956840515,-0.02771453745663166,0.563980221748352,0.52717125415802,0.013878416270017624,0.5566364526748657,0.47950872778892517,-0.01374104805290699,0.5661271810531616,0.5258579254150391,-0.02626148611307144,0.5736672878265381,0.5449580550193787,-0.028428323566913605,0.5917604565620422,0.519837498664856,0.013064426369965076,0.589633584022522,0.46976861357688904,-0.014362622983753681,0.5934395790100098,0.5262563228607178,-0.017801355570554733,0.5962694883346558,0.5320814251899719,-0.01012722123414278,0.6215288043022156,0.521860659122467,0.0048409802839159966,0.6231625080108643,0.48799192905426025,-0.023350249975919724,0.6216775178909302,0.5454895496368408,-0.01770351454615593,0.6225186586380005,0.5509803295135498,-0.003981103654950857,0.6502716541290283,0.5288978815078735,-0.005774429067969322,0.6480336785316467,0.5042133927345276,-0.0187099389731884,0.6431002616882324,0.5456131100654602,-0.011322186328470707,0.6432211995124817,0.5575947761535645,-0.00038713161484338343
0.6447586417198181,0.6678186058998108,-3.0139761975078727e-07,0.603642463684082,0.6406598687171936,-0.019763153046369553,0.5795127153396606,0.5771163105964661,-0.025568325072526932,0.5951182842254639,0.5179147124290466,-0.03233540058135986,0.6179618835449219,0.48339569568634033,-0.03338237851858139,0.5620191097259521,0.5284784436225891,0.011624771170318127,0.5560612678527832,0.4800712466239929,-0.016332736238837242,0.5656708478927612,0.5272926688194275,-0.029301997274160385,0.5727062821388245,0.547149658203125,-0.03194630146026611,0.5900253653526306,0.5205202102661133,0.010921708308160305,0.5889706015586853,0.4728180468082428,-0.016186697408556938,0.5928453207015991,0.5299221277236938,-0.01951408013701439,0.5949221253395081,0.5366562008857727,-0.012356567196547985,0.6197080612182617,0.5216146111488342,0.0029410356655716896,0.6221399903297424,0.4889731705188751,-0.024305392056703568,0.6208186149597168,0.5460754036903381,-0.01787414960563183,0.6209430694580078,0.5528330206871033,-0.004254614934325218,0.648423433303833,0.5280219912528992,-0.007541766855865717,0.6471797823905945,0.5038606524467468,-0.018863538280129433,0.6424571871757507,0.5449302792549133,-0.010348305106163025,0.6416594982147217,0.556921660900116,0.0009569612448103726
0.6436688303947449,0.6679136157035828,-3.0047195309634844e-07,0.6032682657241821,0.6395279169082642,-0.018491800874471664,0.5790884494781494,0.5794184803962708,-0.02445642650127411,0.590583086013794,0.52084881067276,-0.03176385909318924,0.6098050475120544,0.48307618498802185,-0.033671408891677856,0.5619006156921387,0.5300118923187256,0.013035377487540245,0.5549486875534058,0.48191162943840027,-0.015030797570943832,0.5654759407043457,0.5273644924163818,-0.02882535383105278,0.5733745694160461,0.5477899312973022,-0.03184833377599716,0.5897551774978638,0.5224111080169678,0.011907251551747322,0.5886157751083374,0.47402313351631165,-0.015173237770795822,0.593160092830658,0.5304594039916992,-0.019328702241182327,0.5954842567443848,0.5398805737495422,-0.012770150788128376,0.6191682815551758,0.5231214761734009,0.0036916129756718874,0.6214891076087952,0.4887566864490509,-0.023224245756864548,0.6203070282936096,0.5445811748504639,-0.017084958031773567,0.6200755834579468,0.5530112981796265,-0.003728950396180153,0.6475329995155334,0.5293620824813843,-0.0068639772944152355,0.6465486288070679,0.5034679174423218,-0.017479734495282173,0.6420982480049133,0.5439806580543518,-0.008479862473905087,0.6412240862846375,0.557304322719574,0.0031255364883691072
0.6441871523857117,0.6741522550582886,-2.8424091169654275e-07,0.6026886105537415,0.6467823386192322,-0.015655431896448135,0.5778677463531494,0.5855756402015686,-0.020232712849974632,0.5895236730575562,0.5265925526618958,-0.026823220774531364,0.6119773387908936,0.4908497929573059,-0.02865561470389366,0.5613085031509399,0.5392634868621826,0.01525483001023531,0.552906334400177,0.48856425285339355,-0.011173831298947334,0.5604743957519531,0.5293099284172058,-0.024690445512533188,0.5677950382232666,0.5531607270240784,-0.0274348221719265,0.5887110233306885,0.531383752822876,0.012965253554284573,0.5847145915031433,0.4764779806137085,-0.012337250635027885,0.5877863764762878,0.5268619656562805,-0.016735481098294258,0.5912042260169983,0.5435144305229187,-0.010231281630694866,0.6182615756988525,0.5315161347389221,0.0040512545965611935,0.6188653111457825,0.49664613604545593,-0.021391242742538452,0.6178644895553589,0.5505158305168152,-0.016196995973587036,0.6194468140602112,0.5666444897651672,-0.003157473634928465,0.6477720141410828,0.5375725626945496,-0.006961490958929062,0.6449732184410095,0.5056353807449341,-0.016745340079069138,0.6401227712631226,0.5452417135238647,-0.007930317893624306,0.6396776437759399,0.5641728043556213,0.0035162263084203005
0.6446433067321777,0.6773264408111572,-3.199317575308669e-07,0.6037463545799255,0.6498690843582153,-0.015363425947725773,0.5786232352256775,0.5891413688659668,-0.019882628694176674,0.588939368724823,0.529581606388092,-0.026534896343946457,0.6094529628753662,0.49165451526641846,-0.028058435767889023,0.5617578029632568,0.5411515831947327,0.01599668338894844,0.5526412725448608,0.4871159493923187,-0.011059376411139965,0.5631377100944519,0.5320684909820557,-0.024317152798175812,0.5715991854667664,0.5566652417182922,-0.02669532597064972,0.58903968334198,0.5325818657875061,0.01365712471306324,0.5844305157661438,0.47795259952545166,-0.012602140195667744,0.5904093980789185,0.5333842635154724,-0.016733916476368904,0.5940819382667542,0.5493448376655579,-0.009732276201248169,0.6183590292930603,0.5320479273796082,0.004609121475368738,0.6183255910873413,0.49348384141921997,-0.021337544545531273,0.6189669370651245,0.5504950881004333,-0.014779116027057171,0.6199246048927307,0.5664433240890503,-0.0007394589483737946,0.6478359699249268,0.5374842882156372,-0.006503531709313393,0.6444904208183289,0.5041016340255737,-0.01646372489631176,0.6410155892372131,0.54580157995224,-0.006746998988091946,0.6406553983688354,0.5647383332252502,0.0055321697145700455
0.6454803347587585,0.6787144541740417,-3.0561568564735353e-07,0.6036496758460999,0.6472328305244446,-0.014554698951542377,0.5782620906829834,0.5884819030761719,-0.018908193334937096,0.5890105962753296,0.529622495174408,-0.025868834927678108,0.6111302375793457,0.49324703216552734,-0.027823522686958313,0.5599840879440308,0.5404890179634094,0.018023207783699036,0.550717294216156,0.48622578382492065,-0.0082987817004323,0.56020188331604,0.5295692682266235,-0.02186858467757702,0.5682535171508789,0.5544239282608032,-0.024767545983195305,0.5877500772476196,0.5321277976036072,0.015224658884108067,0.5834387540817261,0.47751960158348083,-0.010208475403487682,0.588441789150238,0.5313398838043213,-0.015023773536086082,0.5916479229927063,0.5490659475326538,-0.008900200016796589,0.6177630424499512,0.5317605137825012,0.0057373931631445885,0.6174675822257996,0.4926578104496002,-0.019188599660992622,0.6173895597457886,0.5483837127685547,-0.013669838197529316,0.6182087063789368,0.5665194988250732,-0.0006717893993481994,0.6476929783821106,0.5384610295295715,-0.005836546886712313,0.6442648768424988,0.5042769312858582,-0.015232037752866745,0.639596164226532,0.5453145503997803,-0.006289740093052387,0.6388009190559387,0.5666451454162598,0.0051930625922977924
0.646806001663208,0.6784499883651733,-2.899350022289582e-07,0.6051701307296753,0.6464284658432007,-0.013999411836266518,0.5800628662109375,0.5883174538612366,-0.018827512860298157,0.5908199548721313,0.5291647911071777,-0.0262986421585083,0.6140093803405762,0.4938517212867737,-0.029134517535567284,0.5612181425094604,0.5419442057609558,0.015924813225865364,0.5504717826843262,0.48511987924575806,-0.00976186990737915,0.5602623224258423,0.5260029435157776,-0.023583952337503433,0.5689358711242676,0.5530163049697876,-0.02682059444487095,0.58854740858078,0.5337601900100708,0.012910978868603706,0.5837507843971252,0.4750710129737854,-0.01163275446742773,0.5891761183738708,0.5254495143890381,-0.017107408493757248,0.5932259559631348,0.5468769073486328,-0.01176025066524744,0.6182816028594971,0.5328415036201477,0.003643697826191783,0.6182238459587097,0.49391841888427734,-0.02038872055709362,0.6180920004844666,0.5476442575454712,-0.016034940257668495,0.6191555261611938,0.5686907172203064,-0.003968618810176849,0.6479001045227051,0.5390819907188416,-0.0075922696851193905,0.6434420347213745,0.5043022036552429,-0.01633375883102417,0.6393136978149414,0.5445886254310608,-0.007638506591320038,0.6392408013343811,0.5676267743110657,0.0034409700892865658
0.648482084274292,0.6789529323577881,-2.9067862783449527e-07,0.604853630065918,0.6476619839668274,-0.013741044327616692,0.5797067880630493,0.5904937982559204,-0.018905173987150192,0.5918202996253967,0.5314729809761047,-0.026822056621313095,0.6154545545578003,0.49656692147254944,-0.03015257604420185,0.5617642402648926,0.5437414646148682,0.01556532271206379,0.5505988001823425,0.48627761006355286,-0.009883888997137547,0.5611692070960999,0.528709352016449,-0.023884739726781845,0.5701370239257812,0.5558996796607971,-0.02734004147350788,0.5894870162010193,0.5351797938346863,0.012487473897635937,0.5828260183334351,0.47505906224250793,-0.011473149992525578,0.5888059139251709,0.5254388451576233,-0.017338616773486137,0.5936729311943054,0.546774685382843,-0.012514318339526653,0.619306206703186,0.5333172082901001,0.0033214595168828964,0.6177558302879333,0.4921335279941559,-0.019457459449768066,0.6180993318557739,0.544735312461853,-0.015205216594040394,0.6199370622634888,0.5659582614898682,-0.0036137511488050222,0.6491504907608032,0.5385773777961731,-0.007843769155442715,0.6437863111495972,0.5018944144248962,-0.015176407992839813,0.6397126913070679,0.5408656001091003,-0.006122066639363766,0.6401882171630859,0.563910186290741,0.004873855970799923
0.6493053436279297,0.6796377301216125,-2.9093746434227796e-07,0.6067109704017639,0.6483986973762512,-0.013495252467691898,0.5814597606658936,0.5912500023841858,-0.018209682777523994,0.5921763777732849,0.5315789580345154,-0.025794286280870438,0.6141828298568726,0.4952809810638428,-0.028896469622850418,0.5630188584327698,0.5446271300315857,0.017644278705120087,0.5519434213638306,0.4867830276489258,-0.007463108282536268,0.5622490644454956,0.5272166728973389,-0.02173731103539467,0.5710051655769348,0.5547686219215393,-0.025361524894833565,0.5902743339538574,0.535374641418457,0.014603635296225548,0.5837706923484802,0.47569161653518677,-0.009080315008759499,0.589923620223999,0.5247578024864197,-0.01537398062646389,0.5943347215652466,0.5470426082611084,-0.01088815275579691,0.6195734143257141,0.5332293510437012,0.005377462599426508,0.6179195642471313,0.49172595143318176,-0.017156921327114105,0.6188151836395264,0.5439987182617188,-0.013004612177610397,0.6202865242958069,0.5662896037101746,-0.0015857173129916191,0.6492486000061035,0.5382734537124634,-0.005869957618415356,0.6441904902458191,0.5021073222160339,-0.01319799292832613,0.6409602165222168,0.5413640737533569,-0.004179746378213167,0.6411569118499756,0.5647077560424805,0.006761008407920599
0.6499386429786682,0.6794952154159546,-2.9034555382168037e-07,0.6074070930480957,0.6484249830245972,-0.014096345752477646,0.5817540884017944,0.58965665102005,-0.018955301493406296,0.5937206149101257,0.5300464630126953,-0.02646610140800476,0.6172423362731934,0.4951334595680237,-0.02930983528494835,0.56304931640625,0.5437236428260803,0.016598690301179886,0.552869975566864,0.4863499104976654,-0.008392163552343845,0.5648032426834106,0.5284097790718079,-0.02251521125435829,0.5734714865684509,0.5554792284965515,-0.026232093572616577,0.5906892418861389,0.5340748429298401,0.013849715702235699,0.5851974487304688,0.4743497967720032,-0.010175400413572788,0.5921985507011414,0.5237575173377991,-0.016697626560926437,0.5958852767944336,0.5457224249839783,-0.01235806755721569,0.6202698945999146,0.5316953063011169,0.00492106331512332,0.6199709177017212,0.48986274003982544,-0.017288830131292343,0.6209647059440613,0.5407904982566833,-0.013625619933009148,0.6210526823997498,0.5620825290679932,-0.0027738725766539574,0.6499009728431702,0.5367434024810791,-0.006115301512181759,0.646385669708252,0.5017375946044922,-0.013027134351432323,0.6429338455200195,0.540180504322052,-0.004661180544644594,0.6420434713363647,0.5627227425575256,0.005537164863198996
0.650262713432312,0.6796642541885376,-2.7666339974530274e-07,0.6075884699821472,0.6477389931678772,-0.012474792078137398,0.5822246670722961,0.5906772613525391,-0.017654521390795708,0.5944828391075134,0.5325911641120911,-0.025734886527061462,0.6164203882217407,0.495794415473938,-0.02976403757929802,0.5651949048042297,0.5417537689208984,0.016224389895796776,0.5533130764961243,0.4883595407009125,-0.007757661398500204,0.5637498497962952,0.525660514831543,-0.022707078605890274,0.573569118976593,0.551484227180481,-0.027664734050631523,0.592420220375061,0.5317232012748718,0.01255790889263153,0.5873254537582397,0.47323212027549744,-0.010212883353233337,0.5932026505470276,0.5198195576667786,-0.017430905252695084,0.5973822474479675,0.5437349677085876,-0.01448469515889883,0.6215940713882446,0.5300384759902954,0.003118995577096939,0.6214944124221802,0.4877723157405853,-0.017748123034834862,0.6212063431739807,0.536485493183136,-0.014481443911790848,0.6215125322341919,0.5594958662986755,-0.004766879137605429,0.6511491537094116,0.5363994240760803,-0.008327635005116463,0.6479297876358032,0.5008799433708191,-0.014913166873157024,0.643794059753418,0.5374529957771301,-0.006792171858251095,0.6426193118095398,0.5606549382209778,0.0027593914419412613
0.6541110873222351,0.6812617182731628,-2.0342667994555086e-07,0.6105393767356873,0.6442228555679321,-0.014019307680428028,0.5873228311538696,0.5842862725257874,-0.017876027151942253,0.6018476486206055,0.5266671180725098,-0.02454897202551365,0.6272384524345398,0.49307236075401306,-0.027532685548067093,0.5692396759986877,0.5449953079223633,0.021922070533037186,0.5595312714576721,0.49370819330215454,-0.0006168789695948362,0.5651112198829651,0.5219336748123169,-0.016094336286187172,0.5723037719726562,0.543067991733551,-0.02143043838441372,0.5965027809143066,0.5363317131996155,0.019442619755864143,0.5919689536094666,0.47306549549102783,-0.003548047039657831,0.5945793986320496,0.5143879055976868,-0.012928291223943233,0.5989800095558167,0.5389218330383301,-0.010593217797577381,0.6261979937553406,0.5349481701850891,0.010801599361002445,0.6272487044334412,0.48897090554237366,-0.011666029691696167,0.6249607801437378,0.5360443592071533,-0.011717649176716805,0.6261807084083557,0.5620619654655457,-0.0027573592960834503,0.6554722189903259,0.5411542057991028,9.408932965015993e-05,0.6536743640899658,0.5010750889778137,-0.008130851201713085,0.6478502750396729,0.5366572141647339,-0.002131417626515031,0.6467264294624329,0.5633202791213989,0.006677865516394377
0.6543601751327515,0.6807019710540771,-2.2908136543264845e-07,0.611443042755127,0.6448913812637329,-0.013523053377866745,0.5886676907539368,0.5855106115341187,-0.01792265847325325,0.6035904288291931,0.5284390449523926,-0.025172356516122818,0.6275455355644226,0.49367755651474,-0.028369823470711708,0.5718861818313599,0.5416212677955627,0.019318213686347008,0.5611096620559692,0.48933088779449463,-0.00436309352517128,0.5686184167861938,0.524188220500946,-0.01953800581395626,0.5764532685279846,0.5490672588348389,-0.024346845224499702,0.5994694232940674,0.5336732864379883,0.016232529655098915,0.5951405763626099,0.47196558117866516,-0.006717202719300985,0.5976740717887878,0.5174466967582703,-0.014451442286372185,0.601130485534668,0.5417501330375671,-0.0112404590472579,0.6289507150650024,0.5343062281608582,0.006992164067924023,0.629962682723999,0.48860305547714233,-0.014863108284771442,0.6265149116516113,0.5365090370178223,-0.012891308404505253,0.6271015405654907,0.5606685876846313,-0.0030853108037263155,0.6582967042922974,0.5430184006690979,-0.004315867554396391,0.6556800007820129,0.5031331181526184,-0.011793994344770908,0.6489652991294861,0.538539469242096,-0.004363727755844593,0.6476795077323914,0.5639534592628479,0.005287361331284046
0.656078577041626,0.6830217242240906,-2.907446514655021e-07,0.6138157844543457,0.6484470367431641,-0.01269602682441473,0.5896836519241333,0.5882868766784668,-0.017889410257339478,0.6027578115463257,0.5303189754486084,-0.026182616129517555,0.625956118106842,0.4943648874759674,-0.030272256582975388,0.5760727524757385,0.5403661131858826,0.016307583078742027,0.5632610321044922,0.48880839347839355,-0.00907900184392929,0.5713747143745422,0.5279207229614258,-0.024104438722133636,0.5806843638420105,0.5518477559089661,-0.028794260695576668,0.6024655699729919,0.5319576859474182,0.01214381493628025,0.5983768701553345,0.4754018187522888,-0.01290722656995058,0.6021225452423096,0.526440441608429,-0.019418075680732727,0.6068768501281738,0.5486735105514526,-0.015050883404910564,0.6310744285583496,0.5319634079933167,0.0019429366802796721,0.6316110491752625,0.4885318875312805,-0.02077358402311802,0.6292052865028381,0.5401275157928467,-0.016056997701525688,0.6308226585388184,0.5623918771743774,-0.004464242607355118,0.6597050428390503,0.5398792028427124,-0.010399888269603252,0.6575267910957336,0.5032216310501099,-0.01799260452389717,0.6511040925979614,0.5408310890197754,-0.009329223074018955,0.6505187749862671,0.5642938613891602,0.0012548745144158602
0.6577408909797668,0.6807963848114014,-2.8844331723121286e-07,0.6140280961990356,0.6481306552886963,-0.013934032991528511,0.5899466276168823,0.5877934098243713,-0.018351832404732704,0.6034840941429138,0.5290412902832031,-0.025671198964118958,0.6269683241844177,0.4932780861854553,-0.02844705432653427,0.5772261619567871,0.5394068360328674,0.019406670704483986,0.5674774050712585,0.48766016960144043,-0.006692925002425909,0.5764070153236389,0.5280558466911316,-0.02152128890156746,0.5850428342819214,0.5517158508300781,-0.025459570810198784,0.6037048101425171,0.5318390130996704,0.016276296228170395,0.6013820767402649,0.47420310974121094,-0.009607034735381603,0.6051894426345825,0.5257101058959961,-0.01645779423415661,0.6078668832778931,0.5450835227966309,-0.011640084907412529,0.6320238709449768,0.5320297479629517,0.0065976157784461975,0.6349663138389587,0.4898105263710022,-0.018249981105327606,0.6326883435249329,0.5428977012634277,-0.014510021544992924,0.6320658922195435,0.5626660585403442,-0.0026090736500918865,0.6603745818138123,0.5397033095359802,-0.005128518678247929,0.6597078442573547,0.5035683512687683,-0.013833983801305294,0.6540869474411011,0.5427141189575195,-0.005423163529485464,0.6526168584823608,0.5650649070739746,0.0055274348706007
0.6586319804191589,0.6815007925033569,-2.692157181627408e-07,0.6144412755966187,0.647218644618988,-0.013536088168621063,0.591715931892395,0.586011528968811,-0.01703481376171112,0.6043838262557983,0.5279173851013184,-0.02356688119471073,0.6255489587783813,0.49238380789756775,-0.025801822543144226,0.5787767171859741,0.5416891574859619,0.022267615422606468,0.569159984588623,0.4884183406829834,-0.002942240098491311,0.5767703652381897,0.5259863138198853,-0.018095379695296288,0.5845525860786438,0.5520963072776794,-0.022047312930226326,0.6051836609840393,0.5344981551170349,0.01954500563442707,0.6019894480705261,0.4746760129928589,-0.005671198479831219,0.6058002710342407,0.5231039524078369,-0.013705136254429817,0.6093272566795349,0.5454638600349426,-0.009524660184979439,0.6332212090492249,0.5341998934745789,0.010280021466314793,0.6359832882881165,0.4908270537853241,-0.014301225543022156,0.6338541507720947,0.5422161817550659,-0.012092282995581627,0.6337087750434875,0.5653039216995239,-0.0009181665955111384,0.6611185073852539,0.5406482815742493,-0.000943139661103487,0.6603110432624817,0.5034623146057129,-0.009871475398540497,0.6552870273590088,0.541513204574585,-0.002302302047610283,0.6539633274078369,0.5656552910804749,0.00824000220745802
0.6607443690299988,0.6846823692321777,-2.729530592660012e-07,0.6157841682434082,0.650411069393158,-0.013219930231571198,0.591251015663147,0.5866525769233704,-0.01577538251876831,0.6040715575218201,0.5280577540397644,-0.021433092653751373,0.6262551546096802,0.49308937788009644,-0.022643284872174263,0.5801421403884888,0.5437586903572083,0.02385973185300827,0.5699559450149536,0.4901053309440613,-0.00029493600595742464,0.5770224332809448,0.5281130075454712,-0.014321167953312397,0.584998607635498,0.5520029067993164,-0.017861586064100266,0.6063985824584961,0.535494863986969,0.021117450669407845,0.6033122539520264,0.4761539697647095,-0.0039510056376457214,0.6065095663070679,0.5254349112510681,-0.011449259705841541,0.6102644801139832,0.545131266117096,-0.006773713976144791,0.6345377564430237,0.53487628698349,0.0117412768304348,0.6367083191871643,0.49012595415115356,-0.012315639294683933,0.6338231563568115,0.5417197942733765,-0.009710892103612423,0.6339158415794373,0.5623019337654114,0.0015358643140643835,0.6628471612930298,0.5404880046844482,0.0003362457500770688,0.661034345626831,0.5039610862731934,-0.008306201547384262,0.6554572582244873,0.5421140193939209,-0.0009807944297790527,0.6547989845275879,0.5641782283782959,0.009260267950594425
0.6608335971832275,0.6857609152793884,-2.85521281284673e-07,0.6155248880386353,0.6505528092384338,-0.013069700449705124,0.5921918153762817,0.5880354642868042,-0.016065796837210655,0.6039572358131409,0.5293428897857666,-0.022355685010552406,0.6228043437004089,0.4923499524593353,-0.024353140965104103,0.5819343328475952,0.5423755645751953,0.024547401815652847,0.5721845626831055,0.4912033677101135,-0.0005558276316151023,0.5782098770141602,0.5289022326469421,-0.015556395053863525,0.5855818390846252,0.5524035096168518,-0.01973378285765648,0.6078603863716125,0.5353410840034485,0.02118130587041378,0.6054189205169678,0.4768110513687134,-0.004859260283410549,0.6076425313949585,0.5275908708572388,-0.013171237893402576,0.6106477379798889,0.5474336743354797,-0.009044135920703411,0.6357983350753784,0.5358359217643738,0.011092377826571465,0.6387897729873657,0.4891893267631531,-0.01453265082091093,0.6345004439353943,0.5426732301712036,-0.012251303531229496,0.6333563327789307,0.564683198928833,-0.000941160717047751,0.6636817455291748,0.5430459976196289,-0.0009393926593475044,0.6624522805213928,0.5060915946960449,-0.010994273237884045,0.6561083793640137,0.5448901057243347,-0.0039020732510834932,0.6544051170349121,0.5677931904792786,0.006456512026488781
0.6642934083938599,0.6865469217300415,-2.685650031253317e-07,0.6193890571594238,0.6525689959526062,-0.011884059756994247,0.5934687256813049,0.587783694267273,-0.013831432908773422,0.6036651730537415,0.5287957787513733,-0.0193535964936018,0.6239991188049316,0.4918060898780823,-0.020763177424669266,0.5860846638679504,0.5433160662651062,0.02752394787967205,0.5758112072944641,0.4926612377166748,0.00436814920976758,0.5810697674751282,0.5272669792175293,-0.009732712991535664,0.590345561504364,0.5484989881515503,-0.013857032172381878,0.6122601628303528,0.5347495675086975,0.023857975378632545,0.6078652739524841,0.47776949405670166,-0.00043963591451756656,0.6093394160270691,0.5247411727905273,-0.00862143188714981,0.6147809624671936,0.5402882695198059,-0.004845431074500084,0.6403090953826904,0.5346858501434326,0.013433161191642284,0.6410754323005676,0.48874884843826294,-0.010643726214766502,0.6361799240112305,0.5390348434448242,-0.008817099034786224,0.6366685032844543,0.5563420057296753,0.0015306766144931316,0.6686845421791077,0.5403101444244385,0.0010672123171389103,0.6647910475730896,0.5042176246643066,-0.00792993139475584,0.6583589911460876,0.5419428944587708,-0.0010889885015785694,0.6581884622573853,0.5618327260017395,0.008552675135433674
0.6636543273925781,0.6828673481941223,-3.012345359820756e-07,0.6187894344329834,0.6493690609931946,-0.011842230334877968,0.5930566787719727,0.5863332748413086,-0.014650651253759861,0.6019704937934875,0.5276783108711243,-0.02099940925836563,0.6235372424125671,0.49250587821006775,-0.022898217663168907,0.5866284370422363,0.5397629737854004,0.024597901850938797,0.5771319270133972,0.4893985986709595,5.795462243440852e-07,0.5856331586837769,0.5289154052734375,-0.013491562567651272,0.5948153734207153,0.5493082404136658,-0.016932545229792595,0.6128162741661072,0.531714141368866,0.020367015153169632,0.6088720560073853,0.4759414792060852,-0.005605913698673248,0.6121924519538879,0.5292779207229614,-0.012374747544527054,0.6165619492530823,0.545574426651001,-0.006981625221669674,0.6408256888389587,0.5322969555854797,0.009462809190154076,0.6411873698234558,0.4875114858150482,-0.016553502529859543,0.6379706263542175,0.5428715348243713,-0.013032861985266209,0.6383269429206848,0.5602653622627258,-0.000648226763587445,0.6691398620605469,0.5393523573875427,-0.0032285917550325394,0.6654912829399109,0.5037374496459961,-0.01332224439829588,0.6593438386917114,0.5430482029914856,-0.0056452201679348946,0.6585693359375,0.5630058646202087,0.005199335981160402
0.6651869416236877,0.6847316026687622,-2.859252106190979e-07,0.6196625828742981,0.6509021520614624,-0.011731707490980625,0.5928019285202026,0.5873492360115051,-0.014095667749643326,0.6012886166572571,0.5275647044181824,-0.02015708014369011,0.623704731464386,0.49283674359321594,-0.02192019112408161,0.5869875550270081,0.5427366495132446,0.024873392656445503,0.5757609605789185,0.4924429953098297,0.00012468197382986546,0.586211085319519,0.5286243557929993,-0.013546865433454514,0.597373366355896,0.5469567179679871,-0.017072709277272224,0.6127480268478394,0.5337458848953247,0.020652560517191887,0.6078150868415833,0.4760603606700897,-0.005907675251364708,0.6124104857444763,0.5279020071029663,-0.012884953059256077,0.6172856688499451,0.5450810194015503,-0.0073187402449548244,0.6404356360435486,0.5335181355476379,0.009742061607539654,0.6409603357315063,0.4863716959953308,-0.016829801723361015,0.6386897563934326,0.5418528318405151,-0.013441796414554119,0.6393070816993713,0.5615310668945312,-0.0007286089821718633,0.6687077283859253,0.5398883819580078,-0.002995939925312996,0.6659140586853027,0.5026878118515015,-0.013423953205347061,0.6601648330688477,0.541211724281311,-0.006135641131550074,0.6590524911880493,0.5621834993362427,0.00459633395075798
0.6649004220962524,0.6837520003318787,-2.719859821809223e-07,0.6195170283317566,0.649910569190979,-0.009861004538834095,0.5927628874778748,0.587486207485199,-0.011857926845550537,0.5989525318145752,0.5286348462104797,-0.01796692982316017,0.6209781169891357,0.4931037425994873,-0.02030094526708126,0.5874406099319458,0.5443235039710999,0.026063835248351097,0.5763705372810364,0.49422261118888855,0.0023673218674957752,0.5866346955299377,0.5255071520805359,-0.011864799074828625,0.5984355807304382,0.5442314147949219,-0.016019200906157494,0.6130064725875854,0.5351807475090027,0.021130500361323357,0.6083041429519653,0.47735074162483215,-0.004447320010513067,0.6123045682907104,0.526655912399292,-0.012348716147243977,0.6173216700553894,0.5472451448440552,-0.00779017573222518,0.64060378074646,0.5344442129135132,0.009880589321255684,0.6416627764701843,0.48773300647735596,-0.015222347341477871,0.6385071277618408,0.5414041876792908,-0.01269903127104044,0.638668954372406,0.564133882522583,-0.001021426054649055,0.6688007116317749,0.5403842329978943,-0.003055803244933486,0.6661205887794495,0.5033538341522217,-0.012174932286143303,0.6596907377243042,0.5409077405929565,-0.0049966564401984215,0.657875657081604,0.5633447170257568,0.005240069702267647
0.6641029715538025,0.6836815476417542,-3.103206154264626e-07,0.6192995309829712,0.6507598161697388,-0.009243945591151714,0.5923702120780945,0.5869004130363464,-0.011228645220398903,0.5996920466423035,0.5288969874382019,-0.0172154251486063,0.6220945715904236,0.4942709803581238,-0.019201571121811867,0.5881573557853699,0.5418592095375061,0.02324669621884823,0.5766659379005432,0.49143898487091064,-0.0005694418214261532,0.5853942036628723,0.5292882323265076,-0.013847187161445618,0.5960302352905273,0.5511295199394226,-0.017413636669516563,0.6136642694473267,0.5329177975654602,0.017635537311434746,0.6087120175361633,0.47603026032447815,-0.007990839891135693,0.6113799810409546,0.5293827056884766,-0.014711348339915276,0.6163010001182556,0.5502889752388,-0.009271921589970589,0.6414414048194885,0.5330517292022705,0.005985790863633156,0.6413170695304871,0.48808807134628296,-0.018935633823275566,0.6380374431610107,0.5443965196609497,-0.014857145957648754,0.639260470867157,0.5661980509757996,-0.0021812180057168007,0.6697413921356201,0.540322482585907,-0.007274539675563574,0.6654155254364014,0.5042861700057983,-0.016613906249403954,0.6593317985534668,0.5426376461982727,-0.008485328406095505,0.6592982411384583,0.5632361769676208,0.0025849875528365374
0.6652666926383972,0.6833614110946655,-2.8596289780580264e-07,0.6215783953666687,0.6513487100601196,-0.011427541263401508,0.5944861769676208,0.5896415710449219,-0.014414976350963116,0.6000575423240662,0.530614972114563,-0.021088557317852974,0.6218414902687073,0.49496743083000183,-0.02364126406610012,0.5891740918159485,0.5420622825622559,0.022928865626454353,0.5768525004386902,0.4926033020019531,-0.0026928966399282217,0.5874475240707397,0.5275632739067078,-0.01664099469780922,0.5998005270957947,0.5461235046386719,-0.020248550921678543,0.6144644618034363,0.5332510471343994,0.01822642982006073,0.6092156767845154,0.47689497470855713,-0.008960346691310406,0.6131304502487183,0.5289791822433472,-0.015790648758411407,0.6181324124336243,0.5457020401954651,-0.010100336745381355,0.6418410539627075,0.533276379108429,0.006990947760641575,0.6423007249832153,0.4886291027069092,-0.020441938191652298,0.6395801901817322,0.5455807447433472,-0.016636885702610016,0.6406324505805969,0.5641435384750366,-0.003541763639077544,0.669893205165863,0.5400747060775757,-0.005972372833639383,0.6663604974746704,0.5065718293190002,-0.0171086173504591,0.6608060598373413,0.5459858179092407,-0.009610273875296116,0.6607110500335693,0.5647075176239014,0.001393639948219061
0.6679722666740417,0.6843545436859131,-2.578820783583069e-07,0.6234403848648071,0.6519798636436462,-0.012804271653294563,0.5958824157714844,0.5882654786109924,-0.016351064667105675,0.6035544276237488,0.5295013189315796,-0.023362593725323677,0.6271583437919617,0.4943658113479614,-0.02595640905201435,0.5892874002456665,0.543887734413147,0.02256379835307598,0.5776482820510864,0.4935418963432312,-0.004425454419106245,0.58907151222229,0.5262200236320496,-0.019134195521473885,0.6022076606750488,0.5444401502609253,-0.02284199930727482,0.6153128147125244,0.5349214673042297,0.01842346228659153,0.6107871532440186,0.4784136414527893,-0.00963031779974699,0.6152682304382324,0.5294922590255737,-0.016373515129089355,0.6205240488052368,0.5453563928604126,-0.010312301106750965,0.6432470083236694,0.5345359444618225,0.007338977884501219,0.6450344324111938,0.4905487596988678,-0.020608851686120033,0.6423615217208862,0.5463383197784424,-0.016933385282754898,0.6432547569274902,0.5642126798629761,-0.0037334999069571495,0.6717326641082764,0.5402201414108276,-0.005711379460990429,0.669899046421051,0.507015585899353,-0.016930218786001205,0.6637822389602661,0.5462198853492737,-0.009715025313198566,0.6627764105796814,0.5651816129684448,0.001154360012151301
0.669105052947998,0.6848753690719604,-2.967283307953039e-07,0.6238502860069275,0.6511700749397278,-0.011518534272909164,0.5961171388626099,0.5897805690765381,-0.015033428557217121,0.603137195110321,0.5315957069396973,-0.022408878430724144,0.6253169775009155,0.49512654542922974,-0.025386981666088104,0.5915634632110596,0.5421963334083557,0.023621181026101112,0.5799349546432495,0.4924648106098175,-0.002671959111467004,0.589510977268219,0.5294082760810852,-0.01718943566083908,0.6007490754127502,0.5497087240219116,-0.020974960178136826,0.6169273257255554,0.5339116454124451,0.018916849046945572,0.6128032207489014,0.4798640310764313,-0.008220521733164787,0.616472065448761,0.5342744588851929,-0.014739696867763996,0.6210139989852905,0.5520151853561401,-0.009105782955884933,0.6445247530937195,0.5339957475662231,0.007422468159347773,0.645293116569519,0.48872482776641846,-0.019189532846212387,0.6420502662658691,0.5454990267753601,-0.014858006499707699,0.6426621079444885,0.5654236674308777,-0.0018699921201914549,0.6730113625526428,0.5403892993927002,-0.005947995465248823,0.6701571345329285,0.5056511163711548,-0.015888789668679237,0.6634900569915771,0.5447902679443359,-0.00784830842167139,0.6623337864875793,0.5649412274360657,0.00325763039290905
0.6696411967277527,0.6836235523223877,-2.755213301952608e-07,0.6251661777496338,0.6520958542823792,-0.011906452476978302,0.5973315238952637,0.5910521149635315,-0.015451649203896523,0.6031888723373413,0.5315335392951965,-0.022680269554257393,0.6256497502326965,0.49494022130966187,-0.0258164145052433,0.592198371887207,0.5443798303604126,0.02239266224205494,0.578972339630127,0.49460163712501526,-0.0032322173938155174,0.5899847149848938,0.5248746871948242,-0.017714601010084152,0.6036718487739563,0.5432053208351135,-0.0214998759329319,0.617733895778656,0.5354329943656921,0.018390366807579994,0.6126556992530823,0.47989171743392944,-0.008552002720534801,0.6168632507324219,0.5327771902084351,-0.015114783309400082,0.6222149133682251,0.5535695552825928,-0.009290491230785847,0.6452873349189758,0.5349038243293762,0.0077977171167731285,0.6448742747306824,0.48915359377861023,-0.018681155517697334,0.6421836614608765,0.5446268916130066,-0.014886267483234406,0.6438794732093811,0.5671321749687195,-0.0019663143903017044,0.6734516024589539,0.5405451059341431,-0.004647907335311174,0.6701722145080566,0.5051279664039612,-0.014962517656385899,0.6636161804199219,0.5424068570137024,-0.007754756603389978,0.6629419326782227,0.5637673139572144,0.0029414547607302666
0.6689035892486572,0.6834657788276672,-2.9528493428188085e-07,0.6244029402732849,0.6517411470413208,-0.011626490391790867,0.5974300503730774,0.5883803367614746,-0.01425125915557146,0.6045039892196655,0.5291827917098999,-0.02054673247039318,0.6269672513008118,0.49333512783050537,-0.02233079820871353,0.5927109122276306,0.5442690253257751,0.024166997522115707,0.5798119902610779,0.4923621416091919,-0.0008053725468926132,0.5892054438591003,0.5290953516960144,-0.014063188806176186,0.6006163358688354,0.550050675868988,-0.016896452754735947,0.6184002757072449,0.535367488861084,0.020065398886799812,0.6129070520401001,0.4786531925201416,-0.00584592716768384,0.6160807013511658,0.5325139760971069,-0.011603381484746933,0.621013343334198,0.5508878827095032,-0.005178638268262148,0.6461146473884583,0.5354610085487366,0.00923092570155859,0.6453810334205627,0.4903431236743927,-0.016594979912042618,0.6419365406036377,0.5470808148384094,-0.01229940541088581,0.6434417963027954,0.5669583678245544,0.0009139211033470929,0.6745348572731018,0.5411337614059448,-0.0034356960095465183,0.6697791218757629,0.5059924721717834,-0.01314794085919857,0.6634616255760193,0.5444206595420837,-0.005205737426877022,0.6637601852416992,0.5640214085578918,0.0060089039616286755
0.670224130153656,0.6832358241081238,-3.1479834206038504e-07,0.624975860118866,0.6525589823722839,-0.010548694990575314,0.5973532199859619,0.5892682671546936,-0.012972773984074593,0.6041291952133179,0.5287944078445435,-0.019400037825107574,0.626508891582489,0.4932485818862915,-0.02141404338181019,0.5944135189056396,0.54399174451828,0.024374626576900482,0.581236720085144,0.4912572205066681,-0.00035279273288324475,0.5913637280464172,0.5290763974189758,-0.013309520669281483,0.6033436059951782,0.5503270626068115,-0.01609300635755062,0.6196136474609375,0.5357449054718018,0.01975848525762558,0.6133954524993896,0.4793131947517395,-0.006046407390385866,0.6174730658531189,0.5338187217712402,-0.011626080609858036,0.622786283493042,0.551943302154541,-0.0053298091515898705,0.6467766165733337,0.5356873273849487,0.008533542044460773,0.6459512114524841,0.48864781856536865,-0.01722853258252144,0.6426646113395691,0.5462636351585388,-0.012670098803937435,0.6440914273262024,0.5674450397491455,0.0005038473173044622,0.6746949553489685,0.5410930514335632,-0.004443406127393246,0.6700755953788757,0.5048912763595581,-0.014251746237277985,0.6638859510421753,0.5438835620880127,-0.006449846085160971,0.6642960906028748,0.564698338508606,0.004525866825133562
0.6704916954040527,0.6839902997016907,-3.2011138273446704e-07,0.6252429485321045,0.653651237487793,-0.011477298103272915,0.5976621508598328,0.5905924439430237,-0.0139082670211792,0.6039513945579529,0.5306562781333923,-0.01998789794743061,0.6230151057243347,0.4930138885974884,-0.02147812582552433,0.5934960842132568,0.5428043007850647,0.024174371734261513,0.5813028812408447,0.4925397038459778,-0.0007810029201209545,0.5916345715522766,0.5312228798866272,-0.013731368817389011,0.6029423475265503,0.550125241279602,-0.016644783318042755,0.6189044117927551,0.534086287021637,0.01995478756725788,0.6127027273178101,0.47930529713630676,-0.0060777440667152405,0.6173617839813232,0.5344610810279846,-0.011559159494936466,0.6226426362991333,0.5494740009307861,-0.0052540237084031105,0.6463419795036316,0.5341994762420654,0.008978050202131271,0.6454876065254211,0.48912546038627625,-0.017579836770892143,0.6428884863853455,0.5474880933761597,-0.012568993493914604,0.6442050933837891,0.5654945373535156,0.0009709566948004067,0.674513578414917,0.5401005744934082,-0.0037916451692581177,0.670336127281189,0.5052369236946106,-0.014374170452356339,0.6642424464225769,0.54537433385849,-0.006276522297412157,0.6639233231544495,0.5646342039108276,0.00504196435213089
0.6687884330749512,0.6831679940223694,-3.0379715099115856e-07,0.6241500377655029,0.653846263885498,-0.012150718830525875,0.5964896082878113,0.5894222259521484,-0.014764294028282166,0.6050100326538086,0.5287288427352905,-0.020766636356711388,0.6272591948509216,0.4934276342391968,-0.022425057366490364,0.592631459236145,0.5422866940498352,0.02256631851196289,0.5800084471702576,0.4932788014411926,-0.0024458530824631453,0.5909246206283569,0.5289478898048401,-0.015672268345952034,0.6036686301231384,0.5469279289245605,-0.018897229805588722,0.6182429790496826,0.5332028269767761,0.018620284274220467,0.6122074127197266,0.47926071286201477,-0.007594736758619547,0.616977870464325,0.5335570573806763,-0.012993333861231804,0.6228174567222595,0.5495559573173523,-0.006573264952749014,0.6459382772445679,0.5333587527275085,0.007927891798317432,0.6450746059417725,0.4892330765724182,-0.018541228026151657,0.6423603892326355,0.5465262532234192,-0.013733040541410446,0.6437642574310303,0.5643857717514038,-0.00040522293420508504,0.6742793321609497,0.5394930839538574,-0.004657885525375605,0.6699270009994507,0.5057812333106995,-0.01549517922103405,0.6639506816864014,0.5456050038337708,-0.007838825695216656,0.6640125513076782,0.5645328760147095,0.003103683004155755
0.6692093014717102,0.680493950843811,-2.7024964310840005e-07,0.6253565549850464,0.6515239477157593,-0.011372946202754974,0.5971524715423584,0.5889653563499451,-0.013507098890841007,0.6053305864334106,0.5288459658622742,-0.019136635586619377,0.6295499205589294,0.49524950981140137,-0.020806090906262398,0.5925280451774597,0.5439296960830688,0.023199550807476044,0.5796438455581665,0.49401727318763733,-0.0014462823746725917,0.5892458558082581,0.5246204137802124,-0.015263854525983334,0.6018543243408203,0.5433865785598755,-0.018919192254543304,0.6184400320053101,0.5346800088882446,0.019033100455999374,0.6124603748321533,0.477963924407959,-0.007332655601203442,0.6161774396896362,0.5278475880622864,-0.013971575535833836,0.6220130324363708,0.5465508103370667,-0.008243272081017494,0.6460375785827637,0.5343828797340393,0.00837437342852354,0.6459779739379883,0.4897691011428833,-0.018200913444161415,0.642961323261261,0.5446841716766357,-0.014751066453754902,0.644132137298584,0.5645196437835693,-0.0021419308613985777,0.6742851138114929,0.5404043793678284,-0.004085294436663389,0.6703448295593262,0.5068659782409668,-0.015325282700359821,0.6645797491073608,0.5455816388130188,-0.0085175521671772,0.6645796298980713,0.5651029348373413,0.0018549818778410554
0.6681803464889526,0.681735634803772,-2.9763148745587387e-07,0.6248356103897095,0.6539240479469299,-0.013215321116149426,0.5975236296653748,0.5892515778541565,-0.015996405854821205,0.6071695685386658,0.5300315618515015,-0.02154109999537468,0.6300646066665649,0.4959263205528259,-0.022737039253115654,0.5913805365562439,0.5433539152145386,0.019081708043813705,0.5794165730476379,0.4945666790008545,-0.006315815262496471,0.5886350274085999,0.5295869708061218,-0.019060373306274414,0.6000289916992188,0.5469480156898499,-0.02196333557367325,0.6176511645317078,0.5343865156173706,0.01549320388585329,0.6131284236907959,0.47895172238349915,-0.011111138388514519,0.6166797876358032,0.5334975123405457,-0.0155780129134655,0.6212474703788757,0.5481071472167969,-0.008445716463029385,0.6460148692131042,0.5348747372627258,0.00528084859251976,0.6467022895812988,0.49097445607185364,-0.02166639268398285,0.6439686417579651,0.5486558079719543,-0.01589587703347206,0.6449182033538818,0.5643722414970398,-0.001950504956766963,0.6748749017715454,0.541353702545166,-0.00685513811185956,0.6718299388885498,0.5072544813156128,-0.018576620146632195,0.6664906740188599,0.5474539995193481,-0.010550911538302898,0.6665964722633362,0.5649600028991699,0.0007255306700244546
0.6683983206748962,0.6845507025718689,-2.898337072565482e-07,0.6256646513938904,0.6561975479125977,-0.013968005776405334,0.5982078313827515,0.5904446840286255,-0.016735291108489037,0.6056236624717712,0.5299326181411743,-0.02231723442673683,0.6286908388137817,0.4951913058757782,-0.023214571177959442,0.5918601155281067,0.5437771677970886,0.021913699805736542,0.5808846950531006,0.49465247988700867,-0.002950492314994335,0.5896875262260437,0.531522810459137,-0.015464703552424908,0.5999602675437927,0.5487993359565735,-0.01820187084376812,0.61810702085495,0.5347772240638733,0.01880352571606636,0.6132006645202637,0.48010706901550293,-0.00714332889765501,0.6163155436515808,0.5338975191116333,-0.011896741576492786,0.6207987070083618,0.5462779402732849,-0.0049776048399508,0.646489143371582,0.5355944633483887,0.008755238726735115,0.6465093493461609,0.4926920533180237,-0.01761273667216301,0.6432847380638123,0.5495889782905579,-0.01226169802248478,0.6442447304725647,0.5635011196136475,0.001344800228253007,0.6757331490516663,0.5417871475219727,-0.0033309482969343662,0.6716164946556091,0.5092816352844238,-0.013751858845353127,0.6660441160202026,0.549045741558075,-0.005456435494124889,0.6662612557411194,0.5651275515556335,0.00584073644131422
0.6690649390220642,0.6869762539863586,-3.00161360655693e-07,0.6262460350990295,0.6581778526306152,-0.013838051818311214,0.5986917018890381,0.5943548679351807,-0.017170989885926247,0.603901207447052,0.5331636667251587,-0.023302974179387093,0.6249094009399414,0.49606695771217346,-0.02470165304839611,0.5921822190284729,0.5437160134315491,0.021041447296738625,0.5809519290924072,0.4953283965587616,-0.004501245450228453,0.5911580324172974,0.5327193737030029,-0.01766684651374817,0.6021904349327087,0.5510150194168091,-0.02069370076060295,0.618151068687439,0.5346402525901794,0.01778523623943329,0.612251877784729,0.4811230003833771,-0.007641240954399109,0.6166876554489136,0.5335728526115417,-0.012357902713119984,0.6218193173408508,0.5460720062255859,-0.005837859585881233,0.6465665698051453,0.5352820754051208,0.007627207785844803,0.6459188461303711,0.49317455291748047,-0.018862223252654076,0.6432483196258545,0.5492603182792664,-0.013469414785504341,0.6440746188163757,0.5640979409217834,3.992955680587329e-05,0.6758267879486084,0.5421551465988159,-0.004503227304667234,0.6710891127586365,0.5085628032684326,-0.015357930213212967,0.6658044457435608,0.5480824112892151,-0.006948511581867933,0.6656476855278015,0.5657833218574524,0.004513524938374758
0.6690722107887268,0.6870909333229065,-3.0761785296817834e-07,0.6257131099700928,0.6564531326293945,-0.01247650571167469,0.5980830788612366,0.5932059288024902,-0.015647854655981064,0.6040026545524597,0.5320672988891602,-0.022128233686089516,0.6264399886131287,0.49683672189712524,-0.024080490693449974,0.5920581221580505,0.544281005859375,0.02160068228840828,0.580612063407898,0.4938136041164398,-0.004462649114429951,0.5917762517929077,0.5311300754547119,-0.01801837794482708,0.6036617755889893,0.5513185858726501,-0.021038686856627464,0.6178724765777588,0.5358650088310242,0.01770896092057228,0.6122525930404663,0.4808250665664673,-0.009051432833075523,0.6172839999198914,0.5348794460296631,-0.014353279024362564,0.6226314902305603,0.5521467924118042,-0.007582300808280706,0.6460634469985962,0.5361155867576599,0.007092365529388189,0.6459951400756836,0.493051141500473,-0.020183095708489418,0.6440616250038147,0.551774799823761,-0.014979169704020023,0.6453734040260315,0.571759819984436,-0.0008781245560385287,0.675125002861023,0.5429642796516418,-0.005368545185774565,0.6712130308151245,0.5087476372718811,-0.0166361965239048,0.6660722494125366,0.549162745475769,-0.00856575183570385,0.6660497784614563,0.5692102909088135,0.0030366030987352133
0.6679176688194275,0.6881038546562195,-3.400904802219884e-07,0.6243868470191956,0.659309983253479,-0.013359945267438889,0.5973751544952393,0.5977616906166077,-0.016975494101643562,0.6003079414367676,0.5357828736305237,-0.023716449737548828,0.6176175475120544,0.493810772895813,-0.025771353393793106,0.5937457084655762,0.5477803945541382,0.02118567004799843,0.5824353694915771,0.4955735504627228,-0.0051691047847270966,0.5920229554176331,0.5362475514411926,-0.01809435337781906,0.6023745536804199,0.5560771226882935,-0.020473603159189224,0.619236171245575,0.5400224924087524,0.017906714230775833,0.6133215427398682,0.48344260454177856,-0.00899509247392416,0.6180821657180786,0.5400118231773376,-0.013805750757455826,0.6238207817077637,0.554735541343689,-0.006764210294932127,0.6468080878257751,0.5399316549301147,0.007781175896525383,0.6461405754089355,0.4952877461910248,-0.020178359001874924,0.6437748670578003,0.5544335842132568,-0.014313185587525368,0.6453697681427002,0.5715963244438171,0.00028068124083802104,0.6753628849983215,0.545104444026947,-0.004107501823455095,0.6703202724456787,0.5082079768180847,-0.015259072184562683,0.665434718132019,0.5492746233940125,-0.006126251071691513,0.6661888360977173,0.5690075755119324,0.006228405982255936
0.6689942479133606,0.6863296627998352,-2.823655620431964e-07,0.6256465315818787,0.658265233039856,-0.013130742125213146,0.5973385572433472,0.596457839012146,-0.016737520694732666,0.6023945808410645,0.5345985889434814,-0.023555267602205276,0.6244267821311951,0.49608826637268066,-0.026062075048685074,0.5919097661972046,0.548287570476532,0.02074512653052807,0.5799599885940552,0.49759361147880554,-0.005901521537452936,0.5922630429267883,0.5293972492218018,-0.020051181316375732,0.6052640676498413,0.5468516945838928,-0.023324066773056984,0.6177854537963867,0.5395370721817017,0.017292767763137817,0.6130791902542114,0.4835328459739685,-0.010105188004672527,0.6184129118919373,0.535846471786499,-0.015801412984728813,0.6229446530342102,0.5526300072669983,-0.009241066873073578,0.6454089283943176,0.5389661192893982,0.00705564534291625,0.6464636921882629,0.4952840805053711,-0.020834656432271004,0.6442928910255432,0.5519242286682129,-0.01607626862823963,0.644478976726532,0.5708758234977722,-0.002159723313525319,0.6738513708114624,0.5445353984832764,-0.005044111981987953,0.6712858080863953,0.5092067718505859,-0.016365861520171165,0.6660728454589844,0.5483433604240417,-0.008364194072782993,0.6650091409683228,0.5684613585472107,0.003125640796497464
0.668309211730957,0.6878060102462769,-2.778045882223523e-07,0.6239697337150574,0.6586419939994812,-0.013128386810421944,0.5969165563583374,0.5979511737823486,-0.016822118312120438,0.6027395129203796,0.5366969704627991,-0.02369760535657406,0.6243321299552917,0.4985233545303345,-0.026412345468997955,0.5917487740516663,0.5484080910682678,0.021466171368956566,0.5792766809463501,0.49963876605033875,-0.00445490563288331,0.5881571173667908,0.5317612886428833,-0.018695877864956856,0.6000111699104309,0.5499140620231628,-0.02226354368031025,0.6178699135780334,0.5401972532272339,0.01800859533250332,0.6123886108398438,0.4851122200489044,-0.008340710774064064,0.6160750985145569,0.5366248488426208,-0.014145636931061745,0.621886134147644,0.5532283782958984,-0.008081364445388317,0.6460434794425964,0.5404295325279236,0.007767349015921354,0.6461483240127563,0.4963148534297943,-0.019154738634824753,0.6424437165260315,0.5513461232185364,-0.014953606761991978,0.6437770128250122,0.5699916481971741,-0.0018793942872434855,0.6751447319984436,0.5467032194137573,-0.004371696151793003,0.6712542772293091,0.5101990103721619,-0.015298823826014996,0.6646661162376404,0.548916757106781,-0.007570588495582342,0.6641342639923096,0.5698295831680298,0.0034976103343069553
0.6670198440551758,0.691815197467804,-2.976792075060075e-07,0.6231538653373718,0.6614943146705627,-0.01518500316888094,0.5969724655151367,0.5996501445770264,-0.019685158506035805,0.6022009253501892,0.5384405851364136,-0.026935167610645294,0.6219251155853271,0.4997096061706543,-0.029398610815405846,0.5915923118591309,0.5496243238449097,0.02055029757320881,0.580696702003479,0.4996733069419861,-0.00567108066752553,0.5886359214782715,0.5391043424606323,-0.01875179074704647,0.5984925031661987,0.5587016940116882,-0.021285666152834892,0.617920458316803,0.542023777961731,0.0181276798248291,0.6125439405441284,0.48869723081588745,-0.007653338368982077,0.6156864762306213,0.5430505275726318,-0.012043608352541924,0.6213508248329163,0.5556721091270447,-0.00508917449042201,0.6464030742645264,0.5428890585899353,0.008578994311392307,0.6461248993873596,0.4994693994522095,-0.01837344840168953,0.6423258185386658,0.5564461946487427,-0.012906587682664394,0.6440471410751343,0.5725206732749939,0.001045355573296547,0.6754308342933655,0.5492986440658569,-0.002983903745189309,0.6708350777626038,0.5135692358016968,-0.013724944554269314,0.6646848320960999,0.5530224442481995,-0.005095540080219507,0.6650603413581848,0.5723528265953064,0.006798232905566692
0.6685401201248169,0.6933804154396057,-2.844156767878303e-07,0.6245248317718506,0.6620092988014221,-0.014511057175695896,0.5966294407844543,0.6009711623191833,-0.018310409039258957,0.6015851497650146,0.5396741628646851,-0.025024347007274628,0.6230629086494446,0.5012364387512207,-0.026877867057919502,0.5901201367378235,0.5516873598098755,0.02242998033761978,0.5796497464179993,0.5011035799980164,-0.004003459587693214,0.5897614359855652,0.5389959216117859,-0.017920169979333878,0.6006256937980652,0.5580658316612244,-0.021135268732905388,0.6165742874145508,0.5434790849685669,0.019640445709228516,0.6120336055755615,0.4877857267856598,-0.007395837921649218,0.615861177444458,0.5410538911819458,-0.01317347027361393,0.6205768585205078,0.5556718707084656,-0.006814737804234028,0.6448879241943359,0.5439447164535522,0.009699158370494843,0.6467558741569519,0.5006964802742004,-0.01775342971086502,0.6428083181381226,0.5573011040687561,-0.013202185742557049,0.642597496509552,0.5744163990020752,0.00036353812902234495,0.6738361120223999,0.550531268119812,-0.002275412203744054,0.6714708209037781,0.5157815217971802,-0.012999041937291622,0.6649978756904602,0.5554128289222717,-0.004954204894602299,0.6634814143180847,0.574812114238739,0.006447964813560247
0.6671923398971558,0.694860577583313,-2.848548206202395e-07,0.6231245994567871,0.6631887555122375,-0.013681075535714626,0.5964630246162415,0.6016411185264587,-0.01737344264984131,0.6032055020332336,0.5407387018203735,-0.02414078824222088,0.6225537061691284,0.5015245079994202,-0.026311397552490234,0.5901709794998169,0.5500166416168213,0.022594157606363297,0.5802167057991028,0.5019412636756897,-0.002942215884104371,0.5902974009513855,0.538908064365387,-0.0168425552546978,0.6007233262062073,0.5561955571174622,-0.020605506375432014,0.616715133190155,0.5416006445884705,0.01907075010240078,0.6127303242683411,0.48852062225341797,-0.007152843754738569,0.6166458129882812,0.5413641333580017,-0.013262727297842503,0.6207520961761475,0.5545461773872375,-0.007736973464488983,0.6451702117919922,0.5424314141273499,0.008586813695728779,0.6472166180610657,0.5005205869674683,-0.017683621495962143,0.6434769034385681,0.5561600923538208,-0.013019556179642677,0.6428151726722717,0.5714057683944702,-0.00019171638996340334,0.6741488575935364,0.5495390892028809,-0.003962729126214981,0.6721993088722229,0.5164563655853271,-0.013844313099980354,0.6657752990722656,0.5556772351264954,-0.00553329661488533,0.6640661954879761,0.5732069611549377,0.005565495230257511
0.6684553623199463,0.6940330862998962,-2.809858870023163e-07,0.624782919883728,0.6635305881500244,-0.014222908765077591,0.5975176095962524,0.6022065281867981,-0.01760988123714924,0.6025205850601196,0.5404598712921143,-0.023993784561753273,0.6227181553840637,0.5016729831695557,-0.025423245504498482,0.590110182762146,0.5517783164978027,0.023628223687410355,0.5808756351470947,0.5005039572715759,-0.002914693206548691,0.5924131274223328,0.5370123386383057,-0.017403993755578995,0.6037108898162842,0.5569702982902527,-0.02093997597694397,0.6166012287139893,0.5435287952423096,0.02071366086602211,0.612494707107544,0.48892420530319214,-0.006287007592618465,0.6176588535308838,0.5396260023117065,-0.01302072498947382,0.621807873249054,0.5540622472763062,-0.007456482853740454,0.6446860432624817,0.5436810851097107,0.01060087326914072,0.6467885971069336,0.501734733581543,-0.016704009845852852,0.6439094543457031,0.5562432408332825,-0.012780915014445782,0.6426082253456116,0.572995126247406,0.00016646564472466707,0.6732720732688904,0.550118625164032,-0.001568661886267364,0.6712833046913147,0.5164803266525269,-0.012390585616230965,0.6658395528793335,0.5550582408905029,-0.004724511876702309,0.6637791991233826,0.5737612843513489,0.0063189007341861725
0.6675917506217957,0.6956719160079956,-2.913337766585755e-07,0.6239608526229858,0.6645615696907043,-0.013690914027392864,0.5970504879951477,0.6033449769020081,-0.017194800078868866,0.6015101671218872,0.5416097640991211,-0.023744214326143265,0.6188173890113831,0.5005908608436584,-0.02576155588030815,0.5908758640289307,0.551030695438385,0.023211387917399406,0.5807344913482666,0.5030601620674133,-0.0026224819011986256,0.5903592705726624,0.538244903087616,-0.01682010106742382,0.6015232801437378,0.5559148788452148,-0.020620180293917656,0.617059051990509,0.5422698259353638,0.019908102229237556,0.61276775598526,0.48931464552879333,-0.006564668379724026,0.616881787776947,0.5420403480529785,-0.012793902307748795,0.6217005848884583,0.5559585690498352,-0.0072341132909059525,0.6452910304069519,0.5427227020263672,0.009592181071639061,0.646263599395752,0.5000210404396057,-0.01746419072151184,0.642983078956604,0.5561463832855225,-0.012829010374844074,0.6429850459098816,0.5725350975990295,0.000228199249249883,0.6742376089096069,0.5496201515197754,-0.0027237937320023775,0.6713025569915771,0.5162404179573059,-0.013763430528342724,0.6652339696884155,0.5560613870620728,-0.00586029514670372,0.6639601588249207,0.574315071105957,0.005226563662290573
0.6684874892234802,0.6950237154960632,-3.183042736054631e-07,0.6231486797332764,0.6645287275314331,-0.00983990728855133,0.596112847328186,0.6029623746871948,-0.012042058631777763,0.6016730666160583,0.5426986813545227,-0.018065232783555984,0.6202458143234253,0.5033171772956848,-0.020033108070492744,0.5927316546440125,0.5530796647071838,0.023476874455809593,0.5812644362449646,0.5016940236091614,-0.0009131630067713559,0.5901406407356262,0.5395947098731995,-0.01463225670158863,0.6017003655433655,0.5633323788642883,-0.018212303519248962,0.6184118390083313,0.5439367890357971,0.018459970131516457,0.6122986674308777,0.48681890964508057,-0.007073913235217333,0.615956723690033,0.5387346148490906,-0.013936420902609825,0.622336745262146,0.5595769286155701,-0.008702925406396389,0.6460983753204346,0.5438521504402161,0.007293528411537409,0.6451341509819031,0.5004045367240906,-0.018409164622426033,0.6423200368881226,0.557225227355957,-0.014061655849218369,0.6440215706825256,0.5798941254615784,-0.0011049689492210746,0.6747178435325623,0.5507206916809082,-0.005463830661028624,0.6698152422904968,0.51519775390625,-0.016170144081115723,0.6645992398262024,0.5547864437103271,-0.00806150771677494,0.6649714112281799,0.5762326121330261,0.0032987173181027174
0.6691218614578247,0.6951870322227478,-3.141183526622626e-07,0.6251969933509827,0.6650104522705078,-0.012682201340794563,0.5972713828086853,0.60191410779953,-0.015461478382349014,0.6035975217819214,0.540529191493988,-0.02157798409461975,0.6246573328971863,0.5032259821891785,-0.022956406697630882,0.5905202627182007,0.5529431700706482,0.022878078743815422,0.5795521140098572,0.5006625652313232,-0.002822450129315257,0.5896514058113098,0.5397629141807556,-0.016146790236234665,0.6008384823799133,0.5607264041900635,-0.019209541380405426,0.6169544458389282,0.5438454151153564,0.018844610080122948,0.6122081875801086,0.487725168466568,-0.008099168539047241,0.616549551486969,0.5427340269088745,-0.013816840946674347,0.6216175556182861,0.5593422055244446,-0.007368989754468203,0.6452405452728271,0.5438766479492188,0.007961336523294449,0.6456108093261719,0.5001075267791748,-0.018895894289016724,0.6427294015884399,0.5577194094657898,-0.01365939062088728,0.6431658267974854,0.5753788352012634,7.77355016907677e-05,0.6739352345466614,0.5504733920097351,-0.004880987573415041,0.670215904712677,0.5160514712333679,-0.015578607097268105,0.6647089123725891,0.5562316179275513,-0.007185318041592836,0.6643333435058594,0.5751137137413025,0.004335927776992321
0.6683979034423828,0.6964779496192932,-2.787290895867045e-07,0.6241328716278076,0.6636566519737244,-0.012254131957888603,0.5967069268226624,0.6038520336151123,-0.015824036672711372,0.6026560068130493,0.5425078272819519,-0.022716891020536423,0.6237429976463318,0.5034133791923523,-0.02540554106235504,0.5904902815818787,0.5543213486671448,0.022740613669157028,0.580032229423523,0.5027773380279541,-0.0013519023777917027,0.5886463522911072,0.5369588732719421,-0.015399607829749584,0.5994032025337219,0.5569959878921509,-0.019663365557789803,0.6167996525764465,0.5453552007675171,0.01885922998189926,0.6132515668869019,0.4890611469745636,-0.006268021650612354,0.6164745688438416,0.5402244925498962,-0.013299011625349522,0.6214255094528198,0.5581836700439453,-0.008829225786030293,0.6449053287506104,0.5452043414115906,0.00851734820753336,0.6468060612678528,0.49973544478416443,-0.016198070719838142,0.6422634124755859,0.553305983543396,-0.012820902280509472,0.6421372890472412,0.5728141069412231,-0.001356910914182663,0.6735498905181885,0.5515283942222595,-0.0037181854713708162,0.6707140803337097,0.5167689323425293,-0.012969672679901123,0.6635669469833374,0.555221438407898,-0.005429214332252741,0.6622775197029114,0.5758423805236816,0.004763052798807621
0.6674392223358154,0.6976265907287598,-2.8490069325926015e-07,0.6237189173698425,0.6658731698989868,-0.015054973773658276,0.5958832502365112,0.6055377125740051,-0.0189201682806015,0.5996705293655396,0.5437939167022705,-0.025618260726332664,0.6193732619285583,0.5021880865097046,-0.027210993692278862,0.588906466960907,0.5541484951972961,0.02367858774960041,0.5801520347595215,0.5013197660446167,-0.0021940653678029776,0.5906133055686951,0.5399574041366577,-0.016626043245196342,0.600679337978363,0.5613662004470825,-0.020357679575681686,0.6156834959983826,0.5451744794845581,0.02138921245932579,0.612949013710022,0.49002528190612793,-0.005055398214608431,0.6170462965965271,0.5416580438613892,-0.012360227294266224,0.6205452084541321,0.5568482875823975,-0.007528647780418396,0.6437665224075317,0.545095682144165,0.011901242658495903,0.6470368504524231,0.5019398331642151,-0.014682233333587646,0.642841100692749,0.5562425255775452,-0.011645429767668247,0.640866219997406,0.5736979246139526,0.00036447530146688223,0.6722930669784546,0.5511894226074219,0.0003495932905934751,0.6705663204193115,0.5170813202857971,-0.009824365377426147,0.6639219522476196,0.5553311705589294,-0.0025816410779953003,0.6611131429672241,0.5746204257011414,0.007918105460703373
0.6686303019523621,0.6989477872848511,-3.150201450807799e-07,0.6242782473564148,0.6667585968971252,-0.01318682823330164,0.5963676571846008,0.6059527397155762,-0.017002984881401062,0.6018569469451904,0.5435842275619507,-0.024164700880646706,0.622651994228363,0.5025034546852112,-0.0264425091445446,0.5900635123252869,0.555541455745697,0.02293345145881176,0.5793725848197937,0.5013412237167358,-0.0029427490662783384,0.5888972282409668,0.5412800312042236,-0.016934186220169067,0.5994546413421631,0.5637299418449402,-0.02037324383854866,0.6163594126701355,0.547313392162323,0.01932736113667488,0.6126899123191833,0.4909088611602783,-0.00709447031840682,0.6160489916801453,0.5456588864326477,-0.01333149615675211,0.620474100112915,0.5636030435562134,-0.007691626902669668,0.64437335729599,0.5472402572631836,0.008804039098322392,0.6459838151931763,0.501907467842102,-0.01736956462264061,0.6417291164398193,0.5584110617637634,-0.01288340613245964,0.6415626406669617,0.5781954526901245,2.196922878283658e-06,0.6732775568962097,0.5531731247901917,-0.003676919499412179,0.67015540599823,0.5170227885246277,-0.01346324011683464,0.6632006764411926,0.5571239590644836,-0.005076578352600336,0.6617637276649475,0.5786540508270264,0.006230446044355631
0.6684234738349915,0.6991665363311768,-3.300372384273942e-07,0.6241414546966553,0.6670394539833069,-0.01315013226121664,0.5965705513954163,0.6070635318756104,-0.017229313030838966,0.6020265817642212,0.5447565317153931,-0.024525143206119537,0.6217944025993347,0.5035014152526855,-0.027035336941480637,0.5902526378631592,0.555936336517334,0.021316751837730408,0.5804650187492371,0.5024532079696655,-0.004831267986446619,0.5888597965240479,0.5440234541893005,-0.018549486994743347,0.5987664461135864,0.5658771395683289,-0.021914072334766388,0.6165593266487122,0.5482270121574402,0.017532816156744957,0.6128620505332947,0.4910832643508911,-0.009439675137400627,0.6161201596260071,0.547394871711731,-0.015291446819901466,0.6210839152336121,0.5648985505104065,-0.00938158668577671,0.6445407271385193,0.5484520196914673,0.006991931702941656,0.6458191275596619,0.5028005838394165,-0.01974414847791195,0.6417882442474365,0.5601189732551575,-0.014737333171069622,0.6420912742614746,0.57876056432724,-0.0014807478291913867,0.6733530759811401,0.5546929240226746,-0.005423231516033411,0.6700296401977539,0.5182868242263794,-0.015477900393307209,0.6631012558937073,0.5588928461074829,-0.006719853263348341,0.6621153950691223,0.579692542552948,0.00481049157679081
0.6669647097587585,0.6988615393638611,-2.8941832397322287e-07,0.6232220530509949,0.6651644110679626,-0.012220675125718117,0.5968449711799622,0.6053168773651123,-0.01569230481982231,0.6040459275245667,0.5447878241539001,-0.02257739007472992,0.6268630623817444,0.5077126026153564,-0.02497926726937294,0.5881128907203674,0.5566505789756775,0.022834282368421555,0.5785444378852844,0.5022761225700378,-0.0017861461965367198,0.5873872637748718,0.539128839969635,-0.015470562502741814,0.596981406211853,0.5617932081222534,-0.018905801698565483,0.6150406002998352,0.5484895706176758,0.018921777606010437,0.6121972799301147,0.4913114309310913,-0.006181832402944565,0.6152263283729553,0.542992115020752,-0.012543878518044949,0.618715226650238,0.5622294545173645,-0.007258117664605379,0.6437515616416931,0.5487020611763,0.008445854298770428,0.6460972428321838,0.5051397085189819,-0.016290385276079178,0.6422314643859863,0.55897057056427,-0.012632404454052448,0.6416681408882141,0.5787059664726257,-0.0005875618662685156,0.6728359460830688,0.555740237236023,-0.0038817126769572496,0.6700841784477234,0.5201677083969116,-0.012588993646204472,0.6633052825927734,0.5589432716369629,-0.004297265317291021,0.6617832779884338,0.5803444385528564,0.006634837482124567
0.667941153049469,0.700424313545227,-2.984579623444006e-07,0.6230189800262451,0.6667594313621521,-0.012610845267772675,0.5960106253623962,0.604221761226654,-0.015262490138411522,0.603774905204773,0.5423229336738586,-0.02147187478840351,0.6260726451873779,0.5063117146492004,-0.023232346400618553,0.5893549919128418,0.5570892095565796,0.02554212510585785,0.5796635150909424,0.502914309501648,0.0007353353430517018,0.5874934196472168,0.5403953194618225,-0.01295400783419609,0.5967909097671509,0.5627853870391846,-0.01621088944375515,0.6159512400627136,0.5493403077125549,0.02196129411458969,0.6121127009391785,0.4918632507324219,-0.003753886790946126,0.6151092648506165,0.5452147722244263,-0.010246924124658108,0.6194950938224792,0.5639885067939758,-0.00459405267611146,0.6444681882858276,0.549691379070282,0.011454359628260136,0.645798921585083,0.50362628698349,-0.01448037102818489,0.64180988073349,0.5597422122955322,-0.010986752808094025,0.6418458223342896,0.58061683177948,0.0014909763121977448,0.6734470725059509,0.5562343001365662,-0.0009345975704491138,0.6700389981269836,0.5198127031326294,-0.01061316579580307,0.6633421182632446,0.5600787997245789,-0.002688989508897066,0.6624154448509216,0.5821331143379211,0.008359212428331375
0.6673483848571777,0.7020114064216614,-3.185786283665948e-07,0.6230217218399048,0.6689399480819702,-0.013939189724624157,0.5961923003196716,0.6080305576324463,-0.017781393602490425,0.601796567440033,0.5465931296348572,-0.024825314059853554,0.6217379570007324,0.507233738899231,-0.026918716728687286,0.5886019468307495,0.5566878318786621,0.02373863011598587,0.5796652436256409,0.5039604902267456,-0.0031244878191500902,0.5890688300132751,0.5453989505767822,-0.017101265490055084,0.5982935428619385,0.5662004947662354,-0.02016681432723999,0.6150842308998108,0.5491276979446411,0.020388290286064148,0.6121236085891724,0.4935128688812256,-0.007227873429656029,0.6163231730461121,0.5500713586807251,-0.013317224569618702,0.6200060248374939,0.5650401711463928,-0.007026179693639278,0.6434588432312012,0.5494863390922546,0.009855955839157104,0.6453121304512024,0.5062177181243896,-0.017944594845175743,0.6423785090446472,0.5639411211013794,-0.013297912664711475,0.6417902708053589,0.5800992846488953,0.00035168390604667366,0.672339677810669,0.5558761358261108,-0.002596285892650485,0.6695473194122314,0.5210587382316589,-0.012990151531994343,0.6636074781417847,0.5623852014541626,-0.004143461585044861,0.6621198058128357,0.5818106532096863,0.00784869771450758
0.6685224771499634,0.7034116983413696,-3.021370957867475e-07,0.6242638230323792,0.6715189218521118,-0.013643463142216206,0.5963245630264282,0.6117591857910156,-0.01779322698712349,0.6009591817855835,0.5491191148757935,-0.02511964738368988,0.6217283010482788,0.5089257955551147,-0.027645129710435867,0.5882203578948975,0.5593941807746887,0.02254873886704445,0.5774786472320557,0.5060315132141113,-0.00393079686909914,0.5879011750221252,0.5434768199920654,-0.018277795985341072,0.5990070700645447,0.5655720233917236,-0.021632526069879532,0.6149517893791199,0.5514852404594421,0.019184956327080727,0.6100988388061523,0.49570509791374207,-0.00767949502915144,0.615326464176178,0.5484412908554077,-0.014192895032465458,0.6204034686088562,0.5661479830741882,-0.008416816592216492,0.6434406638145447,0.5516931414604187,0.00891201663762331,0.6437589526176453,0.5088605880737305,-0.01799353025853634,0.641958475112915,0.5640729069709778,-0.013804042711853981,0.6428248286247253,0.5826698541641235,-0.0006796843372285366,0.6727815866470337,0.5585187077522278,-0.0032726142089813948,0.6688940525054932,0.5234524011611938,-0.013556232675909996,0.6636590361595154,0.5630115866661072,-0.005209606606513262,0.6632571816444397,0.5834658145904541,0.0063580614514648914
0.6645572781562805,0.7026129961013794,-3.127883871911763e-07,0.6214102506637573,0.6714120507240295,-0.0135585842654109,0.5945139527320862,0.6122904419898987,-0.01814594678580761,0.6004229784011841,0.5509864091873169,-0.025739511474967003,0.6216890215873718,0.5132578015327454,-0.028765985742211342,0.5878177285194397,0.5578786134719849,0.019876956939697266,0.5777654647827148,0.505290687084198,-0.007200473919510841,0.587049126625061,0.5449739098548889,-0.021445108577609062,0.5972555875778198,0.5672671794891357,-0.02482822723686695,0.6144027709960938,0.5503438115119934,0.01617330126464367,0.6102055311203003,0.4949541389942169,-0.011159134097397327,0.6149437427520752,0.5504041314125061,-0.016993053257465363,0.6196287870407104,0.5669488906860352,-0.010820770636200905,0.6429800391197205,0.5506455898284912,0.0057470411993563175,0.6433913707733154,0.5102412700653076,-0.021229704841971397,0.6415761709213257,0.5673838257789612,-0.01581072062253952,0.6422854661941528,0.5835474133491516,-0.0020618909038603306,0.6721590757369995,0.5577537417411804,-0.006592366378754377,0.6677285432815552,0.5261746644973755,-0.016568351536989212,0.662930965423584,0.567509651184082,-0.007221433334052563,0.6632013320922852,0.5855894088745117,0.004878228530287743
0.6645503640174866,0.7014002799987793,-3.138859483442502e-07,0.621621310710907,0.6699830889701843,-0.012930585071444511,0.5942829847335815,0.6075848937034607,-0.01644611731171608,0.6021400690078735,0.54850834608078,-0.022975845262408257,0.6251338720321655,0.5136000514030457,-0.024858731776475906,0.5872030854225159,0.556681215763092,0.019886543974280357,0.5773999094963074,0.5058851838111877,-0.005862852558493614,0.5869033932685852,0.5464269518852234,-0.018512573093175888,0.5972831845283508,0.5654588937759399,-0.02129201777279377,0.6140334010124207,0.5492045879364014,0.01588509790599346,0.6100836396217346,0.49457594752311707,-0.010978632606565952,0.614104688167572,0.5508870482444763,-0.015873011201620102,0.6191384196281433,0.5635356903076172,-0.00906297191977501,0.6429729461669922,0.5504140853881836,0.005255612079054117,0.6440991163253784,0.5104575753211975,-0.021694310009479523,0.6412696242332458,0.5687040686607361,-0.016064276918768883,0.6423399448394775,0.5815889239311218,-0.002213644329458475,0.672219455242157,0.5578872561454773,-0.0072258235886693,0.668421745300293,0.5269161462783813,-0.01756412163376808,0.6628922820091248,0.5680161118507385,-0.008597632870078087,0.6634222269058228,0.5837522745132446,0.0031643661204725504
0.6651849746704102,0.700900673866272,-3.23556292869398e-07,0.6216127872467041,0.6696006059646606,-0.013565833680331707,0.5941668152809143,0.6058238744735718,-0.01638883911073208,0.6026981472969055,0.5456089377403259,-0.02213248237967491,0.6255002617835999,0.5129091143608093,-0.023011339828372,0.5870239734649658,0.5574144124984741,0.02118842862546444,0.5777366161346436,0.5051610469818115,-0.004218571353703737,0.5873255133628845,0.5479916930198669,-0.0166036207228899,0.5964719653129578,0.56820148229599,-0.019147014245390892,0.6139649152755737,0.5495055913925171,0.017833376303315163,0.6097919940948486,0.4952617287635803,-0.008931448683142662,0.6143604516983032,0.5521149635314941,-0.013938450254499912,0.6186342835426331,0.5653917789459229,-0.007064983248710632,0.6427415609359741,0.5503897666931152,0.007662302814424038,0.6440064907073975,0.5097411870956421,-0.01915872097015381,0.6419408917427063,0.5682103633880615,-0.013680389150977135,0.6422907114028931,0.5820249319076538,0.0001905622921185568,0.6717886328697205,0.5573551654815674,-0.004432357382029295,0.6688616871833801,0.5256999731063843,-0.01465707365423441,0.6637913584709167,0.5668150186538696,-0.005838809534907341,0.6635755896568298,0.5830458402633667,0.00588461197912693
0.6643254160881042,0.7014318704605103,-3.2800457461235055e-07,0.6219998002052307,0.6697830557823181,-0.013837771490216255,0.5948495268821716,0.6089730262756348,-0.017753345891833305,0.6013148427009583,0.5488333106040955,-0.024471918120980263,0.6222307682037354,0.5124523043632507,-0.026243986561894417,0.5870160460472107,0.5576919317245483,0.019140921533107758,0.577887237071991,0.5048045516014099,-0.007225502282381058,0.5871738791465759,0.547198474407196,-0.02007056400179863,0.5959988832473755,0.5676579475402832,-0.02283172868192196,0.6137944459915161,0.5503358840942383,0.01562741957604885,0.6102556586265564,0.4956776201725006,-0.011350300163030624,0.6148573756217957,0.5532128810882568,-0.016047073528170586,0.6188822984695435,0.5664611458778381,-0.009294338524341583,0.6425658464431763,0.551174521446228,0.005362953059375286,0.6442994475364685,0.5094351172447205,-0.021726135164499283,0.6418660879135132,0.5680583119392395,-0.015563659369945526,0.6417348384857178,0.5821653008460999,-0.00147856620606035,0.6716687679290771,0.558310866355896,-0.0068262722343206406,0.6692140102386475,0.5254421234130859,-0.01741304062306881,0.6637930870056152,0.5665789842605591,-0.008196890354156494,0.6629860401153564,0.583831250667572,0.003771756310015917
0.6645315885543823,0.7033171057701111,-3.4280108707207546e-07,0.6218301653862,0.6715763807296753,-0.013752191327512264,0.5946767330169678,0.6076290607452393,-0.016686033457517624,0.6018567681312561,0.5477377772331238,-0.02237764187157154,0.6220352053642273,0.5121216773986816,-0.022967621684074402,0.5863951444625854,0.5566667914390564,0.020405137911438942,0.5786565542221069,0.5048639178276062,-0.005540397949516773,0.5882123708724976,0.5491671562194824,-0.01796836033463478,0.5960439443588257,0.5692547559738159,-0.020472463220357895,0.6129681468009949,0.5492355227470398,0.017014453187584877,0.6108117699623108,0.49587950110435486,-0.009705188684165478,0.6153906583786011,0.5543168187141418,-0.01425191480666399,0.6184205412864685,0.5663496255874634,-0.007332810200750828,0.6417503356933594,0.5504632592201233,0.006780605297535658,0.6445702314376831,0.5097652077674866,-0.020339639857411385,0.6423346996307373,0.5689913630485535,-0.014186420477926731,0.641533613204956,0.5821382999420166,-7.524913235101849e-05,0.6707783937454224,0.5579320192337036,-0.005370305385440588,0.6695576310157776,0.5257810950279236,-0.016236452385783195,0.6642016768455505,0.5677108764648438,-0.007123572286218405,0.6626744866371155,0.5844545364379883,0.004871934652328491
0.665093719959259,0.703239917755127,-3.279747033957392e-07,0.6221963167190552,0.6710568070411682,-0.014090793207287788,0.5951126217842102,0.606452226638794,-0.016991952434182167,0.6035817265510559,0.54737788438797,-0.022650830447673798,0.6254476308822632,0.5146713256835938,-0.02332962490618229,0.5862937569618225,0.5576724410057068,0.020435946062207222,0.5778958797454834,0.5057855844497681,-0.005365429911762476,0.5874364972114563,0.5489680767059326,-0.01775776967406273,0.595879852771759,0.568854033946991,-0.020224248990416527,0.6130443215370178,0.5498539209365845,0.017167508602142334,0.6104148030281067,0.4957529902458191,-0.0095215430483222,0.6148138642311096,0.5537949204444885,-0.013963832519948483,0.6183457374572754,0.5660163164138794,-0.00682579493150115,0.6421678066253662,0.5510061979293823,0.006995826959609985,0.6442403197288513,0.5094779133796692,-0.019852429628372192,0.6419154405593872,0.5681982040405273,-0.01384197361767292,0.6416376829147339,0.580915093421936,0.0002190265222452581,0.6711767315864563,0.5585227608680725,-0.005159175023436546,0.6688260436058044,0.5265723466873169,-0.015498410910367966,0.6634883880615234,0.5679605603218079,-0.006298075895756483,0.6627905368804932,0.5841073393821716,0.005673065781593323
0.6652652025222778,0.7025571465492249,-3.216029824670841e-07,0.6225574016571045,0.6712102890014648,-0.015194122679531574,0.5954896211624146,0.6064322590827942,-0.01882203109562397,0.6044127941131592,0.5466102361679077,-0.024990424513816833,0.6267789602279663,0.5146518349647522,-0.02593955211341381,0.5865126252174377,0.558311939239502,0.01902966946363449,0.5778046250343323,0.5051791071891785,-0.006915448699146509,0.5883691310882568,0.5494564771652222,-0.019237734377384186,0.5966402888298035,0.5691031813621521,-0.021692529320716858,0.6133377552032471,0.5504598021507263,0.016291670501232147,0.6103928685188293,0.49652016162872314,-0.010523262433707714,0.6156165599822998,0.5547642111778259,-0.014864272437989712,0.6189489960670471,0.5663342475891113,-0.007716466672718525,0.6422566771507263,0.5515985488891602,0.006576284300535917,0.6446903944015503,0.51009202003479,-0.019880862906575203,0.642596960067749,0.5679945945739746,-0.013898951932787895,0.6418758034706116,0.5799840688705444,-5.630449959426187e-05,0.6710663437843323,0.55857253074646,-0.005263458471745253,0.669563353061676,0.526756763458252,-0.014924450777471066,0.6641524434089661,0.5675463080406189,-0.005743089597672224,0.6629223227500916,0.5834857225418091,0.006000569090247154
0.6657821536064148,0.7034489512443542,-3.285518630491424e-07,0.6220263838768005,0.6710792183876038,-0.0142145287245512,0.5951200127601624,0.6078824996948242,-0.01756262592971325,0.6029621958732605,0.5477285981178284,-0.023749422281980515,0.6240638494491577,0.5127562880516052,-0.024948352947831154,0.587012529373169,0.5592489242553711,0.02096186950802803,0.577060878276825,0.5070635676383972,-0.005129888188093901,0.5874788761138916,0.5499656796455383,-0.018161598592996597,0.5963912606239319,0.5698975324630737,-0.020984504371881485,0.6137630939483643,0.5513569116592407,0.01774507202208042,0.6102885007858276,0.49719715118408203,-0.009073487482964993,0.6154541373252869,0.5551134347915649,-0.014144173823297024,0.6191504597663879,0.5683162808418274,-0.007476374506950378,0.642683744430542,0.5522608757019043,0.007593025453388691,0.644568145275116,0.509414553642273,-0.019188709557056427,0.6424119472503662,0.5676900744438171,-0.013380426913499832,0.6420372128486633,0.5817733407020569,0.0005516214878298342,0.6716717481613159,0.5594916939735413,-0.0045727575197815895,0.6695826649665833,0.5262317061424255,-0.014595977030694485,0.6641324162483215,0.5674951076507568,-0.005241741891950369,0.6630375385284424,0.5850006341934204,0.006848537363111973
0.6653821468353271,0.7028944492340088,-3.304570554973907e-07,0.6219882369041443,0.672299325466156,-0.01391290221363306,0.5942357778549194,0.610321044921875,-0.017749086022377014,0.6012870669364929,0.5491523742675781,-0.024401400238275528,0.6221092343330383,0.5120630264282227,-0.026159103959798813,0.5876882672309875,0.5593105554580688,0.020059021189808846,0.5783096551895142,0.508030891418457,-0.005721451248973608,0.5878177285194397,0.5516580939292908,-0.018617307767271996,0.5969395041465759,0.5714600682258606,-0.021624967455863953,0.6140627861022949,0.5512747764587402,0.016578206792473793,0.6101357936859131,0.4973703622817993,-0.009907846339046955,0.6147482395172119,0.5547826290130615,-0.014787553809583187,0.6196485757827759,0.5677896738052368,-0.008226128295063972,0.6426451802253723,0.5519894361495972,0.006315914448350668,0.6438876986503601,0.5101824402809143,-0.019985774531960487,0.6414827704429626,0.5679380893707275,-0.013901541009545326,0.6421399116516113,0.5814642310142517,-8.0796868132893e-05,0.6719496250152588,0.5587035417556763,-0.005942521616816521,0.6688774228096008,0.5262698531150818,-0.015682680532336235,0.6631792783737183,0.5675537586212158,-0.006260656751692295,0.6628623008728027,0.5844957828521729,0.005667620338499546
0.6646188497543335,0.7037032246589661,-3.194822397745156e-07,0.6222720742225647,0.6746793985366821,-0.015561469830572605,0.5950171947479248,0.6089878082275391,-0.01906370371580124,0.6037321090698242,0.5463359951972961,-0.024912070482969284,0.6255279183387756,0.5105013251304626,-0.02562408149242401,0.588150680065155,0.5607238411903381,0.019010048359632492,0.5781596899032593,0.509459376335144,-0.007120090536773205,0.5883861780166626,0.5508404970169067,-0.01947675459086895,0.5988200902938843,0.5684822201728821,-0.022034505382180214,0.6149353981018066,0.552432656288147,0.01640758477151394,0.6107789874076843,0.49869653582572937,-0.010636025108397007,0.6151289939880371,0.555866003036499,-0.014828195795416832,0.619878888130188,0.5658493638038635,-0.007566547952592373,0.6436050534248352,0.5535757541656494,0.006688822526484728,0.6448682546615601,0.5118128061294556,-0.020825516432523727,0.6415773630142212,0.5704879760742188,-0.014677364379167557,0.6419930458068848,0.5814442038536072,-0.0005417779320850968,0.6726691722869873,0.5596534013748169,-0.005154003854840994,0.6694536209106445,0.528084397315979,-0.016188042238354683,0.6634705066680908,0.5692540407180786,-0.007434910628944635,0.6633466482162476,0.5839717984199524,0.004214208573102951
0.6646657586097717,0.704897403717041,-3.351617579028243e-07,0.6217740178108215,0.6762393712997437,-0.015158683061599731,0.5951547026634216,0.6111577749252319,-0.018744606524705887,0.6026079058647156,0.5489299893379211,-0.024711284786462784,0.6210666298866272,0.5097110867500305,-0.025457071140408516,0.5881723761558533,0.5608228445053101,0.018922319635748863,0.5787011981010437,0.5094518065452576,-0.007239664439111948,0.588502049446106,0.5522330403327942,-0.019393440335989,0.5984357595443726,0.5703046321868896,-0.021731989458203316,0.614812970161438,0.5525681972503662,0.01614428125321865,0.6104492545127869,0.49954643845558167,-0.010540122166275978,0.6148629784584045,0.557900607585907,-0.014277559705078602,0.6201953887939453,0.5674492716789246,-0.00680261617526412,0.6435999870300293,0.553733229637146,0.0063001434318721294,0.6438467502593994,0.5122262835502625,-0.021200032904744148,0.6407721042633057,0.5717245936393738,-0.014219455420970917,0.641846776008606,0.5825380682945251,0.00046373039367608726,0.672697126865387,0.5601364970207214,-0.005592653062194586,0.6683348417282104,0.5276902914047241,-0.01691639982163906,0.6626079082489014,0.5693159103393555,-0.007475342135876417,0.6629379391670227,0.5843544602394104,0.004833694081753492
0.6646178364753723,0.7043464183807373,-3.279786255916406e-07,0.621189296245575,0.675456702709198,-0.015090178698301315,0.5939688682556152,0.6098178625106812,-0.018733207136392593,0.6020952463150024,0.5480750203132629,-0.024881433695554733,0.6227798461914062,0.510791003704071,-0.025829732418060303,0.5886083841323853,0.5589601993560791,0.0192448440939188,0.5779699683189392,0.5094781517982483,-0.006615969818085432,0.588143527507782,0.5536041855812073,-0.0187770314514637,0.5990155339241028,0.5706343650817871,-0.021442877128720284,0.6151587963104248,0.5507777333259583,0.01622427999973297,0.6102882623672485,0.4987308979034424,-0.01054650079458952,0.6141120195388794,0.5567536354064941,-0.014577128924429417,0.6196337342262268,0.5656865239143372,-0.007430180907249451,0.6436715722084045,0.5524504780769348,0.0061018443666398525,0.6437023878097534,0.5118843913078308,-0.021129915490746498,0.6397696733474731,0.5712723731994629,-0.014703859575092793,0.6409481763839722,0.5816792249679565,-0.0005831950111314654,0.6725633144378662,0.5590704083442688,-0.0061383964493870735,0.6678372025489807,0.5290774703025818,-0.017047084867954254,0.661329984664917,0.5705175399780273,-0.008182389661669731,0.6617368459701538,0.5847532153129578,0.0034764546435326338
0.6640617847442627,0.7030587196350098,-3.2247120884676406e-07,0.6218068599700928,0.6746550798416138,-0.01503371074795723,0.5940645337104797,0.6105007529258728,-0.01885175332427025,0.6013693809509277,0.5491704344749451,-0.025225801393389702,0.6237067580223083,0.5127442479133606,-0.026632733643054962,0.5881348252296448,0.5591867566108704,0.01868872344493866,0.5774174928665161,0.5098156929016113,-0.007340787444263697,0.587346076965332,0.5520128011703491,-0.019891230389475822,0.598471999168396,0.5696337819099426,-0.022861013188958168,0.614459216594696,0.5506081581115723,0.015538932755589485,0.6098424792289734,0.49762219190597534,-0.011667299084365368,0.6135767102241516,0.5548731088638306,-0.016033604741096497,0.619025707244873,0.5655576586723328,-0.00900974590331316,0.6427885293960571,0.5518555641174316,0.005383952520787716,0.6433987021446228,0.5110297799110413,-0.02201038971543312,0.6394820213317871,0.5700166821479797,-0.01592816784977913,0.640346109867096,0.5817041993141174,-0.001991255907341838,0.6716738343238831,0.5587105751037598,-0.006913950201123953,0.6681455373764038,0.5294528007507324,-0.018141860142350197,0.6615071892738342,0.5705239772796631,-0.009856386110186577,0.6612427234649658,0.5852199792861938,0.0013558922801166773
0.6638843417167664,0.7042943239212036,-3.1329491889664496e-07,0.6201409101486206,0.6732580065727234,-0.014716846868395805,0.5930541753768921,0.6100935339927673,-0.018825598061084747,0.6006713509559631,0.5481055974960327,-0.025923827663064003,0.6241786479949951,0.5121537446975708,-0.028004363179206848,0.5884073376655579,0.5599761009216309,0.021027961745858192,0.5768496990203857,0.5087020993232727,-0.005420706234872341,0.5864086151123047,0.550080418586731,-0.017998376861214638,0.5970621109008789,0.5679773688316345,-0.02039647474884987,0.6148948073387146,0.5528338551521301,0.018005600199103355,0.6104212403297424,0.5003557205200195,-0.008947747759521008,0.6140009164810181,0.5583866238594055,-0.01283517200499773,0.6188269257545471,0.569229245185852,-0.005225381813943386,0.6432187557220459,0.5542566776275635,0.007687400095164776,0.6435933709144592,0.5122954845428467,-0.019886769354343414,0.6394680738449097,0.5712746381759644,-0.013905092142522335,0.6401790976524353,0.5844828486442566,0.00046558084432035685,0.671870231628418,0.5607032775878906,-0.00472380081191659,0.6677504777908325,0.5281259417533875,-0.01538090594112873,0.6608654260635376,0.5688426494598389,-0.006683011073619127,0.6606941819190979,0.585867702960968,0.005132044665515423
0.6640961766242981,0.7043389678001404,-3.2766953950158495e-07,0.620306670665741,0.6741532683372498,-0.01474367082118988,0.5923601388931274,0.6107703447341919,-0.018823733553290367,0.5993538498878479,0.5483520030975342,-0.025725720450282097,0.6217971444129944,0.5120435953140259,-0.027599144726991653,0.5874238610267639,0.5610061287879944,0.01935002952814102,0.5770373940467834,0.5087128281593323,-0.008032477460801601,0.587596595287323,0.5507498383522034,-0.021373862400650978,0.5982252955436707,0.5703876614570618,-0.024208590388298035,0.6139827966690063,0.553475022315979,0.016131646931171417,0.610135555267334,0.4995657205581665,-0.012137314304709435,0.6145609617233276,0.5579540729522705,-0.01687362790107727,0.6194976568222046,0.5713016390800476,-0.009614654816687107,0.6422693133354187,0.5542601346969604,0.005777726881206036,0.6437367796897888,0.5128775835037231,-0.02229437418282032,0.639873743057251,0.571971595287323,-0.016269072890281677,0.639959454536438,0.5861020088195801,-0.001804751344025135,0.6709098815917969,0.5602974891662598,-0.006662251427769661,0.6675269603729248,0.5291945338249207,-0.017341842874884605,0.6610270738601685,0.5701037645339966,-0.008355489000678062,0.6604177355766296,0.5867187976837158,0.003622449701651931
0.6638501882553101,0.705090343952179,-3.211216039744613e-07,0.6202710866928101,0.6757786870002747,-0.014551607891917229,0.5916597843170166,0.6134784817695618,-0.019178224727511406,0.5969493389129639,0.5506999492645264,-0.026656173169612885,0.6182052493095398,0.5130804777145386,-0.029348909854888916,0.5871403813362122,0.5604428052902222,0.018619773909449577,0.5764612555503845,0.510000467300415,-0.009296036325395107,0.5874493718147278,0.5504292845726013,-0.023331711068749428,0.5996057391166687,0.5691382884979248,-0.02675987035036087,0.6138184666633606,0.5526611804962158,0.015054835937917233,0.609600305557251,0.49979859590530396,-0.013564321212470531,0.614075779914856,0.5577855706214905,-0.01857849210500717,0.6199753880500793,0.5708178877830505,-0.011674041859805584,0.6423007845878601,0.5533778667449951,0.004427622072398663,0.6431169509887695,0.5125807523727417,-0.024022793397307396,0.6394734978675842,0.5724064111709595,-0.017795788124203682,0.6406530737876892,0.5866858959197998,-0.0032868622802197933,0.671474814414978,0.5593820810317993,-0.008286632597446442,0.6671993136405945,0.5294677019119263,-0.019604330882430077,0.6611220240592957,0.5707493424415588,-0.010784147307276726,0.661578357219696,0.5865241289138794,0.001096476218663156
0.6642321944236755,0.7049827575683594,-3.207781276159949e-07,0.6195356845855713,0.6752200722694397,-0.013433711603283882,0.5911812782287598,0.6129329800605774,-0.017294809222221375,0.5981307625770569,0.550759494304657,-0.02424534223973751,0.6193439364433289,0.5135469436645508,-0.02652866393327713,0.5869905948638916,0.5628086924552917,0.019481031224131584,0.5756374597549438,0.5104861259460449,-0.007615555077791214,0.5867423415184021,0.5501001477241516,-0.02135254070162773,0.5987398028373718,0.5701375007629395,-0.024650150910019875,0.613973081111908,0.5546385049819946,0.01564898155629635,0.608791172504425,0.5001479387283325,-0.01238393783569336,0.6136668920516968,0.5566452145576477,-0.01771687902510166,0.6194278597831726,0.57108074426651,-0.011162522248923779,0.6425852179527283,0.5548350811004639,0.0049369060434401035,0.6425543427467346,0.5131738781929016,-0.022552642971277237,0.6391483545303345,0.5715816020965576,-0.016648797318339348,0.6400867700576782,0.5869074463844299,-0.0025949429254978895,0.6715011596679688,0.5602253079414368,-0.007799949962645769,0.6667463183403015,0.5293496251106262,-0.01854064129292965,0.660801112651825,0.5692794322967529,-0.009923664852976799,0.6612498760223389,0.5854457020759583,0.0016151628224179149
0.6646125316619873,0.7060815095901489,-3.3510735875097453e-07,0.6200542449951172,0.6757117509841919,-0.013566834852099419,0.5909103155136108,0.6116613745689392,-0.017470205202698708,0.5982506275177002,0.5499721765518188,-0.02435472048819065,0.6203804016113281,0.5137040615081787,-0.02638258971273899,0.5872262716293335,0.5629696249961853,0.01825837604701519,0.5760126113891602,0.5101845264434814,-0.0082616675645113,0.5867409706115723,0.5531920790672302,-0.021288543939590454,0.597785472869873,0.5734970569610596,-0.024344660341739655,0.6139779686927795,0.554732620716095,0.014417109079658985,0.6095170378684998,0.4995470941066742,-0.013524527661502361,0.6139581799507141,0.5580347776412964,-0.018473399803042412,0.6192274689674377,0.5728282332420349,-0.011635635048151016,0.6422978639602661,0.5550588369369507,0.0038208765909075737,0.6432257890701294,0.5130235552787781,-0.022884085774421692,0.6393596529960632,0.5720475912094116,-0.016687193885445595,0.6398334503173828,0.5873684287071228,-0.0026567589957267046,0.6710093021392822,0.5603173971176147,-0.008845904842019081,0.6673012375831604,0.5290364027023315,-0.018642906099557877,0.6609759330749512,0.5689958930015564,-0.009776254184544086,0.661003589630127,0.5848675966262817,0.0017074303468689322
0.6644816994667053,0.7055569887161255,-3.199068316916964e-07,0.6188856959342957,0.6752161979675293,-0.012975904159247875,0.5907140374183655,0.6130738854408264,-0.017107272520661354,0.5980452299118042,0.5510170459747314,-0.024508733302354813,0.6190983653068542,0.512645423412323,-0.027477314695715904,0.5877768993377686,0.5616645216941833,0.01993449777364731,0.5764448642730713,0.5108650326728821,-0.006757752038538456,0.5858837366104126,0.5506505370140076,-0.020621448755264282,0.5973309278488159,0.5704053044319153,-0.024153854697942734,0.6145536303520203,0.5539555549621582,0.01567552611231804,0.6098718047142029,0.499520480632782,-0.012069592252373695,0.6133124232292175,0.5562580823898315,-0.017687425017356873,0.6190386414527893,0.5719501972198486,-0.011409001424908638,0.6428499817848206,0.5548424124717712,0.00462263822555542,0.6431448459625244,0.5129398703575134,-0.02267622947692871,0.6385334730148315,0.5711849331855774,-0.01737629994750023,0.6393073797225952,0.5876222252845764,-0.0037860353477299213,0.6714885234832764,0.5611772537231445,-0.008353602141141891,0.666548490524292,0.52910315990448,-0.018695620819926262,0.6598342061042786,0.5693922638893127,-0.010014070197939873,0.6601681113243103,0.5868327021598816,0.001471135881729424
0.6639283895492554,0.7046278715133667,-3.161166546306049e-07,0.6184267401695251,0.6745674014091492,-0.012569069862365723,0.5908539295196533,0.6130516529083252,-0.016369258984923363,0.5978582501411438,0.5511325597763062,-0.023489871993660927,0.6176126003265381,0.5119823217391968,-0.026259219273924828,0.5872375965118408,0.5613467693328857,0.020931966602802277,0.5762014985084534,0.5111685395240784,-0.0060115233063697815,0.5855615139007568,0.5496230721473694,-0.02047509327530861,0.5971202850341797,0.5700836777687073,-0.02437017671763897,0.6140332818031311,0.5535520315170288,0.01645556092262268,0.6093150973320007,0.4989120066165924,-0.011628184467554092,0.612786591053009,0.5547909736633301,-0.01800520159304142,0.6183077692985535,0.5712506175041199,-0.012214239686727524,0.64244544506073,0.5543432235717773,0.005209857132285833,0.6424540877342224,0.5124130845069885,-0.02251281589269638,0.6379750967025757,0.5706341862678528,-0.017544744536280632,0.6383757591247559,0.5878353118896484,-0.004108088556677103,0.6711358428001404,0.5607977509498596,-0.007924627512693405,0.6661401391029358,0.5298594236373901,-0.019060175865888596,0.6593913435935974,0.5703144073486328,-0.010817598551511765,0.6591299176216125,0.5878868103027344,0.000488261051941663
0.6640986800193787,0.7052162885665894,-2.9430509584926767e-07,0.6190868616104126,0.6756494641304016,-0.012337046675384045,0.5909497141838074,0.613396406173706,-0.016177278012037277,0.5969452857971191,0.5507653951644897,-0.02339920774102211,0.6161598563194275,0.51039719581604,-0.026496756821870804,0.5881445407867432,0.5626640915870667,0.02081812359392643,0.5761433243751526,0.512464702129364,-0.005727028474211693,0.585658609867096,0.5472657680511475,-0.020549623295664787,0.5987728238105774,0.5682878494262695,-0.02473786473274231,0.6147067546844482,0.5544236302375793,0.016436776146292686,0.6094807386398315,0.49902090430259705,-0.011182871647179127,0.6127830147743225,0.5519146919250488,-0.01807154156267643,0.6193270683288574,0.5701150298118591,-0.012771128676831722,0.6427631974220276,0.5551365613937378,0.0054002366960048676,0.6426644325256348,0.5123010873794556,-0.021766511723399162,0.6376733779907227,0.5690121650695801,-0.017533810809254646,0.6386108994483948,0.5883691310882568,-0.0047163888812065125,0.6711996793746948,0.5612373352050781,-0.0074991341680288315,0.6660526990890503,0.5297135710716248,-0.01850544475018978,0.6589388847351074,0.5690777897834778,-0.010855033062398434,0.6588758826255798,0.5875522494316101,-5.240464088274166e-05
0.6634063720703125,0.7052389979362488,-3.203393532658083e-07,0.6189166903495789,0.6765367388725281,-0.01209926325827837,0.5902470350265503,0.6121082901954651,-0.01516269613057375,0.5978624224662781,0.5491927862167358,-0.021441081538796425,0.6192700266838074,0.5111886858940125,-0.023514967411756516,0.58743816614151,0.5620783567428589,0.01983238011598587,0.5759758949279785,0.5113247036933899,-0.0063103861175477505,0.5850465297698975,0.5490260720252991,-0.020331405103206635,0.597078263759613,0.5710040926933289,-0.02411433681845665,0.6140217185020447,0.5538358688354492,0.015400564298033714,0.6085411906242371,0.4977256655693054,-0.012189080938696861,0.6119197010993958,0.5524914860725403,-0.018413357436656952,0.618428111076355,0.5710086226463318,-0.012501132674515247,0.6423258781433105,0.5546704530715942,0.004435126669704914,0.6422705054283142,0.5119256377220154,-0.022865528240799904,0.6372458338737488,0.5699290037155151,-0.018236834555864334,0.6378687024116516,0.5891456604003906,-0.005036689806729555,0.6710358262062073,0.5612621307373047,-0.008344610221683979,0.6656004786491394,0.5294061303138733,-0.01988193951547146,0.6586159467697144,0.569611132144928,-0.01230626180768013,0.6585044264793396,0.5881120562553406,-0.001472596311941743
0.6625248193740845,0.7029722929000854,-3.416077731799305e-07,0.6180902123451233,0.6757558584213257,-0.01251643244177103,0.5893563032150269,0.6115905046463013,-0.016062943264842033,0.5978764891624451,0.5486233830451965,-0.022596517577767372,0.619755208492279,0.5107311606407166,-0.02483200468122959,0.5877993106842041,0.5588942766189575,0.017797280102968216,0.5753340721130371,0.5118347406387329,-0.008523565717041492,0.5843363404273987,0.5519176721572876,-0.02209097146987915,0.5967003107070923,0.5713130235671997,-0.025916408747434616,0.6139033436775208,0.5504743456840515,0.013238742016255856,0.6068071126937866,0.4979681074619293,-0.014273918233811855,0.6103299260139465,0.5554251074790955,-0.019318748265504837,0.6177791953086853,0.570715606212616,-0.012946049682796001,0.6420100927352905,0.5517510771751404,0.0021287635900080204,0.6401609182357788,0.5107764005661011,-0.025121429935097694,0.635405421257019,0.57016521692276,-0.019132034853100777,0.637451171875,0.5859672427177429,-0.005418970249593258,0.6706604361534119,0.5590600967407227,-0.01089994516223669,0.6639391779899597,0.5307023525238037,-0.022560330107808113,0.6567677855491638,0.5715681314468384,-0.01464089285582304,0.6577661633491516,0.5877923369407654,-0.003768548369407654
0.6626675128936768,0.7029219269752502,-3.0836756081953354e-07,0.6186435222625732,0.674667477607727,-0.01140974834561348,0.5901936292648315,0.6126542091369629,-0.014690197072923183,0.5978270769119263,0.5514277815818787,-0.021266646683216095,0.6195182204246521,0.5147616863250732,-0.02389504946768284,0.5873603224754333,0.5614503622055054,0.018630221486091614,0.5755263566970825,0.5112698674201965,-0.007042670622467995,0.5843625068664551,0.5469370484352112,-0.021018443629145622,0.596484363079071,0.5681332349777222,-0.0250096395611763,0.6134048104286194,0.5537058115005493,0.013855937868356705,0.608644425868988,0.496940553188324,-0.01316024735569954,0.611155092716217,0.550796389579773,-0.01932327076792717,0.6166979074478149,0.5693450570106506,-0.013689962215721607,0.6412085294723511,0.5547595024108887,0.002856411039829254,0.6416935920715332,0.5105786919593811,-0.023793229833245277,0.636457085609436,0.5674145817756653,-0.019144896417856216,0.6369657516479492,0.5864108204841614,-0.006254087667912245,0.6697202920913696,0.5620482563972473,-0.009902418591082096,0.6653568744659424,0.528955340385437,-0.02135268598794937,0.6579921841621399,0.5683436989784241,-0.01390056312084198,0.6574127078056335,0.5873715877532959,-0.0033104533795267344
0.6623125672340393,0.7028490304946899,-3.376976849267521e-07,0.6194125413894653,0.6751277446746826,-0.01294933445751667,0.5913191437721252,0.611437201499939,-0.01715392991900444,0.599991500377655,0.549522876739502,-0.024319350719451904,0.6224173903465271,0.512890100479126,-0.026918070390820503,0.588452160358429,0.5598667860031128,0.016336457803845406,0.5761073231697083,0.5088018178939819,-0.009764105081558228,0.5851463675498962,0.5516960620880127,-0.022464072331786156,0.5962784290313721,0.5717813968658447,-0.025565218180418015,0.6143134832382202,0.5525447130203247,0.011929785832762718,0.6084460616111755,0.49753063917160034,-0.01480037346482277,0.6113824248313904,0.5555868744850159,-0.019078589975833893,0.6172183156013489,0.5697874426841736,-0.01232320349663496,0.642277717590332,0.5543496012687683,0.0010862736962735653,0.6411672830581665,0.5104605555534363,-0.025410577654838562,0.6364390254020691,0.5703146457672119,-0.0189814493060112,0.6378846168518066,0.5862014889717102,-0.0051324330270290375,0.6709882616996765,0.5615745186805725,-0.01168004423379898,0.6647826433181763,0.5296337008476257,-0.022634761407971382,0.6575803756713867,0.5707932710647583,-0.013993555679917336,0.658071756362915,0.5884393453598022,-0.002623731503263116
0.6637837290763855,0.7026044726371765,-3.2904819136092556e-07,0.620344340801239,0.6729899048805237,-0.012463265098631382,0.5920683145523071,0.6118280291557312,-0.016738353297114372,0.5989810228347778,0.5508589148521423,-0.024205610156059265,0.6206479072570801,0.5143096446990967,-0.02718464657664299,0.5880887508392334,0.5595844388008118,0.017592430114746094,0.5761426687240601,0.5067859888076782,-0.008805477991700172,0.5843319296836853,0.5476377606391907,-0.02198438160121441,0.5950782895088196,0.5700375437736511,-0.024946458637714386,0.61443692445755,0.5528920292854309,0.013268141075968742,0.6090700626373291,0.4976261258125305,-0.013545043766498566,0.6117285490036011,0.554223895072937,-0.01815059594810009,0.6172009110450745,0.5712893605232239,-0.01136815920472145,0.6425654888153076,0.5547025203704834,0.002495603170245886,0.6413599848747253,0.5119501948356628,-0.023774145171046257,0.6368387341499329,0.5702659487724304,-0.017722155898809433,0.6382592916488647,0.588130533695221,-0.003899017348885536,0.6712227463722229,0.562251627445221,-0.010130486451089382,0.6654013395309448,0.5305478572845459,-0.020463474094867706,0.6583658456802368,0.5704773664474487,-0.011738845147192478,0.6588201522827148,0.5887470245361328,-0.00019681773846969008
0.6638597846031189,0.7047574520111084,-3.2797456128719205e-07,0.6192031502723694,0.6736385226249695,-0.013496475294232368,0.5919622182846069,0.6088569760322571,-0.01807468570768833,0.6018794775009155,0.547123372554779,-0.025712164118885994,0.6259060502052307,0.5129588842391968,-0.028619563207030296,0.5883044004440308,0.5604061484336853,0.016853338107466698,0.5771053433418274,0.5073627829551697,-0.009436653926968575,0.5864041447639465,0.5517942905426025,-0.022231919690966606,0.5970642566680908,0.5724905133247375,-0.025202259421348572,0.6148127317428589,0.5537723302841187,0.012743120081722736,0.6096656918525696,0.4983271360397339,-0.014115912839770317,0.6128189563751221,0.5563721060752869,-0.01853041537106037,0.6189067959785461,0.5704178214073181,-0.01170056127011776,0.6430809497833252,0.5555627346038818,0.0020442900713533163,0.6429116725921631,0.5127713084220886,-0.023976067081093788,0.6382398009300232,0.5715317726135254,-0.017759859561920166,0.6402885317802429,0.587171196937561,-0.003953651059418917,0.6718527674674988,0.5620531439781189,-0.010674024000763893,0.6661354899406433,0.5293580293655396,-0.019835373386740685,0.6590347290039062,0.5695899724960327,-0.010436084121465683,0.6603343486785889,0.587012529373169,0.0013203145936131477
0.6639916300773621,0.7039334774017334,-3.412529849811108e-07,0.6204330921173096,0.6741630434989929,-0.013794432394206524,0.5921511650085449,0.611470103263855,-0.01809891127049923,0.5983917713165283,0.5496503710746765,-0.025425149127840996,0.620896577835083,0.5133509039878845,-0.027871914207935333,0.5878573060035706,0.5588088631629944,0.01817249320447445,0.5768564939498901,0.5059426426887512,-0.008523637428879738,0.5861396789550781,0.5502609610557556,-0.02118399553000927,0.5958772301673889,0.5706603527069092,-0.023710452020168304,0.6143704056739807,0.5524047017097473,0.014311390928924084,0.6096373200416565,0.49801814556121826,-0.012841358780860901,0.6134231090545654,0.5569209456443787,-0.01692134700715542,0.6183701157569885,0.5699566006660461,-0.009574023075401783,0.6426841616630554,0.5543254017829895,0.003654159838333726,0.6425246000289917,0.5132129788398743,-0.0234797615557909,0.6390482187271118,0.5728394389152527,-0.016889246180653572,0.6401681900024414,0.5868366956710815,-0.0023778965696692467,0.671683132648468,0.561305046081543,-0.008955015800893307,0.6666063070297241,0.528096616268158,-0.01888725906610489,0.6604244709014893,0.5692234635353088,-0.009053231216967106,0.6608918905258179,0.5863322019577026,0.003342992626130581
0.6647703647613525,0.7056306600570679,-3.296021020560147e-07,0.6202404499053955,0.6750369071960449,-0.014518697746098042,0.5923617482185364,0.6080197095870972,-0.018228432163596153,0.6027360558509827,0.5465843081474304,-0.024738963693380356,0.6262219548225403,0.5131222605705261,-0.026348110288381577,0.5871232748031616,0.5592340230941772,0.018436206504702568,0.5773678421974182,0.5084506869316101,-0.007979235611855984,0.5860288739204407,0.5512765049934387,-0.020444195717573166,0.5958523750305176,0.5694530010223389,-0.023153919726610184,0.6137705445289612,0.5519015192985535,0.014947774820029736,0.6102646589279175,0.49901261925697327,-0.012577819637954235,0.6133269667625427,0.5577884912490845,-0.016669215634465218,0.6181749701499939,0.5686864256858826,-0.009285974316298962,0.6424199938774109,0.553534984588623,0.0044904788956046104,0.6433786749839783,0.5128836631774902,-0.02280021645128727,0.6392792463302612,0.572435200214386,-0.016384873539209366,0.6404339671134949,0.5848522186279297,-0.0021269558928906918,0.671345591545105,0.5599763989448547,-0.00808794517070055,0.6673560738563538,0.5291455388069153,-0.01854591630399227,0.6605758666992188,0.5707595944404602,-0.009509766474366188,0.6610345840454102,0.5865710973739624,0.0022523135412484407
0.6648432612419128,0.7055939435958862,-3.3782336572585336e-07,0.6207852363586426,0.6763549447059631,-0.013830115087330341,0.5916629433631897,0.6096678376197815,-0.017078947275877,0.5999947190284729,0.5459543466567993,-0.023317767307162285,0.6237803101539612,0.510043203830719,-0.024739950895309448,0.5878546237945557,0.5607420206069946,0.01947908103466034,0.5765292048454285,0.5096945762634277,-0.007033214438706636,0.586395263671875,0.5508954524993896,-0.019479822367429733,0.5979711413383484,0.5688230395317078,-0.021995684131979942,0.6142885684967041,0.552585244178772,0.015809068456292152,0.609130322933197,0.4987298846244812,-0.012161165475845337,0.6132461428642273,0.5580183863639832,-0.016025276854634285,0.6192921996116638,0.5713406205177307,-0.008065000176429749,0.642719566822052,0.5535454154014587,0.005127712152898312,0.6419227123260498,0.5121304392814636,-0.022810885682702065,0.6387181878089905,0.5724917650222778,-0.016163023188710213,0.6407853364944458,0.5867266654968262,-0.0012530169915407896,0.6716614961624146,0.5596972107887268,-0.007587197236716747,0.6664853096008301,0.5276061296463013,-0.01834336295723915,0.6600832343101501,0.5694462656974792,-0.009270398877561092,0.6612572073936462,0.5861399173736572,0.002720292890444398
0.6647394299507141,0.7038742303848267,-3.2362305546485004e-07,0.6202723979949951,0.6733534932136536,-0.014012609608471394,0.5924800634384155,0.6065897345542908,-0.01795162260532379,0.6047390699386597,0.5459389686584473,-0.024889247491955757,0.6308320164680481,0.513572096824646,-0.02713615819811821,0.5893029570579529,0.5564324259757996,0.01816309243440628,0.5790762901306152,0.506796658039093,-0.008282092399895191,0.5863062143325806,0.5487643480300903,-0.02081088349223137,0.5969979166984558,0.5669496059417725,-0.023672964423894882,0.6158709526062012,0.5499491095542908,0.014248752035200596,0.6114162802696228,0.49844223260879517,-0.013040446676313877,0.6126691699028015,0.5577607750892639,-0.016828380525112152,0.6182664036750793,0.5687263011932373,-0.009453344158828259,0.6443796753883362,0.5527971386909485,0.003368610283359885,0.6445485949516296,0.5109826326370239,-0.02382596768438816,0.6385388374328613,0.5709288120269775,-0.017650974914431572,0.6402462124824524,0.583272397518158,-0.003740716725587845,0.6729000806808472,0.561037003993988,-0.009599382057785988,0.6675388216972351,0.5299659371376038,-0.020144572481513023,0.6593900918960571,0.5715142488479614,-0.011538542807102203,0.660552442073822,0.5871930122375488,-0.0002534360100980848
0.6639043688774109,0.7024123072624207,-3.347883819060371e-07,0.6192830801010132,0.6737722158432007,-0.014692064374685287,0.5920283794403076,0.6063418388366699,-0.01826709508895874,0.6044800877571106,0.5446363091468811,-0.02443687431514263,0.6292975544929504,0.5103663206100464,-0.02583589218556881,0.5889014601707458,0.5562514662742615,0.018085625022649765,0.5781885385513306,0.5084282755851746,-0.00834298599511385,0.5856856107711792,0.5504575371742249,-0.02058100327849388,0.5963588953018188,0.5674777030944824,-0.023092253133654594,0.6153354048728943,0.5493512749671936,0.014732950367033482,0.6100797057151794,0.49767211079597473,-0.012928016483783722,0.612692654132843,0.5573746562004089,-0.016443392261862755,0.6194034218788147,0.568270742893219,-0.008437156677246094,0.6438642740249634,0.5519713759422302,0.004351760260760784,0.642849862575531,0.5120484232902527,-0.02391708828508854,0.6383854150772095,0.5722346305847168,-0.017496399581432343,0.6410078406333923,0.5835124254226685,-0.0028307728935033083,0.6725378036499023,0.5596599578857422,-0.008043728768825531,0.6665534973144531,0.5291404724121094,-0.019611069932579994,0.6592313051223755,0.5712440013885498,-0.010854285210371017,0.6606561541557312,0.5868096351623535,0.0009700206574052572
0.6635768413543701,0.7003989815711975,-3.259118841469899e-07,0.6191994547843933,0.6717050075531006,-0.013392418622970581,0.592621922492981,0.6059759855270386,-0.016643067821860313,0.6036359071731567,0.5457462668418884,-0.022601958364248276,0.6262190341949463,0.5109483599662781,-0.02405083365738392,0.5889138579368591,0.5556759834289551,0.0184178426861763,0.5781088471412659,0.5078126788139343,-0.007279317360371351,0.5856980681419373,0.5483325123786926,-0.01986183412373066,0.5967316031455994,0.5669310688972473,-0.022849034518003464,0.6155959963798523,0.5487614274024963,0.01444519404321909,0.6097663640975952,0.4957456588745117,-0.012355435639619827,0.6119902729988098,0.5539700388908386,-0.016609352082014084,0.6188843846321106,0.5671719908714294,-0.009487591683864594,0.6443314552307129,0.5516464114189148,0.0038120541721582413,0.6428709626197815,0.5098206400871277,-0.0232858806848526,0.637665331363678,0.5694537162780762,-0.017083963379263878,0.6400039196014404,0.5831294059753418,-0.0030297008343040943,0.6731085777282715,0.5602902173995972,-0.008752737194299698,0.6664299368858337,0.5304783582687378,-0.020345410332083702,0.6587748527526855,0.5718051791191101,-0.011950974352657795,0.65985506772995,0.5877751111984253,-0.0005409630248323083
0.6636015176773071,0.7016005516052246,-3.231988898733107e-07,0.6186801791191101,0.671177327632904,-0.013253050856292248,0.5918708443641663,0.603825569152832,-0.016162622720003128,0.6033679842948914,0.5429220795631409,-0.021939903497695923,0.6277640461921692,0.5092408657073975,-0.023218300193548203,0.5901174545288086,0.5569642782211304,0.01976992003619671,0.5778315663337708,0.5096091032028198,-0.004837978631258011,0.5853807330131531,0.5502075552940369,-0.016851026564836502,0.5965961217880249,0.5671342015266418,-0.019742583855986595,0.6164810061454773,0.549655556678772,0.016095448285341263,0.6100354194641113,0.4970073699951172,-0.01031124871224165,0.6123881936073303,0.554999053478241,-0.014558341354131699,0.6194913387298584,0.5681101679801941,-0.007450775243341923,0.6448854804039001,0.5520967841148376,0.005708358716219664,0.6433785557746887,0.5090228915214539,-0.020539740100502968,0.6379273533821106,0.5679466724395752,-0.014819175004959106,0.6404203176498413,0.5828326940536499,-0.0012093143304809928,0.6735069751739502,0.5596349835395813,-0.006675874814391136,0.6671017408370972,0.5291253328323364,-0.017235344275832176,0.6588839888572693,0.5695457458496094,-0.009389272890985012,0.6598721742630005,0.5862518548965454,0.0013942297082394361
0.664574384689331,0.7017078399658203,-2.832520351603307e-07,0.6204841136932373,0.6725159883499146,-0.013503742404282093,0.5931838750839233,0.6065340042114258,-0.01656503789126873,0.6011543869972229,0.5462111234664917,-0.02241026610136032,0.6213443279266357,0.5081052184104919,-0.024011259898543358,0.5898281931877136,0.5563752055168152,0.020705856382846832,0.5775672793388367,0.5128296613693237,-0.0049464888870716095,0.5859137773513794,0.5459043979644775,-0.01863478124141693,0.5994267463684082,0.5603356957435608,-0.022502632811665535,0.6162647008895874,0.5480592250823975,0.016931260004639626,0.6095705032348633,0.4961129426956177,-0.010150037705898285,0.6119520664215088,0.5500539541244507,-0.015562603250145912,0.6202960014343262,0.5625891089439392,-0.009133859537541866,0.6448461413383484,0.5504374504089355,0.006301892455667257,0.6431471705436707,0.5109373927116394,-0.021461121737957,0.6377360224723816,0.5683449506759644,-0.016292858868837357,0.6405347585678101,0.5820052027702332,-0.0026645611505955458,0.6737337112426758,0.5586165189743042,-0.006305699702352285,0.667190670967102,0.5301483869552612,-0.01843276433646679,0.6592177152633667,0.5703928470611572,-0.010815143585205078,0.6599705815315247,0.58573317527771,0.00016028204117901623
0.6637127995491028,0.6999359130859375,-3.117517906048306e-07,0.6188071966171265,0.6717445850372314,-0.011074318550527096,0.5921982526779175,0.6046302914619446,-0.012575844302773476,0.6024393439292908,0.5444507002830505,-0.017231104895472527,0.6220299005508423,0.5077191591262817,-0.01773989573121071,0.589949369430542,0.5571233034133911,0.021308153867721558,0.5779463052749634,0.5103639364242554,-0.003648928366601467,0.5879527926445007,0.5463861227035522,-0.01658521592617035,0.6010071635246277,0.5634101629257202,-0.019953617826104164,0.6163456439971924,0.5486840009689331,0.016568006947636604,0.6094306111335754,0.49498072266578674,-0.009825245477259159,0.6125233173370361,0.5497258305549622,-0.014970673248171806,0.6195887923240662,0.564306914806366,-0.00846077036112547,0.6446002125740051,0.5507248044013977,0.005329795181751251,0.6428770422935486,0.5090263485908508,-0.021578924730420113,0.638279914855957,0.5674068331718445,-0.015841389074921608,0.6400806307792664,0.5830883979797363,-0.0020564876031130552,0.6730629205703735,0.5589781403541565,-0.0076873148791491985,0.6667786836624146,0.5290516018867493,-0.01985318958759308,0.6598533391952515,0.5697653293609619,-0.012046726420521736,0.6604592204093933,0.5862352848052979,-0.0009572410490363836
0.6623582243919373,0.6996397972106934,-3.1192396932056e-07,0.6178606748580933,0.6711524724960327,-0.012469008564949036,0.5932888984680176,0.6040550470352173,-0.015071257017552853,0.6037110090255737,0.544034481048584,-0.02051895298063755,0.6218704581260681,0.5064775347709656,-0.02174954116344452,0.5916362404823303,0.5554224848747253,0.0196804478764534,0.5793761610984802,0.5095151662826538,-0.005041817203164101,0.5870711207389832,0.5462197065353394,-0.017700737342238426,0.5992904901504517,0.5637978315353394,-0.021015441045165062,0.6178516745567322,0.5474551916122437,0.015554975718259811,0.6112757325172424,0.49519139528274536,-0.010617251507937908,0.6129040122032166,0.5512337684631348,-0.01559232734143734,0.6201015710830688,0.5649707317352295,-0.009213568642735481,0.645940363407135,0.5500687956809998,0.004888765048235655,0.644058108329773,0.5092575550079346,-0.021499907597899437,0.6378647089004517,0.5673943161964417,-0.015741635113954544,0.6399737596511841,0.581412672996521,-0.0023355160374194384,0.6737866997718811,0.5581401586532593,-0.007661751471459866,0.6666461229324341,0.5300532579421997,-0.01908373273909092,0.6591835618019104,0.5696105360984802,-0.011175568215548992,0.6607590317726135,0.5838271379470825,-0.00028328452026471496
0.6626883745193481,0.6977489590644836,-3.2902713087423763e-07,0.6172984838485718,0.6673065423965454,-0.012328813783824444,0.5927314162254333,0.6019210815429688,-0.014379942789673805,0.6018516421318054,0.5423590540885925,-0.019432317465543747,0.621129035949707,0.5067779421806335,-0.019857801496982574,0.5896869897842407,0.554907500743866,0.02151547558605671,0.579132616519928,0.5058302283287048,-0.003606330370530486,0.5878651738166809,0.5463559627532959,-0.016274064779281616,0.5986108183860779,0.5666101574897766,-0.01909816823899746,0.6164608001708984,0.5483108758926392,0.017710575833916664,0.6124129295349121,0.49492359161376953,-0.008513320237398148,0.6149587631225586,0.5516782999038696,-0.01339547336101532,0.6203519701957703,0.5671871304512024,-0.006743209436535835,0.6449359059333801,0.5508778095245361,0.007211162708699703,0.645219624042511,0.5084410905838013,-0.019787902012467384,0.6399174332618713,0.5669743418693542,-0.014191762544214725,0.6404761075973511,0.5842477679252625,-0.00036555639235302806,0.6733834743499756,0.5590677261352539,-0.005099876318126917,0.6694960594177246,0.5264248847961426,-0.017141886055469513,0.6616032719612122,0.566992461681366,-0.009247084148228168,0.6604329943656921,0.5860083103179932,0.002094775205478072
0.6639620065689087,0.6987321376800537,-3.029273614174599e-07,0.6194074153900146,0.6665878295898438,-0.012609293684363365,0.5939741730690002,0.6003983020782471,-0.015319408848881721,0.6052678227424622,0.5409449934959412,-0.021229106932878494,0.6313353776931763,0.5089555382728577,-0.02287062630057335,0.5918797254562378,0.5549732446670532,0.021508269011974335,0.5804625153541565,0.5079527497291565,-0.003016566624864936,0.5873740911483765,0.5438399910926819,-0.015506683848798275,0.5984122157096863,0.5600112080574036,-0.018593693152070045,0.6179073452949524,0.5483201146125793,0.017659587785601616,0.6135655641555786,0.4961325526237488,-0.008683772757649422,0.6146759986877441,0.552439272403717,-0.013379726558923721,0.6206080913543701,0.5673738121986389,-0.006568076554685831,0.6460232734680176,0.5505300164222717,0.007041038013994694,0.6466414928436279,0.5089870095252991,-0.019656548276543617,0.6400666832923889,0.5663490295410156,-0.01527396496385336,0.6417568325996399,0.5831680297851562,-0.0022736466489732265,0.6741485595703125,0.5577051043510437,-0.00548045989125967,0.6698274612426758,0.5267164707183838,-0.01636068895459175,0.6608496904373169,0.5660152435302734,-0.009343585930764675,0.6609657406806946,0.5846474170684814,0.0010015483712777495
0.6650566458702087,0.699185848236084,-3.2612152267574857e-07,0.6215031147003174,0.6668891906738281,-0.011969953775405884,0.5954152941703796,0.6009578704833984,-0.014423154294490814,0.6061366200447083,0.5413639545440674,-0.020326945930719376,0.6316829919815063,0.5093706250190735,-0.021604808047413826,0.5913143754005432,0.5569146871566772,0.021342629566788673,0.5800999402999878,0.5029453039169312,-0.0034557292237877846,0.5879493355751038,0.544909656047821,-0.015677435323596,0.5981054902076721,0.5674084424972534,-0.01809554547071457,0.6174997687339783,0.5501648783683777,0.017348511144518852,0.6139571666717529,0.49450764060020447,-0.008903639391064644,0.615605354309082,0.5519230365753174,-0.0136191938072443,0.6202583312988281,0.5701305270195007,-0.006562698632478714,0.6455493569374084,0.5517429709434509,0.00674476008862257,0.646310567855835,0.5075722336769104,-0.019216924905776978,0.6406735777854919,0.5664836168289185,-0.014104626141488552,0.6411008834838867,0.5864347815513611,-0.000485851225676015,0.6738250851631165,0.558812141418457,-0.005710120778530836,0.6699645519256592,0.523754358291626,-0.01591171696782112,0.6620468497276306,0.5639193654060364,-0.007848947308957577,0.66150963306427,0.585050642490387,0.003422258887439966
0.6667589545249939,0.6996088027954102,-3.2943975725174823e-07,0.6226769089698792,0.6663857698440552,-0.012398616410791874,0.5968211889266968,0.6030619740486145,-0.015995344147086143,0.606136679649353,0.5432670712471008,-0.02293541096150875,0.6294373273849487,0.5081165432929993,-0.025234514847397804,0.5924072265625,0.5550637245178223,0.019944246858358383,0.5813109874725342,0.5026274919509888,-0.006049924995750189,0.5881433486938477,0.5446457862854004,-0.018911542370915413,0.5978834629058838,0.5659557580947876,-0.02164427749812603,0.6186147928237915,0.5488751530647278,0.015682823956012726,0.614753007888794,0.4943852424621582,-0.011025349609553814,0.616338312625885,0.5523068904876709,-0.015637049451470375,0.6218271255493164,0.5677786469459534,-0.008749964646995068,0.6467629075050354,0.5506539940834045,0.004784379620105028,0.6476588249206543,0.5083770155906677,-0.021557467058300972,0.6419671773910522,0.5669136047363281,-0.01570836640894413,0.6433714032173157,0.5834313631057739,-0.00184875528793782,0.6753288507461548,0.5578150153160095,-0.008001686073839664,0.6712769269943237,0.5237703323364258,-0.017630524933338165,0.663107693195343,0.5642825961112976,-0.00840210635215044,0.6631620526313782,0.5836482644081116,0.0035111759789288044
0.6673616766929626,0.6982506513595581,-3.1913640441416646e-07,0.6220425963401794,0.6653013229370117,-0.013316879980266094,0.5969135761260986,0.6006284952163696,-0.016308089718222618,0.6065886616706848,0.5404951572418213,-0.022394318133592606,0.6287179589271545,0.5059075951576233,-0.02356201969087124,0.5918737053871155,0.5530659556388855,0.022073326632380486,0.5820861458778381,0.5025670528411865,-0.0028819323051720858,0.5895950794219971,0.543274998664856,-0.014845133759081364,0.598858118057251,0.561414897441864,-0.0171449463814497,0.6182583570480347,0.5464009642601013,0.01866690255701542,0.6142564415931702,0.49395304918289185,-0.00753507437184453,0.6166576147079468,0.5514506697654724,-0.011708669364452362,0.621636688709259,0.5643237829208374,-0.004461325239390135,0.6466518044471741,0.5481159687042236,0.008308728225529194,0.6464277505874634,0.5079374313354492,-0.01827617734670639,0.6419764161109924,0.5660772919654846,-0.012839997187256813,0.6435402035713196,0.5803257822990417,0.000883955042809248,0.6750470995903015,0.5547786951065063,-0.003978210035711527,0.670078456401825,0.5234203338623047,-0.013883402571082115,0.6626919507980347,0.5636815428733826,-0.00529260840266943,0.6632052063941956,0.5811492204666138,0.006226696539670229
0.6668782234191895,0.6975460648536682,-3.2115573844748724e-07,0.6217051148414612,0.6654430031776428,-0.012973614037036896,0.5961602926254272,0.5991867184638977,-0.01619325391948223,0.6079612970352173,0.5385527014732361,-0.02261260338127613,0.6316179037094116,0.5043490529060364,-0.024263648316264153,0.5929123163223267,0.5529847741127014,0.021318446844816208,0.5824226140975952,0.5006582736968994,-0.003991187550127506,0.5913614630699158,0.5425305366516113,-0.016662217676639557,0.601364016532898,0.5625487565994263,-0.0194704532623291,0.6190728545188904,0.5463289022445679,0.017479682341217995,0.6154177784919739,0.49157285690307617,-0.00871848501265049,0.6179463863372803,0.5493871569633484,-0.01363885123282671,0.6221850514411926,0.5638541579246521,-0.007027887739241123,0.6471847295761108,0.5485687851905823,0.0068342131562530994,0.6482988595962524,0.5045135617256165,-0.019237423315644264,0.6432735919952393,0.5632467865943909,-0.013788335025310516,0.6435391902923584,0.5793730616569519,-0.00028430126258172095,0.675605833530426,0.5563093423843384,-0.005759453400969505,0.6713467836380005,0.5217971205711365,-0.015597483143210411,0.6640632748603821,0.5625722408294678,-0.006770246662199497,0.6640096306800842,0.5814630389213562,0.004832664504647255
0.6659714579582214,0.6964884400367737,-3.233442669170472e-07,0.6214897632598877,0.6622976064682007,-0.01167040690779686,0.5963600873947144,0.5986743569374084,-0.014767918735742569,0.6061793565750122,0.5393056869506836,-0.021302787587046623,0.6282395124435425,0.502577543258667,-0.023318665102124214,0.5932382345199585,0.5501830577850342,0.022823622450232506,0.5816913843154907,0.5011395215988159,-0.002188204787671566,0.5898446440696716,0.5405064225196838,-0.01492643915116787,0.6010875105857849,0.5591323375701904,-0.017844874411821365,0.6191874742507935,0.5437881946563721,0.018355252221226692,0.6143979430198669,0.4902656376361847,-0.007656538859009743,0.6167141795158386,0.5473695397377014,-0.01244345586746931,0.6223767399787903,0.5625541806221008,-0.005729362368583679,0.6474658846855164,0.5462929010391235,0.007183749228715897,0.6467093825340271,0.5039374232292175,-0.01925274170935154,0.6421406269073486,0.5623257160186768,-0.013599417172372341,0.644098699092865,0.5789623260498047,0.00022284695296548307,0.676072359085083,0.5546455979347229,-0.005776423495262861,0.6702049374580383,0.5207107067108154,-0.016293903812766075,0.6631829142570496,0.5615900158882141,-0.007472666911780834,0.6643713116645813,0.5806549191474915,0.004324589390307665
0.6650850772857666,0.6961342692375183,-2.982147577768046e-07,0.6216831803321838,0.660868227481842,-0.012196296826004982,0.5972101092338562,0.5995147228240967,-0.015747277066111565,0.6048417687416077,0.5404524803161621,-0.02272498793900013,0.6259577870368958,0.5027625560760498,-0.02513296529650688,0.5929864048957825,0.5493282079696655,0.023345185443758965,0.5822327733039856,0.5015751123428345,-0.0021467346232384443,0.5916167497634888,0.5392666459083557,-0.015486401505768299,0.6031056642532349,0.5559011697769165,-0.01888410933315754,0.6189032793045044,0.5429329872131348,0.01890164241194725,0.6147803664207458,0.4906216561794281,-0.00729464553296566,0.6170101761817932,0.546018660068512,-0.012604697607457638,0.6221901774406433,0.5588489770889282,-0.006440125405788422,0.6469403505325317,0.5457382798194885,0.007588354870676994,0.6473549604415894,0.5055661797523499,-0.019116893410682678,0.6418421864509583,0.562827467918396,-0.013918020762503147,0.6429007053375244,0.5772252082824707,-0.00048278295435011387,0.6753526926040649,0.554551899433136,-0.005609326064586639,0.6706563234329224,0.5233587026596069,-0.01589030958712101,0.6629599332809448,0.5629346966743469,-0.0073157683946192265,0.6631948947906494,0.5797896981239319,0.0041796057485044
0.6659402847290039,0.6964394450187683,-3.2071687883217237e-07,0.6207360625267029,0.6624318957328796,-0.010792451910674572,0.5964136123657227,0.5997461080551147,-0.013642956502735615,0.6040428876876831,0.5408735275268555,-0.02022857777774334,0.6228755712509155,0.5024605989456177,-0.0223161019384861,0.5951967835426331,0.5519503355026245,0.023429755121469498,0.5825482606887817,0.5021229386329651,-0.0025501453783363104,0.5924814939498901,0.541450023651123,-0.016253363341093063,0.6049347519874573,0.560883641242981,-0.019575806334614754,0.6210547685623169,0.545534610748291,0.01842457987368107,0.6144249439239502,0.49137961864471436,-0.008033452555537224,0.6172504425048828,0.5464892387390137,-0.013714485801756382,0.623737633228302,0.5612687468528748,-0.007749136537313461,0.6488488912582397,0.5480153560638428,0.00671339500695467,0.6469495892524719,0.5043737888336182,-0.019980601966381073,0.6419333219528198,0.5617623329162598,-0.014549965038895607,0.6441987752914429,0.5786473751068115,-0.0009344802820123732,0.6769601106643677,0.5561501979827881,-0.006765179801732302,0.6703771352767944,0.522602915763855,-0.017273183912038803,0.6630011796951294,0.5619195103645325,-0.008644609712064266,0.6643223166465759,0.5800398588180542,0.0029377315659075975
0.6666414737701416,0.6969289779663086,-3.1719940807306557e-07,0.6213645339012146,0.6625704765319824,-0.012205345556139946,0.597537636756897,0.598711371421814,-0.015489279292523861,0.6056420803070068,0.5404806137084961,-0.022185193374753,0.6250205636024475,0.5034611821174622,-0.024032965302467346,0.5947604179382324,0.5510520339012146,0.022867226973176003,0.5831292271614075,0.5006540417671204,-0.002773454412817955,0.5920943021774292,0.5441378355026245,-0.016019845381379128,0.6032451391220093,0.5637192130088806,-0.019265111535787582,0.6208589673042297,0.5447858572006226,0.018395384773612022,0.6154047846794128,0.49043381214141846,-0.007963995449244976,0.6171757578849792,0.5471683740615845,-0.013531507924199104,0.623177707195282,0.5601480603218079,-0.007526044733822346,0.6488052606582642,0.5477844476699829,0.007100277580320835,0.647523820400238,0.5043069124221802,-0.019147763028740883,0.6416976451873779,0.5623968839645386,-0.013706470839679241,0.6438547372817993,0.5774802565574646,-0.00032352187554351985,0.6769818067550659,0.5560054183006287,-0.006136804353445768,0.6702315211296082,0.5249655246734619,-0.016288237646222115,0.6623417139053345,0.564717710018158,-0.0077311755158007145,0.6635591983795166,0.5815508961677551,0.0036684356164187193
0.6660570502281189,0.6960016489028931,-3.2258290616482554e-07,0.6196678876876831,0.6618124842643738,-0.011114909313619137,0.5965722799301147,0.5952128171920776,-0.01333469059318304,0.6071203947067261,0.5359885096549988,-0.019203415140509605,0.627086341381073,0.501637876033783,-0.020775333046913147,0.5973508358001709,0.549069881439209,0.024280700832605362,0.5862951874732971,0.5006489753723145,0.0004934373428113759,0.5927532315254211,0.5414326786994934,-0.011754916049540043,0.6027545928955078,0.5598301887512207,-0.014623178169131279,0.6228598356246948,0.5435327291488647,0.019746670499444008,0.6174592971801758,0.4893522560596466,-0.0056242020800709724,0.6178773641586304,0.5465260744094849,-0.010671130381524563,0.624259889125824,0.5617647171020508,-0.004148469772189856,0.6503468155860901,0.5470860600471497,0.008557166904211044,0.6490437984466553,0.504427433013916,-0.016636798158288002,0.6422184705734253,0.5623763203620911,-0.011443737894296646,0.6447356343269348,0.5791224837303162,0.0018389804754406214,0.677712082862854,0.5554019808769226,-0.00448121502995491,0.670741856098175,0.524121880531311,-0.01352003589272499,0.6625221967697144,0.5626969933509827,-0.005060522351413965,0.6645689010620117,0.5796673893928528,0.006132014561444521
0.6658744215965271,0.6941800117492676,-3.051077612781228e-07,0.6201931834220886,0.6581016182899475,-0.00952945277094841,0.5969215631484985,0.594438374042511,-0.011793285608291626,0.6082059144973755,0.5377665162086487,-0.018004972487688065,0.6302701830863953,0.5037010312080383,-0.020060135051608086,0.5967223644256592,0.549738883972168,0.02406475879251957,0.585523784160614,0.49909135699272156,-0.00021791586186736822,0.5917763113975525,0.5390607714653015,-0.013512774370610714,0.6018684506416321,0.5611953139305115,-0.01685255765914917,0.6223397850990295,0.5447627902030945,0.01876077428460121,0.6179238557815552,0.48811161518096924,-0.006376692093908787,0.6174768805503845,0.5418016910552979,-0.012523205950856209,0.6229966878890991,0.560079038143158,-0.006998621392995119,0.6495700478553772,0.5484329462051392,0.007137633394449949,0.6499720215797424,0.5041909217834473,-0.01767871528863907,0.6422029137611389,0.559144139289856,-0.013532130047678947,0.6433678269386292,0.5779995918273926,-0.0010937385959550738,0.6770370602607727,0.55788654088974,-0.006139623466879129,0.6722609400749207,0.5228899717330933,-0.015481331385672092,0.6629351377487183,0.5607468485832214,-0.00737778190523386,0.6628003716468811,0.5811368227005005,0.0035770901013165712
0.6664992570877075,0.6955075860023499,-3.093849443303043e-07,0.6208692789077759,0.6605442762374878,-0.012699563056230545,0.597953736782074,0.5941351652145386,-0.01632111333310604,0.6101949214935303,0.5356472134590149,-0.023135224357247353,0.6328933238983154,0.5012421607971191,-0.025153281167149544,0.5982841849327087,0.5485311150550842,0.021449735388159752,0.5867422223091125,0.4980758726596832,-0.003619694383814931,0.5947608947753906,0.5422689318656921,-0.01635342463850975,0.6055988669395447,0.5614692568778992,-0.019404835999011993,0.624045193195343,0.5436156392097473,0.01739388518035412,0.618236780166626,0.4897899031639099,-0.008256063796579838,0.6191244721412659,0.5470424890518188,-0.013252700679004192,0.6258420944213867,0.559288740158081,-0.006984891835600138,0.6514710187911987,0.5479429960250854,0.006562104448676109,0.6505975127220154,0.5053755640983582,-0.018504662439227104,0.6433806419372559,0.5625671148300171,-0.013028295710682869,0.6460800766944885,0.5761181116104126,0.00012551875261124223,0.6792181134223938,0.5567465424537659,-0.006271317135542631,0.672490119934082,0.5259349942207336,-0.01497001200914383,0.6636724472045898,0.5645208954811096,-0.006121655460447073,0.6655322313308716,0.5802175402641296,0.005178133491426706
0.6666251420974731,0.693103015422821,-2.9518406563511235e-07,0.6219832897186279,0.6566884517669678,-0.01177399791777134,0.5985522866249084,0.5922319293022156,-0.015172027982771397,0.6110432147979736,0.5349668264389038,-0.02200883999466896,0.6369602084159851,0.5039190649986267,-0.024172717705368996,0.5971424579620361,0.5467884540557861,0.022745758295059204,0.5871244668960571,0.4951896667480469,-0.0016998964129015803,0.5932635068893433,0.5382133722305298,-0.014692243188619614,0.6031135320663452,0.5599402785301208,-0.018065795302391052,0.6233290433883667,0.5422148704528809,0.0183324683457613,0.6192114353179932,0.48699072003364563,-0.007115373853594065,0.6184743642807007,0.5424694418907166,-0.012857912108302116,0.6242580413818359,0.5584547519683838,-0.0070938533172011375,0.6509618759155273,0.5464903116226196,0.007322290912270546,0.6515317559242249,0.5034281015396118,-0.017521440982818604,0.643444299697876,0.5594897270202637,-0.013394911773502827,0.6451578736305237,0.5764610767364502,-0.0011292528361082077,0.6790696978569031,0.5562195777893066,-0.005589894484728575,0.673677921295166,0.5263099670410156,-0.014702924527227879,0.6637546420097351,0.5652874708175659,-0.007026816252619028,0.6641860604286194,0.5838403105735779,0.0034456325229257345
0.6665700674057007,0.6945160627365112,-3.0799111527812784e-07,0.622214138507843,0.6562931537628174,-0.01149103231728077,0.5998206734657288,0.5896890163421631,-0.014183213002979755,0.6135156154632568,0.5322197675704956,-0.020497553050518036,0.6388784050941467,0.5012764930725098,-0.02203468605875969,0.5988536477088928,0.547643780708313,0.02396508865058422,0.5892617702484131,0.4927665591239929,-0.00030795790371485054,0.594618558883667,0.5362787246704102,-0.012565228156745434,0.6032013893127441,0.558542013168335,-0.015000071376562119,0.6249367594718933,0.5440661311149597,0.019966699182987213,0.622411847114563,0.48819226026535034,-0.004882358014583588,0.6212923526763916,0.543655276298523,-0.009905635379254818,0.6258042454719543,0.5584328770637512,-0.0035918084904551506,0.6526026129722595,0.5486755967140198,0.00923042930662632,0.6543005108833313,0.5042160749435425,-0.015126433223485947,0.6463783383369446,0.560401201248169,-0.010522049851715565,0.6478731632232666,0.5772376656532288,0.002153991488739848,0.6805292963981628,0.5574931502342224,-0.003365576034411788,0.6760396957397461,0.5234040021896362,-0.011540722101926804,0.6668502688407898,0.5615459680557251,-0.0031429140362888575,0.6678521633148193,0.580335259437561,0.00790481362491846
0.6689788103103638,0.6960480213165283,-2.8738014634654974e-07,0.6251474022865295,0.6556753516197205,-0.01299457810819149,0.603869616985321,0.5902374982833862,-0.01618276722729206,0.6146183013916016,0.5305169820785522,-0.02296215109527111,0.6399112939834595,0.49777719378471375,-0.024630241096019745,0.6013340950012207,0.5458573698997498,0.027040395885705948,0.5928431749343872,0.49045225977897644,0.0028044949285686016,0.5992541313171387,0.5339235663414001,-0.010101024061441422,0.6078523397445679,0.5561527609825134,-0.012725969776511192,0.627371072769165,0.5435985326766968,0.02409639209508896,0.6257714033126831,0.48713696002960205,-0.0005721171037293971,0.6251399517059326,0.5419551730155945,-0.006392012350261211,0.6294575333595276,0.5578724145889282,-0.00046326106530614197,0.6545775532722473,0.5485548973083496,0.013984219171106815,0.6578134894371033,0.5031114816665649,-0.010562816634774208,0.6494069695472717,0.5586614012718201,-0.007139584515243769,0.6499682068824768,0.5783810019493103,0.0051419478841125965,0.6817825436592102,0.5574171543121338,0.001875962014310062,0.6786937713623047,0.5219957232475281,-0.0059161800891160965,0.668806254863739,0.5598584413528442,0.0019558339845389128,0.6684267520904541,0.5814757943153381,0.012830052524805069
0.670742392539978,0.6956194043159485,-2.9526998446272046e-07,0.6256348490715027,0.6538916230201721,-0.010964356362819672,0.6038605570793152,0.5843155980110168,-0.01256604678928852,0.6181680560112,0.526783287525177,-0.018062690272927284,0.6430608630180359,0.49934718012809753,-0.018893778324127197,0.6036873459815979,0.5425389409065247,0.027610741555690765,0.5956189632415771,0.4903109073638916,0.004196299239993095,0.5994912981987,0.5302517414093018,-0.008197651244699955,0.6078881025314331,0.5502824783325195,-0.010947166942059994,0.6299970746040344,0.5399318337440491,0.02364022098481655,0.6292092204093933,0.4880892038345337,-0.0011320094345137477,0.6271117925643921,0.5415260791778564,-0.006683508399873972,0.631808340549469,0.5563075542449951,-0.0007532540475949645,0.6575719714164734,0.5452563762664795,0.012685245834290981,0.6599969863891602,0.5046148896217346,-0.011039593257009983,0.6508989930152893,0.5581875443458557,-0.007313898764550686,0.6520358920097351,0.5748577117919922,0.0045118024572730064,0.6847630739212036,0.5545368194580078,-0.0002602862659841776,0.6807565093040466,0.524231493473053,-0.007401498965919018,0.6701949834823608,0.5616894960403442,0.0002243232011096552,0.6707273721694946,0.5800018310546875,0.010349441319704056
0.6714017987251282,0.6912866830825806,-3.043947174319328e-07,0.6305973529815674,0.6484483480453491,-0.012092279270291328,0.6113128066062927,0.5872503519058228,-0.01642153412103653,0.6208974123001099,0.5322507619857788,-0.023986738175153732,0.6351473331451416,0.4952237904071808,-0.026914024725556374,0.6114401817321777,0.5353893041610718,0.021455328911542892,0.6057021021842957,0.4841970205307007,-0.003759136889129877,0.6080831289291382,0.5263057351112366,-0.01865510642528534,0.6139323711395264,0.5511451959609985,-0.02312511019408703,0.6372875571250916,0.534673273563385,0.017819976434111595,0.6383958458900452,0.4838712513446808,-0.006491825915873051,0.6341944932937622,0.5338802933692932,-0.013554729521274567,0.6359209418296814,0.5515432953834534,-0.010182041674852371,0.6636483073234558,0.5414450168609619,0.007678658235818148,0.6675840616226196,0.5056555867195129,-0.014867791905999184,0.6571852564811707,0.5545890927314758,-0.010862519964575768,0.6556028723716736,0.5722202062606812,-0.0002848110452760011,0.6893304586410522,0.5536606311798096,-0.004526509903371334,0.688345730304718,0.5280187726020813,-0.011744806542992592,0.6766562461853027,0.5622548460960388,-0.004059712402522564,0.6733672618865967,0.5800624489784241,0.005548001732677221
0.6713330149650574,0.6906049251556396,-3.327444346723496e-07,0.631119430065155,0.6491422057151794,-0.01282702386379242,0.6117481589317322,0.5848191976547241,-0.01711791381239891,0.6235842108726501,0.5298523902893066,-0.02432793751358986,0.6429445147514343,0.49689483642578125,-0.02640312910079956,0.6123477816581726,0.53310626745224,0.018912240862846375,0.6061357259750366,0.48290467262268066,-0.007472631521522999,0.6093376278877258,0.5280985832214355,-0.02105322666466236,0.6161393523216248,0.5508826375007629,-0.02439184859395027,0.6387348771095276,0.5317827463150024,0.01525080669671297,0.6372494697570801,0.4859461784362793,-0.011406035162508488,0.6348944306373596,0.5411040186882019,-0.016490500420331955,0.6391891837120056,0.5559092164039612,-0.010651223361492157,0.6654150485992432,0.5386607646942139,0.004926519002765417,0.6660228967666626,0.5081365704536438,-0.019584141671657562,0.6577486395835876,0.5601189136505127,-0.013260729610919952,0.6590054035186768,0.5740648508071899,-0.0002574044046923518,0.6914435029029846,0.551164448261261,-0.007564257364720106,0.6880374550819397,0.5289618372917175,-0.015562671236693859,0.677674412727356,0.5647591352462769,-0.006772759836167097,0.6772974729537964,0.5798512697219849,0.004161043092608452
0.672240138053894,0.6916900277137756,-3.035847271348757e-07,0.6318660378456116,0.6479759812355042,-0.01240773219615221,0.6132118701934814,0.5846178531646729,-0.017029009759426117,0.6266921758651733,0.5296767354011536,-0.02490186132490635,0.6521356105804443,0.5012828707695007,-0.028089771047234535,0.6151260137557983,0.5365163087844849,0.01957661844789982,0.6079864501953125,0.4842514991760254,-0.005685200449079275,0.6112014055252075,0.5274468064308167,-0.019368905574083328,0.6188427805900574,0.5506714582443237,-0.022958721965551376,0.6409600377082825,0.5367836952209473,0.0157501008361578,0.6402997970581055,0.48505398631095886,-0.009546237997710705,0.6363019347190857,0.538217306137085,-0.015138929709792137,0.6406230330467224,0.5551494359970093,-0.009816519916057587,0.6674641370773315,0.5446151494979858,0.0054707275703549385,0.6707075238227844,0.5073710083961487,-0.018430273979902267,0.6598163843154907,0.5579818487167358,-0.013919069431722164,0.6606522798538208,0.5750989317893982,-0.001936691696755588,0.6939114332199097,0.557793140411377,-0.006822970230132341,0.6915563941001892,0.5289052128791809,-0.014426274225115776,0.6791377663612366,0.5638750791549683,-0.006192557048052549,0.6777547597885132,0.582790195941925,0.004319098312407732
0.6721437573432922,0.6924720406532288,-3.0339322165673366e-07,0.6325696110725403,0.6489863991737366,-0.013640639372169971,0.6140212416648865,0.583110511302948,-0.01834360510110855,0.6279111504554749,0.5285140872001648,-0.02610171213746071,0.6545348167419434,0.5032170414924622,-0.02894061803817749,0.6172217130661011,0.5342344045639038,0.019308457151055336,0.610724687576294,0.48283669352531433,-0.006581715773791075,0.6144598126411438,0.5273040533065796,-0.020035814493894577,0.6228403449058533,0.5496140718460083,-0.023420389741659164,0.6433401703834534,0.5348222851753235,0.015800919383764267,0.6426781415939331,0.48560231924057007,-0.010607626289129257,0.6390427947044373,0.5409688353538513,-0.015948183834552765,0.6439056396484375,0.5558085441589355,-0.010058838874101639,0.6697072982788086,0.5436810851097107,0.0055096871219575405,0.6726824641227722,0.507663369178772,-0.019647616893053055,0.6622989773750305,0.5598569512367249,-0.014812326058745384,0.6638319492340088,0.5746700763702393,-0.0022450003307312727,0.6959956884384155,0.5576940774917603,-0.0069039370864629745,0.6937569379806519,0.5301117300987244,-0.01533304899930954,0.6820168495178223,0.5657514333724976,-0.007187632378190756,0.6816192865371704,0.5824829339981079,0.003462551161646843
0.6719517111778259,0.6930038928985596,-3.2554416407037934e-07,0.6322598457336426,0.6492525339126587,-0.014114963822066784,0.6145834922790527,0.5792708396911621,-0.01871289126574993,0.6299107074737549,0.5245356559753418,-0.026160866022109985,0.6569897532463074,0.5052838921546936,-0.02839108556509018,0.61745285987854,0.5324916839599609,0.01810099370777607,0.6130315661430359,0.4818814694881439,-0.00790845975279808,0.6154530048370361,0.5303078293800354,-0.020552203059196472,0.6217829585075378,0.5522589683532715,-0.02338876575231552,0.6442208886146545,0.5329195261001587,0.014751153998076916,0.6444867253303528,0.48638826608657837,-0.011712792329490185,0.6408202052116394,0.5440140962600708,-0.01557775866240263,0.6457148790359497,0.5568223595619202,-0.008554554544389248,0.6715568900108337,0.5421076416969299,0.004543253220617771,0.6737737059593201,0.508446455001831,-0.020140009000897408,0.6640806794166565,0.5619412064552307,-0.013526893220841885,0.6660646796226501,0.5746720433235168,0.00010488920815987512,0.698397159576416,0.5559353232383728,-0.007937781512737274,0.6954230070114136,0.5308864116668701,-0.015195603482425213,0.68449467420578,0.5668634176254272,-0.005816629156470299,0.6849691867828369,0.5810468196868896,0.005512034520506859
0.6707711219787598,0.6942887306213379,-3.633863059349096e-07,0.6303629279136658,0.6476597785949707,-0.010269561782479286,0.6144563555717468,0.5806987285614014,-0.012606145814061165,0.6260963082313538,0.5271362662315369,-0.018554875627160072,0.6419147849082947,0.49544933438301086,-0.01966361328959465,0.6203439831733704,0.5338531136512756,0.022681690752506256,0.6156402230262756,0.4841660261154175,-0.0028991196304559708,0.6169015765190125,0.5301517844200134,-0.015213757753372192,0.6227366328239441,0.5501619577407837,-0.017680872231721878,0.6460186243057251,0.5355538129806519,0.01769820787012577,0.6459023952484131,0.48683711886405945,-0.00843687541782856,0.6415941119194031,0.5441848039627075,-0.012667824514210224,0.6462174654006958,0.5548116564750671,-0.0060990615747869015,0.6730265021324158,0.5454007983207703,0.006094806827604771,0.674885094165802,0.507638156414032,-0.020234666764736176,0.6648048162460327,0.5632432699203491,-0.013117358088493347,0.6665405631065369,0.5760720372200012,0.0011398866772651672,0.6993178725242615,0.5600212216377258,-0.007225425448268652,0.6965555548667908,0.5301311016082764,-0.017017779871821404,0.6852027773857117,0.5677509307861328,-0.007350027561187744,0.685334324836731,0.5836217403411865,0.004730640444904566
0.6681851148605347,0.6952022910118103,-3.4258010828125407e-07,0.6293981075286865,0.6483182907104492,-0.010983170941472054,0.6171281933784485,0.5787770748138428,-0.014164351858198643,0.6345265507698059,0.5261253714561462,-0.020889269188046455,0.6583359241485596,0.5012693405151367,-0.022902587428689003,0.624636709690094,0.5350889563560486,0.02055462636053562,0.6193384528160095,0.481899231672287,-0.0044720470905303955,0.6199694275856018,0.5283483862876892,-0.016413995996117592,0.6263709664344788,0.5506589412689209,-0.018666787073016167,0.649999737739563,0.5380086302757263,0.01602448709309101,0.6504624485969543,0.48625415563583374,-0.009229116141796112,0.6439539194107056,0.5435695052146912,-0.013159732334315777,0.6485018730163574,0.5572413206100464,-0.006342828739434481,0.6762903928756714,0.5493787527084351,0.005041515454649925,0.6789299845695496,0.5093375444412231,-0.019938012585043907,0.6661068201065063,0.564911425113678,-0.01328803040087223,0.6676790714263916,0.5809146761894226,0.0007209411705844104,0.7021942138671875,0.5648159980773926,-0.007737413514405489,0.6996368765830994,0.5317686200141907,-0.016481203958392143,0.686965823173523,0.5678621530532837,-0.0069128419272601604,0.6871687769889832,0.5852862000465393,0.005084844306111336
0.6690459251403809,0.6940373182296753,-3.550518670181191e-07,0.6310238838195801,0.6456363201141357,-0.008402427658438683,0.6168259382247925,0.5797284841537476,-0.011718615889549255,0.6288719177246094,0.526382327079773,-0.019345667213201523,0.652364194393158,0.49915817379951477,-0.0224598441272974,0.6275373697280884,0.5351932644844055,0.021013442426919937,0.6223294734954834,0.48131000995635986,-0.004811670631170273,0.6232308745384216,0.5273581147193909,-0.017455551773309708,0.6305471658706665,0.5501622557640076,-0.020378053188323975,0.6520145535469055,0.5376879572868347,0.014650761149823666,0.6519745588302612,0.48514068126678467,-0.012123767286539078,0.6457490921020508,0.5422804951667786,-0.016589559614658356,0.6511657238006592,0.5579056143760681,-0.01004560012370348,0.6774432063102722,0.548400342464447,0.002135166432708502,0.6788787841796875,0.5071213841438293,-0.023663120344281197,0.666446328163147,0.5616282224655151,-0.016371719539165497,0.6688980460166931,0.5780398845672607,-0.0019290948985144496,0.7029805183410645,0.5644933581352234,-0.012025617994368076,0.7005308270454407,0.5321671962738037,-0.02116541750729084,0.6873248219490051,0.5670274496078491,-0.011496174149215221,0.6874275207519531,0.584375262260437,0.00045322137884795666
0.6692978739738464,0.6943745017051697,-3.3743262406460417e-07,0.6319991946220398,0.6452078223228455,-0.009363875724375248,0.6181567311286926,0.5767207145690918,-0.01265578530728817,0.6329357624053955,0.5230370163917542,-0.02018522471189499,0.6608712077140808,0.5004604458808899,-0.02306726947426796,0.628970205783844,0.5332048535346985,0.022648625075817108,0.6250869035720825,0.47923389077186584,-0.002763913944363594,0.624969482421875,0.5249032974243164,-0.015286590903997421,0.6313939094543457,0.5483967065811157,-0.01789473369717598,0.6536131501197815,0.5368085503578186,0.017020363360643387,0.6546825170516968,0.4852421283721924,-0.008911523036658764,0.6474707722663879,0.5409775376319885,-0.01326732523739338,0.6521949768066406,0.5573121905326843,-0.006460955832153559,0.679080605506897,0.5482671856880188,0.004934518598020077,0.681728720664978,0.5083581805229187,-0.020123159512877464,0.6682514548301697,0.5615600347518921,-0.013815527781844139,0.6699737310409546,0.5787107944488525,0.00012440828140825033,0.7047176957130432,0.5650560855865479,-0.0089059267193079,0.7019266486167908,0.5332468748092651,-0.01712486520409584,0.6883760094642639,0.567847490310669,-0.007839178666472435,0.6881763935089111,0.5861368775367737,0.0038785284850746393
0.6709243059158325,0.6951022148132324,-3.400807599973632e-07,0.6318672895431519,0.6425700783729553,-0.008477609604597092,0.6190637350082397,0.5718945264816284,-0.009779619984328747,0.6352421045303345,0.5208706855773926,-0.01529776118695736,0.6598990559577942,0.5007678270339966,-0.01610833965241909,0.628036618232727,0.5329627990722656,0.026136605069041252,0.6270437240600586,0.4787721633911133,0.0032762540504336357,0.6253712177276611,0.5252982974052429,-0.008010974153876305,0.629278302192688,0.5481629371643066,-0.010174354538321495,0.6535611748695374,0.5365005135536194,0.020951196551322937,0.6558594107627869,0.48434361815452576,-0.0029569899197667837,0.6481812000274658,0.538665771484375,-0.007577963639050722,0.652192234992981,0.5540986657142639,-0.0012646970571950078,0.6801831722259521,0.5479682683944702,0.009433474391698837,0.6826519966125488,0.5081830024719238,-0.01338979136198759,0.6698371767997742,0.5592853426933289,-0.007719587534666061,0.6711698174476624,0.5749486684799194,0.0052038999274373055,0.7066095471382141,0.5640695691108704,-0.0037840402219444513,0.7037832736968994,0.5320838689804077,-0.010356653481721878,0.6901598572731018,0.5657690763473511,-0.0010711003560572863,0.6893603205680847,0.5834163427352905,0.010231251828372478
0.6739576458930969,0.6946324706077576,-3.3079811601055553e-07,0.6356106996536255,0.6458070278167725,-0.011631463654339314,0.622808039188385,0.5749311447143555,-0.014240025542676449,0.6415758728981018,0.5208765268325806,-0.020477259531617165,0.6692164540290833,0.49933767318725586,-0.0218108631670475,0.6290516257286072,0.5357068181037903,0.02445879951119423,0.6267238855361938,0.48016852140426636,-8.489708852721378e-05,0.6271498799324036,0.5262935161590576,-0.012093573808670044,0.6327282786369324,0.5491581559181213,-0.014269746840000153,0.6549960374832153,0.538506269454956,0.02072242833673954,0.6566603779792786,0.48527491092681885,-0.004941255319863558,0.6507123708724976,0.5398545861244202,-0.009880363009870052,0.655048668384552,0.5546653270721436,-0.0031963130459189415,0.6815810203552246,0.5491472482681274,0.010198550298810005,0.6845138669013977,0.5083385109901428,-0.0150858573615551,0.6724714040756226,0.5614745020866394,-0.009842519648373127,0.6733947992324829,0.5770342946052551,0.00369376502931118,0.7078071236610413,0.564164400100708,-0.0021909507922828197,0.7054621577262878,0.5315336585044861,-0.010561631061136723,0.6927482485771179,0.5672140121459961,-0.0017858571372926235,0.6917716860771179,0.5852152109146118,0.009695795364677906
0.6728711128234863,0.6939753293991089,-3.525852321217826e-07,0.6333969831466675,0.6452144384384155,-0.0093553327023983,0.6206585764884949,0.5749474167823792,-0.011691057123243809,0.6381228566169739,0.521213710308075,-0.01796828769147396,0.6623138785362244,0.49613499641418457,-0.01952405273914337,0.6310217380523682,0.5352254509925842,0.02307858318090439,0.6274769306182861,0.48038965463638306,-0.0014685089699923992,0.627574622631073,0.5267525315284729,-0.013628410175442696,0.6335945725440979,0.5497773289680481,-0.016267284750938416,0.6563421487808228,0.5375611782073975,0.017903130501508713,0.6570115089416504,0.485680490732193,-0.007815878838300705,0.6506129503250122,0.5406929850578308,-0.012693592347204685,0.6551727056503296,0.5560293793678284,-0.006502734962850809,0.6823051571846008,0.5481857061386108,0.00634105084463954,0.6841327548027039,0.5074301958084106,-0.017841270193457603,0.6718720197677612,0.559441089630127,-0.011433347128331661,0.6732890605926514,0.5747760534286499,0.0019918123725801706,0.7081263065338135,0.563543438911438,-0.007027191575616598,0.7054800391197205,0.5324351191520691,-0.014792287722229958,0.6926223039627075,0.5663357973098755,-0.005658246576786041,0.6926078200340271,0.5824584364891052,0.005570564419031143
0.6728819012641907,0.6956102848052979,-3.6052492191629426e-07,0.6355945467948914,0.6461251974105835,-0.009391719475388527,0.6218563318252563,0.5767174363136292,-0.012059495784342289,0.637498676776886,0.5239430069923401,-0.018732251599431038,0.6620140075683594,0.4993900656700134,-0.020548906177282333,0.6317498683929443,0.5353385210037231,0.021982893347740173,0.6273383498191833,0.4788818359375,-0.0030545159243047237,0.6281100511550903,0.5256535410881042,-0.015200285241007805,0.6344473361968994,0.5502282977104187,-0.017522528767585754,0.6568043828010559,0.5382190346717834,0.016852378845214844,0.6572293639183044,0.48609766364097595,-0.009006318636238575,0.6509413719177246,0.5421518087387085,-0.013619678094983101,0.6551448702812195,0.5587055683135986,-0.007075623143464327,0.6826750636100769,0.54892498254776,0.0054146903567016125,0.6846532225608826,0.5083906054496765,-0.019005900248885155,0.6723685264587402,0.5614392161369324,-0.01236045267432928,0.6735702753067017,0.5784373879432678,0.0015141719486564398,0.7086771130561829,0.5646289587020874,-0.007786310277879238,0.7066132426261902,0.5319628119468689,-0.015809189528226852,0.6932463645935059,0.5664383769035339,-0.0063910214230418205,0.6920560002326965,0.5846514701843262,0.005322675220668316
0.6746437549591064,0.6968998908996582,-3.7871342328799074e-07,0.6375274062156677,0.6491125226020813,-0.011475673876702785,0.6251059174537659,0.5791221261024475,-0.01406784076243639,0.6407371163368225,0.5255604982376099,-0.02015072852373123,0.6611917018890381,0.4988359808921814,-0.021160027012228966,0.6333252787590027,0.535847544670105,0.021356407552957535,0.6304225325584412,0.4798874258995056,-0.004435197915881872,0.6298981308937073,0.5282049179077148,-0.01618938148021698,0.6351128220558167,0.5508615374565125,-0.01805896870791912,0.659190833568573,0.5391181111335754,0.017181864008307457,0.6610620617866516,0.48716115951538086,-0.009516443125903606,0.6535924673080444,0.5460176467895508,-0.013504565693438053,0.6574696898460388,0.5584251284599304,-0.006209143903106451,0.685569703578949,0.5506394505500793,0.006340571213513613,0.6881290078163147,0.5122720003128052,-0.019808100536465645,0.6754968166351318,0.5683379769325256,-0.0123990373685956,0.6771310567855835,0.5811242461204529,0.0024392111226916313,0.7115724086761475,0.5661927461624146,-0.006363644730299711,0.7098111510276794,0.5344798564910889,-0.015542414039373398,0.6969648599624634,0.5709596872329712,-0.005482417996972799,0.6967884302139282,0.5864686965942383,0.006995500065386295
0.6738576292991638,0.6993350982666016,-4.0527993405703455e-07,0.6353635787963867,0.6498129963874817,-0.008741674944758415,0.6236913800239563,0.578933596611023,-0.01046468410640955,0.6407260298728943,0.5249021649360657,-0.016190597787499428,0.6606529355049133,0.4983208477497101,-0.017229270190000534,0.6357824206352234,0.5374985933303833,0.022671429440379143,0.6316413879394531,0.4825213849544525,-0.0026579357217997313,0.6303321123123169,0.5309023857116699,-0.014515124261379242,0.6359509229660034,0.5542757511138916,-0.016708919778466225,0.6607414484024048,0.5407485961914062,0.017075560986995697,0.6607131361961365,0.48897382616996765,-0.009283077903091908,0.6530367732048035,0.5478139519691467,-0.013580220751464367,0.6580697298049927,0.5614579319953918,-0.006702376063913107,0.6869515776634216,0.5521544814109802,0.005149076227098703,0.6869758367538452,0.5113263130187988,-0.020660553127527237,0.6742066144943237,0.5678964853286743,-0.012930077500641346,0.6773118376731873,0.5820239186286926,0.0019299534615129232,0.7134427428245544,0.5679585933685303,-0.008389607071876526,0.7082138061523438,0.5359869003295898,-0.017835350707173347,0.6955966353416443,0.5731518268585205,-0.007654951419681311,0.6976950764656067,0.5891026854515076,0.004900556057691574
0.674005925655365,0.6984294652938843,-4.022180348783877e-07,0.6361657977104187,0.6513341069221497,-0.008844896219670773,0.6240477561950684,0.581595778465271,-0.01015909668058157,0.6390039920806885,0.5279014706611633,-0.015108802355825901,0.6564278602600098,0.5004177093505859,-0.015215923078358173,0.6337543725967407,0.5374393463134766,0.0206739604473114,0.6311718821525574,0.48158612847328186,-0.004725596401840448,0.6321442723274231,0.5293627381324768,-0.016509324312210083,0.63777756690979,0.5547064542770386,-0.018439488485455513,0.6591275334358215,0.5400285720825195,0.015591457486152649,0.6607138514518738,0.4879021644592285,-0.010970046743750572,0.6550065279006958,0.546843945980072,-0.015113269910216331,0.6583292484283447,0.5635721683502197,-0.007991799153387547,0.685553252696991,0.5507376194000244,0.004439554177224636,0.6860078573226929,0.510033905506134,-0.02151125855743885,0.6754635572433472,0.5673695206642151,-0.013369216583669186,0.6773995161056519,0.5842259526252747,0.0018509277142584324,0.7118673324584961,0.5667062997817993,-0.008259875699877739,0.7081698775291443,0.5364502668380737,-0.018751399591565132,0.6968513131141663,0.5735442638397217,-0.009013783186674118,0.6976380944252014,0.5897535085678101,0.003460114588961005
0.6748443841934204,0.6993579268455505,-3.8311364392029645e-07,0.635787308216095,0.6502797603607178,-0.009837714023888111,0.6240656971931458,0.5772917866706848,-0.010855290107429028,0.6389892101287842,0.5238783359527588,-0.015501967631280422,0.6561025381088257,0.5004503726959229,-0.01521516777575016,0.6347278952598572,0.5362708568572998,0.022710004821419716,0.6321322917938232,0.48190221190452576,-0.0016775119584053755,0.6310526132583618,0.5291060209274292,-0.012591075152158737,0.6365258693695068,0.5525007843971252,-0.014096671715378761,0.6601811051368713,0.5397821664810181,0.018191354349255562,0.6613208651542664,0.48922818899154663,-0.007642341312021017,0.6539658308029175,0.5471310615539551,-0.0112626226618886,0.6587212681770325,0.5612519979476929,-0.0037752604112029076,0.6864601969718933,0.5517300367355347,0.007211597636342049,0.6870884895324707,0.5133854746818542,-0.018002299591898918,0.6748096346855164,0.5680828094482422,-0.010609730146825314,0.6776566505432129,0.5818763375282288,0.003962178714573383,0.7125727534294128,0.5675578713417053,-0.005486311856657267,0.7086385488510132,0.5369151830673218,-0.014438783749938011,0.6960824131965637,0.5723519325256348,-0.004847717471420765,0.6975597739219666,0.5875356197357178,0.007151775062084198
0.6744951605796814,0.6988511085510254,-3.93174104829086e-07,0.6354948282241821,0.6494118571281433,-0.009081261232495308,0.6249544024467468,0.5790224075317383,-0.010576941072940826,0.6395758390426636,0.5261268615722656,-0.01584981195628643,0.6538947224617004,0.49840545654296875,-0.016413193196058273,0.6372779011726379,0.5362975001335144,0.02183980867266655,0.6335345506668091,0.48288583755493164,-0.002901998348534107,0.6323752999305725,0.5306222438812256,-0.01434324961155653,0.638188362121582,0.5536336898803711,-0.016390539705753326,0.662055492401123,0.5393942594528198,0.01658734120428562,0.6622198820114136,0.48874419927597046,-0.009591329842805862,0.6548425555229187,0.546739935874939,-0.013713430613279343,0.6598305702209473,0.5611703991889954,-0.006834710482507944,0.6878570318222046,0.5511259436607361,0.005097470246255398,0.6870476603507996,0.5123251676559448,-0.020571764558553696,0.6750954389572144,0.5671864151954651,-0.012984191998839378,0.6783406138420105,0.5811312794685364,0.0015441374853253365,0.7134360074996948,0.5674846768379211,-0.008021090179681778,0.7082934379577637,0.5366733074188232,-0.017775652930140495,0.6955453753471375,0.5730428099632263,-0.007983837276697159,0.6970804929733276,0.5890471339225769,0.004197593778371811
0.6743713021278381,0.6980281472206116,-3.915455124570144e-07,0.6357071995735168,0.6496922373771667,-0.008202013559639454,0.6247509717941284,0.5787650942802429,-0.009071587584912777,0.6404266953468323,0.5257225036621094,-0.013941287063062191,0.659004271030426,0.5005795359611511,-0.01419353112578392,0.6369513273239136,0.5372359156608582,0.02280995436012745,0.6334585547447205,0.4833008050918579,-0.001823904225602746,0.6334702968597412,0.5298905968666077,-0.01326010748744011,0.6395785212516785,0.5542540550231934,-0.015146834775805473,0.6615340113639832,0.5399618148803711,0.017439665272831917,0.6621324419975281,0.488064706325531,-0.008718572556972504,0.6555318832397461,0.5461098551750183,-0.012820898555219173,0.6601618528366089,0.5623963475227356,-0.005613142158836126,0.687546968460083,0.5510766506195068,0.005927041172981262,0.6873519420623779,0.5105735659599304,-0.019994264468550682,0.675208568572998,0.5672813057899475,-0.012404247187077999,0.6777711510658264,0.5840720534324646,0.0025920665357261896,0.7137442231178284,0.5671752691268921,-0.007099032402038574,0.7088462114334106,0.5366224646568298,-0.01744270697236061,0.6965805292129517,0.5727648735046387,-0.008094617165625095,0.6979953050613403,0.5892086029052734,0.004106679931282997
0.6784906387329102,0.6987161636352539,-3.1896252039587125e-07,0.64136803150177,0.647784411907196,-0.009137572720646858,0.6294844746589661,0.575078547000885,-0.009831461124122143,0.64598548412323,0.5208975076675415,-0.014813420362770557,0.6716709733009338,0.5032030344009399,-0.01532415859401226,0.6384878158569336,0.5400343537330627,0.029002297669649124,0.6361731290817261,0.485258549451828,0.006613967474550009,0.6369644403457642,0.5271115899085999,-0.004792327992618084,0.6429693698883057,0.5492390394210815,-0.006885011680424213,0.6635445356369019,0.5430846810340881,0.02441633678972721,0.6657419800758362,0.4892229735851288,0.0005042023840360343,0.6593255400657654,0.5412295460700989,-0.0048190997913479805,0.6634695529937744,0.5571925640106201,0.0014790641143918037,0.6895684003829956,0.5540021061897278,0.0132440822198987,0.6926608085632324,0.5119519233703613,-0.010750050656497478,0.6797807812690735,0.5639615654945374,-0.006310495547950268,0.6806060075759888,0.581407368183136,0.006609802134335041,0.7156146764755249,0.569401204586029,0.0003714455815497786,0.7132365107536316,0.5366182923316956,-0.007425220683217049,0.7001917362213135,0.5710841417312622,0.0007775604608468711,0.6995691657066345,0.5895894169807434,0.01177311409264803
0.6788017749786377,0.6958867311477661,-3.0286662422440713e-07,0.6425006985664368,0.64533931016922,-0.008401530794799328,0.6300118565559387,0.5757049918174744,-0.009989715181291103,0.646449863910675,0.5234904885292053,-0.01582149788737297,0.6732110381126404,0.5087240934371948,-0.017434757202863693,0.6379454731941223,0.5386295914649963,0.02452715113759041,0.635186493396759,0.4831744432449341,0.000426479586167261,0.6376442909240723,0.5209319591522217,-0.012251794338226318,0.6441011428833008,0.5448482036590576,-0.014844308607280254,0.663446307182312,0.5424485206604004,0.019362078979611397,0.666793942451477,0.48977023363113403,-0.005892270244657993,0.660735547542572,0.5416858196258545,-0.011057152412831783,0.6630237102508545,0.5617914199829102,-0.004619928076863289,0.6897913813591003,0.5539214015007019,0.007961088791489601,0.6943907737731934,0.5126556158065796,-0.01624492183327675,0.6816288232803345,0.5635011196136475,-0.011225521564483643,0.6808730363845825,0.5840294361114502,0.0020231949165463448,0.715989351272583,0.5705718398094177,-0.005087758880108595,0.7158694863319397,0.5375019311904907,-0.01312362402677536,0.7025153040885925,0.5701026916503906,-0.0048342738300561905,0.7001575827598572,0.5898789763450623,0.006195313297212124
0.6810482740402222,0.6971169114112854,-3.3407229693693807e-07,0.6450873613357544,0.650155782699585,-0.010824829339981079,0.6324504613876343,0.5776913166046143,-0.013093499466776848,0.6524549126625061,0.5262165069580078,-0.01895059272646904,0.6816715002059937,0.5112360119819641,-0.020377419888973236,0.6392197012901306,0.5389127731323242,0.020893020555377007,0.636131763458252,0.4842393398284912,-0.00468129338696599,0.6385200023651123,0.5268935561180115,-0.01732361875474453,0.6451998353004456,0.5508479475975037,-0.019887808710336685,0.6652084589004517,0.5417702198028564,0.016434019431471825,0.6677364110946655,0.48980164527893066,-0.01055028848350048,0.6619828343391418,0.5451525449752808,-0.015363822691142559,0.6649303436279297,0.5624479055404663,-0.008369804359972477,0.6918906569480896,0.5528571605682373,0.005500410683453083,0.6963149309158325,0.5150249004364014,-0.020696494728326797,0.6838235855102539,0.5691252946853638,-0.015195010229945183,0.6833575367927551,0.5863338112831116,-0.0013530447613447905,0.7182236909866333,0.5687546133995056,-0.007251202128827572,0.7177144289016724,0.5397120714187622,-0.017151812091469765,0.7046616077423096,0.5757524371147156,-0.009001136757433414,0.7027692794799805,0.593273937702179,0.002146186074241996
0.681790828704834,0.6977306008338928,-3.319519237265922e-07,0.6456632018089294,0.6497985124588013,-0.010683368891477585,0.6335214972496033,0.57780921459198,-0.012767893262207508,0.6520809531211853,0.5255059003829956,-0.018622303381562233,0.6787485480308533,0.5083211660385132,-0.01995057798922062,0.6404788494110107,0.539773166179657,0.02219397947192192,0.6378502249717712,0.4834948778152466,-0.0031212579924613237,0.6407561898231506,0.5253995656967163,-0.015295229852199554,0.6469467878341675,0.5482780337333679,-0.017417598515748978,0.6662458777427673,0.5433962345123291,0.017742417752742767,0.6693288087844849,0.49139174818992615,-0.008734718896448612,0.6639121174812317,0.5470285415649414,-0.013136972673237324,0.6661738753318787,0.5627219676971436,-0.005962232127785683,0.6927961111068726,0.5550256371498108,0.006682289764285088,0.6974675059318542,0.5140652656555176,-0.01919783093035221,0.6852535605430603,0.5681579113006592,-0.013270414434373379,0.6843342185020447,0.5845163464546204,0.0007582192774862051,0.7188041806221008,0.5711795687675476,-0.006175608839839697,0.7183190584182739,0.5388040542602539,-0.015521829947829247,0.7056478261947632,0.5743404030799866,-0.006798392161726952,0.703727126121521,0.5920882225036621,0.0047066896222531796
0.6819755434989929,0.6985011100769043,-3.4780526902977726e-07,0.6453524827957153,0.6511489748954773,-0.01140435878187418,0.6340538263320923,0.580897867679596,-0.013570268638432026,0.6510037183761597,0.5278834700584412,-0.019071796908974648,0.6727311611175537,0.5040414929389954,-0.01979815773665905,0.6401847004890442,0.5383927822113037,0.022035248577594757,0.6383256316184998,0.48579537868499756,-0.003292572684586048,0.640036404132843,0.5284866094589233,-0.015327035449445248,0.6454522013664246,0.548823893070221,-0.01755400560796261,0.6663297414779663,0.5414275527000427,0.01784006878733635,0.6693688035011292,0.4919818937778473,-0.008249681442975998,0.6632313132286072,0.5490953326225281,-0.012339231558144093,0.6656671762466431,0.5610390901565552,-0.005323094315826893,0.693316638469696,0.5532827973365784,0.006954797077924013,0.6973685026168823,0.5151441693305969,-0.019637657329440117,0.6847660541534424,0.570782482624054,-0.012954602017998695,0.6843748688697815,0.5834156274795532,0.0013709127670153975,0.7194452285766602,0.5699410438537598,-0.0056927381083369255,0.7184978723526001,0.5405467748641968,-0.015943313017487526,0.7059817910194397,0.577369749546051,-0.006647767964750528,0.7047907710075378,0.5923636555671692,0.00535128777846694
0.6818821430206299,0.6987795829772949,-3.6193262076267274e-07,0.6443390250205994,0.6516053676605225,-0.009908999316394329,0.6330363750457764,0.5782291889190674,-0.011692225001752377,0.6526404619216919,0.5262129902839661,-0.017137182876467705,0.6766183972358704,0.5070145726203918,-0.017948780208826065,0.643255889415741,0.5391643643379211,0.020712558180093765,0.6407548189163208,0.4828318655490875,-0.004108825232833624,0.6420221924781799,0.5293412208557129,-0.015816591680049896,0.6468732357025146,0.5533947944641113,-0.017897939309477806,0.6680343151092529,0.5432323217391968,0.01603017747402191,0.671095073223114,0.4912249445915222,-0.00973469577729702,0.6644860506057739,0.5486207008361816,-0.014029781334102154,0.6664118766784668,0.5641075968742371,-0.007209552451968193,0.6936789751052856,0.555340051651001,0.005092237144708633,0.6976089477539062,0.5145881772041321,-0.019845429807901382,0.6849675178527832,0.5700779557228088,-0.013014142401516438,0.6845560669898987,0.5859972834587097,0.0010893108556047082,0.7192025184631348,0.5717837810516357,-0.007568113971501589,0.7181980609893799,0.5398766994476318,-0.01680091582238674,0.7059211730957031,0.5760737061500549,-0.007515721954405308,0.7050728797912598,0.5928534865379333,0.004295739810913801
0.6824610829353333,0.6986290216445923,-3.62663513442385e-07,0.6458348631858826,0.6511406898498535,-0.009634622372686863,0.6344032883644104,0.5809899568557739,-0.011120711453258991,0.6525707244873047,0.5289225578308105,-0.016257237643003464,0.675603985786438,0.5059670805931091,-0.016770880669355392,0.641053318977356,0.5396403074264526,0.022269221022725105,0.638935923576355,0.48415130376815796,-0.003236876567825675,0.6414893269538879,0.5270744562149048,-0.015542116016149521,0.6473361253738403,0.5501832962036133,-0.01768784411251545,0.6665845513343811,0.5436481237411499,0.017602352425456047,0.6704437136650085,0.4920867085456848,-0.008582668378949165,0.6644900441169739,0.5485529899597168,-0.013075078837573528,0.6659851670265198,0.5630419254302979,-0.006217620335519314,0.6929937601089478,0.5553674697875977,0.0065607125870883465,0.6974436044692993,0.5140342712402344,-0.01997823640704155,0.685206413269043,0.5696601271629333,-0.013570385985076427,0.6844203472137451,0.5847206115722656,0.0007241445709951222,0.7189459800720215,0.5718168616294861,-0.006016524974256754,0.7184209227561951,0.5395249128341675,-0.016794586554169655,0.705790638923645,0.577258825302124,-0.00767830666154623,0.7038592100143433,0.5948825478553772,0.004432067275047302
0.6827952265739441,0.6997042298316956,-3.6452942708820046e-07,0.6462371349334717,0.6541005969047546,-0.01144182775169611,0.6345880031585693,0.5822025537490845,-0.014294523745775223,0.6540195941925049,0.5303850173950195,-0.020533930510282516,0.6792841553688049,0.5093040466308594,-0.021953482180833817,0.6417189240455627,0.5393529534339905,0.018467189744114876,0.6388968229293823,0.48282650113105774,-0.007630743086338043,0.6405566334724426,0.5304545760154724,-0.019512997940182686,0.64605313539505,0.5544945001602173,-0.02139737270772457,0.6673810482025146,0.5431376695632935,0.014095106162130833,0.670181930065155,0.4911392033100128,-0.012405089102685452,0.6637402176856995,0.5500749945640564,-0.01609714888036251,0.6663357615470886,0.5640521049499512,-0.00864989310503006,0.6938260793685913,0.5552458763122559,0.0032875246834009886,0.6975834369659424,0.515090823173523,-0.02278573252260685,0.6848393082618713,0.5720207095146179,-0.015330381691455841,0.6849259734153748,0.5860644578933716,-0.0005177808343432844,0.719763457775116,0.5720798373222351,-0.00932159461081028,0.7184476256370544,0.5396575331687927,-0.019084151834249496,0.706024169921875,0.5772891640663147,-0.009040221571922302,0.7053027153015137,0.5938460826873779,0.003497503465041518
0.6816378831863403,0.7010711431503296,-3.9404977769663674e-07,0.6438978910446167,0.6538851261138916,-0.010217973962426186,0.6332114934921265,0.5823485255241394,-0.012045747600495815,0.6515709161758423,0.5289199948310852,-0.017396144568920135,0.6727214455604553,0.5039388537406921,-0.01781271956861019,0.6425725221633911,0.5398367643356323,0.02141396515071392,0.6406167149543762,0.4845396876335144,-0.003930865321308374,0.6395449042320251,0.5326345562934875,-0.015501008369028568,0.643971860408783,0.5561134815216064,-0.01734098233282566,0.6681066155433655,0.5430202484130859,0.01684553548693657,0.6694033741950989,0.49131283164024353,-0.008911259472370148,0.6619946360588074,0.5501977205276489,-0.012449018657207489,0.6656761169433594,0.5636546611785889,-0.005151599179953337,0.6945245862007141,0.5548627972602844,0.005807346198707819,0.6960043907165527,0.5148065686225891,-0.019733533263206482,0.6832329630851746,0.5718673467636108,-0.011855090036988258,0.6847800612449646,0.5857968926429749,0.002961746184155345,0.7208045125007629,0.5709973573684692,-0.0069384207017719746,0.7170326113700867,0.5398935675621033,-0.01621503010392189,0.7044129371643066,0.5772683620452881,-0.0060511319898068905,0.7050556540489197,0.5926455855369568,0.006364610977470875
0.6811826825141907,0.7021839618682861,-3.710754299390828e-07,0.6442462801933289,0.652985155582428,-0.010786444880068302,0.6335375905036926,0.5786134004592896,-0.012505355291068554,0.6538054347038269,0.5283033847808838,-0.017854472622275352,0.6804229617118835,0.5150179266929626,-0.018486613407731056,0.6417802572250366,0.5414867997169495,0.02127155475318432,0.6393947601318359,0.4848344922065735,-0.003821859136223793,0.6389999389648438,0.5336104035377502,-0.0150002995505929,0.6443749070167542,0.557591438293457,-0.01651516743004322,0.6672968864440918,0.5451046824455261,0.016982892528176308,0.6688657999038696,0.49220144748687744,-0.008994179777801037,0.6614688634872437,0.5510895252227783,-0.012479040771722794,0.6657861471176147,0.56611567735672,-0.0046216510236263275,0.6941302418708801,0.5574578642845154,0.006168973166495562,0.6957072615623474,0.5151748657226562,-0.019839948043227196,0.6829515695571899,0.5720928311347961,-0.013194090686738491,0.6850429773330688,0.5875826478004456,0.001455712248571217,0.7205764651298523,0.5744057893753052,-0.0063423034735023975,0.7167603969573975,0.5410752296447754,-0.016287095844745636,0.703834056854248,0.5790882706642151,-0.007045438978821039,0.7044985890388489,0.597521185874939,0.0050774672999978065
0.6816898584365845,0.7023411989212036,-3.6689687021862483e-07,0.6432386636734009,0.6531964540481567,-0.011894726194441319,0.6336357593536377,0.5780901312828064,-0.013402500189840794,0.6555679440498352,0.527712881565094,-0.01808435469865799,0.6808647513389587,0.5129794478416443,-0.017698893323540688,0.6408044099807739,0.5421364307403564,0.021415581926703453,0.6395812034606934,0.48587995767593384,-0.003904246259480715,0.6381433010101318,0.533961832523346,-0.014865152537822723,0.642413318157196,0.556772768497467,-0.01606166549026966,0.666704535484314,0.5460495352745056,0.018119266256690025,0.6681719422340393,0.4925006628036499,-0.008696977980434895,0.6609826683998108,0.5510691404342651,-0.01217146497219801,0.6657547950744629,0.5650610327720642,-0.003901706077158451,0.6937086582183838,0.5580651760101318,0.008103801868855953,0.6944943070411682,0.5175999402999878,-0.018280353397130966,0.6823171973228455,0.5737557411193848,-0.011580778285861015,0.685044527053833,0.5874563455581665,0.003384195500984788,0.7201172113418579,0.5735390782356262,-0.0037257708609104156,0.7158046364784241,0.5421718955039978,-0.013496764935553074,0.703086256980896,0.578784167766571,-0.0046141608618199825,0.7041623592376709,0.5952330231666565,0.007296596188098192
0.6804906129837036,0.7032136917114258,-4.050467339311581e-07,0.6415110230445862,0.6559770107269287,-0.010145514272153378,0.6304208636283875,0.5835112929344177,-0.011362642981112003,0.6477394700050354,0.5291010141372681,-0.016087688505649567,0.6695762276649475,0.5049177408218384,-0.015808723866939545,0.6420196890830994,0.5424401164054871,0.02260458841919899,0.6397342681884766,0.48882198333740234,-0.001848877756856382,0.6370710134506226,0.5385400652885437,-0.012686904519796371,0.6412408947944641,0.5599029660224915,-0.014389065094292164,0.6674031615257263,0.5460423827171326,0.018048062920570374,0.6677159070968628,0.49384355545043945,-0.0074125025421381,0.6595365405082703,0.5538211464881897,-0.010673546232283115,0.6646055579185486,0.5663207173347473,-0.003167115617543459,0.6938332319259644,0.5580404996871948,0.006999513134360313,0.6945745348930359,0.517081081867218,-0.018565915524959564,0.6812331080436707,0.5751355886459351,-0.010453005321323872,0.6840204000473022,0.5892874002456665,0.004669500049203634,0.7203623056411743,0.5739042162895203,-0.00576439406722784,0.7159491181373596,0.54204922914505,-0.01506317500025034,0.7024816870689392,0.5798236727714539,-0.004938741680234671,0.7036935687065125,0.5956782102584839,0.007492797914892435
0.6789883375167847,0.7046431303024292,-3.5958964872406796e-07,0.6428168416023254,0.6583267450332642,-0.01255008578300476,0.6301062107086182,0.583940327167511,-0.015102207660675049,0.6493616104125977,0.5303887128829956,-0.02078121528029442,0.6789722442626953,0.5148013234138489,-0.021221954375505447,0.6372219324111938,0.5443100929260254,0.018795229494571686,0.6356419920921326,0.4869360327720642,-0.006927840877324343,0.6373352408409119,0.53671795129776,-0.017773466184735298,0.6433179378509521,0.5593754053115845,-0.01918286457657814,0.6639189720153809,0.5471404790878296,0.01507094781845808,0.6663001179695129,0.4949410855770111,-0.011471078731119633,0.6602988839149475,0.5549744963645935,-0.013990428298711777,0.6645849347114563,0.5672644972801208,-0.005499323830008507,0.6912840604782104,0.5589308142662048,0.004619315266609192,0.6939852833747864,0.5190433859825134,-0.02137674018740654,0.6821847558021545,0.576205313205719,-0.013157499022781849,0.6843813061714172,0.588489830493927,0.002344102133065462,0.718632698059082,0.5752186179161072,-0.00783448200672865,0.7160874605178833,0.5444505214691162,-0.01723199523985386,0.7039844393730164,0.5814250111579895,-0.007361805532127619,0.7046945095062256,0.5963739156723022,0.004988528322428465
0.679490327835083,0.7053036689758301,-3.7808058550581336e-07,0.6426281929016113,0.6588566303253174,-0.01167183369398117,0.6297303438186646,0.5844770669937134,-0.013907517306506634,0.6494365334510803,0.5316198468208313,-0.019430432468652725,0.6784219741821289,0.5149956345558167,-0.01998705230653286,0.63682621717453,0.5448881983757019,0.018859606236219406,0.635108470916748,0.4872366189956665,-0.006456257309764624,0.6351573467254639,0.5376619696617126,-0.01758117787539959,0.6396573781967163,0.5615475177764893,-0.019354747608304024,0.6631338000297546,0.547720730304718,0.014597991481423378,0.6662429571151733,0.4935712218284607,-0.011251123622059822,0.6588655710220337,0.5527442097663879,-0.014443536289036274,0.661568820476532,0.5665347576141357,-0.006865703035145998,0.6904156804084778,0.5598781704902649,0.003901636227965355,0.6942562460899353,0.5183521509170532,-0.021583931520581245,0.6815304160118103,0.5763134360313416,-0.01383143663406372,0.6822623014450073,0.5907134413719177,0.000998846022412181,0.7178125381469727,0.5767342448234558,-0.008653541095554829,0.7153698801994324,0.5452008247375488,-0.017889561131596565,0.7032895684242249,0.5832200646400452,-0.007866896688938141,0.7036113142967224,0.59903484582901,0.00437043234705925
0.6791090369224548,0.7059880495071411,-3.867340581109602e-07,0.641734778881073,0.6602282524108887,-0.011730724945664406,0.6292963027954102,0.5846956372261047,-0.01421748660504818,0.648190438747406,0.5306131839752197,-0.02002081647515297,0.6750929951667786,0.5133656859397888,-0.020843438804149628,0.6386165022850037,0.5430933237075806,0.01835242286324501,0.6366069316864014,0.48802438378334045,-0.007475355174392462,0.6359446048736572,0.5377619862556458,-0.01853467896580696,0.6411349773406982,0.559855043888092,-0.020316114649176598,0.6643185019493103,0.5463194251060486,0.013872588984668255,0.6672226190567017,0.4958365261554718,-0.012547217309474945,0.6591217517852783,0.5557107925415039,-0.015187326818704605,0.6626781225204468,0.5670784711837769,-0.007300719618797302,0.6909957528114319,0.5587759017944336,0.0028036488220095634,0.6948018074035645,0.5208641290664673,-0.023260099813342094,0.681207537651062,0.5791727304458618,-0.015009545721113682,0.6827548742294312,0.591773509979248,5.0778111472027376e-05,0.7176556587219238,0.5753448009490967,-0.010190033353865147,0.7154032588005066,0.5465312004089355,-0.019740212708711624,0.7027842998504639,0.5843197703361511,-0.009809779934585094,0.7037115097045898,0.5986891388893127,0.002311001531779766
0.6785862445831299,0.7060377597808838,-3.9498513615399133e-07,0.6411897540092468,0.6584150791168213,-0.009969709441065788,0.6298717856407166,0.5874474048614502,-0.011728059500455856,0.6483151316642761,0.5347914695739746,-0.01705634966492653,0.671653687953949,0.5114182829856873,-0.017549803480505943,0.6379350423812866,0.5456739664077759,0.02086111530661583,0.6358433365821838,0.488716721534729,-0.004390926565974951,0.6340749859809875,0.5362244248390198,-0.01584293693304062,0.6386510133743286,0.5603939890861511,-0.017618976533412933,0.6640657186508179,0.5495982766151428,0.01610805280506611,0.6669319272041321,0.4961431622505188,-0.009705201722681522,0.6582002639770508,0.5542536377906799,-0.013292339630424976,0.6614161729812622,0.5686514973640442,-0.005999720189720392,0.6910296678543091,0.5618249177932739,0.005024617072194815,0.6943364143371582,0.520275890827179,-0.020680060610175133,0.6802130937576294,0.5773231983184814,-0.013104596175253391,0.6811457276344299,0.592924952507019,0.0016557973576709628,0.7176913022994995,0.5783923864364624,-0.007705094292759895,0.7147574424743652,0.545874834060669,-0.01750410534441471,0.7016119360923767,0.5832411050796509,-0.007658357731997967,0.7017475366592407,0.6001541614532471,0.004670757334679365
0.6795644760131836,0.708252489566803,-3.950682980757847e-07,0.642586350440979,0.6614856719970703,-0.010682961903512478,0.6300181150436401,0.5895853638648987,-0.013353938236832619,0.6466832756996155,0.5356959700584412,-0.019470158964395523,0.6708865761756897,0.5135620832443237,-0.02059178799390793,0.6378238797187805,0.5466443300247192,0.018889423459768295,0.6363173127174377,0.48907411098480225,-0.006827420089393854,0.6351702809333801,0.538868248462677,-0.018357355147600174,0.6397392749786377,0.5633272528648376,-0.020208870992064476,0.6640967130661011,0.5503725409507751,0.014173720963299274,0.6671218276023865,0.49789491295814514,-0.012092802673578262,0.6587169766426086,0.5571309924125671,-0.015554295852780342,0.6620661020278931,0.5714120864868164,-0.008150407113134861,0.6910163164138794,0.5624106526374817,0.003161701140925288,0.6943332552909851,0.5219334363937378,-0.022325417026877403,0.6806044578552246,0.5789207220077515,-0.014345109462738037,0.6818092465400696,0.5938698053359985,0.0005667706718668342,0.7177854776382446,0.5788538455963135,-0.009598230943083763,0.7149308919906616,0.5467236042022705,-0.01869230531156063,0.702187180519104,0.5839313268661499,-0.00837006326764822,0.7027274370193481,0.6001290082931519,0.004146375693380833
0.6841769814491272,0.7094132900238037,-3.4453336184014915e-07,0.6470476984977722,0.6599379181861877,-0.012175208888947964,0.6339624524116516,0.5859407186508179,-0.013395383954048157,0.6509156823158264,0.5339550375938416,-0.017813406884670258,0.6741534471511841,0.5200302600860596,-0.017252890393137932,0.6368014216423035,0.5466843843460083,0.023606514558196068,0.6360716819763184,0.4923832416534424,-0.0010632177582010627,0.6372142434120178,0.536322295665741,-0.012274662964046001,0.6416269540786743,0.5573621392250061,-0.013798861764371395,0.6636228561401367,0.5492607355117798,0.020384840667247772,0.6674289107322693,0.49892446398735046,-0.00582036841660738,0.6616312265396118,0.5544076561927795,-0.009706358425319195,0.6631612181663513,0.5668042898178101,-0.0020065729040652514,0.6913766264915466,0.5606098175048828,0.010286168195307255,0.6955714225769043,0.5250284671783447,-0.01585759036242962,0.6852047443389893,0.5790432691574097,-0.010193826630711555,0.6850423216819763,0.5910660028457642,0.003785077715292573,0.7182340621948242,0.5763464570045471,-0.0016899832990020514,0.7177038192749023,0.5483459234237671,-0.010876513086259365,0.706480085849762,0.5845444202423096,-0.0023032885510474443,0.7052908539772034,0.5992621779441833,0.009051140397787094
0.6844239830970764,0.7103185057640076,-3.684512250856642e-07,0.6451136469841003,0.6612017154693604,-0.01000214833766222,0.6318963766098022,0.5866996049880981,-0.010644939728081226,0.6481530070304871,0.5347762107849121,-0.014679973013699055,0.6705076098442078,0.5170549154281616,-0.013789618387818336,0.639484167098999,0.5461947917938232,0.02296215295791626,0.6373069882392883,0.49368321895599365,-0.000664268562104553,0.6364960670471191,0.5416061282157898,-0.011273983865976334,0.6413090229034424,0.5635119080543518,-0.012987323105335236,0.6657025814056396,0.5484369397163391,0.018355894833803177,0.6675464510917664,0.4982380270957947,-0.0067647360265254974,0.6609326601028442,0.5564462542533875,-0.010204480960965157,0.6652722954750061,0.5697481036186218,-0.002761303214356303,0.6929553747177124,0.5600193738937378,0.007306693121790886,0.6958032250404358,0.5242635607719421,-0.016587624326348305,0.6837126016616821,0.5791559219360352,-0.009554465301334858,0.685604989528656,0.5911224484443665,0.00426669605076313,0.7197862863540649,0.5762942433357239,-0.005591209512203932,0.7174534201622009,0.5498740673065186,-0.013106990605592728,0.7048385143280029,0.5861176252365112,-0.003640981623902917,0.705308198928833,0.5993674993515015,0.007707149256020784
0.6841378808021545,0.7108679413795471,-3.4551584349173936e-07,0.6475440859794617,0.6621711254119873,-0.011335467919707298,0.6348006725311279,0.588961660861969,-0.013143327087163925,0.6537516713142395,0.5377575755119324,-0.018405742943286896,0.6799991726875305,0.5203211903572083,-0.018687209114432335,0.6392630338668823,0.5490097999572754,0.021808980032801628,0.6376864314079285,0.4920670986175537,-0.0035753927659243345,0.640102744102478,0.5399549007415771,-0.015413740649819374,0.6452654004096985,0.5634079575538635,-0.017435001209378242,0.6653069853782654,0.5517946481704712,0.01754550077021122,0.6684302687644958,0.49750080704689026,-0.008776779286563396,0.6632817983627319,0.5546058416366577,-0.013263908214867115,0.6657329201698303,0.5683785676956177,-0.006250753998756409,0.6924718022346497,0.5632219910621643,0.0066640423610806465,0.6970770955085754,0.5229337811470032,-0.018767861649394035,0.6857914328575134,0.5782027840614319,-0.012489798478782177,0.6854129433631897,0.5918167233467102,0.0015075624687597156,0.7190003991127014,0.579461395740509,-0.0061183893121778965,0.7182653546333313,0.5489323139190674,-0.01497578527778387,0.7063575983047485,0.5857154726982117,-0.0057763755321502686,0.7049024105072021,0.6012449860572815,0.005877604708075523
0.6871854066848755,0.7123109102249146,-3.3159699341922533e-07,0.6486956477165222,0.6621487736701965,-0.010223782621324062,0.6355984807014465,0.5911794900894165,-0.011639479547739029,0.6514251232147217,0.5383822321891785,-0.017060693353414536,0.6753544211387634,0.5181254148483276,-0.017913052812218666,0.6416086554527283,0.5499383211135864,0.026613127440214157,0.638770341873169,0.4951757788658142,0.0022231601178646088,0.6401231288909912,0.5358839631080627,-0.009817244485020638,0.6451672911643982,0.5580580234527588,-0.011765447445213795,0.6676995158195496,0.552843451499939,0.02220095321536064,0.6705110669136047,0.5008888840675354,-0.0029485970735549927,0.6648859977722168,0.554661214351654,-0.007558551616966724,0.666743278503418,0.568949818611145,-0.0006343363202176988,0.6949033737182617,0.5640258193016052,0.01094635296612978,0.6986269950866699,0.5265742540359497,-0.014191174879670143,0.6874428391456604,0.5797070264816284,-0.009022310376167297,0.6869046092033386,0.5943894386291504,0.004349231719970703,0.7210631966590881,0.5798233151435852,-0.0020826952531933784,0.7201732397079468,0.5486926436424255,-0.010393975302577019,0.7083175778388977,0.585093080997467,-0.0014560073614120483,0.7068596482276917,0.6026811599731445,0.010049709118902683
0.6863325238227844,0.7133097052574158,-3.6548553339343925e-07,0.6482366323471069,0.6647500991821289,-0.010499919764697552,0.6352551579475403,0.5943966507911682,-0.013165895827114582,0.6509053111076355,0.5412024855613708,-0.01963428035378456,0.6746541261672974,0.5197386741638184,-0.021340494975447655,0.6439210772514343,0.5492588877677917,0.02279733493924141,0.6410336494445801,0.4958595633506775,-0.0020648168865591288,0.6390514373779297,0.5445230007171631,-0.013822848908603191,0.6433759331703186,0.5669523477554321,-0.01597406715154648,0.669237494468689,0.5528016686439514,0.01780681125819683,0.6708422899246216,0.5019879937171936,-0.007546958047896624,0.6627882719039917,0.5596516728401184,-0.011668795719742775,0.6671760082244873,0.5719317197799683,-0.004783862270414829,0.6959773898124695,0.5650741457939148,0.006286775693297386,0.6984707713127136,0.5257298350334167,-0.018585948273539543,0.6852844953536987,0.5811092257499695,-0.01164437085390091,0.6873404383659363,0.593864917755127,0.002495276741683483,0.7224229574203491,0.5823020339012146,-0.007023691199719906,0.7196049094200134,0.5499061942100525,-0.015114566311240196,0.7066923975944519,0.5868310332298279,-0.00473522674292326,0.7074794769287109,0.6026954054832458,0.00772653054445982
0.6866615414619446,0.7128966450691223,-3.645427568699233e-07,0.6488850712776184,0.6654163599014282,-0.010811001062393188,0.6360986232757568,0.595373809337616,-0.013047559186816216,0.6533252000808716,0.5426256656646729,-0.018867189064621925,0.6764678955078125,0.5186071991920471,-0.019829927012324333,0.644756019115448,0.5511506199836731,0.02268030494451523,0.6409295797348022,0.4971010386943817,-0.0024243199732154608,0.6408222913742065,0.5437702536582947,-0.01402251236140728,0.646889865398407,0.5650423169136047,-0.01605207473039627,0.6703497171401978,0.554411768913269,0.018106747418642044,0.6715348362922668,0.5021935105323792,-0.007957925088703632,0.6644156575202942,0.5596883296966553,-0.011874843388795853,0.6687093377113342,0.5719892978668213,-0.0047142766416072845,0.6968510746955872,0.5661778450012207,0.006874064449220896,0.6992881298065186,0.5236014127731323,-0.01947980932891369,0.686427652835846,0.5798965692520142,-0.01259115431457758,0.6877633333206177,0.5935771465301514,0.001818004297092557,0.7228807210922241,0.5825956463813782,-0.006110831629484892,0.7198961973190308,0.5503660440444946,-0.01649271324276924,0.7067432403564453,0.5885117053985596,-0.007332117762416601,0.7064939737319946,0.6052946448326111,0.004590847995132208
0.6868801116943359,0.7114530801773071,-3.5566583278523467e-07,0.6494923830032349,0.6641231775283813,-0.01009333971887827,0.6365072727203369,0.5949520468711853,-0.011762061156332493,0.6537238359451294,0.5419525504112244,-0.017032690346240997,0.67888343334198,0.5168343186378479,-0.017609626054763794,0.6438084244728088,0.5541671514511108,0.022908788174390793,0.6397966742515564,0.49740341305732727,-0.0019270542543381453,0.6416507959365845,0.5401533842086792,-0.013702156022191048,0.6483791470527649,0.5626488327980042,-0.015766054391860962,0.6697791218757629,0.557178258895874,0.018382173031568527,0.6707749962806702,0.5025925636291504,-0.007646495010703802,0.665026843547821,0.5588317513465881,-0.011861761100590229,0.6688144207000732,0.5737633109092712,-0.004772104322910309,0.6965856552124023,0.5684507489204407,0.007366318255662918,0.6990377902984619,0.5241134762763977,-0.018797090277075768,0.6868559718132019,0.5795746445655823,-0.012146017514169216,0.6874955892562866,0.5952879786491394,0.0022783793974667788,0.7229654788970947,0.5845448970794678,-0.005301031284034252,0.7201550602912903,0.5508276224136353,-0.016004493460059166,0.707648754119873,0.5877159237861633,-0.00723155727609992,0.7070937752723694,0.6053705215454102,0.0045388503931462765
0.6862884163856506,0.7114642262458801,-3.702336357491731e-07,0.6488239169120789,0.665332019329071,-0.010732220485806465,0.6366628408432007,0.5956008434295654,-0.012573309242725372,0.6532993316650391,0.5424631237983704,-0.017772246152162552,0.6755687594413757,0.5151520371437073,-0.018130574375391006,0.6442618370056152,0.5519273281097412,0.02182570844888687,0.6408358812332153,0.497016966342926,-0.0033883382566273212,0.6419064402580261,0.5422031879425049,-0.015240148641169071,0.6476762294769287,0.5653877258300781,-0.017220010980963707,0.6702412366867065,0.5550117492675781,0.01756112463772297,0.6711744666099548,0.5029438734054565,-0.00837557390332222,0.6652603149414062,0.5607680678367615,-0.01249821949750185,0.6691911816596985,0.5748350024223328,-0.005368854384869337,0.6969583630561829,0.5665884613990784,0.006790755316615105,0.6987522840499878,0.5261742472648621,-0.01921583153307438,0.6867794394493103,0.5822195410728455,-0.012059259228408337,0.6879241466522217,0.5959729552268982,0.00258618569932878,0.7230351567268372,0.5830415487289429,-0.005675813648849726,0.7201725840568542,0.550859808921814,-0.015982048586010933,0.7080254554748535,0.5882185697555542,-0.0064046201296150684,0.707930862903595,0.6042997241020203,0.005949058569967747
0.6868245601654053,0.7108819484710693,-3.558633920874854e-07,0.6495903730392456,0.6643993854522705,-0.010908635333180428,0.6363785862922668,0.5913193821907043,-0.01207801979035139,0.6545771360397339,0.5388463735580444,-0.016623934730887413,0.6807851791381836,0.5202164053916931,-0.01648273505270481,0.6434686183929443,0.5520884990692139,0.022003835067152977,0.6400337815284729,0.4973554015159607,-0.0028398334980010986,0.642630398273468,0.5410953164100647,-0.014179392717778683,0.64952152967453,0.5632529258728027,-0.015926754102110863,0.6696614623069763,0.5550932288169861,0.017980577424168587,0.6711153984069824,0.5034292340278625,-0.00829976238310337,0.6655409932136536,0.5605694651603699,-0.012023257091641426,0.669309675693512,0.5751428604125977,-0.0042897481471300125,0.6966462135314941,0.5667151808738708,0.007347872015088797,0.6992916464805603,0.5260040760040283,-0.019284773617982864,0.6873207092285156,0.58216792345047,-0.012853916734457016,0.6883571147918701,0.5965666770935059,0.0017240397864952683,0.723146378993988,0.5830110907554626,-0.004984293598681688,0.7205497026443481,0.5516528487205505,-0.01609877496957779,0.7084609270095825,0.589429497718811,-0.0076575689017772675,0.7086228728294373,0.6061181426048279,0.004031880758702755
0.6861900091171265,0.7117314338684082,-3.586421541967866e-07,0.6493217945098877,0.6654666662216187,-0.010523064993321896,0.6356552839279175,0.5962043404579163,-0.013005132786929607,0.651837944984436,0.5432946085929871,-0.019060054793953896,0.6769039034843445,0.5177099704742432,-0.02051411382853985,0.6442282199859619,0.5519517660140991,0.021031098440289497,0.640377938747406,0.49759969115257263,-0.00421490240842104,0.6415565609931946,0.5417836904525757,-0.01613529771566391,0.6479920148849487,0.5647493600845337,-0.01830068789422512,0.6701744794845581,0.5545515418052673,0.016377625986933708,0.6715185642242432,0.5038481950759888,-0.00945026334375143,0.6652982831001282,0.5611591935157776,-0.01326252706348896,0.6692913770675659,0.5755764245986938,-0.006077920086681843,0.6969161033630371,0.5659265518188477,0.005246175918728113,0.6995742321014404,0.526097297668457,-0.020667152479290962,0.6871506571769714,0.5821818709373474,-0.01351618766784668,0.6882790327072144,0.5969337821006775,0.0010357419960200787,0.7231437563896179,0.5825799703598022,-0.007591150235384703,0.721034049987793,0.5509586930274963,-0.017770987004041672,0.7087141871452332,0.5882713198661804,-0.008305056020617485,0.7086827754974365,0.6046882271766663,0.0038626561872661114
0.6861586570739746,0.7127742171287537,-3.6313196005721693e-07,0.6485028862953186,0.6666193604469299,-0.011455257423222065,0.6356320977210999,0.5954567193984985,-0.013937100768089294,0.6526228189468384,0.5424675941467285,-0.01972571760416031,0.6760602593421936,0.517125129699707,-0.020627157762646675,0.6436318159103394,0.5521032214164734,0.020861385390162468,0.6405415534973145,0.49695074558258057,-0.0046352241188287735,0.6419249176979065,0.5435858964920044,-0.01642012409865856,0.6481926441192627,0.5669578909873962,-0.018391523510217667,0.6697734594345093,0.5547592639923096,0.016754042357206345,0.6708763241767883,0.5033338069915771,-0.009648183360695839,0.6650599837303162,0.5613524317741394,-0.013511700555682182,0.6693055629730225,0.5752730965614319,-0.006103705149143934,0.6967186331748962,0.5664157867431641,0.0060330405831336975,0.6988599896430969,0.5262646079063416,-0.02031540870666504,0.686999499797821,0.5824131369590759,-0.013163135387003422,0.6883460283279419,0.596373975276947,0.0015575129073113203,0.7232012748718262,0.5828405022621155,-0.006458589341491461,0.7204256653785706,0.5511480569839478,-0.016977161169052124,0.7082455158233643,0.5887278318405151,-0.007635891437530518,0.7083029747009277,0.6051310896873474,0.004552048165351152
0.6861943006515503,0.7133315205574036,-3.70253701476031e-07,0.6486547589302063,0.6668934226036072,-0.011808282695710659,0.6358863115310669,0.5958262085914612,-0.014274978078901768,0.6526216268539429,0.5422855615615845,-0.02000529319047928,0.6761366128921509,0.5163580179214478,-0.020679719746112823,0.6436736583709717,0.5523616075515747,0.021027736365795135,0.6408255696296692,0.4961116909980774,-0.0047041308134794235,0.6417217254638672,0.5432902574539185,-0.01632368192076683,0.647531270980835,0.5664191842079163,-0.018054164946079254,0.6698141098022461,0.5553758144378662,0.017126457765698433,0.6711743474006653,0.5035352110862732,-0.009400753304362297,0.6650601625442505,0.5624388456344604,-0.012937602587044239,0.6691321134567261,0.5755917429924011,-0.00525776669383049,0.6966938972473145,0.5670603513717651,0.006485732272267342,0.6991467475891113,0.5262030363082886,-0.02017546072602272,0.6872427463531494,0.5831799507141113,-0.012689482420682907,0.6885852217674255,0.5967710614204407,0.0023633826058357954,0.7229956388473511,0.5834063291549683,-0.005958308465778828,0.7206723093986511,0.5510178804397583,-0.01652534119784832,0.708453893661499,0.5890557169914246,-0.0069768913090229034,0.7084054350852966,0.6055014729499817,0.0054089464247226715
0.6857879757881165,0.7135915756225586,-3.4221366718156787e-07,0.6482066512107849,0.6653786897659302,-0.00994363147765398,0.6347604393959045,0.598863959312439,-0.012656176462769508,0.6474905610084534,0.5452169179916382,-0.019186077639460564,0.6694784164428711,0.5188094973564148,-0.021285340189933777,0.6436601281166077,0.5518414974212646,0.023444045335054398,0.6401401162147522,0.49825793504714966,-0.0022203433327376842,0.6404201984405518,0.5367751121520996,-0.014598289504647255,0.6465398669242859,0.5580177307128906,-0.01675405167043209,0.6686542630195618,0.554364800453186,0.018470412120223045,0.6704702973365784,0.5029177069664001,-0.008321588858962059,0.6634960174560547,0.5590747594833374,-0.012588396668434143,0.6674447059631348,0.5737114548683167,-0.005141009110957384,0.6949631571769714,0.5651757717132568,0.006927100941538811,0.6966801285743713,0.5262262225151062,-0.02022148296236992,0.684571385383606,0.5809743404388428,-0.013592016883194447,0.6864908337593079,0.5952422022819519,0.0012500887969508767,0.7209897041320801,0.5820175409317017,-0.0062093413434922695,0.717888355255127,0.550788164138794,-0.01667868159711361,0.7054363489151001,0.587554395198822,-0.007268357556313276,0.7058836817741394,0.604553759098053,0.00514571787789464
0.683006763458252,0.708798885345459,-3.586004879707616e-07,0.644220769405365,0.6635335683822632,-0.00962019618600607,0.6301655173301697,0.5899683237075806,-0.011085005477070808,0.6477633118629456,0.5365893840789795,-0.016262127086520195,0.6741324663162231,0.5237191319465637,-0.016751034185290337,0.6387856006622314,0.5483764410018921,0.02127191796898842,0.6356626749038696,0.49323421716690063,-0.0032829742413014174,0.6357153058052063,0.5401065349578857,-0.014356204308569431,0.6413476467132568,0.5639748573303223,-0.016119161620736122,0.6640958189964294,0.551565408706665,0.01630542241036892,0.6658761501312256,0.4987775981426239,-0.010023015551269054,0.6591196060180664,0.5566018223762512,-0.013554464094340801,0.662641167640686,0.5737749338150024,-0.005788862705230713,0.6907315850257874,0.5628262162208557,0.005046381149441004,0.6932650208473206,0.5224660038948059,-0.02026323601603508,0.6809217929840088,0.5792924165725708,-0.013230481185019016,0.6820662617683411,0.597402811050415,0.0013676559319719672,0.7176079154014587,0.5787886381149292,-0.00796474702656269,0.71416836977005,0.5492856502532959,-0.017109230160713196,0.7019801735877991,0.5863027572631836,-0.0082766804844141,0.7027422189712524,0.6035817265510559,0.003199937753379345
0.682789146900177,0.7097355127334595,-3.32664427560303e-07,0.6467946171760559,0.6630715727806091,-0.013444541953504086,0.6330132484436035,0.5911307334899902,-0.01709580607712269,0.6504128575325012,0.538969874382019,-0.023782113566994667,0.6783036589622498,0.523656964302063,-0.025406641885638237,0.6341835856437683,0.548189640045166,0.018945366144180298,0.6334797739982605,0.49140089750289917,-0.0069704726338386536,0.6355625987052917,0.5401276350021362,-0.019070040434598923,0.6392926573753357,0.5642536282539368,-0.021092547103762627,0.6610840559005737,0.5510561466217041,0.015425225719809532,0.6652585864067078,0.49858030676841736,-0.010720382444560528,0.6599262952804565,0.5560263395309448,-0.014920623041689396,0.6611438393592834,0.570209264755249,-0.007742753718048334,0.6888421177864075,0.56243896484375,0.005235183984041214,0.6940262317657471,0.5253175497055054,-0.020052345469594002,0.6831035017967224,0.5807760953903198,-0.013918086886405945,0.6821599006652832,0.5942565202713013,-1.2922056384923053e-06,0.715770423412323,0.5789698958396912,-0.006959179416298866,0.715146541595459,0.5493385195732117,-0.015144513919949532,0.7043148875236511,0.5872800350189209,-0.005328249651938677,0.7030510306358337,0.6034767627716064,0.006752509158104658
0.6835124492645264,0.7125520706176758,-3.7369110827967233e-07,0.6452202796936035,0.6662322282791138,-0.011804165318608284,0.6310021877288818,0.5929299592971802,-0.015219883061945438,0.6484699249267578,0.5407289266586304,-0.02217962220311165,0.6739292740821838,0.5239179134368896,-0.02420693263411522,0.6380105018615723,0.548046886920929,0.019022231921553612,0.6336811780929565,0.492643803358078,-0.0069399066269397736,0.6336179971694946,0.5435055494308472,-0.018667927011847496,0.6388068795204163,0.5663995146751404,-0.020767221227288246,0.6635335683822632,0.5504959225654602,0.014221267774701118,0.664355993270874,0.49922195076942444,-0.011962835676968098,0.6574267148971558,0.5589457750320435,-0.015316778793931007,0.6612600684165955,0.5714365839958191,-0.007875364273786545,0.6904394030570984,0.5622447729110718,0.0028119031339883804,0.6929641366004944,0.5229471325874329,-0.02254551462829113,0.6809175610542297,0.5803806185722351,-0.014966713264584541,0.6826335191726685,0.5935022234916687,-0.00044256652472540736,0.7171148657798767,0.5788575410842896,-0.01056552492082119,0.7148478031158447,0.5470885634422302,-0.018932927399873734,0.7027872204780579,0.5854253172874451,-0.008456145413219929,0.7035645842552185,0.6013996601104736,0.003948946949094534
0.6827989220619202,0.7133998274803162,-3.7757888549094787e-07,0.6434556245803833,0.6662105321884155,-0.01169379148632288,0.6300337910652161,0.5936928391456604,-0.014907464385032654,0.6476014852523804,0.538844645023346,-0.021670693531632423,0.6725587248802185,0.5175984501838684,-0.02349824830889702,0.6379255056381226,0.5507852435112,0.020014511421322823,0.634033739566803,0.49305886030197144,-0.005971040576696396,0.6343438029289246,0.5436137914657593,-0.01800713688135147,0.6394921541213989,0.5683397054672241,-0.020110715180635452,0.663815975189209,0.5531060695648193,0.01548253558576107,0.6638957858085632,0.49948999285697937,-0.010902246460318565,0.6578040719032288,0.559004545211792,-0.014684063382446766,0.6623424291610718,0.5742342472076416,-0.007339712232351303,0.6908572912216187,0.5641660690307617,0.00434768246486783,0.6920158267021179,0.5218589901924133,-0.02132112719118595,0.6802961826324463,0.5792990326881409,-0.013653121888637543,0.6822400689125061,0.595136821269989,0.0011797234183177352,0.7176685333251953,0.5802386403083801,-0.008710462599992752,0.7135345935821533,0.5470651388168335,-0.017659850418567657,0.7014994621276855,0.5856596231460571,-0.007297468837350607,0.7023691534996033,0.603272557258606,0.005274450872093439
0.6822625398635864,0.7136796712875366,-3.467809506219055e-07,0.642669141292572,0.6651952266693115,-0.01261313259601593,0.6303205490112305,0.5936644673347473,-0.015644868835806847,0.6479143500328064,0.5392626523971558,-0.022075647488236427,0.6716706156730652,0.5191693305969238,-0.023596249520778656,0.6359172463417053,0.5519251823425293,0.02179626375436783,0.6336849927902222,0.4939776062965393,-0.003705966752022505,0.633502721786499,0.5416505336761475,-0.015706555917859077,0.6374630928039551,0.5653674006462097,-0.017718959599733353,0.6622548699378967,0.5549688339233398,0.0179565642029047,0.6640892028808594,0.49957484006881714,-0.008272023871541023,0.657577395439148,0.5570728182792664,-0.012650975957512856,0.6610784530639648,0.5719225406646729,-0.005485683213919401,0.6894555687904358,0.5664759874343872,0.007348000071942806,0.6925665736198425,0.5224310159683228,-0.018538832664489746,0.680316686630249,0.5780968070030212,-0.012146309949457645,0.6811221241950989,0.5934189558029175,0.002155421767383814,0.7158696055412292,0.5827312469482422,-0.0051935091614723206,0.7137222290039062,0.5483701825141907,-0.014423002488911152,0.7013653516769409,0.5856567025184631,-0.004810987506061792,0.7010404467582703,0.6036186218261719,0.007421361748129129
0.6816339492797852,0.712408185005188,-3.693986627695267e-07,0.6416370868682861,0.6650823354721069,-0.010524261742830276,0.6280251145362854,0.5932316780090332,-0.012857326306402683,0.6431013941764832,0.5375459790229797,-0.01883237436413765,0.6657300591468811,0.5150060057640076,-0.019994515925645828,0.6373484134674072,0.5500872135162354,0.021393969655036926,0.6339803338050842,0.4934636354446411,-0.0038997142110019922,0.6331905126571655,0.5405510067939758,-0.01569381169974804,0.6381920576095581,0.5646076202392578,-0.017812348902225494,0.6627787351608276,0.5532584190368652,0.01654801517724991,0.6646950840950012,0.49947792291641235,-0.0097877848893404,0.6573944687843323,0.557765007019043,-0.01381238829344511,0.6611823439598083,0.5734802484512329,-0.006672948133200407,0.689083993434906,0.5647467970848083,0.005216528195887804,0.6923790574073792,0.5226662158966064,-0.02037224732339382,0.6790220737457275,0.5786871910095215,-0.013475335203111172,0.6800787448883057,0.5949863791465759,0.0007673294749110937,0.715125560760498,0.5805903673171997,-0.00791031215339899,0.7127242684364319,0.5488629341125488,-0.017231041565537453,0.6994820237159729,0.58604496717453,-0.007990259677171707,0.6996074318885803,0.6034544706344604,0.0037269392050802708
0.6805903315544128,0.7107285857200623,-3.417053449084051e-07,0.6427134871482849,0.663496196269989,-0.011955211870372295,0.628600537776947,0.5973838567733765,-0.015581111423671246,0.641454815864563,0.5423727631568909,-0.022587371990084648,0.6639992594718933,0.5147923231124878,-0.024784427136182785,0.6346647143363953,0.5507044792175293,0.020566940307617188,0.6323745846748352,0.49427881836891174,-0.0053867497481405735,0.6331601738929749,0.5386664867401123,-0.017980748787522316,0.637643039226532,0.5612847208976746,-0.020421046763658524,0.6608426570892334,0.5535721182823181,0.016535621136426926,0.6637839674949646,0.49929940700531006,-0.010159699246287346,0.657802402973175,0.5564534664154053,-0.014869819395244122,0.6604065895080566,0.5716886520385742,-0.008199162781238556,0.6876513957977295,0.5642637610435486,0.005954280029982328,0.6920794248580933,0.522779643535614,-0.020433975383639336,0.6797665357589722,0.577789843082428,-0.014149614609777927,0.6790988445281982,0.5935268402099609,-5.008816151530482e-05,0.7137399911880493,0.5802217721939087,-0.006419048178941011,0.7138800024986267,0.5475417971611023,-0.016141178086400032,0.700941264629364,0.5838860273361206,-0.006942589767277241,0.6984949707984924,0.6018804311752319,0.004950576461851597
0.6788747906684875,0.7102750539779663,-3.615020034430927e-07,0.6405200362205505,0.6625518798828125,-0.009088079445064068,0.6262315511703491,0.5968621969223022,-0.012254312634468079,0.6394570469856262,0.5426770448684692,-0.019463270902633667,0.6624038219451904,0.5150752067565918,-0.02238490618765354,0.6361756324768066,0.5490779876708984,0.02172597125172615,0.6315523982048035,0.49464237689971924,-0.003306559519842267,0.6304245591163635,0.5376642346382141,-0.015812953934073448,0.6361612677574158,0.5615532994270325,-0.018577484413981438,0.661547839641571,0.5520927906036377,0.015887130051851273,0.6628432869911194,0.5000995993614197,-0.010104469954967499,0.6553425192832947,0.5571249723434448,-0.014725909568369389,0.6591267585754395,0.5749676823616028,-0.00828175712376833,0.6878568530082703,0.5632833242416382,0.003871095133945346,0.6904309988021851,0.5220226645469666,-0.02190375328063965,0.6773875951766968,0.5777769088745117,-0.015196661464869976,0.6785047650337219,0.596645712852478,-0.0011059896787628531,0.713999330997467,0.580254077911377,-0.009729834273457527,0.7120414972305298,0.5472469329833984,-0.0197750311344862,0.6987324357032776,0.5844634771347046,-0.010431685484945774,0.6982199549674988,0.603901743888855,0.0015359491808339953
0.6763783097267151,0.7084410190582275,-3.624044495609269e-07,0.6373918056488037,0.6639245748519897,-0.011616094969213009,0.6237699389457703,0.5940119624137878,-0.014913720078766346,0.6365678906440735,0.5379368662834167,-0.021529080346226692,0.6574584245681763,0.513680100440979,-0.023206835612654686,0.6347969174385071,0.5456568598747253,0.02018919214606285,0.6313276290893555,0.4933677911758423,-0.005136218853294849,0.6308444738388062,0.5413810610771179,-0.016884509474039078,0.6369324922561646,0.5649378299713135,-0.019035404548048973,0.6600935459136963,0.5479844808578491,0.015857990831136703,0.6605343222618103,0.4981163740158081,-0.010573611594736576,0.6539125442504883,0.5562523603439331,-0.014278532937169075,0.6593672633171082,0.5716505646705627,-0.00683701504021883,0.6860454082489014,0.5591188073158264,0.0049979193136096,0.6864463090896606,0.5234469771385193,-0.020547989755868912,0.6743871569633484,0.5781908631324768,-0.013106460683047771,0.6773620843887329,0.5923928618431091,0.0014955289661884308,0.7120652198791504,0.5752753615379333,-0.007752998266369104,0.7074108719825745,0.5480595231056213,-0.01651274599134922,0.6952204704284668,0.5839255452156067,-0.006799961905926466,0.6967446804046631,0.5987968444824219,0.005242547951638699
0.6755530834197998,0.7061653733253479,-3.4639032264749403e-07,0.637938916683197,0.6605912446975708,-0.012020614929497242,0.623607873916626,0.5940868258476257,-0.015850743278861046,0.6352877616882324,0.5382209420204163,-0.02308136224746704,0.658576488494873,0.5122923851013184,-0.02547348663210869,0.6317060589790344,0.5456926226615906,0.020929185673594475,0.6286141872406006,0.4917609989643097,-0.004959301091730595,0.628838300704956,0.5372847318649292,-0.017330558970570564,0.6342664361000061,0.5607402920722961,-0.019569827243685722,0.6574090719223022,0.5490370988845825,0.01685507223010063,0.6589353680610657,0.4980698227882385,-0.009691090323030949,0.6523964405059814,0.5551093816757202,-0.0140369962900877,0.6562017202377319,0.5706151723861694,-0.00704262824729085,0.6840248703956604,0.5605303645133972,0.006165897473692894,0.6859015822410583,0.5204544067382812,-0.02059355564415455,0.6736518740653992,0.5757296085357666,-0.014181086793541908,0.6748992800712585,0.5920009016990662,0.0002146861661458388,0.7104830741882324,0.5774455070495605,-0.006268011871725321,0.70680832862854,0.5467828512191772,-0.016546161845326424,0.69436115026474,0.5831511616706848,-0.007512462791055441,0.6941481828689575,0.600845456123352,0.00451733497902751
0.6750214099884033,0.706733226776123,-3.4375327118141286e-07,0.6365739703178406,0.6603617072105408,-0.012630402110517025,0.623492419719696,0.5922597050666809,-0.015959450975060463,0.6372563242912292,0.5383800864219666,-0.022580284625291824,0.6591576933860779,0.5143610239028931,-0.024427417665719986,0.6309890151023865,0.546006441116333,0.021983753889799118,0.6276130080223083,0.49336737394332886,-0.0034423202741891146,0.6271422505378723,0.538263738155365,-0.015389311127364635,0.6324794888496399,0.5596501231193542,-0.017409224063158035,0.6568406820297241,0.549106240272522,0.018283478915691376,0.6577245593070984,0.4989265203475952,-0.007960567250847816,0.6507035493850708,0.5559131503105164,-0.012100973166525364,0.6549393534660339,0.5687857866287231,-0.004879085347056389,0.6837139129638672,0.560403048992157,0.007756255101412535,0.6856427788734436,0.5219348073005676,-0.019191527739167213,0.6730232238769531,0.5774205923080444,-0.013042081147432327,0.6744756698608398,0.5911884903907776,0.0012730745365843177,0.7099764943122864,0.5764172077178955,-0.004567202180624008,0.7072376608848572,0.5455474853515625,-0.014916276559233665,0.694786787033081,0.5827541351318359,-0.005775852128863335,0.6946156024932861,0.599665105342865,0.006365770008414984
0.6737217903137207,0.7057335376739502,-3.572863249701186e-07,0.6371465921401978,0.6611459255218506,-0.0121937720105052,0.6224696040153503,0.5919811725616455,-0.015957292169332504,0.6383864879608154,0.5390735864639282,-0.022917471826076508,0.6645933985710144,0.517718493938446,-0.0249481163918972,0.6293801069259644,0.5459415912628174,0.01816093735396862,0.6242116093635559,0.49102136492729187,-0.008304333314299583,0.627604603767395,0.5378966331481934,-0.020373787730932236,0.6353404521942139,0.5612275004386902,-0.022510075941681862,0.6557928919792175,0.5483419895172119,0.01397031918168068,0.6558821201324463,0.4988592565059662,-0.013008092530071735,0.6514884233474731,0.5584639310836792,-0.016283202916383743,0.6558730006217957,0.572479248046875,-0.008582084439694881,0.6828942894935608,0.5595980882644653,0.0031419352162629366,0.6846834421157837,0.5204699635505676,-0.023442020639777184,0.6737552881240845,0.5778018236160278,-0.015629686415195465,0.6750984787940979,0.5919034481048584,-0.000560388492885977,0.7095536589622498,0.5762571692466736,-0.009581975638866425,0.7065531015396118,0.546949028968811,-0.019908055663108826,0.6950727105140686,0.5847360491752625,-0.010389499366283417,0.6952354311943054,0.6004514694213867,0.0018030913779512048
0.6744953393936157,0.7057781219482422,-3.711906515491137e-07,0.6357095837593079,0.6604423522949219,-0.012137985788285732,0.6220919489860535,0.5910184979438782,-0.014705328270792961,0.6377884149551392,0.5373023152351379,-0.0204194113612175,0.6587454676628113,0.5114839673042297,-0.021118639037013054,0.6302213072776794,0.5461437106132507,0.02051418460905552,0.6260814666748047,0.4923047125339508,-0.005176140461117029,0.6261304616928101,0.5389469861984253,-0.016747646033763885,0.6317552924156189,0.5605087280273438,-0.018583819270133972,0.6561985015869141,0.5488400459289551,0.016665397211909294,0.656334638595581,0.4988841414451599,-0.009193826466798782,0.6498607397079468,0.5570369362831116,-0.012336171232163906,0.6548436284065247,0.5677102208137512,-0.004823024850338697,0.6831305623054504,0.5601609349250793,0.006032517179846764,0.6850455403327942,0.5219354629516602,-0.020597025752067566,0.6727020740509033,0.5787095427513123,-0.012973268516361713,0.6749492883682251,0.5903345346450806,0.0018891171785071492,0.7096544504165649,0.5760271549224854,-0.006448577623814344,0.706904411315918,0.5458288192749023,-0.017037516459822655,0.6946262121200562,0.5839363932609558,-0.007294817361980677,0.6951884627342224,0.5994993448257446,0.005103155970573425
0.674618124961853,0.7065251469612122,-3.4935564485749637e-07,0.6360244750976562,0.6610931158065796,-0.011282963678240776,0.6221153140068054,0.5921334028244019,-0.013841675594449043,0.6363294720649719,0.5380640625953674,-0.019916150718927383,0.6592889428138733,0.5136750340461731,-0.02142883837223053,0.6299417018890381,0.5474926829338074,0.022556247189641,0.626450777053833,0.4933703541755676,-0.002784260781481862,0.6280714273452759,0.535152792930603,-0.01474400982260704,0.63388991355896,0.5584582686424255,-0.016581807285547256,0.6557642221450806,0.5496017336845398,0.01848789118230343,0.6564123034477234,0.4995722770690918,-0.007393271662294865,0.651509702205658,0.5565430521965027,-0.011137668043375015,0.6556108593940735,0.5709690451622009,-0.0035933898761868477,0.6828421354293823,0.5603044033050537,0.00769653869792819,0.6842320561408997,0.5208236575126648,-0.018860332667827606,0.6737210750579834,0.5768364071846008,-0.012006500735878944,0.6754462122917175,0.5914424657821655,0.002747033955529332,0.7094855308532715,0.5761330127716064,-0.00480331014841795,0.7062460780143738,0.5449839234352112,-0.015467495657503605,0.6954384446144104,0.5826228857040405,-0.006155407056212425,0.6960880756378174,0.5994110703468323,0.006194372661411762
