0,1,2,3,4,5,6,7,8,9,10,11,12,13,14,15,16,17,18,19,20,21,22,23,24,25,26,27,28,29,30,31,32,33,34,35,36,37,38,39,40,41,42,43,44,45,46,47,48,49,50,51,52,53,54,55,56,57,58,59,60,61,62
0.6738847494125366,0.705894410610199,-3.5315719060236006e-07,0.637170135974884,0.661355197429657,-0.012213902547955513,0.6220949292182922,0.5959880948066711,-0.016186602413654327,0.634735643863678,0.5439914464950562,-0.02324684150516987,0.6546013355255127,0.5162290930747986,-0.025470644235610962,0.628853976726532,0.5465520620346069,0.019002143293619156,0.6254610419273376,0.49452996253967285,-0.007475459016859531,0.6266915798187256,0.5404796600341797,-0.02011169120669365,0.6327853202819824,0.5619295835494995,-0.02277115173637867,0.6552734971046448,0.5488333702087402,0.014718758873641491,0.6571236848831177,0.4994205832481384,-0.012561287730932236,0.651381254196167,0.5574743151664734,-0.017025865614414215,0.6550745964050293,0.5690202713012695,-0.010261687450110912,0.6825426816940308,0.5594139695167542,0.0038656853139400482,0.6852338910102844,0.5221834182739258,-0.023159977048635483,0.6740038394927979,0.5780774354934692,-0.015866411849856377,0.6748281121253967,0.58890300989151,-0.0012804761063307524,0.7092602252960205,0.5751295685768127,-0.008795766159892082,0.7071555852890015,0.5465349555015564,-0.01924213021993637,0.6955012679100037,0.5842171907424927,-0.009369293227791786,0.6949940919876099,0.5980445146560669,0.002997620729729533
0.67442387342453,0.7074229717254639,-3.5832374578603776e-07,0.6377537250518799,0.6627820730209351,-0.011386617086827755,0.6220457553863525,0.5949181914329529,-0.014579742215573788,0.6374515891075134,0.5421196818351746,-0.021171091124415398,0.6623326539993286,0.5169554352760315,-0.023000430315732956,0.628760039806366,0.5486014485359192,0.020481489598751068,0.6254667043685913,0.49498602747917175,-0.006066635251045227,0.6270394921302795,0.5410990715026855,-0.018709290772676468,0.6331964135169983,0.5636633038520813,-0.021241353824734688,0.655167818069458,0.5503183007240295,0.015862997621297836,0.6569297909736633,0.49957185983657837,-0.011905411258339882,0.6515234708786011,0.557837188243866,-0.01649566739797592,0.655166506767273,0.5709068775177002,-0.009324654936790466,0.6824720501899719,0.5605655908584595,0.004643224645406008,0.6852053999900818,0.5221347808837891,-0.022380026057362556,0.6739785671234131,0.5784952640533447,-0.015258023515343666,0.6745438575744629,0.5907215476036072,-0.00039534218376502395,0.7093774676322937,0.5762122273445129,-0.008384684100747108,0.7074214220046997,0.5468661785125732,-0.01865304261445999,0.6956836581230164,0.5845249891281128,-0.0090287821367383,0.6949685215950012,0.5988990068435669,0.0033061355352401733
0.6745300889015198,0.7075453400611877,-3.670825776680431e-07,0.6376081109046936,0.6626024842262268,-0.011720027774572372,0.6231340169906616,0.5940572619438171,-0.014863238669931889,0.6386529803276062,0.541221022605896,-0.02129143662750721,0.6632289290428162,0.518734335899353,-0.022747308015823364,0.6300463080406189,0.5486556887626648,0.019558630883693695,0.6261423230171204,0.4938065707683563,-0.006655558943748474,0.6275312900543213,0.5421628355979919,-0.018718324601650238,0.6336685419082642,0.5650597810745239,-0.020821599289774895,0.6561678647994995,0.5513219833374023,0.015371957793831825,0.6576477885246277,0.5006976127624512,-0.011524840258061886,0.6518462300300598,0.5600233674049377,-0.015232075937092304,0.6557067036628723,0.5725269913673401,-0.007740586996078491,0.6830883026123047,0.5622942447662354,0.004584835842251778,0.6860285997390747,0.5235663652420044,-0.021666916087269783,0.6743292808532715,0.5804264545440674,-0.014168993569910526,0.6755130290985107,0.5929325222969055,0.0007396854925900698,0.7096026539802551,0.5779442191123962,-0.00805395282804966,0.7080967426300049,0.5475351810455322,-0.01758480817079544,0.696175754070282,0.584606409072876,-0.007747979834675789,0.6959366798400879,0.5993123650550842,0.004597008228302002
0.6741407513618469,0.7094981670379639,-3.714287402090122e-07,0.6373798251152039,0.6639644503593445,-0.011499944142997265,0.6229889392852783,0.5969506502151489,-0.01541424822062254,0.635959804058075,0.5433106422424316,-0.02278495393693447,0.6587461233139038,0.5185436010360718,-0.0252368226647377,0.6299759149551392,0.5495474338531494,0.018779903650283813,0.6269428730010986,0.49347975850105286,-0.008099771104753017,0.6282544136047363,0.5430712699890137,-0.020765552297234535,0.6335965991020203,0.567406415939331,-0.023131469264626503,0.6561745405197144,0.5524811148643494,0.014045284129679203,0.6581125855445862,0.499663770198822,-0.01294991560280323,0.6519091129302979,0.5589895844459534,-0.01721496880054474,0.6551240682601929,0.5729742646217346,-0.010231159627437592,0.6833645701408386,0.5634034872055054,0.0028742605354636908,0.6861513257026672,0.524057149887085,-0.023528344929218292,0.6743322610855103,0.5811811089515686,-0.015944793820381165,0.6749970316886902,0.5953459739685059,-0.0009771987097337842,0.7103891372680664,0.5793851017951965,-0.010078945197165012,0.7084636688232422,0.5478215217590332,-0.019455233588814735,0.6968053579330444,0.5850468277931213,-0.008907743729650974,0.696342945098877,0.60093092918396,0.003985547460615635
0.6741738319396973,0.7101350426673889,-3.7247767181725067e-07,0.6365877985954285,0.663605809211731,-0.011034703813493252,0.6222475171089172,0.5950694680213928,-0.014954514801502228,0.6378613710403442,0.5423268675804138,-0.02244710735976696,0.662757158279419,0.5186701416969299,-0.025169577449560165,0.6302840709686279,0.5500653982162476,0.01759435050189495,0.6270126104354858,0.49287426471710205,-0.009149105288088322,0.627932071685791,0.5432589054107666,-0.021752862259745598,0.6333460807800293,0.5673909187316895,-0.0243607759475708,0.6565033793449402,0.5532006621360779,0.01237634290009737,0.6582030057907104,0.49883824586868286,-0.014797232113778591,0.6513652205467224,0.5581800937652588,-0.019218573346734047,0.6547787189483643,0.5729359984397888,-0.012477917596697807,0.6836310029029846,0.5645822286605835,0.0009001559810712934,0.686352550983429,0.5223573446273804,-0.025568971410393715,0.6737492084503174,0.580053448677063,-0.018078381195664406,0.6745479106903076,0.5954319834709167,-0.0032971606124192476,0.7106149196624756,0.5810617208480835,-0.012318044900894165,0.7080899477005005,0.5480208396911621,-0.022221863269805908,0.6959269046783447,0.5856350064277649,-0.011968347243964672,0.6957994699478149,0.6023640036582947,0.000660538615193218
0.6716264486312866,0.7106495499610901,-3.5083215266240586e-07,0.6314935684204102,0.6618378162384033,-0.009243084117770195,0.6190966963768005,0.5915037989616394,-0.011314372532069683,0.633240818977356,0.5367012619972229,-0.017581673339009285,0.6526793241500854,0.5139369964599609,-0.019655907526612282,0.6302402019500732,0.546442985534668,0.025893962010741234,0.6259217858314514,0.49667274951934814,0.00043170517892576754,0.6227961778640747,0.5382584929466248,-0.012465918436646461,0.6276463270187378,0.5604848861694336,-0.01504254899919033,0.6543145775794983,0.5493219494819641,0.02035076916217804,0.655056893825531,0.49937278032302856,-0.007062273100018501,0.6469171047210693,0.5542787313461304,-0.012897633016109467,0.6515668034553528,0.5713726878166199,-0.006238579750061035,0.6798973679542542,0.5601308345794678,0.008267768658697605,0.6801170706748962,0.5233386754989624,-0.018688201904296875,0.6677718162536621,0.5769668817520142,-0.013423562981188297,0.6707132458686829,0.593218207359314,0.0006502369651570916,0.7057727575302124,0.5759261250495911,-0.005420994479209185,0.7006463408470154,0.5472548007965088,-0.014709032140672207,0.6881054639816284,0.5829241275787354,-0.005670539569109678,0.6897245049476624,0.5993456840515137,0.006324941758066416
0.6701759696006775,0.7066097855567932,-3.329636513171863e-07,0.6313393712043762,0.662250280380249,-0.009732888080179691,0.6164273023605347,0.5926229357719421,-0.011838765814900398,0.628710150718689,0.5361647009849548,-0.017748136073350906,0.6514095067977905,0.5142168402671814,-0.019391031935811043,0.6253710389137268,0.5464215874671936,0.023729724809527397,0.6203920245170593,0.49601396918296814,-0.0017355137970298529,0.6226215958595276,0.5327906012535095,-0.014794730581343174,0.6295926570892334,0.5554565191268921,-0.017524389550089836,0.6508718132972717,0.5478585958480835,0.018830467015504837,0.6504341959953308,0.5004544258117676,-0.008068650960922241,0.6459294557571411,0.5560902953147888,-0.012653646990656853,0.6500265002250671,0.5753050446510315,-0.005444664508104324,0.6774101257324219,0.5585998296737671,0.007392098195850849,0.6774775385856628,0.521787703037262,-0.019389985129237175,0.6673516631126404,0.5763599872589111,-0.013074427843093872,0.669234573841095,0.5951018333435059,0.0014495598152279854,0.7041339874267578,0.5752396583557129,-0.005737765226513147,0.7000313997268677,0.5481910109519958,-0.01623428799211979,0.6883033514022827,0.5835634469985962,-0.007914723828434944,0.6883648037910461,0.6003438830375671,0.003577121067792177
0.6683090925216675,0.7052680850028992,-3.450847714248084e-07,0.6293259263038635,0.6607216596603394,-0.010522712022066116,0.6152562499046326,0.5928264260292053,-0.014146951027214527,0.6288343071937561,0.5379303097724915,-0.02133500576019287,0.6506966948509216,0.5154303312301636,-0.024228356778621674,0.6263473629951477,0.5461534261703491,0.020179608836770058,0.6214895844459534,0.4947448968887329,-0.004470739513635635,0.6210213899612427,0.5391754508018494,-0.01710394397377968,0.6269825100898743,0.5630366802215576,-0.020230010151863098,0.6513609886169434,0.5480250716209412,0.01515652984380722,0.6508195400238037,0.4995270371437073,-0.010527110658586025,0.6445221304893494,0.5551533102989197,-0.015316518023610115,0.6499319076538086,0.5726765394210815,-0.009089783765375614,0.6770362854003906,0.5589339137077332,0.003960821777582169,0.6769056916236877,0.5202987194061279,-0.020737605169415474,0.6653037071228027,0.5736421942710876,-0.01424973551183939,0.6683073043823242,0.5905035138130188,-0.0006905373302288353,0.7028546333312988,0.5758333802223206,-0.009034693241119385,0.6975764632225037,0.5478420257568359,-0.018088726326823235,0.6854611039161682,0.583194375038147,-0.009093408472836018,0.6869051456451416,0.5996926426887512,0.0023188572376966476
0.6680853366851807,0.7078720927238464,-3.5154462807440723e-07,0.6291559338569641,0.6616982817649841,-0.01011526770889759,0.6153403520584106,0.5902836322784424,-0.012002856470644474,0.6338289380073547,0.5380716919898987,-0.01766284741461277,0.6588839292526245,0.5185985565185547,-0.018907703459262848,0.622376024723053,0.5478227734565735,0.022922035306692123,0.6184440851211548,0.49456971883773804,-0.0022716086823493242,0.6196260452270508,0.5394775867462158,-0.014855139888823032,0.6260137557983398,0.5652012825012207,-0.017354892566800117,0.6480154395103455,0.5493549704551697,0.018139740452170372,0.6486864686012268,0.49861639738082886,-0.008423078805208206,0.6432402729988098,0.5560055375099182,-0.013255388475954533,0.6475972533226013,0.5748270750045776,-0.006182110868394375,0.6750152707099915,0.5597077012062073,0.006881715264171362,0.6761409044265747,0.5187672972679138,-0.019058214500546455,0.6650266647338867,0.5748794674873352,-0.012807928957045078,0.6666619181632996,0.5932912230491638,0.0015154193388298154,0.701833188533783,0.5759914517402649,-0.006125313695520163,0.6979861259460449,0.54605633020401,-0.016259627416729927,0.6857665181159973,0.5833225846290588,-0.0075598531402647495,0.6856655478477478,0.6011927127838135,0.004234370309859514
0.6664861440658569,0.7096258997917175,-3.6752649634763657e-07,0.6275169849395752,0.6628459692001343,-0.008333206176757812,0.6135540008544922,0.594025731086731,-0.010211138986051083,0.6293776631355286,0.5410463213920593,-0.01618918962776661,0.6525595188140869,0.5168346166610718,-0.017860254272818565,0.6224105954170227,0.5509403944015503,0.022568533197045326,0.6174827814102173,0.4947313666343689,-0.0032485760748386383,0.618593692779541,0.5372951626777649,-0.015858296304941177,0.6250884532928467,0.5615350604057312,-0.0181717611849308,0.6477564573287964,0.5538200736045837,0.016845857724547386,0.6472733616828918,0.5003464221954346,-0.009567317552864552,0.6419387459754944,0.5579065084457397,-0.013927454128861427,0.646869421005249,0.5746507048606873,-0.006791528780013323,0.6745519042015076,0.5642582178115845,0.004864443559199572,0.674987256526947,0.520664393901825,-0.021251775324344635,0.6640716791152954,0.5771806240081787,-0.014156141318380833,0.666580855846405,0.5941784381866455,0.0006336829392239451,0.7014766931533813,0.5798712968826294,-0.008631033822894096,0.6976205110549927,0.5453699827194214,-0.018737707287073135,0.6855926513671875,0.5831213593482971,-0.008978075347840786,0.6862018704414368,0.601802408695221,0.003554351394996047
0.6664479970932007,0.7106581330299377,-3.32918858703124e-07,0.6286420822143555,0.6643756628036499,-0.009399106726050377,0.6132194995880127,0.6005190014839172,-0.012473467737436295,0.6257210969924927,0.5460900068283081,-0.019370615482330322,0.648554265499115,0.5141429901123047,-0.022254256531596184,0.6200569272041321,0.5524129271507263,0.021819960325956345,0.6164992451667786,0.49728962779045105,-0.003934452775865793,0.6171584725379944,0.5321528911590576,-0.0174737349152565,0.6228980422019958,0.5552200078964233,-0.020525338128209114,0.6459274291992188,0.5543442964553833,0.016669731587171555,0.6473392248153687,0.501253604888916,-0.009806611575186253,0.6410080194473267,0.5554926991462708,-0.015079800970852375,0.6444036364555359,0.5736216902732849,-0.008809982798993587,0.6729758381843567,0.5640652179718018,0.005338259506970644,0.6749169230461121,0.5212163925170898,-0.021495535969734192,0.6632487177848816,0.5757824182510376,-0.015148168429732323,0.6644433736801147,0.5941253304481506,-0.0008139333222061396,0.7000617384910583,0.5804333686828613,-0.007484991569072008,0.697778582572937,0.5463701486587524,-0.01878439076244831,0.6849068403244019,0.5834944844245911,-0.009610981680452824,0.6835832595825195,0.6032973527908325,0.002655617194250226
0.6649349927902222,0.7125681042671204,-4.015429340142873e-07,0.6268042922019958,0.6691336035728455,-0.010369225405156612,0.6118595004081726,0.601233184337616,-0.01285643968731165,0.6251732707023621,0.5439797043800354,-0.0188673697412014,0.6447844505310059,0.5112961530685425,-0.02002335898578167,0.6204832196235657,0.5517769455909729,0.020563138648867607,0.6176028251647949,0.49711042642593384,-0.00551999919116497,0.6175342798233032,0.5445306897163391,-0.017414266243577003,0.6224015951156616,0.5676851868629456,-0.019394930452108383,0.6465798616409302,0.5533474683761597,0.0157460980117321,0.6462677121162415,0.5024760961532593,-0.01043312344700098,0.6404240727424622,0.5629096627235413,-0.013569829054176807,0.6447999477386475,0.576674222946167,-0.0059775845147669315,0.6733599305152893,0.5634196400642395,0.004435629118233919,0.6740729808807373,0.5231768488883972,-0.022474342957139015,0.6626349091529846,0.582810640335083,-0.013837451115250587,0.664586067199707,0.598231852054596,0.0018607109086588025,0.7004899382591248,0.5790719985961914,-0.00849816482514143,0.6975250244140625,0.546867847442627,-0.019415361806750298,0.6851966381072998,0.5865863561630249,-0.008944622240960598,0.6849935054779053,0.6040523648262024,0.004169344902038574
0.6643164753913879,0.720536470413208,-3.916895536804077e-07,0.6243857145309448,0.673712432384491,-0.007631173823028803,0.6089401245117188,0.6046950221061707,-0.009769177064299583,0.6259408593177795,0.5501050353050232,-0.01636544056236744,0.6519490480422974,0.5266374349594116,-0.019163982942700386,0.6190986633300781,0.5593255758285522,0.021645208820700645,0.6162514686584473,0.5025897026062012,-0.003649011952802539,0.6158038377761841,0.5486180782318115,-0.016704855486750603,0.6199410557746887,0.5775995850563049,-0.019544297829270363,0.6448392271995544,0.5614752769470215,0.015425436198711395,0.6461993455886841,0.5067241191864014,-0.009846561588346958,0.6394813656806946,0.5632615685462952,-0.014816087670624256,0.6415174007415771,0.5854780673980713,-0.008788345381617546,0.6717889308929443,0.5715696215629578,0.003341932548210025,0.6739403009414673,0.5261663198471069,-0.022455798462033272,0.6621147990226746,0.5850226283073425,-0.015751339495182037,0.6619605422019958,0.6105635166168213,-0.0013268993934616446,0.6991427540779114,0.5884554386138916,-0.010048353113234043,0.6957530379295349,0.552270770072937,-0.020430702716112137,0.6841558814048767,0.591337263584137,-0.01049414835870266,0.683673620223999,0.6136605739593506,0.002177697839215398
0.6604184508323669,0.7342187166213989,-3.825182943728578e-07,0.6206074953079224,0.6860243082046509,-0.008594471961259842,0.6039584875106812,0.6205330491065979,-0.01275213249027729,0.6170888543128967,0.5610390901565552,-0.02109113149344921,0.6424472332000732,0.5260749459266663,-0.025399798527359962,0.617501974105835,0.5660572052001953,0.019590163603425026,0.6150927543640137,0.5110268592834473,-0.006035995204001665,0.611433207988739,0.5549099445343018,-0.019627008587121964,0.615015983581543,0.5819031596183777,-0.02327030710875988,0.6433344483375549,0.5694751739501953,0.013347688131034374,0.6445952653884888,0.5173946619033813,-0.01032105553895235,0.6351335048675537,0.5712016224861145,-0.01462520007044077,0.6375024914741516,0.5898100137710571,-0.00956012587994337,0.6698846817016602,0.5813955664634705,0.0011619869619607925,0.67196124792099,0.5370877981185913,-0.02345648780465126,0.6571964621543884,0.5934343934059143,-0.015817366540431976,0.6571412086486816,0.6170423626899719,-0.002042112173512578,0.6970965266227722,0.6007381677627563,-0.012503406032919884,0.6946843266487122,0.5625497102737427,-0.022294167429208755,0.6801711916923523,0.5997986197471619,-0.011958382092416286,0.6781073212623596,0.6219436526298523,0.00035257788840681314
0.660810649394989,0.929580569267273,-3.306212192910607e-07,0.6209571361541748,0.9041175842285156,-0.022193146869540215,0.5890707969665527,0.8575190305709839,-0.03802081570029259,0.5868048667907715,0.8107613325119019,-0.05357634648680687,0.6007733345031738,0.7696890830993652,-0.06732285767793655,0.5974222421646118,0.7612587809562683,-0.02811913751065731,0.5851520299911499,0.7081420421600342,-0.054180655628442764,0.5858913064002991,0.6843672394752502,-0.0713963434100151,0.5898926258087158,0.673098087310791,-0.08228842169046402,0.6386107206344604,0.7465597987174988,-0.03063306026160717,0.6294901967048645,0.7793194055557251,-0.06779283285140991,0.6273713111877441,0.8449585437774658,-0.07820971310138702,0.624219536781311,0.8978981971740723,-0.0772087499499321,0.6777070164680481,0.7626230120658875,-0.035773444920778275,0.6704837083816528,0.8185296654701233,-0.06996578723192215,0.6641980409622192,0.8775099515914917,-0.06542645394802094,0.6598173975944519,0.921517014503479,-0.054380159825086594,0.7124409675598145,0.7946498990058899,-0.04353062063455582,0.7045993208885193,0.8510233163833618,-0.06976904720067978,0.692948043346405,0.8972923159599304,-0.0685524046421051,0.6870797872543335,0.928504228591919,-0.060630057007074356
0.6916176080703735,0.8716615438461304,3.572268951756996e-07,0.6388974189758301,0.79559725522995,-0.0021622099447995424,0.60685133934021,0.7205743789672852,-0.007861863821744919,0.5966865420341492,0.6536836624145508,-0.015158361755311489,0.6046423316001892,0.6006559133529663,-0.02189740538597107,0.6113500595092773,0.7179127931594849,-0.0077084945514798164,0.5996425151824951,0.6631868481636047,-0.027980199083685875,0.5994206666946411,0.6168780326843262,-0.04323619604110718,0.6037952899932861,0.5787288546562195,-0.053280267864465714,0.6378170847892761,0.7210195064544678,-0.016295550391077995,0.6368688344955444,0.6585012078285217,-0.036416273564100266,0.6396361589431763,0.6197665929794312,-0.0480414442718029,0.6439260840415955,0.5930159091949463,-0.054897572845220566,0.6682758927345276,0.7297451496124268,-0.02612369693815708,0.6718907952308655,0.675101637840271,-0.04545699432492256,0.6728825569152832,0.6429175138473511,-0.048877958208322525,0.6723892092704773,0.6209566593170166,-0.04888532683253288,0.7001774311065674,0.7463063597679138,-0.03619835898280144,0.7040167450904846,0.6959613561630249,-0.050177428871393204,0.7047595381736755,0.6713481545448303,-0.05137040093541145,0.7019676566123962,0.655861496925354,-0.05035604164004326
0.6748349070549011,0.8067302107810974,1.44223776032959e-07,0.620690107345581,0.7436957359313965,-0.004820822738111019,0.5908800959587097,0.6705056428909302,-0.005556430667638779,0.5866798758506775,0.6103990077972412,-0.010978187434375286,0.5969150066375732,0.5625653266906738,-0.01680375635623932,0.6201730966567993,0.6053345203399658,0.02011621929705143,0.6201679706573486,0.5545615553855896,0.008014868944883347,0.6169969439506531,0.5147326588630676,-0.00452204467728734,0.6119027733802795,0.47895848751068115,-0.013476021587848663,0.6508669853210449,0.6048935055732727,0.012287936173379421,0.6449545621871948,0.5599680542945862,-0.012025668285787106,0.6366005539894104,0.5973640084266663,-0.023651260882616043,0.6311349272727966,0.6323453783988953,-0.022920260205864906,0.6790717840194702,0.6150956153869629,0.0013419979950413108,0.6711949110031128,0.5958048105239868,-0.020789410918951035,0.658847987651825,0.6433461904525757,-0.019332705065608025,0.6517420411109924,0.6779207587242126,-0.009313159622251987,0.7053343057632446,0.6373979449272156,-0.010772117413580418,0.6956261396408081,0.6218336820602417,-0.019783981144428253,0.6823999881744385,0.6557967066764832,-0.012643515132367611,0.6756128072738647,0.6815336346626282,-0.002547923708334565
0.6585624814033508,0.7532735466957092,-1.964215634586708e-08,0.6117317080497742,0.7095559239387512,-0.010654146783053875,0.5861901044845581,0.6383450627326965,-0.014506492763757706,0.5822562575340271,0.5748762488365173,-0.020766304805874825,0.5914481282234192,0.5293399095535278,-0.025517446920275688,0.6036567687988281,0.569672703742981,0.009668797254562378,0.6069983839988708,0.5088973641395569,-0.009114980697631836,0.6049450039863586,0.4818868041038513,-0.019138863310217857,0.6028180718421936,0.46495941281318665,-0.02306976541876793,0.6373076438903809,0.5728452205657959,0.0035830086562782526,0.6348404288291931,0.5118266940116882,-0.03026611916720867,0.6283761858940125,0.5624213218688965,-0.03846019133925438,0.6248853802680969,0.607659637928009,-0.030510760843753815,0.6688981056213379,0.5865408778190613,-0.00612806249409914,0.6620862483978271,0.5703683495521545,-0.038765642791986465,0.6538592576980591,0.6268993020057678,-0.03491770103573799,0.6493675112724304,0.66096031665802,-0.01897241733968258,0.6969717144966125,0.6094921827316284,-0.016615809872746468,0.6877437233924866,0.6000208258628845,-0.03199150785803795,0.6779965758323669,0.6376561522483826,-0.023914670571684837,0.6733432412147522,0.6588805317878723,-0.010718993842601776
0.6549167037010193,0.7301533818244934,-9.13991371476186e-08,0.6091291308403015,0.6930870413780212,-0.009738784283399582,0.5845599174499512,0.6238106489181519,-0.013585724867880344,0.5825201869010925,0.5620987415313721,-0.019642604514956474,0.5917760133743286,0.5177083611488342,-0.02434525452554226,0.6009241938591003,0.5590027570724487,0.006450079381465912,0.5978925824165344,0.4998634159564972,-0.011215435341000557,0.5964701175689697,0.47080129384994507,-0.020067820325493813,0.5951350331306458,0.45349663496017456,-0.02357913739979267,0.6331170201301575,0.5619242787361145,-0.0006267427816055715,0.6294372081756592,0.4988147020339966,-0.03387369215488434,0.6277262568473816,0.546299397945404,-0.04212678596377373,0.6260818243026733,0.5905781388282776,-0.034878309816122055,0.6641915440559387,0.5745373368263245,-0.010713236406445503,0.6543748378753662,0.5563420653343201,-0.04455156996846199,0.6475335955619812,0.6115617752075195,-0.04174237325787544,0.6427632570266724,0.6470794677734375,-0.02691108174622059,0.6920238137245178,0.5957238078117371,-0.021228639408946037,0.6786928772926331,0.5827459692955017,-0.0392351932823658,0.6689096093177795,0.6232975721359253,-0.03185605630278587,0.6640137434005737,0.6502211689949036,-0.01930132322013378
0.6528028249740601,0.7209850549697876,-1.1743526329155429e-07,0.6072030067443848,0.6848902106285095,-0.0075088562443852425,0.5836470127105713,0.6100813150405884,-0.010867252014577389,0.584993839263916,0.546436071395874,-0.01710442826151848,0.596276044845581,0.5036256909370422,-0.02175401896238327,0.5966507196426392,0.5509287714958191,0.007372016087174416,0.5906395316123962,0.4907207787036896,-0.01240792591124773,0.5893886685371399,0.46333831548690796,-0.021919967606663704,0.5899390578269958,0.45939016342163086,-0.02443300373852253,0.6288888454437256,0.553521454334259,-0.0007081456133164465,0.6264356374740601,0.49150317907333374,-0.03335994854569435,0.6229346990585327,0.5395244359970093,-0.04061316326260567,0.6196939945220947,0.5873914957046509,-0.03261009231209755,0.6604688167572021,0.5666459202766418,-0.01197023130953312,0.6519303917884827,0.5462745428085327,-0.043889861553907394,0.6448100805282593,0.600179135799408,-0.03903847932815552,0.6397640109062195,0.6366603970527649,-0.023317720741033554,0.6891725659370422,0.5884233117103577,-0.023676320910453796,0.6780611276626587,0.5705365538597107,-0.04043002799153328,0.6691052913665771,0.6088906526565552,-0.031989991664886475,0.6647553443908691,0.6351925730705261,-0.018783902749419212
0.648654580116272,0.6985832452774048,-1.2976198604519595e-07,0.6062215566635132,0.6571547985076904,-0.006905675865709782,0.5863848924636841,0.5859926342964172,-0.009528562426567078,0.5901638865470886,0.5241422057151794,-0.01567135937511921,0.5964792966842651,0.4752133786678314,-0.020280860364437103,0.5902498960494995,0.5324010848999023,0.014817686751484871,0.5806220173835754,0.47255653142929077,-0.005827274173498154,0.5791177153587341,0.4530718922615051,-0.018218928948044777,0.5813731551170349,0.4571290910243988,-0.022195642814040184,0.6190019249916077,0.537499189376831,0.0073058269917964935,0.6178366541862488,0.4792673587799072,-0.022983193397521973,0.6161227822303772,0.5245953798294067,-0.030727535486221313,0.6153925657272339,0.567642331123352,-0.02449587546288967,0.6482059955596924,0.5517536401748657,-0.004274540115147829,0.6433603763580322,0.5170732736587524,-0.035782184451818466,0.6361610293388367,0.5735235810279846,-0.03098505362868309,0.632740318775177,0.6118001341819763,-0.01590370573103428,0.6765942573547363,0.574299693107605,-0.01645682565867901,0.6679314970970154,0.5452366471290588,-0.0350179523229599,0.6577679514884949,0.586089551448822,-0.027154548093676567,0.6528103351593018,0.6152762770652771,-0.014292903244495392
0.6474023461341858,0.6928932666778564,-2.0302159953189403e-07,0.60577392578125,0.6547437906265259,-0.0079524340108037,0.5850682854652405,0.5852596163749695,-0.01171825174242258,0.588228702545166,0.523099958896637,-0.01879461668431759,0.5980890989303589,0.47576022148132324,-0.02409270405769348,0.5883257389068604,0.5282710194587708,0.012543381191790104,0.5792738795280457,0.4693944752216339,-0.008573644794523716,0.5766202807426453,0.45340147614479065,-0.021117987111210823,0.5779336094856262,0.4621409475803375,-0.025139721110463142,0.6173717379570007,0.5329736471176147,0.00581118930131197,0.6162376999855042,0.47701534628868103,-0.02393977902829647,0.615277886390686,0.5250685811042786,-0.031161347404122353,0.614498496055603,0.5693707466125488,-0.025032293051481247,0.6465405821800232,0.5461705327033997,-0.004985177423804998,0.6425241231918335,0.5135178565979004,-0.034598030149936676,0.6360102295875549,0.5698243975639343,-0.02921733818948269,0.6325331926345825,0.6087329387664795,-0.014716584235429764,0.6745136976242065,0.5671409368515015,-0.01667834259569645,0.6664226651191711,0.5421829223632812,-0.03414943441748619,0.6564394235610962,0.5820629596710205,-0.026990437880158424,0.6513097286224365,0.61081463098526,-0.015213262289762497
0.64722740650177,0.6923047304153442,-1.992552682850146e-07,0.6057426333427429,0.6526854634284973,-0.007757196202874184,0.5861858129501343,0.5825946927070618,-0.010427303612232208,0.5897378325462341,0.5215331315994263,-0.01655273698270321,0.5947303771972656,0.474476158618927,-0.0209973007440567,0.5882136821746826,0.5302425622940063,0.015719329938292503,0.5803079009056091,0.4742274284362793,-0.004800193943083286,0.578092098236084,0.4566989243030548,-0.017954489216208458,0.5791240334510803,0.46118712425231934,-0.02270348183810711,0.6171149611473083,0.5339736342430115,0.008897698484361172,0.6161046028137207,0.4773905575275421,-0.020647583529353142,0.6147797703742981,0.5253960490226746,-0.028422396630048752,0.6135952472686768,0.5702418088912964,-0.02254253253340721,0.6462407112121582,0.5468158721923828,-0.0022250853944569826,0.6426236629486084,0.5131069421768188,-0.031609322875738144,0.636561930179596,0.5683229565620422,-0.0268095750361681,0.6332391500473022,0.6073802709579468,-0.012580567970871925,0.674000084400177,0.5675131678581238,-0.01431741937994957,0.6666780114173889,0.5430295467376709,-0.031196720898151398,0.6565725803375244,0.5809729695320129,-0.024286143481731415,0.6510651707649231,0.6086289882659912,-0.012821079231798649
0.6469465494155884,0.6871914267539978,-1.880561626421695e-07,0.6044362187385559,0.6475777626037598,-0.005636526271700859,0.5856982469558716,0.5787728428840637,-0.007133443374186754,0.5882143974304199,0.5192543268203735,-0.012108066119253635,0.5915266871452332,0.47379225492477417,-0.015298698097467422,0.5865734815597534,0.5276950597763062,0.016829974949359894,0.5794268250465393,0.4754560589790344,-0.0024895721580833197,0.5788545608520508,0.45753151178359985,-0.014497272670269012,0.5820513367652893,0.4632048010826111,-0.01852145791053772,0.6156020164489746,0.5314106941223145,0.009470266290009022,0.6150319576263428,0.47612327337265015,-0.01871553249657154,0.6146511435508728,0.5228325724601746,-0.025426212698221207,0.6139233112335205,0.5673519968986511,-0.019093746319413185,0.6444712281227112,0.5439760684967041,-0.001965571427717805,0.6416626572608948,0.5120683312416077,-0.029811276122927666,0.6358121037483215,0.5647384524345398,-0.02411162480711937,0.63265460729599,0.6029031276702881,-0.009791102260351181,0.6726877689361572,0.5642877221107483,-0.014242785982787609,0.6656126976013184,0.5384998321533203,-0.030341291800141335,0.6561720967292786,0.5748660564422607,-0.023085182532668114,0.6508289575576782,0.6025547385215759,-0.011635318398475647
0.645965039730072,0.6831614971160889,-1.774858873204721e-07,0.60438472032547,0.645378828048706,-0.006446158047765493,0.5848461389541626,0.5784197449684143,-0.008561220020055771,0.5847013592720032,0.5203087329864502,-0.013711506500840187,0.586773157119751,0.4758528172969818,-0.01677166484296322,0.5844284892082214,0.5278230309486389,0.013306600973010063,0.5764928460121155,0.47441476583480835,-0.0072221579030156136,0.5777503848075867,0.4582340717315674,-0.019530363380908966,0.5825300216674805,0.4677402675151825,-0.02329520881175995,0.6132691502571106,0.5311691761016846,0.006634451448917389,0.6131469011306763,0.4759371280670166,-0.021810883656144142,0.6142454743385315,0.5204811096191406,-0.02859392575919628,0.6135594844818115,0.5640751123428345,-0.02252023294568062,0.6419944167137146,0.5434556007385254,-0.003992704674601555,0.6401342153549194,0.512936532497406,-0.03173507750034332,0.6350590586662292,0.5632237792015076,-0.02658417448401451,0.6310123801231384,0.6000500321388245,-0.01288594864308834,0.6704949736595154,0.5633175373077393,-0.015438009984791279,0.6647277474403381,0.5391737818717957,-0.03165220469236374,0.6554288864135742,0.5743134617805481,-0.024970680475234985,0.6484452486038208,0.6011283993721008,-0.013982221484184265
0.6460261940956116,0.6829813718795776,-1.9107544346752547e-07,0.6054127812385559,0.644703209400177,-0.006242279428988695,0.5854684114456177,0.5797391533851624,-0.008566441014409065,0.5854754447937012,0.5226702094078064,-0.014064214192330837,0.5905771255493164,0.47818052768707275,-0.017584731802344322,0.5855909585952759,0.5301069617271423,0.013474889099597931,0.5802003145217896,0.4760420620441437,-0.007337329443544149,0.5801024436950684,0.46061044931411743,-0.019833965227007866,0.5823846459388733,0.47092288732528687,-0.02346123196184635,0.6132633686065674,0.5336194038391113,0.006588147487491369,0.6124390959739685,0.4776211977005005,-0.021071072667837143,0.6135504841804504,0.5214471817016602,-0.027397263795137405,0.613402247428894,0.5646023750305176,-0.021124115213751793,0.6416469812393188,0.5457895398139954,-0.004264101851731539,0.6395365595817566,0.5127091407775879,-0.03198804333806038,0.6355370283126831,0.5631582736968994,-0.026551315560936928,0.6331823468208313,0.6002446413040161,-0.012578751891851425,0.6698868870735168,0.565632700920105,-0.015884971246123314,0.6650086641311646,0.537479043006897,-0.03235512599349022,0.6566005945205688,0.5725622177124023,-0.025165969505906105,0.6512279510498047,0.6003670692443848,-0.013694868423044682
0.6464717984199524,0.6843646764755249,-1.9004305329417548e-07,0.6060553789138794,0.6494140625,-0.008260096423327923,0.5855275392532349,0.5822495818138123,-0.0107564153149724,0.5843568444252014,0.5239132046699524,-0.015892241150140762,0.5874477624893188,0.4793006181716919,-0.018603302538394928,0.584732174873352,0.5325422286987305,0.011894994415342808,0.5778397917747498,0.4780251383781433,-0.009609115310013294,0.577666163444519,0.46225231885910034,-0.021582938730716705,0.5811664462089539,0.4745740592479706,-0.024620940908789635,0.6127439141273499,0.5350916385650635,0.0061177159659564495,0.6112457513809204,0.4783021807670593,-0.022733233869075775,0.6125820279121399,0.524679958820343,-0.028828902170062065,0.6132552623748779,0.5668358206748962,-0.02196468785405159,0.6408990621566772,0.5465954542160034,-0.003840419463813305,0.6388530731201172,0.5119401812553406,-0.03218356892466545,0.6350753903388977,0.5637761950492859,-0.02565610036253929,0.6332473158836365,0.5992759466171265,-0.01074719987809658,0.6693373918533325,0.5652774572372437,-0.014790888875722885,0.6641579270362854,0.5388603210449219,-0.03167131543159485,0.6560310125350952,0.5740795135498047,-0.024464184418320656,0.6508191227912903,0.5994062423706055,-0.01283086184412241
0.6456840634346008,0.6818662285804749,-1.8214738872757152e-07,0.604526698589325,0.646943986415863,-0.010018458589911461,0.5847569108009338,0.5786442160606384,-0.01373158860951662,0.5870128273963928,0.519929826259613,-0.019798535853624344,0.5931430459022522,0.4752756655216217,-0.023320376873016357,0.5838085412979126,0.5305736064910889,0.01085269171744585,0.5764402151107788,0.47630491852760315,-0.012999387457966805,0.5758865475654602,0.4629514813423157,-0.026903439313173294,0.5805842876434326,0.4796578288078308,-0.030595486983656883,0.6126915812492371,0.53364098072052,0.005799508187919855,0.6111474633216858,0.4786769151687622,-0.024514947086572647,0.6111092567443848,0.5253341197967529,-0.03163023665547371,0.6117194294929504,0.5681896209716797,-0.02517933025956154,0.641322910785675,0.5458130836486816,-0.0038625127635896206,0.6388686895370483,0.5121711492538452,-0.03296774625778198,0.6337742805480957,0.5634644627571106,-0.027132537215948105,0.6312741041183472,0.5984891653060913,-0.012553038075566292,0.6695873737335205,0.5645713210105896,-0.014676476828753948,0.6633967161178589,0.5403383374214172,-0.03174354508519173,0.6552909016609192,0.5754309892654419,-0.02487143501639366,0.6506580710411072,0.5996735095977783,-0.013355440460145473
0.6465309262275696,0.6827666163444519,-2.150045048665561e-07,0.604866087436676,0.6452107429504395,-0.006197323091328144,0.5853273868560791,0.5797982811927795,-0.008548853918910027,0.5891696214675903,0.5229220390319824,-0.014008416794240475,0.5970515012741089,0.47977960109710693,-0.017537930980324745,0.5844975113868713,0.5362351536750793,0.01248672604560852,0.5796675086021423,0.48014548420906067,-0.01170340459793806,0.5811254978179932,0.47206419706344604,-0.02689562737941742,0.5858049988746643,0.4925830066204071,-0.031182240694761276,0.6128123998641968,0.5394025444984436,0.005758924409747124,0.6121666431427002,0.4828563332557678,-0.023162519559264183,0.6128963232040405,0.5250106453895569,-0.030832814052700996,0.6133607029914856,0.5686501860618591,-0.02545730397105217,0.6416355967521667,0.5507599115371704,-0.005127213895320892,0.6397320032119751,0.5151928663253784,-0.03395647555589676,0.6359583139419556,0.5667346715927124,-0.029129214584827423,0.6336001753807068,0.6047393083572388,-0.015350574627518654,0.6699742078781128,0.5690119862556458,-0.016717564314603806,0.6645735502243042,0.5417303442955017,-0.0341654047369957,0.6571938991546631,0.5785468220710754,-0.027042748406529427,0.6527418494224548,0.6064311265945435,-0.015346766449511051
0.6472993493080139,0.6827430725097656,-2.0042145365550823e-07,0.6057143807411194,0.6473256945610046,-0.006455019116401672,0.5856955647468567,0.5814824104309082,-0.008761693723499775,0.5899530649185181,0.5253801345825195,-0.014068330638110638,0.5987768769264221,0.483226478099823,-0.01757601648569107,0.5853378176689148,0.5389918088912964,0.012223942205309868,0.579410970211029,0.4843031167984009,-0.011797064915299416,0.5814077854156494,0.47481632232666016,-0.027106985449790955,0.5880440473556519,0.4939093291759491,-0.031645338982343674,0.6137384176254272,0.5416128635406494,0.005544381681829691,0.6136642694473267,0.48379796743392944,-0.02364417165517807,0.614039421081543,0.5256761908531189,-0.03167079761624336,0.6144921183586121,0.570284903049469,-0.026322923600673676,0.6424611210823059,0.5529351234436035,-0.005252668634057045,0.6407928466796875,0.5163702368736267,-0.03406020626425743,0.6367284059524536,0.5671470761299133,-0.029617303982377052,0.6343523263931274,0.6049050688743591,-0.01601678505539894,0.670599102973938,0.5710349082946777,-0.016749033704400063,0.6648659110069275,0.5442113876342773,-0.03430897742509842,0.6578222513198853,0.5802797079086304,-0.027509337291121483,0.6539266109466553,0.6077330112457275,-0.016003359109163284
0.6494755744934082,0.6839340329170227,-2.0161790814654523e-07,0.6071252226829529,0.6499010324478149,-0.007463610265403986,0.5862472057342529,0.5844014286994934,-0.010441561229526997,0.5912153720855713,0.528039276599884,-0.01626536250114441,0.6009591221809387,0.4853817820549011,-0.020266501232981682,0.5855746865272522,0.540706992149353,0.010738198645412922,0.5782169699668884,0.4844073951244354,-0.014376970008015633,0.58111172914505,0.47628313302993774,-0.03020782582461834,0.588973879814148,0.49809837341308594,-0.034827928990125656,0.6145875453948975,0.5432495474815369,0.004263986833393574,0.6143954992294312,0.4853765666484833,-0.025895319879055023,0.6149100661277771,0.5289599299430847,-0.034021057188510895,0.6154613494873047,0.5741235017776489,-0.028411785140633583,0.643702507019043,0.5545609593391418,-0.006470917724072933,0.6413840651512146,0.5181019902229309,-0.03608591482043266,0.6377196311950684,0.5689953565597534,-0.03165728226304054,0.6358546614646912,0.6064721345901489,-0.017794912680983543,0.672286868095398,0.5727066397666931,-0.017959440127015114,0.6660711765289307,0.5447611212730408,-0.03615259751677513,0.659759521484375,0.5803634524345398,-0.02928945980966091,0.6566507816314697,0.6073430180549622,-0.017509156838059425
0.6490965485572815,0.6822687983512878,-2.2649804520824546e-07,0.6078183650970459,0.6481038331985474,-0.006261133588850498,0.5880073308944702,0.5839464664459229,-0.008802815340459347,0.5922885537147522,0.5279979109764099,-0.014468219131231308,0.6009829044342041,0.48552343249320984,-0.018134916201233864,0.5848742127418518,0.5393429398536682,0.011145953088998795,0.5773919224739075,0.4802425503730774,-0.012984083034098148,0.5834678411483765,0.4771149158477783,-0.02793710120022297,0.5926332473754883,0.5020325779914856,-0.03199397400021553,0.6145401000976562,0.5423730611801147,0.004452031571418047,0.6144363284111023,0.48696285486221313,-0.024192901328206062,0.6163575053215027,0.5309868454933167,-0.03173535689711571,0.6167216300964355,0.575864851474762,-0.02631843090057373,0.6439169645309448,0.5540017485618591,-0.006337209139019251,0.6420843601226807,0.5208547711372375,-0.03460641950368881,0.6390178799629211,0.5720235109329224,-0.03017016500234604,0.6368064880371094,0.6093577146530151,-0.016826752573251724,0.6725572943687439,0.5720623135566711,-0.017772283405065536,0.6668118238449097,0.5462880730628967,-0.03483647108078003,0.6605507731437683,0.5828150510787964,-0.027667846530675888,0.6568748950958252,0.6101018190383911,-0.015946559607982635
0.6505725383758545,0.6876450777053833,-2.1886624779199337e-07,0.6084739565849304,0.6518889665603638,-0.007462856825441122,0.5887475609779358,0.5862515568733215,-0.010407944209873676,0.5932341814041138,0.5301269292831421,-0.016282206401228905,0.6034791469573975,0.48893213272094727,-0.01995672658085823,0.587577223777771,0.5438638925552368,0.009930065833032131,0.5827488303184509,0.48468416929244995,-0.013635884039103985,0.5858666896820068,0.47810086607933044,-0.027280060574412346,0.5916557908058167,0.500779390335083,-0.03051823005080223,0.6168307065963745,0.5468257069587708,0.0038772535044699907,0.6152780055999756,0.49200132489204407,-0.02479550614953041,0.6167768239974976,0.5336011052131653,-0.03189929574728012,0.6178969144821167,0.5760303139686584,-0.02623310312628746,0.6458899974822998,0.5579127073287964,-0.00629127211868763,0.6437817215919495,0.5238299369812012,-0.0349416546523571,0.6409140229225159,0.574708104133606,-0.030216531828045845,0.6392788290977478,0.6115165948867798,-0.016546165570616722,0.6745505332946777,0.5749053955078125,-0.017229808494448662,0.6694023013114929,0.5483896732330322,-0.03447090834379196,0.6629611253738403,0.5835905075073242,-0.027612295001745224,0.6593397855758667,0.6094614267349243,-0.016097575426101685
0.6504332423210144,0.6859859824180603,-2.2577214053853822e-07,0.6084821224212646,0.649325430393219,-0.0055329338647425175,0.5884708762168884,0.583342432975769,-0.0072477469220757484,0.5920515656471252,0.5283357501029968,-0.012134832330048084,0.5989730954170227,0.48718851804733276,-0.014846771955490112,0.587748110294342,0.5409884452819824,0.012105343863368034,0.5812708735466003,0.48464226722717285,-0.010838968679308891,0.5865381360054016,0.4793885350227356,-0.024531232193112373,0.5944808721542358,0.502508819103241,-0.027914883568882942,0.6169867515563965,0.5441020131111145,0.005238018464297056,0.617168664932251,0.490526407957077,-0.02239963784813881,0.6185992360115051,0.5338078737258911,-0.028997711837291718,0.6181290745735168,0.5765454769134521,-0.023206600919365883,0.6459126472473145,0.5563725829124451,-0.005710169207304716,0.6450437903404236,0.5242787599563599,-0.03296487033367157,0.64133620262146,0.574226438999176,-0.027932889759540558,0.6384980082511902,0.6097807288169861,-0.014598509296774864,0.674290657043457,0.5749866962432861,-0.017328251153230667,0.6697111129760742,0.5504295229911804,-0.0334947407245636,0.6628965735435486,0.5852838158607483,-0.026332205161452293,0.6587451100349426,0.6102585196495056,-0.014964934438467026
0.6523034572601318,0.6923407912254333,-2.0675065570685547e-07,0.6107807755470276,0.6559141278266907,-0.006639316212385893,0.5902242064476013,0.5912911891937256,-0.00908002257347107,0.5927507877349854,0.5353773832321167,-0.01455471757799387,0.5999484658241272,0.4931768774986267,-0.01797265186905861,0.5883000493049622,0.5476632714271545,0.011664574965834618,0.5826643109321594,0.49153009057044983,-0.011457870714366436,0.5869072675704956,0.4813995957374573,-0.02531452290713787,0.5942830443382263,0.500230073928833,-0.02893778122961521,0.6173670291900635,0.549993634223938,0.005071820225566626,0.6167973279953003,0.4944641590118408,-0.02345358394086361,0.6179829835891724,0.536702036857605,-0.030659232288599014,0.6178839802742004,0.579189658164978,-0.024994999170303345,0.6466502547264099,0.5606725215911865,-0.005609042011201382,0.6456037759780884,0.5250161290168762,-0.03429726883769035,0.6422787308692932,0.575772762298584,-0.029578331857919693,0.6396835446357727,0.6123571395874023,-0.015869127586483955,0.6757892370223999,0.5780578255653381,-0.016964338719844818,0.6711997389793396,0.5513598918914795,-0.03440673276782036,0.664472222328186,0.5868715643882751,-0.02756708860397339,0.6602237224578857,0.613013505935669,-0.016033682972192764
0.6548793315887451,0.7018996477127075,-1.886900520275958e-07,0.6137278079986572,0.6660609245300293,-0.007476670667529106,0.592780351638794,0.600664496421814,-0.01014728844165802,0.5913839936256409,0.543757438659668,-0.0155881866812706,0.5962584018707275,0.5004640817642212,-0.019085243344306946,0.5917794704437256,0.5584335327148438,0.010207485407590866,0.5858166217803955,0.5040819048881531,-0.013297623954713345,0.588150143623352,0.4895068109035492,-0.027366919443011284,0.5941022634506226,0.5029509663581848,-0.03141672909259796,0.6205528974533081,0.5597286224365234,0.003631698666140437,0.6190650463104248,0.500447154045105,-0.026367850601673126,0.6196978092193604,0.5416405200958252,-0.033951856195926666,0.6196694374084473,0.5851789712905884,-0.02815217711031437,0.6497815847396851,0.5700826048851013,-0.006944398861378431,0.6483643651008606,0.5329899787902832,-0.03741858899593353,0.6447494626045227,0.5849721431732178,-0.03248819708824158,0.6421000957489014,0.6233921051025391,-0.01801333576440811,0.6790221929550171,0.5871750116348267,-0.018213924020528793,0.6738805770874023,0.5596259236335754,-0.03749347850680351,0.6666843295097351,0.5955761075019836,-0.03110119327902794,0.6614603996276855,0.6234560608863831,-0.019490830600261688
0.6561867594718933,0.7019515037536621,-1.7653889017310576e-07,0.6154655814170837,0.6682084202766418,-0.009468795731663704,0.5951520204544067,0.5996605157852173,-0.013069700449705124,0.5983286499977112,0.5416669845581055,-0.01899622566998005,0.6038671135902405,0.4982123076915741,-0.022592950612306595,0.590630829334259,0.5549406409263611,0.008630109950900078,0.5809928178787231,0.5011920928955078,-0.016119129955768585,0.5876647233963013,0.4903307259082794,-0.03126979246735573,0.598628580570221,0.5106649994850159,-0.03573472425341606,0.6208537220954895,0.5574297308921814,0.002997620264068246,0.6229670643806458,0.5022687911987305,-0.027222899720072746,0.6236355304718018,0.5471014380455017,-0.03476370871067047,0.621233344078064,0.5910744667053223,-0.029040873050689697,0.6501332521438599,0.5704154372215271,-0.007017015013843775,0.6506482362747192,0.534949004650116,-0.0362815335392952,0.6455514430999756,0.5854068994522095,-0.03070736862719059,0.640597939491272,0.6215156316757202,-0.016613734886050224,0.6796968579292297,0.5903622508049011,-0.018046025186777115,0.6759046316146851,0.5640532970428467,-0.036313168704509735,0.6682146787643433,0.5994254946708679,-0.029385458678007126,0.6615596413612366,0.6255078911781311,-0.017766179516911507
0.6583848595619202,0.7077544927597046,-1.7577475830421463e-07,0.6150317192077637,0.6702072620391846,-0.00711480900645256,0.593826174736023,0.5985927581787109,-0.009018913842737675,0.5967250466346741,0.5410392880439758,-0.013979659415781498,0.6041407585144043,0.4990837574005127,-0.016966480761766434,0.5924761295318604,0.5600532293319702,0.012740842066705227,0.5847166776657104,0.5061184167861938,-0.011039038188755512,0.5889612436294556,0.4925759434700012,-0.026374349370598793,0.5979682207107544,0.5081689953804016,-0.03126409277319908,0.6219446659088135,0.561354398727417,0.005966272205114365,0.6227858662605286,0.5035296678543091,-0.024867121130228043,0.6233766674995422,0.5463446378707886,-0.03379905968904495,0.6223465204238892,0.5926780104637146,-0.0285662654787302,0.6515532732009888,0.5723495483398438,-0.005041054449975491,0.6508283019065857,0.5351324677467346,-0.034865058958530426,0.6467917561531067,0.5868483781814575,-0.030473336577415466,0.6430903673171997,0.6263155341148376,-0.016519546508789062,0.6805698871612549,0.5906046032905579,-0.016886943951249123,0.6759675741195679,0.5641314387321472,-0.03495584800839424,0.668519139289856,0.6001441478729248,-0.028440898284316063,0.6631143689155579,0.6278587579727173,-0.01694501005113125
0.6581475138664246,0.7053495645523071,-1.956772024414022e-07,0.6149053573608398,0.6703358888626099,-0.008233861066401005,0.5940925478935242,0.6003981828689575,-0.011554905213415623,0.5990033149719238,0.5424994826316833,-0.017676547169685364,0.6064913868904114,0.4994067847728729,-0.021881375461816788,0.5943512916564941,0.5588099360466003,0.009028201922774315,0.5848381519317627,0.5021486282348633,-0.016157519072294235,0.5900313258171082,0.49380365014076233,-0.032022785395383835,0.5995288491249084,0.5133254528045654,-0.03688177093863487,0.6237248182296753,0.5607888698577881,0.002612015698105097,0.6246153116226196,0.5042124390602112,-0.028150008991360664,0.6247327923774719,0.5495972037315369,-0.03619663044810295,0.6229783296585083,0.5959563851356506,-0.030499540269374847,0.6532394289970398,0.5728129148483276,-0.008122269064188004,0.6521797180175781,0.5380132794380188,-0.038166794925928116,0.6475669741630554,0.590738832950592,-0.03386467695236206,0.6435068845748901,0.6294934749603271,-0.020123038440942764,0.6821203231811523,0.5919994115829468,-0.019687123596668243,0.6775004863739014,0.5668102502822876,-0.038128387182950974,0.6692830324172974,0.603853702545166,-0.03162761032581329,0.6633241176605225,0.63163161277771,-0.02016257308423519
0.6588180065155029,0.7107610702514648,-2.1621235646307468e-07,0.6165311932563782,0.6750540733337402,-0.006474953610450029,0.5948165655136108,0.6049318313598633,-0.008520575240254402,0.5964342355728149,0.5460187792778015,-0.013800343498587608,0.6027818322181702,0.5014963150024414,-0.017193656414747238,0.595198392868042,0.5624901056289673,0.012483698315918446,0.5891242623329163,0.5060767531394958,-0.011597828008234501,0.5925772786140442,0.4964565932750702,-0.026960495859384537,0.5992940068244934,0.5125165581703186,-0.031845834106206894,0.624317467212677,0.5641555786132812,0.0052203405648469925,0.624632716178894,0.5065007209777832,-0.024791952222585678,0.6242453455924988,0.551111102104187,-0.03281920775771141,0.62306809425354,0.5962543487548828,-0.027269888669252396,0.6538700461387634,0.5754300951957703,-0.006266524083912373,0.6524707078933716,0.5398091077804565,-0.03580096736550331,0.6475891470909119,0.5928096771240234,-0.03105960413813591,0.6444690227508545,0.6312189102172852,-0.017034603282809258,0.6833280920982361,0.5940396189689636,-0.01852286234498024,0.6782605648040771,0.5678926110267639,-0.036011990159749985,0.6700882911682129,0.6044882535934448,-0.028962139040231705,0.665125846862793,0.6311295628547668,-0.01729222945868969
0.6590938568115234,0.7110512852668762,-1.8243250110572262e-07,0.6160261631011963,0.6756372451782227,-0.007922972552478313,0.5951317548751831,0.6066293716430664,-0.011253682896494865,0.5998658537864685,0.5486329793930054,-0.017415031790733337,0.6100853085517883,0.5060962438583374,-0.021621612831950188,0.5942206978797913,0.5645559430122375,0.0091009009629488,0.585996687412262,0.5094593167304993,-0.015827856957912445,0.5906355977058411,0.49729326367378235,-0.03136282414197922,0.5997751355171204,0.5131881237030029,-0.03629966080188751,0.6240415573120117,0.5663474202156067,0.002497477689757943,0.6254311800003052,0.5095634460449219,-0.02905011735856533,0.6255282163619995,0.5539440512657166,-0.037361424416303635,0.6239351034164429,0.5997557044029236,-0.031775373965501785,0.6540496945381165,0.5775638818740845,-0.00826129037886858,0.6537511944770813,0.5442934036254883,-0.03907114639878273,0.6488843560218811,0.5976449847221375,-0.03445899486541748,0.6445550918579102,0.6364002823829651,-0.020277883857488632,0.6833284497261047,0.5957097411155701,-0.019808584824204445,0.6787739396095276,0.5724589824676514,-0.03866753354668617,0.6707247495651245,0.6101773381233215,-0.03211452439427376,0.6649592518806458,0.637386679649353,-0.02051045000553131
0.6593081951141357,0.713527262210846,-2.4919202701312315e-07,0.617513120174408,0.6822549104690552,-0.00804501585662365,0.5961184501647949,0.6099770069122314,-0.010724338702857494,0.6005972027778625,0.5506942272186279,-0.016147220507264137,0.6097412109375,0.5081937909126282,-0.01904105395078659,0.5957539081573486,0.5663636326789856,0.008173776790499687,0.5869696140289307,0.5033851265907288,-0.0175319816917181,0.5924175977706909,0.49960821866989136,-0.03252679109573364,0.6016587615013123,0.5262668132781982,-0.03646499291062355,0.6261008977890015,0.5677002668380737,0.0019885285291820765,0.625501275062561,0.5117853879928589,-0.028957029804587364,0.6262920498847961,0.5596750974655151,-0.03613102808594704,0.6257363557815552,0.6055681705474854,-0.02986733801662922,0.6554571986198425,0.5798687934875488,-0.008534587919712067,0.6529916524887085,0.5472812652587891,-0.0380694605410099,0.6492241621017456,0.6021755337715149,-0.03190644830465317,0.6464605927467346,0.6394877433776855,-0.01712890900671482,0.6849892735481262,0.597953736782074,-0.019929775968194008,0.6782809495925903,0.5764911770820618,-0.03746938332915306,0.6712746024131775,0.6141366958618164,-0.02993086539208889,0.6668898463249207,0.6383364796638489,-0.017847061157226562
0.6630012392997742,0.7344932556152344,-2.04787042434873e-07,0.61891108751297,0.6952659487724304,-0.00619566859677434,0.5990994572639465,0.6272175312042236,-0.008816033601760864,0.6019864082336426,0.5715104341506958,-0.014357473701238632,0.6068565845489502,0.5330526828765869,-0.018007608130574226,0.6059072017669678,0.5796688795089722,0.009197263978421688,0.6035990118980408,0.5239328145980835,-0.013217017985880375,0.6038061380386353,0.5063333511352539,-0.026161907240748405,0.6048162579536438,0.5132679343223572,-0.029950831085443497,0.635148823261261,0.5835563540458679,0.001327927689999342,0.634968101978302,0.5248644351959229,-0.029494956135749817,0.6340854167938232,0.5708136558532715,-0.03682617470622063,0.6313444972038269,0.615558385848999,-0.03017965331673622,0.6643197536468506,0.5961023569107056,-0.01005987823009491,0.6623930335044861,0.5656214356422424,-0.039781514555215836,0.6570292711257935,0.6167919635772705,-0.035447072237730026,0.6517547369003296,0.6520660519599915,-0.02139342948794365,0.6921929121017456,0.6163634061813354,-0.02204728126525879,0.6865047812461853,0.5971114039421082,-0.03781892731785774,0.677006185054779,0.6330187916755676,-0.030169658362865448,0.6696782112121582,0.6567752957344055,-0.018305335193872452
0.6628966331481934,0.7374049425125122,-1.821826174364105e-07,0.6186411380767822,0.7005799412727356,-0.006033515557646751,0.598425030708313,0.6304291486740112,-0.00687040900811553,0.6010794639587402,0.5751028656959534,-0.01067411620169878,0.607631504535675,0.5363548994064331,-0.013329972513020039,0.6109599471092224,0.5811524391174316,0.012610928155481815,0.6095468997955322,0.5283401608467102,-0.005988723132759333,0.6071816086769104,0.5090653300285339,-0.017683152109384537,0.6039562225341797,0.505765974521637,-0.0220879428088665,0.6399103999137878,0.5850247740745544,0.005178716499358416,0.639202356338501,0.5292957425117493,-0.024284036830067635,0.6363815665245056,0.5763959884643555,-0.03223950415849686,0.6335847973823547,0.619872510433197,-0.02603996731340885,0.6683895587921143,0.5979835391044617,-0.005602618213742971,0.6652746200561523,0.5672886371612549,-0.03534139692783356,0.6588714718818665,0.621083676815033,-0.03206808492541313,0.654286801815033,0.6578443050384521,-0.018300462514162064,0.6950698494911194,0.6183534264564514,-0.0168021097779274,0.6891526579856873,0.5969809889793396,-0.03396352753043175,0.6791854500770569,0.63533616065979,-0.027233213186264038,0.6729346513748169,0.6625256538391113,-0.01554111484438181
0.6630193591117859,0.7402586936950684,-1.753865035425406e-07,0.6201404929161072,0.7055849432945251,-0.00728200888261199,0.5987192988395691,0.6369209885597229,-0.009854978881776333,0.6004586815834045,0.5809902548789978,-0.014837712049484253,0.6053466200828552,0.5407788753509521,-0.018622638657689095,0.6110510230064392,0.5848978161811829,0.007144507020711899,0.6093200445175171,0.5318540334701538,-0.013134466484189034,0.608031690120697,0.5102992057800293,-0.025408565998077393,0.605457603931427,0.5076144337654114,-0.02997186966240406,0.6411198973655701,0.590005099773407,-0.00025294366059824824,0.6421932578086853,0.5339459180831909,-0.03041510097682476,0.6401807069778442,0.5826717019081116,-0.03713376075029373,0.6368308663368225,0.6264469623565674,-0.03018224611878395,0.6705823540687561,0.6043832302093506,-0.01089338306337595,0.6689928770065308,0.5717870593070984,-0.04138069972395897,0.6623474359512329,0.6262085437774658,-0.03615203872323036,0.6561996936798096,0.6634683609008789,-0.021194102242588997,0.6981351971626282,0.62631756067276,-0.021992094814777374,0.6935743093490601,0.6016057133674622,-0.04072852060198784,0.6831300854682922,0.6405487060546875,-0.033124614506959915,0.6747469902038574,0.668891191482544,-0.020596064627170563
0.6622509956359863,0.7378008365631104,-2.288692968477335e-07,0.6202012300491333,0.7063101530075073,-0.007377948146313429,0.598820149898529,0.639003574848175,-0.01087995246052742,0.6011485457420349,0.5815362334251404,-0.01721358858048916,0.6119050979614258,0.5417269468307495,-0.021350035443902016,0.6104609370231628,0.5844825506210327,0.005503701977431774,0.604056715965271,0.5191069841384888,-0.018758712336421013,0.6123414635658264,0.5161939263343811,-0.03300449624657631,0.6197875738143921,0.5387566685676575,-0.03707633167505264,0.6415247321128845,0.591225266456604,-0.0012066890485584736,0.6449967622756958,0.5389699935913086,-0.0314023494720459,0.643584668636322,0.5877416729927063,-0.03908046334981918,0.6383818984031677,0.6307018399238586,-0.03368375822901726,0.6704131364822388,0.6067755818367004,-0.011568598449230194,0.6722409129142761,0.5798928737640381,-0.0411323644220829,0.6644384264945984,0.6325339674949646,-0.037120599299669266,0.6560952663421631,0.6679307818412781,-0.023988325148820877,0.6989535689353943,0.6287043690681458,-0.02245122753083706,0.6966362595558167,0.6080416440963745,-0.040043219923973083,0.6863592863082886,0.6456107497215271,-0.033006444573402405,0.6770219802856445,0.6716083884239197,-0.021282896399497986
0.6652293801307678,0.7481365203857422,-2.3145896932419419e-07,0.6223334074020386,0.7135547399520874,-0.009448225609958172,0.6003866195678711,0.6450327038764954,-0.013805502094328403,0.6026449203491211,0.5864403247833252,-0.02043871395289898,0.6104196310043335,0.544819712638855,-0.024347756057977676,0.6080895662307739,0.5864326357841492,0.004309171345084906,0.6047199964523315,0.5252348184585571,-0.021043358370661736,0.6135260462760925,0.5154326558113098,-0.035230603069067,0.6216291785240173,0.535893976688385,-0.039045363664627075,0.640377938747406,0.5932291746139526,-0.0019751277286559343,0.6451542377471924,0.5432047247886658,-0.03400174900889397,0.6435939073562622,0.5934696793556213,-0.04071972519159317,0.6369961500167847,0.6353499293327332,-0.03440052643418312,0.6710041761398315,0.6092616319656372,-0.012311133556067944,0.675341784954071,0.5825112462043762,-0.044225793331861496,0.6673535108566284,0.6360954642295837,-0.03871775418519974,0.6577932834625244,0.669841468334198,-0.024267366155982018,0.7003703117370605,0.6326087117195129,-0.02339635044336319,0.7004157304763794,0.6126799583435059,-0.04251965507864952,0.6892707943916321,0.6493768692016602,-0.035145584493875504,0.6781212687492371,0.672243058681488,-0.023059455677866936
0.665596604347229,0.752052903175354,-2.7552735559766006e-07,0.6237677931785583,0.7188393473625183,-0.008629725314676762,0.6023024320602417,0.648730456829071,-0.013249446637928486,0.6065664291381836,0.5884517431259155,-0.020645076408982277,0.6166650652885437,0.5467950701713562,-0.025420241057872772,0.6121878623962402,0.5880656838417053,0.004842919763177633,0.6051941514015198,0.5211898684501648,-0.022181211039423943,0.6137368679046631,0.515298068523407,-0.03726676106452942,0.6237064599990845,0.540672242641449,-0.04105193540453911,0.6444413661956787,0.5954391360282898,-0.0019832078833132982,0.645500659942627,0.5467826724052429,-0.03530750796198845,0.6439136862754822,0.6022433042526245,-0.04168454185128212,0.6399360299110413,0.6465407609939575,-0.03438041731715202,0.6745342016220093,0.6118677854537964,-0.013087908737361431,0.674543023109436,0.5896733999252319,-0.04525462165474892,0.667041003704071,0.6465456485748291,-0.03888707607984543,0.6607360243797302,0.6800705194473267,-0.02338389679789543,0.7037394046783447,0.6346333026885986,-0.024932008236646652,0.6982750296592712,0.6181609630584717,-0.04236456751823425,0.6878973245620728,0.6577475070953369,-0.033392440527677536,0.6808740496635437,0.6797233819961548,-0.020066943019628525
0.6655501127243042,0.7614306211471558,-3.0934685923966754e-07,0.6215649247169495,0.7263239622116089,-0.008271007798612118,0.5991457104682922,0.6581626534461975,-0.014109405688941479,0.6046290397644043,0.5974183678627014,-0.02292892150580883,0.6204008460044861,0.5563144087791443,-0.029036661610007286,0.6120699048042297,0.595272958278656,0.0028854000847786665,0.6090913414955139,0.5260596871376038,-0.023607399314641953,0.6147058010101318,0.5215160250663757,-0.037796515971422195,0.619192898273468,0.5497223138809204,-0.04099380970001221,0.6444941163063049,0.600955605506897,-0.003502138424664736,0.6459019184112549,0.5598370432853699,-0.03536501154303551,0.6445435881614685,0.6104979515075684,-0.04184925556182861,0.6391826272010803,0.6546406745910645,-0.035863108932971954,0.6752203106880188,0.6147820353507996,-0.013920034281909466,0.672016441822052,0.6019917726516724,-0.04376288875937462,0.664387583732605,0.6551429033279419,-0.03836282715201378,0.6558396816253662,0.6897213459014893,-0.024900520220398903,0.7052072286605835,0.6353648900985718,-0.025165671482682228,0.6975225210189819,0.627163827419281,-0.04085328057408333,0.6863856315612793,0.6654787659645081,-0.03281975910067558,0.6767199039459229,0.6894407868385315,-0.0209233108907938
0.6257368326187134,0.8635534048080444,-5.59872944450035e-07,0.5852870941162109,0.8466576933860779,-0.019494416192173958,0.5484443306922913,0.8359329700469971,-0.03943625092506409,0.5260748863220215,0.8383050560951233,-0.05903810262680054,0.5104384422302246,0.8491958975791931,-0.0777335911989212,0.5549097657203674,0.7491433024406433,-0.041594330221414566,0.5289174914360046,0.7676301002502441,-0.07259807735681534,0.5182064771652222,0.8198477029800415,-0.09411042183637619,0.5120300054550171,0.867512047290802,-0.10533326864242554,0.595384955406189,0.7471655011177063,-0.04684145003557205,0.5734186172485352,0.827844500541687,-0.07461173087358475,0.5700024962425232,0.8817626237869263,-0.08337443321943283,0.5702295303344727,0.9133992791175842,-0.08603451400995255,0.6332671642303467,0.7683502435684204,-0.05387837439775467,0.6126651763916016,0.8598841428756714,-0.07378911226987839,0.6112009882926941,0.8946095705032349,-0.06848281621932983,0.6118937134742737,0.907673716545105,-0.06231822818517685,0.6660093069076538,0.7978166341781616,-0.06346072256565094,0.6479549407958984,0.8700091242790222,-0.07511136680841446,0.6413112282752991,0.8956483006477356,-0.06723333150148392,0.6393912434577942,0.9012598395347595,-0.05831822752952576
0.6283788681030273,0.8782906532287598,-5.514297640729637e-07,0.5855416655540466,0.8746345043182373,-0.016274698078632355,0.5480257868766785,0.8725528120994568,-0.03231504186987877,0.528598427772522,0.8827807307243347,-0.04849211871623993,0.5184159278869629,0.8958417773246765,-0.06392563134431839,0.550708532333374,0.7940625548362732,-0.035422682762145996,0.5180977582931519,0.8265559077262878,-0.05984368547797203,0.5106556415557861,0.88040691614151,-0.07533527165651321,0.5113921165466309,0.9254558086395264,-0.08297140151262283,0.589072048664093,0.7903294563293457,-0.04081506282091141,0.5673949718475342,0.8831140398979187,-0.06261030584573746,0.5754592418670654,0.9268587827682495,-0.06789654493331909,0.5855656266212463,0.9424234628677368,-0.06911461055278778,0.6269044280052185,0.8088206052780151,-0.04770929738879204,0.6078776121139526,0.8959246873855591,-0.06262382119894028,0.6114590167999268,0.9157139658927917,-0.05678939446806908,0.6151689291000366,0.9125989675521851,-0.05148982256650925,0.6596945524215698,0.834175169467926,-0.05684853345155716,0.6448264122009277,0.9051743149757385,-0.06645512580871582,0.6394355297088623,0.9253517389297485,-0.05895644798874855,0.6362077593803406,0.9241941571235657,-0.05081599950790405
0.6440592408180237,0.9278508424758911,-5.414719908003462e-07,0.6013659238815308,0.9247794151306152,-0.013310265727341175,0.561060905456543,0.9108998775482178,-0.02523443102836609,0.5411548018455505,0.8921993970870972,-0.03759659454226494,0.5391873121261597,0.8685817718505859,-0.04806874319911003,0.5579479336738586,0.816490650177002,-0.021495172753930092,0.5265158414840698,0.8216193914413452,-0.04631812870502472,0.5191190838813782,0.8622113466262817,-0.0632689893245697,0.5208976864814758,0.8979940414428711,-0.07270944863557816,0.5901129841804504,0.8033568263053894,-0.026995761319994926,0.5728627443313599,0.8810585737228394,-0.05006534606218338,0.5755646824836731,0.9320400357246399,-0.05666389688849449,0.5820218324661255,0.9511678814888,-0.058310460299253464,0.6264181137084961,0.8157104253768921,-0.035038240253925323,0.6141771674156189,0.8938370943069458,-0.053957536816596985,0.6139532327651978,0.9281158447265625,-0.048806533217430115,0.6158869862556458,0.9367116093635559,-0.04284416884183884,0.6609548926353455,0.8385491371154785,-0.045104555785655975,0.650962233543396,0.9015206098556519,-0.06011701002717018,0.646699845790863,0.9301215410232544,-0.056226953864097595,0.645358681678772,0.9367299675941467,-0.049471665173769
0.6404696106910706,0.9217242002487183,-4.140338489833084e-07,0.5973576307296753,0.9129145741462708,-0.01521347276866436,0.5598599314689636,0.8945794105529785,-0.027890978381037712,0.5423048734664917,0.8803884983062744,-0.04074918106198311,0.5403786301612854,0.8749326467514038,-0.05123383179306984,0.5657569169998169,0.8037437796592712,-0.02138570509850979,0.5355371832847595,0.8177827596664429,-0.04707887023687363,0.5285513401031494,0.8615506291389465,-0.06468088924884796,0.5295112133026123,0.8981983661651611,-0.07401244342327118,0.5983598828315735,0.7970771789550781,-0.026556940749287605,0.5833156108856201,0.8692761659622192,-0.047875020653009415,0.5846343040466309,0.9001964330673218,-0.05372263863682747,0.587812066078186,0.8999788761138916,-0.05519112944602966,0.634014904499054,0.814039945602417,-0.03491741791367531,0.622287392616272,0.8941205143928528,-0.05099482834339142,0.6197974681854248,0.914629340171814,-0.04527447372674942,0.6189739108085632,0.909377932548523,-0.03939908742904663,0.6667979955673218,0.8394573330879211,-0.04599807783961296,0.6572321653366089,0.9035215377807617,-0.05768153443932533,0.6515267491340637,0.9206361174583435,-0.05325905978679657,0.6489728093147278,0.9152266383171082,-0.04690854996442795
0.6619297862052917,0.9159455299377441,3.6499065458883706e-07,0.6274592876434326,0.8823556900024414,-0.006795643828809261,0.5988792181015015,0.8400408029556274,-0.018344273790717125,0.5866167545318604,0.7999741435050964,-0.029064400121569633,0.5981348156929016,0.7614723443984985,-0.04022722318768501,0.59503573179245,0.8312345147132874,-0.028035636991262436,0.588076651096344,0.7698884010314941,-0.04588983580470085,0.5890645384788513,0.7194891571998596,-0.05783926695585251,0.5918083786964417,0.6830331087112427,-0.0659734457731247,0.616565465927124,0.8380946516990662,-0.03330354765057564,0.616224467754364,0.7787432074546814,-0.04831593111157417,0.6226814389228821,0.7516422271728516,-0.05195032060146332,0.6286097168922424,0.7336677312850952,-0.054280467331409454,0.6442854404449463,0.8495141267776489,-0.03834148868918419,0.6446548700332642,0.7960827350616455,-0.05177466943860054,0.6499873995780945,0.7664551734924316,-0.0469110943377018,0.6557559967041016,0.742550790309906,-0.04331637918949127,0.6733898520469666,0.8637888431549072,-0.04366614297032356,0.6755589246749878,0.824185311794281,-0.053978972136974335,0.6846671104431152,0.7976066470146179,-0.049046073108911514,0.6915844678878784,0.7753422260284424,-0.04443889856338501
0.6710840463638306,0.9033318758010864,4.939121254210477e-07,0.6306862235069275,0.8690556883811951,-0.00799195934087038,0.6042121052742004,0.8126142621040344,-0.024531705304980278,0.6016338467597961,0.7579622864723206,-0.03915296122431755,0.6130475997924805,0.7144374847412109,-0.05415777862071991,0.5987423658370972,0.8142183423042297,-0.05214725434780121,0.5984756946563721,0.740513265132904,-0.07961529493331909,0.602558970451355,0.6812695860862732,-0.09492064267396927,0.6073784232139587,0.6396217346191406,-0.10356084257364273,0.6258768439292908,0.8281260132789612,-0.06120821833610535,0.6407446265220642,0.7391092777252197,-0.08893316984176636,0.6497487425804138,0.7136498689651489,-0.0924428403377533,0.6515806317329407,0.7081015110015869,-0.09164531528949738,0.6606069803237915,0.8413295745849609,-0.06903048604726791,0.6755483150482178,0.7594295740127563,-0.09262703359127045,0.6815913915634155,0.7342515587806702,-0.08707129210233688,0.6804302334785461,0.7235433459281921,-0.07972941547632217,0.6965008974075317,0.8536069989204407,-0.07668934017419815,0.7022664546966553,0.7899143099784851,-0.09190809726715088,0.7077286243438721,0.7604156136512756,-0.08590675890445709,0.7082014679908752,0.7427576780319214,-0.07889994978904724
0.6704642176628113,0.8915687799453735,4.845419425691944e-07,0.6304571032524109,0.8493627309799194,-0.0038434176240116358,0.6099153757095337,0.7865867018699646,-0.017528211697936058,0.609009325504303,0.7275841236114502,-0.030049487948417664,0.6171644926071167,0.6842016577720642,-0.04283050447702408,0.6038028001785278,0.7926579117774963,-0.04299493879079819,0.6022869348526001,0.7173733711242676,-0.06768824905157089,0.6064795255661011,0.6563097238540649,-0.08343616873025894,0.6115494966506958,0.6122031807899475,-0.09289386123418808,0.6308484673500061,0.8017017841339111,-0.052015289664268494,0.6431095600128174,0.7171980738639832,-0.07622113078832626,0.6519332528114319,0.6837535500526428,-0.08174817264080048,0.6554274559020996,0.6709686517715454,-0.08397890627384186,0.6640693545341492,0.8110063076019287,-0.059591144323349,0.676699161529541,0.7308015823364258,-0.07899858802556992,0.6818800568580627,0.6996650099754333,-0.07555459439754486,0.6806982159614563,0.6886533498764038,-0.07143741101026535,0.6984977722167969,0.8197237253189087,-0.06686469912528992,0.7086058259010315,0.7549359202384949,-0.07825478911399841,0.7116334438323975,0.7264015674591064,-0.07370483875274658,0.7087855339050293,0.7121891975402832,-0.06914985924959183
0.6707028746604919,0.8561345338821411,9.573755477276791e-08,0.6278331875801086,0.820598304271698,-0.017409322783350945,0.6036567091941833,0.7506638169288635,-0.02547973394393921,0.6101608276367188,0.690078854560852,-0.03400661051273346,0.6236792206764221,0.6393126249313354,-0.042156998068094254,0.6119349002838135,0.6896103024482727,-0.005895117297768593,0.6123160719871521,0.6533582210540771,-0.032360587269067764,0.6142844557762146,0.6120720505714417,-0.054983075708150864,0.6169407963752747,0.5755641460418701,-0.07009799778461456,0.6481676697731018,0.6805090308189392,-0.01128731295466423,0.6485939621925354,0.6651310920715332,-0.04702911525964737,0.6468884348869324,0.7236339449882507,-0.05928293243050575,0.6427153944969177,0.7622789740562439,-0.05857379361987114,0.6834625005722046,0.6900177001953125,-0.02081603929400444,0.682849645614624,0.6918767690658569,-0.05190502479672432,0.6730274558067322,0.7481930255889893,-0.04744778200984001,0.6633289456367493,0.778457760810852,-0.03569011390209198,0.713270366191864,0.7140755653381348,-0.03269096463918686,0.7129889726638794,0.7200005650520325,-0.049312762916088104,0.6997412443161011,0.7570733428001404,-0.04191477969288826,0.6889841556549072,0.7763727307319641,-0.031246857717633247
0.6642805933952332,0.8270986080169678,-1.3662500464306504e-07,0.6277387738227844,0.7934854030609131,-0.014867742545902729,0.6113539934158325,0.7114775776863098,-0.019876303151249886,0.6182268261909485,0.6464593410491943,-0.025606850162148476,0.627559244632721,0.5961199998855591,-0.030308503657579422,0.6208319664001465,0.6531198024749756,0.0015638457844033837,0.6165705919265747,0.6132102608680725,-0.02009929157793522,0.6130720376968384,0.5879747271537781,-0.03252028673887253,0.6128804683685303,0.575116753578186,-0.03808802366256714,0.6552355289459229,0.6494537591934204,-0.0013282742584124207,0.6486366987228394,0.6391520500183105,-0.02934221737086773,0.6426929235458374,0.69680255651474,-0.031517643481492996,0.6416528224945068,0.7266002893447876,-0.023235270753502846,0.6869385242462158,0.6632947325706482,-0.009148103184998035,0.6788679361343384,0.6765933632850647,-0.03465568646788597,0.6685118079185486,0.7283334732055664,-0.02542015351355076,0.6664304137229919,0.7439678907394409,-0.011130565777420998,0.714413046836853,0.6884363889694214,-0.01914091221988201,0.7052266597747803,0.7113471627235413,-0.03217750042676926,0.6953672170639038,0.7486598491668701,-0.02480240724980831,0.6942986845970154,0.7545374631881714,-0.014623214490711689
0.6619429588317871,0.8064286708831787,-2.300608059613296e-07,0.6263037323951721,0.7759502530097961,-0.011447131633758545,0.6091515421867371,0.6999788284301758,-0.01565326191484928,0.6166755557060242,0.6378353834152222,-0.02122536301612854,0.6249900460243225,0.5912094116210938,-0.025096017867326736,0.6188475489616394,0.634164571762085,0.002609984716400504,0.6114960312843323,0.5804884433746338,-0.020374750718474388,0.6126009225845337,0.5664349794387817,-0.032249368727207184,0.6157013773918152,0.578764021396637,-0.03554796427488327,0.6529480814933777,0.6361204981803894,-0.001720863743685186,0.650793194770813,0.6124505400657654,-0.03014732152223587,0.6438001990318298,0.6714122295379639,-0.03326066955924034,0.6396092772483826,0.7082371711730957,-0.025595204904675484,0.6847151517868042,0.652561604976654,-0.010528722777962685,0.6767836213111877,0.6505606174468994,-0.03852108493447304,0.6650570034980774,0.7070021629333496,-0.029925327748060226,0.6599982976913452,0.7323259115219116,-0.015213479287922382,0.7122547626495361,0.6785581707954407,-0.020594274625182152,0.7003216743469238,0.6818274855613708,-0.036720383912324905,0.6876540780067444,0.7232142686843872,-0.028338968753814697,0.6835622191429138,0.7395184636116028,-0.016463370993733406
0.6622494459152222,0.7997758984565735,-2.806099814733898e-07,0.6273531913757324,0.7645739316940308,-0.009735307656228542,0.6108563542366028,0.6927273869514465,-0.013493243604898453,0.6143839359283447,0.6338894963264465,-0.019579505547881126,0.6188356876373291,0.5911023020744324,-0.023250214755535126,0.6186563372612,0.6308726072311401,0.004588477313518524,0.6130194664001465,0.5638317465782166,-0.020751861855387688,0.615473747253418,0.5536378026008606,-0.03407101705670357,0.6187999248504639,0.573743462562561,-0.03735240176320076,0.6506049633026123,0.6352477073669434,-0.000820566201582551,0.6470807790756226,0.5983436107635498,-0.03201700374484062,0.6417264342308044,0.6545931696891785,-0.03716293349862099,0.6393989324569702,0.6922627687454224,-0.030093282461166382,0.680683434009552,0.6503525972366333,-0.010652894154191017,0.6735745668411255,0.637208104133606,-0.04090005159378052,0.6643649935722351,0.6950777769088745,-0.03251704201102257,0.6608453989028931,0.7229857444763184,-0.016804713755846024,0.7089724540710449,0.6729512214660645,-0.02160150371491909,0.6976412534713745,0.6653807759284973,-0.03864883631467819,0.6855109930038452,0.7075709104537964,-0.029617898166179657,0.6810887455940247,0.7261993885040283,-0.01667245477437973
0.6643803715705872,0.7945185899734497,-2.749225984643999e-07,0.6267498135566711,0.7554013133049011,-0.009984704665839672,0.6092499494552612,0.6823595762252808,-0.014515316113829613,0.6130603551864624,0.6210079789161682,-0.021652648225426674,0.6155006289482117,0.5743052363395691,-0.02622869797050953,0.6155410408973694,0.6225218772888184,0.005831147078424692,0.6062399744987488,0.5551776885986328,-0.02098487876355648,0.6092641353607178,0.5457004308700562,-0.034312400966882706,0.6168103814125061,0.5648173689842224,-0.03691134601831436,0.646003782749176,0.6285412311553955,5.625752964988351e-05,0.6416201591491699,0.5849119424819946,-0.031869277358055115,0.6370341777801514,0.6417482495307922,-0.03596107289195061,0.636833131313324,0.6762946248054504,-0.0275056604295969,0.6761195063591003,0.6436067223548889,-0.010481511242687702,0.6684027314186096,0.6218932271003723,-0.04265638068318367,0.6609354615211487,0.6819671392440796,-0.033386219292879105,0.6607978940010071,0.7099122405052185,-0.01614201068878174,0.7046605348587036,0.6653841733932495,-0.02211650088429451,0.6915740966796875,0.6490949988365173,-0.0402233861386776,0.6811497211456299,0.6923588514328003,-0.03048761934041977,0.6806402206420898,0.7118722200393677,-0.016489794477820396
0.6601652503013611,0.7935916781425476,-2.9076844043629535e-07,0.6161694526672363,0.7403305768966675,-0.0015678339404985309,0.5974341630935669,0.6715931296348572,-0.001679148175753653,0.6008034348487854,0.613493800163269,-0.006328585557639599,0.6068838238716125,0.5695604085922241,-0.009718070738017559,0.6076921224594116,0.6266024708747864,0.01960362307727337,0.6013306379318237,0.5689600706100464,0.00018182702478952706,0.5984271168708801,0.5586977005004883,-0.012436626479029655,0.599947452545166,0.5611222386360168,-0.01753099262714386,0.6356269717216492,0.6312081217765808,0.01027712132781744,0.6306180953979492,0.5817776918411255,-0.01657644659280777,0.6245675086975098,0.6307746767997742,-0.02357839234173298,0.6251185536384583,0.6677974462509155,-0.0190089363604784,0.6633526086807251,0.6433694362640381,-0.002912645461037755,0.6561177968978882,0.6117408275604248,-0.028823833912611008,0.6470012068748474,0.6637112498283386,-0.022626759484410286,0.6466174721717834,0.6963440179824829,-0.009242746978998184,0.6901757121086121,0.662681519985199,-0.016846636310219765,0.6790375709533691,0.6387050747871399,-0.029262347146868706,0.6665715575218201,0.6765989065170288,-0.02029890939593315,0.663720965385437,0.7018590569496155,-0.00882190465927124
0.6578538417816162,0.7892287969589233,-2.927516788986395e-07,0.6143099665641785,0.7462752461433411,-0.0022065206430852413,0.5952462553977966,0.6775705218315125,-0.00273793819360435,0.6003192067146301,0.6213805675506592,-0.0074978903867304325,0.6084564924240112,0.5807384848594666,-0.010444993153214455,0.601871907711029,0.6279137134552002,0.016996020451188087,0.594639003276825,0.5648573040962219,-0.004916036035865545,0.5940962433815002,0.5606905817985535,-0.01890125498175621,0.598666787147522,0.5795696973800659,-0.02345426008105278,0.6291185617446899,0.6330502033233643,0.008347348310053349,0.6251867413520813,0.5843035578727722,-0.0177793987095356,0.620491623878479,0.6337787508964539,-0.023884102702140808,0.621317446231842,0.6725432872772217,-0.018789146095514297,0.6568805575370789,0.6464452147483826,-0.004357213620096445,0.6507105827331543,0.6095631718635559,-0.02992885373532772,0.642875075340271,0.662539541721344,-0.022945601493120193,0.6430271863937378,0.6966511011123657,-0.009377713315188885,0.6848976612091064,0.6668854355812073,-0.01780088059604168,0.6743192076683044,0.6393237113952637,-0.03210911154747009,0.6627423763275146,0.6790979504585266,-0.023314129561185837,0.6603735685348511,0.7054666876792908,-0.011492336168885231
0.6569255590438843,0.7950368523597717,-2.538213834668568e-07,0.6119506359100342,0.7491003274917603,-0.002902328036725521,0.5920401811599731,0.6775279641151428,-0.0027112625539302826,0.5956642031669617,0.6192423105239868,-0.006914149504154921,0.6014403104782104,0.5772519707679749,-0.009899931028485298,0.598192036151886,0.635642945766449,0.020599892362952232,0.592311680316925,0.5811842679977417,0.0013996907509863377,0.5923241972923279,0.5683939456939697,-0.011343260295689106,0.5972528457641602,0.5732601881027222,-0.016170868650078773,0.6252622008323669,0.638895571231842,0.01194729469716549,0.6224306225776672,0.5883508324623108,-0.014296767301857471,0.6198216080665588,0.6358526349067688,-0.021351024508476257,0.6206706166267395,0.6730591654777527,-0.01648649573326111,0.6530961990356445,0.6496030688285828,-0.0008149222703650594,0.6482906937599182,0.6154423356056213,-0.0268836859613657,0.6422439813613892,0.6678913235664368,-0.02113051898777485,0.6421347260475159,0.7011013031005859,-0.007753552868962288,0.6814624667167664,0.6669608950614929,-0.014375757426023483,0.6712917685508728,0.6410409808158875,-0.02750200405716896,0.6616427302360535,0.6791523694992065,-0.018702279776334763,0.6598559021949768,0.7038260698318481,-0.007080018986016512
0.6516886353492737,0.7863146662712097,-3.057441233522695e-07,0.6091134548187256,0.7489755749702454,-0.0026335183065384626,0.5898846387863159,0.6841585040092468,-0.004054113291203976,0.5933438539505005,0.6276215314865112,-0.009325772523880005,0.5995866656303406,0.5863232016563416,-0.012537690810859203,0.596335768699646,0.6331484913825989,0.012860060669481754,0.5882591009140015,0.5707530379295349,-0.009655955247581005,0.5887126326560974,0.5680987238883972,-0.0223550982773304,0.5949956178665161,0.589575469493866,-0.02574743889272213,0.6233898997306824,0.6379191279411316,0.004522012080997229,0.6200517416000366,0.5899770259857178,-0.020773645490407944,0.617494523525238,0.6429012417793274,-0.02433379925787449,0.6191056966781616,0.6774883270263672,-0.017972934991121292,0.6507937908172607,0.6501756906509399,-0.007813905365765095,0.6448492407798767,0.6140856742858887,-0.03293167054653168,0.6380347013473511,0.6689025163650513,-0.02400590106844902,0.6386209726333618,0.6995369791984558,-0.009670383296906948,0.6790770292282104,0.6687108874320984,-0.020893462002277374,0.6683127880096436,0.6429609656333923,-0.035017479211091995,0.6584560871124268,0.6821569204330444,-0.02558932825922966,0.6576147079467773,0.7048529982566833,-0.013633856549859047
0.6511170268058777,0.7925195693969727,-2.9883287311349704e-07,0.6090579032897949,0.7525498270988464,-0.004835245665162802,0.5889452695846558,0.6886234879493713,-0.007165252696722746,0.5905150175094604,0.6328201293945312,-0.012945503927767277,0.59828120470047,0.590711236000061,-0.01666078343987465,0.5944192409515381,0.6380401253700256,0.01384200993925333,0.5900155901908875,0.5802314877510071,-0.009175374172627926,0.5892270803451538,0.5729782581329346,-0.022949762642383575,0.5924177169799805,0.5905411839485168,-0.026983346790075302,0.6214280128479004,0.6414113640785217,0.006510013248771429,0.6177228093147278,0.5919267535209656,-0.02083311788737774,0.6167423129081726,0.6405724287033081,-0.02681954763829708,0.6179576516151428,0.6781603097915649,-0.02126200869679451,0.6492589712142944,0.6521345973014832,-0.004953695461153984,0.6438681483268738,0.6181278228759766,-0.03256713226437569,0.6391685009002686,0.6721349954605103,-0.025871122255921364,0.6391845345497131,0.7058194875717163,-0.01168670505285263,0.6782280206680298,0.6697602868080139,-0.01712474226951599,0.6676265597343445,0.6444344520568848,-0.03277627378702164,0.6589398384094238,0.683915376663208,-0.024346867576241493,0.6569103002548218,0.7090492248535156,-0.012394505552947521
0.6522643566131592,0.7946659326553345,-2.96941891519964e-07,0.6094581484794617,0.7580701112747192,-0.0057790870778262615,0.588925838470459,0.688344419002533,-0.008433395996689796,0.5936277508735657,0.6303790807723999,-0.014280733652412891,0.6026442050933838,0.5869227647781372,-0.018105925992131233,0.5947455167770386,0.6392430663108826,0.01105948630720377,0.5869172811508179,0.5802362561225891,-0.01348096039146185,0.5866833329200745,0.5740545392036438,-0.02770170196890831,0.5918210744857788,0.5955584645271301,-0.03157905489206314,0.6222284436225891,0.6417527198791504,0.004083999898284674,0.6175535321235657,0.5951606631278992,-0.023567652329802513,0.6169540286064148,0.6458786725997925,-0.02863689512014389,0.6188781261444092,0.6827746629714966,-0.022470032796263695,0.6506357192993164,0.652629017829895,-0.007225284818559885,0.6436388492584229,0.6193534731864929,-0.03478572145104408,0.6388824582099915,0.6747075319290161,-0.027005085721611977,0.6386218070983887,0.7077294588088989,-0.012443485669791698,0.679133415222168,0.6704174280166626,-0.019377244636416435,0.6673814058303833,0.6453685760498047,-0.03564407303929329,0.6586257219314575,0.6861133575439453,-0.026927853003144264,0.6565776467323303,0.7110788822174072,-0.014767711982131004
0.6511577367782593,0.7933217287063599,-3.1166544545158104e-07,0.6096571683883667,0.7561528086662292,-0.005273457616567612,0.5897949934005737,0.6909071803092957,-0.008512536063790321,0.5929557085037231,0.6333947777748108,-0.015223671682178974,0.6004387736320496,0.5895402431488037,-0.01974429003894329,0.5954810976982117,0.6386488676071167,0.011260932311415672,0.5876378417015076,0.5782164931297302,-0.012911449186503887,0.5876342058181763,0.5750080347061157,-0.02650180645287037,0.593120813369751,0.597252607345581,-0.030046937987208366,0.6227614283561707,0.6420720815658569,0.003963518422096968,0.6183515191078186,0.5958178043365479,-0.023591209203004837,0.6171497106552124,0.647458016872406,-0.028558390215039253,0.6188248991966248,0.6826208829879761,-0.022548584267497063,0.6507117748260498,0.6528867483139038,-0.007587056141346693,0.6437932252883911,0.6205307841300964,-0.03475438803434372,0.6386368870735168,0.6757980585098267,-0.02683781273663044,0.6386241912841797,0.7067382335662842,-0.012422043830156326,0.6790761947631836,0.6703216433525085,-0.01999635621905327,0.6677122712135315,0.645403265953064,-0.0352151095867157,0.6585544943809509,0.6861563324928284,-0.026166168972849846,0.6566949486732483,0.7101848125457764,-0.014069605618715286
0.6526690125465393,0.7960407733917236,-3.397542229777173e-07,0.6095617413520813,0.7577800750732422,-0.005314270034432411,0.5887329578399658,0.6871805787086487,-0.007919572293758392,0.5936629176139832,0.6268175840377808,-0.013948654755949974,0.6047183275222778,0.5806592702865601,-0.01791183277964592,0.5962068438529968,0.6396867632865906,0.011771495454013348,0.5895806550979614,0.5789410471916199,-0.011930234730243683,0.5880364179611206,0.5785976052284241,-0.02462327666580677,0.5922752618789673,0.6026753783226013,-0.027694549411535263,0.6239590644836426,0.6424494981765747,0.004384275060147047,0.6183120608329773,0.5952025055885315,-0.02259100042283535,0.6165052652359009,0.64938884973526,-0.026364414021372795,0.619505763053894,0.6863404512405396,-0.01956622116267681,0.6522444486618042,0.6539095640182495,-0.007457626052200794,0.6434977054595947,0.6200050115585327,-0.034401264041662216,0.6383662819862366,0.6766207814216614,-0.02530484087765217,0.640121340751648,0.7082161903381348,-0.010152386501431465,0.6810415387153625,0.6721864342689514,-0.020178603008389473,0.6677681803703308,0.645054280757904,-0.035171862691640854,0.6588619351387024,0.686347246170044,-0.025443941354751587,0.6585810780525208,0.7104921340942383,-0.013030769303441048
0.6575034856796265,0.7891120314598083,-3.2554052609157225e-07,0.6154109239578247,0.750424325466156,-0.006068700924515724,0.5951180458068848,0.6819965243339539,-0.009365330450236797,0.5993374586105347,0.6217000484466553,-0.01596718095242977,0.6089121103286743,0.5747690796852112,-0.02021554484963417,0.5983102917671204,0.6350350975990295,0.010445144958794117,0.5892457365989685,0.5739974975585938,-0.014626066200435162,0.591735303401947,0.5755288600921631,-0.028285294771194458,0.5991547703742981,0.6006243228912354,-0.03159119561314583,0.6272444725036621,0.6372439861297607,0.00352082890458405,0.622755765914917,0.5920747518539429,-0.024216920137405396,0.6219314336776733,0.6454739570617676,-0.0285804383456707,0.6240859031677246,0.6827585101127625,-0.022112702950835228,0.6561763286590576,0.6482771039009094,-0.00792254600673914,0.6479068398475647,0.6163350343704224,-0.03512515127658844,0.6430972218513489,0.6734005212783813,-0.026575520634651184,0.6439418792724609,0.7060236930847168,-0.01164222788065672,0.6850884556770325,0.6662054657936096,-0.020296072587370872,0.6725479960441589,0.6453844308853149,-0.035631146281957626,0.6632999181747437,0.6857050657272339,-0.02683348022401333,0.6618656516075134,0.7084112167358398,-0.01484693493694067
0.658714771270752,0.7887943983078003,-2.9669487844330433e-07,0.6154550313949585,0.7508480548858643,-0.007341960910707712,0.5950191020965576,0.6808561086654663,-0.010118912905454636,0.5991453528404236,0.6213187575340271,-0.015797916799783707,0.6077573299407959,0.5766404867172241,-0.019107218831777573,0.5965920090675354,0.6369813084602356,0.011137028224766254,0.5909987688064575,0.5779100656509399,-0.013952972367405891,0.5931870937347412,0.5748202204704285,-0.028755182400345802,0.5998712182044983,0.5967931151390076,-0.03308780863881111,0.6259667277336121,0.6391153335571289,0.004755548667162657,0.6240883469581604,0.5902316570281982,-0.02443113550543785,0.6238956451416016,0.6411500573158264,-0.030060814693570137,0.6251968145370483,0.6797983050346375,-0.024015283212065697,0.6551960706710815,0.6504899263381958,-0.006279239896684885,0.6504435539245605,0.6160999536514282,-0.0355222150683403,0.6453906893730164,0.6717698574066162,-0.0280305203050375,0.6447153687477112,0.7059798836708069,-0.01315983384847641,0.6847933530807495,0.6686812043190002,-0.018280209973454475,0.6747851967811584,0.6440842747688293,-0.03562677651643753,0.665951132774353,0.6841303110122681,-0.027533579617738724,0.6631121635437012,0.70857173204422,-0.015667574480175972
0.6586954593658447,0.7866088151931763,-3.1408529821419506e-07,0.617315411567688,0.752205491065979,-0.007186614442616701,0.5960103869438171,0.6858400106430054,-0.011537636630237103,0.6004273295402527,0.6267997026443481,-0.01917409338057041,0.6093959212303162,0.5807421803474426,-0.02442578226327896,0.5985777974128723,0.6355749368667603,0.008313973434269428,0.589378833770752,0.5722276568412781,-0.01825452223420143,0.592873752117157,0.5776086449623108,-0.03357614204287529,0.6003586053848267,0.6056628823280334,-0.03779159113764763,0.6275002360343933,0.6380834579467773,0.0013352981768548489,0.6237806677818298,0.5909456014633179,-0.026917820796370506,0.6233463287353516,0.6421626806259155,-0.0326482430100441,0.6245548725128174,0.6773253679275513,-0.027393920347094536,0.6563977003097534,0.6492667198181152,-0.010182959027588367,0.6503045558929443,0.6148257851600647,-0.037631548941135406,0.6458140015602112,0.6710036993026733,-0.029639525339007378,0.6453021764755249,0.7027237415313721,-0.015310944058001041,0.6852796077728271,0.6671310067176819,-0.022728092968463898,0.6746054291725159,0.6413695216178894,-0.037781696766614914,0.6664717197418213,0.682220458984375,-0.02803632616996765,0.6643819212913513,0.7059875130653381,-0.015445312485098839
0.6600224375724792,0.7866958379745483,-3.1276150025405514e-07,0.6172567009925842,0.7509742975234985,-0.007451783865690231,0.596741795539856,0.6838149428367615,-0.010998865589499474,0.6005834937095642,0.6248241066932678,-0.01762405037879944,0.6091693639755249,0.5797216296195984,-0.02158978208899498,0.5975859761238098,0.6369431614875793,0.010463633574545383,0.5901972055435181,0.5743719339370728,-0.014883398078382015,0.5942381024360657,0.5742045640945435,-0.028748096898198128,0.6028148531913757,0.6016566157341003,-0.03189721703529358,0.6268371343612671,0.6388853788375854,0.004160666838288307,0.6239428520202637,0.5902393460273743,-0.024378564208745956,0.6242839694023132,0.6415491104125977,-0.028936948627233505,0.6255750060081482,0.6782266497612,-0.022214630618691444,0.6557478904724121,0.6496133208274841,-0.006882868707180023,0.6507351398468018,0.6148817539215088,-0.03520034998655319,0.6464855670928955,0.6705546379089355,-0.026752755045890808,0.6462782025337219,0.7027880549430847,-0.01158363837748766,0.6852877736091614,0.6664578318595886,-0.018988821655511856,0.6753639578819275,0.6422895193099976,-0.03539204224944115,0.667763888835907,0.6822373270988464,-0.026516253128647804,0.6661328673362732,0.704561173915863,-0.01423241849988699
0.6592772006988525,0.7858489751815796,-3.182548482527636e-07,0.6177098751068115,0.7525932788848877,-0.008473238907754421,0.5964441895484924,0.6846358776092529,-0.012421052902936935,0.6004980206489563,0.6242416501045227,-0.01918002776801586,0.6091436147689819,0.5779904723167419,-0.023293038830161095,0.5975149273872375,0.6368900537490845,0.009045476093888283,0.5893138647079468,0.5742409825325012,-0.017064251005649567,0.5936641097068787,0.5760174989700317,-0.03175229951739311,0.6025700569152832,0.6034371852874756,-0.03545577824115753,0.6269695162773132,0.6385022401809692,0.003088400000706315,0.6238206028938293,0.590732753276825,-0.02549971453845501,0.6245729327201843,0.6427576541900635,-0.03044690564274788,0.6256288886070251,0.6784617304801941,-0.02423083782196045,0.6560420989990234,0.6491422057151794,-0.007647707127034664,0.6509315967559814,0.612747848033905,-0.0361519493162632,0.6470130085945129,0.6698213219642639,-0.027577398344874382,0.6461395025253296,0.701969563961029,-0.012425713241100311,0.6854969263076782,0.6662288904190063,-0.019493382424116135,0.6756187081336975,0.6412639021873474,-0.03616165742278099,0.668434739112854,0.6823371052742004,-0.026967840269207954,0.6663258075714111,0.7050845623016357,-0.014416968449950218
0.6607242226600647,0.7862073183059692,-3.0880195822646783e-07,0.6175501346588135,0.7518214583396912,-0.007553122006356716,0.5966556072235107,0.6824820041656494,-0.010532491840422153,0.6022871732711792,0.6215906143188477,-0.016591442748904228,0.6111447811126709,0.5752981305122375,-0.02022632770240307,0.5983143448829651,0.6368753910064697,0.01168559305369854,0.5896258354187012,0.5751665830612183,-0.013469268567860126,0.5933424234390259,0.5750322341918945,-0.028476260602474213,0.6018692851066589,0.6007146239280701,-0.032728198915719986,0.6273149847984314,0.638599693775177,0.005415353458374739,0.6241602897644043,0.5903574824333191,-0.022551147267222404,0.6244677901268005,0.6408624649047852,-0.028519809246063232,0.6254886388778687,0.6776619553565979,-0.023200105875730515,0.6560699343681335,0.6493431925773621,-0.005585073959082365,0.6511365175247192,0.6118434071540833,-0.03343934193253517,0.6467409729957581,0.6682581901550293,-0.025728832930326462,0.6458896398544312,0.7017934322357178,-0.011274917982518673,0.6852831244468689,0.6664181351661682,-0.017647795379161835,0.6755157709121704,0.640528678894043,-0.03377876058220863,0.6677649617195129,0.6809000372886658,-0.024893980473279953,0.6654096841812134,0.7042812705039978,-0.012696649879217148
0.6626337766647339,0.7850571870803833,-3.131058292638045e-07,0.6191529035568237,0.7520005106925964,-0.008139976300299168,0.5966716408729553,0.6826357841491699,-0.011434679850935936,0.6009557843208313,0.6203171014785767,-0.017776064574718475,0.6097763776779175,0.5723968148231506,-0.021703844889998436,0.5990923047065735,0.63563072681427,0.010950208641588688,0.588530421257019,0.574523389339447,-0.014610035344958305,0.5926562547683716,0.5767517685890198,-0.029688967391848564,0.6020269989967346,0.6018752455711365,-0.03409098461270332,0.628046452999115,0.6368861794471741,0.004702175967395306,0.6243507862091064,0.5893635749816895,-0.023957950994372368,0.6248090863227844,0.6411474943161011,-0.0302233025431633,0.6261287331581116,0.6771115064620972,-0.025019099935889244,0.6566458940505981,0.6474223136901855,-0.006335692014545202,0.6512080430984497,0.6114012002944946,-0.034730758517980576,0.6471644639968872,0.6683414578437805,-0.02719060145318508,0.6466982960700989,0.7005197405815125,-0.012722095474600792,0.6857581734657288,0.6643995642662048,-0.01847192458808422,0.6759998202323914,0.6385554075241089,-0.03455056622624397,0.6684405207633972,0.6792483329772949,-0.025589875876903534,0.6662502288818359,0.7022899389266968,-0.01333906501531601
0.6632865071296692,0.7843583226203918,-3.1552067980555876e-07,0.6196476817131042,0.7505152225494385,-0.007662411313503981,0.5982133150100708,0.682318925857544,-0.010985228233039379,0.6036067605018616,0.620140790939331,-0.017649469897150993,0.6113804578781128,0.5724183917045593,-0.022027447819709778,0.5992454886436462,0.6355399489402771,0.012442126870155334,0.5887580513954163,0.5741430521011353,-0.01263011060655117,0.5929700136184692,0.5770652890205383,-0.027541231364011765,0.6024997234344482,0.6021497249603271,-0.03189370781183243,0.6283012628555298,0.6369016766548157,0.005954911932349205,0.6248776912689209,0.5892328023910522,-0.02209947071969509,0.6252188682556152,0.6422346234321594,-0.02815198339521885,0.6267405152320862,0.6785038113594055,-0.022963574156165123,0.6569769978523254,0.647357702255249,-0.0053685009479522705,0.6516229510307312,0.6095991134643555,-0.033578772097826004,0.6473073959350586,0.667798638343811,-0.026059186086058617,0.6469214558601379,0.7013623714447021,-0.01161202136427164,0.6859649419784546,0.6644614338874817,-0.01775224320590496,0.6761797070503235,0.6374443173408508,-0.033826783299446106,0.6683335900306702,0.6788226366043091,-0.02489006146788597,0.6659703850746155,0.7031236886978149,-0.01264787558466196
0.6636145114898682,0.7834028601646423,-2.96359928597667e-07,0.6186791062355042,0.7459171414375305,-0.006615678779780865,0.5954909920692444,0.6755199432373047,-0.009510373696684837,0.5995572805404663,0.612417459487915,-0.015836764127016068,0.607944130897522,0.5632720589637756,-0.020240766927599907,0.5963002443313599,0.6351162791252136,0.01324532926082611,0.5850409865379333,0.5777028799057007,-0.011569319292902946,0.5891886949539185,0.5771554708480835,-0.027205072343349457,0.5992724895477295,0.5985241532325745,-0.03248845785856247,0.6254395842552185,0.635497510433197,0.006079036742448807,0.621688961982727,0.5880942940711975,-0.022263359278440475,0.6235657334327698,0.6391894221305847,-0.029121441766619682,0.6255959868431091,0.6772724986076355,-0.02467283606529236,0.6547747850418091,0.6448763012886047,-0.00578870065510273,0.6495727300643921,0.608424961566925,-0.03402576968073845,0.6466892957687378,0.6646866798400879,-0.026635978370904922,0.6464380025863647,0.6994506120681763,-0.012443299405276775,0.6845363974571228,0.6610139608383179,-0.018628962337970734,0.6739780902862549,0.6337378025054932,-0.034487947821617126,0.6674368381500244,0.6747400164604187,-0.025374729186296463,0.6656922698020935,0.7000815272331238,-0.013275579549372196
0.665008544921875,0.7836241126060486,-2.4335514581252937e-07,0.6200582981109619,0.7456519603729248,-0.006498460192233324,0.5964712500572205,0.6782925128936768,-0.009298090822994709,0.6001604199409485,0.6172746419906616,-0.015754612162709236,0.6072394251823425,0.5690463185310364,-0.020531129091978073,0.5944017171859741,0.6365016102790833,0.016255807131528854,0.5825598835945129,0.5842635035514832,-0.008120160549879074,0.5879825949668884,0.5789415836334229,-0.024751832708716393,0.5992094278335571,0.5931259393692017,-0.031046990305185318,0.6234189867973328,0.6355465054512024,0.008762620389461517,0.6200330257415771,0.5883603096008301,-0.020104408264160156,0.6223729252815247,0.6366484761238098,-0.02909315563738346,0.624138355255127,0.6730948090553284,-0.025713633745908737,0.653160035610199,0.6433789730072021,-0.0033768336288630962,0.648591935634613,0.6091281175613403,-0.0318954661488533,0.6460870504379272,0.6636264324188232,-0.02635439671576023,0.6454516649246216,0.6969934701919556,-0.012953612022101879,0.6829785108566284,0.6585931777954102,-0.016496196389198303,0.6727714538574219,0.6338863372802734,-0.03162340447306633,0.6664520502090454,0.6738535165786743,-0.022721311077475548,0.6646624207496643,0.6984564065933228,-0.010625118389725685
0.6627945899963379,0.7814574837684631,-2.8152007303106075e-07,0.6187793612480164,0.7466738224029541,-0.007949515245854855,0.5954885482788086,0.6781072020530701,-0.010848992504179478,0.5988346934318542,0.616246223449707,-0.016853444278240204,0.6041397452354431,0.5678882002830505,-0.020917793735861778,0.5945317149162292,0.6345797181129456,0.013448379002511501,0.5828456282615662,0.5808432102203369,-0.010774457827210426,0.5878182649612427,0.5838466286659241,-0.026118751615285873,0.5983322858810425,0.6025871634483337,-0.031428009271621704,0.6234421730041504,0.6333587765693665,0.007028681226074696,0.6187150478363037,0.5873854160308838,-0.020255612209439278,0.6206563115119934,0.6389135718345642,-0.02719973959028721,0.6236246228218079,0.6752648949623108,-0.02293485961854458,0.6528058052062988,0.6419330835342407,-0.0042349412105977535,0.6467610597610474,0.6084263920783997,-0.031170262023806572,0.6437230110168457,0.6641213297843933,-0.024708842858672142,0.6444219350814819,0.6968759894371033,-0.01142476499080658,0.6825896501541138,0.6573423147201538,-0.016652287915349007,0.6710955500602722,0.6350323557853699,-0.03101925738155842,0.6646055579185486,0.6749429702758789,-0.022483989596366882,0.6639567017555237,0.6983092427253723,-0.011072992347180843
0.6604576110839844,0.7805319428443909,-2.888217807139881e-07,0.6171483397483826,0.7458022832870483,-0.007142337039113045,0.593856155872345,0.6773263216018677,-0.00976009201258421,0.596576988697052,0.6151174306869507,-0.015550321899354458,0.6016005277633667,0.5668544769287109,-0.019421294331550598,0.5928310751914978,0.6353288888931274,0.013192443177103996,0.5810962915420532,0.5813111662864685,-0.011438533663749695,0.585087776184082,0.5847565531730652,-0.026929259300231934,0.5948709845542908,0.6041867136955261,-0.0322599783539772,0.6218206286430359,0.6341031789779663,0.006160438526421785,0.6171090602874756,0.5867356061935425,-0.021771952509880066,0.6186738014221191,0.6371340751647949,-0.028951793909072876,0.6211771965026855,0.6725853681564331,-0.02470187470316887,0.6513552665710449,0.6427953243255615,-0.0055594476871192455,0.6451961398124695,0.6091888546943665,-0.033502284437417984,0.6426311135292053,0.6658146977424622,-0.026859601959586143,0.6430723667144775,0.6979445219039917,-0.01316406112164259,0.6813375949859619,0.6587655544281006,-0.018300017341971397,0.6699373722076416,0.6362121105194092,-0.03378896042704582,0.6633963584899902,0.6778305768966675,-0.025140834972262383,0.661857545375824,0.7014093995094299,-0.013436653651297092
0.6616160869598389,0.782401442527771,-2.773282972157176e-07,0.6164981722831726,0.7469291090965271,-0.006519849877804518,0.5925159454345703,0.6773812770843506,-0.008554026484489441,0.5956937074661255,0.6151996850967407,-0.014096930623054504,0.6025595664978027,0.5667091608047485,-0.01772770658135414,0.593207061290741,0.6390241980552673,0.016452929005026817,0.5816497206687927,0.5853182673454285,-0.0072756605222821236,0.585302472114563,0.5839622616767883,-0.023004822432994843,0.5950071215629578,0.6029494404792786,-0.02859612926840782,0.6217172145843506,0.6375320553779602,0.009489757008850574,0.6161379814147949,0.590707004070282,-0.01814992167055607,0.6186022162437439,0.6396710872650146,-0.026207726448774338,0.6220024824142456,0.6767586469650269,-0.02245614305138588,0.651029109954834,0.6454885005950928,-0.002239853609353304,0.6449697017669678,0.6107468008995056,-0.02989526465535164,0.6424820423126221,0.6655483245849609,-0.024146346375346184,0.6430488228797913,0.6991921067237854,-0.010934745892882347,0.6814743280410767,0.6602612137794495,-0.014959369786083698,0.6709787249565125,0.6360899209976196,-0.030241798609495163,0.6637612581253052,0.6758341193199158,-0.022079596295952797,0.6612145900726318,0.7004748582839966,-0.0106765516102314
0.6595466136932373,0.7812126874923706,-2.983749709528638e-07,0.616287350654602,0.7482478618621826,-0.008687298744916916,0.593063235282898,0.6782417893409729,-0.010915067978203297,0.5966338515281677,0.6160057783126831,-0.01584247313439846,0.6015934944152832,0.5677335858345032,-0.018451476469635963,0.5909611582756042,0.6378807425498962,0.01292264275252819,0.5784136056900024,0.5822368264198303,-0.01127164252102375,0.5846585035324097,0.5858095288276672,-0.026261556893587112,0.596429169178009,0.6070650219917297,-0.031039617955684662,0.6203606724739075,0.6361609101295471,0.007495679892599583,0.6153153777122498,0.5899419188499451,-0.01942460425198078,0.6179229021072388,0.6410917043685913,-0.0257932897657156,0.6207188367843628,0.6771928668022156,-0.02110906131565571,0.6501420140266418,0.6447246074676514,-0.0029025764670222998,0.6445754170417786,0.6101229190826416,-0.03013547696173191,0.6420039534568787,0.6667958498001099,-0.023417619988322258,0.6421818137168884,0.6998509764671326,-0.009830606169998646,0.6805176734924316,0.6598610877990723,-0.014454158954322338,0.6703410148620605,0.6359022259712219,-0.03020567074418068,0.6634541749954224,0.6768991947174072,-0.02226468175649643,0.661113977432251,0.7012502551078796,-0.010995060205459595
0.6603134870529175,0.7831097841262817,-2.691666054488451e-07,0.6162460446357727,0.7496235966682434,-0.00818660482764244,0.5922195911407471,0.679581344127655,-0.010591302998363972,0.5949993133544922,0.6161597371101379,-0.01611592248082161,0.6005568504333496,0.5666200518608093,-0.01959429308772087,0.5900835394859314,0.6414175033569336,0.015032542869448662,0.5790683031082153,0.5852689743041992,-0.008826744742691517,0.5842034816741943,0.5837001204490662,-0.024346735328435898,0.5951993465423584,0.6032674312591553,-0.029705556109547615,0.6193901896476746,0.6397241950035095,0.008869768120348454,0.61475670337677,0.5910150408744812,-0.01905120350420475,0.6176230907440186,0.6393669843673706,-0.026987411081790924,0.6204635500907898,0.6765601634979248,-0.02304733917117119,0.6491450071334839,0.6474648714065552,-0.002185817575082183,0.6436883807182312,0.6110025644302368,-0.03024996444582939,0.6415281891822815,0.6661502718925476,-0.024334916844964027,0.6416726112365723,0.7000603079795837,-0.010898358188569546,0.6797403693199158,0.6614727973937988,-0.014334403909742832,0.669283926486969,0.6366878747940063,-0.030186712741851807,0.6631690263748169,0.6766471862792969,-0.02203553169965744,0.6613761186599731,0.7007128596305847,-0.010480635799467564
0.6592764854431152,0.784446120262146,-3.0963957442509127e-07,0.6154794096946716,0.7523388862609863,-0.010414622724056244,0.5909959673881531,0.6809189319610596,-0.012639063410460949,0.5928075909614563,0.616921603679657,-0.017454277724027634,0.596548318862915,0.5675690770149231,-0.0197325199842453,0.5884462594985962,0.6409062147140503,0.014503741636872292,0.5775607824325562,0.5831595063209534,-0.009194951504468918,0.5832487940788269,0.5898851156234741,-0.023706801235675812,0.5936101675033569,0.6140297055244446,-0.02815667912364006,0.6182197332382202,0.6380134224891663,0.010004537180066109,0.6134359240531921,0.5945605039596558,-0.017004908993840218,0.6174488067626953,0.6469594836235046,-0.02394057996571064,0.6209253072738647,0.6833367347717285,-0.01947849988937378,0.6478502154350281,0.6456289887428284,0.0001744412147672847,0.642852783203125,0.6133291721343994,-0.02744126506149769,0.6414101123809814,0.6716005802154541,-0.021516501903533936,0.6418439149856567,0.704863965511322,-0.008232946507632732,0.6782324314117432,0.6592012047767639,-0.010940850712358952,0.6683944463729858,0.6399556994438171,-0.02666184864938259,0.6628965735435486,0.681972861289978,-0.019152792170643806,0.6611502766609192,0.7045984864234924,-0.00806109607219696
0.659424901008606,0.7874490022659302,-3.05735568417731e-07,0.6148370504379272,0.753311038017273,-0.009107541292905807,0.5898736715316772,0.6832028031349182,-0.011282668448984623,0.5914579033851624,0.6184321045875549,-0.01661163568496704,0.5960097908973694,0.5684590935707092,-0.019660843536257744,0.5893934369087219,0.6411860585212708,0.016464892774820328,0.5783405303955078,0.5840579271316528,-0.0064741140231490135,0.5834845304489136,0.5894101858139038,-0.020769860595464706,0.5933538675308228,0.6117616891860962,-0.025302954018115997,0.6189169883728027,0.6394493579864502,0.01109177153557539,0.6135581135749817,0.593845009803772,-0.015189096331596375,0.616405189037323,0.6451877355575562,-0.022265171632170677,0.619348406791687,0.6815473437309265,-0.018063750118017197,0.6485161781311035,0.6477263569831848,0.0005324174999259412,0.6425285339355469,0.6134402751922607,-0.026677902787923813,0.6403865218162537,0.6716293096542358,-0.020896345376968384,0.640657901763916,0.7058730125427246,-0.00770129868760705,0.6789548993110657,0.6623966693878174,-0.011205215007066727,0.6682140827178955,0.6397752165794373,-0.026521854102611542,0.661911129951477,0.6815611124038696,-0.018620090559124947,0.6600149273872375,0.7058461904525757,-0.00727436225861311
0.6599182486534119,0.7879272699356079,-3.081356965140003e-07,0.6144919991493225,0.7537809610366821,-0.009782517328858376,0.5897592306137085,0.6828410029411316,-0.011670565232634544,0.5916059613227844,0.6190906763076782,-0.016490356996655464,0.5957308411598206,0.5701665282249451,-0.018960285931825638,0.5893614292144775,0.6412250399589539,0.017236532643437386,0.5786888003349304,0.5850071907043457,-0.005754541140049696,0.5828639268875122,0.5900382399559021,-0.020109253004193306,0.5917787551879883,0.6107576489448547,-0.024751165881752968,0.6188359260559082,0.6394288539886475,0.012316190637648106,0.6135476231575012,0.5946685075759888,-0.014563420787453651,0.6164584159851074,0.6474692225456238,-0.021601954475045204,0.6197423338890076,0.6833370923995972,-0.017106380313634872,0.6481923460960388,0.6477469205856323,0.001991946715861559,0.6420809030532837,0.6144664287567139,-0.0258636511862278,0.6401931047439575,0.6722941994667053,-0.02022966928780079,0.64114910364151,0.7050283551216125,-0.006927717477083206,0.6781582832336426,0.6621607542037964,-0.009589034132659435,0.6671090722084045,0.640815019607544,-0.02525392919778824,0.6611315608024597,0.6826890110969543,-0.017769569531083107,0.6599431037902832,0.7058787941932678,-0.006690060254186392
0.660736620426178,0.7883332371711731,-3.1098340969037963e-07,0.6155902147293091,0.7542515993118286,-0.009244588203728199,0.5909046530723572,0.6832318305969238,-0.010662595741450787,0.5930633544921875,0.6195356845855713,-0.015184196643531322,0.5969178080558777,0.5707277655601501,-0.017191432416439056,0.5890710353851318,0.6425122022628784,0.01851729117333889,0.5791394710540771,0.5839400291442871,-0.0038764956407248974,0.5834193229675293,0.5899990200996399,-0.017820358276367188,0.5914453864097595,0.6119046211242676,-0.02214350737631321,0.6186934113502502,0.6409377455711365,0.013566287234425545,0.6133844256401062,0.5962609648704529,-0.012297817505896091,0.6161822080612183,0.6483994126319885,-0.019022444263100624,0.6187955737113953,0.6836296319961548,-0.014559168368577957,0.6480742692947388,0.6492493152618408,0.0031950261909514666,0.6414293646812439,0.6150050759315491,-0.02361728809773922,0.6400244235992432,0.6722409129142761,-0.017518864944577217,0.6410730481147766,0.7049328088760376,-0.004192457068711519,0.678149938583374,0.6632649898529053,-0.008454179391264915,0.6668487787246704,0.640168309211731,-0.023242946714162827,0.6611738801002502,0.6819220781326294,-0.015171784907579422,0.6601724028587341,0.7055595517158508,-0.0038312969263643026
0.6592080593109131,0.788589596748352,-3.525713054841617e-07,0.6153176426887512,0.7559670209884644,-0.009126235730946064,0.5906824469566345,0.6848428249359131,-0.01174170058220625,0.5943148136138916,0.6193578839302063,-0.017611177638173103,0.5993701219558716,0.5692340135574341,-0.02071177028119564,0.5874505043029785,0.6429378390312195,0.014820863492786884,0.5760859847068787,0.5806967616081238,-0.01002674549818039,0.5820355415344238,0.5944283604621887,-0.024681443348526955,0.591450572013855,0.6230553388595581,-0.028835220262408257,0.617519199848175,0.6413249969482422,0.00931919738650322,0.613243818283081,0.5967645645141602,-0.01737460494041443,0.6165859699249268,0.6499291062355042,-0.023792358115315437,0.6188756823539734,0.6851785182952881,-0.01944914273917675,0.6475303173065186,0.6492899060249329,-0.0015750217717140913,0.6410663723945618,0.6135324835777283,-0.02823682501912117,0.6394698619842529,0.6717361211776733,-0.0212554968893528,0.639578104019165,0.7050797343254089,-0.007816466502845287,0.6777932047843933,0.6631985902786255,-0.013746331445872784,0.6658933162689209,0.6394397020339966,-0.027936691418290138,0.6605304479598999,0.6813433170318604,-0.019010577350854874,0.6595720648765564,0.7050632238388062,-0.0072556608356535435
0.6599754691123962,0.7886576652526855,-3.4970000228895515e-07,0.6155471801757812,0.7556108832359314,-0.0072385272942483425,0.590964674949646,0.6867408156394958,-0.010274886153638363,0.5942750573158264,0.6209511756896973,-0.017076630145311356,0.6003812551498413,0.5703613758087158,-0.021534396335482597,0.5893884301185608,0.6444937586784363,0.014947900548577309,0.5758611559867859,0.5810872316360474,-0.010061414912343025,0.5813436508178711,0.5916486382484436,-0.02542496845126152,0.5921043157577515,0.6199320554733276,-0.030191445723176003,0.6188163161277771,0.6430390477180481,0.008177670650184155,0.612877607345581,0.5965744853019714,-0.019256409257650375,0.6162962913513184,0.6491789221763611,-0.026313357055187225,0.6200277805328369,0.6859360933303833,-0.022395122796297073,0.6480503082275391,0.6506085991859436,-0.0036526143085211515,0.6396316885948181,0.6131867170333862,-0.030492186546325684,0.6385601162910461,0.671444296836853,-0.02340727113187313,0.6404364109039307,0.7057011723518372,-0.009916537441313267,0.6783356070518494,0.6639898419380188,-0.01666194759309292,0.664824366569519,0.6403214931488037,-0.030664699152112007,0.6599429249763489,0.6820765137672424,-0.021458784118294716,0.6605676412582397,0.7056252360343933,-0.009649285115301609
0.6598458886146545,0.7890408039093018,-3.4238519219798036e-07,0.6146840453147888,0.7551736831665039,-0.007792115677148104,0.5907210111618042,0.6852291822433472,-0.010634534060955048,0.5948018431663513,0.6198415160179138,-0.01707044243812561,0.6006438136100769,0.5696039199829102,-0.021148426458239555,0.5885785222053528,0.6436484456062317,0.015160094015300274,0.5761970281600952,0.5816476941108704,-0.009355607442557812,0.5816584825515747,0.5902872681617737,-0.024438196793198586,0.5921958088874817,0.6178602576255798,-0.02909361943602562,0.6186136603355408,0.6422375440597534,0.008757899515330791,0.6134239435195923,0.5958026647567749,-0.018474804237484932,0.6163945198059082,0.6483348608016968,-0.02535214088857174,0.6195991635322571,0.6854252815246582,-0.02122352458536625,0.6484364867210388,0.650126576423645,-0.002791397972032428,0.6408568024635315,0.6130613088607788,-0.02995297871530056,0.6390105485916138,0.6713020205497742,-0.0231830645352602,0.6401549577713013,0.7061070799827576,-0.009776619262993336,0.6789257526397705,0.663894534111023,-0.015533609315752983,0.6663393378257751,0.6398105025291443,-0.0304117389023304,0.6605607271194458,0.6816999316215515,-0.021753346547484398,0.6601055264472961,0.7060207724571228,-0.010175542905926704
0.6598626375198364,0.7890897393226624,-3.463976554485271e-07,0.6151597499847412,0.7553598880767822,-0.007722086738795042,0.5909398794174194,0.6861560344696045,-0.011037920601665974,0.5949114561080933,0.6208413243293762,-0.018065493553876877,0.6010245084762573,0.5699307322502136,-0.02264905534684658,0.5900381803512573,0.641960620880127,0.014598997309803963,0.576745867729187,0.5800448060035706,-0.010845983400940895,0.5819876790046692,0.591909646987915,-0.02635931223630905,0.59199458360672,0.6216373443603516,-0.03103322722017765,0.6197574138641357,0.6406726241111755,0.007837614975869656,0.614208459854126,0.5939490795135498,-0.019468722864985466,0.6164534091949463,0.6465902328491211,-0.026485517621040344,0.6189488768577576,0.6829569935798645,-0.022475164383649826,0.6493440866470337,0.6490517854690552,-0.004080702550709248,0.64173424243927,0.6126043200492859,-0.030982550233602524,0.639532744884491,0.6711750030517578,-0.023993348702788353,0.6401137709617615,0.705085039138794,-0.010507410392165184,0.6794314980506897,0.6635723114013672,-0.017205998301506042,0.6669006943702698,0.639461874961853,-0.03120446391403675,0.6609694361686707,0.6813268661499023,-0.021780336275696754,0.6603344082832336,0.7049866914749146,-0.009738522581756115
0.6595836877822876,0.7891405820846558,-3.3324803894174693e-07,0.6145089268684387,0.7547494173049927,-0.007788901682943106,0.5902852416038513,0.6857092976570129,-0.011370065622031689,0.5948845744132996,0.6201140284538269,-0.01861409842967987,0.6023362874984741,0.569227933883667,-0.023562302812933922,0.5898596048355103,0.643547773361206,0.014047225937247276,0.5757151246070862,0.5816180109977722,-0.011256488040089607,0.5813205242156982,0.5901150703430176,-0.026825208216905594,0.5928811430931091,0.6184802651405334,-0.03166256472468376,0.6192716360092163,0.6424223780632019,0.0073242634534835815,0.6140953898429871,0.5951497554779053,-0.020694632083177567,0.6168241500854492,0.647381603717804,-0.027845753356814384,0.6201043725013733,0.6851271390914917,-0.023744383826851845,0.6486842036247253,0.6505353450775146,-0.004480225034058094,0.6413643956184387,0.6134071350097656,-0.03182369843125343,0.6396209001541138,0.6713101863861084,-0.024809306487441063,0.6408125758171082,0.7057909965515137,-0.01116576511412859,0.6788929104804993,0.6647128462791443,-0.017500078305602074,0.6665939688682556,0.6401463150978088,-0.03193429857492447,0.6609925031661987,0.6813408136367798,-0.022812943905591965,0.6607885956764221,0.7047868967056274,-0.010941210202872753
0.6596384048461914,0.787968099117279,-3.396515921849641e-07,0.6144897937774658,0.7532845735549927,-0.007809020578861237,0.5908353328704834,0.6847171783447266,-0.011188487522304058,0.5956515073776245,0.6195935606956482,-0.018284892663359642,0.6020643711090088,0.5687910318374634,-0.02301579900085926,0.5894194841384888,0.6418159008026123,0.014858593232929707,0.5752111673355103,0.5809498429298401,-0.010690039023756981,0.5818293690681458,0.591974675655365,-0.026506517082452774,0.5934593081474304,0.6209037899971008,-0.03139715641736984,0.6193370223045349,0.6409956216812134,0.008079501800239086,0.6144865155220032,0.5943862795829773,-0.01989162154495716,0.6170520782470703,0.6473281383514404,-0.027182651683688164,0.619697093963623,0.6849014163017273,-0.02316918782889843,0.6490448713302612,0.6497893929481506,-0.00390648515895009,0.6422140598297119,0.6127713322639465,-0.03134283050894737,0.639875054359436,0.6710730195045471,-0.024633357301354408,0.6401869654655457,0.7054617404937744,-0.011168839409947395,0.6791276931762695,0.6647829413414001,-0.017109019681811333,0.6674192547798157,0.640017569065094,-0.03168800473213196,0.6613430976867676,0.6815851330757141,-0.02270294725894928,0.6603661775588989,0.7055724263191223,-0.010865234769880772
0.6605501174926758,0.7887387871742249,-3.489743676254875e-07,0.6151967644691467,0.7556608319282532,-0.00758204935118556,0.5910518169403076,0.6859946846961975,-0.010322039015591145,0.5951800346374512,0.6199855804443359,-0.016694283112883568,0.6013799905776978,0.569074809551239,-0.020769352093338966,0.5896058082580566,0.6437195539474487,0.015493132174015045,0.57511305809021,0.5827381014823914,-0.009288735687732697,0.5815978050231934,0.5922356843948364,-0.02438998408615589,0.5940462946891785,0.6197241544723511,-0.028974048793315887,0.6192879676818848,0.6421647071838379,0.008902791887521744,0.6143625378608704,0.5952035188674927,-0.01893516071140766,0.6170733571052551,0.6491206288337708,-0.025694139301776886,0.6202318668365479,0.6866380572319031,-0.021217739209532738,0.6488503217697144,0.6500009894371033,-0.0028740903362631798,0.6413198709487915,0.6124597787857056,-0.030630411580204964,0.6395468711853027,0.6717017292976379,-0.02359129674732685,0.640865683555603,0.7060258388519287,-0.009762701578438282,0.679158091545105,0.6639007925987244,-0.01580732874572277,0.6666612029075623,0.638904333114624,-0.03100479021668434,0.6611855030059814,0.681540310382843,-0.02221105620265007,0.6611078977584839,0.7055820822715759,-0.010410652495920658
0.660140872001648,0.7872397303581238,-3.264409826897463e-07,0.6153780817985535,0.7535090446472168,-0.008252410218119621,0.5917402505874634,0.6851741671562195,-0.011656392365694046,0.596388578414917,0.6201373338699341,-0.01857730932533741,0.6020359396934509,0.5695472955703735,-0.02317575365304947,0.588428795337677,0.6428155303001404,0.014489986002445221,0.5745469927787781,0.582253098487854,-0.010853422805666924,0.581183910369873,0.5907889008522034,-0.0266474150121212,0.5930786728858948,0.6185758113861084,-0.03155047446489334,0.6183965802192688,0.6414890289306641,0.008088888600468636,0.6137752532958984,0.5942738652229309,-0.01985643059015274,0.6167187094688416,0.6464154720306396,-0.027407530695199966,0.6192140579223633,0.6841154098510742,-0.023480849340558052,0.6483731865882874,0.6494153141975403,-0.0034381505101919174,0.6420344710350037,0.6125686764717102,-0.031102625653147697,0.6404051184654236,0.6711937785148621,-0.024611398577690125,0.6405224800109863,0.7059119939804077,-0.011126132681965828,0.6786143183708191,0.6636951565742493,-0.016153443604707718,0.6672632098197937,0.6393178105354309,-0.031095853075385094,0.6618524193763733,0.6813768148422241,-0.022207176312804222,0.6607183218002319,0.7055391669273376,-0.010294714942574501
0.659943699836731,0.7870117425918579,-3.450888641509664e-07,0.6153003573417664,0.7544771432876587,-0.008378149010241032,0.5915727019309998,0.685659646987915,-0.011509913951158524,0.5959339737892151,0.6198145151138306,-0.01803865283727646,0.6015836000442505,0.5690237283706665,-0.021995630115270615,0.5883848667144775,0.6430047154426575,0.014512811787426472,0.5748803019523621,0.5808965563774109,-0.010838327929377556,0.582110583782196,0.5917292237281799,-0.026023419573903084,0.5943023562431335,0.6212582588195801,-0.030320117250084877,0.6185250878334045,0.6415266990661621,0.008363532833755016,0.6139452457427979,0.5946874618530273,-0.019338248297572136,0.6172995567321777,0.647948682308197,-0.025891251862049103,0.6201216578483582,0.6846515536308289,-0.021226009353995323,0.6482506394386292,0.6495231986045837,-0.0030611061956733465,0.6416466236114502,0.612868070602417,-0.03065568022429943,0.6403638124465942,0.6717241406440735,-0.023546304553747177,0.6411076188087463,0.705269992351532,-0.009693929925560951,0.6786485314369202,0.6632803678512573,-0.015702297911047935,0.6669674515724182,0.639201819896698,-0.030881475657224655,0.6620466709136963,0.6818156242370605,-0.021947620436549187,0.6616086363792419,0.7052897810935974,-0.00994698703289032
0.6607356071472168,0.7884631156921387,-3.281897988927085e-07,0.6156136393547058,0.7563121318817139,-0.008479669690132141,0.5912578105926514,0.6860776543617249,-0.01146705076098442,0.5957454442977905,0.6204289793968201,-0.01779317669570446,0.6012970209121704,0.5703369379043579,-0.021835390478372574,0.588578462600708,0.6440691351890564,0.014791487716138363,0.574783980846405,0.5841588973999023,-0.010022873990237713,0.5810967683792114,0.5899802446365356,-0.025068355724215508,0.5942984223365784,0.6158704161643982,-0.029598437249660492,0.6185312271118164,0.6419346332550049,0.008563513867557049,0.6138741374015808,0.5943753719329834,-0.01952621527016163,0.6169849038124084,0.6486954689025879,-0.025845646858215332,0.620554506778717,0.685865581035614,-0.02070978656411171,0.648224949836731,0.6496042609214783,-0.002925027394667268,0.6416925191879272,0.612426221370697,-0.031086672097444534,0.6401065587997437,0.6717861890792847,-0.023758985102176666,0.6413389444351196,0.7050745487213135,-0.009523743763566017,0.6786503791809082,0.6633914709091187,-0.01565188355743885,0.6672422885894775,0.6398940682411194,-0.03146547079086304,0.6622372269630432,0.6824050545692444,-0.02272706851363182,0.6621524691581726,0.7049715518951416,-0.010801357217133045
0.6604761481285095,0.787493109703064,-3.3569239121788996e-07,0.6164154410362244,0.7545173764228821,-0.008483855053782463,0.5924481153488159,0.6876119375228882,-0.012272791936993599,0.5965832471847534,0.6227402687072754,-0.01960241235792637,0.603573203086853,0.5712913870811462,-0.024395987391471863,0.5903412699699402,0.642203152179718,0.014498130418360233,0.5753452777862549,0.5826930999755859,-0.011379476636648178,0.5829190015792847,0.592761218547821,-0.026934439316391945,0.5960670709609985,0.6206310391426086,-0.03146020695567131,0.6203115582466125,0.6407942175865173,0.008150195702910423,0.615766167640686,0.5954421758651733,-0.01996326446533203,0.6187382340431213,0.6496944427490234,-0.026632407680153847,0.621423602104187,0.6856207251548767,-0.02199609763920307,0.6499537825584412,0.6493235230445862,-0.003512205323204398,0.6429938673973083,0.6142955422401428,-0.031188536435365677,0.641313374042511,0.673047661781311,-0.023848898708820343,0.6423490047454834,0.7051882147789001,-0.009804533794522285,0.6800630688667297,0.6641698479652405,-0.016438256949186325,0.6683164238929749,0.6405829191207886,-0.030828041955828667,0.6628519892692566,0.6823884844779968,-0.021362775936722755,0.6625209450721741,0.7048481702804565,-0.009085108526051044
0.660345733165741,0.7875800132751465,-3.420152268063248e-07,0.6163776516914368,0.7550557255744934,-0.008818166330456734,0.592625617980957,0.6870330572128296,-0.012406310997903347,0.596777617931366,0.6218099594116211,-0.01934102736413479,0.6028670072555542,0.5708146095275879,-0.023758966475725174,0.5898116230964661,0.6428667902946472,0.013943021185696125,0.5768147110939026,0.5814401507377625,-0.012152512557804585,0.5842940211296082,0.5917588472366333,-0.0278395377099514,0.5967877507209778,0.6201070547103882,-0.032396018505096436,0.6199550628662109,0.6414424180984497,0.007893995381891727,0.6155833601951599,0.5961028933525085,-0.02022661454975605,0.6183220744132996,0.6497554779052734,-0.026846377179026604,0.6210289001464844,0.6855028867721558,-0.022253984585404396,0.6497334241867065,0.6497871279716492,-0.003495996119454503,0.642559826374054,0.6145331263542175,-0.03132820501923561,0.641024649143219,0.6729212999343872,-0.02404991164803505,0.6423847079277039,0.704889178276062,-0.010065647773444653,0.6802403926849365,0.6641885042190552,-0.016156025230884552,0.667861819267273,0.6408420205116272,-0.03106197714805603,0.6627601981163025,0.6829307079315186,-0.021860379725694656,0.6629599332809448,0.7053093314170837,-0.00969239417463541
0.6617007851600647,0.7892751097679138,-3.4262046710864524e-07,0.6179248094558716,0.7562252879142761,-0.009178762324154377,0.5935289859771729,0.688511848449707,-0.012911160476505756,0.5975877642631531,0.6232330799102783,-0.019969044253230095,0.6039865612983704,0.5719821453094482,-0.024391964077949524,0.5896193981170654,0.643760085105896,0.013742565177381039,0.5772180557250977,0.5820988416671753,-0.012414306402206421,0.5847102403640747,0.5939001441001892,-0.027844738215208054,0.5966893434524536,0.6233157515525818,-0.032090477645397186,0.6198872327804565,0.6424145698547363,0.00781635195016861,0.6161012053489685,0.5970568060874939,-0.01997518353164196,0.6193444132804871,0.6510069370269775,-0.02629086561501026,0.6224585175514221,0.6856245994567871,-0.021471934393048286,0.6500277519226074,0.6505367159843445,-0.003496619639918208,0.6434202194213867,0.615481972694397,-0.030899738892912865,0.6420230865478516,0.6737167835235596,-0.023384472355246544,0.643156886100769,0.7041071653366089,-0.009328633546829224,0.6806795597076416,0.6646511554718018,-0.016142453998327255,0.6692726612091064,0.6408429741859436,-0.03029628098011017,0.6642528176307678,0.6826509833335876,-0.020494628697633743,0.6642080545425415,0.704053521156311,-0.007985522039234638
0.6614478230476379,0.789391040802002,-3.513569026836194e-07,0.618894100189209,0.7571412324905396,-0.008877117186784744,0.5943666696548462,0.6906346082687378,-0.013338188640773296,0.5980713367462158,0.6254933476448059,-0.02111041359603405,0.6050455570220947,0.5732006430625916,-0.026335831731557846,0.5905551910400391,0.6438589096069336,0.011173910461366177,0.5763694643974304,0.5823230147361755,-0.015705356374382973,0.5845927596092224,0.595252275466919,-0.031439438462257385,0.5974476337432861,0.624056875705719,-0.03591257706284523,0.6207040548324585,0.6424930691719055,0.0049844286404550076,0.6169418096542358,0.5984219908714294,-0.0233159177005291,0.6206162571907043,0.6526835560798645,-0.0296638086438179,0.6236392855644226,0.6873756647109985,-0.025066768750548363,0.6506646275520325,0.6505548357963562,-0.006357192527502775,0.6441115140914917,0.6169959306716919,-0.03405025973916054,0.6430370807647705,0.6763100028038025,-0.02662142552435398,0.6438437104225159,0.7069046497344971,-0.01272746454924345,0.6810540556907654,0.6651208400726318,-0.01894095167517662,0.66991126537323,0.6424048542976379,-0.0333808958530426,0.6646196842193604,0.6856119632720947,-0.023852525278925896,0.6636840105056763,0.7078164219856262,-0.011556435376405716
0.6634344458580017,0.790885865688324,-3.5209535553804017e-07,0.6193338632583618,0.7581620216369629,-0.008256406523287296,0.5936650633811951,0.6905268430709839,-0.012180430814623833,0.595414400100708,0.6255617141723633,-0.01956583745777607,0.6019542217254639,0.5740742087364197,-0.024455294013023376,0.5915485620498657,0.6455113291740417,0.012046041898429394,0.5768263936042786,0.5840498805046082,-0.014834446832537651,0.5846438407897949,0.5949625372886658,-0.03068428486585617,0.5977065563201904,0.6230340600013733,-0.03531315550208092,0.6211940050125122,0.643936276435852,0.005554658826440573,0.616942822933197,0.5974799394607544,-0.022967815399169922,0.6210780739784241,0.6522883772850037,-0.028868136927485466,0.6249324679374695,0.6881620287895203,-0.023799296468496323,0.6507502198219299,0.6521358489990234,-0.006118676159530878,0.6442819833755493,0.6157034039497375,-0.034395113587379456,0.6435800194740295,0.6749513149261475,-0.02639889530837536,0.645720362663269,0.7077797055244446,-0.011857215315103531,0.6814063191413879,0.6669705510139465,-0.019017014652490616,0.67042475938797,0.641413152217865,-0.034474413841962814,0.6654428243637085,0.6840620040893555,-0.025126757100224495,0.6651777029037476,0.7078258395195007,-0.012766644358634949
0.6640282273292542,0.7928833365440369,-3.419835366003099e-07,0.6193413734436035,0.7584732174873352,-0.007606423459947109,0.5940823554992676,0.688875675201416,-0.010880820453166962,0.5973995327949524,0.6234691739082336,-0.017776761204004288,0.6029282808303833,0.5721069574356079,-0.02234085649251938,0.591896653175354,0.6468381881713867,0.014049631543457508,0.5772467255592346,0.5860219597816467,-0.011280355043709278,0.584234356880188,0.5958226919174194,-0.02668234333395958,0.5966067910194397,0.6244239807128906,-0.031165938824415207,0.6219800710678101,0.6455559730529785,0.007392510771751404,0.6176704168319702,0.5989209413528442,-0.020088322460651398,0.6214190721511841,0.6527425050735474,-0.02648272179067135,0.6252687573432922,0.6901946663856506,-0.0217292457818985,0.6517847776412964,0.6541211009025574,-0.004366562236100435,0.6449673771858215,0.6181769967079163,-0.031241120770573616,0.6442563533782959,0.6761010885238647,-0.023799313232302666,0.6462484002113342,0.7090324759483337,-0.009877189993858337,0.6822526454925537,0.6687948703765869,-0.017310045659542084,0.6708553433418274,0.643765389919281,-0.03123088926076889,0.6663533449172974,0.685182511806488,-0.02151985839009285,0.6667188405990601,0.7078635096549988,-0.00920143909752369
0.6658286452293396,0.7950041890144348,-3.6703102068713633e-07,0.6212881207466125,0.7599474787712097,-0.007269378751516342,0.5961593985557556,0.691425085067749,-0.010271809995174408,0.599667489528656,0.6250807046890259,-0.01697876863181591,0.6066677570343018,0.5723717212677002,-0.021129924803972244,0.5932095646858215,0.6493606567382812,0.014407838694751263,0.5793997049331665,0.5865097641944885,-0.01063006091862917,0.5869900584220886,0.6024336814880371,-0.02585003711283207,0.5983268022537231,0.6327106356620789,-0.030409686267375946,0.6234707236289978,0.6486174464225769,0.007823930121958256,0.6196261644363403,0.602668046951294,-0.01875082589685917,0.6238558292388916,0.6560481190681458,-0.025334900245070457,0.6272978782653809,0.6922338008880615,-0.021332500502467155,0.653128981590271,0.6569588780403137,-0.0038097528740763664,0.6471144556999207,0.6208210587501526,-0.029725342988967896,0.6461855173110962,0.6791082620620728,-0.022381894290447235,0.6473660469055176,0.7118047475814819,-0.008997445926070213,0.6835448741912842,0.6711853742599487,-0.016637055203318596,0.6729221343994141,0.6456730961799622,-0.02961120568215847,0.6679955720901489,0.688022255897522,-0.019801301881670952,0.6673625707626343,0.7115183472633362,-0.007719291374087334
0.6667658686637878,0.7973710298538208,-3.488068500701047e-07,0.6221115589141846,0.761313259601593,-0.006964699365198612,0.5973660945892334,0.6923270225524902,-0.009681934490799904,0.6000759601593018,0.6269774436950684,-0.016230013221502304,0.6054181456565857,0.575764000415802,-0.02035607025027275,0.5937941074371338,0.6512484550476074,0.015802530571818352,0.580060601234436,0.5905106067657471,-0.008939948864281178,0.587782621383667,0.6017844080924988,-0.024029267951846123,0.5996569395065308,0.6291171908378601,-0.028551757335662842,0.6238454580307007,0.6497779488563538,0.008839288726449013,0.6199120283126831,0.6023737192153931,-0.01812736876308918,0.6240257024765015,0.655515730381012,-0.024815307930111885,0.6271262168884277,0.6917483806610107,-0.02046475186944008,0.6538971662521362,0.6576061248779297,-0.003184613771736622,0.6478880643844604,0.6210400462150574,-0.029861129820346832,0.6469295620918274,0.679215133190155,-0.022616621106863022,0.6482201814651489,0.7121219635009766,-0.008857573382556438,0.6847925186157227,0.6718369722366333,-0.01635710522532463,0.673586368560791,0.6464348435401917,-0.029907038435339928,0.6688919067382812,0.6885652542114258,-0.020101968199014664,0.6689895391464233,0.711751401424408,-0.007802850566804409
0.6666947603225708,0.7955485582351685,-3.5229743389209034e-07,0.6227200031280518,0.7618212103843689,-0.007622529286891222,0.5977694988250732,0.6926038861274719,-0.01050264947116375,0.600074827671051,0.6270684003829956,-0.017007574439048767,0.6060633063316345,0.5763299465179443,-0.020822549238801003,0.5950052738189697,0.6500043272972107,0.01349242590367794,0.581030547618866,0.5876995921134949,-0.011738866567611694,0.5886736512184143,0.6011218428611755,-0.026521136984229088,0.6002550721168518,0.6297410726547241,-0.030736638233065605,0.624642014503479,0.6494796872138977,0.00693177105858922,0.6204708814620972,0.60226970911026,-0.020625395700335503,0.6243032813072205,0.6555330157279968,-0.027044091373682022,0.6268073916435242,0.6917388439178467,-0.022594597190618515,0.6541233658790588,0.6581288576126099,-0.00466895429417491,0.6484529972076416,0.6212244629859924,-0.03135663643479347,0.6473081707954407,0.6792618036270142,-0.023964054882526398,0.6478157639503479,0.7124770879745483,-0.010275869630277157,0.6842423677444458,0.6727674007415771,-0.01747056283056736,0.6742556691169739,0.6477099657058716,-0.031024402007460594,0.6687002778053284,0.6887326240539551,-0.021690910682082176,0.6673610806465149,0.7120798826217651,-0.009825969114899635
0.6667337417602539,0.795880138874054,-3.6378457934915787e-07,0.6236922740936279,0.7623297572135925,-0.00873193982988596,0.5992081761360168,0.6933826208114624,-0.012458797544240952,0.6029356718063354,0.6269312500953674,-0.019747748970985413,0.6085883975028992,0.5742259621620178,-0.024520589038729668,0.5956929326057434,0.6499010920524597,0.013641628436744213,0.5805400609970093,0.587894082069397,-0.012753973715007305,0.5880805850028992,0.6033440828323364,-0.028671622276306152,0.6003196835517883,0.6334316730499268,-0.033369649201631546,0.625665009021759,0.6489453911781311,0.00726680550724268,0.6214478015899658,0.60346519947052,-0.02103860303759575,0.6248098611831665,0.6586519479751587,-0.028069693595170975,0.6283242702484131,0.6950529217720032,-0.023717986419796944,0.6553236842155457,0.6577671766281128,-0.004446650389581919,0.6489593982696533,0.6225813627243042,-0.03205149248242378,0.6474617719650269,0.6820843815803528,-0.025031110271811485,0.6487981081008911,0.7137593030929565,-0.01122543029487133,0.6855085492134094,0.672630786895752,-0.01742688938975334,0.6740413904190063,0.6479036211967468,-0.03125828132033348,0.6691781282424927,0.6906353831291199,-0.021450825035572052,0.6694390773773193,0.7129057049751282,-0.00899642426520586
0.6678776741027832,0.7969557046890259,-3.2457009524478053e-07,0.6239926815032959,0.7628740668296814,-0.008410830982029438,0.5991824269294739,0.695142924785614,-0.011977500282227993,0.6021950244903564,0.6306133270263672,-0.01913323625922203,0.6078057885169983,0.5803433656692505,-0.023965345695614815,0.5955631136894226,0.6515849828720093,0.014062020927667618,0.5819836258888245,0.5910298228263855,-0.01189028937369585,0.5901714563369751,0.5980380773544312,-0.027894936501979828,0.6035700440406799,0.6234099268913269,-0.032882630825042725,0.6253058314323425,0.6505562663078308,0.0075095719657838345,0.6220893859863281,0.6027950644493103,-0.02130718156695366,0.6252961158752441,0.655989944934845,-0.02841656282544136,0.6282572150230408,0.6935026049613953,-0.02381639927625656,0.6551604270935059,0.6589909791946411,-0.004255963955074549,0.6503053307533264,0.6227869391441345,-0.0326862633228302,0.6484518051147461,0.6810212731361389,-0.026103252544999123,0.649041473865509,0.7145132422447205,-0.012207284569740295,0.6855521202087402,0.6738500595092773,-0.01724078506231308,0.6754752397537231,0.6486737132072449,-0.03240973874926567,0.6699731349945068,0.6903113126754761,-0.023520013317465782,0.6691911816596985,0.713854968547821,-0.01144416630268097
0.6676782369613647,0.7950836420059204,-3.5817518551084504e-07,0.624116837978363,0.7621498107910156,-0.008685142733156681,0.5995440483093262,0.6922851800918579,-0.011677604168653488,0.6032673120498657,0.6261768341064453,-0.018179716542363167,0.6088185906410217,0.5753026604652405,-0.021985962986946106,0.5960440635681152,0.6502918004989624,0.014537795446813107,0.5819416046142578,0.5883520841598511,-0.011314446106553078,0.5895688533782959,0.6032297611236572,-0.026604197919368744,0.6014941930770874,0.6333408355712891,-0.030850330367684364,0.6260449886322021,0.649637758731842,0.008425428532063961,0.6217012405395508,0.6023109555244446,-0.019945772364735603,0.6255010962486267,0.6569594144821167,-0.0266167800873518,0.6286805272102356,0.6941637992858887,-0.02169020101428032,0.6556746363639832,0.6584191918373108,-0.0030492825899273157,0.6493626832962036,0.6223569512367249,-0.030816996470093727,0.648313581943512,0.6816210746765137,-0.02374785952270031,0.6493645310401917,0.7150306105613708,-0.009648311883211136,0.6856695413589478,0.6727960109710693,-0.015779348090291023,0.6743221282958984,0.6488187313079834,-0.030196111649274826,0.669532299041748,0.690976619720459,-0.020990338176488876,0.6695071458816528,0.7138935923576355,-0.008784301578998566
0.6685274839401245,0.7976915240287781,-3.512682837936154e-07,0.6248354315757751,0.7639741897583008,-0.008459157310426235,0.6003547310829163,0.6951211094856262,-0.011988922022283077,0.604364275932312,0.6293162703514099,-0.019162120297551155,0.6099273562431335,0.5769938230514526,-0.0239831805229187,0.5971159934997559,0.6513931155204773,0.014691942371428013,0.5823366641998291,0.5904183387756348,-0.011261017061769962,0.5898481011390686,0.6035252809524536,-0.027320729568600655,0.60198575258255,0.6314826011657715,-0.03230859339237213,0.6271995902061462,0.6498472094535828,0.008069748990237713,0.6229061484336853,0.6027098894119263,-0.020302819088101387,0.6253535151481628,0.6566476821899414,-0.027967922389507294,0.627909243106842,0.6937415599822998,-0.023907016962766647,0.6568858623504639,0.6581724882125854,-0.00383352255448699,0.6506413221359253,0.6226236820220947,-0.03158583492040634,0.6485962867736816,0.6820297837257385,-0.02519186958670616,0.6493075489997864,0.7147640585899353,-0.011614889837801456,0.6871675848960876,0.6728705167770386,-0.016967197880148888,0.6752957701683044,0.6480333209037781,-0.031006064265966415,0.6702137589454651,0.6908935308456421,-0.02151602879166603,0.670231819152832,0.7138125896453857,-0.009207072667777538
0.6688027381896973,0.7975156307220459,-3.447171650350356e-07,0.6247110962867737,0.7657518982887268,-0.009752561338245869,0.5997999906539917,0.6963263750076294,-0.013492230325937271,0.6035144329071045,0.6296234130859375,-0.020529091358184814,0.6085789203643799,0.5778439044952393,-0.024939272552728653,0.596437931060791,0.6510144472122192,0.013745843432843685,0.5830371975898743,0.5888819694519043,-0.012586823664605618,0.5904954671859741,0.6017822623252869,-0.028275396674871445,0.6022082567214966,0.6299543380737305,-0.03285698965191841,0.6265333890914917,0.6497317552566528,0.007948486134409904,0.6225602030754089,0.6026306748390198,-0.0204122606664896,0.6251078248023987,0.6571343541145325,-0.02723962627351284,0.6269694566726685,0.6923828721046448,-0.02266266755759716,0.6562561988830566,0.6580597162246704,-0.003343401476740837,0.6506177186965942,0.6218953132629395,-0.031348004937171936,0.6482933163642883,0.6812343597412109,-0.02441314421594143,0.64835524559021,0.7128491401672363,-0.010556488297879696,0.6863684058189392,0.6724063754081726,-0.01598656363785267,0.6752411127090454,0.6483216881752014,-0.030528945848345757,0.6699647903442383,0.6910098195075989,-0.02130240388214588,0.6695230603218079,0.7133909463882446,-0.00914173386991024
0.6682623028755188,0.7977108955383301,-3.5216714877606137e-07,0.6251645684242249,0.7653440833091736,-0.009549416601657867,0.600942075252533,0.6960967779159546,-0.013228276744484901,0.6047691106796265,0.6294198036193848,-0.02030850201845169,0.6094405055046082,0.5773429274559021,-0.02465962804853916,0.5962221622467041,0.6507663726806641,0.013907486572861671,0.5819466710090637,0.5878798365592957,-0.012716884724795818,0.5903013348579407,0.602440357208252,-0.028554826974868774,0.602818489074707,0.6319059729576111,-0.03301751986145973,0.6265607476234436,0.6496409177780151,0.008077915757894516,0.622458815574646,0.6027853488922119,-0.020254744216799736,0.6254082918167114,0.6569921970367432,-0.02723187580704689,0.6276339292526245,0.6922502517700195,-0.022746656090021133,0.6564429998397827,0.6583335995674133,-0.0032485846895724535,0.6505970358848572,0.6221618056297302,-0.031273845583200455,0.6487387418746948,0.6821019649505615,-0.02439950220286846,0.6490209698677063,0.7140627503395081,-0.010501960292458534,0.6864956617355347,0.6731780767440796,-0.015887031331658363,0.6753416657447815,0.6482127904891968,-0.03030560538172722,0.6701912879943848,0.6913375854492188,-0.0208628848195076,0.6697750687599182,0.7141651511192322,-0.0084642693400383
0.6685613393783569,0.798707127571106,-3.5077547977380164e-07,0.6247631311416626,0.7654630541801453,-0.00844974908977747,0.6001504063606262,0.6968652606010437,-0.012144837528467178,0.6034249067306519,0.6314047574996948,-0.019340479746460915,0.6090613603591919,0.580605685710907,-0.02398887276649475,0.5960796475410461,0.6517236232757568,0.012911435216665268,0.5817479491233826,0.5899150371551514,-0.01350775733590126,0.5895280838012695,0.6010323762893677,-0.029366809874773026,0.6024447679519653,0.6293152570724487,-0.03411959856748581,0.6261916756629944,0.6506646275520325,0.006355842109769583,0.6225587725639343,0.6026498675346375,-0.02228754572570324,0.6252741813659668,0.657187819480896,-0.02877843752503395,0.6278918385505676,0.6940452456474304,-0.02396884560585022,0.6561687588691711,0.6592659950256348,-0.00545263197273016,0.6510980129241943,0.6223846673965454,-0.033545803278684616,0.6486199498176575,0.6817952394485474,-0.026334337890148163,0.6490337252616882,0.714962899684906,-0.01233706809580326,0.6866764426231384,0.6742613911628723,-0.01852738857269287,0.6767076253890991,0.6494035124778748,-0.033580146729946136,0.670713484287262,0.6917740702629089,-0.024611322209239006,0.6696081161499023,0.7149631977081299,-0.012632942758500576
0.6679239869117737,0.798040509223938,-3.4942098636747687e-07,0.6257050633430481,0.765382707118988,-0.009740529581904411,0.6012958884239197,0.6973981857299805,-0.014027152210474014,0.6046648621559143,0.6309477686882019,-0.0216675978153944,0.6094714403152466,0.5784759521484375,-0.026579227298498154,0.5958007574081421,0.6517737507820129,0.012644266709685326,0.5806686282157898,0.5887892246246338,-0.014712443575263023,0.5893977284431458,0.6031503677368164,-0.03100099228322506,0.6026238203048706,0.6324790120124817,-0.03576220944523811,0.6260249018669128,0.650363564491272,0.00664960453286767,0.6219749450683594,0.6034780740737915,-0.022330552339553833,0.625214695930481,0.6581207513809204,-0.02933882176876068,0.6277737021446228,0.693115234375,-0.024921594187617302,0.6560484170913696,0.6588473916053772,-0.004816550295799971,0.6501967310905457,0.6223669052124023,-0.03326564282178879,0.6484606266021729,0.6826093792915344,-0.02619401551783085,0.6489202380180359,0.7141509652137756,-0.012205618433654308,0.6862420439720154,0.6738032102584839,-0.01762985624372959,0.6753587126731873,0.6495342254638672,-0.03250919654965401,0.670172393321991,0.6927679777145386,-0.023221632465720177,0.6696718335151672,0.7151403427124023,-0.010935703292489052
0.6674778461456299,0.7980786561965942,-3.5795139297079004e-07,0.6252198815345764,0.7656445503234863,-0.00964646227657795,0.6008064150810242,0.6965805292129517,-0.013702783733606339,0.603725254535675,0.6300472021102905,-0.02087082900106907,0.6088985204696655,0.5779910087585449,-0.025247547775506973,0.5956023335456848,0.651992678642273,0.011003196239471436,0.5808656215667725,0.5884843468666077,-0.016294004395604134,0.5890348553657532,0.6013413667678833,-0.03204454481601715,0.6023228764533997,0.6315687894821167,-0.03632672503590584,0.6257887482643127,0.6509253978729248,0.005113940220326185,0.6221221089363098,0.6030537486076355,-0.023863783106207848,0.625510036945343,0.6581014394760132,-0.029776526615023613,0.628487765789032,0.6941787004470825,-0.02444281056523323,0.6557520627975464,0.6598746180534363,-0.00615404499694705,0.6506909728050232,0.6229299902915955,-0.03468675911426544,0.6487991213798523,0.6830938458442688,-0.026957103982567787,0.6492112278938293,0.7150760293006897,-0.012494632974267006,0.6860328316688538,0.6750890612602234,-0.018734123557806015,0.6764466166496277,0.6504724025726318,-0.034317560493946075,0.6709734201431274,0.6932989954948425,-0.025243612006306648,0.6699914932250977,0.7154456973075867,-0.013009247370064259
0.6678400635719299,0.7992299795150757,-3.476711754046846e-07,0.6245470643043518,0.7654885649681091,-0.008788617327809334,0.600075364112854,0.695762038230896,-0.012229756452143192,0.6029428243637085,0.6295376420021057,-0.01911124959588051,0.6075656414031982,0.5776288509368896,-0.023367865011096,0.5959182977676392,0.6525839567184448,0.013516751118004322,0.5815037488937378,0.5897051692008972,-0.012700466439127922,0.5894001126289368,0.601070761680603,-0.02846955880522728,0.6023477911949158,0.6305720806121826,-0.033030930906534195,0.6259927749633789,0.6513724327087402,0.007274767849594355,0.6224213242530823,0.6032765507698059,-0.021138470619916916,0.6255838871002197,0.6572471261024475,-0.027783215045928955,0.628506064414978,0.694486141204834,-0.023006649687886238,0.6558094620704651,0.6603431701660156,-0.004301548935472965,0.6507681608200073,0.6228390336036682,-0.03210943937301636,0.6486717462539673,0.6821252107620239,-0.024952149018645287,0.6490456461906433,0.7151978015899658,-0.010960622690618038,0.6862123608589172,0.6755619645118713,-0.01716102659702301,0.6763264536857605,0.6503439545631409,-0.03176897019147873,0.6706531643867493,0.692010223865509,-0.022588156163692474,0.6696590781211853,0.7143546938896179,-0.010475588031113148
0.6684471368789673,0.8015663623809814,-3.263187124957767e-07,0.6239826083183289,0.7665911316871643,-0.00928905326873064,0.5990206003189087,0.6955997943878174,-0.012130724266171455,0.6016928553581238,0.6295548677444458,-0.018496908247470856,0.6061567664146423,0.5781373381614685,-0.022382432594895363,0.5957793593406677,0.6522362232208252,0.016752054914832115,0.5826309323310852,0.5910603404045105,-0.008192661218345165,0.5897836685180664,0.5999801158905029,-0.02388926036655903,0.6016857028007507,0.626305103302002,-0.028835786506533623,0.6257524490356445,0.6507188081741333,0.010954073630273342,0.6218913793563843,0.6031200289726257,-0.016869911924004555,0.6243061423301697,0.6561511754989624,-0.024432899430394173,0.6264961361885071,0.6934595108032227,-0.02029242366552353,0.6554436087608337,0.6592926979064941,-0.0003513375122565776,0.650286853313446,0.6223424673080444,-0.028155656531453133,0.6477651596069336,0.6815521717071533,-0.021998805925250053,0.6478719115257263,0.7156829833984375,-0.00850496906787157,0.6857012510299683,0.674332857131958,-0.01300898753106594,0.6756063103675842,0.6493579149246216,-0.027858125045895576,0.6697075963020325,0.6917340159416199,-0.019246868789196014,0.66860032081604,0.7154855132102966,-0.00743573484942317
0.6679337024688721,0.8005097508430481,-3.311075147394149e-07,0.6238113045692444,0.765489935874939,-0.008621158078312874,0.5986943244934082,0.6961355209350586,-0.01192631758749485,0.6003931760787964,0.6305088400840759,-0.018829097971320152,0.6058486104011536,0.5786505937576294,-0.023214496672153473,0.595453143119812,0.6521188020706177,0.015283714979887009,0.5824897885322571,0.5919134616851807,-0.010132499039173126,0.5896917581558228,0.6014956831932068,-0.02573384717106819,0.6010185480117798,0.6276947259902954,-0.030624287202954292,0.6254193782806396,0.6509377956390381,0.008858229964971542,0.6218376159667969,0.6026801466941833,-0.01910499483346939,0.6247848868370056,0.6563941240310669,-0.026081740856170654,0.6268243193626404,0.6931182146072388,-0.021724781021475792,0.6552554965019226,0.6598108410835266,-0.0028951268177479506,0.6504839062690735,0.6231184005737305,-0.03071577288210392,0.6481848955154419,0.6819785237312317,-0.02381378971040249,0.6481695771217346,0.7155237197875977,-0.009997868910431862,0.6854680776596069,0.6753255128860474,-0.01592913456261158,0.676004946231842,0.64969801902771,-0.03041168861091137,0.6698340177536011,0.6915420293807983,-0.021193981170654297,0.6681864261627197,0.7152887582778931,-0.009167511947453022
0.6658260822296143,0.7965103983879089,-3.3796956699916336e-07,0.6216091513633728,0.7622233629226685,-0.008030916564166546,0.5966667532920837,0.693372368812561,-0.011129423044621944,0.5985053181648254,0.628045916557312,-0.01773231290280819,0.6034135222434998,0.5767642259597778,-0.021947909146547318,0.5936920046806335,0.6488595008850098,0.014370856806635857,0.5807050466537476,0.5896942615509033,-0.011018086224794388,0.5883790850639343,0.6002116203308105,-0.026490699499845505,0.5998910665512085,0.625821053981781,-0.03139886260032654,0.6237054467201233,0.6478352546691895,0.007770041469484568,0.61988365650177,0.6025177836418152,-0.02050650306046009,0.6239345669746399,0.6570268869400024,-0.0276907030493021,0.626563310623169,0.6938787698745728,-0.023548472672700882,0.6536257863044739,0.6564903855323792,-0.003948931582272053,0.6483375430107117,0.6224820017814636,-0.031992219388484955,0.6468738317489624,0.6816403269767761,-0.025420119985938072,0.6468640565872192,0.7146034240722656,-0.011862187646329403,0.6837703585624695,0.6717854142189026,-0.01680208370089531,0.6730844974517822,0.6485471129417419,-0.03147820010781288,0.6676563620567322,0.6911845803260803,-0.02246491238474846,0.666387140750885,0.7146619558334351,-0.01055871695280075
0.6656858921051025,0.7979949116706848,-3.375510004843818e-07,0.6217839121818542,0.7618237137794495,-0.007569313980638981,0.5980247855186462,0.6927496790885925,-0.010215941816568375,0.6009610891342163,0.6283782720565796,-0.016495568677783012,0.6055092215538025,0.5773998498916626,-0.02056083269417286,0.5945425629615784,0.6504008173942566,0.016644611954689026,0.5819764137268066,0.592742919921875,-0.007629941683262587,0.588657557964325,0.6013981103897095,-0.022893426939845085,0.5996253490447998,0.6248403787612915,-0.027941647917032242,0.624566912651062,0.6486721038818359,0.009954982437193394,0.6200525760650635,0.602685809135437,-0.017750810831785202,0.6234079003334045,0.6568363904953003,-0.025311999022960663,0.626336932182312,0.6937136054039001,-0.021367836743593216,0.654423177242279,0.6568444967269897,-0.0018375777872279286,0.6477857828140259,0.6225072145462036,-0.02961316704750061,0.6462266445159912,0.6813434958457947,-0.02343691885471344,0.6472835540771484,0.7143692374229431,-0.010021698661148548,0.6847932934761047,0.6716139316558838,-0.014727519825100899,0.6727179884910583,0.6481314301490784,-0.029185717925429344,0.6671011447906494,0.6907016038894653,-0.02024279534816742,0.6664579510688782,0.7142797708511353,-0.008398867212235928
0.6645039916038513,0.7959589958190918,-3.5046429047724814e-07,0.6204074621200562,0.7606648802757263,-0.00811156164854765,0.5968042016029358,0.6917553544044495,-0.010482708923518658,0.6002692580223083,0.6270127296447754,-0.01638980209827423,0.6043463945388794,0.5768733620643616,-0.01975318416953087,0.5944893956184387,0.6488415598869324,0.0173350777477026,0.582353413105011,0.5901913046836853,-0.006697553209960461,0.5887157917022705,0.6046087741851807,-0.021623311564326286,0.5983942747116089,0.6315164566040039,-0.02635270543396473,0.624273419380188,0.6473832130432129,0.011270402930676937,0.6200913786888123,0.6031027436256409,-0.015580456703901291,0.6231033205986023,0.6567235589027405,-0.023195629939436913,0.624951958656311,0.6932094097137451,-0.01962403394281864,0.6537861824035645,0.6556524038314819,-4.981663732905872e-05,0.6480022072792053,0.6216309070587158,-0.026778096333146095,0.6457698941230774,0.6802319884300232,-0.020888639613986015,0.6454633474349976,0.7137418985366821,-0.008054970763623714,0.683868408203125,0.6702350974082947,-0.012557946145534515,0.6726601123809814,0.6485674977302551,-0.02632993645966053,0.6667469143867493,0.690651535987854,-0.017848685383796692,0.6651974320411682,0.7140485644340515,-0.0064897602424025536
0.6642075777053833,0.7953514456748962,-3.3260621989938954e-07,0.6204146146774292,0.7621344923973083,-0.00888578500598669,0.5968661904335022,0.6918167471885681,-0.011786219663918018,0.6011809706687927,0.6262540221214294,-0.01802237331867218,0.6060948371887207,0.5756703615188599,-0.022049224004149437,0.5941108465194702,0.6511217355728149,0.01560777984559536,0.581656813621521,0.5918484926223755,-0.008992379531264305,0.5876624584197998,0.6005492210388184,-0.02438233233988285,0.5988743305206299,0.626599907875061,-0.02928425557911396,0.624001681804657,0.6494585275650024,0.009650438092648983,0.6200746297836304,0.6033676862716675,-0.017961187288165092,0.6222320199012756,0.6569476127624512,-0.025343598797917366,0.6244958639144897,0.6938731074333191,-0.02124183252453804,0.6536685824394226,0.6575700044631958,-0.001594817964360118,0.6478632092475891,0.622001588344574,-0.0294340867549181,0.6454911231994629,0.6809778809547424,-0.023169780150055885,0.6458012461662292,0.7142914533615112,-0.00973950233310461,0.6838250160217285,0.6716310381889343,-0.014055038802325726,0.6720696687698364,0.648788332939148,-0.029193894937634468,0.6667623519897461,0.6912884712219238,-0.020574424415826797,0.6664888262748718,0.7142030596733093,-0.008840993978083134
0.6648382544517517,0.7959953546524048,-3.1878818163022515e-07,0.6212164759635925,0.7625644207000732,-0.008633616380393505,0.5976003408432007,0.6923043727874756,-0.011270642280578613,0.6017135977745056,0.6276625394821167,-0.01728988252580166,0.6056978702545166,0.5773426294326782,-0.021046718582510948,0.5936112999916077,0.650540828704834,0.0164194256067276,0.5806710720062256,0.5920683145523071,-0.008026370778679848,0.5874541401863098,0.6006885170936584,-0.023530837148427963,0.5990127921104431,0.6268146634101868,-0.028433814644813538,0.6236754059791565,0.6487606763839722,0.010359488427639008,0.6200683116912842,0.6020081639289856,-0.01685366965830326,0.6222637891769409,0.6547245383262634,-0.024550586938858032,0.6240549087524414,0.6913352608680725,-0.020616913214325905,0.6536414623260498,0.6569904088973999,-0.0009636487229727209,0.6482656002044678,0.6216449737548828,-0.02852858416736126,0.6458762884140015,0.6803930997848511,-0.02259511686861515,0.6457163095474243,0.7134209275245667,-0.00935461837798357,0.6838423013687134,0.6714314222335815,-0.013470057398080826,0.6726416349411011,0.6481576561927795,-0.028400104492902756,0.6671680212020874,0.6907109618186951,-0.019654860720038414,0.6663866639137268,0.7138338685035706,-0.007767847273498774
0.6638498306274414,0.7953586578369141,-3.3570873370081245e-07,0.6205735802650452,0.7631051540374756,-0.008637710474431515,0.596324622631073,0.6939876675605774,-0.011820009909570217,0.5992587804794312,0.6290827393531799,-0.01820402592420578,0.6055669784545898,0.5785743594169617,-0.0222160741686821,0.5934641361236572,0.6503567099571228,0.013389571569859982,0.5809918642044067,0.5908211469650269,-0.012165877036750317,0.5876635313034058,0.6004334688186646,-0.02762322872877121,0.5986908674240112,0.6268852949142456,-0.03241283819079399,0.6238293051719666,0.6487435102462769,0.007020497228950262,0.6196800470352173,0.6012195348739624,-0.021301763132214546,0.6222114562988281,0.6547946333885193,-0.02835162542760372,0.6240537762641907,0.691319465637207,-0.02389051578938961,0.6539297103881836,0.6573333144187927,-0.004477556794881821,0.6484422087669373,0.6227688193321228,-0.03290306404232979,0.6461442708969116,0.6819636821746826,-0.02637394145131111,0.6459304690361023,0.7143986821174622,-0.012643352150917053,0.684370219707489,0.672290027141571,-0.0171090979129076,0.673287034034729,0.6502937078475952,-0.0325874388217926,0.6676676273345947,0.69289231300354,-0.023875171318650246,0.6663943529129028,0.7152580618858337,-0.012000254355370998
0.6637653708457947,0.794773519039154,-3.4276629889973265e-07,0.621619462966919,0.7623025178909302,-0.009332572109997272,0.5976663827896118,0.6929540038108826,-0.012575752101838589,0.6004695296287537,0.6280878186225891,-0.018825825303792953,0.6067332625389099,0.5767949819564819,-0.022571757435798645,0.5933076739311218,0.6492922306060791,0.013268211856484413,0.5809734463691711,0.5896718502044678,-0.012793261557817459,0.5881410837173462,0.5990174412727356,-0.028599191457033157,0.5996243357658386,0.6265011429786682,-0.03340625762939453,0.6238762140274048,0.6477960348129272,0.007270497735589743,0.6196850538253784,0.6010817885398865,-0.021689632907509804,0.622852087020874,0.6555588841438293,-0.028789155185222626,0.6254171133041382,0.6927631497383118,-0.024045273661613464,0.6541550159454346,0.6566489934921265,-0.003999756649136543,0.6490505337715149,0.6228443384170532,-0.033052295446395874,0.6470385789871216,0.6821646094322205,-0.02641473151743412,0.6469419002532959,0.7142220139503479,-0.012335903011262417,0.684745728969574,0.6718935370445251,-0.016458265483379364,0.6744744181632996,0.6490005850791931,-0.03244432806968689,0.6687896251678467,0.6920534372329712,-0.023636095225811005,0.6670846343040466,0.7147371768951416,-0.011500825174152851
0.6640797257423401,0.795183539390564,-3.0732340405847935e-07,0.620637059211731,0.7600393891334534,-0.009108894504606724,0.5968846082687378,0.6898391842842102,-0.011774811893701553,0.5989259481430054,0.6258324384689331,-0.017632581293582916,0.6026400923728943,0.5760485529899597,-0.021356742829084396,0.5935180187225342,0.6495516896247864,0.01603042334318161,0.5823577046394348,0.59270840883255,-0.008248666301369667,0.5884702801704407,0.5964320302009583,-0.023776071146130562,0.5997387766838074,0.6190412640571594,-0.028959548100829124,0.623699426651001,0.6479875445365906,0.010217005386948586,0.6202090978622437,0.6016244888305664,-0.01793074980378151,0.6227946281433105,0.6544049382209778,-0.025580083951354027,0.6248513460159302,0.6921300888061523,-0.02135053649544716,0.6539148092269897,0.6564387083053589,-0.0008465520804747939,0.6488209366798401,0.6212904453277588,-0.029466012492775917,0.6465215086936951,0.6791915893554688,-0.023638134822249413,0.646205723285675,0.7129606008529663,-0.010130063630640507,0.6843568086624146,0.6713731288909912,-0.013082188554108143,0.6741165518760681,0.648135244846344,-0.029279306530952454,0.6684020161628723,0.6898999810218811,-0.021303238347172737,0.6669028997421265,0.7133521437644958,-0.009751985780894756
0.664336621761322,0.7956783175468445,-3.227355875878857e-07,0.6205514669418335,0.761110246181488,-0.00978714320808649,0.5970439910888672,0.690805196762085,-0.01207112055271864,0.5994603037834167,0.6271205544471741,-0.017469508573412895,0.6009572744369507,0.5773937702178955,-0.02042875438928604,0.5946330428123474,0.6486514210700989,0.016895301640033722,0.5838367938995361,0.5917352437973022,-0.007325689308345318,0.5901698470115662,0.6018557548522949,-0.02250121906399727,0.5998126864433289,0.6258251070976257,-0.02735956385731697,0.6244931221008301,0.647121787071228,0.011546959169209003,0.6210400462150574,0.6013982892036438,-0.015676487237215042,0.6235174536705017,0.6550548076629639,-0.023154066875576973,0.6251378059387207,0.6911447644233704,-0.019075172021985054,0.6542230248451233,0.6560143828392029,0.0006972720730118454,0.6494684219360352,0.6209172606468201,-0.027058439329266548,0.6465398669242859,0.6791649460792542,-0.021309388801455498,0.645768940448761,0.7121379375457764,-0.008102069608867168,0.684094250202179,0.671342134475708,-0.011441884562373161,0.6743071675300598,0.6469111442565918,-0.026640819385647774,0.6681575179100037,0.6889405846595764,-0.018444014713168144,0.6661602854728699,0.712809681892395,-0.006923489272594452
0.663637101650238,0.7930842041969299,-3.2770731195341796e-07,0.6197899580001831,0.7582159042358398,-0.009619410149753094,0.5961393713951111,0.6888652443885803,-0.012129454873502254,0.5983930826187134,0.6254842281341553,-0.017715197056531906,0.6011834144592285,0.5759217143058777,-0.02084566093981266,0.5943223834037781,0.6459710001945496,0.016543850302696228,0.5826479196548462,0.5900389552116394,-0.00786656141281128,0.5885293483734131,0.6004343032836914,-0.023073239251971245,0.5980901122093201,0.6245806813240051,-0.02791481278836727,0.6244434714317322,0.6449997425079346,0.011098284274339676,0.6198561191558838,0.5995282530784607,-0.01665196195244789,0.6227276921272278,0.6540152430534363,-0.024157855659723282,0.6248432397842407,0.6913868188858032,-0.01989053748548031,0.6543816328048706,0.654369056224823,0.0002434274210827425,0.6489186882972717,0.6203423142433167,-0.02796761691570282,0.6468250155448914,0.678977370262146,-0.022072257474064827,0.6466652154922485,0.7126697301864624,-0.008515296503901482,0.6846729516983032,0.6700741648674011,-0.011841239407658577,0.6745269298553467,0.6464430689811707,-0.027249634265899658,0.6685383915901184,0.6886134147644043,-0.019037019461393356,0.6665365099906921,0.7127532362937927,-0.007388019002974033
0.6632863879203796,0.7936278581619263,-3.431892707794759e-07,0.6196993589401245,0.7605676054954529,-0.008716636337339878,0.5958806276321411,0.6906304359436035,-0.011406646110117435,0.5996512770652771,0.6258975267410278,-0.017356038093566895,0.603691577911377,0.5754069089889526,-0.020784035325050354,0.5938999056816101,0.6479860544204712,0.01569821685552597,0.5811220407485962,0.5892815589904785,-0.009280892089009285,0.5872939825057983,0.6012977361679077,-0.024658730253577232,0.597446620464325,0.6296505928039551,-0.029316525906324387,0.6236613392829895,0.6463354229927063,0.009694566018879414,0.619377851486206,0.5998222231864929,-0.017650069668889046,0.622378945350647,0.6539120078086853,-0.024590617045760155,0.6244608759880066,0.6908483505249023,-0.020161576569080353,0.6533046960830688,0.655072808265686,-0.0016539088683202863,0.6479929089546204,0.6191152930259705,-0.028908997774124146,0.6458104848861694,0.6777397990226746,-0.02209380827844143,0.6456819176673889,0.7110620737075806,-0.008393675088882446,0.68351811170578,0.6700237989425659,-0.014249414205551147,0.6732937097549438,0.6464468240737915,-0.02887840010225773,0.6674636006355286,0.6881024837493896,-0.02003597654402256,0.6658555865287781,0.7109917998313904,-0.00817685667425394
0.6633860468864441,0.7941625118255615,-3.0860866218063165e-07,0.6199492812156677,0.7602344155311584,-0.00899087730795145,0.5958391427993774,0.6913843154907227,-0.012110263109207153,0.597969651222229,0.6272929310798645,-0.018644558265805244,0.6023440361022949,0.5771735310554504,-0.022881457582116127,0.5932679176330566,0.6478437781333923,0.016638996079564095,0.5804722309112549,0.5908463597297668,-0.008435825817286968,0.5878562331199646,0.596866250038147,-0.024369290098547935,0.6000985503196716,0.6215449571609497,-0.029512185603380203,0.6230993270874023,0.6463366746902466,0.01058275531977415,0.6197262406349182,0.5998638868331909,-0.017329951748251915,0.6223772168159485,0.6530342698097229,-0.02466127835214138,0.6240360140800476,0.6897428631782532,-0.020274311304092407,0.6528588533401489,0.6551018953323364,-0.0008969315676949918,0.648047685623169,0.6193625926971436,-0.029186969622969627,0.6459187865257263,0.6776329874992371,-0.022752046585083008,0.6458523273468018,0.7111179828643799,-0.008919570595026016,0.6831901669502258,0.6703450083732605,-0.013623998500406742,0.673170804977417,0.6465408802032471,-0.029193270951509476,0.6676296591758728,0.6881340742111206,-0.02060837671160698,0.6664303541183472,0.711304783821106,-0.00865973625332117
0.663635790348053,0.7948780059814453,-3.2399429983343e-07,0.6199708580970764,0.7604681849479675,-0.008681980893015862,0.5956404805183411,0.6912633180618286,-0.011275872588157654,0.5985573530197144,0.6271456480026245,-0.01718919910490513,0.6033993363380432,0.5768529176712036,-0.02071843482553959,0.5937318801879883,0.6476609706878662,0.016514424234628677,0.5819196105003357,0.5889131426811218,-0.007831808179616928,0.5884984731674194,0.5981077551841736,-0.022978592664003372,0.5986395478248596,0.6240605115890503,-0.0276471134275198,0.6235194802284241,0.6464182734489441,0.010610150173306465,0.6195721626281738,0.6000739336013794,-0.01623203605413437,0.6221888661384583,0.6530135869979858,-0.023295100778341293,0.623715341091156,0.6893287897109985,-0.019015099853277206,0.6531943082809448,0.6555241942405701,-0.0005990125937387347,0.647712230682373,0.6200270652770996,-0.028011877089738846,0.6457043290138245,0.6782146096229553,-0.021766019985079765,0.6454163789749146,0.7112002372741699,-0.00833648256957531,0.683251142501831,0.6710567474365234,-0.012977078557014465,0.6725820899009705,0.6467116475105286,-0.028086582198739052,0.6672965288162231,0.6888110637664795,-0.019428260624408722,0.6661133766174316,0.7123763561248779,-0.007560948375612497
0.663881242275238,0.7944257259368896,-3.285786078777164e-07,0.6200919151306152,0.7603470087051392,-0.008172735571861267,0.5955816507339478,0.6908503770828247,-0.010793224908411503,0.5983827114105225,0.6259880065917969,-0.01693040318787098,0.6037488579750061,0.5753930807113647,-0.02063341625034809,0.5931912660598755,0.6480189561843872,0.016436787322163582,0.5803502202033997,0.5885419845581055,-0.008376626297831535,0.58828204870224,0.5981521010398865,-0.023922882974147797,0.599940836429596,0.6248118281364441,-0.028842851519584656,0.6232152581214905,0.6466293931007385,0.010100243613123894,0.6196757555007935,0.5995544791221619,-0.017174353823065758,0.622702956199646,0.6524670720100403,-0.02435445412993431,0.6243391633033752,0.6895664930343628,-0.02018674463033676,0.6529932022094727,0.6558001637458801,-0.001516346470452845,0.6477945446968079,0.6194801926612854,-0.029071001335978508,0.646064281463623,0.6779646873474121,-0.022555025294423103,0.6459624171257019,0.7118815183639526,-0.00898534432053566,0.6833916902542114,0.6715320944786072,-0.014314107596874237,0.6730606555938721,0.6474336385726929,-0.029469646513462067,0.667533814907074,0.6895122528076172,-0.020774029195308685,0.6660299897193909,0.7133235931396484,-0.008917777799069881
0.6651021838188171,0.7943539023399353,-3.4899497336482455e-07,0.6216244101524353,0.7590577006340027,-0.007867411710321903,0.5978853702545166,0.6902797818183899,-0.010514932684600353,0.6014683246612549,0.6253382563591003,-0.016895586624741554,0.606015682220459,0.5742545127868652,-0.020575491711497307,0.5938035845756531,0.6484098434448242,0.017061583697795868,0.5796900391578674,0.5872316360473633,-0.008588243275880814,0.5885345935821533,0.6008871793746948,-0.02447938546538353,0.6006581783294678,0.6295569539070129,-0.02930179238319397,0.6240594983100891,0.6469036340713501,0.01048672292381525,0.6200869083404541,0.6002001166343689,-0.01716776005923748,0.6235124468803406,0.6541051864624023,-0.02434944547712803,0.6254187226295471,0.6901936531066895,-0.020160747691988945,0.6538085341453552,0.6559658050537109,-0.0015204534865915775,0.6478073000907898,0.6199585199356079,-0.028965286910533905,0.6464644074440002,0.6786502003669739,-0.022091202437877655,0.647037923336029,0.7112946510314941,-0.008328033611178398,0.6842479109764099,0.6713370680809021,-0.014768140390515327,0.6734647154808044,0.6468506455421448,-0.02905915677547455,0.6679919958114624,0.6887838244438171,-0.019743621349334717,0.6668856739997864,0.7118467688560486,-0.0075435154139995575
0.6659626960754395,0.7953194379806519,-3.212609556157986e-07,0.621748685836792,0.7612844705581665,-0.008178518153727055,0.5966694951057434,0.6934638023376465,-0.011758980341255665,0.5998977422714233,0.6288095116615295,-0.019004853442311287,0.6070715188980103,0.5779812335968018,-0.023888658732175827,0.5931867957115173,0.6503490209579468,0.01551666297018528,0.5796937942504883,0.5895907878875732,-0.01015834603458643,0.5877925753593445,0.597130537033081,-0.026287702843546867,0.600895345211029,0.6224372386932373,-0.03154540807008743,0.6231635808944702,0.6482787132263184,0.008836892433464527,0.619345486164093,0.6003930568695068,-0.01973571442067623,0.6226614117622375,0.6532160639762878,-0.027227411046624184,0.6253908276557922,0.6903324723243713,-0.023063266649842262,0.6531020402908325,0.6558833718299866,-0.00309482729062438,0.6470155715942383,0.6189682483673096,-0.03132377937436104,0.6458617448806763,0.6774254441261292,-0.024499105289578438,0.6470199823379517,0.7113135457038879,-0.01055263914167881,0.6838374733924866,0.6699643135070801,-0.016257382929325104,0.6720161437988281,0.6454564332962036,-0.031320102512836456,0.6673113107681274,0.6874227523803711,-0.02218097820878029,0.6675142645835876,0.7107712626457214,-0.009999789297580719
0.6665582060813904,0.7950106859207153,-3.306266478375619e-07,0.6218501329421997,0.7621088027954102,-0.008723374456167221,0.5976300239562988,0.6942343711853027,-0.012084200978279114,0.6025041937828064,0.6290989518165588,-0.018879078328609467,0.6089776158332825,0.5778837203979492,-0.023107055574655533,0.5937345027923584,0.6503114104270935,0.015504934825003147,0.5807380080223083,0.5899946689605713,-0.009650951251387596,0.5881820321083069,0.6006180047988892,-0.02501657046377659,0.5999558568000793,0.6299006342887878,-0.029466435313224792,0.6239653825759888,0.6487183570861816,0.00939343310892582,0.6200113892555237,0.6012014150619507,-0.018072016537189484,0.6230587959289551,0.6537185311317444,-0.025095529854297638,0.6252701878547668,0.6901986598968506,-0.02064303122460842,0.6537145972251892,0.6569487452507019,-0.002058981219306588,0.6479583978652954,0.6209856867790222,-0.029304634779691696,0.6465505361557007,0.6789050102233887,-0.02261098101735115,0.6472775936126709,0.7112725377082825,-0.00898565724492073,0.6840313673019409,0.6711123585700989,-0.014787320978939533,0.6732098460197449,0.6472055315971375,-0.02916293404996395,0.6685329675674438,0.6887481212615967,-0.019947662949562073,0.6683557033538818,0.7109074592590332,-0.007803829852491617
0.6662715673446655,0.7943803071975708,-3.3927381082321517e-07,0.6214826107025146,0.7622711658477783,-0.00888584554195404,0.5973107814788818,0.693608820438385,-0.011959739029407501,0.6021924614906311,0.6282597184181213,-0.018408607691526413,0.6084316968917847,0.5774721503257751,-0.02211580239236355,0.5935372710227966,0.649530291557312,0.015273313038051128,0.5804656744003296,0.5889459252357483,-0.010131332091987133,0.5883185863494873,0.6017305254936218,-0.025325411930680275,0.5999864935874939,0.6312493085861206,-0.029577339068055153,0.6238284707069397,0.6481935381889343,0.009224583394825459,0.619870126247406,0.6003952026367188,-0.0186360664665699,0.6229657530784607,0.6535751223564148,-0.025414783507585526,0.624968409538269,0.6899396777153015,-0.02062147483229637,0.6535117030143738,0.6567627191543579,-0.00224272720515728,0.6480475664138794,0.6212927103042603,-0.029763270169496536,0.6466173529624939,0.6795128583908081,-0.022978203371167183,0.6471707820892334,0.711726725101471,-0.009155720472335815,0.6837111711502075,0.6709322333335876,-0.015004130080342293,0.673312783241272,0.6473346948623657,-0.029470928013324738,0.668493390083313,0.6888813376426697,-0.020377282053232193,0.668038010597229,0.71098792552948,-0.008259791880846024
0.6671507358551025,0.797784686088562,-3.1313823001255514e-07,0.62249356508255,0.7651021480560303,-0.008905197493731976,0.5970296859741211,0.6966593265533447,-0.012352921068668365,0.5995373129844666,0.6322933435440063,-0.019158022478222847,0.605941116809845,0.5814220905303955,-0.02361922152340412,0.5936428904533386,0.6528700590133667,0.015015983954071999,0.5806136727333069,0.5946582555770874,-0.009925748221576214,0.5880500078201294,0.5994477272033691,-0.025417111814022064,0.6008766889572144,0.6250969767570496,-0.030184311792254448,0.6237238645553589,0.6505134105682373,0.008880473673343658,0.6194924116134644,0.6021307706832886,-0.019262198358774185,0.6234714984893799,0.6544650197029114,-0.02612142823636532,0.6270424723625183,0.6926599740982056,-0.021192146465182304,0.6537479162216187,0.6582596898078918,-0.0025312588550150394,0.6481851935386658,0.6219754815101624,-0.030640842393040657,0.6472445130348206,0.6794628500938416,-0.02395746484398842,0.6486087441444397,0.7133283615112305,-0.009947388432919979,0.6842939257621765,0.672439455986023,-0.01520090363919735,0.673826277256012,0.6477726101875305,-0.0305776409804821,0.6689614057540894,0.6885645389556885,-0.021806804463267326,0.6685665249824524,0.7116472721099854,-0.009771653451025486
0.665188729763031,0.7985466122627258,-3.324786632674659e-07,0.6229676604270935,0.7653367519378662,-0.008507255464792252,0.5993163585662842,0.6994145512580872,-0.01241279672831297,0.6035846471786499,0.6352086067199707,-0.019836625084280968,0.6104504466056824,0.5840268731117249,-0.024624647572636604,0.5941672325134277,0.6542654633522034,0.013728510588407516,0.580105185508728,0.5926946401596069,-0.012223140336573124,0.5886672139167786,0.6053217053413391,-0.02785063348710537,0.6005480289459229,0.6341825723648071,-0.0323854424059391,0.6242931485176086,0.653160035610199,0.0072783734649419785,0.6197399497032166,0.6056944131851196,-0.020728202536702156,0.6235300898551941,0.6581551432609558,-0.028043078258633614,0.6257400512695312,0.6939642429351807,-0.023920856416225433,0.6542226672172546,0.6619417071342468,-0.004335965029895306,0.6479218006134033,0.6256476044654846,-0.03177354857325554,0.6467182040214539,0.6842668652534485,-0.02520258165895939,0.6467834711074829,0.7168145775794983,-0.011661347933113575,0.6844552159309387,0.676971435546875,-0.01714618131518364,0.6735513210296631,0.6523923277854919,-0.031321197748184204,0.6683143973350525,0.6940726041793823,-0.022015804424881935,0.667056143283844,0.7168475389480591,-0.009813446551561356
0.6657080054283142,0.8015716075897217,-3.1007871825750044e-07,0.622139036655426,0.7656266093254089,-0.008237731643021107,0.5979964137077332,0.6994659304618835,-0.011770878918468952,0.601311206817627,0.6353367567062378,-0.01897193305194378,0.6076174378395081,0.5841729044914246,-0.023869192227721214,0.5933858752250671,0.6570333242416382,0.016082458198070526,0.5806205868721008,0.5967240333557129,-0.008471128530800343,0.5887579917907715,0.6037197113037109,-0.02408847212791443,0.6013646125793457,0.6300980448722839,-0.02904956229031086,0.6235211491584778,0.655581533908844,0.009727622382342815,0.6199381351470947,0.6076923608779907,-0.017495647072792053,0.6233392953872681,0.6587218046188354,-0.025113891810178757,0.625975489616394,0.6962338089942932,-0.021306267008185387,0.6537680625915527,0.6637161374092102,-0.0017730017425492406,0.6485753655433655,0.626616358757019,-0.028991317376494408,0.6472013592720032,0.6840057969093323,-0.022917894646525383,0.6477124691009521,0.7183805108070374,-0.009703715331852436,0.6847106218338013,0.6782727837562561,-0.014487876556813717,0.6745964884757996,0.6525816917419434,-0.029183844104409218,0.6692143678665161,0.693703293800354,-0.020447760820388794,0.6680812239646912,0.7178961038589478,-0.008600025437772274
0.6640859842300415,0.799956202507019,-3.353860904553585e-07,0.6207461953163147,0.766055703163147,-0.007678232155740261,0.5974249839782715,0.6984789371490479,-0.011415651999413967,0.6023887395858765,0.6344773173332214,-0.018851110711693764,0.609683632850647,0.5841131806373596,-0.023814793676137924,0.5947865843772888,0.6549342274665833,0.013575597666203976,0.5805189609527588,0.5939729809761047,-0.012326175346970558,0.588904619216919,0.6065210700035095,-0.02791900746524334,0.6009424328804016,0.6362931728363037,-0.032406315207481384,0.6245874762535095,0.6540743112564087,0.006659707520157099,0.6198135018348694,0.6060264706611633,-0.021470537409186363,0.6236196160316467,0.6581927537918091,-0.028788570314645767,0.6260984539985657,0.6954467296600342,-0.024508310481905937,0.6544509530067444,0.6625386476516724,-0.005284096579998732,0.6482385993003845,0.6266677379608154,-0.032749664038419724,0.6474009156227112,0.6854250431060791,-0.026153331622481346,0.6477695107460022,0.7193043828010559,-0.012482065707445145,0.6846282482147217,0.6771195530891418,-0.01834840513765812,0.6733047962188721,0.6532323956489563,-0.03264724835753441,0.6684259176254272,0.6955141425132751,-0.023295169696211815,0.6677924394607544,0.719219446182251,-0.010999256744980812
0.6650428771972656,0.8022931218147278,-3.264738097641384e-07,0.621098518371582,0.7665557265281677,-0.0074588884599506855,0.5980460047721863,0.6988552212715149,-0.010519402101635933,0.6025667786598206,0.6343224048614502,-0.017486274242401123,0.6087104678153992,0.583482027053833,-0.022203022614121437,0.5951282978057861,0.6569840312004089,0.017534151673316956,0.5810273289680481,0.5963622331619263,-0.00727099971845746,0.5884986519813538,0.6057765483856201,-0.02308906614780426,0.6007906794548035,0.6329532265663147,-0.028040984645485878,0.6249626874923706,0.6558359861373901,0.010795388370752335,0.6202425360679626,0.607750654220581,-0.01706661283969879,0.623218834400177,0.6589068174362183,-0.02513756789267063,0.6261034607887268,0.6966378688812256,-0.021255839616060257,0.6547898054122925,0.6638554930686951,-0.0011481267865747213,0.6484082341194153,0.6267911791801453,-0.028861328959465027,0.6471219658851624,0.6848597526550293,-0.02300824597477913,0.6480838656425476,0.7197324633598328,-0.009574268013238907,0.6852399706840515,0.6781068444252014,-0.014227970503270626,0.6732608675956726,0.6525576710700989,-0.02910216897726059,0.6684103608131409,0.6948654651641846,-0.020340317860245705,0.6684268712997437,0.7195477485656738,-0.008279665373265743
0.6648380756378174,0.8025916814804077,-2.960292704301537e-07,0.6207539439201355,0.7664884328842163,-0.008078428916633129,0.597385585308075,0.699914813041687,-0.011976847425103188,0.603483259677887,0.6363644003868103,-0.01966802403330803,0.6118156909942627,0.5860857367515564,-0.02523045241832733,0.5952181220054626,0.6580233573913574,0.015917859971523285,0.5815859436988831,0.598072350025177,-0.009198630228638649,0.5886107683181763,0.6040059328079224,-0.02568785846233368,0.6008398532867432,0.6298909783363342,-0.03128714859485626,0.6249964833259583,0.6569952368736267,0.009199828840792179,0.6207235455513,0.6082949638366699,-0.018875712528824806,0.6229817271232605,0.6580744385719299,-0.02756340429186821,0.6249595880508423,0.6958749890327454,-0.024320030584931374,0.654899537563324,0.66508549451828,-0.002620480488985777,0.6494224071502686,0.6275138854980469,-0.030305489897727966,0.647202730178833,0.6847438216209412,-0.02472631447017193,0.6469044089317322,0.7197237610816956,-0.011678822338581085,0.6853784918785095,0.6796743869781494,-0.015631109476089478,0.6748195886611938,0.6542220115661621,-0.030457930639386177,0.6691206693649292,0.6953125596046448,-0.021694090217351913,0.6677813529968262,0.7198670506477356,-0.009775524958968163
0.6659996509552002,0.8018113374710083,-3.109519468580402e-07,0.6222502589225769,0.7660024762153625,-0.007645305246114731,0.5987015962600708,0.6989045739173889,-0.010732369497418404,0.603895902633667,0.6346045732498169,-0.017660722136497498,0.6110155582427979,0.5837312340736389,-0.02216877043247223,0.5950681567192078,0.6581776142120361,0.017112942412495613,0.5812466144561768,0.5981326103210449,-0.007355572655797005,0.5899292230606079,0.6088701486587524,-0.023067990317940712,0.60179603099823,0.6361941695213318,-0.028193671256303787,0.6250654458999634,0.6568569540977478,0.010345447808504105,0.6212485432624817,0.6079407334327698,-0.016413919627666473,0.6242889165878296,0.6580734252929688,-0.024450358003377914,0.6255066394805908,0.6944692730903625,-0.021149689331650734,0.6549769043922424,0.6654136180877686,-0.0015808927128091455,0.6495899558067322,0.6271315813064575,-0.02815951406955719,0.6476036906242371,0.6842569708824158,-0.022204069420695305,0.6468522548675537,0.7182591557502747,-0.009297882206737995,0.6852843761444092,0.6806331276893616,-0.014702634885907173,0.6751458644866943,0.6550236940383911,-0.028576884418725967,0.6693136096000671,0.6956478357315063,-0.019567472860217094,0.667508065700531,0.7195960283279419,-0.007779908832162619
0.6673680543899536,0.8024741411209106,-3.019770247192355e-07,0.6239162683486938,0.7663211226463318,-0.008006267249584198,0.6004195809364319,0.7006822228431702,-0.011378756724298,0.6048569679260254,0.6361765265464783,-0.01854659989476204,0.6122662425041199,0.5842591524124146,-0.023397941142320633,0.5967527627944946,0.6583631634712219,0.017809461802244186,0.5834073424339294,0.5988702774047852,-0.006255132611840963,0.5913914442062378,0.6077570915222168,-0.022004611790180206,0.6031132340431213,0.6337883472442627,-0.027228454127907753,0.6267914772033691,0.6568849682807922,0.011391269974410534,0.623252809047699,0.6086982488632202,-0.015316678211092949,0.6260459423065186,0.6586551666259766,-0.023781875148415565,0.627689003944397,0.6955893635749817,-0.020703667774796486,0.6564880013465881,0.6649514436721802,-0.00018949995865114033,0.6509761810302734,0.6279356479644775,-0.026920808479189873,0.6488196849822998,0.685173749923706,-0.021484147757291794,0.6483731269836426,0.7194562554359436,-0.008786628022789955,0.6866447925567627,0.6796674728393555,-0.012958846054971218,0.6760122776031494,0.654898464679718,-0.026845064014196396,0.6702969670295715,0.6961836218833923,-0.01798342727124691,0.6687201857566833,0.7205151319503784,-0.006215458735823631
0.6678450703620911,0.8026690483093262,-3.003144684043946e-07,0.623657763004303,0.7680933475494385,-0.00840096827596426,0.5991695523262024,0.699434757232666,-0.011148384772241116,0.6027159690856934,0.635221540927887,-0.01734267733991146,0.6097397804260254,0.5850100517272949,-0.02108028344810009,0.5966743230819702,0.6579135060310364,0.01615513674914837,0.5841085910797119,0.5986047983169556,-0.007131334859877825,0.5921438932418823,0.6062375903129578,-0.021597115322947502,0.6032225489616394,0.6308996081352234,-0.026134466752409935,0.6265504360198975,0.656340479850769,0.010051335208117962,0.6229854822158813,0.6078407764434814,-0.016520200297236443,0.6261546015739441,0.6585288047790527,-0.023920569568872452,0.6272371411323547,0.6956342458724976,-0.019950632005929947,0.6562336087226868,0.6648054718971252,-0.0011125061428174376,0.6514659523963928,0.6284047365188599,-0.02783677726984024,0.6494770050048828,0.6859465837478638,-0.021960198879241943,0.6483314037322998,0.7201111316680908,-0.008924923837184906,0.6866251230239868,0.679551362991333,-0.013450220227241516,0.6771603226661682,0.6559052467346191,-0.027586502954363823,0.671192467212677,0.6968135833740234,-0.01895551197230816,0.6688442230224609,0.7204946875572205,-0.007349865045398474
0.6668897867202759,0.801613450050354,-3.1210558404382027e-07,0.6239893436431885,0.7670152187347412,-0.009084557183086872,0.601414144039154,0.6999867558479309,-0.012598215602338314,0.6074168086051941,0.635487973690033,-0.019567884504795074,0.6141680479049683,0.5842443108558655,-0.023910872638225555,0.5968726277351379,0.6574362516403198,0.015985317528247833,0.5827069282531738,0.5965356826782227,-0.008821570314466953,0.5913108587265015,0.6085651516914368,-0.024491695687174797,0.6033970713615417,0.6382512450218201,-0.029255006462335587,0.6271001696586609,0.6559134125709534,0.010083251632750034,0.6240495443344116,0.6086412668228149,-0.017185170203447342,0.6270771622657776,0.6595401763916016,-0.025479042902588844,0.6280251145362854,0.696496844291687,-0.022011788561940193,0.6569267511367798,0.6644905805587769,-0.001087833778001368,0.6517223119735718,0.628084659576416,-0.027822395786643028,0.6498008370399475,0.6857505440711975,-0.02230853959918022,0.6484155058860779,0.7191818952560425,-0.009572730399668217,0.6867781281471252,0.6793995499610901,-0.013521930202841759,0.6768642663955688,0.6564058065414429,-0.02747931145131588,0.6714841723442078,0.6975619196891785,-0.018742866814136505,0.6695811152458191,0.7202600836753845,-0.0069645061157643795
0.6676493883132935,0.8037941455841064,-3.126104957118514e-07,0.6254017949104309,0.7697038054466248,-0.009163683280348778,0.601826548576355,0.7029238343238831,-0.012943700887262821,0.6051561832427979,0.6384927034378052,-0.020125918090343475,0.610356867313385,0.5878620743751526,-0.024841025471687317,0.5969200730323792,0.6590855121612549,0.014980088919401169,0.5834921598434448,0.5982626080513,-0.010553301312029362,0.5926414728164673,0.6063596606254578,-0.026306306943297386,0.6060329079627991,0.6331809163093567,-0.031006375327706337,0.6269936561584473,0.6577801704406738,0.009132829494774342,0.6236841082572937,0.610030472278595,-0.018396299332380295,0.6270636916160583,0.6620347499847412,-0.025371048599481583,0.6290766596794128,0.697799026966095,-0.02094545029103756,0.656943678855896,0.6660597324371338,-0.00202662730589509,0.6516565084457397,0.628882646560669,-0.02982766181230545,0.6500952839851379,0.6869367957115173,-0.023139724507927895,0.6501232981681824,0.7201464176177979,-0.009330050088465214,0.687253475189209,0.6808375120162964,-0.014443045482039452,0.6769425868988037,0.6554109454154968,-0.02973286062479019,0.6720355749130249,0.6972641944885254,-0.020716849714517593,0.6711198687553406,0.7209807634353638,-0.008417388424277306
0.6678170561790466,0.8032918572425842,-3.19060831088791e-07,0.6251834630966187,0.7704219222068787,-0.009662913158535957,0.6015004515647888,0.7033218145370483,-0.013969077728688717,0.6059346795082092,0.6387925744056702,-0.02154993824660778,0.6121671795845032,0.5874950289726257,-0.026528529822826385,0.5968829393386841,0.6580971479415894,0.013249224051833153,0.5836085677146912,0.5965476632118225,-0.013228543102741241,0.5924597382545471,0.6078383922576904,-0.02948707342147827,0.6050248146057129,0.6373522281646729,-0.03433084860444069,0.6272465586662292,0.6566495895385742,0.007379360496997833,0.6238802075386047,0.6084917783737183,-0.020991545170545578,0.6266611218452454,0.6607549786567688,-0.02842218428850174,0.6285238862037659,0.6981387734413147,-0.02415625937283039,0.6572780609130859,0.6653009653091431,-0.0038252659142017365,0.6518413424491882,0.6295398473739624,-0.031747493892908096,0.6502392888069153,0.6878028512001038,-0.025359859690070152,0.6504764556884766,0.7212368249893188,-0.011751078069210052,0.6876124739646912,0.6803264617919922,-0.016325177624821663,0.6769745349884033,0.6566721796989441,-0.03122936375439167,0.6719534397125244,0.6984311938285828,-0.022245801985263824,0.6711885929107666,0.7215427756309509,-0.01005893386900425
0.6688469052314758,0.8064583539962769,-3.11367955418973e-07,0.6257609724998474,0.7711780667304993,-0.009347956627607346,0.6021109819412231,0.7035941481590271,-0.013320088386535645,0.6070120930671692,0.63860023021698,-0.020787091925740242,0.613361656665802,0.5867115259170532,-0.025761116296052933,0.5975936055183411,0.6606378555297852,0.01565084047615528,0.5832136273384094,0.5991736054420471,-0.009894385933876038,0.5916467905044556,0.6082960367202759,-0.02590857818722725,0.604935348033905,0.636322557926178,-0.030768955126404762,0.6277666091918945,0.659091055393219,0.009730782359838486,0.624110758304596,0.6112256646156311,-0.018265629187226295,0.6271096467971802,0.663072407245636,-0.02605639211833477,0.6295922994613647,0.6998040676116943,-0.02199951559305191,0.6577593088150024,0.6672970652580261,-0.0015884788008406758,0.6518818140029907,0.630813479423523,-0.029425330460071564,0.6506158113479614,0.6891951560974121,-0.02318834327161312,0.6514493823051453,0.7223712205886841,-0.009560702368617058,0.6882719993591309,0.6818363070487976,-0.014215011149644852,0.6771884560585022,0.6570444107055664,-0.029043855145573616,0.6725839376449585,0.6988968253135681,-0.0199425108730793,0.6725902557373047,0.7217404842376709,-0.007622759323567152
0.6693146228790283,0.8057688474655151,-3.22255004903127e-07,0.6257138252258301,0.7713121175765991,-0.008228983730077744,0.6015390157699585,0.7032389044761658,-0.011694352142512798,0.605415940284729,0.6384415030479431,-0.01888350583612919,0.6128047108650208,0.5877068042755127,-0.02354876883327961,0.5985198616981506,0.6602323055267334,0.015070071443915367,0.5842422842979431,0.5980581641197205,-0.010136759839951992,0.592814564704895,0.6081570386886597,-0.02556338533759117,0.6052745580673218,0.6356284022331238,-0.03016502596437931,0.6280296444892883,0.6593407988548279,0.00865128729492426,0.6242848634719849,0.6111461520195007,-0.01919308677315712,0.6274298429489136,0.6623839139938354,-0.026646092534065247,0.6293074488639832,0.6992738842964172,-0.022554850205779076,0.6575051546096802,0.6678211092948914,-0.002944357693195343,0.6518225073814392,0.6309974193572998,-0.030405260622501373,0.6506520509719849,0.6887344121932983,-0.02407664805650711,0.6509479880332947,0.7228472828865051,-0.010596909560263157,0.6877090334892273,0.6824378967285156,-0.015744199976325035,0.676839292049408,0.6566452980041504,-0.030195266008377075,0.6718341112136841,0.6981411576271057,-0.021153993904590607,0.6711140275001526,0.7223975658416748,-0.009068337269127369
0.6687021851539612,0.8070341944694519,-3.0472017442662036e-07,0.6264392137527466,0.7715108394622803,-0.009577467106282711,0.603588879108429,0.7038236856460571,-0.013667633756995201,0.6088224649429321,0.6389340162277222,-0.021206911653280258,0.6148468852043152,0.5870832204818726,-0.026313289999961853,0.5984770059585571,0.6602779030799866,0.01563546434044838,0.5841230750083923,0.5998469591140747,-0.009534771554172039,0.5914594531059265,0.6082019209861755,-0.025470396503806114,0.6040478348731995,0.6364247798919678,-0.030329151079058647,0.6284170746803284,0.6589999794960022,0.009891091845929623,0.6253666281700134,0.6116887927055359,-0.017752228304743767,0.6279284954071045,0.6628378629684448,-0.025754708796739578,0.6298701167106628,0.6995696425437927,-0.021938225254416466,0.6583056449890137,0.6674428582191467,-0.0012083494802936912,0.6530568599700928,0.6316040754318237,-0.028763215988874435,0.6511901021003723,0.6893986463546753,-0.022990692406892776,0.6510847210884094,0.7226217985153198,-0.009831609204411507,0.688128650188446,0.682282567024231,-0.013615118339657784,0.6778619289398193,0.6580089926719666,-0.028254982084035873,0.672789454460144,0.699658989906311,-0.01935488171875477,0.6720197200775146,0.7227024435997009,-0.007279915735125542
0.6695853471755981,0.8070516586303711,-3.3291397016910196e-07,0.6264757513999939,0.772533655166626,-0.00853061955422163,0.6023619771003723,0.7032633423805237,-0.011874852702021599,0.606286346912384,0.6379369497299194,-0.018829939886927605,0.6128448843955994,0.5869321823120117,-0.023230835795402527,0.5991055965423584,0.6615386009216309,0.015142134390771389,0.5849623084068298,0.5994932651519775,-0.00982389971613884,0.5930895805358887,0.6103598475456238,-0.02519330009818077,0.6053923964500427,0.6387456059455872,-0.02981230989098549,0.6287276744842529,0.6603535413742065,0.00904522743076086,0.625242292881012,0.6129183769226074,-0.018446864560246468,0.6282056570053101,0.6651359796524048,-0.025738585740327835,0.6300690174102783,0.7019633054733276,-0.021670518442988396,0.6583003401756287,0.6687567830085754,-0.002285870723426342,0.6530557870864868,0.6312157511711121,-0.02925960160791874,0.651295006275177,0.6890481114387512,-0.022792689502239227,0.6512909531593323,0.7229912281036377,-0.009422684088349342,0.6886266469955444,0.6831192374229431,-0.014864102937281132,0.6782326698303223,0.6573373675346375,-0.028834199532866478,0.6726734638214111,0.6982810497283936,-0.019811872392892838,0.6716604232788086,0.7218574285507202,-0.007922505959868431
0.6708695888519287,0.8088535070419312,-3.1096914199224557e-07,0.6277203559875488,0.7743468880653381,-0.00992865115404129,0.603410005569458,0.704634428024292,-0.01328202337026596,0.6073649525642395,0.6393616795539856,-0.019922733306884766,0.6133827567100525,0.5878356695175171,-0.02395748905837536,0.5986045598983765,0.6613609194755554,0.016156375408172607,0.5850798487663269,0.6008398532867432,-0.0087719252333045,0.5931746363639832,0.6087177395820618,-0.024146372452378273,0.6059554219245911,0.6358553171157837,-0.028670303523540497,0.6287357211112976,0.6598133444786072,0.010813679546117783,0.6255227327346802,0.612858772277832,-0.016846640035510063,0.6283363103866577,0.6651470065116882,-0.024160942062735558,0.6300832033157349,0.7012357711791992,-0.01972625032067299,0.6586456894874573,0.6684814095497131,-5.241562030278146e-05,0.6537228226661682,0.6327475309371948,-0.0278044231235981,0.6518629193305969,0.6905536651611328,-0.021736297756433487,0.6517078280448914,0.7226415872573853,-0.008260834962129593,0.6888638734817505,0.6830188035964966,-0.012257584370672703,0.6786902546882629,0.6589951515197754,-0.027001600712537766,0.6735510230064392,0.700262188911438,-0.018267754465341568,0.6728137135505676,0.7222517728805542,-0.006308061070740223
0.6699262261390686,0.8096789121627808,-3.2940576488726947e-07,0.6263589859008789,0.7758156061172485,-0.008178681135177612,0.6027820110321045,0.7069746851921082,-0.011431340128183365,0.6073530316352844,0.6410307288169861,-0.018490567803382874,0.6134218573570251,0.5895543098449707,-0.023034334182739258,0.5992571711540222,0.663075864315033,0.01604170724749565,0.5854235291481018,0.6004008054733276,-0.008991839364171028,0.5938008427619934,0.6115918159484863,-0.02437823824584484,0.6060755848884583,0.6387313604354858,-0.029059674590826035,0.6290223598480225,0.6619242429733276,0.009506713598966599,0.6253323554992676,0.6137747168540955,-0.017993764951825142,0.6282415986061096,0.6653803586959839,-0.025431910529732704,0.6299709677696228,0.7012583017349243,-0.0215347521007061,0.658523440361023,0.6701244711875916,-0.002332492033019662,0.6530922651290894,0.6324965953826904,-0.029501162469387054,0.6512789726257324,0.6908451318740845,-0.023096928372979164,0.6513506174087524,0.7245497703552246,-0.009764490649104118,0.6887139081954956,0.684354305267334,-0.015423445962369442,0.6776611804962158,0.6583431959152222,-0.029514256864786148,0.672458827495575,0.7005637288093567,-0.02036658488214016,0.6719298362731934,0.7246450185775757,-0.008371890522539616
0.6707751154899597,0.810634970664978,-3.117553433185094e-07,0.6267407536506653,0.7765564918518066,-0.009381015785038471,0.6028713583946228,0.7084744572639465,-0.013038888573646545,0.607594907283783,0.6430079936981201,-0.020184235647320747,0.6136749982833862,0.5916615724563599,-0.024932626634836197,0.5992745161056519,0.6633715629577637,0.015851378440856934,0.585967481136322,0.6024445295333862,-0.009266440756618977,0.5934045910835266,0.6096834540367126,-0.024750959128141403,0.605892539024353,0.636044979095459,-0.029414566233754158,0.6291314363479614,0.6619464159011841,0.009966300800442696,0.6254085302352905,0.6143316030502319,-0.01779373548924923,0.6277759075164795,0.6669005751609802,-0.02506626956164837,0.6296362280845642,0.7028077244758606,-0.0207107774913311,0.6588766574859619,0.6702762246131897,-0.0013530290452763438,0.6533018350601196,0.6340250968933105,-0.029292328283190727,0.6510530710220337,0.692436158657074,-0.02303324267268181,0.6511982679367065,0.7248796820640564,-0.009474307298660278,0.6890663504600525,0.684768795967102,-0.013982579112052917,0.6780797839164734,0.6603951454162598,-0.029003718867897987,0.672701358795166,0.7024028897285461,-0.020167799666523933,0.6722967624664307,0.725101113319397,-0.008129851892590523
0.6702911853790283,0.810296893119812,-3.2862760690477444e-07,0.6267179250717163,0.7761093974113464,-0.00914447009563446,0.6023387312889099,0.7078852653503418,-0.012907605618238449,0.6067837476730347,0.6424521207809448,-0.020158270373940468,0.6140420436859131,0.5908188819885254,-0.02478817105293274,0.5990462899208069,0.6619868874549866,0.01424795389175415,0.5857759714126587,0.6010372638702393,-0.011550377123057842,0.5931450128555298,0.6126712560653687,-0.026902377605438232,0.6046978831291199,0.6409717202186584,-0.03136419877409935,0.6291816830635071,0.6612640023231506,0.008021870627999306,0.6258386969566345,0.6133295893669128,-0.020026806741952896,0.6283203363418579,0.6672033071517944,-0.026961106806993484,0.6298890113830566,0.702501118183136,-0.02241062931716442,0.6591710448265076,0.670470118522644,-0.0035563502460718155,0.6542503237724304,0.6344611048698425,-0.03136198967695236,0.6515358686447144,0.6931164860725403,-0.02466849982738495,0.6509804129600525,0.7246250510215759,-0.010952592827379704,0.6892610192298889,0.6860793828964233,-0.016421467065811157,0.6794242858886719,0.6614760160446167,-0.03087739646434784,0.6733667850494385,0.7030777931213379,-0.0216232743114233,0.671886146068573,0.7253354787826538,-0.009439045563340187
0.6705340147018433,0.8102602362632751,-3.357233708811691e-07,0.6274240612983704,0.7754866480827332,-0.009252351708710194,0.6044923663139343,0.7076090574264526,-0.012670882977545261,0.6095744371414185,0.6417969465255737,-0.019665537402033806,0.6147826910018921,0.5902745723724365,-0.023858947679400444,0.5992494821548462,0.6637861132621765,0.01635085605084896,0.5856084823608398,0.6006475687026978,-0.00940578244626522,0.5937950015068054,0.6134648323059082,-0.024943247437477112,0.6058571934700012,0.6430491805076599,-0.029261650517582893,0.6294682025909424,0.6633105874061584,0.010602430440485477,0.6262462139129639,0.6165595054626465,-0.017365602776408195,0.629115104675293,0.6696816682815552,-0.024732785299420357,0.6306394934654236,0.7045834064483643,-0.02044210396707058,0.6591964364051819,0.672210693359375,-0.0006854624371044338,0.6538076400756836,0.6362912654876709,-0.02857987955212593,0.6517127752304077,0.6950099468231201,-0.02215910516679287,0.6515921354293823,0.726790189743042,-0.008477799594402313,0.68916255235672,0.686833381652832,-0.013275680132210255,0.6786366105079651,0.6618050336837769,-0.0277787446975708,0.6732580065727234,0.7038938999176025,-0.018566414713859558,0.6726593375205994,0.7263472080230713,-0.006233461666852236
0.6719713807106018,0.8118863701820374,-3.6231963917998655e-07,0.6289137005805969,0.7777908444404602,-0.009768147952854633,0.6053134799003601,0.7089550495147705,-0.012972407974302769,0.608957052230835,0.6421277523040771,-0.019583068788051605,0.6135009527206421,0.5899395942687988,-0.02316146343946457,0.5998987555503845,0.6658631563186646,0.015347556211054325,0.5851743221282959,0.6009805202484131,-0.0107946265488863,0.5937795042991638,0.6171448826789856,-0.026181316003203392,0.6064364314079285,0.6474795341491699,-0.030392853543162346,0.6301736235618591,0.6649686694145203,0.009815792553126812,0.6267368197441101,0.6187244653701782,-0.01859995909035206,0.6304801106452942,0.673763632774353,-0.025504443794488907,0.6332511901855469,0.7089909911155701,-0.02086487226188183,0.6596824526786804,0.6738466024398804,-0.0013556391932070255,0.6543298363685608,0.637934148311615,-0.029395222663879395,0.6529924869537354,0.6974281668663025,-0.02243730053305626,0.6539865136146545,0.7285025119781494,-0.008399813435971737,0.6902008056640625,0.6880327463150024,-0.01391460932791233,0.6800355911254883,0.6630368232727051,-0.028180673718452454,0.6749811768531799,0.7053943276405334,-0.018771544098854065,0.6747323870658875,0.7270027995109558,-0.006365892942994833
0.6727136373519897,0.8157828450202942,-3.313048466679902e-07,0.6290528178215027,0.7798357605934143,-0.008368208073079586,0.6043739318847656,0.7115758657455444,-0.011998627334833145,0.6072720289230347,0.6462843418121338,-0.019302161410450935,0.6137925386428833,0.5947384834289551,-0.023935390636324883,0.5988304615020752,0.668686032295227,0.014884273521602154,0.5845680832862854,0.6063286066055298,-0.011279195547103882,0.5936670899391174,0.61528480052948,-0.027010347694158554,0.6071791648864746,0.6417773962020874,-0.03170254826545715,0.6286786198616028,0.6667726039886475,0.008145171217620373,0.6255773305892944,0.6174289584159851,-0.020558055490255356,0.6296417713165283,0.671111524105072,-0.027382327243685722,0.6321879029273987,0.7063997983932495,-0.022626202553510666,0.6587193012237549,0.674651026725769,-0.003919889684766531,0.6538416147232056,0.6370652914047241,-0.032053228467702866,0.6529534459114075,0.6955501437187195,-0.024468498304486275,0.6540863513946533,0.7270660996437073,-0.010069767944514751,0.6897679567337036,0.6888760924339294,-0.017313987016677856,0.6800731420516968,0.6628283262252808,-0.03174377232789993,0.6753692030906677,0.7045130729675293,-0.021885599941015244,0.6752743124961853,0.7263683080673218,-0.009269380941987038
0.6724295616149902,0.8153333067893982,-2.9761886821688677e-07,0.6289328932762146,0.7793430685997009,-0.00800972618162632,0.6053285598754883,0.7113649249076843,-0.011343397200107574,0.609266996383667,0.6467322111129761,-0.018517090007662773,0.615710437297821,0.5955458879470825,-0.023303035646677017,0.6004465818405151,0.6681150197982788,0.016711847856640816,0.5862460732460022,0.6066355109214783,-0.0076197851449251175,0.5937731266021729,0.6126350164413452,-0.022773385047912598,0.6059523820877075,0.6359476447105408,-0.027564093470573425,0.6300987601280212,0.6671221852302551,0.01001066155731678,0.62662273645401,0.6173996925354004,-0.01790270023047924,0.6297175288200378,0.668573796749115,-0.025762494653463364,0.6314136981964111,0.7051173448562622,-0.02185097150504589,0.6599875092506409,0.6752830743789673,-0.0018327360739931464,0.6539344787597656,0.6376206874847412,-0.02951737865805626,0.6527774333953857,0.6955919861793518,-0.023406457155942917,0.6530628204345703,0.7294095158576965,-0.009964647702872753,0.6900216937065125,0.6895750761032104,-0.014862162061035633,0.6789084672927856,0.6641206741333008,-0.0292169451713562,0.6740497350692749,0.7058326005935669,-0.020130475983023643,0.6737581491470337,0.7293702960014343,-0.008072134107351303
0.6725337505340576,0.8149930238723755,-3.227386855542136e-07,0.6277357339859009,0.7794101238250732,-0.007609954569488764,0.6033215522766113,0.7099812030792236,-0.010030479170382023,0.6062341928482056,0.6442320346832275,-0.016307730227708817,0.6125856041908264,0.5931058526039124,-0.020111506804823875,0.6007795929908752,0.6686367392539978,0.017355818301439285,0.5873661637306213,0.6066024303436279,-0.006695127580314875,0.5948398113250732,0.6166356801986694,-0.02136235311627388,0.6056006550788879,0.641355037689209,-0.02588897943496704,0.63040691614151,0.6676362752914429,0.010655920952558517,0.626237690448761,0.6177709102630615,-0.01682998426258564,0.6297242045402527,0.669529914855957,-0.02443666383624077,0.6315205693244934,0.7052249908447266,-0.020515620708465576,0.660039484500885,0.6758492588996887,-0.0011877918150275946,0.6539493799209595,0.6376685500144958,-0.02863948978483677,0.652682363986969,0.6960381269454956,-0.022380419075489044,0.6528042554855347,0.7295894622802734,-0.008928750641644001,0.6902793645858765,0.6899906396865845,-0.014179287478327751,0.6791411638259888,0.6640811562538147,-0.028248343616724014,0.6739462018013,0.7057138085365295,-0.019111718982458115,0.6731413006782532,0.7294607758522034,-0.007133067585527897
0.6709598898887634,0.814420223236084,-3.385040372450021e-07,0.6274948120117188,0.7801005840301514,-0.008329547010362148,0.6039291620254517,0.7102986574172974,-0.011511224322021008,0.6082040071487427,0.6446224451065063,-0.018319282680749893,0.6138070225715637,0.5930121541023254,-0.02253868617117405,0.6001166105270386,0.6664232611656189,0.014850461855530739,0.5858892202377319,0.6045944094657898,-0.010541873052716255,0.5939394235610962,0.6170146465301514,-0.025697307661175728,0.6056615710258484,0.6450386047363281,-0.03010169416666031,0.6302587985992432,0.6652951836585999,0.008245103061199188,0.6262330412864685,0.616675853729248,-0.019635679200291634,0.6295679807662964,0.6702693700790405,-0.02679481916129589,0.6313148140907288,0.7065445184707642,-0.022483985871076584,0.6604167819023132,0.6740096211433411,-0.0035851767752319574,0.6543161869049072,0.6368176937103271,-0.03123820573091507,0.6527941823005676,0.6965976357460022,-0.02445027604699135,0.6527712941169739,0.7300587892532349,-0.010664233937859535,0.6907299757003784,0.6890357136726379,-0.016603825613856316,0.6794037222862244,0.6640682220458984,-0.030939806252717972,0.6741243600845337,0.7067726254463196,-0.021496931090950966,0.6732904314994812,0.7302640676498413,-0.009189177304506302
0.6718589067459106,0.8161221742630005,-3.236259260575025e-07,0.627242922782898,0.7808176279067993,-0.008666628040373325,0.6027016043663025,0.7099841237068176,-0.011162037961184978,0.6056167483329773,0.6440971493721008,-0.01722300611436367,0.6104867458343506,0.5932486057281494,-0.020873932167887688,0.5996594429016113,0.6693416237831116,0.01726599596440792,0.5862714648246765,0.6083976626396179,-0.006339890882372856,0.5940406918525696,0.6150454878807068,-0.021078379824757576,0.6067883372306824,0.6400909423828125,-0.025651687756180763,0.6294058561325073,0.6673943400382996,0.011510636657476425,0.6261547803878784,0.620689332485199,-0.015609798952937126,0.629638135433197,0.6732203364372253,-0.022841082885861397,0.6320937871932983,0.7109718918800354,-0.01861482672393322,0.659294605255127,0.6750099062919617,0.00043422559974715114,0.6541539430618286,0.6381261348724365,-0.02674458734691143,0.6526094675064087,0.6964403390884399,-0.020603973418474197,0.6531041860580444,0.7310635447502136,-0.007267084438353777,0.6901108026504517,0.688566267490387,-0.011897144839167595,0.6795467138290405,0.6644588708877563,-0.026403648778796196,0.6741107106208801,0.7062092423439026,-0.01802421547472477,0.673608660697937,0.7298309206962585,-0.00648090336471796
0.6712608933448792,0.8162328004837036,-3.3038409696928284e-07,0.6268131732940674,0.7811543941497803,-0.0080404132604599,0.6021446585655212,0.710926353931427,-0.011025862768292427,0.6054614782333374,0.6454894542694092,-0.017602555453777313,0.6114198565483093,0.59433513879776,-0.021710136905312538,0.5996502637863159,0.6681745648384094,0.014726167544722557,0.5866626501083374,0.6072336435317993,-0.010275499895215034,0.5942971110343933,0.6164165735244751,-0.02544051967561245,0.6056119203567505,0.6433271169662476,-0.030055468901991844,0.6295545697212219,0.6665976047515869,0.008086582645773888,0.6256029605865479,0.6181396245956421,-0.019688479602336884,0.6292728185653687,0.671684980392456,-0.026613114401698112,0.6313865184783936,0.7097383737564087,-0.022149208933115005,0.6596372723579407,0.6751790642738342,-0.003687707707285881,0.6545432209968567,0.6377483010292053,-0.031099701300263405,0.6529478430747986,0.6966304183006287,-0.024219971150159836,0.6529414653778076,0.7311486005783081,-0.01046427246183157,0.6903302669525146,0.6904505491256714,-0.016659574583172798,0.6804276704788208,0.6655207872390747,-0.03115643374621868,0.6746167540550232,0.7072626352310181,-0.022074265405535698,0.6729821562767029,0.731228768825531,-0.010084263980388641
0.6709769368171692,0.8160998821258545,-3.4174718166468665e-07,0.6275255084037781,0.7817166447639465,-0.008286228403449059,0.6031126976013184,0.7118222117424011,-0.011590183712542057,0.6065104007720947,0.6466530561447144,-0.018417373299598694,0.6129363179206848,0.5955443978309631,-0.02272920496761799,0.599940836429596,0.6675015687942505,0.013359207659959793,0.5864133834838867,0.6057009100914001,-0.012011955492198467,0.5939128398895264,0.6161894798278809,-0.0268295556306839,0.6052424311637878,0.6431156992912292,-0.031102124601602554,0.6300950646400452,0.6664729118347168,0.006743217818439007,0.6262651681900024,0.6183005571365356,-0.021209383383393288,0.6294037103652954,0.6728521585464478,-0.027613895013928413,0.6311242580413818,0.7093784213066101,-0.0228093434125185,0.6604709029197693,0.6753686666488647,-0.004992695990949869,0.6548061370849609,0.6382412314414978,-0.03292283043265343,0.6529242992401123,0.6980229616165161,-0.025689905509352684,0.6527485847473145,0.7315159440040588,-0.011623476631939411,0.6908037662506104,0.6909915804862976,-0.017879202961921692,0.6801431775093079,0.6656238436698914,-0.032825712114572525,0.6743913292884827,0.7083368301391602,-0.023509744554758072,0.673182487487793,0.7322697639465332,-0.011266081593930721
0.6711445450782776,0.8161799311637878,-3.3998890103248414e-07,0.6278396248817444,0.7823419570922852,-0.008980889804661274,0.6035507321357727,0.7123780250549316,-0.012537840753793716,0.6068336367607117,0.6461857557296753,-0.019659090787172318,0.6120548844337463,0.5944818258285522,-0.02411571331322193,0.5998020768165588,0.6686791181564331,0.014688626863062382,0.585679292678833,0.6055279970169067,-0.0111734913662076,0.5940804481506348,0.6171526908874512,-0.026783546432852745,0.6065083742141724,0.6457009315490723,-0.031361766159534454,0.6299463510513306,0.667160153388977,0.008586241863667965,0.6262123584747314,0.6197571754455566,-0.01945473812520504,0.6294395923614502,0.6732053160667419,-0.026419898495078087,0.631381094455719,0.7094164490699768,-0.022004147991538048,0.6600362062454224,0.6754319071769714,-0.002911630552262068,0.6538375616073608,0.6385703682899475,-0.030586687847971916,0.6522456407546997,0.6978741884231567,-0.02359449677169323,0.6525877118110657,0.7314003705978394,-0.009728816337883472,0.6905993223190308,0.6898401379585266,-0.015706248581409454,0.6791406869888306,0.6656690239906311,-0.030139729380607605,0.6736770272254944,0.7081307172775269,-0.020889101549983025,0.6731164455413818,0.7313569188117981,-0.008707825094461441
0.6729670763015747,0.8167067170143127,-3.1864320249042066e-07,0.6297810673713684,0.7816413640975952,-0.009362339042127132,0.6058008670806885,0.7127068638801575,-0.012799251824617386,0.6089228391647339,0.6467506885528564,-0.019868742674589157,0.6128634810447693,0.5947353839874268,-0.02436574548482895,0.6004721522331238,0.6694079041481018,0.01706358976662159,0.5858911871910095,0.6075347661972046,-0.00830716360360384,0.5950448513031006,0.6161769032478333,-0.024528440088033676,0.6084591746330261,0.6436444520950317,-0.02957133762538433,0.6304104328155518,0.6677576303482056,0.011295689269900322,0.6270641684532166,0.6209413409233093,-0.01681617647409439,0.6304158568382263,0.672545313835144,-0.025051096454262733,0.632356584072113,0.7098357081413269,-0.021331271156668663,0.6603493094444275,0.6758646368980408,1.6610818420303985e-05,0.655173659324646,0.6389633417129517,-0.02777913399040699,0.653441309928894,0.696925938129425,-0.022168997675180435,0.6533281207084656,0.7310985326766968,-0.009007250890135765,0.6907402276992798,0.6902546882629395,-0.012596577405929565,0.6803698539733887,0.665546178817749,-0.027276791632175446,0.6750512719154358,0.7071411609649658,-0.018752142786979675,0.674318790435791,0.7307159900665283,-0.006904101464897394
0.6748754978179932,0.8169515132904053,-3.3947645761145395e-07,0.6313981413841248,0.781279444694519,-0.008172338828444481,0.6072471737861633,0.7130298614501953,-0.011473819613456726,0.6110371947288513,0.6466981172561646,-0.01861630566418171,0.6160200238227844,0.5944468975067139,-0.02305610664188862,0.6019437313079834,0.6707363128662109,0.015802757814526558,0.5872700810432434,0.6071134209632874,-0.009400624781847,0.5965149998664856,0.6202450394630432,-0.024791890755295753,0.6091049909591675,0.6499330997467041,-0.029209032654762268,0.6318991184234619,0.6694533824920654,0.009510758332908154,0.6283831000328064,0.6228260397911072,-0.017442332580685616,0.6324418783187866,0.6742949485778809,-0.024846592918038368,0.634533166885376,0.7101477384567261,-0.021161051467061043,0.6620215773582458,0.6774047613143921,-0.0020559087861329317,0.6564843654632568,0.6405134797096252,-0.02846870757639408,0.6552549600601196,0.6978437304496765,-0.022064458578824997,0.6552839279174805,0.7308814525604248,-0.009017354808747768,0.6926218271255493,0.6913456320762634,-0.014859090559184551,0.6819167137145996,0.6652690768241882,-0.027916492894291878,0.6767566800117493,0.7064125537872314,-0.018342778086662292,0.6761940121650696,0.7298890352249146,-0.006212223321199417
0.6751189231872559,0.8182662725448608,-3.2107405445458426e-07,0.6315595507621765,0.781665563583374,-0.007713607046753168,0.6073158979415894,0.7135320901870728,-0.010934635065495968,0.6105853319168091,0.6477314829826355,-0.018097316846251488,0.6159093379974365,0.5959188938140869,-0.022663161158561707,0.6014300584793091,0.6714310050010681,0.0162688959389925,0.5870050191879272,0.608562171459198,-0.008922205306589603,0.596964418888092,0.6182456612586975,-0.0247067678719759,0.6105223298072815,0.645298957824707,-0.029508408159017563,0.631293773651123,0.6701586246490479,0.009693050757050514,0.6282386779785156,0.622450053691864,-0.017643414437770844,0.6324812173843384,0.673003613948822,-0.025363720953464508,0.6346791386604309,0.7092424035072327,-0.021772222593426704,0.6614625453948975,0.6780256032943726,-0.0020916115026921034,0.6570072174072266,0.6399641633033752,-0.02882927656173706,0.6558507084846497,0.6969640851020813,-0.022668521851301193,0.6557009816169739,0.7309028506278992,-0.009612753055989742,0.6921815872192383,0.6921756863594055,-0.015090315602719784,0.6827129125595093,0.6649191379547119,-0.02856515534222126,0.6772275567054749,0.7058001160621643,-0.019317420199513435,0.675887942314148,0.7300788760185242,-0.0073028975166380405
0.6746588349342346,0.8173017501831055,-3.4112244406969694e-07,0.630585253238678,0.7839280366897583,-0.007829139940440655,0.6060029864311218,0.7144586443901062,-0.011106733232736588,0.6100311875343323,0.6490210890769958,-0.018284263089299202,0.6161039471626282,0.5988607406616211,-0.022762736305594444,0.6022941470146179,0.6705257892608643,0.014376345090568066,0.587317943572998,0.6073004007339478,-0.01174942497164011,0.5970931053161621,0.6192282438278198,-0.027412232011556625,0.6105783581733704,0.6478999257087708,-0.03196458891034126,0.6321231722831726,0.6689407825469971,0.007443926762789488,0.6281159520149231,0.62080979347229,-0.021027103066444397,0.632503092288971,0.6731014847755432,-0.028231581673026085,0.6348560452461243,0.7091158628463745,-0.023933636024594307,0.6620487570762634,0.6769628524780273,-0.00471128337085247,0.6562318205833435,0.6396969556808472,-0.032206255942583084,0.6554896235466003,0.6980082988739014,-0.02521609514951706,0.6559008359909058,0.731330156326294,-0.01144252996891737,0.6927855610847473,0.6910163164138794,-0.018131831660866737,0.6821703910827637,0.6657277941703796,-0.032062385231256485,0.6770531535148621,0.7073270082473755,-0.0224697757512331,0.6763855814933777,0.7304842472076416,-0.010139751248061657
0.6761806607246399,0.8192167282104492,-3.398798753551091e-07,0.6320610046386719,0.7845271825790405,-0.008818882517516613,0.6070896983146667,0.7142586708068848,-0.012149514630436897,0.6108741164207458,0.6469122171401978,-0.019193023443222046,0.616342306137085,0.5937292575836182,-0.0233983863145113,0.6025030612945557,0.6710471510887146,0.01583678647875786,0.5869203805923462,0.6070947647094727,-0.00962111260741949,0.5962170958518982,0.6214041709899902,-0.024968178942799568,0.6089853048324585,0.651753306388855,-0.029229389503598213,0.6324470043182373,0.6692187190055847,0.009785816073417664,0.6279256343841553,0.6216498613357544,-0.01762475073337555,0.6323876976966858,0.6734166741371155,-0.02509891986846924,0.6353733539581299,0.7092833518981934,-0.02108125574886799,0.6622658371925354,0.6770299673080444,-0.0016764597967267036,0.6561612486839294,0.6405000686645508,-0.028463689610362053,0.6557494401931763,0.698727548122406,-0.022060196846723557,0.6568743586540222,0.731719434261322,-0.008683601394295692,0.6930921077728271,0.6905052661895752,-0.014454583637416363,0.6817064881324768,0.6654424667358398,-0.027695490047335625,0.6768926978111267,0.7075268030166626,-0.01816001906991005,0.6768636703491211,0.7308136820793152,-0.0058625987730920315
0.6757336258888245,0.818888783454895,-3.5721720337278384e-07,0.6325352787971497,0.7850931286811829,-0.00938278529793024,0.6082817912101746,0.7170552015304565,-0.013683612458407879,0.6120525598526001,0.6497775912284851,-0.02151794731616974,0.6171208024024963,0.5968340039253235,-0.02651681937277317,0.6033445596694946,0.6720359921455383,0.013235481455922127,0.5882435441017151,0.6067526340484619,-0.013439278118312359,0.5965238213539124,0.6230985522270203,-0.02905908040702343,0.6087311506271362,0.654268741607666,-0.03337617963552475,0.6333653926849365,0.6706170439720154,0.007249862886965275,0.6293546557426453,0.6236943602561951,-0.020951546728610992,0.6335868835449219,0.677751898765564,-0.027698444202542305,0.6365512609481812,0.7124572396278381,-0.02329428493976593,0.6631305813789368,0.6784235835075378,-0.00415948498994112,0.6565583348274231,0.6415513753890991,-0.03171991929411888,0.6560187935829163,0.701168417930603,-0.02427617833018303,0.6573854684829712,0.7329216599464417,-0.010301252827048302,0.6933929324150085,0.6920902132987976,-0.016923898831009865,0.6817349195480347,0.6676701903343201,-0.030909743160009384,0.6777105331420898,0.7107214331626892,-0.021071674302220345,0.6786902546882629,0.7326451539993286,-0.008526968769729137
0.6757946014404297,0.8199417591094971,-3.432467678976536e-07,0.6320834159851074,0.7849822044372559,-0.008672314696013927,0.6076265573501587,0.7165961861610413,-0.012386569753289223,0.6105705499649048,0.6503781676292419,-0.019704673439264297,0.6156867146492004,0.597869873046875,-0.024332599714398384,0.6019071936607361,0.6733555197715759,0.01436632964760065,0.5873815417289734,0.609304666519165,-0.011494982987642288,0.5962826013565063,0.6217560172080994,-0.027349570766091347,0.6090055704116821,0.6516158580780029,-0.03207695111632347,0.6322445869445801,0.671544075012207,0.008074699901044369,0.6290159821510315,0.6233646273612976,-0.019940625876188278,0.6331331133842468,0.6754794716835022,-0.027337506413459778,0.6355710625648499,0.7128551006317139,-0.023378483951091766,0.66269451379776,0.679247260093689,-0.003507159184664488,0.6575543284416199,0.6411677598953247,-0.030810054391622543,0.6564980745315552,0.6998052597045898,-0.02409382537007332,0.6567739844322205,0.7338798642158508,-0.010627293027937412,0.6939212083816528,0.6932928562164307,-0.01637112908065319,0.6837848424911499,0.6680601239204407,-0.030485615134239197,0.6787732243537903,0.7104135751724243,-0.021251901984214783,0.6781457662582397,0.7337973713874817,-0.009221908636391163
0.6761751174926758,0.8194324970245361,-3.451733903148124e-07,0.6324431896209717,0.7856131196022034,-0.008698875084519386,0.6080725789070129,0.7164011597633362,-0.012086049653589725,0.6112953424453735,0.6499717831611633,-0.019009770825505257,0.6164847612380981,0.5975679159164429,-0.023221762850880623,0.6019012928009033,0.6740648150444031,0.0143964234739542,0.587263286113739,0.6107908487319946,-0.011255922727286816,0.5972011089324951,0.6219650506973267,-0.026762116700410843,0.6109455823898315,0.6509385108947754,-0.031259018927812576,0.6323244571685791,0.6719308495521545,0.008179017342627048,0.6288550496101379,0.6247140169143677,-0.020130814984440804,0.6336530447006226,0.677410900592804,-0.027339577674865723,0.636523425579071,0.7151447534561157,-0.02302415482699871,0.6626008749008179,0.6793622374534607,-0.00334501126781106,0.6576399207115173,0.6429166197776794,-0.030959254130721092,0.6571134328842163,0.7016158103942871,-0.02423969656229019,0.6576415300369263,0.7354141473770142,-0.010606194846332073,0.6935036182403564,0.6928536295890808,-0.016154425218701363,0.6836767196655273,0.6684069037437439,-0.030545156449079514,0.6790230870246887,0.7108921408653259,-0.021438585594296455,0.6783528923988342,0.7342365980148315,-0.009396740235388279
0.6762506365776062,0.8211557269096375,-3.1897914709588804e-07,0.6326547861099243,0.7852279543876648,-0.008535315282642841,0.6080403923988342,0.7173186540603638,-0.012017637491226196,0.6107667684555054,0.6515567302703857,-0.019141292199492455,0.6158339977264404,0.5985476970672607,-0.02377225086092949,0.6026524901390076,0.6740464568138123,0.015781531110405922,0.5877325534820557,0.6130555868148804,-0.00896213948726654,0.5970764756202698,0.6218858957290649,-0.02436784654855728,0.610493004322052,0.64805668592453,-0.02913367934525013,0.632798433303833,0.6721056699752808,0.009497464634478092,0.6293773055076599,0.6244176030158997,-0.018011407926678658,0.6332939267158508,0.6758137941360474,-0.025709396228194237,0.6354583501815796,0.7130272388458252,-0.021948058158159256,0.6629766821861267,0.6797247529029846,-0.002041878877207637,0.6583169102668762,0.6426500678062439,-0.029160670936107635,0.6570471525192261,0.7009474039077759,-0.02320181019604206,0.6569076180458069,0.7348814606666565,-0.010156119242310524,0.6936031579971313,0.6936623454093933,-0.014836322516202927,0.6837124228477478,0.6691738963127136,-0.028883446007966995,0.6785186529159546,0.7113572359085083,-0.02012542448937893,0.6774097084999084,0.7349222302436829,-0.008428484201431274
0.6766836643218994,0.8218698501586914,-3.1495522989644087e-07,0.631846010684967,0.7858799695968628,-0.008191495202481747,0.6077706217765808,0.7160313725471497,-0.010891132988035679,0.6110875010490417,0.6503497958183289,-0.01735675521194935,0.6151761412620544,0.598812460899353,-0.02131512202322483,0.6032090187072754,0.6739429235458374,0.017723478376865387,0.5892462730407715,0.613006591796875,-0.006549193058162928,0.5975072383880615,0.6208875775337219,-0.021875040605664253,0.6097303032875061,0.6461963653564453,-0.026669299229979515,0.6334400177001953,0.6722823977470398,0.011408509686589241,0.6297779679298401,0.6240214109420776,-0.0161741990596056,0.6332208514213562,0.6758219003677368,-0.024018369615077972,0.6348493099212646,0.7133110761642456,-0.020153852179646492,0.6635016798973083,0.6803314685821533,-0.00024560894235037267,0.6586931347846985,0.6432097554206848,-0.027771439403295517,0.6571863293647766,0.7013660669326782,-0.022011060267686844,0.6568464040756226,0.7362070083618164,-0.008823245763778687,0.6939495205879211,0.6942936182022095,-0.013115954585373402,0.6840288043022156,0.6683654189109802,-0.027552442625164986,0.6784535050392151,0.7104254364967346,-0.01885819435119629,0.6767454743385315,0.7353497743606567,-0.007048286497592926
0.6771024465560913,0.822658896446228,-3.0454506827481964e-07,0.6322333216667175,0.7868756651878357,-0.009002670645713806,0.6078680157661438,0.7169273495674133,-0.011675089597702026,0.6105291247367859,0.6512677073478699,-0.017992345616221428,0.6149381399154663,0.5999582409858704,-0.02176053076982498,0.6034442782402039,0.6744773983955383,0.018093552440404892,0.5894482135772705,0.6146619319915771,-0.006270674057304859,0.597933828830719,0.6208077073097229,-0.02171851135790348,0.6107773780822754,0.6440167427062988,-0.026690177619457245,0.6334221363067627,0.672732412815094,0.01215890608727932,0.6295314431190491,0.6242994070053101,-0.015849092975258827,0.6333937048912048,0.6762257814407349,-0.023859655484557152,0.635479748249054,0.7131456732749939,-0.019932251423597336,0.6633492708206177,0.6808579564094543,0.0007739764405414462,0.6585180759429932,0.6430066227912903,-0.027412252500653267,0.6572320461273193,0.7018904685974121,-0.021544180810451508,0.6572296619415283,0.7368320822715759,-0.00798819400370121,0.6939538717269897,0.6951659321784973,-0.01190704945474863,0.6843488216400146,0.6689391136169434,-0.026931677013635635,0.6785107851028442,0.7108659148216248,-0.018403513357043266,0.6766195893287659,0.7357445955276489,-0.006538234651088715
0.6769422888755798,0.8223017454147339,-3.0681329121762246e-07,0.6315715312957764,0.7863516807556152,-0.008280381560325623,0.6071675419807434,0.7163142561912537,-0.010735238902270794,0.6100298762321472,0.6510480642318726,-0.01692252978682518,0.6150203943252563,0.5997377634048462,-0.020758403465151787,0.6034375429153442,0.6743922233581543,0.017872683703899384,0.589934229850769,0.6156935095787048,-0.006456977222114801,0.5976098775863647,0.6219261288642883,-0.021944602951407433,0.6096091270446777,0.644798994064331,-0.027071356773376465,0.6333779096603394,0.6725699305534363,0.011423054151237011,0.6294187307357788,0.6236980557441711,-0.01663951948285103,0.633135199546814,0.6759109497070312,-0.024663468822836876,0.6354252696037292,0.7131368517875671,-0.02075100690126419,0.6634361147880554,0.6806408166885376,-0.0003483825421426445,0.6585354208946228,0.6430870890617371,-0.02861650474369526,0.656995415687561,0.7021124958992004,-0.022745732218027115,0.6569451689720154,0.7369468212127686,-0.009208301082253456,0.6938878297805786,0.6952351331710815,-0.013334610499441624,0.6840210556983948,0.6685498952865601,-0.02842716872692108,0.6781490445137024,0.7107845544815063,-0.019768880680203438,0.6762902140617371,0.7359254360198975,-0.00788459274917841
0.6760693788528442,0.8231568336486816,-3.4127873504985473e-07,0.6319845914840698,0.7903789281845093,-0.008508643135428429,0.6073297262191772,0.718531608581543,-0.011160532012581825,0.6108542680740356,0.6522935628890991,-0.01735583506524563,0.6156303882598877,0.6018861532211304,-0.020679518580436707,0.603831946849823,0.6751301288604736,0.015445171855390072,0.5895808339118958,0.6129434108734131,-0.01001879945397377,0.5982650518417358,0.6266655921936035,-0.02533210627734661,0.6099916100502014,0.656284511089325,-0.029688028618693352,0.6337311863899231,0.6734769344329834,0.009187250398099422,0.6293066740036011,0.6249784827232361,-0.018490854650735855,0.6337109804153442,0.677264392375946,-0.025575648993253708,0.6359681487083435,0.7136607766151428,-0.02112639881670475,0.6634155511856079,0.6821779012680054,-0.0024215884041041136,0.658075749874115,0.6456719636917114,-0.029551750048995018,0.6572004556655884,0.7040578126907349,-0.022769445553421974,0.6574962735176086,0.7375311851501465,-0.009053975343704224,0.6941342353820801,0.6965873837471008,-0.015316542237997055,0.6837338805198669,0.6726533770561218,-0.029171818867325783,0.6789849400520325,0.7141611576080322,-0.019841862842440605,0.6783412098884583,0.7367832660675049,-0.007657135836780071
0.6770194172859192,0.8249931931495667,-3.4280574823242205e-07,0.6330011487007141,0.7904384732246399,-0.008154151029884815,0.6085837483406067,0.7206186652183533,-0.011158100329339504,0.6111536026000977,0.65448397397995,-0.01779734343290329,0.6151906251907349,0.6025914549827576,-0.021631306037306786,0.6031389832496643,0.6780785918235779,0.014938892796635628,0.5879292488098145,0.6146195530891418,-0.010860675014555454,0.5975533127784729,0.6261104345321655,-0.026357334107160568,0.6110820174217224,0.6544884443283081,-0.03082946687936783,0.6333279013633728,0.6762879490852356,0.008446214720606804,0.629568338394165,0.6284608244895935,-0.019797878339886665,0.6338899731636047,0.6806507110595703,-0.026841018348932266,0.6365253329277039,0.7169917821884155,-0.022498885169625282,0.6633830070495605,0.6843504905700684,-0.0033635927829891443,0.6582034230232239,0.6471360325813293,-0.030833618715405464,0.6574904322624207,0.705295979976654,-0.023826511576771736,0.6584764122962952,0.7383999824523926,-0.010008484125137329,0.6944640874862671,0.6981697678565979,-0.01644478552043438,0.6840054392814636,0.672848105430603,-0.03036915510892868,0.6790911555290222,0.7142577767372131,-0.02104448899626732,0.6788812875747681,0.7367229461669922,-0.008931734599173069
0.6779489517211914,0.8256751894950867,-3.3974771440625773e-07,0.6338562965393066,0.7911760807037354,-0.008247937075793743,0.6094501614570618,0.7219358682632446,-0.01123194582760334,0.6122956275939941,0.6552131772041321,-0.01789228990674019,0.616360068321228,0.6026157736778259,-0.021826941519975662,0.6038402318954468,0.6788634657859802,0.015770087018609047,0.5883436799049377,0.6153114438056946,-0.009600624442100525,0.5979925990104675,0.6275436282157898,-0.025095388293266296,0.6113236546516418,0.6564242243766785,-0.02958846092224121,0.6340444087982178,0.6769439578056335,0.00939762219786644,0.6301414370536804,0.6291541457176208,-0.018641697242856026,0.6345815658569336,0.6812439560890198,-0.026197589933872223,0.6371772289276123,0.7182987928390503,-0.02215302176773548,0.663992702960968,0.6848294138908386,-0.002268729265779257,0.6584563851356506,0.6480169296264648,-0.029412785544991493,0.6579767465591431,0.7063028812408447,-0.023005876690149307,0.6588358879089355,0.7394680976867676,-0.00962812639772892,0.6947304606437683,0.6985988616943359,-0.015207728371024132,0.6841481328010559,0.6743795871734619,-0.02884860523045063,0.679652988910675,0.7162057757377625,-0.019678689539432526,0.6796509623527527,0.7385777235031128,-0.007673708256334066
0.6785289645195007,0.8258165121078491,-3.165187081322074e-07,0.6349456310272217,0.7900204658508301,-0.00830882415175438,0.6104934215545654,0.7211015820503235,-0.011661075055599213,0.6131598353385925,0.6562613248825073,-0.018591756001114845,0.6185325384140015,0.6047124862670898,-0.022959718480706215,0.6045934557914734,0.6776644587516785,0.015109804458916187,0.591078519821167,0.6168093681335449,-0.010498483665287495,0.5996648669242859,0.6233691573143005,-0.02587279863655567,0.6133189797401428,0.6493694186210632,-0.030246064066886902,0.6349987387657166,0.6763306856155396,0.008611795492470264,0.632667601108551,0.6276331543922424,-0.01993710547685623,0.6367819905281067,0.6803146004676819,-0.02674979716539383,0.6397067308425903,0.7175900936126709,-0.02176477201282978,0.6653728485107422,0.6845474243164062,-0.003165136557072401,0.6613560914993286,0.6493840217590332,-0.031321775168180466,0.6604924201965332,0.7072168588638306,-0.024423399940133095,0.6611434817314148,0.7394061088562012,-0.010286906734108925,0.6958062648773193,0.698840320110321,-0.016163088381290436,0.6863968372344971,0.6742784976959229,-0.03061213344335556,0.6820725798606873,0.7157847285270691,-0.021136635914444923,0.6820618510246277,0.7375844717025757,-0.00872317049652338
0.6791656613349915,0.8245631456375122,-2.9374476184784726e-07,0.6347107291221619,0.7894567251205444,-0.008313396014273167,0.6100836992263794,0.7215699553489685,-0.01191819179803133,0.6137386560440063,0.6572147607803345,-0.019253401085734367,0.6206185817718506,0.6063172817230225,-0.024061525240540504,0.6050767302513123,0.6760209798812866,0.01544976606965065,0.5918880701065063,0.615504801273346,-0.010307934135198593,0.6003459692001343,0.6228907108306885,-0.026236532256007195,0.6123799085617065,0.6486262083053589,-0.031051211059093475,0.6354003548622131,0.6748027801513672,0.008779104799032211,0.6320170760154724,0.6231640577316284,-0.019725099205970764,0.6357817649841309,0.67449551820755,-0.02752990834414959,0.6376215219497681,0.7116810083389282,-0.02318591997027397,0.6658118367195129,0.6831275820732117,-0.003067831275984645,0.6613511443138123,0.6463700532913208,-0.03140606731176376,0.6598317623138428,0.7047375440597534,-0.025331100448966026,0.6594929099082947,0.7388870120048523,-0.01147964783012867,0.6962723135948181,0.6981911063194275,-0.01608365774154663,0.6870340704917908,0.6718074679374695,-0.030670475214719772,0.6817595362663269,0.7135279774665833,-0.021284041926264763,0.6802559494972229,0.7378159165382385,-0.008733682334423065
0.6784843802452087,0.8220353126525879,-3.0101693937467644e-07,0.6348726749420166,0.7868571877479553,-0.007821902632713318,0.6115877032279968,0.7188921570777893,-0.010766581632196903,0.6158155202865601,0.6539511680603027,-0.017547868192195892,0.621313750743866,0.6032232046127319,-0.02197417803108692,0.6065962314605713,0.6764550805091858,0.016888879239559174,0.5913987159729004,0.6163057684898376,-0.00753299193456769,0.5995842218399048,0.6217529773712158,-0.02265816181898117,0.6131579875946045,0.6462380886077881,-0.027236245572566986,0.6363589763641357,0.6751525402069092,0.010206197388470173,0.6331402063369751,0.6255443692207336,-0.017426786944270134,0.6365078687667847,0.6771696209907532,-0.02485642209649086,0.6383981704711914,0.7139892578125,-0.02055276185274124,0.6663737893104553,0.6832559704780579,-0.001644810545258224,0.6613958477973938,0.6456877589225769,-0.02930806390941143,0.6600378155708313,0.7039270401000977,-0.022816022858023643,0.6601244807243347,0.7375552654266357,-0.009035469964146614,0.6965294480323792,0.69785076379776,-0.01468715537339449,0.6867953538894653,0.6715851426124573,-0.029184458777308464,0.6819703578948975,0.7130747437477112,-0.019886599853634834,0.6813977956771851,0.7365038394927979,-0.007591223809868097
0.6788448691368103,0.8222552537918091,-3.22188839163573e-07,0.6351487636566162,0.7874488830566406,-0.008022667840123177,0.6105455160140991,0.717220664024353,-0.010633754543960094,0.6139252185821533,0.6516910791397095,-0.016964275389909744,0.6192022562026978,0.6005269885063171,-0.020765600726008415,0.605854332447052,0.6758340001106262,0.015752922743558884,0.5924144387245178,0.6142961978912354,-0.008864829316735268,0.6014745235443115,0.6236696243286133,-0.023821424692869186,0.6136771440505981,0.6499134302139282,-0.02831057459115982,0.6358015537261963,0.6740007400512695,0.009227778762578964,0.6322193145751953,0.6258875131607056,-0.017997577786445618,0.6365126967430115,0.6784766912460327,-0.025064188987016678,0.638577938079834,0.7153661847114563,-0.02086605131626129,0.6658891439437866,0.6820994019508362,-0.0024961023591458797,0.6612075567245483,0.6442714333534241,-0.029383430257439613,0.6602508425712585,0.7029350399971008,-0.022462552413344383,0.6603357791900635,0.7369719743728638,-0.008770608343183994,0.6965404152870178,0.6968111991882324,-0.015468383207917213,0.6873460412025452,0.6705754995346069,-0.029209522530436516,0.6820934414863586,0.7117856740951538,-0.019787060096859932,0.6807523965835571,0.7353190183639526,-0.007672918029129505
0.6796868443489075,0.822979748249054,-3.2289221962855663e-07,0.6359585523605347,0.7871975302696228,-0.00890420377254486,0.6118437051773071,0.7193012833595276,-0.011931823566555977,0.6144390106201172,0.6547451615333557,-0.01851448230445385,0.6182974576950073,0.603232741355896,-0.02259880304336548,0.6062073111534119,0.674110472202301,0.01734117977321148,0.5920007228851318,0.6146420240402222,-0.007198574487119913,0.600353479385376,0.6238762736320496,-0.022292474284768105,0.6120867729187012,0.648533046245575,-0.026821594685316086,0.6364583969116211,0.6722115278244019,0.011348526924848557,0.6322196125984192,0.625450074672699,-0.01631891541182995,0.6365371346473694,0.6796022057533264,-0.02378581464290619,0.6386405229568481,0.7167375087738037,-0.019445301964879036,0.666803240776062,0.6801665425300598,-3.385362651897594e-05,0.6607927680015564,0.6453247666358948,-0.02797471173107624,0.6602164506912231,0.7049089670181274,-0.02189486287534237,0.6606769561767578,0.7386232614517212,-0.00820100400596857,0.6971949338912964,0.6946965456008911,-0.012647409923374653,0.6863808035850525,0.6707733869552612,-0.02734834887087345,0.6816194653511047,0.713870644569397,-0.018474379554390907,0.680891215801239,0.7378690242767334,-0.006321005988866091
0.6793725490570068,0.8233702182769775,-3.0841982834317605e-07,0.6359429955482483,0.7908309102058411,-0.009554851800203323,0.6118146181106567,0.7202343940734863,-0.01284495834261179,0.6147589683532715,0.6540840864181519,-0.01950337365269661,0.6183407306671143,0.6034725904464722,-0.023347916081547737,0.605046808719635,0.676923394203186,0.015809552744030952,0.5906640887260437,0.614726722240448,-0.009984702803194523,0.6004492044448853,0.6223016381263733,-0.026090404018759727,0.6142407655715942,0.6494540572166443,-0.03099522553384304,0.6349021792411804,0.6747324466705322,0.010059617459774017,0.6317646503448486,0.6260905265808105,-0.018369117751717567,0.6361564993858337,0.6770097613334656,-0.02619602344930172,0.6378756165504456,0.7136836647987366,-0.02213883213698864,0.6646809577941895,0.6824308633804321,-0.0011748498072847724,0.660179853439331,0.6448944211006165,-0.029312865808606148,0.6590399146080017,0.7029414772987366,-0.023083660751581192,0.6586955189704895,0.737044632434845,-0.00950504932552576,0.6953251361846924,0.696071445941925,-0.013761667534708977,0.6854270100593567,0.6724362373352051,-0.028837352991104126,0.6808030009269714,0.7140718102455139,-0.020179977640509605,0.6799651384353638,0.7368484735488892,-0.008204433135688305
0.6787006258964539,0.8224586248397827,-3.3087471251747047e-07,0.6356424689292908,0.7891026139259338,-0.008785597048699856,0.6114618182182312,0.7203885316848755,-0.012293082661926746,0.6145005226135254,0.6549794673919678,-0.01929701678454876,0.6187455654144287,0.6036046743392944,-0.0236339308321476,0.6050781607627869,0.6770175695419312,0.014587261714041233,0.5902410745620728,0.6154794692993164,-0.01115399319678545,0.6007714867591858,0.6249151229858398,-0.026871591806411743,0.6150942444801331,0.6520277857780457,-0.03157300874590874,0.6353838443756104,0.6748210787773132,0.008320973254740238,0.6324383020401001,0.6278354525566101,-0.02031479775905609,0.6376860737800598,0.6816502809524536,-0.027383899316191673,0.6402202844619751,0.7191990613937378,-0.022784147411584854,0.6654847860336304,0.6827687621116638,-0.0032848906703293324,0.6609402298927307,0.6471928358078003,-0.03133390471339226,0.660591185092926,0.7062467336654663,-0.02461603842675686,0.6608172059059143,0.7394936680793762,-0.010801018215715885,0.6959559917449951,0.6967795491218567,-0.016172083094716072,0.686717689037323,0.6737144589424133,-0.030932961031794548,0.6823039650917053,0.7160691618919373,-0.022003697231411934,0.6814794540405273,0.738256573677063,-0.00999064464122057
0.6791014075279236,0.8245954513549805,-3.149226586174336e-07,0.6353942155838013,0.7911304831504822,-0.00864982046186924,0.6112788915634155,0.7220413684844971,-0.011822426691651344,0.6142213344573975,0.6565404534339905,-0.01847964897751808,0.6187012791633606,0.6054021120071411,-0.0226199459284544,0.6051510572433472,0.6783252954483032,0.015796860679984093,0.5912811756134033,0.6181815266609192,-0.008994754403829575,0.600196897983551,0.624416708946228,-0.024500016123056412,0.6135215163230896,0.6491979360580444,-0.029462413862347603,0.6355733275413513,0.6759342551231384,0.009519367478787899,0.6321628093719482,0.6278631091117859,-0.0185680128633976,0.6363701820373535,0.6805800199508667,-0.02579556405544281,0.6384210586547852,0.7181397676467896,-0.021460620686411858,0.6657389998435974,0.6837005615234375,-0.0020543441642075777,0.660634458065033,0.6468290686607361,-0.029903115704655647,0.6595140695571899,0.7054281830787659,-0.02327563241124153,0.6598177552223206,0.7397204041481018,-0.009586626663804054,0.6966695189476013,0.6976605653762817,-0.014918497763574123,0.6867112517356873,0.6742046475410461,-0.02998071350157261,0.6816170811653137,0.716081440448761,-0.02135612629354,0.6805572509765625,0.7389324903488159,-0.009587971493601799
0.6790279746055603,0.8249043822288513,-3.0299088393803686e-07,0.6348742246627808,0.7925324440002441,-0.008739043027162552,0.6103078126907349,0.723529577255249,-0.012149671092629433,0.6138764023780823,0.6571542620658875,-0.019128849729895592,0.6194072961807251,0.6054964065551758,-0.023709306493401527,0.6049542427062988,0.680202841758728,0.015573046170175076,0.5912612080574036,0.6186267137527466,-0.009754734113812447,0.6001608371734619,0.6262947916984558,-0.025765666738152504,0.6129503846168518,0.6516895890235901,-0.030969994142651558,0.6353131532669067,0.6778554916381836,0.009176930412650108,0.632097601890564,0.6280443668365479,-0.018938912078738213,0.6359423398971558,0.6797372698783875,-0.026806801557540894,0.6375870704650879,0.7167015075683594,-0.022954745218157768,0.66557776927948,0.6854287385940552,-0.0024807541631162167,0.6606429219245911,0.6472381353378296,-0.030470743775367737,0.6593397259712219,0.7064450979232788,-0.024168485775589943,0.6590428352355957,0.7410748600959778,-0.010629606433212757,0.6963728070259094,0.6993798017501831,-0.015390018001198769,0.6860288381576538,0.6749184131622314,-0.03036677837371826,0.6811578869819641,0.7175927758216858,-0.021376047283411026,0.680071234703064,0.7415142059326172,-0.009290331043303013
0.677615225315094,0.823632538318634,-3.3673683219603845e-07,0.6339304447174072,0.791592001914978,-0.00859000813215971,0.6103666424751282,0.7228249907493591,-0.011954969726502895,0.6146286129951477,0.6561793684959412,-0.018699534237384796,0.6193580627441406,0.6045693159103394,-0.02275492437183857,0.6044860482215881,0.6794486045837402,0.01368924230337143,0.5905029773712158,0.616278886795044,-0.012572485022246838,0.5995309352874756,0.6279621720314026,-0.02823668345808983,0.6126312613487244,0.6573473811149597,-0.03269784152507782,0.6350526809692383,0.6782958507537842,0.007258282974362373,0.6321732401847839,0.628553032875061,-0.021502893418073654,0.635989785194397,0.6827860474586487,-0.0283245500177145,0.6377336382865906,0.7204714417457581,-0.023506253957748413,0.6651571989059448,0.6869264245033264,-0.00444695632904768,0.6606352925300598,0.6490463614463806,-0.03252839297056198,0.6593534350395203,0.7088099122047424,-0.02525891736149788,0.6591116786003113,0.7423167824745178,-0.011088382452726364,0.6956179141998291,0.7012962698936462,-0.01738777570426464,0.6859354972839355,0.676703155040741,-0.03233375400304794,0.6814789772033691,0.7191684246063232,-0.023009365424513817,0.6806968450546265,0.7417045831680298,-0.010670863091945648
0.6795666813850403,0.8274990320205688,-3.2404923899775895e-07,0.6351092457771301,0.7934104800224304,-0.007815517485141754,0.6109058856964111,0.7251490950584412,-0.010988018475472927,0.6151739358901978,0.6591740250587463,-0.017916996031999588,0.6195548176765442,0.6067568063735962,-0.022480150684714317,0.6048478484153748,0.681455671787262,0.01620025560259819,0.5901748538017273,0.6206141114234924,-0.008320154622197151,0.5989787578582764,0.6291597485542297,-0.023573793470859528,0.6123309135437012,0.6558095812797546,-0.028273766860365868,0.6351942420005798,0.6793990135192871,0.009414811618626118,0.632154107093811,0.6310716867446899,-0.017547912895679474,0.6357471942901611,0.6840213537216187,-0.02461407147347927,0.6379323601722717,0.72125643491745,-0.02049189805984497,0.6655427813529968,0.6873477697372437,-0.0025909491814672947,0.6602391600608826,0.6494180560112,-0.029375296086072922,0.658790647983551,0.7080491185188293,-0.022755667567253113,0.6593325734138489,0.7414737939834595,-0.009444034658372402,0.6965099573135376,0.7017903923988342,-0.01582898385822773,0.6861376762390137,0.6761521100997925,-0.02997075393795967,0.6811708211898804,0.7181429862976074,-0.020867392420768738,0.6808295249938965,0.7410066723823547,-0.008990621194243431
0.6780319213867188,0.8254488110542297,-3.2770816460470087e-07,0.6341087818145752,0.7914152145385742,-0.00774900708347559,0.6101157665252686,0.7226495146751404,-0.011364594101905823,0.6141952276229858,0.6566483378410339,-0.018735641613602638,0.6197418570518494,0.6043849587440491,-0.023368827998638153,0.604993999004364,0.6794570684432983,0.014509541913866997,0.5898951888084412,0.616825520992279,-0.011467590928077698,0.5990852117538452,0.630340039730072,-0.027310645207762718,0.6120054125785828,0.6607608795166016,-0.03197368234395981,0.6352859735488892,0.6782933473587036,0.007475315127521753,0.6322264671325684,0.6277188658714294,-0.020763833075761795,0.6363338232040405,0.6807118058204651,-0.028098214417696,0.6383562684059143,0.7187539935112,-0.02383006364107132,0.6652607917785645,0.6871426701545715,-0.004743774887174368,0.6602321863174438,0.6493991017341614,-0.031730055809020996,0.6592287421226501,0.7080560326576233,-0.024771297350525856,0.6592596769332886,0.7418408989906311,-0.011085585691034794,0.695669949054718,0.7018207907676697,-0.018190383911132812,0.6855883598327637,0.6757857799530029,-0.03143685311079025,0.6808689832687378,0.7172276973724365,-0.02150590717792511,0.6801033020019531,0.7399635910987854,-0.009077957831323147
0.6785245537757874,0.8278032541275024,-3.245486368541606e-07,0.6347254514694214,0.7922760844230652,-0.007963648997247219,0.6112077832221985,0.7243075370788574,-0.011361598037183285,0.6159176826477051,0.6581918597221375,-0.01850680075585842,0.6209373474121094,0.605242133140564,-0.023031236603856087,0.6046705842018127,0.68159019947052,0.016217829659581184,0.5891953110694885,0.6188358068466187,-0.009005927480757236,0.5988324284553528,0.6299999952316284,-0.02495810203254223,0.6123175621032715,0.6595039963722229,-0.029908262193202972,0.635034441947937,0.6793423295021057,0.009467583149671555,0.6317799687385559,0.6306610107421875,-0.017891881987452507,0.6360486745834351,0.6819610595703125,-0.025701431557536125,0.6382112503051758,0.719556450843811,-0.022157371044158936,0.6653965711593628,0.6873438358306885,-0.002548440359532833,0.6597386598587036,0.6491223573684692,-0.0291664469987154,0.6586886644363403,0.7073163390159607,-0.02273300290107727,0.6590297818183899,0.7413330674171448,-0.009635870344936848,0.6965315341949463,0.7016161680221558,-0.015832064673304558,0.6856851577758789,0.6769380569458008,-0.02934461645781994,0.6809607744216919,0.7183152437210083,-0.020034756511449814,0.6807659864425659,0.7406136393547058,-0.008113297633826733
0.679224967956543,0.8272358775138855,-3.3738604088284774e-07,0.6357642412185669,0.7924033403396606,-0.008040876127779484,0.6119586825370789,0.724080502986908,-0.011239231564104557,0.6155197620391846,0.6585800647735596,-0.018300777301192284,0.6221720576286316,0.6062611937522888,-0.02267378568649292,0.6070849299430847,0.678781270980835,0.017178187146782875,0.5927823781967163,0.6160843372344971,-0.008262748830020428,0.6010023355484009,0.6287456750869751,-0.02413766086101532,0.6130293607711792,0.6583085060119629,-0.02897564135491848,0.6373351812362671,0.6772662401199341,0.010473895817995071,0.633820652961731,0.629046618938446,-0.01729937456548214,0.6370941400527954,0.681874692440033,-0.025243079289793968,0.6391828656196594,0.7184206247329712,-0.021517233923077583,0.6672729849815369,0.6858537197113037,-0.0015764075797051191,0.6615804433822632,0.6485798954963684,-0.028702804818749428,0.659890353679657,0.7072807550430298,-0.022352587431669235,0.6602315902709961,0.7403640151023865,-0.00903332605957985,0.697485089302063,0.7006484866142273,-0.01489795371890068,0.6866433620452881,0.676489531993866,-0.02854202315211296,0.6815802454948425,0.7186424136161804,-0.019087757915258408,0.6813197135925293,0.7411268353462219,-0.006889661308377981
0.679807722568512,0.8277312517166138,-3.491059032967314e-07,0.6369585990905762,0.7949011325836182,-0.010146989487111568,0.6124743819236755,0.7230005860328674,-0.013646868988871574,0.6149623394012451,0.6555250287055969,-0.020536433905363083,0.6199018955230713,0.6026250123977661,-0.02435259148478508,0.6069200038909912,0.6782355308532715,0.01585373841226101,0.5921993255615234,0.6143733263015747,-0.011110734194517136,0.6014962792396545,0.628879725933075,-0.027575204148888588,0.614423394203186,0.6599229574203491,-0.03236519917845726,0.6370673179626465,0.6766064763069153,0.010307112708687782,0.6331869959831238,0.6284294724464417,-0.018712814897298813,0.6371203660964966,0.6822948455810547,-0.026281308382749557,0.6395030617713928,0.7189028263092041,-0.02190135419368744,0.6667888164520264,0.6853439211845398,-0.001016199472360313,0.6613487601280212,0.6474748253822327,-0.02961508370935917,0.66005939245224,0.7074880003929138,-0.022808915004134178,0.6605774164199829,0.7413733005523682,-0.008691905066370964,0.6972047090530396,0.6999504566192627,-0.01377241313457489,0.6864326000213623,0.6752350926399231,-0.028881210833787918,0.6816270351409912,0.718381404876709,-0.01981884427368641,0.6812896728515625,0.7414791584014893,-0.007480765227228403
0.6801844239234924,0.828850269317627,-3.169396336488717e-07,0.6361308097839355,0.7915656566619873,-0.008578388951718807,0.6121608018875122,0.7238261103630066,-0.012391760013997555,0.6146329641342163,0.6586695909500122,-0.020118465647101402,0.6194261312484741,0.6065092086791992,-0.025333618745207787,0.6067022681236267,0.6789305210113525,0.0178909283131361,0.5923925638198853,0.6182072758674622,-0.008509963750839233,0.6016393303871155,0.6275154948234558,-0.02571246214210987,0.6153910160064697,0.6534882187843323,-0.031446803361177444,0.6368765234947205,0.6774417757987976,0.011295384727418423,0.6335849165916443,0.6288782358169556,-0.017952758818864822,0.637636661529541,0.6817873120307922,-0.026547463610768318,0.6405318975448608,0.7197234630584717,-0.022908562794327736,0.6668825149536133,0.6856467723846436,-0.0008340611821040511,0.6612823605537415,0.6482610106468201,-0.029506320133805275,0.6603190302848816,0.7070721983909607,-0.023360328748822212,0.6615223288536072,0.7417973279953003,-0.009566576220095158,0.6974829435348511,0.700454592704773,-0.014295097440481186,0.6867895126342773,0.6746711134910583,-0.02890048176050186,0.6821007132530212,0.7170685529708862,-0.019719954580068588,0.6822600960731506,0.7409290075302124,-0.007388279773294926
0.6790168285369873,0.8264303803443909,-3.3492455031591817e-07,0.6350889205932617,0.7906564474105835,-0.007932962849736214,0.6119585633277893,0.7202264070510864,-0.010441003367304802,0.6156245470046997,0.6556899547576904,-0.016733650118112564,0.6212848424911499,0.6058357954025269,-0.020445555448532104,0.6082707047462463,0.6767285466194153,0.01723593845963478,0.5946657657623291,0.6161678433418274,-0.007896464318037033,0.6022308468818665,0.6266282796859741,-0.02334635891020298,0.6137688755989075,0.6527920961380005,-0.0280771441757679,0.6383450627326965,0.6759480834007263,0.010503306053578854,0.6345843076705933,0.6276145577430725,-0.017802942544221878,0.637848973274231,0.6813861727714539,-0.025287233293056488,0.6397945284843445,0.7181342244148254,-0.020948225632309914,0.6681831479072571,0.6855394244194031,-0.0015749817248433828,0.6626134514808655,0.6492078900337219,-0.029735617339611053,0.6608865261077881,0.7082722187042236,-0.02324444241821766,0.6611474752426147,0.7416003942489624,-0.00942171085625887,0.6981896162033081,0.7012529969215393,-0.0148710235953331,0.6878211498260498,0.6765005588531494,-0.02951805293560028,0.6824696660041809,0.7186266779899597,-0.020405953750014305,0.6817931532859802,0.7414549589157104,-0.008271336555480957
0.6797176599502563,0.8279785513877869,-3.2660398119332967e-07,0.6363568305969238,0.7937713861465454,-0.009247501380741596,0.612107515335083,0.7224352955818176,-0.01244048960506916,0.61455899477005,0.6565051674842834,-0.019170382991433144,0.6193377375602722,0.6051368713378906,-0.02316337265074253,0.6082048416137695,0.6780136227607727,0.016491731628775597,0.5931826233863831,0.6167510747909546,-0.009343324229121208,0.6019734740257263,0.6265873312950134,-0.025417044758796692,0.6152220368385315,0.6537845730781555,-0.030391808599233627,0.6381467580795288,0.6764358282089233,0.010466508567333221,0.6342342495918274,0.628777265548706,-0.017970724031329155,0.6376457810401917,0.681891143321991,-0.02539067529141903,0.639854371547699,0.7183421850204468,-0.02103661186993122,0.6678134799003601,0.6854626536369324,-0.0011425931006669998,0.6623426675796509,0.6489827632904053,-0.02922055497765541,0.6607287526130676,0.7072691321372986,-0.0224651750177145,0.6617137789726257,0.7403957843780518,-0.008519872091710567,0.6982876658439636,0.700350821018219,-0.01414764765650034,0.6876367926597595,0.6767154335975647,-0.028774414211511612,0.6823420524597168,0.718209981918335,-0.019780447706580162,0.6822385191917419,0.7403789758682251,-0.007660939358174801
