0,1,2,3,4,5,6,7,8,9,10,11,12,13,14,15,16,17,18,19,20,21,22,23,24,25,26,27,28,29,30,31,32,33,34,35,36,37,38,39,40,41,42,43,44,45,46,47,48,49,50,51,52,53,54,55,56,57,58,59,60,61,62
0.6814329624176025,0.8264032602310181,-3.223742055524781e-07,0.6380982995033264,0.7916930317878723,-0.009046899154782295,0.6136650443077087,0.721601128578186,-0.013106316328048706,0.6172826290130615,0.6554448008537292,-0.020557263866066933,0.6235859990119934,0.6025097370147705,-0.02537987008690834,0.6089880466461182,0.6793432831764221,0.012708949856460094,0.594661295413971,0.6166555881500244,-0.012772834859788418,0.6034699082374573,0.6247693300247192,-0.028048623353242874,0.6163877844810486,0.6532297134399414,-0.0324629582464695,0.6389975547790527,0.6778582334518433,0.0065526110120117664,0.6361932754516602,0.6298957467079163,-0.02144298329949379,0.6396523118019104,0.6818706393241882,-0.028314489871263504,0.6413404941558838,0.7203614115715027,-0.023884238675236702,0.6691534519195557,0.6862203478813171,-0.004778006114065647,0.664348304271698,0.6489827632904053,-0.031845662742853165,0.6631987690925598,0.706371009349823,-0.024776577949523926,0.663246214389801,0.740348756313324,-0.011098036542534828,0.6995930075645447,0.7008996605873108,-0.017422012984752655,0.6899616122245789,0.6758845448493958,-0.031369179487228394,0.6849803924560547,0.7166419625282288,-0.022030556574463844,0.6843115091323853,0.7393609285354614,-0.009984283708035946
0.6817550659179688,0.8241334557533264,-3.2940789651547675e-07,0.638731837272644,0.7899842858314514,-0.008734549395740032,0.6147892475128174,0.7214901447296143,-0.013165812939405441,0.6192888021469116,0.6559315323829651,-0.02115037851035595,0.6263373494148254,0.6031410694122314,-0.026355760172009468,0.6092031002044678,0.6782194375991821,0.01215557474642992,0.5937314629554749,0.614717960357666,-0.01451797317713499,0.6028560996055603,0.6256742477416992,-0.03053618036210537,0.6161331534385681,0.655391275882721,-0.03530338779091835,0.6394047737121582,0.6769726872444153,0.0054786610417068005,0.636138379573822,0.6271530389785767,-0.023301193490624428,0.6400600075721741,0.6803489923477173,-0.030229836702346802,0.6421381235122681,0.7186443209648132,-0.02581215091049671,0.6696277260780334,0.6856180429458618,-0.00641509797424078,0.6642844676971436,0.647169291973114,-0.03403407335281372,0.6632660627365112,0.7057448625564575,-0.026453690603375435,0.6636693477630615,0.7400065064430237,-0.012374932877719402,0.7001804709434509,0.7006652355194092,-0.019643496721982956,0.6905609965324402,0.6744991540908813,-0.03400297090411186,0.6851852536201477,0.7157949209213257,-0.024422550573945045,0.6838882565498352,0.7393752336502075,-0.01214542705565691
0.6818059682846069,0.8251314163208008,-3.2510612868463795e-07,0.6386290192604065,0.7905492782592773,-0.008159267716109753,0.6149255037307739,0.7210735082626343,-0.011922060512006283,0.6194252967834473,0.6550785899162292,-0.01927374117076397,0.625280499458313,0.6024300456047058,-0.024171961471438408,0.6092097759246826,0.6776847839355469,0.01385375764220953,0.5956119298934937,0.6152937412261963,-0.011623678728938103,0.6042574048042297,0.6231516599655151,-0.02716239169239998,0.6170533299446106,0.6522020101547241,-0.0316593311727047,0.6395190954208374,0.6764139533042908,0.0072367931716144085,0.6367038488388062,0.6274035573005676,-0.020160097628831863,0.6403917670249939,0.6793915033340454,-0.026857826858758926,0.6421043276786804,0.717695951461792,-0.02237803116440773,0.6698273420333862,0.6849449872970581,-0.004550175275653601,0.6648592352867126,0.6475104093551636,-0.0316811129450798,0.6635233759880066,0.7055055499076843,-0.02457866445183754,0.6634582877159119,0.7397096157073975,-0.010864443145692348,0.700400710105896,0.6999230980873108,-0.017537612468004227,0.6901562809944153,0.6733574271202087,-0.031903382390737534,0.685565173625946,0.7149350643157959,-0.022347548976540565,0.6850900650024414,0.7384047508239746,-0.010067696683108807
0.6818886995315552,0.8228875398635864,-3.161307517984824e-07,0.6384521126747131,0.7888314723968506,-0.008829712867736816,0.6146619915962219,0.7193522453308105,-0.012396297417581081,0.6194598078727722,0.6537240743637085,-0.019465619698166847,0.6263073682785034,0.6023921370506287,-0.0240537878125906,0.6091873049736023,0.6771286129951477,0.013690071180462837,0.5961083769798279,0.6145915389060974,-0.011644442565739155,0.6051815152168274,0.6212044358253479,-0.0267521720379591,0.6182380318641663,0.6470984220504761,-0.03116516023874283,0.6395455598831177,0.6764366030693054,0.007379135582596064,0.6370681524276733,0.6270811557769775,-0.021128222346305847,0.6405505537986755,0.6798771023750305,-0.02811283990740776,0.6416938304901123,0.7176530957221985,-0.02345697581768036,0.6699272990226746,0.6849707365036011,-0.004116736352443695,0.665587306022644,0.646868884563446,-0.032471559941768646,0.6640220880508423,0.7054991722106934,-0.025730596855282784,0.6632227301597595,0.7397629022598267,-0.011761412024497986,0.7003282904624939,0.6998365521430969,-0.0168148223310709,0.6908488869667053,0.6728493571281433,-0.03233344852924347,0.6857965588569641,0.7151321768760681,-0.02331533096730709,0.6845318078994751,0.7395657300949097,-0.011076468974351883
0.6812448501586914,0.8211159706115723,-3.15699850261808e-07,0.6376702785491943,0.7855611443519592,-0.0080077163875103,0.614688515663147,0.7164347171783447,-0.0110823605209589,0.6203823089599609,0.6525840759277344,-0.01790749840438366,0.6261651515960693,0.602837860584259,-0.022364173084497452,0.609173059463501,0.674754798412323,0.015903713181614876,0.5966253280639648,0.6135750412940979,-0.009230242110788822,0.6042358875274658,0.6230390071868896,-0.02483237348496914,0.6151607036590576,0.6499637365341187,-0.029582154005765915,0.6397074460983276,0.6739216446876526,0.009047226049005985,0.6371780037879944,0.6239866018295288,-0.01891789585351944,0.6408423185348511,0.6760740280151367,-0.026594961062073708,0.6422001123428345,0.7137799263000488,-0.022396236658096313,0.670433759689331,0.6827026605606079,-0.002970492234453559,0.6655727028846741,0.6453626751899719,-0.030861178413033485,0.6643728017807007,0.7040930390357971,-0.024491995573043823,0.663731575012207,0.7385697960853577,-0.010718931443989277,0.700849711894989,0.6980994939804077,-0.016130659729242325,0.6907617449760437,0.6722662448883057,-0.03093324974179268,0.6860204935073853,0.714594304561615,-0.02147587575018406,0.684950590133667,0.7388784885406494,-0.008961434476077557
0.6814190149307251,0.8201565742492676,-3.16758388407834e-07,0.6382983922958374,0.7856015563011169,-0.00875544548034668,0.6146352291107178,0.7171284556388855,-0.012439598329365253,0.6193164587020874,0.6523544192314148,-0.01970100961625576,0.6255986094474792,0.6014857292175293,-0.024444464594125748,0.608906626701355,0.675598680973053,0.01414052676409483,0.5964553952217102,0.613205075263977,-0.011422955431044102,0.604927659034729,0.622445821762085,-0.026966094970703125,0.6165723204612732,0.6495673656463623,-0.03168497979640961,0.639468252658844,0.6744908094406128,0.007623857818543911,0.6370822191238403,0.6247973442077637,-0.020539315417408943,0.6406950950622559,0.6770251393318176,-0.027638008818030357,0.6419600248336792,0.7145298719406128,-0.02323186583817005,0.6700642704963684,0.6830036044120789,-0.004146309103816748,0.6661233305931091,0.6452322602272034,-0.03205372765660286,0.6645806431770325,0.703551709651947,-0.0252426415681839,0.6637946367263794,0.7377817034721375,-0.01137515064328909,0.7007012367248535,0.6980694532394409,-0.01716979406774044,0.6915830969810486,0.6717783212661743,-0.03209858015179634,0.686382532119751,0.7134972214698792,-0.022855188697576523,0.6847662925720215,0.7376278638839722,-0.010617195628583431
0.6806962490081787,0.819500207901001,-3.452251462476852e-07,0.6383711695671082,0.7869665622711182,-0.008157880045473576,0.6150363683700562,0.7176094651222229,-0.011688131839036942,0.6193112730979919,0.6518014073371887,-0.018795020878314972,0.6249765753746033,0.6005521416664124,-0.023266708478331566,0.6097502708435059,0.6756115555763245,0.012711642310023308,0.5964791178703308,0.6114856004714966,-0.012895409017801285,0.6060267686843872,0.6232553720474243,-0.027927152812480927,0.6185042858123779,0.652579128742218,-0.03219452127814293,0.6402325630187988,0.6741817593574524,0.0060233622789382935,0.6372944712638855,0.6257023215293884,-0.021722933277487755,0.6411844491958618,0.6785900592803955,-0.02822534367442131,0.6424757242202759,0.7152000069618225,-0.02374902553856373,0.6704882383346558,0.6825879216194153,-0.005782490596175194,0.665584921836853,0.6443812251091003,-0.03285503014922142,0.6644483804702759,0.7026906609535217,-0.02537616714835167,0.6641345024108887,0.7359435558319092,-0.011546285822987556,0.7012037038803101,0.6971216797828674,-0.018794164061546326,0.6907568573951721,0.6709775328636169,-0.03286021575331688,0.6861448884010315,0.7124488949775696,-0.02317163161933422,0.6854744553565979,0.7352045178413391,-0.010941999033093452
0.6813740730285645,0.8205239176750183,-3.3544100119797804e-07,0.6378535032272339,0.7862871885299683,-0.00851440243422985,0.6141824126243591,0.7171732187271118,-0.011941381730139256,0.6188344955444336,0.6513839364051819,-0.018903031945228577,0.6253283023834229,0.5996562242507935,-0.023340681567788124,0.609937310218811,0.6753734350204468,0.014412338845431805,0.5968787670135498,0.6118223667144775,-0.010633756406605244,0.6048025488853455,0.6225703954696655,-0.025556299835443497,0.6167684197425842,0.6514796018600464,-0.02979983575642109,0.6401848196983337,0.6740557551383972,0.008212336339056492,0.6372905969619751,0.6256155967712402,-0.019260864704847336,0.6405333280563354,0.6781589984893799,-0.02594255656003952,0.6423321962356567,0.7151764035224915,-0.021434884518384933,0.6702556014060974,0.6822674870491028,-0.0032278508879244328,0.6651521921157837,0.6443034410476685,-0.030578695237636566,0.6638397574424744,0.7028287053108215,-0.023623691871762276,0.6640446186065674,0.7367220520973206,-0.009872590191662312,0.7008560299873352,0.696569561958313,-0.01587187685072422,0.6902362108230591,0.6698329448699951,-0.03057723678648472,0.6857080459594727,0.7119690179824829,-0.021375369280576706,0.6855055093765259,0.7356868982315063,-0.009237549267709255
0.680036187171936,0.8395981192588806,-2.478602425526333e-07,0.6368631720542908,0.7975482940673828,-0.007291893009096384,0.6133212447166443,0.7269038558006287,-0.009531642310321331,0.6108818054199219,0.6633368134498596,-0.0157459806650877,0.6136634945869446,0.6126233339309692,-0.020814429968595505,0.6147906184196472,0.6848069429397583,0.019938945770263672,0.6050474047660828,0.6348146200180054,-0.0005536053795367479,0.6034122705459595,0.6268402338027954,-0.014193281531333923,0.6080626249313354,0.6306591629981995,-0.01975972019135952,0.6424607038497925,0.6845769286155701,0.012631856836378574,0.6360952854156494,0.6297128200531006,-0.014905848540365696,0.6357420682907104,0.6805160641670227,-0.022967372089624405,0.6396857500076294,0.7181518077850342,-0.018384147435426712,0.6713566780090332,0.6929566860198975,0.0006310597527772188,0.6643064618110657,0.6524689793586731,-0.027830088511109352,0.6596264839172363,0.7096157670021057,-0.023097559809684753,0.6617670655250549,0.7452378273010254,-0.009452380239963531,0.7008054256439209,0.7089664340019226,-0.012422907166182995,0.6906424760818481,0.6812787652015686,-0.027713023126125336,0.6811962127685547,0.7213459610939026,-0.02040855586528778,0.6788592338562012,0.7478829622268677,-0.009285411797463894
0.6672158241271973,0.8555948734283447,-4.282947827505268e-07,0.6277201175689697,0.8049468398094177,-0.0034519487526267767,0.6080262064933777,0.7296836376190186,-0.0050825439393520355,0.6083065271377563,0.6674299240112305,-0.010718327015638351,0.6162117719650269,0.6134653687477112,-0.015189500525593758,0.626075804233551,0.676304042339325,0.019945966079831123,0.612991452217102,0.6401206254959106,0.0006962534971535206,0.6025351285934448,0.6590977907180786,-0.014313014224171638,0.6008411049842834,0.6800020933151245,-0.02148871310055256,0.651801347732544,0.6774481534957886,0.012999548576772213,0.6354964971542358,0.6502565741539001,-0.006516569294035435,0.6281001567840576,0.6963995695114136,-0.015341750346124172,0.6292575597763062,0.7308221459388733,-0.01608642376959324,0.677598774433136,0.6873055100440979,0.0019097301410511136,0.6587104797363281,0.6708883047103882,-0.01685277372598648,0.6494025588035583,0.7186870574951172,-0.013728390447795391,0.6499766111373901,0.7528268694877625,-0.006063703913241625,0.7028287649154663,0.7059942483901978,-0.010232378728687763,0.6810150742530823,0.692824125289917,-0.019010044634342194,0.6690999865531921,0.7305869460105896,-0.012785885483026505,0.6669155359268188,0.7581075429916382,-0.004885355941951275
0.6574849486351013,0.8718579411506653,-5.899046868762525e-07,0.6156385540962219,0.8189976811408997,-0.006839442532509565,0.5901784300804138,0.7406438589096069,-0.009988855570554733,0.5842805504798889,0.6793399453163147,-0.014930417761206627,0.5962486267089844,0.6311777830123901,-0.01822833903133869,0.6225489974021912,0.6666145920753479,0.003757624886929989,0.5912802219390869,0.6635192632675171,-0.016239624470472336,0.5799645781517029,0.6948806643486023,-0.03115559183061123,0.5790164470672607,0.7191736102104187,-0.038380950689315796,0.6501386165618896,0.668722927570343,-0.000812237267382443,0.6143662333488464,0.6963806748390198,-0.018160518258810043,0.608747124671936,0.7416631579399109,-0.0244767889380455,0.6107087135314941,0.7679560780525208,-0.02514786832034588,0.6756730079650879,0.6870156526565552,-0.008597467094659805,0.6395910978317261,0.721953809261322,-0.023935889825224876,0.6337140798568726,0.7626106142997742,-0.019741494208574295,0.6340048909187317,0.7866148948669434,-0.013269631192088127,0.6977115869522095,0.7160353660583496,-0.018054399639368057,0.6664804816246033,0.7419673800468445,-0.026026202365756035,0.6574495434761047,0.7756183743476868,-0.02105751261115074,0.6561122536659241,0.7949885129928589,-0.013983351178467274
0.6496458649635315,0.8757857084274292,-4.684967791490635e-07,0.6049146056175232,0.8373070955276489,-0.011391384527087212,0.5742917656898499,0.7873833179473877,-0.021769478917121887,0.5567543506622314,0.7518900036811829,-0.03342857211828232,0.5393121242523193,0.7328945994377136,-0.04419969767332077,0.5999831557273865,0.6888400316238403,-0.011980795301496983,0.5719219446182251,0.671143651008606,-0.04046298563480377,0.5514099597930908,0.7065301537513733,-0.06086410582065582,0.5405875444412231,0.7403136491775513,-0.07032695412635803,0.6339325308799744,0.6946102976799011,-0.019048990681767464,0.6102694272994995,0.7034070491790771,-0.043489426374435425,0.5869984030723572,0.7546111941337585,-0.05089264735579491,0.5772235989570618,0.7905439138412476,-0.0507521890103817,0.6627124547958374,0.7218896746635437,-0.029422542080283165,0.6394931674003601,0.7429395318031311,-0.051934193819761276,0.6151305437088013,0.7930943369865417,-0.04839306324720383,0.6040762662887573,0.8284896016120911,-0.04072118550539017,0.685941219329834,0.7623255848884583,-0.04130607470870018,0.6600763201713562,0.7922830581665039,-0.055867984890937805,0.6384479999542236,0.8294152617454529,-0.05074841156601906,0.6294779777526855,0.8528732657432556,-0.04228430986404419
0.6636599898338318,0.8908976316452026,-5.948270427325042e-07,0.6085622310638428,0.8683086037635803,-0.02742641605436802,0.5612388253211975,0.8461779356002808,-0.05525711178779602,0.5258955955505371,0.8286651372909546,-0.07945071160793304,0.5012702345848083,0.8233872056007385,-0.10412367433309555,0.5682207942008972,0.7368731498718262,-0.07300204038619995,0.5217514634132385,0.772315263748169,-0.11216024309396744,0.5106204152107239,0.8329553604125977,-0.13428716361522675,0.5039231777191162,0.8861690759658813,-0.14385806024074554,0.6036636233329773,0.7490885853767395,-0.07678518444299698,0.5598175525665283,0.8206483125686646,-0.11240190267562866,0.5436557531356812,0.8922110795974731,-0.12320099771022797,0.536495566368103,0.9457309246063232,-0.12758180499076843,0.6371162533760071,0.7819409966468811,-0.08059103041887283,0.5940020084381104,0.8568592667579651,-0.11376339197158813,0.5758761167526245,0.9212774038314819,-0.11026173830032349,0.5678479075431824,0.9672179222106934,-0.10310322046279907,0.6616054773330688,0.8242822885513306,-0.08593975007534027,0.6327559351921082,0.8750519156455994,-0.1107257828116417,0.6163145899772644,0.9199312329292297,-0.10316059738397598,0.6072274446487427,0.9522784948348999,-0.09215577691793442
0.6788008809089661,0.9591915011405945,2.2849133074487327e-07,0.6443046927452087,0.9369691014289856,-0.018440062180161476,0.6214608550071716,0.8916369080543518,-0.030688663944602013,0.6216524839401245,0.851257860660553,-0.04295611381530762,0.6304656267166138,0.8222972750663757,-0.054401036351919174,0.6222583055496216,0.8282729387283325,-0.02507469803094864,0.6092826128005981,0.7752964496612549,-0.04727088287472725,0.6044968962669373,0.7407282590866089,-0.060907669365406036,0.6048581004142761,0.7101795077323914,-0.06946003437042236,0.6544898748397827,0.818929135799408,-0.028598489239811897,0.6501927375793457,0.764437198638916,-0.05322815477848053,0.6512465476989746,0.7282472252845764,-0.06603800505399704,0.6549315452575684,0.6981323957443237,-0.0718970075249672,0.684409499168396,0.8278272151947021,-0.03393540903925896,0.6828860640525818,0.8035827875137329,-0.06551264971494675,0.6713795065879822,0.8461465835571289,-0.06857319176197052,0.663176417350769,0.8827985525131226,-0.06273679435253143,0.7108317017555237,0.8502910137176514,-0.040299877524375916,0.7017272710800171,0.8520081043243408,-0.06674239039421082,0.6893417835235596,0.8800609111785889,-0.06874110549688339,0.6825560331344604,0.9064099788665771,-0.06403357535600662
0.6660811901092529,0.9078634977340698,2.0925892840750748e-07,0.6274352669715881,0.851116418838501,-0.0007207473972812295,0.6095160841941833,0.79239821434021,-0.0013740294380113482,0.6111280918121338,0.741586446762085,-0.004551402758806944,0.6211361885070801,0.7030462026596069,-0.007769483141601086,0.6240854859352112,0.7643368244171143,0.011604382656514645,0.6191542744636536,0.7201138138771057,0.002869483083486557,0.611415684223175,0.6878147125244141,-0.007911584340035915,0.6053643226623535,0.6584276556968689,-0.016064660623669624,0.6444193124771118,0.7597671747207642,0.00568273663520813,0.6426764726638794,0.7118321061134338,-0.0008444582344964147,0.6344576478004456,0.6760827302932739,-0.009761542081832886,0.628253698348999,0.6452851295471191,-0.016472242772579193,0.6655027866363525,0.7620940208435059,-0.002227062126621604,0.667344331741333,0.7156082987785339,-0.010041442699730396,0.657723069190979,0.6853779554367065,-0.014899197034537792,0.6484292149543762,0.6640962362289429,-0.017868341878056526,0.6893184185028076,0.772800624370575,-0.010919682681560516,0.6891167759895325,0.7315495014190674,-0.0177468229085207,0.6775676608085632,0.7149388790130615,-0.018671145662665367,0.6633325815200806,0.7071003317832947,-0.0185687392950058
0.6578434705734253,0.8754664659500122,2.032193719969655e-07,0.6187597513198853,0.824994683265686,0.0009256963385269046,0.6026961207389832,0.7651039361953735,-0.00226394715718925,0.606213390827179,0.7162246704101562,-0.00667252391576767,0.617289662361145,0.6790598630905151,-0.011040712706744671,0.6092143058776855,0.7419085502624512,-0.003029539482668042,0.601205587387085,0.688811182975769,-0.014409682713449001,0.5939081311225891,0.6508883833885193,-0.024391857907176018,0.5885835886001587,0.6178573369979858,-0.03223410248756409,0.6303986310958862,0.739427387714386,-0.011099914088845253,0.6264580488204956,0.6874048709869385,-0.021725153550505638,0.6203084588050842,0.650244951248169,-0.030888251960277557,0.6156374216079712,0.6198120713233948,-0.037827592343091965,0.6529983878135681,0.7456664443016052,-0.019653519615530968,0.6568753123283386,0.6923011541366577,-0.03099481202661991,0.6562037467956543,0.6537930965423584,-0.03705212101340294,0.6538299322128296,0.6242199540138245,-0.04120159149169922,0.6774989366531372,0.7608388066291809,-0.028022926300764084,0.6799668073654175,0.7189109325408936,-0.038128625601530075,0.6749632358551025,0.6925259828567505,-0.0409645140171051,0.6664321422576904,0.673184871673584,-0.042650893330574036
0.6464195251464844,0.8392960429191589,1.9485977986732905e-07,0.608073353767395,0.803093671798706,-0.004441387951374054,0.5933877825737,0.7442341446876526,-0.005957180168479681,0.603667676448822,0.6954443454742432,-0.010143410414457321,0.6198229193687439,0.6654390096664429,-0.014467594213783741,0.6073704957962036,0.6877119541168213,0.01121077686548233,0.6017955541610718,0.6430806517601013,0.005205212626606226,0.5945862531661987,0.6165190935134888,-0.0035511567257344723,0.5877642631530762,0.5975509881973267,-0.010526111349463463,0.630927324295044,0.6830325126647949,0.005190643947571516,0.6311155557632446,0.6285077333450317,-0.0029124547727406025,0.622766375541687,0.6104093194007874,-0.013298094272613525,0.6137337684631348,0.6084058880805969,-0.019696883857250214,0.6549170613288879,0.6890423893928528,-0.0027196593582630157,0.6553581357002258,0.6284538507461548,-0.015241016633808613,0.6401752233505249,0.642895519733429,-0.021834339946508408,0.628291130065918,0.6734012961387634,-0.023786883801221848,0.677459716796875,0.7052766680717468,-0.011137736029922962,0.6684758067131042,0.6680194139480591,-0.02310187742114067,0.6533793807029724,0.6878021359443665,-0.024964701384305954,0.6424693465232849,0.71844482421875,-0.02401145175099373
0.6454687118530273,0.8195699453353882,3.7398416452560923e-07,0.6084381937980652,0.7909085750579834,-0.010390272364020348,0.5949009656906128,0.7362304925918579,-0.015233063139021397,0.6064987182617188,0.6915932297706604,-0.02218792401254177,0.6193642616271973,0.6659377217292786,-0.02865324355661869,0.5980144739151001,0.6633215546607971,-0.0024391610641032457,0.5842642188072205,0.6031700968742371,-0.014375475235283375,0.5761072635650635,0.5621261596679688,-0.023893598467111588,0.5703936219215393,0.5277183651924133,-0.030617088079452515,0.6252363920211792,0.658500611782074,-0.009093187749385834,0.6199459433555603,0.5894524455070496,-0.022402392700314522,0.612528920173645,0.5407188534736633,-0.03515619784593582,0.6087011098861694,0.5016626119613647,-0.043036941438913345,0.6519305109977722,0.6710343360900879,-0.017410364001989365,0.6538655757904053,0.6146354079246521,-0.03937089815735817,0.6382591724395752,0.6452868580818176,-0.045321155339479446,0.6293612122535706,0.6794413924217224,-0.04344760626554489,0.6757344603538513,0.6962317824363708,-0.02621573954820633,0.6651248931884766,0.6672091484069824,-0.04497430846095085,0.650395929813385,0.6896705031394958,-0.04523088410496712,0.642963707447052,0.716740071773529,-0.04082323983311653
0.6366846561431885,0.797459065914154,4.849095489589672e-07,0.5996943712234497,0.7687376737594604,-0.014530360698699951,0.5856805443763733,0.7202466130256653,-0.023221837356686592,0.6007164120674133,0.678594708442688,-0.03341308608651161,0.6159759759902954,0.6510816216468811,-0.04296117648482323,0.5841010808944702,0.6328083276748657,-0.011031417176127434,0.5687715411186218,0.5640851259231567,-0.026963260024785995,0.56062251329422,0.5175744295120239,-0.03802381083369255,0.5543726682662964,0.48027780652046204,-0.04466195032000542,0.6123028993606567,0.6290388107299805,-0.01763656549155712,0.6035742163658142,0.5495173335075378,-0.033154916018247604,0.5943362712860107,0.4966129660606384,-0.04507815092802048,0.5879799127578735,0.4566522538661957,-0.051097385585308075,0.6400665640830994,0.6460663080215454,-0.026234887540340424,0.6388550400733948,0.6013810634613037,-0.0497024841606617,0.6264986991882324,0.6356078386306763,-0.054605308920145035,0.6202540993690491,0.6686660647392273,-0.050844646990299225,0.6629207730293274,0.6762181520462036,-0.03582213073968887,0.6528685092926025,0.6524991989135742,-0.05435936897993088,0.6370134949684143,0.6785071492195129,-0.05284330993890762,0.6275981068611145,0.7048349380493164,-0.046665389090776443
0.6341130137443542,0.797494649887085,3.608769247875898e-07,0.598089337348938,0.7639544010162354,-0.014758075587451458,0.5839425921440125,0.7103496193885803,-0.023948799818754196,0.5926163792610168,0.661622941493988,-0.0352136492729187,0.6055758595466614,0.627811074256897,-0.045867614448070526,0.5799226760864258,0.6296435594558716,-0.009801601059734821,0.564683735370636,0.5604140758514404,-0.02648593857884407,0.5563738942146301,0.516169548034668,-0.03745646774768829,0.5513137578964233,0.47999703884124756,-0.04399420693516731,0.6073608994483948,0.6260653138160706,-0.0165787935256958,0.5982912182807922,0.5470977425575256,-0.03519994392991066,0.5895240306854248,0.4983721077442169,-0.04820158705115318,0.5848917365074158,0.4604400396347046,-0.054663464426994324,0.6349942684173584,0.6409608721733093,-0.02556736022233963,0.6334845423698425,0.5930599570274353,-0.052051104605197906,0.6189439296722412,0.633063018321991,-0.057051293551921844,0.6114761829376221,0.6684515476226807,-0.052968405187129974,0.6582984924316406,0.6676297187805176,-0.03548504039645195,0.6448819041252136,0.6442235708236694,-0.05465385317802429,0.6293805241584778,0.673284649848938,-0.0534609891474247,0.6220248341560364,0.7005816698074341,-0.04774317517876625
0.631750762462616,0.7922252416610718,3.415554772345786e-07,0.5956961512565613,0.7571004033088684,-0.011976267211139202,0.5822282433509827,0.7012453079223633,-0.018985755741596222,0.5934764742851257,0.6551039218902588,-0.02822144702076912,0.6076973676681519,0.6242031455039978,-0.03689032420516014,0.5757153034210205,0.6245595812797546,-0.007097612600773573,0.5617308616638184,0.5554497241973877,-0.021341070532798767,0.5542052984237671,0.5126315355300903,-0.030591262504458427,0.5496307611465454,0.47789889574050903,-0.03629874438047409,0.6032021045684814,0.6209133863449097,-0.01416774746030569,0.5932970643043518,0.5431274771690369,-0.030571728944778442,0.5842798352241516,0.49536049365997314,-0.04291253536939621,0.5792328715324402,0.4582679569721222,-0.04946734756231308,0.6313418745994568,0.6352901458740234,-0.023078758269548416,0.6312887668609619,0.5872184038162231,-0.04701235517859459,0.6166064739227295,0.6250907778739929,-0.052378587424755096,0.6074442267417908,0.6589996814727783,-0.0494045726954937,0.654936671257019,0.6616121530532837,-0.032657213509082794,0.6419699192047119,0.6395013332366943,-0.049943119287490845,0.6267086863517761,0.6659305691719055,-0.04893224313855171,0.6185591816902161,0.690597414970398,-0.04397793859243393
0.6361472606658936,0.7740671634674072,3.4662411962926853e-07,0.5988100171089172,0.7362149953842163,-0.009635940194129944,0.5853084325790405,0.6800338625907898,-0.016104932874441147,0.5999676585197449,0.6334974765777588,-0.025784827768802643,0.6209630966186523,0.607282817363739,-0.03509245440363884,0.5848818421363831,0.6064503788948059,-0.0015358877135440707,0.571941077709198,0.5438433885574341,-0.014715378172695637,0.5643132925033569,0.5032863616943359,-0.02415292337536812,0.5595391988754272,0.46959811449050903,-0.0301542729139328,0.6097598671913147,0.6063666343688965,-0.009737988002598286,0.6015094518661499,0.5330838561058044,-0.024725664407014847,0.5932926535606384,0.48777085542678833,-0.03623044490814209,0.5894308090209961,0.4503764808177948,-0.04236483573913574,0.6359055042266846,0.6226462125778198,-0.02005438506603241,0.637640118598938,0.5833617448806763,-0.042669299989938736,0.6197498440742493,0.6229668259620667,-0.04805709794163704,0.6080227494239807,0.6561775803565979,-0.0450921505689621,0.6571975946426392,0.6503869891166687,-0.031107231974601746,0.6476955413818359,0.6296454071998596,-0.04607671499252319,0.631780207157135,0.655101478099823,-0.044287797063589096,0.6218108534812927,0.6790370941162109,-0.039226554334163666
0.6360902786254883,0.7701716423034668,3.253381919421372e-07,0.6008654236793518,0.729314923286438,-0.008800954557955265,0.588996946811676,0.6745597124099731,-0.015782013535499573,0.6008802652359009,0.6293424963951111,-0.025926942005753517,0.6156280636787415,0.6023200750350952,-0.03570343554019928,0.5889590978622437,0.606250524520874,-0.005147853400558233,0.5753197073936462,0.5425244569778442,-0.019546451047062874,0.5670169591903687,0.5019383430480957,-0.02957892417907715,0.5623135566711426,0.46731168031692505,-0.035933975130319595,0.6137356162071228,0.6063340306282043,-0.013784514740109444,0.6053608059883118,0.5340670347213745,-0.0300602987408638,0.5974708795547485,0.4864165186882019,-0.04256490617990494,0.5941210985183716,0.44722050428390503,-0.049634966999292374,0.639409065246582,0.6226798295974731,-0.02404758147895336,0.640247642993927,0.5834643840789795,-0.0463380366563797,0.6208962202072144,0.6195457577705383,-0.05134133622050285,0.6077937483787537,0.6508986353874207,-0.04869070649147034,0.6603383421897888,0.6502566337585449,-0.03499620035290718,0.6506754159927368,0.6264442801475525,-0.05032532289624214,0.6326590180397034,0.6498507261276245,-0.04872852936387062,0.6201913952827454,0.6734681129455566,-0.043886955827474594
0.6399685144424438,0.7660436630249023,3.184894410424022e-07,0.6060683131217957,0.7275211215019226,-0.010258771479129791,0.594560980796814,0.6749904155731201,-0.017461715266108513,0.6072520613670349,0.6307005882263184,-0.027531202882528305,0.6252002716064453,0.6039977669715881,-0.03688281774520874,0.5937933921813965,0.6034046411514282,-0.004023097455501556,0.5810027122497559,0.5413327813148499,-0.01806456968188286,0.5732181668281555,0.5016038417816162,-0.027685582637786865,0.5684608817100525,0.46844756603240967,-0.03359939903020859,0.6175711154937744,0.6029446721076965,-0.011675390414893627,0.609142005443573,0.5317919850349426,-0.027667321264743805,0.6012682914733887,0.48606640100479126,-0.039590224623680115,0.5978666543960571,0.4482653737068176,-0.04584407061338425,0.64235919713974,0.6194100975990295,-0.021299483254551888,0.645426332950592,0.5789197683334351,-0.044215116649866104,0.6293745040893555,0.6148819923400879,-0.04907727986574173,0.6188993453979492,0.6455951929092407,-0.04560781642794609,0.6627897620201111,0.6475040912628174,-0.03164127096533775,0.6558694839477539,0.6222611665725708,-0.046890560537576675,0.6396679878234863,0.6437898874282837,-0.04509275034070015,0.628546953201294,0.6655088067054749,-0.03975474461913109
0.6435571908950806,0.7601608037948608,3.191267410329601e-07,0.6091192960739136,0.7252009510993958,-0.011275430209934711,0.5980865359306335,0.6735274195671082,-0.018610890954732895,0.6143864989280701,0.6306963562965393,-0.028375115245580673,0.6342081427574158,0.6057666540145874,-0.03742894530296326,0.59782475233078,0.6021131277084351,-0.005393578205257654,0.5845159888267517,0.539746105670929,-0.01879587024450302,0.5768957138061523,0.500327467918396,-0.02774578519165516,0.572464108467102,0.46773749589920044,-0.03334283456206322,0.6217538714408875,0.6013673543930054,-0.012276707217097282,0.6128888130187988,0.5298975706100464,-0.02764934115111828,0.6044542193412781,0.48509854078292847,-0.03893600031733513,0.6006370782852173,0.44837749004364014,-0.04491177201271057,0.6460858583450317,0.6171992421150208,-0.021145552396774292,0.649082362651825,0.576409101486206,-0.04318808391690254,0.6331161260604858,0.6116452217102051,-0.04780815169215202,0.6231744289398193,0.640929102897644,-0.044573161751031876,0.6659979820251465,0.644033670425415,-0.0308473352342844,0.6584724187850952,0.6198239326477051,-0.04545484483242035,0.6428907513618469,0.6416311264038086,-0.04368959367275238,0.6330605149269104,0.6619621515274048,-0.0387091226875782
0.6432967782020569,0.7597221732139587,3.1428606916961144e-07,0.6111263632774353,0.7231663465499878,-0.010081242769956589,0.6012154817581177,0.6712021827697754,-0.016853375360369682,0.6171931624412537,0.6295307874679565,-0.026199160143733025,0.6355219483375549,0.6047983169555664,-0.03501434251666069,0.5998742580413818,0.599797248840332,-0.004670113790780306,0.5883383750915527,0.5383366942405701,-0.017683349549770355,0.5813597440719604,0.4985675811767578,-0.02699199691414833,0.5773701667785645,0.4654942750930786,-0.03300975263118744,0.6237616539001465,0.5995419025421143,-0.011891791597008705,0.6162300705909729,0.5306635499000549,-0.026038996875286102,0.6090412735939026,0.486369252204895,-0.037245359271764755,0.6058692932128906,0.4500713348388672,-0.043708790093660355,0.6478106379508972,0.615569531917572,-0.020911075174808502,0.6524277925491333,0.5741485953330994,-0.040617503225803375,0.637542188167572,0.6071699261665344,-0.044414009898900986,0.6272631287574768,0.6356730461120605,-0.041547369211912155,0.6672820448875427,0.6426538825035095,-0.03085365891456604,0.6619727611541748,0.6179560422897339,-0.04368213936686516,0.6483945846557617,0.6382947564125061,-0.041252173483371735,0.6392604112625122,0.6583322286605835,-0.036290913820266724
0.6438233256340027,0.7610344886779785,2.954366777885298e-07,0.6120157241821289,0.7250133156776428,-0.011136864311993122,0.6040039658546448,0.6730303168296814,-0.018215008080005646,0.6187840700149536,0.6302433609962463,-0.027636263519525528,0.6322922110557556,0.6035138964653015,-0.03629293665289879,0.6043649911880493,0.5998867750167847,-0.0055359103716909885,0.5918540358543396,0.5383325815200806,-0.01907467283308506,0.5840198397636414,0.499035120010376,-0.028580768033862114,0.57955402135849,0.46675753593444824,-0.034748148173093796,0.6280726790428162,0.6000496745109558,-0.012576641514897346,0.6204613447189331,0.5301060676574707,-0.028109204024076462,0.6123427152633667,0.48605847358703613,-0.04028542712330818,0.6088465452194214,0.45045027136802673,-0.0472615510225296,0.651731550693512,0.6168667674064636,-0.021527670323848724,0.656268298625946,0.5723879337310791,-0.04352123662829399,0.6399117112159729,0.6055519580841064,-0.04823746904730797,0.6293625831604004,0.634750247001648,-0.04554427042603493,0.6709750294685364,0.6447060704231262,-0.03130872920155525,0.6649645566940308,0.6169638633728027,-0.04653256759047508,0.6496371626853943,0.6365353465080261,-0.04520278051495552,0.6394009590148926,0.6568000912666321,-0.04063385725021362
0.6469497084617615,0.7598087787628174,3.0573031040148635e-07,0.6152046322822571,0.7214536070823669,-0.012639734894037247,0.6077108979225159,0.668981671333313,-0.019994370639324188,0.6230123043060303,0.6245017647743225,-0.0294581800699234,0.63924241065979,0.5972532033920288,-0.03785112127661705,0.6044620871543884,0.6003979444503784,-0.004956052638590336,0.5928342938423157,0.5370767116546631,-0.01886337623000145,0.5859885215759277,0.4978228211402893,-0.02811380662024021,0.5814670324325562,0.4653241038322449,-0.03376253321766853,0.6286205649375916,0.5999394059181213,-0.011074820533394814,0.6210234761238098,0.5276562571525574,-0.02702059969305992,0.6136699914932251,0.48402640223503113,-0.03843366727232933,0.6101225018501282,0.448566198348999,-0.04423445835709572,0.6529287695884705,0.6161353588104248,-0.01944032311439514,0.6579560041427612,0.5736651420593262,-0.042302455753088,0.6443358659744263,0.6071573495864868,-0.04637681320309639,0.6355996131896973,0.6360902786254883,-0.04237370565533638,0.6720371246337891,0.6432421207427979,-0.028792183846235275,0.6667691469192505,0.6162323355674744,-0.04369518905878067,0.652265191078186,0.6347244381904602,-0.04167802259325981,0.6421859860420227,0.653954267501831,-0.03628656268119812
0.6487578749656677,0.7585219740867615,2.788263770980848e-07,0.6189092397689819,0.7232914566993713,-0.011086227372288704,0.6111413240432739,0.6708062887191772,-0.0175456739962101,0.6263154745101929,0.6301342248916626,-0.026087021455168724,0.6408584713935852,0.6080496311187744,-0.03393247723579407,0.6112481951713562,0.6001242399215698,-0.006772388704121113,0.5991666316986084,0.5387398600578308,-0.019642850384116173,0.5914515852928162,0.49997591972351074,-0.028563734143972397,0.5868207812309265,0.4676898419857025,-0.03444712981581688,0.6351759433746338,0.5995386242866516,-0.013154176995158195,0.6284626126289368,0.5296770930290222,-0.027262428775429726,0.6212912201881409,0.4864776134490967,-0.03839123249053955,0.6184441447257996,0.45174431800842285,-0.045105595141649246,0.658384382724762,0.6158391237258911,-0.021287621930241585,0.6645888686180115,0.5723228454589844,-0.040923357009887695,0.650233268737793,0.6025370955467224,-0.04495417699217796,0.6405788660049438,0.6294610500335693,-0.04264821857213974,0.6767946481704712,0.6436118483543396,-0.030416244640946388,0.6746665835380554,0.6162277460098267,-0.043495990335941315,0.6613894701004028,0.6335539817810059,-0.04179108142852783,0.6523098945617676,0.6520484089851379,-0.037692245095968246
0.6497339010238647,0.7589347958564758,2.840512820512231e-07,0.6184833645820618,0.7256490588188171,-0.012612732127308846,0.6113992929458618,0.6750974655151367,-0.019167020916938782,0.6276622414588928,0.6339013576507568,-0.027356920763850212,0.6409221887588501,0.6092410683631897,-0.03462527319788933,0.610575795173645,0.5981017351150513,-0.006040073931217194,0.5994497537612915,0.53629070520401,-0.018603648990392685,0.5928962230682373,0.4975232779979706,-0.027496928349137306,0.5884740352630615,0.4657211899757385,-0.03345927223563194,0.6351231336593628,0.5968446135520935,-0.011962790042161942,0.628288745880127,0.5263463854789734,-0.0264794509857893,0.6211345195770264,0.483452171087265,-0.03802267462015152,0.6178617477416992,0.44934630393981934,-0.04460529610514641,0.658925473690033,0.6137483716011047,-0.019889608025550842,0.6674442887306213,0.5691670179367065,-0.04045538604259491,0.6535028219223022,0.5993542075157166,-0.04510008916258812,0.6437521576881409,0.6264666318893433,-0.04275696352124214,0.6779794692993164,0.6427351832389832,-0.02886628732085228,0.675674557685852,0.6163306832313538,-0.043109260499477386,0.6620678305625916,0.6339071393013,-0.0421261303126812,0.6525270938873291,0.6520171165466309,-0.03810939937829971
0.6496973037719727,0.7589414119720459,2.763740383215918e-07,0.6191653609275818,0.7266042828559875,-0.013383748941123486,0.6123265027999878,0.6740152835845947,-0.01999700628221035,0.6297262907028198,0.6312537789344788,-0.028208866715431213,0.6437637805938721,0.6047706604003906,-0.0353374145925045,0.6112441420555115,0.5982925891876221,-0.0067687686532735825,0.599469006061554,0.5353853106498718,-0.019598888233304024,0.5921680331230164,0.4964486360549927,-0.028496548533439636,0.5874500870704651,0.4645165801048279,-0.03451342135667801,0.6359117031097412,0.5967907905578613,-0.012373324483633041,0.6283005475997925,0.525916337966919,-0.027309665456414223,0.6209954619407654,0.4834531545639038,-0.03912460803985596,0.6179172396659851,0.4489976763725281,-0.04600287228822708,0.6596143245697021,0.6134667992591858,-0.020044317469000816,0.6673290133476257,0.5699323415756226,-0.04122573509812355,0.6536165475845337,0.6022970676422119,-0.045628178864717484,0.6444210410118103,0.6301708817481995,-0.043093241751194,0.6783977746963501,0.6421533823013306,-0.02886062115430832,0.6761353015899658,0.615883469581604,-0.043600305914878845,0.662655770778656,0.6339704394340515,-0.0426376573741436,0.6537601351737976,0.6522107124328613,-0.038668736815452576
0.6508736610412598,0.7604050636291504,2.820837892159034e-07,0.6195587515830994,0.7272571325302124,-0.013554593548178673,0.6130909323692322,0.6735010743141174,-0.020258402451872826,0.6305681467056274,0.6299693584442139,-0.028624480590224266,0.6443353891372681,0.603922963142395,-0.035897523164749146,0.6122291088104248,0.5995067954063416,-0.007338930387049913,0.5998796224594116,0.5352445840835571,-0.020706141367554665,0.5927499532699585,0.4954797625541687,-0.02994217909872532,0.5882235765457153,0.46292412281036377,-0.03612728416919708,0.6368626952171326,0.5983285903930664,-0.013018583878874779,0.6291524171829224,0.5255991220474243,-0.02859230898320675,0.6220157742500305,0.4823049306869507,-0.040688298642635345,0.6192348003387451,0.4476602077484131,-0.04770326614379883,0.660389244556427,0.6152969002723694,-0.020778756588697433,0.6686116456985474,0.5698232650756836,-0.04245149344205856,0.6554527878761292,0.6015561819076538,-0.04676109552383423,0.6465696096420288,0.6299213767051697,-0.044027067720890045,0.6791473031044006,0.6444216370582581,-0.029706036671996117,0.6779766082763672,0.6158219575881958,-0.04469984397292137,0.6645675897598267,0.632980465888977,-0.043630413711071014,0.655098021030426,0.6514630913734436,-0.03952068090438843
0.6509298086166382,0.7602440118789673,2.9000844392612635e-07,0.6195409893989563,0.7289576530456543,-0.014017454348504543,0.6126695871353149,0.6767160892486572,-0.021138017997145653,0.6292570233345032,0.635023295879364,-0.029720360413193703,0.6412485837936401,0.6093853116035461,-0.0371687151491642,0.6115541458129883,0.5978764891624451,-0.008288045413792133,0.5993950963020325,0.533638596534729,-0.021974120289087296,0.5926694869995117,0.4939214885234833,-0.03133711218833923,0.5886434316635132,0.46183130145072937,-0.037382327020168304,0.6365805268287659,0.5957372784614563,-0.013733615167438984,0.6287835240364075,0.5233579277992249,-0.029206695035099983,0.6222942471504211,0.4804043769836426,-0.04093828424811363,0.6197671890258789,0.4464322328567505,-0.047515880316495895,0.6601979732513428,0.6122565269470215,-0.021312886849045753,0.6690859198570251,0.5684819221496582,-0.04269171133637428,0.6572136282920837,0.6002388000488281,-0.04694781452417374,0.6487696170806885,0.6289122104644775,-0.0441121868789196,0.6787986755371094,0.6412865519523621,-0.030112572014331818,0.6782451272010803,0.6145395636558533,-0.044814229011535645,0.665580153465271,0.6318456530570984,-0.04374948889017105,0.6564146876335144,0.6501500010490417,-0.03955528140068054
0.6518701910972595,0.7663305401802063,3.2267257665807847e-07,0.620306134223938,0.7344372272491455,-0.017103223130106926,0.6146363019943237,0.6823034286499023,-0.025893785059452057,0.6359131336212158,0.6388689875602722,-0.03564373403787613,0.6536471843719482,0.6102991104125977,-0.04421266168355942,0.6110731959342957,0.6016162037849426,-0.010558916255831718,0.5994080305099487,0.5356549620628357,-0.025183413177728653,0.5921826958656311,0.4933129847049713,-0.03550182655453682,0.5874432325363159,0.45905768871307373,-0.04222745820879936,0.6368786692619324,0.599556565284729,-0.01504613272845745,0.6294949650764465,0.5251201391220093,-0.031222833320498466,0.624461829662323,0.4799376428127289,-0.043312735855579376,0.6224927306175232,0.4441487789154053,-0.05002869293093681,0.6612729430198669,0.6167634725570679,-0.02195262536406517,0.6714672446250916,0.5723857283592224,-0.0446154959499836,0.6618157625198364,0.6059991121292114,-0.04840785264968872,0.6538364887237549,0.635249674320221,-0.04487695172429085,0.6806581020355225,0.6463012099266052,-0.03034028597176075,0.6816206574440002,0.6173805594444275,-0.04646623507142067,0.6702266931533813,0.6391935348510742,-0.04470308870077133,0.6612296104431152,0.6608549356460571,-0.03960084170103073
0.6511675715446472,0.7779672145843506,3.2413120720775623e-07,0.6191748976707458,0.7452667355537415,-0.01398212369531393,0.6124479174613953,0.688650369644165,-0.020654160529375076,0.6329383254051208,0.6451753973960876,-0.029049232602119446,0.6488759517669678,0.6178215146064758,-0.03651835024356842,0.6109216213226318,0.6065662503242493,-0.0069947801530361176,0.5992204546928406,0.5398989319801331,-0.021082282066345215,0.5916537642478943,0.4964502453804016,-0.031199343502521515,0.5864973068237305,0.46171993017196655,-0.03782939910888672,0.6371983289718628,0.6046888828277588,-0.013240046799182892,0.6309296488761902,0.5280417203903198,-0.02889323979616165,0.62590092420578,0.480947881937027,-0.040979575365781784,0.6245768666267395,0.444399356842041,-0.04767337441444397,0.6620998382568359,0.6227352619171143,-0.021759266033768654,0.6723642349243164,0.5781829357147217,-0.04355764761567116,0.6609421968460083,0.6124188303947449,-0.046798091381788254,0.6528099179267883,0.6425418257713318,-0.042993705719709396,0.6812700629234314,0.6538863182067871,-0.031612250953912735,0.6814612746238708,0.6250218749046326,-0.046706732362508774,0.6695865988731384,0.6463016867637634,-0.04410133510828018,0.6614617109298706,0.6672641634941101,-0.038543932139873505
0.6485156416893005,0.7817493081092834,3.2237977620752645e-07,0.6184054017066956,0.7486816644668579,-0.012716928496956825,0.6118665933609009,0.6928431987762451,-0.019075140357017517,0.6280076503753662,0.6516823172569275,-0.027551285922527313,0.6364585161209106,0.6277161240577698,-0.035159435123205185,0.6109586358070374,0.6043415665626526,-0.006361240521073341,0.599514365196228,0.5374308824539185,-0.020676910877227783,0.5922829508781433,0.4946555197238922,-0.030448203906416893,0.5881581902503967,0.46051737666130066,-0.03655005991458893,0.6375156044960022,0.604257345199585,-0.013388777151703835,0.6315523386001587,0.5282379388809204,-0.030052725225687027,0.6262444257736206,0.48189184069633484,-0.042452532798051834,0.6247183084487915,0.44606322050094604,-0.048830799758434296,0.6624740362167358,0.6239085793495178,-0.02260308340191841,0.6726943850517273,0.5833366513252258,-0.04670358821749687,0.6592492461204529,0.6193327307701111,-0.05174855887889862,0.6491233110427856,0.6495864391326904,-0.04836616292595863,0.6815647482872009,0.6568666100502014,-0.03276926279067993,0.6824763417243958,0.6318013072013855,-0.049848172813653946,0.6694664359092712,0.6540617942810059,-0.04859192296862602,0.660332441329956,0.6746408939361572,-0.04346378147602081
0.6517958045005798,0.7834875583648682,3.5019499478039506e-07,0.6207338571548462,0.7501892447471619,-0.01848635822534561,0.6152057647705078,0.697044849395752,-0.027727920562028885,0.6379234194755554,0.6563751101493835,-0.03784365952014923,0.656203031539917,0.6292302012443542,-0.04661202058196068,0.6128473281860352,0.6070021986961365,-0.010331586934626102,0.6013614535331726,0.5400824546813965,-0.025438977405428886,0.5931861400604248,0.4959372580051422,-0.03597918525338173,0.5874993205070496,0.4598691463470459,-0.04270603880286217,0.639849066734314,0.6061394810676575,-0.014657762832939625,0.6344756484031677,0.5292989611625671,-0.031129781156778336,0.6305527687072754,0.48231226205825806,-0.0431770384311676,0.6293671131134033,0.44503065943717957,-0.049444496631622314,0.6644205451011658,0.6258729100227356,-0.02170952968299389,0.6763910055160522,0.5850235223770142,-0.04510768875479698,0.6659498810768127,0.6209277510643005,-0.04921793192625046,0.6570454835891724,0.6506029367446899,-0.04534558579325676,0.68305504322052,0.658022940158844,-0.030379321426153183,0.6858418583869934,0.6340543627738953,-0.046294014900922775,0.6746829152107239,0.6574366092681885,-0.04433254525065422,0.6660274267196655,0.6780886054039001,-0.038910165429115295
0.6522617340087891,0.7876825332641602,3.678240716453729e-07,0.6213322877883911,0.7543838024139404,-0.018024401739239693,0.6160774230957031,0.6985132098197937,-0.026323815807700157,0.640202522277832,0.6578866243362427,-0.03545369952917099,0.6580855250358582,0.6321752071380615,-0.043482132256031036,0.6140431761741638,0.6090784072875977,-0.011087553575634956,0.6029728055000305,0.5409921407699585,-0.02614171989262104,0.5950374603271484,0.4959262013435364,-0.03683731332421303,0.5900751948356628,0.4590955972671509,-0.043864745646715164,0.6417324542999268,0.6088927388191223,-0.015266642905771732,0.6378743648529053,0.5332019925117493,-0.0316602885723114,0.6355045437812805,0.48507052659988403,-0.04428296163678169,0.6366250514984131,0.44701486825942993,-0.05126584321260452,0.6667402386665344,0.6290340423583984,-0.02194669283926487,0.6803187131881714,0.5913108587265015,-0.044761355966329575,0.667309045791626,0.6258419752120972,-0.04952126741409302,0.6568295359611511,0.6548483371734619,-0.046611424535512924,0.6855131983757019,0.6618719100952148,-0.03025820106267929,0.6888325810432434,0.6421467661857605,-0.046732690185308456,0.6769582033157349,0.6648362278938293,-0.045770466327667236,0.66816645860672,0.6847459077835083,-0.04115774855017662
0.6545313596725464,0.793123185634613,3.771783383399452e-07,0.6216099262237549,0.7594015002250671,-0.01770867593586445,0.6162030696868896,0.7003864049911499,-0.025612398982048035,0.640540599822998,0.655659019947052,-0.03448788449168205,0.6573895215988159,0.6270020008087158,-0.042193494737148285,0.6155866980552673,0.6123698949813843,-0.010471642017364502,0.6045143008232117,0.5423060059547424,-0.025864461436867714,0.5967690944671631,0.49578773975372314,-0.036662571132183075,0.5918212532997131,0.4585781395435333,-0.04361066594719887,0.6438918113708496,0.6130247116088867,-0.015142000280320644,0.6407328248023987,0.5345398187637329,-0.032474130392074585,0.6379159092903137,0.48525822162628174,-0.045820027589797974,0.638759434223175,0.44655412435531616,-0.053036466240882874,0.6691040396690369,0.6341170072555542,-0.022413253784179688,0.6828976273536682,0.5961053371429443,-0.04749041050672531,0.6676008105278015,0.6300309896469116,-0.05382975563406944,0.6557819247245789,0.6587302684783936,-0.051308199763298035,0.6872853636741638,0.6681167483329773,-0.031095115467905998,0.6918489933013916,0.6442008018493652,-0.04969949275255203,0.6787630319595337,0.6644915342330933,-0.04978134110569954,0.6685813069343567,0.6842063665390015,-0.04545854777097702
0.6572086811065674,0.7986752390861511,3.9741397017678537e-07,0.6235729455947876,0.7644230127334595,-0.01998857408761978,0.6183513402938843,0.7053146958351135,-0.02892286516726017,0.6451759934425354,0.6588414907455444,-0.03864482790231705,0.6636122465133667,0.6283002495765686,-0.047071684151887894,0.618281364440918,0.6121619939804077,-0.010721058584749699,0.6077250838279724,0.5426318645477295,-0.027058666571974754,0.6002289056777954,0.4952884018421173,-0.03861411288380623,0.5954052805900574,0.4576907157897949,-0.045879755169153214,0.6468104124069214,0.6129905581474304,-0.014608912169933319,0.6437183618545532,0.5346919894218445,-0.03287972882390022,0.6404100656509399,0.48421192169189453,-0.046620335429906845,0.6412286758422852,0.4449353814125061,-0.05371732637286186,0.6716559529304504,0.6349654793739319,-0.021565042436122894,0.6837406158447266,0.5972099304199219,-0.04845443367958069,0.6693569421768188,0.6317664384841919,-0.05555059760808945,0.6593034863471985,0.6604771018028259,-0.05266936495900154,0.6891189217567444,0.6702731251716614,-0.03009570948779583,0.6934846043586731,0.6447018980979919,-0.05003654584288597,0.6809785962104797,0.663750171661377,-0.05084063857793808,0.6712735295295715,0.6828551888465881,-0.04647453501820564
0.65980064868927,0.8071574568748474,4.429697924024367e-07,0.6270496845245361,0.7675253748893738,-0.020535828545689583,0.625866711139679,0.7047110795974731,-0.029896588996052742,0.6570776700973511,0.660537600517273,-0.039993446320295334,0.6814371347427368,0.6302010416984558,-0.04879848659038544,0.6244444251060486,0.61588454246521,-0.011950923129916191,0.615009069442749,0.5427991151809692,-0.028614016249775887,0.6073781847953796,0.49407759308815,-0.03970732167363167,0.6023781299591064,0.4549133777618408,-0.04656548425555229,0.6548624634742737,0.615565836429596,-0.01605112850666046,0.654508650302887,0.5335463285446167,-0.03388172760605812,0.6526762843132019,0.4816504120826721,-0.04681728780269623,0.6540213227272034,0.44058719277381897,-0.05330247804522514,0.680250346660614,0.6380619406700134,-0.02326473593711853,0.6972394585609436,0.5990999937057495,-0.04964020103216171,0.6815559267997742,0.6371568441390991,-0.055952705442905426,0.67001873254776,0.6688989996910095,-0.05255802348256111,0.696908712387085,0.6741771101951599,-0.032222479581832886,0.702443540096283,0.6562449932098389,-0.052131425589323044,0.6876963973045349,0.6788906455039978,-0.05298325791954994,0.6760478019714355,0.6987038850784302,-0.048581287264823914
0.6582919359207153,0.8168122172355652,4.291446202842053e-07,0.6244876980781555,0.779144287109375,-0.02476639300584793,0.6218560934066772,0.7175205945968628,-0.03598836809396744,0.6522131562232971,0.6731227040290833,-0.04732203111052513,0.6762417554855347,0.6425996422767639,-0.057060278952121735,0.6235568523406982,0.6199876666069031,-0.014810513705015182,0.612494707107544,0.545599102973938,-0.032725002616643906,0.6053096055984497,0.49556097388267517,-0.0455654039978981,0.6013590097427368,0.45500466227531433,-0.05382731184363365,0.652922511100769,0.6215508580207825,-0.01732359640300274,0.6513229012489319,0.5397217869758606,-0.03618302196264267,0.6507269144058228,0.4872719645500183,-0.050406742841005325,0.6541764736175537,0.44467633962631226,-0.05827200785279274,0.6775639653205872,0.645237386226654,-0.023397762328386307,0.6938589811325073,0.6039333343505859,-0.050614818930625916,0.6787760853767395,0.6426575183868408,-0.05674147978425026,0.667413592338562,0.6753168702125549,-0.05346398800611496,0.6948497891426086,0.6825580596923828,-0.031664203852415085,0.6997072100639343,0.6572158336639404,-0.05173267424106598,0.685972273349762,0.6802068948745728,-0.051791321486234665,0.6757426857948303,0.7019397020339966,-0.047117680311203
0.6566077470779419,0.8261216878890991,4.400225179779227e-07,0.6240816712379456,0.7880626320838928,-0.025659263134002686,0.6204968690872192,0.7265226244926453,-0.03777619078755379,0.6504444479942322,0.6837567090988159,-0.049918562173843384,0.6758196353912354,0.6543193459510803,-0.060509346425533295,0.623293936252594,0.6266061067581177,-0.016848981380462646,0.6137250661849976,0.5518131852149963,-0.03657577186822891,0.6069087982177734,0.500697135925293,-0.05015726760029793,0.6030546426773071,0.45965567231178284,-0.0585131011903286,0.6530243158340454,0.6283054351806641,-0.019425198435783386,0.6516905426979065,0.5444974303245544,-0.04020937159657478,0.6506913304328918,0.4925157427787781,-0.05459387227892876,0.6536657810211182,0.4501444101333618,-0.06166950613260269,0.6776562929153442,0.6529994010925293,-0.02564483880996704,0.6940500140190125,0.6131405830383301,-0.05537775903940201,0.6794990301132202,0.6538323163986206,-0.06174587085843086,0.668748140335083,0.6858051419258118,-0.057400237768888474,0.694069504737854,0.691491961479187,-0.0339958481490612,0.6997953653335571,0.6675609350204468,-0.05598130822181702,0.685819149017334,0.6898828148841858,-0.05656629428267479,0.6751179099082947,0.7093940377235413,-0.051442861557006836
0.6533316373825073,0.8405335545539856,4.179929078418354e-07,0.6201055645942688,0.7992580533027649,-0.023084387183189392,0.6192053556442261,0.7310083508491516,-0.03381429985165596,0.6512691974639893,0.6846663355827332,-0.044804640114307404,0.6746055483818054,0.6530741453170776,-0.05446021258831024,0.623944878578186,0.6350241899490356,-0.01728435605764389,0.6148768067359924,0.5590808987617493,-0.03741684928536415,0.6085768342018127,0.5068467855453491,-0.05096210166811943,0.6050898432731628,0.46530017256736755,-0.05959352105855942,0.6527133584022522,0.6393892168998718,-0.021607136353850365,0.6528761982917786,0.5520632863044739,-0.04309261962771416,0.6523240804672241,0.4982511103153229,-0.05834853649139404,0.6558654308319092,0.4556257724761963,-0.06631539016962051,0.6754084825515747,0.6679102778434753,-0.029272494837641716,0.6951216459274292,0.6264200806617737,-0.0596526674926281,0.679327130317688,0.6574624180793762,-0.06869727373123169,0.6671270728111267,0.6825100183486938,-0.06690902262926102,0.689310610294342,0.7106762528419495,-0.03867935389280319,0.6969767212867737,0.6893943548202515,-0.062150824815034866,0.6821966171264648,0.7021311521530151,-0.06596412509679794,0.670233964920044,0.7120380401611328,-0.06370768696069717
0.6485178470611572,0.8575928211212158,4.2700023072939075e-07,0.6162537932395935,0.8100805282592773,-0.019475873559713364,0.6166366338729858,0.7377153635025024,-0.028617866337299347,0.6500251293182373,0.6924055218696594,-0.03974825516343117,0.6746371984481812,0.6640647053718567,-0.049849845468997955,0.6204181909561157,0.6436142921447754,-0.008949103765189648,0.6142873167991638,0.5671998858451843,-0.0276032704859972,0.6094401478767395,0.5150870084762573,-0.04126029089093208,0.6080430746078491,0.47338995337486267,-0.050309695303440094,0.6506667137145996,0.6497527956962585,-0.015412029810249805,0.6528332233428955,0.5649911165237427,-0.036410167813301086,0.6521656513214111,0.5105092525482178,-0.05221191421151161,0.6573271155357361,0.4667522609233856,-0.060926515609025955,0.6763202548027039,0.6789957284927368,-0.025208234786987305,0.6951733231544495,0.6309850811958313,-0.05521330237388611,0.66927170753479,0.6741029024124146,-0.06103937700390816,0.6523880958557129,0.7098127603530884,-0.05681191757321358,0.6926737427711487,0.7223837375640869,-0.036727484315633774,0.6969969272613525,0.6934496164321899,-0.059588585048913956,0.6766746044158936,0.7154277563095093,-0.05978434532880783,0.6636134386062622,0.7351735234260559,-0.05457932502031326
0.6436154246330261,0.8603515028953552,4.430244473496714e-07,0.6109451055526733,0.8184341192245483,-0.023912891745567322,0.6098284125328064,0.7552291750907898,-0.0357271246612072,0.6439180374145508,0.7159903049468994,-0.04807053133845329,0.6687650084495544,0.6888706684112549,-0.05902877449989319,0.6184502840042114,0.6516921520233154,-0.015731992200016975,0.6129449605941772,0.576468288898468,-0.03570869565010071,0.6087276339530945,0.5248320698738098,-0.04960562288761139,0.6072555780410767,0.48347246646881104,-0.05843181163072586,0.6491150259971619,0.6568886041641235,-0.01986980438232422,0.6515666842460632,0.5717569589614868,-0.04082772135734558,0.6524447202682495,0.5186512470245361,-0.0557362399995327,0.6577285528182983,0.47543156147003174,-0.06363445520401001,0.6735721826553345,0.6853551268577576,-0.02751711755990982,0.6925027370452881,0.6471351981163025,-0.0567927211523056,0.6706395149230957,0.6860043406486511,-0.06330765038728714,0.654819667339325,0.7156493067741394,-0.0598728284239769,0.6886619925498962,0.7271910309791565,-0.03720077499747276,0.693888247013092,0.7086482644081116,-0.05854758992791176,0.6753493547439575,0.7311180830001831,-0.05910220369696617,0.6620112657546997,0.7477052211761475,-0.054623451083898544
0.6419798731803894,0.8716431856155396,4.1782533344303374e-07,0.610825777053833,0.8249308466911316,-0.019545510411262512,0.6126968264579773,0.7567080855369568,-0.028882959857583046,0.6473481059074402,0.7156190872192383,-0.03973744809627533,0.6750858426094055,0.6929892301559448,-0.04953558370471001,0.6188654899597168,0.6643860340118408,-0.01083272323012352,0.6141513586044312,0.5880923271179199,-0.029061665758490562,0.6099205017089844,0.5366964340209961,-0.04110053926706314,0.6092014908790588,0.49612054228782654,-0.048471879214048386,0.6490793824195862,0.670212984085083,-0.01662980020046234,0.6531143188476562,0.5848076939582825,-0.03685518354177475,0.6533672213554382,0.5302002429962158,-0.051263999193906784,0.6584474444389343,0.487850546836853,-0.05832359939813614,0.6736862063407898,0.6986632347106934,-0.02554473467171192,0.6911031603813171,0.6597815752029419,-0.054406583309173584,0.6667981147766113,0.6979178786277771,-0.061108674854040146,0.6507508158683777,0.7282004356384277,-0.057344600558280945,0.6877532005310059,0.739895761013031,-0.03604131564497948,0.6888839602470398,0.7243267297744751,-0.05672967806458473,0.668610155582428,0.7455064058303833,-0.05727444216609001,0.6563752889633179,0.7615114450454712,-0.052549008280038834
0.643962562084198,0.8996047973632812,4.4396080056685605e-07,0.6120625138282776,0.856872022151947,-0.0257926806807518,0.6108725666999817,0.7939928770065308,-0.0379943922162056,0.6458571553230286,0.7611710429191589,-0.050602301955223083,0.6756324768066406,0.7459580898284912,-0.06166643276810646,0.6224332451820374,0.6911501288414001,-0.015948209911584854,0.6171811819076538,0.6134418249130249,-0.036294709891080856,0.6143812537193298,0.5616283416748047,-0.049902595579624176,0.6149139404296875,0.5197691321372986,-0.05815107375383377,0.6531995534896851,0.6969448328018188,-0.01953103579580784,0.6601861715316772,0.6139167547225952,-0.04080101102590561,0.661847710609436,0.559695839881897,-0.05509064346551895,0.6669195294380188,0.5162521004676819,-0.06194153428077698,0.6764637231826782,0.7264370322227478,-0.02711699903011322,0.6977936029434204,0.6929944157600403,-0.05806451663374901,0.6765927076339722,0.7306232452392578,-0.0669993907213211,0.6611436605453491,0.7598956823348999,-0.06411870568990707,0.6897717714309692,0.7691555023193359,-0.03686882555484772,0.6974189877510071,0.7585405111312866,-0.0600135438144207,0.6794297099113464,0.7815437912940979,-0.06275877356529236,0.6661186814308167,0.7991278767585754,-0.059156231582164764
0.647537887096405,0.8989001512527466,4.965788775734836e-07,0.6132982969284058,0.8554806113243103,-0.02501947246491909,0.6132659316062927,0.7910152077674866,-0.03660821542143822,0.6505579948425293,0.7532857656478882,-0.04867376387119293,0.680989146232605,0.7336977124214172,-0.05930347740650177,0.6208508014678955,0.6904511451721191,-0.01445298083126545,0.6180398464202881,0.6154199242591858,-0.033394698053598404,0.6163190007209778,0.5632948875427246,-0.0458880253136158,0.6163904070854187,0.5228758454322815,-0.05374736711382866,0.6520811915397644,0.6973410844802856,-0.018211429938673973,0.6587514877319336,0.6144137978553772,-0.038836490362882614,0.6613221764564514,0.5606861710548401,-0.05277935788035393,0.6675514578819275,0.518467903137207,-0.05958067253232002,0.6757842302322388,0.7280175685882568,-0.025877639651298523,0.6957116723060608,0.6934237480163574,-0.05599429830908775,0.6737216114997864,0.7322562336921692,-0.06340400129556656,0.6591030359268188,0.7613869309425354,-0.059904154390096664,0.6892116069793701,0.7712370157241821,-0.03561615198850632,0.6935505270957947,0.7596206068992615,-0.057796284556388855,0.6740744113922119,0.7822350263595581,-0.05978492274880409,0.6610124707221985,0.798081636428833,-0.05600971728563309
0.647225558757782,0.8979414701461792,5.043175974606129e-07,0.6141782402992249,0.8585789203643799,-0.02354450710117817,0.6120383143424988,0.7954483032226562,-0.03565703332424164,0.6450009346008301,0.7586249113082886,-0.04852575436234474,0.6742841601371765,0.7403488755226135,-0.060253798961639404,0.6232084035873413,0.6918336153030396,-0.016817251220345497,0.6195210218429565,0.6169012188911438,-0.036397311836481094,0.6164769530296326,0.5648796558380127,-0.049608856439590454,0.6161497235298157,0.5242804884910583,-0.05829731747508049,0.6538609266281128,0.698152482509613,-0.02201657183468342,0.6603848934173584,0.614646852016449,-0.04311598837375641,0.6628245115280151,0.559311032295227,-0.058021556586027145,0.6692626476287842,0.5157450437545776,-0.0660163089632988,0.6771793961524963,0.7279773354530334,-0.03056325949728489,0.6978597640991211,0.6904481649398804,-0.05990421772003174,0.6741301417350769,0.7301815152168274,-0.06647028774023056,0.6578658819198608,0.7614968419075012,-0.06314492225646973,0.690074622631073,0.7707552909851074,-0.041162922978401184,0.6932382583618164,0.7595009803771973,-0.06371337175369263,0.6745113730430603,0.7828060984611511,-0.06545022130012512,0.6626317501068115,0.7994953393936157,-0.061653587967157364
0.6451970934867859,0.8973445296287537,4.832384092878783e-07,0.6124154329299927,0.8558332920074463,-0.02071249857544899,0.6132394671440125,0.7905338406562805,-0.03091025911271572,0.6478727459907532,0.7522427439689636,-0.04231313243508339,0.6744248270988464,0.7308343052864075,-0.052870891988277435,0.6220250129699707,0.6913303136825562,-0.01402265578508377,0.6190671920776367,0.6165632605552673,-0.03255591168999672,0.6166650056838989,0.5642082095146179,-0.045150451362133026,0.6165781617164612,0.523206353187561,-0.053239911794662476,0.6534801721572876,0.698992133140564,-0.019906921312212944,0.6604217290878296,0.6156534552574158,-0.03997986391186714,0.6623356938362122,0.5592601299285889,-0.054439906030893326,0.6681726574897766,0.5150913000106812,-0.06203477829694748,0.6778727769851685,0.7295528650283813,-0.028877099975943565,0.6959810256958008,0.6920588612556458,-0.057497866451740265,0.6713605523109436,0.7301236987113953,-0.06398872286081314,0.655343770980835,0.7607035636901855,-0.06051767244935036,0.6910118460655212,0.772615909576416,-0.03954226151108742,0.6912286877632141,0.7586839199066162,-0.06077529862523079,0.672082245349884,0.7809019088745117,-0.06145474687218666,0.6610894799232483,0.7974691390991211,-0.05695343390107155
0.6468377113342285,0.8937363624572754,4.691062542860891e-07,0.6127706170082092,0.854086697101593,-0.021083174273371696,0.6106702089309692,0.7896579504013062,-0.0310065820813179,0.6433740258216858,0.7522441744804382,-0.041961271315813065,0.6701789498329163,0.7296672463417053,-0.05178631842136383,0.6218500733375549,0.6879419684410095,-0.012938765808939934,0.6184832453727722,0.6123135089874268,-0.03080572560429573,0.616603434085846,0.561275064945221,-0.04255960136651993,0.6161182522773743,0.5211387872695923,-0.04996354877948761,0.6533507704734802,0.6941460967063904,-0.018522009253501892,0.6592046618461609,0.6095314025878906,-0.03809121251106262,0.6616790294647217,0.5562064051628113,-0.05163370817899704,0.6664804816246033,0.5138354301452637,-0.05820141360163689,0.6775233745574951,0.7237230539321899,-0.027414843440055847,0.6959202289581299,0.6871960759162903,-0.05690554901957512,0.6748769283294678,0.7270367741584778,-0.06365136057138443,0.6597656011581421,0.7575205564498901,-0.05982717126607895,0.6907335519790649,0.7659326791763306,-0.03790964558720589,0.6934036612510681,0.7517331838607788,-0.06002304330468178,0.6757940053939819,0.7748374938964844,-0.06095144525170326,0.6641196608543396,0.7919284105300903,-0.05633044242858887
0.648612916469574,0.891267716884613,4.673525779708143e-07,0.6146549582481384,0.8497680425643921,-0.022281168028712273,0.6127185225486755,0.7871308922767639,-0.03397000953555107,0.6445249915122986,0.7486089468002319,-0.04670682176947594,0.6712669134140015,0.7240558862686157,-0.05817065387964249,0.6239473223686218,0.6845016479492188,-0.014752542600035667,0.6196755170822144,0.6093415021896362,-0.034473810344934464,0.6170716881752014,0.5587152242660522,-0.04752563312649727,0.6168308854103088,0.518646776676178,-0.055662356317043304,0.654680609703064,0.6896128058433533,-0.020008785650134087,0.6598621606826782,0.6061561703681946,-0.041374288499355316,0.6614447832107544,0.5526531338691711,-0.05598147213459015,0.665925145149231,0.5104260444641113,-0.06322389841079712,0.6778295040130615,0.7183900475502014,-0.02870221622288227,0.6963543891906738,0.6798861026763916,-0.05939851328730583,0.675490140914917,0.7190052270889282,-0.0668540671467781,0.6604799032211304,0.749990701675415,-0.06341705471277237,0.6905342936515808,0.7607008218765259,-0.039120204746723175,0.6930968165397644,0.747776448726654,-0.062260039150714874,0.6744219660758972,0.769267201423645,-0.06446460634469986,0.6611695885658264,0.7860732078552246,-0.06056186556816101
0.6463708877563477,0.8893036842346191,4.772935540131584e-07,0.6127607822418213,0.8479045033454895,-0.0214676633477211,0.6121941804885864,0.7827101349830627,-0.032197438180446625,0.6438978314399719,0.7444394826889038,-0.04400842264294624,0.6712095737457275,0.7250574231147766,-0.054673563688993454,0.6208568811416626,0.6832846403121948,-0.013637084513902664,0.6176853179931641,0.6072453260421753,-0.03149920701980591,0.6154102087020874,0.5565831661224365,-0.044055044651031494,0.6153033971786499,0.5163866877555847,-0.05250977352261543,0.6521720886230469,0.6899247765541077,-0.019043443724513054,0.6591287851333618,0.6072361469268799,-0.03851885348558426,0.6609076261520386,0.5530458688735962,-0.05314185842871666,0.6662208437919617,0.5102891325950623,-0.06155110150575638,0.6762046813964844,0.7192315459251404,-0.027622435241937637,0.697212815284729,0.6755517721176147,-0.05535157769918442,0.6747202277183533,0.7134870886802673,-0.06139148026704788,0.6590905785560608,0.7453817129135132,-0.05828847736120224,0.6897817850112915,0.7612437605857849,-0.0380522757768631,0.6937212944030762,0.7424240708351135,-0.05868149176239967,0.6763794422149658,0.7631250619888306,-0.05920267850160599,0.6656699776649475,0.7809777855873108,-0.05507592484354973
0.6459184288978577,0.883965790271759,4.6564466060772247e-07,0.6123561859130859,0.8433643579483032,-0.021533649414777756,0.6115932464599609,0.7789552211761475,-0.031656283885240555,0.6446203589439392,0.738785445690155,-0.04267088323831558,0.6725069880485535,0.7132046818733215,-0.0527007058262825,0.6188117265701294,0.6808589696884155,-0.012919232249259949,0.6155746579170227,0.6056917905807495,-0.030613504350185394,0.6137107014656067,0.5548660755157471,-0.04211801290512085,0.6132229566574097,0.5150021314620972,-0.04923321679234505,0.6502504348754883,0.6875816583633423,-0.017947278916835785,0.6556336879730225,0.604062020778656,-0.03718728572130203,0.6576323509216309,0.5503453016281128,-0.05073501169681549,0.6626190543174744,0.5081918835639954,-0.05746772140264511,0.6752147674560547,0.7172286510467529,-0.026302356272935867,0.6902165412902832,0.6806065440177917,-0.055146846920251846,0.6701824069023132,0.718928337097168,-0.062224339693784714,0.657619059085846,0.7482977509498596,-0.05891379341483116,0.689803957939148,0.758441686630249,-0.03622954711318016,0.6875216960906982,0.7441692352294922,-0.05758299678564072,0.6686500906944275,0.7684271335601807,-0.058355141431093216,0.6576666235923767,0.7863225340843201,-0.05389692261815071
0.6466349363327026,0.8845202922821045,4.5847039586988103e-07,0.6141501665115356,0.8425254821777344,-0.02144734188914299,0.6142440438270569,0.7791317701339722,-0.03220638260245323,0.6476696133613586,0.7399551272392273,-0.04387358948588371,0.6715530157089233,0.7144696712493896,-0.054280079901218414,0.6215845346450806,0.68153315782547,-0.014974075369536877,0.618185818195343,0.6081730127334595,-0.034460678696632385,0.6151084899902344,0.5574061274528503,-0.04753690958023071,0.6146702170372009,0.51717209815979,-0.055926449596881866,0.6528112292289734,0.6870706081390381,-0.020251907408237457,0.6574346423149109,0.6059752702713013,-0.04101243615150452,0.658640444278717,0.5529909133911133,-0.05547712743282318,0.6640719175338745,0.510599672794342,-0.06295312196016312,0.6773344278335571,0.7164339423179626,-0.02867148071527481,0.6923528909683228,0.6827406287193298,-0.05709291249513626,0.6685178875923157,0.7202497720718384,-0.06291542947292328,0.65323406457901,0.7477561831474304,-0.05922195315361023,0.6909661293029785,0.7596442699432373,-0.0389474481344223,0.6914904713630676,0.7494909167289734,-0.06012781709432602,0.6731730699539185,0.7688825130462646,-0.06101500615477562,0.6625637412071228,0.7812331318855286,-0.05668612942099571
0.6476297378540039,0.8892004489898682,4.637975052901311e-07,0.6135646104812622,0.8504318594932556,-0.0219865795224905,0.6109130382537842,0.7869264483451843,-0.033085305243730545,0.6433389782905579,0.747715175151825,-0.04493265599012375,0.6697743535041809,0.7250420451164246,-0.055604301393032074,0.6211024522781372,0.6856834888458252,-0.015683641657233238,0.617207944393158,0.611388623714447,-0.03441866114735603,0.6147753596305847,0.5601162910461426,-0.04715713858604431,0.6151723265647888,0.5197587013244629,-0.05543690174818039,0.6524698138237,0.6912955045700073,-0.020841969177126884,0.6577374339103699,0.6094507575035095,-0.04107953980565071,0.6594088077545166,0.5547416806221008,-0.05555826798081398,0.6651150584220886,0.5115863084793091,-0.06322544813156128,0.6777322888374329,0.7202247977256775,-0.02908623404800892,0.6938031911849976,0.6840398907661438,-0.05738957226276398,0.6694045066833496,0.722175121307373,-0.06358512490987778,0.6539117097854614,0.7528011202812195,-0.06025347858667374,0.6927387714385986,0.7623215913772583,-0.039177119731903076,0.6912249326705933,0.7510508298873901,-0.060487087815999985,0.6720238327980042,0.7738077044487,-0.061355676501989365,0.6621899008750916,0.7901862859725952,-0.05708286538720131
0.647564709186554,0.8912163972854614,4.738344898669311e-07,0.614530622959137,0.8501837253570557,-0.020419593900442123,0.6114320158958435,0.788446307182312,-0.032154206186532974,0.6419970989227295,0.7525994777679443,-0.04534631967544556,0.6693679690361023,0.7352129220962524,-0.05754343047738075,0.6237502098083496,0.6872974634170532,-0.015196539461612701,0.6192410588264465,0.6128159761428833,-0.034178491681814194,0.6158719658851624,0.5614752769470215,-0.047223638743162155,0.6157951354980469,0.5211186408996582,-0.05574774369597435,0.6542007327079773,0.6941706538200378,-0.021585099399089813,0.6596503853797913,0.6122832298278809,-0.04213767498731613,0.6604774594306946,0.5563536882400513,-0.056963205337524414,0.6659271121025085,0.5124365091323853,-0.06501489132642746,0.6785587072372437,0.7237260937690735,-0.030876077711582184,0.6953944563865662,0.6856844425201416,-0.05913882702589035,0.6697648763656616,0.7241291403770447,-0.06501747667789459,0.6530721783638,0.7562707662582397,-0.06130026653409004,0.6926464438438416,0.7663152813911438,-0.041943397372961044,0.6918104290962219,0.7508066892623901,-0.06287169456481934,0.6724434494972229,0.7717561721801758,-0.06317044794559479,0.6611306667327881,0.7890310883522034,-0.05840488150715828
0.6480499505996704,0.8927047252655029,4.6238309892032703e-07,0.6143599152565002,0.854489266872406,-0.021118685603141785,0.6101711988449097,0.7917186617851257,-0.032710000872612,0.6411280035972595,0.7551615834236145,-0.0455096960067749,0.6683233976364136,0.7363171577453613,-0.05745544657111168,0.6238158345222473,0.6897720098495483,-0.016849249601364136,0.6195468902587891,0.616359293460846,-0.03656856715679169,0.6166332364082336,0.565010130405426,-0.05003439262509346,0.6166267395019531,0.5240179896354675,-0.05898350849747658,0.654919445514679,0.6959901452064514,-0.023129403591156006,0.6601052284240723,0.6134099364280701,-0.044667232781648636,0.661392331123352,0.5577683448791504,-0.05985138937830925,0.6669225692749023,0.5131651163101196,-0.06801342964172363,0.680035412311554,0.7259203195571899,-0.03230775147676468,0.6956894397735596,0.6890365481376648,-0.06209343299269676,0.6685634255409241,0.7286993265151978,-0.06844957172870636,0.6507366299629211,0.7606524229049683,-0.06481262296438217,0.6946128010749817,0.7692927718162537,-0.04319699853658676,0.6916536092758179,0.756843090057373,-0.0658329650759697,0.6709864139556885,0.7782514095306396,-0.06700430065393448,0.6592088937759399,0.7943863272666931,-0.06267815083265305
0.6488584876060486,0.8929153680801392,4.6391582486648986e-07,0.6150062680244446,0.8548263311386108,-0.02266092598438263,0.6099388599395752,0.7948893308639526,-0.03512832149863243,0.6398769617080688,0.7567171454429626,-0.04835859686136246,0.6668075323104858,0.7349147796630859,-0.060437172651290894,0.6240553855895996,0.6919225454330444,-0.018093353137373924,0.6199959516525269,0.6173575520515442,-0.037983834743499756,0.6174519062042236,0.5659433603286743,-0.05143428593873978,0.617455244064331,0.5248540639877319,-0.06006075069308281,0.6552043557167053,0.6973628997802734,-0.023272337391972542,0.6603627800941467,0.6141182780265808,-0.0441785492002964,0.661758303642273,0.558804988861084,-0.05864705517888069,0.6669389605522156,0.5149833559989929,-0.06627766042947769,0.680109441280365,0.7261006832122803,-0.031519241631031036,0.6960877776145935,0.6895422339439392,-0.06062169000506401,0.6714956164360046,0.7272519469261169,-0.06669073551893234,0.6550127863883972,0.7587030529975891,-0.06289523839950562,0.6945121884346008,0.7681286334991455,-0.04163989797234535,0.6940049529075623,0.7533159852027893,-0.06336787343025208,0.6744223833084106,0.7750594019889832,-0.06386614590883255,0.6624398827552795,0.7931604981422424,-0.05909465253353119
0.6492804288864136,0.8929587602615356,4.688403976160771e-07,0.6146551966667175,0.8557252883911133,-0.02291053533554077,0.6107379794120789,0.7920850515365601,-0.034401725977659225,0.6430259943008423,0.7532973289489746,-0.046524323523044586,0.6726257801055908,0.733910322189331,-0.05758584663271904,0.6238278150558472,0.6917582154273987,-0.016961511224508286,0.6200128793716431,0.6177592277526855,-0.03610634803771973,0.6177719831466675,0.566489040851593,-0.04902667924761772,0.6175960302352905,0.5254243016242981,-0.057548634707927704,0.654998242855072,0.6973214745521545,-0.021876025944948196,0.6603110432624817,0.6144070029258728,-0.04249347373843193,0.6619116067886353,0.559435248374939,-0.056811269372701645,0.6665564179420471,0.5153225660324097,-0.0643407553434372,0.6796450614929199,0.726242184638977,-0.029973778873682022,0.6961245536804199,0.6904597878456116,-0.05914356932044029,0.6722044348716736,0.7290608286857605,-0.06543748080730438,0.6556177139282227,0.7595753073692322,-0.061770860105752945,0.6940301060676575,0.7679592370986938,-0.039955683052539825,0.6937611103057861,0.7550002336502075,-0.062068067491054535,0.6742597222328186,0.7787227034568787,-0.06300423294305801,0.6618045568466187,0.7967320680618286,-0.058611877262592316
0.640891432762146,0.8883025646209717,4.686778254381352e-07,0.6065113544464111,0.8479703068733215,-0.018120018765330315,0.6027489304542542,0.7852397561073303,-0.027082033455371857,0.6340913772583008,0.7501343488693237,-0.03755684942007065,0.6597525477409363,0.7305974960327148,-0.04763752222061157,0.6162461638450623,0.6876980066299438,-0.012858747504651546,0.6134273409843445,0.6127563118934631,-0.029741084203124046,0.6117592453956604,0.5618907809257507,-0.041182078421115875,0.611635684967041,0.5210747718811035,-0.048624392598867416,0.6482797861099243,0.6953559517860413,-0.019351501017808914,0.6567215919494629,0.6129196286201477,-0.03726038709282875,0.6581215858459473,0.5571517944335938,-0.050674717873334885,0.662147045135498,0.5124027729034424,-0.0580342598259449,0.6736624240875244,0.7253358364105225,-0.028510883450508118,0.6861909627914429,0.6877167224884033,-0.054999176412820816,0.6624616980552673,0.725723922252655,-0.06148682162165642,0.6477090716362,0.7563351988792419,-0.05866246297955513,0.6888248920440674,0.7667641043663025,-0.03901706263422966,0.6815134286880493,0.7540237307548523,-0.05845321714878082,0.6610735058784485,0.7788697481155396,-0.05827883630990982,0.6503583788871765,0.7980645298957825,-0.05370315536856651
0.6407918930053711,0.8873121738433838,4.5124616576686094e-07,0.6078080534934998,0.8466981053352356,-0.018654635176062584,0.6047616600990295,0.7851279973983765,-0.02833869680762291,0.6337162256240845,0.747520923614502,-0.03944123536348343,0.6582807898521423,0.7251708507537842,-0.049784112721681595,0.6171854734420776,0.6871058940887451,-0.013190042227506638,0.6134756803512573,0.6122593283653259,-0.0303780660033226,0.610848069190979,0.5616205334663391,-0.041780244559049606,0.6100358366966248,0.520770788192749,-0.04913856089115143,0.6480465531349182,0.6947875618934631,-0.01954897679388523,0.6554142236709595,0.6125196218490601,-0.03816778585314751,0.6567144393920898,0.5569257140159607,-0.05157320201396942,0.6608123779296875,0.5129165053367615,-0.0587385818362236,0.6726892590522766,0.7244438529014587,-0.028629787266254425,0.6870998740196228,0.6853631734848022,-0.0559467151761055,0.6617394685745239,0.7238522171974182,-0.061874259263277054,0.6452497243881226,0.7554903030395508,-0.05842693895101547,0.6874163746833801,0.7658131718635559,-0.0391397699713707,0.6822472810745239,0.7520923614501953,-0.059595737606287,0.6615123152732849,0.7766435146331787,-0.059618305414915085,0.6499829888343811,0.795559823513031,-0.0548689179122448
0.6393049955368042,0.8873045444488525,4.502092565417115e-07,0.6056591868400574,0.8470050096511841,-0.01893753744661808,0.6036376953125,0.7833461761474609,-0.028408830985426903,0.6350145936012268,0.7446872591972351,-0.03925320878624916,0.6609097719192505,0.7215969562530518,-0.04940812662243843,0.6151432394981384,0.6878972053527832,-0.013189887627959251,0.6114270091056824,0.6127368211746216,-0.0305598396807909,0.6084608435630798,0.562054455280304,-0.042310476303100586,0.6079519987106323,0.5210639834403992,-0.05008762702345848,0.646131157875061,0.694878339767456,-0.01941099390387535,0.6527115106582642,0.612853467464447,-0.03869062289595604,0.6533170938491821,0.5566339492797852,-0.05316328629851341,0.6577279567718506,0.5120099186897278,-0.06121090427041054,0.6709162592887878,0.7241479158401489,-0.028307568281888962,0.6857786774635315,0.6826733350753784,-0.05642874538898468,0.6601799726486206,0.7216194868087769,-0.06262578815221786,0.6442217230796814,0.7539793848991394,-0.059343282133340836,0.6856476664543152,0.764962911605835,-0.03862207755446434,0.6799721717834473,0.7496926784515381,-0.06024576723575592,0.6585739850997925,0.7744049429893494,-0.06069284677505493,0.6472963094711304,0.7939761281013489,-0.05608826130628586
0.6398468613624573,0.8853099346160889,4.5724900132881885e-07,0.6063582897186279,0.8468285202980042,-0.02016596868634224,0.6028057336807251,0.7858690619468689,-0.030827943235635757,0.6322066187858582,0.7469828128814697,-0.042612332850694656,0.658643364906311,0.7250352501869202,-0.05351559445261955,0.6145997047424316,0.6866149306297302,-0.014629052020609379,0.6105414628982544,0.6125490665435791,-0.03247211501002312,0.6075208783149719,0.5621001124382019,-0.04435460641980171,0.6064979434013367,0.5216026306152344,-0.05208929255604744,0.6455138325691223,0.693241536617279,-0.020585842430591583,0.6516294479370117,0.61063152551651,-0.04023018106818199,0.6525406837463379,0.5552458763122559,-0.0545220784842968,0.656849205493927,0.5115763545036316,-0.06213083490729332,0.6705410480499268,0.722419798374176,-0.02934528887271881,0.6840211153030396,0.6839175820350647,-0.05798301100730896,0.6591777801513672,0.7219141125679016,-0.06470426917076111,0.6435390710830688,0.7533455491065979,-0.06145291402935982,0.685606062412262,0.7631198763847351,-0.039561688899993896,0.6791887283325195,0.7482831478118896,-0.06112105771899223,0.6584318280220032,0.7724748849868774,-0.06160016730427742,0.6474164128303528,0.7920815944671631,-0.05691820755600929
0.6389537453651428,0.8834084868431091,4.548951437755022e-07,0.6049266457557678,0.8441956639289856,-0.01950836554169655,0.6005555987358093,0.7856457233428955,-0.030174683779478073,0.6284223198890686,0.7494543194770813,-0.042239464819431305,0.6535725593566895,0.7286663055419922,-0.053599435836076736,0.6135233044624329,0.6851894855499268,-0.01442625094205141,0.6102800369262695,0.6115220785140991,-0.0320170633494854,0.6075536608695984,0.5616495013237,-0.04415903240442276,0.6071164608001709,0.5211581587791443,-0.05226493626832962,0.6446752548217773,0.6914470791816711,-0.02058243565261364,0.6511293649673462,0.6108837127685547,-0.039516251534223557,0.6520233750343323,0.5554369688034058,-0.05405830219388008,0.6563078761100769,0.511850118637085,-0.0624188669025898,0.6697272658348083,0.7199726700782776,-0.029431968927383423,0.6847800016403198,0.6805029511451721,-0.05673544853925705,0.660167396068573,0.7174779772758484,-0.06361488997936249,0.6438794732093811,0.7501605153083801,-0.06114530935883522,0.684826135635376,0.7600414156913757,-0.03979833424091339,0.6783494353294373,0.7459301352500916,-0.06068940460681915,0.6575324535369873,0.7692657709121704,-0.06158599629998207,0.6458349823951721,0.789944589138031,-0.057533930987119675
0.6399312019348145,0.8798952102661133,4.450552353318926e-07,0.6064717173576355,0.8421250581741333,-0.02114432491362095,0.6016492247581482,0.7844889760017395,-0.03242217376828194,0.6304146647453308,0.7474149465560913,-0.04452992603182793,0.6570988297462463,0.724981963634491,-0.05564742907881737,0.615235447883606,0.6845875382423401,-0.016553757712244987,0.611529529094696,0.6112916469573975,-0.03461724519729614,0.6085076928138733,0.5614300966262817,-0.0462932325899601,0.6072328090667725,0.5208333730697632,-0.05393847078084946,0.6464361548423767,0.6897839307785034,-0.021739747375249863,0.6519982218742371,0.6096578240394592,-0.041154224425554276,0.6528109312057495,0.5558919906616211,-0.054746586829423904,0.6557589769363403,0.5130396485328674,-0.061965834349393845,0.6713501811027527,0.717556893825531,-0.02979513444006443,0.6849030256271362,0.6834040284156799,-0.058150842785835266,0.6612168550491333,0.7212231755256653,-0.06522611528635025,0.6446577310562134,0.7524131536483765,-0.06238965690135956,0.6866413950920105,0.7568894624710083,-0.039435721933841705,0.6799562573432922,0.7496821284294128,-0.06129733845591545,0.6589887738227844,0.7745066285133362,-0.06304562836885452,0.6459418535232544,0.794143557548523,-0.05928395688533783
0.6419535279273987,0.880919337272644,4.6058559632911056e-07,0.6076741814613342,0.8426600694656372,-0.022038504481315613,0.6030976176261902,0.7833665013313293,-0.033583685755729675,0.6326943635940552,0.7455119490623474,-0.045850228518247604,0.6610898375511169,0.7235957980155945,-0.0572330504655838,0.6144425868988037,0.6849150061607361,-0.016742734238505363,0.61078941822052,0.6102307438850403,-0.035394538193941116,0.6078827977180481,0.559698224067688,-0.04798910766839981,0.6065118312835693,0.5183559060096741,-0.05637016147375107,0.6454502940177917,0.690497100353241,-0.021896101534366608,0.650898277759552,0.6081807613372803,-0.04187343642115593,0.6523320078849792,0.5533478260040283,-0.05635630339384079,0.6560941934585571,0.5096244812011719,-0.0643496885895729,0.6704885363578796,0.7189244627952576,-0.03001989610493183,0.6860376000404358,0.6796971559524536,-0.05898093059659004,0.6640833020210266,0.7165829539299011,-0.06634242087602615,0.6485740542411804,0.747642993927002,-0.06380511820316315,0.6860620975494385,0.7589410543441772,-0.039799418300390244,0.6821357607841492,0.7456880807876587,-0.06252924352884293,0.6614233255386353,0.7708874940872192,-0.06424263119697571,0.648097038269043,0.7914978265762329,-0.06047730892896652
0.6414301991462708,0.88176029920578,4.675821401178837e-07,0.6063724160194397,0.8420106172561646,-0.020535176619887352,0.6018205285072327,0.779604434967041,-0.031478993594646454,0.6330782175064087,0.7399110794067383,-0.04347711428999901,0.6633172631263733,0.7184271812438965,-0.05467609688639641,0.6137849688529968,0.6833149194717407,-0.01477359514683485,0.6099433898925781,0.609201967716217,-0.03307422623038292,0.6068616509437561,0.558519721031189,-0.045254308730363846,0.6051356792449951,0.5180232524871826,-0.053181733936071396,0.6450830101966858,0.6888529062271118,-0.020697936415672302,0.6510310173034668,0.6063032746315002,-0.04030598700046539,0.651801347732544,0.551260232925415,-0.05441379174590111,0.6548565626144409,0.5070587992668152,-0.061952922493219376,0.6700389981269836,0.7173276543617249,-0.029580706730484962,0.6836824417114258,0.6798132061958313,-0.058148473501205444,0.6608091592788696,0.7169719338417053,-0.06543590128421783,0.6453787088394165,0.7467381358146667,-0.06275174766778946,0.6850011348724365,0.7577458620071411,-0.03997722640633583,0.6797564625740051,0.7455498576164246,-0.06170331686735153,0.6584451198577881,0.7701303362846375,-0.06286019831895828,0.6450342535972595,0.7893204092979431,-0.05881539359688759
0.6397432684898376,0.8771404027938843,4.525351187112392e-07,0.6054572463035583,0.8363296389579773,-0.018265826627612114,0.6017521619796753,0.7738841772079468,-0.027710244059562683,0.6322181820869446,0.7370488047599792,-0.03839103505015373,0.6596094965934753,0.7145066857337952,-0.048478566110134125,0.6117357611656189,0.6800874471664429,-0.014047731645405293,0.6085283160209656,0.6054122447967529,-0.03109567239880562,0.6051573157310486,0.5552158355712891,-0.04197273775935173,0.603663980960846,0.5145132541656494,-0.04899575188755989,0.6433396339416504,0.685274600982666,-0.02019142359495163,0.6490697264671326,0.6028091311454773,-0.03859985992312431,0.6491978764533997,0.5479226112365723,-0.05219075456261635,0.652172327041626,0.5044760704040527,-0.059478238224983215,0.6687068939208984,0.7128700017929077,-0.02884158492088318,0.679796040058136,0.676980197429657,-0.05582605302333832,0.6568233966827393,0.7136573791503906,-0.06346103549003601,0.6424363255500793,0.743513822555542,-0.06144484505057335,0.6840415000915527,0.7514728307723999,-0.03872817009687424,0.6717474460601807,0.7463181614875793,-0.05896076187491417,0.6501091718673706,0.7709962129592896,-0.06049145385622978,0.6385865211486816,0.7893770933151245,-0.057037193328142166
0.6372708082199097,0.8748483061790466,4.547395633380802e-07,0.6024362444877625,0.8337064385414124,-0.017754092812538147,0.5992568135261536,0.7695167660713196,-0.02762776054441929,0.626112163066864,0.7269858717918396,-0.038969650864601135,0.6480011940002441,0.7017440795898438,-0.04947477579116821,0.6099569201469421,0.6782944798469543,-0.015437990427017212,0.6060246825218201,0.6019874811172485,-0.03421301022171974,0.6028063893318176,0.5512348413467407,-0.04663665592670441,0.6010618805885315,0.5105352997779846,-0.05436369776725769,0.6409281492233276,0.6839084029197693,-0.0222576092928648,0.6481744050979614,0.5993011593818665,-0.04252251610159874,0.648328423500061,0.5444629192352295,-0.056396517902612686,0.651188313961029,0.5017299056053162,-0.06350065022706985,0.6659821271896362,0.7126738429069519,-0.03153752535581589,0.6789875030517578,0.6722332835197449,-0.05988343060016632,0.6537088751792908,0.7078430652618408,-0.06615031510591507,0.6371663212776184,0.7376856803894043,-0.06265947967767715,0.6804518699645996,0.7545881271362305,-0.04201456531882286,0.6770859956741333,0.7369559407234192,-0.06279554963111877,0.6545732617378235,0.755439281463623,-0.06285117566585541,0.6408233046531677,0.7716454863548279,-0.05790727213025093
0.6356944441795349,0.8712722063064575,4.3828822526847944e-07,0.6016148328781128,0.8292503952980042,-0.01675272360444069,0.5974825024604797,0.7652482390403748,-0.02580087073147297,0.6222378611564636,0.7217511534690857,-0.03652127832174301,0.6434752941131592,0.6952250003814697,-0.046411383897066116,0.6072086691856384,0.6753439903259277,-0.013547869399189949,0.6024037599563599,0.5977874994277954,-0.030845873057842255,0.5984324812889099,0.5467919707298279,-0.04218776151537895,0.5961131453514099,0.5052622556686401,-0.04948630556464195,0.6380374431610107,0.6816527247428894,-0.02063305489718914,0.643596887588501,0.5964168310165405,-0.04012834280729294,0.6434327363967896,0.5404722094535828,-0.054104987531900406,0.6458699107170105,0.4970301687717438,-0.061726756393909454,0.6638081669807434,0.7095624804496765,-0.0300022903829813,0.6759641170501709,0.6667758822441101,-0.05838560685515404,0.6508665680885315,0.7041980028152466,-0.06446757167577744,0.6338709592819214,0.7369301319122314,-0.061040159314870834,0.6794009208679199,0.7495129108428955,-0.04045215621590614,0.6735936403274536,0.727749764919281,-0.061687421053647995,0.6517537832260132,0.7507532238960266,-0.06119581684470177,0.638420045375824,0.7727155089378357,-0.05600709095597267
0.6315023899078369,0.8609082102775574,4.3546094730118057e-07,0.5983690619468689,0.8144187927246094,-0.016015907749533653,0.5981343984603882,0.7469342350959778,-0.023404909297823906,0.6269849538803101,0.7041187882423401,-0.032576318830251694,0.6518923044204712,0.6793270111083984,-0.040996864438056946,0.6023355722427368,0.6654860973358154,-0.009151971898972988,0.5970748662948608,0.5894941687583923,-0.02473793737590313,0.5929139256477356,0.5401864051818848,-0.03478759154677391,0.5906451940536499,0.5005854368209839,-0.04096603021025658,0.633198618888855,0.6709159016609192,-0.015404433012008667,0.6382558345794678,0.5878422856330872,-0.03319644555449486,0.6375436782836914,0.5323593616485596,-0.04587557166814804,0.6395902633666992,0.48930370807647705,-0.05217910557985306,0.6595313549041748,0.6977555155754089,-0.024163048714399338,0.6736505627632141,0.6556174755096436,-0.05087687447667122,0.6485579013824463,0.6940114498138428,-0.05692695826292038,0.6313802599906921,0.7275556921958923,-0.05332540348172188,0.6755897998809814,0.7364922165870667,-0.033984240144491196,0.6672738790512085,0.7235125303268433,-0.053356777876615524,0.6445087194442749,0.7468507289886475,-0.053170084953308105,0.6306607127189636,0.7662848234176636,-0.048180658370256424
0.6273998022079468,0.858571469783783,3.954725968924322e-07,0.5946345329284668,0.815870463848114,-0.014813972637057304,0.5910343527793884,0.749393105506897,-0.021183429285883904,0.6148895621299744,0.7026910781860352,-0.029192375019192696,0.6326773762702942,0.6742163896560669,-0.03659048303961754,0.5963954925537109,0.6637383699417114,-0.01003129780292511,0.5903280973434448,0.5874942541122437,-0.024765364825725555,0.585793673992157,0.5368549823760986,-0.03451565280556679,0.5832577347755432,0.49635636806488037,-0.04079238325357437,0.6272621154785156,0.6689943671226501,-0.01669836789369583,0.6311679482460022,0.5846062898635864,-0.033241260796785355,0.6302753686904907,0.5289351344108582,-0.04577619582414627,0.6325857043266296,0.4870460331439972,-0.05265069380402565,0.654389500617981,0.6955119967460632,-0.025531815364956856,0.6657658219337463,0.6510611176490784,-0.05046560615301132,0.6413185596466064,0.6840140223503113,-0.05682525038719177,0.6250497698783875,0.715509295463562,-0.05446387454867363,0.6720559000968933,0.7338511347770691,-0.03533826023340225,0.6635199189186096,0.7128843665122986,-0.054027292877435684,0.6423141956329346,0.7326270937919617,-0.05407307669520378,0.6299892067909241,0.7516003847122192,-0.04986276477575302
0.605133056640625,0.8489998579025269,4.310464589707408e-07,0.5719033479690552,0.8067891597747803,-0.01666083186864853,0.5659122467041016,0.7480764985084534,-0.026433065533638,0.5876829624176025,0.7038905620574951,-0.03821332007646561,0.6090719103813171,0.6771159768104553,-0.04907866567373276,0.5770046710968018,0.6549180746078491,-0.010559182614088058,0.5691184997558594,0.5813387632369995,-0.027023987844586372,0.5634950399398804,0.5324783325195312,-0.03785678371787071,0.5597259998321533,0.49302244186401367,-0.044696759432554245,0.6064751744270325,0.6604917645454407,-0.017768004909157753,0.6111624836921692,0.5767409801483154,-0.03623390570282936,0.6082131266593933,0.5217681527137756,-0.049807269126176834,0.6078757047653198,0.4781668484210968,-0.0570344552397728,0.6320486068725586,0.6878410577774048,-0.027634060010313988,0.6425084471702576,0.6454753875732422,-0.05486170947551727,0.6179517507553101,0.6817801594734192,-0.06177821382880211,0.601405143737793,0.7138416171073914,-0.058796174824237823,0.6495802998542786,0.7272127270698547,-0.038626544177532196,0.643950343132019,0.7025906443595886,-0.05834163725376129,0.6206911206245422,0.7234441041946411,-0.05847649648785591,0.6042705774307251,0.744835376739502,-0.053811781108379364
0.5997599959373474,0.8500949740409851,3.7641046901626396e-07,0.5672286748886108,0.8069262504577637,-0.01469797920435667,0.5619314908981323,0.7425241470336914,-0.02251422591507435,0.587954580783844,0.6981685757637024,-0.03252790495753288,0.6124921441078186,0.6727180480957031,-0.04221808537840843,0.570432722568512,0.6561688184738159,-0.0098609309643507,0.5620065927505493,0.5827613472938538,-0.025290794670581818,0.5554924607276917,0.5330423712730408,-0.03548349812626839,0.5515608191490173,0.49268442392349243,-0.04211125150322914,0.6010978817939758,0.6620775461196899,-0.017175881192088127,0.605837881565094,0.5797418355941772,-0.0342479832470417,0.6032503247261047,0.5240824818611145,-0.04688706994056702,0.6035594344139099,0.4809795022010803,-0.05389314144849777,0.6277127861976624,0.6891903281211853,-0.026803795248270035,0.6359426379203796,0.6467366814613342,-0.053139954805374146,0.6103114485740662,0.683053731918335,-0.05978801101446152,0.5940384864807129,0.7157872319221497,-0.05714976415038109,0.644594132900238,0.7278043627738953,-0.03733234480023384,0.6336091160774231,0.7045547962188721,-0.056972913444042206,0.6100131273269653,0.7275887727737427,-0.056854456663131714,0.595941960811615,0.7502357363700867,-0.0523473359644413
0.598005473613739,0.8518068194389343,3.720864185652317e-07,0.563861608505249,0.8115224838256836,-0.015287064015865326,0.5564877390861511,0.75081866979599,-0.023755410686135292,0.579116702079773,0.7055930495262146,-0.033919088542461395,0.600396454334259,0.6795424222946167,-0.04361189901828766,0.5658007264137268,0.6578332185745239,-0.012804077938199043,0.5570029616355896,0.5820717811584473,-0.027670152485370636,0.550621747970581,0.5323237180709839,-0.037433866411447525,0.5472995638847351,0.4918297231197357,-0.04410939663648605,0.5972622036933899,0.6635129451751709,-0.01980024017393589,0.600374698638916,0.5806007981300354,-0.036520518362522125,0.5979027152061462,0.5248088240623474,-0.04924793168902397,0.5990939140319824,0.48281675577163696,-0.05675845220685005,0.6247116923332214,0.6911241412162781,-0.028829794377088547,0.6329667568206787,0.6458155512809753,-0.054600704461336136,0.6064912676811218,0.679079532623291,-0.06225067377090454,0.5897137522697449,0.7119516134262085,-0.061093609780073166,0.6424591541290283,0.7309045195579529,-0.038730088621377945,0.6282365918159485,0.7099246978759766,-0.059463441371917725,0.602093517780304,0.7292969226837158,-0.06144586578011513,0.5860555768013,0.7494193315505981,-0.05867784470319748
0.5924177765846252,0.849861204624176,3.954248199988797e-07,0.5583968162536621,0.8099335432052612,-0.014995040372014046,0.5504426956176758,0.7496381402015686,-0.02394258603453636,0.5724274516105652,0.7058902978897095,-0.03492756560444832,0.5943076610565186,0.6811085343360901,-0.04550512880086899,0.5621192455291748,0.6588155627250671,-0.012854104861617088,0.5530988574028015,0.5840345621109009,-0.02882748283445835,0.5468568801879883,0.5345257520675659,-0.039284393191337585,0.543594479560852,0.49406394362449646,-0.046250294893980026,0.5932852029800415,0.6646089553833008,-0.02029484324157238,0.5984310507774353,0.581773579120636,-0.03830559179186821,0.595879316329956,0.5257009267807007,-0.05161797255277634,0.5961835384368896,0.48339879512786865,-0.05927064269781113,0.6203404664993286,0.6916477680206299,-0.029798749834299088,0.6288985013961792,0.6462646126747131,-0.056785810738801956,0.6024631261825562,0.6814334988594055,-0.0639972984790802,0.5851528644561768,0.7150483727455139,-0.061927828937768936,0.6381170153617859,0.730376124382019,-0.04012976586818695,0.6260947585105896,0.7069826722145081,-0.0608600378036499,0.6013113856315613,0.7276883721351624,-0.061812445521354675,0.5858603715896606,0.7492282390594482,-0.0580628328025341
0.587816059589386,0.8452045917510986,3.8529657331309863e-07,0.5535684823989868,0.8062513470649719,-0.01543804444372654,0.5462285876274109,0.7471387982368469,-0.024530259892344475,0.5705483555793762,0.70602947473526,-0.03536301478743553,0.594501256942749,0.6812313199043274,-0.045756760984659195,0.5580428242683411,0.6583075523376465,-0.01429553423076868,0.5486556887626648,0.5846569538116455,-0.030066391453146935,0.5419835448265076,0.5362241864204407,-0.0395841971039772,0.5383724570274353,0.4964079260826111,-0.045712314546108246,0.5897004008293152,0.6633560657501221,-0.02119751088321209,0.5943842530250549,0.5804070234298706,-0.03880854696035385,0.5914154052734375,0.5254983901977539,-0.050975944846868515,0.5906871557235718,0.4844958484172821,-0.05748022720217705,0.6165876388549805,0.6903746724128723,-0.030162638053297997,0.622917890548706,0.6482080817222595,-0.05754584074020386,0.5979054570198059,0.6845196485519409,-0.06486298143863678,0.5816371440887451,0.7179197669029236,-0.06250493228435516,0.633777379989624,0.728751540184021,-0.03984195739030838,0.6185534596443176,0.7099085450172424,-0.06066714599728584,0.5923889875411987,0.7311550974845886,-0.061822183430194855,0.5755982398986816,0.7515066862106323,-0.058119211345911026
0.5854915380477905,0.8520420789718628,3.764832570141152e-07,0.5505934953689575,0.8146800994873047,-0.01401688065379858,0.5412170886993408,0.7538243532180786,-0.02235860377550125,0.5639278888702393,0.7085475325584412,-0.032625842839479446,0.5866336226463318,0.6822755336761475,-0.042426228523254395,0.5536901354789734,0.6652400493621826,-0.013364295475184917,0.543281078338623,0.5890102386474609,-0.029513521119952202,0.5367544889450073,0.5392593741416931,-0.03941819816827774,0.5334274172782898,0.49916690587997437,-0.04553568735718727,0.5852100849151611,0.6702007055282593,-0.02072228118777275,0.5899714231491089,0.58461594581604,-0.03823990374803543,0.5879492163658142,0.5281773805618286,-0.050130266696214676,0.5887297987937927,0.4867859482765198,-0.05628679692745209,0.611718475818634,0.6961723566055298,-0.030081337317824364,0.6162206530570984,0.6543425917625427,-0.056178249418735504,0.5908651351928711,0.6868375539779663,-0.06308972835540771,0.5751423835754395,0.718826413154602,-0.06070655584335327,0.6284017562866211,0.7332531809806824,-0.04020381718873978,0.615650475025177,0.7116264700889587,-0.06004193797707558,0.5908340811729431,0.7316475510597229,-0.060783762484788895,0.5753666162490845,0.7523742318153381,-0.056840941309928894
0.578996479511261,0.8468921780586243,3.850424832307908e-07,0.5451202392578125,0.809797465801239,-0.013902492821216583,0.5349040031433105,0.7524915337562561,-0.022818656638264656,0.5548316836357117,0.7105878591537476,-0.03370394557714462,0.5753664374351501,0.6866024136543274,-0.044040776789188385,0.5487088561058044,0.6599221229553223,-0.01412157341837883,0.5379804968833923,0.587062418460846,-0.02981364168226719,0.5311140418052673,0.5395532250404358,-0.03939064219594002,0.5277748107910156,0.5006834268569946,-0.0454607717692852,0.5800595283508301,0.6650477647781372,-0.02172793820500374,0.5838763117790222,0.5829786658287048,-0.03925931081175804,0.5813472270965576,0.5286903381347656,-0.051540546119213104,0.5819931626319885,0.4881468415260315,-0.058061130344867706,0.6066789031028748,0.6917458176612854,-0.031148308888077736,0.6092612743377686,0.6553369164466858,-0.05723205581307411,0.5832241177558899,0.6897556781768799,-0.06448358297348022,0.5670462846755981,0.7214177846908569,-0.062366556376218796,0.6234409213066101,0.7296605110168457,-0.04127586632966995,0.6081583499908447,0.7120679020881653,-0.060910072177648544,0.5823435187339783,0.731756865978241,-0.06193939968943596,0.5664305686950684,0.7511565089225769,-0.058289896696805954
0.5725410580635071,0.8514958024024963,3.7376580053205544e-07,0.5378960371017456,0.8166840672492981,-0.01363759022206068,0.5247246026992798,0.7586371898651123,-0.02189151756465435,0.5443867444992065,0.7180318832397461,-0.03232501074671745,0.5647627711296082,0.6968834400177002,-0.0425725094974041,0.5423038005828857,0.6626848578453064,-0.013889718800783157,0.5321280360221863,0.589781641960144,-0.02996279112994671,0.5256061553955078,0.5418455004692078,-0.04056935757398605,0.5230238437652588,0.5024658441543579,-0.047794975340366364,0.5741673111915588,0.6669812798500061,-0.02191537618637085,0.5786948204040527,0.5864488482475281,-0.040027961134910583,0.5762348175048828,0.531438946723938,-0.05352461338043213,0.5773850083351135,0.4888291358947754,-0.06135457381606102,0.600525438785553,0.6933357119560242,-0.031769510358572006,0.604814887046814,0.6531779766082764,-0.058842774480581284,0.5775148868560791,0.689338207244873,-0.0669931098818779,0.5606035590171814,0.7234710454940796,-0.06570999324321747,0.61651611328125,0.7318732738494873,-0.04233792796730995,0.6003462672233582,0.7164578437805176,-0.06414186954498291,0.5733952522277832,0.7364383339881897,-0.06690811365842819,0.5572825074195862,0.7569595575332642,-0.06438203901052475
0.5616597533226013,0.8567893505096436,3.653564704109158e-07,0.5280844569206238,0.8204371929168701,-0.012244226410984993,0.5131259560585022,0.7651926279067993,-0.020407769829034805,0.5268203616142273,0.7255009412765503,-0.0309835746884346,0.5460748076438904,0.7093570828437805,-0.04145212844014168,0.5316343903541565,0.6680911183357239,-0.013326340354979038,0.5204157829284668,0.5940779447555542,-0.02911234274506569,0.5143750905990601,0.5452221035957336,-0.03955143690109253,0.5109724998474121,0.5051666498184204,-0.04665308818221092,0.563148021697998,0.6734588146209717,-0.02201193943619728,0.5688426494598389,0.590778112411499,-0.03965757042169571,0.5672628283500671,0.5352963209152222,-0.05270550027489662,0.5673052668571472,0.49325400590896606,-0.060269325971603394,0.5888978242874146,0.7000885605812073,-0.032432589679956436,0.5907782912254333,0.6596484184265137,-0.05838191136717796,0.5656838417053223,0.6896936893463135,-0.06738483905792236,0.549119770526886,0.7207043766975403,-0.06697345525026321,0.6041720509529114,0.7378687858581543,-0.04340336471796036,0.5874167680740356,0.7175068259239197,-0.06356293708086014,0.5599608421325684,0.7335947155952454,-0.06630120426416397,0.5414101481437683,0.7524309158325195,-0.06425401568412781
0.5590739846229553,0.8549155592918396,3.74960279714287e-07,0.5255386829376221,0.8185563683509827,-0.013156588189303875,0.5118352770805359,0.7626127004623413,-0.022193148732185364,0.5268446207046509,0.7216354012489319,-0.03340087831020355,0.54618239402771,0.6963725090026855,-0.04405845329165459,0.5297654867172241,0.666854202747345,-0.014980163425207138,0.5200549960136414,0.5921883583068848,-0.030844924971461296,0.5135204195976257,0.5438302755355835,-0.04101342335343361,0.5100407004356384,0.504136860370636,-0.047825124114751816,0.5617037415504456,0.6731749773025513,-0.02300318330526352,0.5675261616706848,0.5913338661193848,-0.04077542573213577,0.5648605823516846,0.5358365774154663,-0.05396568775177002,0.5648732781410217,0.4928860366344452,-0.061723820865154266,0.5873170495033264,0.7002993226051331,-0.0326591394841671,0.5893535614013672,0.6591571569442749,-0.05911429971456528,0.5621305108070374,0.6937366724014282,-0.06657566130161285,0.5450809001922607,0.7267147898674011,-0.0649174377322197,0.6017278432846069,0.7380174994468689,-0.04292834922671318,0.583446741104126,0.7177323698997498,-0.06400839984416962,0.5557100772857666,0.7339518070220947,-0.06609321385622025,0.5379407405853271,0.7520936131477356,-0.06318560242652893
0.5580733418464661,0.8509342670440674,3.8625205434072996e-07,0.524629533290863,0.8142614960670471,-0.01342560164630413,0.5102653503417969,0.7599627375602722,-0.022758500650525093,0.5240788459777832,0.7211683988571167,-0.034438587725162506,0.5458661317825317,0.7018997669219971,-0.045575711876153946,0.5285860896110535,0.6652019619941711,-0.014608677476644516,0.5180730223655701,0.5924891829490662,-0.03089345246553421,0.5110845565795898,0.5450338125228882,-0.041064612567424774,0.5076183080673218,0.5059531331062317,-0.0477568544447422,0.5600271821022034,0.6708794832229614,-0.022755980491638184,0.5651203989982605,0.590595006942749,-0.04112556204199791,0.5629236102104187,0.5355930328369141,-0.05426674708724022,0.5635116696357727,0.49265021085739136,-0.06157879903912544,0.5854846835136414,0.6978050470352173,-0.03263324126601219,0.586667537689209,0.660410463809967,-0.05969296768307686,0.5606621503829956,0.6962450742721558,-0.06710599362850189,0.5447208285331726,0.7293100953102112,-0.06488130241632462,0.5995370149612427,0.7355643510818481,-0.04321698471903801,0.5817407369613647,0.7200310826301575,-0.06415987759828568,0.5548630952835083,0.7377530336380005,-0.06616707146167755,0.5379427075386047,0.7563390135765076,-0.0629863440990448
0.5572726130485535,0.852472722530365,3.663595293801336e-07,0.523589015007019,0.8175075054168701,-0.012309523299336433,0.5085053443908691,0.7609118223190308,-0.020474938675761223,0.5222030878067017,0.7206434607505798,-0.03110027313232422,0.5443977117538452,0.7015907168388367,-0.041368599981069565,0.5266982913017273,0.6663010120391846,-0.012981579639017582,0.5161735415458679,0.5935157537460327,-0.02849089913070202,0.509635329246521,0.5457746386528015,-0.03851110488176346,0.5060017704963684,0.5065579414367676,-0.045297395437955856,0.5579339265823364,0.6715724468231201,-0.02133607305586338,0.5631334185600281,0.5898520946502686,-0.03861306607723236,0.5608750581741333,0.5350891351699829,-0.0513579398393631,0.5611181259155273,0.4925212264060974,-0.05865151435136795,0.583461344242096,0.6978626251220703,-0.031397927552461624,0.5858260989189148,0.6575238108634949,-0.05761482194066048,0.5600250959396362,0.6925159692764282,-0.0652097836136818,0.5442980527877808,0.7258235216140747,-0.0634399950504303,0.5981485247612,0.7349538803100586,-0.042046695947647095,0.5805404782295227,0.7153530716896057,-0.06268438696861267,0.5531115531921387,0.7324877381324768,-0.06485695391893387,0.5356696248054504,0.7514281272888184,-0.0620659701526165
0.5580954551696777,0.853174090385437,3.6760502553079277e-07,0.523527979850769,0.8161010146141052,-0.01177180279046297,0.5083683133125305,0.761106014251709,-0.020417703315615654,0.5210772752761841,0.7215365171432495,-0.03167044743895531,0.5411564707756042,0.6993847489356995,-0.04264514520764351,0.5263413786888123,0.6660482287406921,-0.013316036202013493,0.5155701637268066,0.5927689075469971,-0.029399264603853226,0.5091372132301331,0.5451875925064087,-0.03978954628109932,0.5053364038467407,0.5057201385498047,-0.04665414243936539,0.5575565695762634,0.6711653470993042,-0.022249771282076836,0.5621301531791687,0.5883665084838867,-0.040118902921676636,0.5593428015708923,0.5334652662277222,-0.05322403460741043,0.5584903955459595,0.4908252954483032,-0.060706429183483124,0.5831205248832703,0.6977249979972839,-0.03283900022506714,0.5848433971405029,0.6554308533668518,-0.05997306853532791,0.5598691701889038,0.6902109384536743,-0.06803498417139053,0.5441306233406067,0.7239536046981812,-0.06641426682472229,0.5980653762817383,0.7354861497879028,-0.043821994215250015,0.580639660358429,0.7129265069961548,-0.06490180641412735,0.5531213879585266,0.7301770448684692,-0.0667775496840477,0.5347135663032532,0.7499326467514038,-0.06370528042316437
0.5560426712036133,0.84601891040802,3.8478441410916275e-07,0.522028386592865,0.8091832399368286,-0.012933832593262196,0.5091079473495483,0.7561249136924744,-0.022428659722208977,0.524355411529541,0.7197863459587097,-0.03416130319237709,0.5430828332901001,0.6963438391685486,-0.04552566260099411,0.5259982347488403,0.6617051362991333,-0.015429310500621796,0.5162698030471802,0.5890427827835083,-0.03140583634376526,0.5101438760757446,0.5427534580230713,-0.04110020771622658,0.5067529678344727,0.5038846731185913,-0.04736531525850296,0.5575121641159058,0.6671789288520813,-0.023838263005018234,0.5622789263725281,0.5850805640220642,-0.04151378199458122,0.559908390045166,0.5310943126678467,-0.053935371339321136,0.5593833923339844,0.4889570474624634,-0.06090039759874344,0.5830152034759521,0.6941388249397278,-0.0339152067899704,0.5854666233062744,0.6534473299980164,-0.06119699031114578,0.5601581335067749,0.6898961067199707,-0.06899084895849228,0.543928325176239,0.7230554819107056,-0.06716887652873993,0.5977448225021362,0.731911301612854,-0.0444241501390934,0.5796391367912292,0.7136523127555847,-0.065854512155056,0.5523446798324585,0.7324662804603577,-0.06786385178565979,0.53436279296875,0.751228928565979,-0.06481177359819412
0.5554091334342957,0.8430947661399841,3.698652903949551e-07,0.5211372971534729,0.805656909942627,-0.01239490695297718,0.5095731616020203,0.750252366065979,-0.021204646676778793,0.5255298018455505,0.7133733034133911,-0.03247779980301857,0.5456841588020325,0.6914529204368591,-0.04344392940402031,0.5272217392921448,0.6598408818244934,-0.013497588224709034,0.5170720815658569,0.5867521166801453,-0.02937808446586132,0.5103740692138672,0.5396614074707031,-0.039266034960746765,0.506902813911438,0.5007566809654236,-0.04575774818658829,0.5578480958938599,0.6660596132278442,-0.022165900096297264,0.5616346001625061,0.5850935578346252,-0.04059648513793945,0.5590059161186218,0.5301414132118225,-0.05388016253709793,0.5587924718856812,0.487781286239624,-0.061330050230026245,0.5829794406890869,0.6929504871368408,-0.032483361661434174,0.5862224102020264,0.6516499519348145,-0.06026201322674751,0.5604655146598816,0.6875445246696472,-0.06802773475646973,0.5436418652534485,0.7204333543777466,-0.06603740155696869,0.597836971282959,0.7303183078765869,-0.04322143644094467,0.580854594707489,0.7108585238456726,-0.0650239959359169,0.553689181804657,0.7303608655929565,-0.06684478372335434,0.5358041524887085,0.7498846054077148,-0.0635191947221756
0.5576193928718567,0.8475340008735657,3.81057219556169e-07,0.5219505429267883,0.8088781833648682,-0.012359898537397385,0.5111265778541565,0.7487081289291382,-0.021061334758996964,0.5294693112373352,0.7058263421058655,-0.03232067450881004,0.5518799424171448,0.680790364742279,-0.04317031055688858,0.5276939868927002,0.6618645191192627,-0.012893163599073887,0.5172116756439209,0.5861799716949463,-0.029503578320145607,0.5113804936408997,0.5374731421470642,-0.040018267929553986,0.5084521174430847,0.497619092464447,-0.04677894338965416,0.5582270622253418,0.6676404476165771,-0.021848691627383232,0.5620507597923279,0.582484245300293,-0.04078364372253418,0.5598194599151611,0.527268648147583,-0.05384759232401848,0.5601853728294373,0.4849824011325836,-0.060805752873420715,0.5834431052207947,0.6944040060043335,-0.03255150467157364,0.5869498252868652,0.6480616331100464,-0.06119769066572189,0.5597283244132996,0.6861257553100586,-0.0677676573395729,0.5425255298614502,0.7214078903198242,-0.06437667459249496,0.5984969139099121,0.732265293598175,-0.04370120167732239,0.584770917892456,0.7026050686836243,-0.06618800759315491,0.5575734376907349,0.7225486040115356,-0.066693514585495,0.5394769310951233,0.7446407079696655,-0.06196175143122673
0.5561341047286987,0.8374879956245422,4.059632203734509e-07,0.5219914317131042,0.8004360198974609,-0.016032252460718155,0.5114850401878357,0.7427111268043518,-0.026580872014164925,0.5302553772926331,0.6974349021911621,-0.0386456623673439,0.5545312166213989,0.6687148213386536,-0.04997877776622772,0.5282039046287537,0.650292158126831,-0.015673166140913963,0.5213542580604553,0.5746586322784424,-0.03174293041229248,0.517095148563385,0.5274505615234375,-0.04158433526754379,0.5150288939476013,0.48865944147109985,-0.04800404608249664,0.5586739778518677,0.65833979845047,-0.023132245987653732,0.5643995404243469,0.5739428400993347,-0.0417756587266922,0.5632707476615906,0.5196934938430786,-0.0546472892165184,0.5636604428291321,0.47788482904434204,-0.0617193728685379,0.583543062210083,0.6870550513267517,-0.032656021416187286,0.5912950038909912,0.6410496830940247,-0.06186814233660698,0.564939022064209,0.6769766211509705,-0.06990225613117218,0.5466485619544983,0.7097008228302002,-0.06786282360553741,0.598221480846405,0.7258118391036987,-0.04276316612958908,0.5860787630081177,0.6996873021125793,-0.06655416637659073,0.5600542426109314,0.7203824520111084,-0.06866969913244247,0.5420789122581482,0.7419021129608154,-0.06525163352489471
0.5571702718734741,0.8439053297042847,3.7935339491923514e-07,0.522297203540802,0.8047373294830322,-0.01519772782921791,0.5113451480865479,0.7464839816093445,-0.025446079671382904,0.5292130708694458,0.7002850770950317,-0.03765500709414482,0.5523946285247803,0.6722371578216553,-0.04918459430336952,0.5297298431396484,0.6545502543449402,-0.014688023366034031,0.5226773023605347,0.5777713060379028,-0.03178395330905914,0.5175338983535767,0.528705358505249,-0.04324377328157425,0.5151245594024658,0.48840096592903137,-0.05097470059990883,0.5597453713417053,0.6616865396499634,-0.02259046584367752,0.5652576088905334,0.5776699781417847,-0.04181419685482979,0.5636790990829468,0.5218755006790161,-0.056049007922410965,0.5650713443756104,0.47867777943611145,-0.06453091651201248,0.5842999219894409,0.6891520619392395,-0.03248921036720276,0.5917658805847168,0.6406254172325134,-0.06058431416749954,0.5642504692077637,0.6743307113647461,-0.06797240674495697,0.5464755296707153,0.7072798609733582,-0.06608308106660843,0.5987237691879272,0.7272593975067139,-0.04320165142416954,0.5869078636169434,0.6983441710472107,-0.06575081497430801,0.5604497790336609,0.7168434858322144,-0.06733424216508865,0.5431863069534302,0.7386093735694885,-0.06383004039525986
0.5556153059005737,0.8404388427734375,3.9363922610391455e-07,0.521953821182251,0.8021183013916016,-0.016495609655976295,0.5124642252922058,0.7447188496589661,-0.027223899960517883,0.5308967232704163,0.6991602778434753,-0.03962206840515137,0.5540382266044617,0.6704645752906799,-0.05132100358605385,0.5291800498962402,0.6515292525291443,-0.015184514224529266,0.5226272940635681,0.5759910941123962,-0.03194422274827957,0.5182802677154541,0.5277371406555176,-0.04266708716750145,0.5165501236915588,0.4878019690513611,-0.04983570799231529,0.5595019459724426,0.6587011218070984,-0.022614410147070885,0.5645644664764404,0.5749631524085999,-0.041595835238695145,0.563362717628479,0.5196858048439026,-0.055280931293964386,0.5644809007644653,0.47698867321014404,-0.06323374807834625,0.5840619206428528,0.6869667768478394,-0.03224336355924606,0.5917359590530396,0.6393934488296509,-0.06122702360153198,0.565457284450531,0.6740390062332153,-0.06941463053226471,0.5478717088699341,0.7064991593360901,-0.06780733913183212,0.5984929800033569,0.7254742980003357,-0.04263995960354805,0.5862566828727722,0.6992214322090149,-0.06626048684120178,0.5601539015769958,0.7186649441719055,-0.06883925944566727,0.5422800183296204,0.7394733428955078,-0.06596928089857101
0.5545234084129333,0.8405742645263672,3.9135699125836254e-07,0.5202108025550842,0.8014270067214966,-0.01575631834566593,0.5113040208816528,0.7438722848892212,-0.02621123380959034,0.5299927592277527,0.7006690502166748,-0.03855803608894348,0.5513994693756104,0.6725063323974609,-0.050252001732587814,0.5280554294586182,0.6521555185317993,-0.015084789134562016,0.5214881300926208,0.5759211182594299,-0.03204471245408058,0.5170572996139526,0.5273065567016602,-0.04300517961382866,0.5153749585151672,0.48725244402885437,-0.05023089423775673,0.5587655305862427,0.6590562462806702,-0.022790400311350822,0.5647099018096924,0.5754232406616211,-0.041958052664995193,0.5634319186210632,0.5195803642272949,-0.05593336373567581,0.5647192597389221,0.47673165798187256,-0.06408433616161346,0.5835795402526855,0.6868053674697876,-0.03254975005984306,0.5912133455276489,0.6383020877838135,-0.06100868806242943,0.5642580986022949,0.6728084087371826,-0.06849515438079834,0.5463621616363525,0.705758810043335,-0.06643736362457275,0.5983955264091492,0.7252482175827026,-0.043095849454402924,0.5873605608940125,0.6966421604156494,-0.0657530128955841,0.562061607837677,0.7158665060997009,-0.06717239320278168,0.5452548861503601,0.7377032041549683,-0.0634385198354721
0.5551435351371765,0.8405405282974243,3.8495846865771455e-07,0.5208984613418579,0.8022575974464417,-0.016197793185710907,0.5115900635719299,0.7428643107414246,-0.026380732655525208,0.5317692756652832,0.6985152363777161,-0.038309261202812195,0.5549241304397583,0.6701846718788147,-0.04957153648138046,0.5289864540100098,0.650966227054596,-0.014711147174239159,0.5225900411605835,0.5750053524971008,-0.031283263117074966,0.5180541276931763,0.526391863822937,-0.04196444898843765,0.5161418914794922,0.4866085648536682,-0.04910068213939667,0.5596421360969543,0.6584808826446533,-0.022143933922052383,0.5655750036239624,0.5753337144851685,-0.041094549000263214,0.5643453001976013,0.5197963118553162,-0.05496450141072273,0.5656433701515198,0.47723090648651123,-0.06305728107690811,0.5842351317405701,0.6868236064910889,-0.03175291791558266,0.5927720069885254,0.6389752626419067,-0.06053938344120979,0.565568745136261,0.6737115979194641,-0.06847803294658661,0.5473524332046509,0.7064821720123291,-0.06668474525213242,0.5985919237136841,0.7255460619926453,-0.04213546961545944,0.5869204998016357,0.6975710988044739,-0.06558404117822647,0.5612216591835022,0.716726541519165,-0.06773926317691803,0.544014573097229,0.7379204630851746,-0.06448785960674286
0.555745542049408,0.8394613862037659,3.908524206508446e-07,0.5217949151992798,0.8007063269615173,-0.01598336361348629,0.5127825736999512,0.7425270080566406,-0.026232607662677765,0.5325098633766174,0.6991239786148071,-0.0381874218583107,0.5543843507766724,0.6715036630630493,-0.049502938985824585,0.5295681953430176,0.6502322554588318,-0.015372762456536293,0.5235928297042847,0.5738263726234436,-0.03203948959708214,0.519755482673645,0.5252963304519653,-0.04273923113942146,0.5182955861091614,0.4857392907142639,-0.049682021141052246,0.5600833296775818,0.658271849155426,-0.02283407934010029,0.5663182735443115,0.574336051940918,-0.04134910926222801,0.5654813051223755,0.5190409421920776,-0.05471949279308319,0.566947877407074,0.4772358536720276,-0.06242232769727707,0.5846720933914185,0.6871410012245178,-0.03239960968494415,0.5940053462982178,0.6388128995895386,-0.06064645200967789,0.5679722428321838,0.6721131205558777,-0.0683465301990509,0.5503776669502258,0.7047418355941772,-0.06640109419822693,0.5990656018257141,0.7266975045204163,-0.042711202055215836,0.5896877646446228,0.6970192790031433,-0.06554609537124634,0.5646145343780518,0.714219331741333,-0.06722187995910645,0.5471366047859192,0.7345730066299438,-0.06363759934902191
0.5543563961982727,0.8396030068397522,3.7885700976403314e-07,0.5209690928459167,0.8014612793922424,-0.015437277965247631,0.5137212872505188,0.7425383925437927,-0.025393564254045486,0.5339547395706177,0.6991274356842041,-0.03701094910502434,0.5553891658782959,0.6714300513267517,-0.0482032485306263,0.5304321050643921,0.6511545181274414,-0.015928566455841064,0.5251394510269165,0.5746997594833374,-0.03250661864876747,0.5210201740264893,0.5255204439163208,-0.04333612322807312,0.5197863578796387,0.4853439927101135,-0.050579167902469635,0.5612828731536865,0.6588419079780579,-0.023388361558318138,0.5675886273384094,0.5746991634368896,-0.041990384459495544,0.5668171644210815,0.5188939571380615,-0.055789221078157425,0.5688624978065491,0.4767497181892395,-0.06402064114809036,0.5863785147666931,0.6872158646583557,-0.03269698843359947,0.595464289188385,0.6380842328071594,-0.060503508895635605,0.5672273635864258,0.6710808277130127,-0.06818383187055588,0.5478841662406921,0.703307032585144,-0.06665583699941635,0.6013320684432983,0.7261129021644592,-0.04268192872405052,0.5892418026924133,0.6968699097633362,-0.06546930968761444,0.5627930760383606,0.7151804566383362,-0.0672188252210617,0.5452209711074829,0.7358964681625366,-0.06386245042085648
0.5580741763114929,0.8361790180206299,3.8773967503402673e-07,0.5246394276618958,0.798676609992981,-0.01621943525969982,0.5173254013061523,0.7399143576622009,-0.026229187846183777,0.5389304161071777,0.69657963514328,-0.03784799948334694,0.562027096748352,0.669554591178894,-0.04882636293768883,0.5343548059463501,0.6482713222503662,-0.014986271969974041,0.5290935039520264,0.5729478597640991,-0.03146907314658165,0.5253352522850037,0.5240693688392639,-0.04206066206097603,0.5238322615623474,0.4841066896915436,-0.049185581505298615,0.5645911693572998,0.6565062999725342,-0.022193532437086105,0.5721495151519775,0.5731947422027588,-0.040815453976392746,0.5718745589256287,0.5180379748344421,-0.05413350090384483,0.5737112760543823,0.4755980968475342,-0.06191129982471466,0.5887380838394165,0.6851708889007568,-0.03152855485677719,0.5999407768249512,0.6385911703109741,-0.05983950197696686,0.5715018510818481,0.6728630661964417,-0.06704021245241165,0.5517387390136719,0.7045916318893433,-0.06490539759397507,0.6027058959007263,0.724096417427063,-0.041672028601169586,0.5927724242210388,0.6978964805603027,-0.06474397331476212,0.5668900609016418,0.718108057975769,-0.06639450043439865,0.5493932366371155,0.7390437126159668,-0.06287958472967148
0.5599833726882935,0.8384793400764465,3.8452949979728146e-07,0.5253338813781738,0.8004865050315857,-0.016436154022812843,0.5178598165512085,0.7406737208366394,-0.02663355879485607,0.5380495190620422,0.6950775384902954,-0.038606103509664536,0.560074508190155,0.6664013862609863,-0.049848657101392746,0.5351274609565735,0.6489648818969727,-0.014970867894589901,0.5292588472366333,0.5728951096534729,-0.03215225413441658,0.5250175595283508,0.5235600471496582,-0.043152425438165665,0.5231455564498901,0.48368197679519653,-0.05039094388484955,0.5652046799659729,0.6566962003707886,-0.022460250183939934,0.5718681812286377,0.572360098361969,-0.04214881360530853,0.5714390277862549,0.5161314010620117,-0.0560244657099247,0.5733944773674011,0.47360479831695557,-0.06396129727363586,0.5897396802902222,0.6853691935539246,-0.032174013555049896,0.599463701248169,0.6365199089050293,-0.061543770134449005,0.5719686150550842,0.671448826789856,-0.06890064477920532,0.5534403920173645,0.7045900821685791,-0.06652215868234634,0.6044651865959167,0.724975049495697,-0.04270913824439049,0.5955482721328735,0.6939829587936401,-0.06641394644975662,0.5690582394599915,0.7133266925811768,-0.06803686916828156,0.5505439639091492,0.7350981831550598,-0.06430307030677795
0.5602545738220215,0.837587833404541,3.8527875290128577e-07,0.52675861120224,0.799479067325592,-0.0162355974316597,0.518756628036499,0.7402411699295044,-0.026647381484508514,0.5396959185600281,0.6963018774986267,-0.03874799609184265,0.5628336668014526,0.669228732585907,-0.050090592354536057,0.535716712474823,0.649142861366272,-0.01587551273405552,0.5297155976295471,0.5724930763244629,-0.032850537449121475,0.5255399346351624,0.52336585521698,-0.04337704926729202,0.523700475692749,0.48344042897224426,-0.05024157837033272,0.5659772157669067,0.6565383672714233,-0.02330728992819786,0.5724793076515198,0.571986973285675,-0.042417705059051514,0.5718455910682678,0.5159572958946228,-0.055620789527893066,0.5735185742378235,0.4739619493484497,-0.06307828426361084,0.590483546257019,0.6849876642227173,-0.03285979852080345,0.599794328212738,0.6364256739616394,-0.06135356053709984,0.5737785696983337,0.6709141731262207,-0.06825249642133713,0.5564614534378052,0.7037770748138428,-0.06566455215215683,0.6055113673210144,0.7241934537887573,-0.04323858022689819,0.5956381559371948,0.6956700682640076,-0.06593579798936844,0.5704419612884521,0.7140779495239258,-0.06728163361549377,0.5533711314201355,0.7342714667320251,-0.06349169462919235
0.5601393580436707,0.8386180400848389,3.8218919939936313e-07,0.5261490941047668,0.8005117177963257,-0.01623208075761795,0.5191277861595154,0.7395126819610596,-0.026050547137856483,0.5404627323150635,0.6943879723548889,-0.0376424640417099,0.5628050565719604,0.6667518019676208,-0.048544541001319885,0.5358029007911682,0.6487801671028137,-0.014787216670811176,0.5293556451797485,0.5722700357437134,-0.03146884962916374,0.5249495506286621,0.5227969884872437,-0.04210824891924858,0.5229350924491882,0.4826697111129761,-0.049217816442251205,0.5662829875946045,0.6567162871360779,-0.022230956703424454,0.5726127624511719,0.5721355080604553,-0.04157711938023567,0.5715953707695007,0.5160989761352539,-0.05533887445926666,0.5729940533638,0.4741250276565552,-0.06324290484189987,0.5910053849220276,0.6856427788734436,-0.03182333707809448,0.6006646156311035,0.6355561017990112,-0.06089985370635986,0.5735657811164856,0.6704162359237671,-0.06816799938678741,0.5554142594337463,0.7037580609321594,-0.06579481810331345,0.6057338714599609,0.7252317667007446,-0.04222121834754944,0.5967224836349487,0.694210410118103,-0.0657513365149498,0.570588231086731,0.7130851149559021,-0.06741075962781906,0.5524852275848389,0.7344080209732056,-0.06377508491277695
0.5598567724227905,0.8407273888587952,3.7788035456287616e-07,0.5258495211601257,0.8005259037017822,-0.015231754630804062,0.5186424255371094,0.7387632727622986,-0.02466312050819397,0.5400062799453735,0.6939059495925903,-0.03612687438726425,0.5621165633201599,0.6666311025619507,-0.047087088227272034,0.5358396768569946,0.6489704251289368,-0.013953875750303268,0.5289186239242554,0.5722765326499939,-0.030749915167689323,0.5246058106422424,0.5226797461509705,-0.04171634092926979,0.5229464769363403,0.48225975036621094,-0.0491488091647625,0.5664196014404297,0.6569758057594299,-0.02209780365228653,0.5725889801979065,0.5726590156555176,-0.04151766002178192,0.5714836120605469,0.5163367390632629,-0.05584706738591194,0.5729809403419495,0.4740505814552307,-0.06424510478973389,0.5912123918533325,0.6862268447875977,-0.032346587628126144,0.6009556651115417,0.6359764933586121,-0.061331797391176224,0.5733481049537659,0.6689894199371338,-0.06943310052156448,0.5547716021537781,0.7013418674468994,-0.06781156361103058,0.6058982014656067,0.7263672351837158,-0.04331482574343681,0.5961174964904785,0.6962677836418152,-0.06691031903028488,0.569911003112793,0.7146491408348083,-0.06915418058633804,0.5522067546844482,0.7357566356658936,-0.06602499634027481
0.5607892870903015,0.8398624658584595,3.8856848050272674e-07,0.5262818336486816,0.7985974550247192,-0.016206257045269012,0.5195964574813843,0.7363614439964294,-0.025904662907123566,0.5415589213371277,0.691251814365387,-0.037399567663669586,0.5656388401985168,0.662501871585846,-0.04817858338356018,0.5358078479766846,0.6476657390594482,-0.013292361050844193,0.5289669632911682,0.5711355805397034,-0.029832858592271805,0.5246129631996155,0.5217158198356628,-0.04046745225787163,0.5228716731071472,0.4814831614494324,-0.04768076166510582,0.5666658878326416,0.6562484502792358,-0.02082102559506893,0.5730094909667969,0.5721035599708557,-0.04019613936543465,0.5720463991165161,0.5161934494972229,-0.05448492243885994,0.5734944343566895,0.47369974851608276,-0.06282863765954971,0.5913843512535095,0.6858195662498474,-0.030624665319919586,0.6022520065307617,0.6363093852996826,-0.060242269188165665,0.5742040872573853,0.6695236563682556,-0.06852209568023682,0.5546824932098389,0.7011374235153198,-0.06685071438550949,0.6059587001800537,0.7259477972984314,-0.04114654287695885,0.5968904495239258,0.6966753005981445,-0.06541012227535248,0.5707874894142151,0.7158716320991516,-0.0677957758307457,0.5525773763656616,0.7367401123046875,-0.06463711708784103
0.5618544816970825,0.8386191129684448,3.8322247064570547e-07,0.526965320110321,0.7978058457374573,-0.015925170853734016,0.5198319554328918,0.7356796264648438,-0.02563045173883438,0.5415593385696411,0.6912625432014465,-0.0371255986392498,0.5649104714393616,0.6635819673538208,-0.048018988221883774,0.5368396639823914,0.6466819047927856,-0.013989568687975407,0.5301973819732666,0.5711243748664856,-0.03063247539103031,0.525972306728363,0.5221909284591675,-0.041430238634347916,0.5243787169456482,0.4818003177642822,-0.04886585846543312,0.5673239827156067,0.6550433039665222,-0.021696997806429863,0.5734117031097412,0.5712651014328003,-0.04110044986009598,0.5723772644996643,0.5155446529388428,-0.05523928999900818,0.5736268758773804,0.47264063358306885,-0.06359641999006271,0.5921564698219299,0.6843681335449219,-0.03159294277429581,0.6026488542556763,0.6351202726364136,-0.06138443946838379,0.5740439891815186,0.6691886186599731,-0.06964016705751419,0.553741455078125,0.7010685801506042,-0.06800968945026398,0.6070496439933777,0.7245186567306519,-0.042174018919467926,0.5980509519577026,0.6950087547302246,-0.06681247800588608,0.5714467763900757,0.715319037437439,-0.06925424188375473,0.552411675453186,0.7368924617767334,-0.06616327166557312
0.5623306035995483,0.8381913304328918,3.7495667015718936e-07,0.5276499390602112,0.796749472618103,-0.015107627026736736,0.5215914845466614,0.7349679470062256,-0.024410951882600784,0.5437520742416382,0.6908053159713745,-0.0356326587498188,0.5659675002098083,0.6638564467430115,-0.04636695235967636,0.5381460189819336,0.6471914649009705,-0.014050719328224659,0.5319194197654724,0.5715596675872803,-0.030535701662302017,0.5275707244873047,0.5228725671768188,-0.04118383675813675,0.5258334279060364,0.4826931059360504,-0.048506759107112885,0.5683779716491699,0.6550489068031311,-0.02200322039425373,0.5743647813796997,0.5710820555686951,-0.041030123829841614,0.573632001876831,0.5153478384017944,-0.05492744967341423,0.5755429267883301,0.47284916043281555,-0.06321253627538681,0.5932261347770691,0.6839781403541565,-0.031996529549360275,0.6033879518508911,0.6346370577812195,-0.06072481721639633,0.5748518109321594,0.6680268049240112,-0.06861808896064758,0.5550370216369629,0.7000002861022949,-0.06705014407634735,0.6082834601402283,0.7239938974380493,-0.042694564908742905,0.5987186431884766,0.6954498291015625,-0.06641555577516556,0.5717449188232422,0.7143882513046265,-0.06875236332416534,0.5527821779251099,0.7350475788116455,-0.06578216701745987
0.562710702419281,0.833746075630188,3.8110417222014803e-07,0.5293091535568237,0.7919952869415283,-0.01619715616106987,0.5235650539398193,0.7314107418060303,-0.02607048861682415,0.5465666651725769,0.6888309717178345,-0.037692151963710785,0.5707948207855225,0.6628603935241699,-0.04869178682565689,0.539297342300415,0.6445414423942566,-0.014204224571585655,0.532539963722229,0.5692421197891235,-0.030736247077584267,0.5277596116065979,0.5207216143608093,-0.041221119463443756,0.525745153427124,0.48067760467529297,-0.04830440133810043,0.5694371461868286,0.6530565023422241,-0.021563010290265083,0.5751103758811951,0.5704818367958069,-0.040430448949337006,0.5747523903846741,0.515679121017456,-0.05392196774482727,0.5770094394683838,0.47325482964515686,-0.06179005280137062,0.5940679907798767,0.6822763681411743,-0.031162189319729805,0.6041412949562073,0.6357868313789368,-0.06007249653339386,0.5763746500015259,0.6697397232055664,-0.06783941388130188,0.5572379231452942,0.7008986473083496,-0.06595706194639206,0.6089360117912292,0.7219672799110413,-0.04154931753873825,0.5998319983482361,0.6947083473205566,-0.0650780200958252,0.5736769437789917,0.7140125632286072,-0.06716854125261307,0.5554152727127075,0.734011173248291,-0.06395925581455231
0.564374566078186,0.8364946842193604,3.7578581668640254e-07,0.5318576097488403,0.795836865901947,-0.015692008659243584,0.5260647535324097,0.7356032133102417,-0.02554691769182682,0.5485938191413879,0.6921969652175903,-0.03709860518574715,0.5729541182518005,0.6656795144081116,-0.04810292273759842,0.5420553088188171,0.6474976539611816,-0.014354146085679531,0.5365110635757446,0.5719794034957886,-0.03073786571621895,0.5314868688583374,0.5226776599884033,-0.0413818359375,0.5290281772613525,0.4826461374759674,-0.04845602810382843,0.572403073310852,0.6560516357421875,-0.02160266786813736,0.5797512531280518,0.5733523964881897,-0.04006149247288704,0.5792019367218018,0.5173500180244446,-0.05360380932688713,0.5812910795211792,0.4749997556209564,-0.06150001659989357,0.5967549681663513,0.6846362948417664,-0.03092152625322342,0.6070103049278259,0.6378576159477234,-0.05856553092598915,0.5789125561714172,0.6700772643089294,-0.06600435823202133,0.5600956678390503,0.7010782361030579,-0.06411214917898178,0.6111325025558472,0.7231074571609497,-0.04102352634072304,0.6007035970687866,0.6952261328697205,-0.06318847090005875,0.5748404264450073,0.7139354348182678,-0.06462325900793076,0.5576410293579102,0.7346107363700867,-0.06103154644370079
0.5651025772094727,0.8380277156829834,3.8193513773876475e-07,0.5325610637664795,0.7982250452041626,-0.015689073130488396,0.5258039832115173,0.7383818626403809,-0.025611981749534607,0.5474038124084473,0.6947094202041626,-0.03729161620140076,0.5699227452278137,0.6678948402404785,-0.048428237438201904,0.5425588488578796,0.6505640745162964,-0.015677982941269875,0.5353427529335022,0.5727831125259399,-0.03263169899582863,0.5306785106658936,0.522508978843689,-0.043713558465242386,0.5285045504570007,0.4819985032081604,-0.05124744027853012,0.5728206038475037,0.6589840054512024,-0.023410597816109657,0.5799742341041565,0.5740082859992981,-0.0428365096449852,0.5798316597938538,0.5172404050827026,-0.057145316153764725,0.582242488861084,0.4746789336204529,-0.06572377681732178,0.5972461104393005,0.6881847381591797,-0.03313511982560158,0.6084927916526794,0.6381031274795532,-0.06166930869221687,0.5802496075630188,0.6680829524993896,-0.06964899599552155,0.5606988668441772,0.6985818147659302,-0.06828421354293823,0.6117190718650818,0.7279202938079834,-0.04360298812389374,0.6042832136154175,0.6954561471939087,-0.06719176471233368,0.5781095027923584,0.7128704190254211,-0.06913934648036957,0.5597113370895386,0.7345597743988037,-0.06589506566524506
0.5672230124473572,0.8347247838973999,3.885949979576253e-07,0.534303605556488,0.7968908548355103,-0.016522817313671112,0.5272911787033081,0.7374075055122375,-0.026369871571660042,0.5493786334991455,0.6938199400901794,-0.03753015026450157,0.5731859803199768,0.6677711606025696,-0.04795552417635918,0.5420092344284058,0.6490598320960999,-0.015939289703965187,0.5350880026817322,0.5719230771064758,-0.032129984349012375,0.5306357145309448,0.5218273401260376,-0.0421668216586113,0.5283552408218384,0.4817839562892914,-0.04882018640637398,0.5728249549865723,0.6572067737579346,-0.022712048143148422,0.5804144740104675,0.5728620290756226,-0.04123564437031746,0.5807719230651855,0.5168338418006897,-0.05422365665435791,0.5829187035560608,0.47504669427871704,-0.06161871552467346,0.5976843237876892,0.6857805252075195,-0.03153053671121597,0.6093423366546631,0.6394786238670349,-0.059350643306970596,0.582234263420105,0.6705129742622375,-0.06669139117002487,0.5630760192871094,0.7004184722900391,-0.06473889201879501,0.6128619909286499,0.7242821455001831,-0.04112941026687622,0.6041549444198608,0.6971315741539001,-0.06363516300916672,0.5786983966827393,0.7157860398292542,-0.06518600881099701,0.5608780980110168,0.7358301877975464,-0.061705876141786575
0.5681605935096741,0.8369166254997253,3.8089817167019646e-07,0.5349400043487549,0.7970446348190308,-0.015277817845344543,0.5283777117729187,0.7361658811569214,-0.024745889008045197,0.5509474277496338,0.6925838589668274,-0.03578415885567665,0.5759440064430237,0.6674596667289734,-0.0463254339993,0.543956995010376,0.6494061350822449,-0.014930310659110546,0.5369777083396912,0.5735687017440796,-0.030699314549565315,0.5316942930221558,0.5241254568099976,-0.040708500891923904,0.529131293296814,0.48415058851242065,-0.04748791083693504,0.5747909545898438,0.6571313142776489,-0.022139988839626312,0.5822768211364746,0.5741302371025085,-0.04038260504603386,0.5824379920959473,0.518078625202179,-0.05372598022222519,0.5848907828330994,0.4757463335990906,-0.061446573585271835,0.5998837351799011,0.6851534843444824,-0.03121579810976982,0.6099340319633484,0.6391137838363647,-0.05871005728840828,0.5824735164642334,0.6714063882827759,-0.06648615002632141,0.5637773275375366,0.7023605108261108,-0.06491205841302872,0.6149807572364807,0.7231130003929138,-0.040967363864183426,0.6029469966888428,0.6976003646850586,-0.06348813325166702,0.5764765739440918,0.7163365483283997,-0.0654873475432396,0.5587250590324402,0.7363024353981018,-0.06231825426220894
0.5682185888290405,0.8343215584754944,3.825543046787061e-07,0.5357342958450317,0.7953199148178101,-0.016814900562167168,0.5291353464126587,0.7374645471572876,-0.02725701965391636,0.5511420965194702,0.6944649815559387,-0.03902430832386017,0.575427770614624,0.6679666638374329,-0.050150591880083084,0.5448310375213623,0.6490917801856995,-0.01646897755563259,0.5369424223899841,0.5732673406600952,-0.03289536386728287,0.5316303968429565,0.5239449143409729,-0.043008651584386826,0.5291134119033813,0.48410260677337646,-0.049638163298368454,0.57574462890625,0.6574081778526306,-0.023262742906808853,0.5832091569900513,0.5741161108016968,-0.04185920208692551,0.5830508470535278,0.5181620717048645,-0.0549808032810688,0.5847940444946289,0.4761292636394501,-0.06244340166449547,0.6005637049674988,0.6862086057662964,-0.03214031830430031,0.6114274859428406,0.6390150785446167,-0.060383401811122894,0.5851632356643677,0.6703620553016663,-0.06828730553388596,0.5671687722206116,0.7004464268684387,-0.06660548597574234,0.6156270503997803,0.7247047424316406,-0.04175751283764839,0.6050766110420227,0.6978341341018677,-0.064548060297966,0.5791822075843811,0.7162112593650818,-0.06653693318367004,0.5614408254623413,0.7358899712562561,-0.06332331895828247
0.5693715214729309,0.8361750841140747,3.785453088767099e-07,0.5369722843170166,0.7982462048530579,-0.015505661256611347,0.5305867791175842,0.7386078834533691,-0.024645676836371422,0.5534295439720154,0.6958338618278503,-0.03527310863137245,0.5783925652503967,0.6715529561042786,-0.045391663908958435,0.5453606843948364,0.6511428356170654,-0.0148808304220438,0.5369530320167542,0.5736141800880432,-0.030593769624829292,0.5319088101387024,0.5231603384017944,-0.0401669517159462,0.5289997458457947,0.48329663276672363,-0.0463457852602005,0.5764000415802002,0.6588826179504395,-0.021924437955021858,0.5842617750167847,0.5734157562255859,-0.03980633616447449,0.5846492648124695,0.516578197479248,-0.05261799320578575,0.5863382816314697,0.47539040446281433,-0.05970415100455284,0.6012507081031799,0.6873142719268799,-0.030960287898778915,0.6133042573928833,0.6392338275909424,-0.058303240686655045,0.5880489349365234,0.6681514978408813,-0.06662043184041977,0.5701746940612793,0.6978241205215454,-0.0652594119310379,0.616023600101471,0.7255956530570984,-0.04060906544327736,0.606659471988678,0.6987034678459167,-0.06275840103626251,0.581021249294281,0.7161781191825867,-0.06486735492944717,0.5629658699035645,0.7358181476593018,-0.06177246943116188
0.571820080280304,0.8393979072570801,3.8611003105870623e-07,0.5386404395103455,0.8005521893501282,-0.015475336462259293,0.5312690734863281,0.7407302260398865,-0.024960126727819443,0.5546095371246338,0.6983630061149597,-0.03611711412668228,0.5792950391769409,0.6728252172470093,-0.04659382998943329,0.5465954542160034,0.6500999927520752,-0.014431322924792767,0.5377686619758606,0.5748872756958008,-0.030610641464591026,0.5319940447807312,0.5252358913421631,-0.04052825644612312,0.5288206934928894,0.4858487844467163,-0.04695574939250946,0.5782078504562378,0.6574330925941467,-0.021728774532675743,0.5862018465995789,0.5741121768951416,-0.04039512947201729,0.586618185043335,0.517837643623352,-0.05370303615927696,0.5889883041381836,0.476204514503479,-0.06090231239795685,0.6034413576126099,0.685985803604126,-0.031075118109583855,0.6121013760566711,0.642808735370636,-0.05893133953213692,0.5861918926239014,0.6756458878517151,-0.0665789321064949,0.5693081617355347,0.7062211632728577,-0.06440124660730362,0.6186938285827637,0.7247030735015869,-0.041121192276477814,0.6061859130859375,0.7017268538475037,-0.06305043399333954,0.5802279710769653,0.7196099162101746,-0.06473860144615173,0.5630611181259155,0.7376697063446045,-0.06116648390889168
0.571851909160614,0.8414508104324341,3.908569965460629e-07,0.5380457639694214,0.8021631240844727,-0.01469060406088829,0.5311945676803589,0.7412869334220886,-0.02390853501856327,0.5545319318771362,0.6998193264007568,-0.03498782962560654,0.5781731009483337,0.6748180985450745,-0.045555487275123596,0.547231912612915,0.651118278503418,-0.014485682360827923,0.5375097393989563,0.5758887529373169,-0.03052676096558571,0.5317741632461548,0.526394784450531,-0.040615327656269073,0.528755247592926,0.48674577474594116,-0.04733852297067642,0.5790978670120239,0.6592466831207275,-0.022303657606244087,0.5872749090194702,0.574758768081665,-0.04091734066605568,0.5875656604766846,0.5179890990257263,-0.054432112723588943,0.5897678136825562,0.4759165644645691,-0.062063802033662796,0.6045210361480713,0.6883698105812073,-0.03202696889638901,0.6143389940261841,0.641511857509613,-0.059686049818992615,0.5876811146736145,0.6740759611129761,-0.06694389134645462,0.5695409178733826,0.7054489254951477,-0.0647297203540802,0.6198042631149292,0.7277458310127258,-0.04240693151950836,0.6100413799285889,0.6991919279098511,-0.06429275125265121,0.5845197439193726,0.7179157733917236,-0.06532455235719681,0.5669223666191101,0.7383136749267578,-0.06138632073998451
0.5732583403587341,0.842577338218689,3.9350618408207083e-07,0.5388153791427612,0.803773820400238,-0.015428309328854084,0.5324130654335022,0.7412683963775635,-0.024603091180324554,0.555631697177887,0.6977663636207581,-0.03566669300198555,0.5772786736488342,0.6708484292030334,-0.04609467089176178,0.5479778051376343,0.6517310738563538,-0.014360900968313217,0.5373526811599731,0.5766909122467041,-0.03076981008052826,0.5311040878295898,0.5270096063613892,-0.040987130254507065,0.5278267860412598,0.48724591732025146,-0.0477791391313076,0.5793182849884033,0.6600342988967896,-0.022164613008499146,0.5870801210403442,0.5742740631103516,-0.04156481474637985,0.5870450139045715,0.5174493789672852,-0.05525950342416763,0.5895573496818542,0.47506028413772583,-0.06283984333276749,0.6044287085533142,0.689701497554779,-0.032062120735645294,0.6141901612281799,0.6413677334785461,-0.06119025871157646,0.5862066149711609,0.6754333972930908,-0.06834816932678223,0.5677838325500488,0.7074731588363647,-0.06560619175434113,0.6195536851882935,0.7300415635108948,-0.042647723108530045,0.6117598414421082,0.6980973482131958,-0.06575348973274231,0.5859154462814331,0.7168172597885132,-0.06677938997745514,0.5681087374687195,0.73762047290802,-0.06256072968244553
0.5734269022941589,0.844165027141571,3.9835970255808206e-07,0.5392492413520813,0.8053322434425354,-0.01555935014039278,0.5324297547340393,0.7440009117126465,-0.025044450536370277,0.5549789667129517,0.7013360857963562,-0.036410313099622726,0.5765846967697144,0.6750319600105286,-0.047161851078271866,0.5481569766998291,0.6511735320091248,-0.01438810583204031,0.5378843545913696,0.5768474340438843,-0.030968496575951576,0.5316598415374756,0.52723228931427,-0.04174286127090454,0.5284945368766785,0.48749032616615295,-0.04903459548950195,0.5796394944190979,0.659646213054657,-0.022243645042181015,0.5871134996414185,0.5749521851539612,-0.041346579790115356,0.5869733691215515,0.5180585384368896,-0.055371277034282684,0.5897356867790222,0.47573748230934143,-0.06344906985759735,0.6047809720039368,0.6896231770515442,-0.032185960561037064,0.6149562001228333,0.6418154239654541,-0.060460709035396576,0.5867908000946045,0.6752590537071228,-0.06760521978139877,0.5682286620140076,0.7072967290878296,-0.06527137011289597,0.6197987794876099,0.7304683327674866,-0.04293200373649597,0.611198365688324,0.7008916735649109,-0.06563780456781387,0.5858752727508545,0.7197197079658508,-0.06675876677036285,0.5688851475715637,0.7406522035598755,-0.06276312470436096
0.574272871017456,0.8453707098960876,4.039454779558582e-07,0.5393956899642944,0.8063751459121704,-0.015311641618609428,0.5322917699813843,0.7460534572601318,-0.025057949125766754,0.5549508929252625,0.7042441964149475,-0.03673015907406807,0.5749918818473816,0.6788850426673889,-0.047882191836833954,0.5482660531997681,0.6527594923973083,-0.015423811040818691,0.5381354689598083,0.5771855115890503,-0.03234151378273964,0.5320321917533875,0.5273051857948303,-0.04353269562125206,0.5288862586021423,0.4871484637260437,-0.0511886365711689,0.5797649025917053,0.6608571410179138,-0.023669837042689323,0.5874923467636108,0.5753300786018372,-0.04306952655315399,0.5871961116790771,0.5182005167007446,-0.05742644518613815,0.589661717414856,0.47527778148651123,-0.0659492015838623,0.6048504114151001,0.6907355785369873,-0.03390070050954819,0.6158486008644104,0.6411715149879456,-0.06219344958662987,0.5874338150024414,0.6741194128990173,-0.0693846195936203,0.5684652328491211,0.7060053944587708,-0.06731665134429932,0.6198486685752869,0.7316623330116272,-0.044915229082107544,0.6121158003807068,0.6996326446533203,-0.06763502955436707,0.586632490158081,0.718207061290741,-0.06857043504714966,0.5695351362228394,0.7397787570953369,-0.06459206342697144
0.5760403275489807,0.843407392501831,3.919680295894068e-07,0.5414914488792419,0.8052141666412354,-0.015361291356384754,0.53469318151474,0.7446038126945496,-0.024250680580735207,0.5555821061134338,0.7025666832923889,-0.034917984157800674,0.5740510821342468,0.6762470602989197,-0.045023538172245026,0.5494382381439209,0.6516582369804382,-0.013922946527600288,0.539383053779602,0.5762644410133362,-0.03000480681657791,0.532889187335968,0.5267401933670044,-0.0405743308365345,0.5292365550994873,0.4868156611919403,-0.047803282737731934,0.5807165503501892,0.6598659157752991,-0.02155948244035244,0.5883623957633972,0.5755341053009033,-0.04041361063718796,0.5875992774963379,0.5191107392311096,-0.05473543331027031,0.5894821286201477,0.47615885734558105,-0.06323260813951492,0.6056547164916992,0.6887516975402832,-0.031203972175717354,0.6176344156265259,0.6424545049667358,-0.05908718705177307,0.5881398320198059,0.674992561340332,-0.06690237671136856,0.5673226118087769,0.7052657604217529,-0.06539666652679443,0.6206992864608765,0.7281631231307983,-0.04160856083035469,0.6117373704910278,0.7016186118125916,-0.06411105394363403,0.5865826606750488,0.7215713262557983,-0.06560394912958145,0.569577693939209,0.7424774169921875,-0.06210272014141083
0.576458752155304,0.8439321517944336,3.8141874370012374e-07,0.5426688194274902,0.8047531247138977,-0.014691051095724106,0.5357223749160767,0.7449226975440979,-0.02384325861930847,0.5574560761451721,0.7028363347053528,-0.034741055220365524,0.5774866342544556,0.6765198707580566,-0.04520576447248459,0.5502365231513977,0.6527798175811768,-0.015102348290383816,0.5406813025474548,0.5773966908454895,-0.031252212822437286,0.5341033935546875,0.5280031561851501,-0.04176422208547592,0.5304499268531799,0.4880322217941284,-0.04889989644289017,0.5820074677467346,0.6602727174758911,-0.02302870713174343,0.5887020826339722,0.575446367263794,-0.04155447334051132,0.5878610014915466,0.5188614130020142,-0.05554809421300888,0.5896542072296143,0.4765288233757019,-0.06379058212041855,0.6078038215637207,0.6891295313835144,-0.032752469182014465,0.6174830794334412,0.641876757144928,-0.06013300269842148,0.5890101790428162,0.6734941005706787,-0.06810299307107925,0.5695516467094421,0.7041787505149841,-0.06681997328996658,0.6235227584838867,0.7286535501480103,-0.04311748221516609,0.6117082238197327,0.7020735740661621,-0.06524300575256348,0.5852017402648926,0.7201904654502869,-0.0669531300663948,0.5676434636116028,0.7397675514221191,-0.06368117034435272
0.5775105953216553,0.8422918319702148,3.808329438470537e-07,0.5433734059333801,0.8032591342926025,-0.0152336610481143,0.5370845794677734,0.7416257262229919,-0.023817671462893486,0.5607765316963196,0.699680745601654,-0.03396746888756752,0.5828040242195129,0.673126757144928,-0.04352627322077751,0.5509970188140869,0.6510756015777588,-0.013414311222732067,0.5407728552818298,0.5769662857055664,-0.028639255091547966,0.5339191555976868,0.5276548266410828,-0.03822114318609238,0.5297569632530212,0.48791009187698364,-0.04467747360467911,0.5828397274017334,0.6588588356971741,-0.020705459639430046,0.5899444222450256,0.5744903683662415,-0.03823002427816391,0.5890695452690125,0.5184581279754639,-0.051307469606399536,0.5906183123588562,0.4765494465827942,-0.058761585503816605,0.608502209186554,0.6879337430000305,-0.030018309131264687,0.61908358335495,0.6427727937698364,-0.05709116905927658,0.5910061597824097,0.6751548647880554,-0.06485899537801743,0.5721386075019836,0.7054320573806763,-0.06320428848266602,0.624074399471283,0.727299153804779,-0.039996493607759476,0.6122571229934692,0.7032866477966309,-0.061598509550094604,0.586821436882019,0.7231671214103699,-0.06307397782802582,0.5706126689910889,0.7431055307388306,-0.059603001922369
0.5808765888214111,0.8454894423484802,3.8176423799995973e-07,0.5479094386100769,0.8038937449455261,-0.014747468754649162,0.543083667755127,0.7425318360328674,-0.023294802755117416,0.5667560696601868,0.699262261390686,-0.03344977647066116,0.5904444456100464,0.6723001599311829,-0.043178074061870575,0.5567062497138977,0.6536030173301697,-0.012750085443258286,0.548708438873291,0.5794978141784668,-0.027959080412983894,0.5425501465797424,0.5300963521003723,-0.038036394864320755,0.5387676358222961,0.49012356996536255,-0.04488105699419975,0.5886062383651733,0.6615785360336304,-0.01995953358709812,0.5968562364578247,0.5770800709724426,-0.03660455346107483,0.5965375900268555,0.5203944444656372,-0.04965291917324066,0.5987491607666016,0.47812992334365845,-0.05743870511651039,0.6139090061187744,0.6900243759155273,-0.02915346249938011,0.6248663663864136,0.6451644897460938,-0.054854340851306915,0.5963115692138672,0.6745737791061401,-0.06295941770076752,0.5769588351249695,0.7039116621017456,-0.062066104263067245,0.6286600828170776,0.7278763651847839,-0.03905240446329117,0.6158661246299744,0.7051201462745667,-0.059845954179763794,0.5905221104621887,0.7248574495315552,-0.061527788639068604,0.5743289589881897,0.7453996539115906,-0.05845862627029419
0.5821611881256104,0.8444342613220215,3.706531686020753e-07,0.5492162704467773,0.8028411269187927,-0.01499535795301199,0.5447901487350464,0.7422769069671631,-0.023902850225567818,0.5676203966140747,0.7004521489143372,-0.0345722921192646,0.588143527507782,0.6722753643989563,-0.044624216854572296,0.5595640540122986,0.6524544954299927,-0.01279443223029375,0.5491925477981567,0.5784598588943481,-0.02832890674471855,0.5424980521202087,0.5295501947402954,-0.038189325481653214,0.5393291711807251,0.48979681730270386,-0.04474888741970062,0.5904577374458313,0.6610740423202515,-0.020386764779686928,0.5966463685035706,0.5762905478477478,-0.03824756294488907,0.5966861844062805,0.5204160213470459,-0.05163498967885971,0.6000843644142151,0.47854170203208923,-0.0593138225376606,0.6156274676322937,0.6904323101043701,-0.030066542327404022,0.6266174912452698,0.6440210938453674,-0.057595789432525635,0.5979380011558533,0.6755260825157166,-0.06551291793584824,0.5784814357757568,0.7053568959236145,-0.06394199281930923,0.6313802599906921,0.7298491597175598,-0.04039228707551956,0.6210249066352844,0.7020794749259949,-0.062282197177410126,0.5948535203933716,0.7214838266372681,-0.06370195746421814,0.5774038434028625,0.7417203783988953,-0.060165632516145706
0.5833497643470764,0.8500899076461792,3.616116828197846e-07,0.5502176880836487,0.8075554966926575,-0.013198423199355602,0.5457725524902344,0.7442881464958191,-0.021223099902272224,0.5680782794952393,0.700350821018219,-0.0315978117287159,0.5886211395263672,0.672937273979187,-0.041555289179086685,0.5615553855895996,0.6554451584815979,-0.010997352190315723,0.5508338809013367,0.5796818733215332,-0.0263893473893404,0.5441111326217651,0.5295219421386719,-0.036395661532878876,0.5403158664703369,0.4893863797187805,-0.04305238649249077,0.5917844772338867,0.664383590221405,-0.0196452084928751,0.5993977785110474,0.577600359916687,-0.03752404823899269,0.5988598465919495,0.5202759504318237,-0.05126934126019478,0.6013941764831543,0.47756054997444153,-0.05921267718076706,0.6164233088493347,0.6939529180526733,-0.03026093728840351,0.6284168362617493,0.6436914205551147,-0.057353630661964417,0.5987971425056458,0.6732257604598999,-0.0651860237121582,0.5788694024085999,0.7029803991317749,-0.06361579895019531,0.6317241191864014,0.734024167060852,-0.041433464735746384,0.6243102550506592,0.6993776559829712,-0.0626300796866417,0.5978603363037109,0.7162686586380005,-0.06346672773361206,0.5798289775848389,0.7369595766067505,-0.059624504297971725
0.5854715704917908,0.8506602048873901,3.8319916484397254e-07,0.552100419998169,0.8072433471679688,-0.015342527069151402,0.5477022528648376,0.7439882159233093,-0.024538876488804817,0.5721177458763123,0.6995719075202942,-0.03566102683544159,0.5955346822738647,0.6713685393333435,-0.04616278037428856,0.5623285174369812,0.654813826084137,-0.012509242631494999,0.552510142326355,0.5786625742912292,-0.028687240555882454,0.5462245345115662,0.5287057161331177,-0.03921934589743614,0.5428588390350342,0.48821601271629333,-0.046246569603681564,0.5931711196899414,0.6641280651092529,-0.020441999658942223,0.6006597876548767,0.5772554874420166,-0.038943614810705185,0.6004512906074524,0.5202995538711548,-0.05283789709210396,0.6032265424728394,0.4768851697444916,-0.06090233474969864,0.6178274154663086,0.6945276856422424,-0.0305952038615942,0.6305667757987976,0.644827127456665,-0.058811984956264496,0.6017125248908997,0.6762736439704895,-0.06658019870519638,0.5822202563285828,0.7064847946166992,-0.06470643728971481,0.6325314044952393,0.7352771162986755,-0.04145532101392746,0.6256829500198364,0.7023009061813354,-0.06354155391454697,0.5993636846542358,0.7206007838249207,-0.06444577872753143,0.5812113881111145,0.741699755191803,-0.060507044196128845
0.587569534778595,0.8493516445159912,3.8685024605911167e-07,0.5540354251861572,0.8070119023323059,-0.015808215364813805,0.5490339398384094,0.7445955276489258,-0.025284109637141228,0.5733733773231506,0.7009271383285522,-0.03662627190351486,0.5981867909431458,0.6728754043579102,-0.047246966511011124,0.5638256669044495,0.6537542343139648,-0.012438194826245308,0.5545662045478821,0.5776233077049255,-0.02842395193874836,0.5484526753425598,0.5279519557952881,-0.03862116485834122,0.5450829863548279,0.48795241117477417,-0.04534827545285225,0.5951235294342041,0.6626938581466675,-0.01993560791015625,0.6029641032218933,0.5769035220146179,-0.03845232352614403,0.6022441983222961,0.5199978351593018,-0.05229858309030533,0.6041831374168396,0.4768078327178955,-0.060181159526109695,0.619608998298645,0.6922890543937683,-0.029718849807977676,0.6316932439804077,0.6441004276275635,-0.057848259806632996,0.6037893295288086,0.676552951335907,-0.0657084733247757,0.5849082469940186,0.7070202231407166,-0.06378980726003647,0.634069561958313,0.7315710186958313,-0.040273211896419525,0.6255820393562317,0.7018756866455078,-0.06219690293073654,0.6003261208534241,0.721097469329834,-0.06346072256565094,0.5831762552261353,0.7419952750205994,-0.05973277613520622
0.5868082046508789,0.8459850549697876,3.9081490399439645e-07,0.5546157360076904,0.8049427270889282,-0.01591498591005802,0.5502561330795288,0.7441999912261963,-0.025156322866678238,0.5753338932991028,0.7025834918022156,-0.036006391048431396,0.5998125672340393,0.6752183437347412,-0.046234432607889175,0.5641219615936279,0.6517429947853088,-0.012740540318191051,0.5557753443717957,0.5768156051635742,-0.028114626184105873,0.5497855544090271,0.5272766351699829,-0.03797893971204758,0.5463857054710388,0.4876447021961212,-0.04456787183880806,0.5953316688537598,0.660851001739502,-0.019910575821995735,0.6029589176177979,0.5761685371398926,-0.03733581677079201,0.6025822758674622,0.5193694233894348,-0.050766896456480026,0.6047581434249878,0.47705745697021484,-0.05857231095433235,0.6199101805686951,0.6906528472900391,-0.029301432892680168,0.6333061456680298,0.6437687277793884,-0.05615057051181793,0.6065347194671631,0.6737619638442993,-0.0643063634634018,0.5879496335983276,0.7032040953636169,-0.06306792050600052,0.6345363855361938,0.73002690076828,-0.0394718162715435,0.6248363256454468,0.7052918076515198,-0.060673851519823074,0.6010123491287231,0.7241537570953369,-0.06229795515537262,0.5854864716529846,0.7441351413726807,-0.05905567854642868
0.5875136852264404,0.8428752422332764,3.774451329263684e-07,0.5546723008155823,0.8021986484527588,-0.015873778611421585,0.5498161911964417,0.7419029474258423,-0.025064565241336823,0.574795663356781,0.7005471587181091,-0.035792313516139984,0.596904993057251,0.6722469329833984,-0.04585926607251167,0.564304530620575,0.6517742276191711,-0.013897217810153961,0.5560174584388733,0.576176106929779,-0.029335135594010353,0.5502840876579285,0.5264973044395447,-0.0388999804854393,0.5475102066993713,0.4865120053291321,-0.04525209963321686,0.5956454873085022,0.6604052782058716,-0.02086302638053894,0.6025274991989136,0.5761514902114868,-0.03846646100282669,0.6025853157043457,0.5198363065719604,-0.05151594057679176,0.6054110527038574,0.4778940677642822,-0.059084344655275345,0.6207380294799805,0.6896922588348389,-0.029976265504956245,0.6325021982192993,0.642937421798706,-0.05744272470474243,0.6052969098091125,0.6744722723960876,-0.06530305743217468,0.586807370185852,0.7050951719284058,-0.06372680515050888,0.6361833810806274,0.7287459373474121,-0.039801809936761856,0.6249585151672363,0.7022919654846191,-0.06190697103738785,0.5996074676513672,0.7213077545166016,-0.06369238346815109,0.583078920841217,0.7415762543678284,-0.06042939051985741
0.5899568200111389,0.8481053113937378,3.699472870266618e-07,0.5565080642700195,0.8095095157623291,-0.01457926258444786,0.5505275130271912,0.7463053464889526,-0.02266220934689045,0.5738913416862488,0.7023650407791138,-0.03260849043726921,0.5959225296974182,0.6779855489730835,-0.04209509864449501,0.565613329410553,0.6556988954544067,-0.012780463322997093,0.5572308301925659,0.5795624256134033,-0.027955088764429092,0.5516262054443359,0.5289134979248047,-0.03792502358555794,0.5487277507781982,0.4886069893836975,-0.04480256140232086,0.597022533416748,0.6636702418327332,-0.02039610967040062,0.604087769985199,0.5779158473014832,-0.0380672812461853,0.6038730144500732,0.5202388763427734,-0.051597923040390015,0.6063786149024963,0.477771520614624,-0.059593960642814636,0.6224586963653564,0.6923065185546875,-0.029996447265148163,0.6341849565505981,0.6436852216720581,-0.05680418759584427,0.6059395670890808,0.6737002730369568,-0.06469549238681793,0.5863825082778931,0.7048385143280029,-0.06336621940135956,0.6377319097518921,0.7309991717338562,-0.04031882807612419,0.6285331845283508,0.7007378935813904,-0.06221096217632294,0.6029869914054871,0.7182491421699524,-0.06406145542860031,0.5857409834861755,0.7392054200172424,-0.060960039496421814
0.5902829170227051,0.8508992791175842,3.882635155605385e-07,0.5571545958518982,0.8100823163986206,-0.015888642519712448,0.5519183278083801,0.747454047203064,-0.025100907310843468,0.5750446915626526,0.7029260396957397,-0.03609764575958252,0.5979377031326294,0.6750882863998413,-0.0464443564414978,0.5663802623748779,0.6566961407661438,-0.013247532770037651,0.5579342246055603,0.5796738862991333,-0.029359614476561546,0.5518765449523926,0.5289407968521118,-0.03993000090122223,0.5483886003494263,0.4886273741722107,-0.04704420641064644,0.5975164175033569,0.6651884913444519,-0.02086072601377964,0.6044234037399292,0.5783623456954956,-0.03937293216586113,0.603868305683136,0.5204657912254333,-0.05336903780698776,0.6063473224639893,0.47777533531188965,-0.0615357980132103,0.6224363446235657,0.6948065757751465,-0.030685389414429665,0.6346745491027832,0.6435999870300293,-0.058388788253068924,0.6071731448173523,0.6744223237037659,-0.06597881019115448,0.5889903903007507,0.7059214115142822,-0.06418872624635696,0.6372000575065613,0.7345783710479736,-0.04135746508836746,0.6290128231048584,0.702572226524353,-0.06365900486707687,0.6041528582572937,0.7200332283973694,-0.065034881234169,0.5878854393959045,0.7409266233444214,-0.06140505149960518
0.5913889408111572,0.8530987501144409,3.8791864653831e-07,0.5572264194488525,0.8113123178482056,-0.015551050193607807,0.5516737699508667,0.7485758662223816,-0.024541452527046204,0.5748297572135925,0.7036492228507996,-0.035415373742580414,0.5980332493782043,0.675930380821228,-0.04565513879060745,0.5664387345314026,0.6567749381065369,-0.012709058821201324,0.55797278881073,0.5792848467826843,-0.02869858592748642,0.5524242520332336,0.528915286064148,-0.03924791142344475,0.5492731332778931,0.4887317717075348,-0.046426720917224884,0.5979107022285461,0.6651085615158081,-0.020432256162166595,0.6044164896011353,0.5777169466018677,-0.03903935104608536,0.6039401292800903,0.5199899673461914,-0.053267545998096466,0.6060556769371033,0.4776640236377716,-0.061653364449739456,0.6229396462440491,0.6948599815368652,-0.03033720701932907,0.6351120471954346,0.6427520513534546,-0.058301880955696106,0.6082490086555481,0.6736987829208374,-0.0662703588604927,0.5898260474205017,0.7056758403778076,-0.06471530348062515,0.6375475525856018,0.7349616885185242,-0.04102150723338127,0.6295573115348816,0.7024294137954712,-0.06360236555337906,0.6047574281692505,0.7200257778167725,-0.06526006013154984,0.5877587795257568,0.7415935397148132,-0.06180794909596443
0.5922306180000305,0.8534179925918579,3.897712304024026e-07,0.5581239461898804,0.8121223449707031,-0.016192546114325523,0.5520161390304565,0.7495391964912415,-0.025822287425398827,0.5742406845092773,0.7037500143051147,-0.0372774675488472,0.5976884961128235,0.67524254322052,-0.04801659658551216,0.5673074126243591,0.6577017307281494,-0.014149491675198078,0.5587987303733826,0.5795767307281494,-0.030668722465634346,0.553146243095398,0.5291208624839783,-0.041419800370931625,0.550223708152771,0.48871397972106934,-0.04874654859304428,0.5984944701194763,0.665513277053833,-0.02184957079589367,0.6047602295875549,0.5774828791618347,-0.04095080867409706,0.6040350794792175,0.5197156667709351,-0.055360421538352966,0.6064369082450867,0.47698652744293213,-0.06393857300281525,0.623256266117096,0.6949362754821777,-0.03172016516327858,0.6350970268249512,0.6434417963027954,-0.05999591574072838,0.607265055179596,0.6754013299942017,-0.06783401221036911,0.588622510433197,0.7077101469039917,-0.06624029576778412,0.63759845495224,0.7348242998123169,-0.04247462749481201,0.6292239427566528,0.7028929591178894,-0.06541063636541367,0.6042673587799072,0.7207427024841309,-0.06723414361476898,0.5875720381736755,0.7425385117530823,-0.06392461061477661
0.5918658971786499,0.8515380620956421,3.8884212472112267e-07,0.5583068132400513,0.8104656934738159,-0.01606588251888752,0.5522515177726746,0.7485619187355042,-0.025501294061541557,0.5753479599952698,0.7037571668624878,-0.036775436252355576,0.60068279504776,0.6775956749916077,-0.04738055169582367,0.5672092437744141,0.6564847826957703,-0.013203970156610012,0.5587868690490723,0.5794833898544312,-0.029241042211651802,0.5531001091003418,0.5294607877731323,-0.03969719260931015,0.5500778555870056,0.4892156720161438,-0.046759188175201416,0.5980983972549438,0.664134681224823,-0.02070574462413788,0.6042864322662354,0.576965868473053,-0.0389350987970829,0.6038106679916382,0.519406795501709,-0.05283774808049202,0.6063632369041443,0.4764564037322998,-0.061095885932445526,0.6226451396942139,0.6931120753288269,-0.030438654124736786,0.6347783207893372,0.6431462168693542,-0.0578061006963253,0.6083921194076538,0.6739224195480347,-0.06576674431562424,0.5907741785049438,0.7051554322242737,-0.06434039771556854,0.6368326544761658,0.7320945262908936,-0.04108268767595291,0.6289860606193542,0.7018393874168396,-0.06274688243865967,0.6049156785011292,0.7190515995025635,-0.06442205607891083,0.5889326930046082,0.7398647665977478,-0.06123971939086914
0.591070294380188,0.8528021574020386,3.79608081857441e-07,0.5575776100158691,0.8118135333061218,-0.014726505614817142,0.5521706342697144,0.7479884028434753,-0.023206010460853577,0.5741071701049805,0.7035158276557922,-0.033790554851293564,0.5962896943092346,0.6759188175201416,-0.043777864426374435,0.5668338537216187,0.6559165120124817,-0.011973908171057701,0.5587055087089539,0.5792396068572998,-0.027564899995923042,0.5530739426612854,0.5293556451797485,-0.03763362020254135,0.5501653552055359,0.4892272353172302,-0.044452425092458725,0.5977483987808228,0.663688063621521,-0.02004156820476055,0.6038562655448914,0.5767093896865845,-0.03832497075200081,0.6031954884529114,0.519331693649292,-0.05233761668205261,0.6058580875396729,0.4769609868526459,-0.06054579094052315,0.6225547790527344,0.693109393119812,-0.030200041830539703,0.6335799098014832,0.6431170105934143,-0.05782691016793251,0.6058775186538696,0.6756728887557983,-0.0656689703464508,0.5876500606536865,0.7079710960388184,-0.06403522938489914,0.637046754360199,0.7330310344696045,-0.041116055101156235,0.6279059648513794,0.7024935483932495,-0.06334055215120316,0.6027074456214905,0.7196339964866638,-0.06513594090938568,0.5861437916755676,0.7400829195976257,-0.06186852231621742
0.5907883048057556,0.8507569432258606,3.9103176163735043e-07,0.5572415590286255,0.8092231750488281,-0.015705401077866554,0.5521776080131531,0.7459849119186401,-0.024767575785517693,0.5751144289970398,0.7021874189376831,-0.0357685312628746,0.598414421081543,0.6749641299247742,-0.04611190780997276,0.5662360787391663,0.6548681259155273,-0.012468933127820492,0.5577379465103149,0.5785675048828125,-0.028413118794560432,0.5521461963653564,0.5287830829620361,-0.03846914693713188,0.5494593381881714,0.48871615529060364,-0.04515954107046127,0.5973401665687561,0.663148820400238,-0.020177796483039856,0.6037449836730957,0.5760505795478821,-0.03883836418390274,0.6034085750579834,0.5187667608261108,-0.052858754992485046,0.6061615347862244,0.4765526056289673,-0.06087749823927879,0.6222252249717712,0.6929439306259155,-0.03012477420270443,0.6336790919303894,0.6439406871795654,-0.058524373918771744,0.6061912775039673,0.6760382056236267,-0.06685048341751099,0.5878480076789856,0.7073132991790771,-0.06525613367557526,0.6369093060493469,0.7328267693519592,-0.04082066938281059,0.6281136870384216,0.7032594084739685,-0.06338763236999512,0.6032001376152039,0.7206603288650513,-0.0653364434838295,0.5866027474403381,0.7404884696006775,-0.062070656567811966
0.5905744433403015,0.8531894683837891,3.8679459635204694e-07,0.5570177435874939,0.8099039196968079,-0.014805631712079048,0.5522547960281372,0.7456335425376892,-0.023411547765135765,0.5749144554138184,0.7008485198020935,-0.03423409163951874,0.5974422693252563,0.6737018823623657,-0.04449765384197235,0.5672325491905212,0.6561387181282043,-0.011510084383189678,0.5586640238761902,0.5793147087097168,-0.02743675746023655,0.5528866052627563,0.5291601419448853,-0.037937697023153305,0.5500529408454895,0.48898816108703613,-0.045019857585430145,0.5980859398841858,0.664961040019989,-0.01974351704120636,0.6045336127281189,0.5776320695877075,-0.038382042199373245,0.6036550402641296,0.5192867517471313,-0.052996791899204254,0.606212854385376,0.47596630454063416,-0.061687398701906204,0.6226837038993835,0.6951133012771606,-0.030146706849336624,0.6347052454948425,0.6433579921722412,-0.058297719806432724,0.6062725782394409,0.674049973487854,-0.06670863926410675,0.5871739983558655,0.7055408358573914,-0.06537314504384995,0.6366803646087646,0.735680103302002,-0.041275713592767715,0.6294431090354919,0.7018022537231445,-0.06390007585287094,0.6041960120201111,0.7175343632698059,-0.06575470417737961,0.5868957042694092,0.7380923628807068,-0.062463048845529556
0.5906294584274292,0.8508898615837097,3.780076838211244e-07,0.557160496711731,0.8082268238067627,-0.014761012978851795,0.5517420768737793,0.7455362677574158,-0.02324877865612507,0.5735747814178467,0.7027297019958496,-0.03395150974392891,0.5969299674034119,0.6770071387290955,-0.044058967381715775,0.5667493343353271,0.6544210910797119,-0.010537891648709774,0.5581974387168884,0.5780038833618164,-0.02579539641737938,0.5524483323097229,0.5283163785934448,-0.03563372418284416,0.5495147109031677,0.4882625937461853,-0.04227755591273308,0.5976054668426514,0.6628372669219971,-0.018444828689098358,0.6042786836624146,0.577857494354248,-0.03662041947245598,0.6033750176429749,0.5208958387374878,-0.05088532343506813,0.6053709387779236,0.47816598415374756,-0.0592520609498024,0.6221683025360107,0.6918800473213196,-0.02857409417629242,0.6328870058059692,0.6426394581794739,-0.05613376200199127,0.6054379343986511,0.6734710335731506,-0.06485278904438019,0.587026059627533,0.7040374875068665,-0.06381382048130035,0.6364812850952148,0.730584442615509,-0.039442919194698334,0.6268505454063416,0.7013251781463623,-0.061047062277793884,0.6020740270614624,0.719008207321167,-0.06315194815397263,0.5859400033950806,0.73978590965271,-0.060245536267757416
0.5908343195915222,0.8504030704498291,3.91388255138736e-07,0.5566585063934326,0.8081214427947998,-0.01622755452990532,0.5509545207023621,0.7469561696052551,-0.02603496052324772,0.5726145505905151,0.7028263211250305,-0.037829793989658356,0.595220148563385,0.6751043200492859,-0.04878019541501999,0.5669063329696655,0.6545899510383606,-0.012470648624002934,0.55860835313797,0.5777832269668579,-0.028914518654346466,0.5529947876930237,0.528218686580658,-0.03977150097489357,0.5500284433364868,0.4883793592453003,-0.04705340787768364,0.5973463654518127,0.6629183292388916,-0.020077288150787354,0.6036743521690369,0.5775001049041748,-0.039243943989276886,0.6029658317565918,0.5203441977500916,-0.05405455082654953,0.605430006980896,0.47728264331817627,-0.06280605494976044,0.6215971112251282,0.6924074292182922,-0.030023200437426567,0.6328274011611938,0.6422063708305359,-0.058009885251522064,0.6053365468978882,0.6722212433815002,-0.06635156273841858,0.5868349075317383,0.7027387619018555,-0.06500493735074997,0.6358512043952942,0.732255756855011,-0.04091021791100502,0.6291319131851196,0.6997911930084229,-0.06293680518865585,0.6046576499938965,0.7150430083274841,-0.06483039259910583,0.5876666307449341,0.7349734306335449,-0.061607010662555695
0.5912988781929016,0.851345956325531,3.98660290557018e-07,0.5563362836837769,0.8085898160934448,-0.016489196568727493,0.550900936126709,0.7462800145149231,-0.02651206962764263,0.5726853013038635,0.7010002136230469,-0.03850322216749191,0.5956901907920837,0.6735838055610657,-0.04965726286172867,0.5668425559997559,0.6557199954986572,-0.013061604462563992,0.5586645603179932,0.5786727666854858,-0.029740290716290474,0.5531765818595886,0.5289684534072876,-0.04091186076402664,0.5503638386726379,0.48910796642303467,-0.048526253551244736,0.5972080826759338,0.6638785600662231,-0.020718105137348175,0.6040728688240051,0.5773800015449524,-0.040138840675354004,0.6031620502471924,0.5199602246284485,-0.05525131896138191,0.605697751045227,0.476492315530777,-0.06436250358819962,0.621467649936676,0.6932143568992615,-0.030692409723997116,0.6331287622451782,0.6415396332740784,-0.05883432552218437,0.604658842086792,0.6723979115486145,-0.06701952964067459,0.5856773257255554,0.7039088010787964,-0.06564430147409439,0.6358336806297302,0.7329075336456299,-0.0416555181145668,0.6294467449188232,0.6980395317077637,-0.06401702761650085,0.604790985584259,0.713860034942627,-0.0658230111002922,0.5877197980880737,0.7351580262184143,-0.06255726516246796
0.5913240909576416,0.8514894247055054,4.007918903425889e-07,0.5564982891082764,0.8086451292037964,-0.01643943414092064,0.5507546663284302,0.7468699812889099,-0.026857219636440277,0.5722582936286926,0.7019341588020325,-0.039191048592329025,0.5954295992851257,0.6741959452629089,-0.05069219693541527,0.5666924715042114,0.6556726694107056,-0.01387886330485344,0.5587666034698486,0.5782487392425537,-0.030701620504260063,0.5532534122467041,0.5285559296607971,-0.04199351370334625,0.5506141781806946,0.4886692762374878,-0.04967815428972244,0.5972152948379517,0.6641656756401062,-0.021573403850197792,0.6043010354042053,0.5776387453079224,-0.04090927913784981,0.6034982204437256,0.5204631090164185,-0.05582667142152786,0.6062833070755005,0.4767403304576874,-0.06491464376449585,0.6215018630027771,0.6934689283370972,-0.03152764216065407,0.6330322027206421,0.6418035626411438,-0.059243276715278625,0.6045656204223633,0.6723961234092712,-0.06700848042964935,0.5854859948158264,0.7034345269203186,-0.06553343683481216,0.6357685923576355,0.732986330986023,-0.04249158129096031,0.6297721266746521,0.6972078680992126,-0.06426234543323517,0.6057134866714478,0.7132205963134766,-0.06556814163923264,0.589143693447113,0.734749972820282,-0.062081195414066315
0.5903690457344055,0.8505265116691589,3.929997660634399e-07,0.5554753541946411,0.8082848787307739,-0.015529435127973557,0.5507624745368958,0.7454919219017029,-0.024976279586553574,0.57259601354599,0.7009697556495667,-0.036511629819869995,0.5939695239067078,0.6723315715789795,-0.04727619141340256,0.5667653679847717,0.6538539528846741,-0.011993587017059326,0.5584872961044312,0.5776271224021912,-0.02791634574532509,0.5530502796173096,0.528556227684021,-0.038372188806533813,0.5504820346832275,0.48925551772117615,-0.04532059282064438,0.5972738862037659,0.6626996397972107,-0.019867073744535446,0.6044563055038452,0.5765356421470642,-0.0386272594332695,0.6035245060920715,0.5196572542190552,-0.0531429722905159,0.6060415506362915,0.47669655084609985,-0.061723608523607254,0.6214007139205933,0.6922670006752014,-0.030021464452147484,0.6326325535774231,0.6414396166801453,-0.05789455398917198,0.6045330762863159,0.6723931431770325,-0.06622375547885895,0.5859037637710571,0.7030600905418396,-0.06485660374164581,0.63552325963974,0.7317460179328918,-0.040992144495248795,0.6292133331298828,0.6956756114959717,-0.06270647048950195,0.6043164730072021,0.7115029692649841,-0.06424252688884735,0.5869156122207642,0.7323066592216492,-0.06087380647659302
0.5895416140556335,0.8501524925231934,3.9033741927596566e-07,0.5553879737854004,0.807502269744873,-0.015649108216166496,0.5504565238952637,0.7456249594688416,-0.025104830041527748,0.5721665024757385,0.7010985016822815,-0.036612123250961304,0.5943686962127686,0.6732574701309204,-0.047346632927656174,0.566071093082428,0.6547805070877075,-0.012388690374791622,0.5580893754959106,0.5777644515037537,-0.028530631214380264,0.5528285503387451,0.5283284187316895,-0.039018552750349045,0.550552248954773,0.4886782169342041,-0.04602465033531189,0.5969321727752686,0.6631218194961548,-0.020230403169989586,0.603491485118866,0.5760532021522522,-0.03911977633833885,0.6027870178222656,0.5189403295516968,-0.053661148995161057,0.6055921316146851,0.4759402573108673,-0.062263619154691696,0.6214519143104553,0.6925124526023865,-0.030311299487948418,0.6329160928726196,0.6414161920547485,-0.058439865708351135,0.6044500470161438,0.6730206608772278,-0.0666106715798378,0.5855993032455444,0.7046189904212952,-0.06509619206190109,0.6356196999549866,0.7319242358207703,-0.0412256233394146,0.628158688545227,0.6975310444831848,-0.06340483576059341,0.6027714014053345,0.7141045331954956,-0.06506675481796265,0.5855505466461182,0.7353594303131104,-0.061697330325841904
0.5892395377159119,0.8490607142448425,3.825751377917186e-07,0.5553845167160034,0.8065747618675232,-0.015461904928088188,0.550163209438324,0.7455763220787048,-0.024934303015470505,0.5715352296829224,0.7014986872673035,-0.03646311163902283,0.5933719873428345,0.6731081604957581,-0.04722272977232933,0.5662786960601807,0.654563307762146,-0.012685813941061497,0.5580334663391113,0.577677309513092,-0.028891149908304214,0.552725613117218,0.528091311454773,-0.03930602967739105,0.5504619479179382,0.48818859457969666,-0.0461655929684639,0.5970450043678284,0.6629035472869873,-0.0205732099711895,0.603296160697937,0.5759166479110718,-0.03938771039247513,0.6028252243995667,0.5189571380615234,-0.05368519201874733,0.6056025624275208,0.4759621024131775,-0.06208517402410507,0.6215530633926392,0.6922098398208618,-0.030672596767544746,0.6325117349624634,0.6422173380851746,-0.05887679383158684,0.6047635674476624,0.6738078594207764,-0.06701204180717468,0.5862876772880554,0.7051735520362854,-0.06543377786874771,0.6355944871902466,0.7315088510513306,-0.04156086966395378,0.6277685165405273,0.6975261569023132,-0.06354691833257675,0.6023037433624268,0.7136456966400146,-0.06504879891872406,0.5848548412322998,0.7343026995658875,-0.06162410229444504
0.5900371670722961,0.8490875959396362,3.923644840142515e-07,0.5562238693237305,0.8067772388458252,-0.016271481290459633,0.5508724451065063,0.7455994486808777,-0.025920115411281586,0.571649432182312,0.7009010910987854,-0.03757581114768982,0.5925518870353699,0.6716666221618652,-0.048376549035310745,0.5656817555427551,0.6539946794509888,-0.012473654001951218,0.5575122833251953,0.5774078369140625,-0.029225094243884087,0.5522254109382629,0.5277770161628723,-0.03997869789600372,0.5496779680252075,0.48788660764694214,-0.046986352652311325,0.5963504910469055,0.6622292399406433,-0.02013224922120571,0.6032097935676575,0.5757642388343811,-0.039791036397218704,0.6029982566833496,0.5183770656585693,-0.054395731538534164,0.6056244373321533,0.4752715826034546,-0.0627361312508583,0.6207417249679565,0.6916961073875427,-0.030207889154553413,0.6315799951553345,0.6416913270950317,-0.05953865498304367,0.6044349670410156,0.6741546392440796,-0.0678228810429573,0.5864444375038147,0.7059443593025208,-0.0659535750746727,0.6348211765289307,0.7314679026603699,-0.04110794886946678,0.6276320219039917,0.6983818411827087,-0.06410934031009674,0.6022723913192749,0.7145751714706421,-0.06589289009571075,0.5846036672592163,0.7346439957618713,-0.06237264350056648
0.5901498198509216,0.8503907918930054,4.06609643732736e-07,0.5555942058563232,0.8075920939445496,-0.016199646517634392,0.550409197807312,0.7458234429359436,-0.02624613605439663,0.5720334649085999,0.7012484073638916,-0.03839339315891266,0.5946782231330872,0.6733624339103699,-0.049780234694480896,0.5654050707817078,0.6548664569854736,-0.01334204152226448,0.5578546524047852,0.5776724219322205,-0.03049083612859249,0.5531279444694519,0.5281709432601929,-0.04173929989337921,0.551017165184021,0.4884066581726074,-0.04921894147992134,0.596369206905365,0.6629421710968018,-0.02137286216020584,0.6039125919342041,0.5759816765785217,-0.041103243827819824,0.6035688519477844,0.5186399817466736,-0.055853284895420074,0.6062001585960388,0.4751152992248535,-0.06453662365674973,0.6209524869918823,0.6926664113998413,-0.03174365311861038,0.6322746872901917,0.6409752368927002,-0.060855306684970856,0.6044000387191772,0.6745709776878357,-0.06853830069303513,0.5859931111335754,0.7071243524551392,-0.0664377212524414,0.6348702311515808,0.7331280708312988,-0.042993031442165375,0.6281870007514954,0.6981086730957031,-0.06602220982313156,0.603005051612854,0.7154943346977234,-0.06724206358194351,0.5855810046195984,0.7371261119842529,-0.06333491206169128
0.5903890132904053,0.850578248500824,4.1797574112933944e-07,0.5551177263259888,0.8079339265823364,-0.017075370997190475,0.5499839186668396,0.7458393573760986,-0.027389518916606903,0.5720738768577576,0.70025634765625,-0.03963000327348709,0.5950621366500854,0.6719657778739929,-0.050993043929338455,0.5652985572814941,0.6549637913703918,-0.013678546994924545,0.5582864284515381,0.5778135061264038,-0.031000593677163124,0.5537881851196289,0.5281857252120972,-0.04248960688710213,0.5517011284828186,0.48830628395080566,-0.050211384892463684,0.5963613986968994,0.6631066203117371,-0.021246671676635742,0.6043303608894348,0.5762119889259338,-0.0412042960524559,0.6041876077651978,0.5184420943260193,-0.056226085871458054,0.6068261861801147,0.47446298599243164,-0.06516332179307938,0.6208106875419617,0.6925694346427917,-0.031228523701429367,0.6326538920402527,0.6416645050048828,-0.06029922515153885,0.6039730906486511,0.6751248240470886,-0.06798895448446274,0.5844148993492126,0.707223117351532,-0.06598042696714401,0.6347052454948425,0.7327021360397339,-0.042212314903736115,0.6282832026481628,0.6995729207992554,-0.06533093750476837,0.6032370328903198,0.717501163482666,-0.06673718243837357,0.5855388045310974,0.7390493750572205,-0.06296351552009583
0.5901995897293091,0.8514831066131592,4.160635853622807e-07,0.5552757382392883,0.8082472085952759,-0.016407273709774017,0.550778865814209,0.7460254430770874,-0.02675040066242218,0.5722511410713196,0.7014134526252747,-0.03919513151049614,0.5938188433647156,0.6727545261383057,-0.050799742341041565,0.5660714507102966,0.6549742817878723,-0.01363177876919508,0.5587005019187927,0.5773256421089172,-0.03104392997920513,0.5539363026618958,0.5278807878494263,-0.04259759560227394,0.5516261458396912,0.4883120059967041,-0.05030691623687744,0.5967851281166077,0.663606584072113,-0.021717917174100876,0.6049500107765198,0.5761847496032715,-0.04183947294950485,0.6042665839195251,0.5186878442764282,-0.05711320787668228,0.6067059636116028,0.47501319646835327,-0.06618138402700424,0.6210551261901855,0.69367915391922,-0.03212832286953926,0.6323409676551819,0.6415718197822571,-0.06096756458282471,0.6031924486160278,0.6742290258407593,-0.06868896633386612,0.5837922692298889,0.7058010101318359,-0.06676799803972244,0.6347654461860657,0.7345082759857178,-0.04349956661462784,0.629162609577179,0.6990339159965515,-0.06622229516506195,0.6040865182876587,0.7147667407989502,-0.0674695149064064,0.5864374041557312,0.7349755167961121,-0.06364608556032181
0.5904455184936523,0.847101092338562,4.0104930576490005e-07,0.5562224388122559,0.8053101301193237,-0.016006330028176308,0.5510770082473755,0.7440612316131592,-0.025684455409646034,0.5724796652793884,0.7009720802307129,-0.037300631403923035,0.59409099817276,0.672835648059845,-0.048230938613414764,0.5654665231704712,0.6532057523727417,-0.013792662881314754,0.5583601593971252,0.5766701102256775,-0.030271928757429123,0.5536472201347351,0.527753472328186,-0.04067873954772949,0.5517833232879639,0.4882337749004364,-0.04757780581712723,0.5965575575828552,0.6615709066390991,-0.02138705551624298,0.6039586663246155,0.5751142501831055,-0.040703460574150085,0.6038318276405334,0.5182862281799316,-0.05513651669025421,0.606471061706543,0.4753814935684204,-0.06358644366264343,0.6212553381919861,0.6910106539726257,-0.031161442399024963,0.6323721408843994,0.641747236251831,-0.06007499247789383,0.6041985154151917,0.6751552224159241,-0.0683373510837555,0.5849693417549133,0.7069487571716309,-0.06670910865068436,0.6355409622192383,0.7304402589797974,-0.04169103875756264,0.6272944808006287,0.6995139122009277,-0.06460236012935638,0.6022722125053406,0.7172210812568665,-0.06649378687143326,0.5850562453269958,0.7376316785812378,-0.06317440420389175
0.5900083780288696,0.8500611782073975,3.930952061637072e-07,0.5556813478469849,0.8075322508811951,-0.015017233788967133,0.5503988265991211,0.7452068328857422,-0.02416038326919079,0.5718225836753845,0.7017818689346313,-0.03546152263879776,0.5932393074035645,0.6747676134109497,-0.046280983835458755,0.5659472942352295,0.6542723774909973,-0.012365580536425114,0.5586365461349487,0.5782468914985657,-0.028658200055360794,0.5539295673370361,0.5286223888397217,-0.039431728422641754,0.5521384477615356,0.4887638986110687,-0.04676027223467827,0.596876323223114,0.6628986597061157,-0.02051847241818905,0.6038848161697388,0.576731264591217,-0.03953533247113228,0.6035748720169067,0.5192062854766846,-0.05403578653931618,0.6063087582588196,0.47650930285453796,-0.06268980354070663,0.6218079328536987,0.6927856802940369,-0.03082958050072193,0.632672131061554,0.6406429409980774,-0.059420034289360046,0.6037097573280334,0.6733528971672058,-0.06748533248901367,0.5842175483703613,0.7061508297920227,-0.06591133773326874,0.6363390684127808,0.7331848740577698,-0.04185216873884201,0.6274684071540833,0.7002413272857666,-0.06518710404634476,0.6016494035720825,0.71873939037323,-0.06705587357282639,0.584107518196106,0.740717887878418,-0.06367327272891998
0.5900713205337524,0.8513906598091125,3.9040591559569293e-07,0.5559921264648438,0.8080229759216309,-0.014931600540876389,0.5512465238571167,0.7452762126922607,-0.023966342210769653,0.5738851428031921,0.7014199495315552,-0.035146333277225494,0.5968555212020874,0.6741558909416199,-0.045739997178316116,0.5667179822921753,0.6561987996101379,-0.012136452831327915,0.55911785364151,0.5789908766746521,-0.02835487201809883,0.5540223121643066,0.5292634963989258,-0.038754213601350784,0.551791787147522,0.48964470624923706,-0.04567522928118706,0.5974655747413635,0.6645277142524719,-0.020188143476843834,0.6047131419181824,0.5777460336685181,-0.03912699595093727,0.604510486125946,0.5199309587478638,-0.05349178984761238,0.6073876023292542,0.4772486686706543,-0.06190795078873634,0.6219314336776733,0.6942089200019836,-0.030412688851356506,0.6334546804428101,0.6423001289367676,-0.058723967522382736,0.6054374575614929,0.6729974746704102,-0.06708940118551254,0.5867394208908081,0.7041788697242737,-0.06571704149246216,0.6360184550285339,0.7342109084129333,-0.0413462296128273,0.6285668611526489,0.7027579545974731,-0.06424818187952042,0.6032805442810059,0.7194824814796448,-0.06640387326478958,0.5859450697898865,0.7398377060890198,-0.0632576197385788
0.5916258692741394,0.8510923385620117,4.076825916854432e-07,0.5568578839302063,0.8093242049217224,-0.016582712531089783,0.5517041087150574,0.7476911544799805,-0.026570651680231094,0.5742211937904358,0.7024506330490112,-0.0384746715426445,0.5969242453575134,0.6742863059043884,-0.04952371120452881,0.5677728652954102,0.6555905938148499,-0.013527864590287209,0.5610244274139404,0.5784133672714233,-0.03035491146147251,0.5562618374824524,0.5287673473358154,-0.04115184396505356,0.5536627173423767,0.48897600173950195,-0.04831043630838394,0.598599910736084,0.6639923453330994,-0.021099472418427467,0.6065965294837952,0.5773566961288452,-0.040541522204875946,0.6066402196884155,0.5195281505584717,-0.05492999404668808,0.6090782880783081,0.4764789938926697,-0.06325539201498032,0.6227133870124817,0.6936984062194824,-0.030968960374593735,0.6336863040924072,0.6422156691551208,-0.05942029878497124,0.606604814529419,0.6755344271659851,-0.0666782557964325,0.5884852409362793,0.7077391147613525,-0.06440567970275879,0.6369823813438416,0.7337154746055603,-0.04179513454437256,0.6290649175643921,0.7029977440834045,-0.06443148851394653,0.6043073534965515,0.7214639186859131,-0.06573445349931717,0.5873114466667175,0.7424930930137634,-0.06187812238931656
0.591641902923584,0.8511374592781067,4.0154654357138497e-07,0.5574135184288025,0.8082512617111206,-0.01594570279121399,0.5532613396644592,0.7451658248901367,-0.025636445730924606,0.5765802264213562,0.6997140049934387,-0.037308499217033386,0.6000917553901672,0.6715860962867737,-0.048196565359830856,0.5682063698768616,0.6557964086532593,-0.013151008635759354,0.5611366629600525,0.5783452987670898,-0.02980460785329342,0.5559955835342407,0.5285289287567139,-0.0405348539352417,0.5531959533691406,0.48864108324050903,-0.0476960726082325,0.5990405678749084,0.6643625497817993,-0.020966481417417526,0.6069139242172241,0.5774922370910645,-0.04035384953022003,0.6066445112228394,0.519550621509552,-0.05494515225291252,0.6091069579124451,0.47611767053604126,-0.06348847597837448,0.6233205795288086,0.6941257119178772,-0.030978793278336525,0.6349329948425293,0.6421563625335693,-0.05929236114025116,0.606948971748352,0.6746140122413635,-0.06672046333551407,0.5880018472671509,0.7060022950172424,-0.06466323882341385,0.6375815272331238,0.7340621948242188,-0.04187503829598427,0.6298667788505554,0.7024196982383728,-0.06442505121231079,0.6048306226730347,0.7194394469261169,-0.06580565869808197,0.5874285697937012,0.7394305467605591,-0.06207597255706787
0.5920525789260864,0.8500363826751709,3.9741021851114056e-07,0.5576065182685852,0.8074157238006592,-0.015878193080425262,0.5527830123901367,0.7455059289932251,-0.02561306767165661,0.5753306746482849,0.7017021775245667,-0.0374322272837162,0.5976781249046326,0.6748778820037842,-0.04851004108786583,0.5688003301620483,0.6549739837646484,-0.01329115591943264,0.5608382225036621,0.5776214599609375,-0.029888717457652092,0.5552257895469666,0.5279491543769836,-0.04055867716670036,0.5523454546928406,0.4878897964954376,-0.04769513010978699,0.599480152130127,0.6633897423744202,-0.021286720409989357,0.6061035394668579,0.5766208171844482,-0.04073626920580864,0.605882465839386,0.5191494226455688,-0.05533889681100845,0.6088446378707886,0.47579050064086914,-0.06389156728982925,0.623744785785675,0.6931595206260681,-0.031509462743997574,0.6345487236976624,0.6422495245933533,-0.060053497552871704,0.6071231365203857,0.6750189065933228,-0.0678887814283371,0.5891777276992798,0.7067956924438477,-0.06604877859354019,0.6378048062324524,0.7331643104553223,-0.04260559380054474,0.6300919055938721,0.7010074853897095,-0.06511928886175156,0.6046887636184692,0.7178617119789124,-0.06675487011671066,0.587415874004364,0.7382256984710693,-0.0633043497800827
0.5924338102340698,0.8512933254241943,3.992650761119876e-07,0.5581624507904053,0.8081579208374023,-0.016106436029076576,0.553153395652771,0.7456892132759094,-0.02586393430829048,0.5751050114631653,0.7003087401390076,-0.03767845034599304,0.5975503921508789,0.672404944896698,-0.04874522238969803,0.5685980319976807,0.6565979719161987,-0.013475731015205383,0.5604473352432251,0.5788249969482422,-0.03034237213432789,0.5547726154327393,0.5286363363265991,-0.041305068880319595,0.551794707775116,0.4878588318824768,-0.04870542511343956,0.5991355776786804,0.6646969318389893,-0.0214346032589674,0.6060755848884583,0.5769355893135071,-0.04110981896519661,0.6061168909072876,0.5190643668174744,-0.05603042617440224,0.6094576716423035,0.4752633273601532,-0.06487901508808136,0.6234501600265503,0.6941179037094116,-0.03163304179906845,0.634270966053009,0.642535924911499,-0.06031033396720886,0.6063559055328369,0.6746039986610413,-0.06827256083488464,0.5882127285003662,0.7062050700187683,-0.06657328456640244,0.6376321315765381,0.7336924076080322,-0.04274453595280647,0.6301209926605225,0.7004393935203552,-0.06538281589746475,0.6048777103424072,0.7167186737060547,-0.06711073219776154,0.587811291217804,0.7370830178260803,-0.06376981735229492
0.592856228351593,0.849989652633667,3.9553941633130307e-07,0.5584582686424255,0.8084186315536499,-0.01608075015246868,0.5527222156524658,0.7469725012779236,-0.025812288746237755,0.5734025239944458,0.7026576995849609,-0.037515971809625626,0.5955793261528015,0.6746867299079895,-0.04849260672926903,0.5683715343475342,0.6553059220314026,-0.01353277824819088,0.5605699419975281,0.5776233077049255,-0.02992088720202446,0.5551755428314209,0.5279983878135681,-0.040356170386075974,0.5524395108222961,0.4878840446472168,-0.04734272137284279,0.599098801612854,0.663147509098053,-0.021337777376174927,0.6060866117477417,0.5759842395782471,-0.0404413603246212,0.606117308139801,0.5183621048927307,-0.05498306825757027,0.6091322302818298,0.4749060869216919,-0.06358646601438522,0.6235105991363525,0.6924194693565369,-0.0313616618514061,0.6343942880630493,0.6414639353752136,-0.059767212718725204,0.6072450876235962,0.6733564734458923,-0.0682518258690834,0.5894120931625366,0.7049763202667236,-0.06699943542480469,0.63780277967453,0.7318618297576904,-0.04223061352968216,0.6291687488555908,0.7003965973854065,-0.06487920880317688,0.6040695905685425,0.7167496681213379,-0.06710658967494965,0.5873110294342041,0.7368878722190857,-0.06417221575975418
0.5928889513015747,0.8505541086196899,4.013223247056885e-07,0.557908833026886,0.8092804551124573,-0.016082387417554855,0.5519944429397583,0.7470623254776001,-0.025911154225468636,0.5733664035797119,0.7020800113677979,-0.03767517954111099,0.5950555801391602,0.6737574934959412,-0.04875299334526062,0.5681451559066772,0.6555314064025879,-0.01426119264215231,0.56071537733078,0.5775506496429443,-0.030988050624728203,0.555655837059021,0.5278807878494263,-0.04166723042726517,0.5531750321388245,0.487887442111969,-0.0487995371222496,0.5990046262741089,0.6635640263557434,-0.022068887948989868,0.606400191783905,0.5758598446846008,-0.04145495593547821,0.6061447858810425,0.5177768468856812,-0.05598341301083565,0.60878586769104,0.47450846433639526,-0.0645686611533165,0.6235451698303223,0.6931997537612915,-0.03205028176307678,0.6335018873214722,0.6410414576530457,-0.06063993647694588,0.6056692600250244,0.6733233332633972,-0.06872313469648361,0.5874559879302979,0.7055619955062866,-0.06715261191129684,0.6379281282424927,0.7332879304885864,-0.04286608099937439,0.6288343667984009,0.7004874348640442,-0.06588423997163773,0.6035813093185425,0.7165781259536743,-0.06788089126348495,0.5866667032241821,0.7366214394569397,-0.06465372443199158
0.5926066637039185,0.8510789275169373,3.999693944933824e-07,0.557816207408905,0.8091521263122559,-0.01619533635675907,0.5518497228622437,0.7456712126731873,-0.02586323581635952,0.5738319754600525,0.6997553110122681,-0.037485986948013306,0.597116231918335,0.6715297102928162,-0.048365090042352676,0.5680375695228577,0.6553201675415039,-0.013536506332457066,0.5605980157852173,0.5771280527114868,-0.030054975301027298,0.5555753707885742,0.5273586511611938,-0.04080258682370186,0.5529888272285461,0.4873882532119751,-0.048102643340826035,0.598744809627533,0.6638020277023315,-0.021296044811606407,0.6062717437744141,0.5763846039772034,-0.040564585477113724,0.6060613989830017,0.5183327198028564,-0.055235572159290314,0.6088297963142395,0.47466301918029785,-0.06404317170381546,0.6230839490890503,0.6934504508972168,-0.03128940612077713,0.6339191198348999,0.6413047313690186,-0.05984378233551979,0.6054749488830566,0.6734850406646729,-0.06795293837785721,0.5866973400115967,0.7055371403694153,-0.06645824760198593,0.6372472643852234,0.7334383726119995,-0.04216955229640007,0.6287735104560852,0.7002781629562378,-0.06538889557123184,0.6033527851104736,0.7172592282295227,-0.06744132936000824,0.5862408876419067,0.7384593486785889,-0.06425739824771881
0.5926317572593689,0.847975492477417,4.0415676494376385e-07,0.5580750703811646,0.8069026470184326,-0.016337072476744652,0.5516557693481445,0.7437751293182373,-0.026064591482281685,0.5734210014343262,0.6981931328773499,-0.037661369889974594,0.5971623063087463,0.6706468462944031,-0.04853956028819084,0.5672673583030701,0.6534412503242493,-0.013922925107181072,0.5599312782287598,0.575818657875061,-0.03027317114174366,0.5551498532295227,0.5264238715171814,-0.04062259569764137,0.5526903867721558,0.48677122592926025,-0.04761478304862976,0.5980241894721985,0.6622610688209534,-0.021523091942071915,0.6060119867324829,0.5754573345184326,-0.040830086916685104,0.6062477827072144,0.5179667472839355,-0.055092621594667435,0.6089053153991699,0.4747627377510071,-0.06346429884433746,0.6225879788398743,0.6917968392372131,-0.031336862593889236,0.6336721777915955,0.6410678029060364,-0.06013711541891098,0.6054316759109497,0.6745312809944153,-0.068100206553936,0.5862845778465271,0.7065542340278625,-0.06636194884777069,0.6372687816619873,0.7311862707138062,-0.04198008030653,0.6277375221252441,0.7004018425941467,-0.06526640057563782,0.6025731563568115,0.7191377282142639,-0.06725131720304489,0.5855178236961365,0.7403755784034729,-0.0639747679233551
0.5887265205383301,0.8463659286499023,3.9988165667637077e-07,0.555212140083313,0.8024135828018188,-0.015018225647509098,0.5492468476295471,0.7413808107376099,-0.024578256532549858,0.5701305270195007,0.6963146924972534,-0.03634361922740936,0.593814492225647,0.6696245670318604,-0.04742957279086113,0.5654958486557007,0.6532440781593323,-0.012558494694530964,0.5571621656417847,0.5751690864562988,-0.028537355363368988,0.5516219735145569,0.5255685448646545,-0.03855913504958153,0.5490533709526062,0.4855973720550537,-0.04503456503152847,0.5961178541183472,0.6616849899291992,-0.020569678395986557,0.6034897565841675,0.5746996998786926,-0.03907734900712967,0.6034296751022339,0.5174815654754639,-0.052967898547649384,0.6063790917396545,0.47463810443878174,-0.060922976583242416,0.6209081411361694,0.6907328963279724,-0.030715027824044228,0.6310464143753052,0.6408300399780273,-0.05850138142704964,0.6035861968994141,0.6718053221702576,-0.06683408468961716,0.5855226516723633,0.7031957507133484,-0.06533918529748917,0.6354851126670837,0.7298498749732971,-0.041614826768636703,0.6263995170593262,0.6981422901153564,-0.06315553188323975,0.6000815033912659,0.7133663296699524,-0.06488918513059616,0.5818891525268555,0.7332115769386292,-0.06160679832100868
0.5887212753295898,0.844430685043335,3.8394207990677387e-07,0.555121123790741,0.8043856620788574,-0.015592647716403008,0.5479922890663147,0.7431280016899109,-0.024782240390777588,0.5688170194625854,0.6976433396339417,-0.035932689905166626,0.5918772220611572,0.6704716682434082,-0.04639853164553642,0.5643256306648254,0.6530784964561462,-0.013332601636648178,0.5556838512420654,0.5754511952400208,-0.02908705733716488,0.5501694679260254,0.5255520343780518,-0.03878854215145111,0.5474237203598022,0.48547428846359253,-0.0451546311378479,0.5953325629234314,0.6613886952400208,-0.020841531455516815,0.6030741333961487,0.5746191143989563,-0.03936094418168068,0.602814793586731,0.5173248648643494,-0.053102701902389526,0.6050601005554199,0.4750308394432068,-0.060971520841121674,0.6201068162918091,0.6902637481689453,-0.03049599938094616,0.6298403143882751,0.6397937536239624,-0.05873838812112808,0.6026176810264587,0.6700919270515442,-0.06737709790468216,0.5847774147987366,0.7011483311653137,-0.06606754660606384,0.6347097754478455,0.7287647128105164,-0.04086507484316826,0.624803900718689,0.6976316571235657,-0.06333746016025543,0.5985156297683716,0.7131422162055969,-0.06579291820526123,0.5806743502616882,0.7330858111381531,-0.06297814846038818
0.5878971815109253,0.8429205417633057,3.9007079521979904e-07,0.5542753338813782,0.8026167154312134,-0.01593615487217903,0.5470378994941711,0.7415050864219666,-0.025271594524383545,0.5684085488319397,0.6965088248252869,-0.036361027508974075,0.5929668545722961,0.6700369119644165,-0.0468064621090889,0.5632873773574829,0.6515321731567383,-0.01361849159002304,0.5556893944740295,0.5744776129722595,-0.029314052313566208,0.5504069924354553,0.5247341394424438,-0.039122797548770905,0.547783374786377,0.4847191274166107,-0.04556908458471298,0.5942539572715759,0.659954845905304,-0.020855071023106575,0.6016566753387451,0.5740303993225098,-0.03894709795713425,0.6017503142356873,0.5169497132301331,-0.05239066109061241,0.6043255925178528,0.47447898983955383,-0.06013846397399902,0.6189632415771484,0.6890302300453186,-0.030272213742136955,0.6301240921020508,0.6400740146636963,-0.05829551815986633,0.6037849187850952,0.670329749584198,-0.06705275923013687,0.5861389636993408,0.7012028694152832,-0.06590697169303894,0.6336989402770996,0.7277556657791138,-0.040410365909338,0.6243518590927124,0.6986305117607117,-0.06289156526327133,0.5987990498542786,0.7145164608955383,-0.06542760133743286,0.5812668800354004,0.7341306209564209,-0.06270774453878403
0.5861755609512329,0.8410425782203674,3.884648833718529e-07,0.5532653331756592,0.801650881767273,-0.016176635399460793,0.5465573668479919,0.7405763864517212,-0.025617389008402824,0.5680420994758606,0.6955767869949341,-0.03661389648914337,0.5931128263473511,0.6691625118255615,-0.04693073406815529,0.5627492070198059,0.6517621874809265,-0.014398549683392048,0.5552799701690674,0.5738233923912048,-0.03007391281425953,0.5498821139335632,0.5240637063980103,-0.03974990174174309,0.5468999147415161,0.4842541813850403,-0.046121254563331604,0.5935850143432617,0.6603217720985413,-0.021440325304865837,0.6016635298728943,0.5737860202789307,-0.03949733451008797,0.601883053779602,0.5168089270591736,-0.05278552323579788,0.6043930053710938,0.47427019476890564,-0.060500308871269226,0.6179648041725159,0.6892285943031311,-0.030624128878116608,0.6303515434265137,0.6394728422164917,-0.0585271455347538,0.6035242676734924,0.6694285273551941,-0.06713546067476273,0.5852575302124023,0.6992488503456116,-0.06605981290340424,0.6324430704116821,0.727545976638794,-0.04051658511161804,0.6237930059432983,0.6983153223991394,-0.06312203407287598,0.5979416966438293,0.7153692841529846,-0.06556478887796402,0.580151379108429,0.7351861000061035,-0.06283959746360779
0.5851565599441528,0.8434436321258545,3.971895523591229e-07,0.5518910884857178,0.802800178527832,-0.016287371516227722,0.5456361770629883,0.7406460046768188,-0.025860590860247612,0.5676509737968445,0.6953538656234741,-0.03725545108318329,0.5915622115135193,0.6678881645202637,-0.04798872768878937,0.5623852610588074,0.6516700387001038,-0.013739424757659435,0.5550985932350159,0.5745075941085815,-0.030272340402007103,0.5498389005661011,0.5244941711425781,-0.04098653420805931,0.5470565557479858,0.4841770529747009,-0.04819438233971596,0.5929036736488342,0.6605544090270996,-0.021265583112835884,0.6010799407958984,0.5738834142684937,-0.040280669927597046,0.6012378334999084,0.5161362290382385,-0.05444933474063873,0.6044813394546509,0.4725334644317627,-0.06280986219644547,0.6172298192977905,0.6904020309448242,-0.031051037833094597,0.628768265247345,0.6393764615058899,-0.059800393879413605,0.6002365350723267,0.6705513000488281,-0.06801512837409973,0.5817974209785461,0.7015796899795532,-0.06650185585021973,0.6314038038253784,0.7305556535720825,-0.04164969548583031,0.6240881085395813,0.6976985335350037,-0.06514687836170197,0.597678542137146,0.7157744765281677,-0.06718678027391434,0.5799614787101746,0.7374371886253357,-0.06394515931606293
0.5842936635017395,0.8434708118438721,3.960609831210604e-07,0.5513136386871338,0.8018847107887268,-0.016525859013199806,0.5449287295341492,0.7423393130302429,-0.02703837677836418,0.5664471387863159,0.6988949179649353,-0.039309460669755936,0.5888041257858276,0.6710624098777771,-0.05089619383215904,0.5620145201683044,0.650700569152832,-0.015289447270333767,0.5544979572296143,0.5741453170776367,-0.03252663090825081,0.5492129325866699,0.5246717929840088,-0.04377203807234764,0.5463753938674927,0.4844401478767395,-0.05133594572544098,0.5925414562225342,0.6596635580062866,-0.023123012855648994,0.6007979512214661,0.5733976364135742,-0.04249978065490723,0.601116955280304,0.5164066553115845,-0.05687611550092697,0.6041430830955505,0.4733714461326599,-0.06544318795204163,0.6169719099998474,0.6901835203170776,-0.033166415989398956,0.6283023357391357,0.6391872763633728,-0.06177022308111191,0.5998323559761047,0.6695854067802429,-0.06985106319189072,0.5809031128883362,0.6998252868652344,-0.06845134496688843,0.6315632462501526,0.7315902709960938,-0.0440533272922039,0.6246106624603271,0.6990303993225098,-0.06715215742588043,0.5985193848609924,0.7162877917289734,-0.06885242462158203,0.5806450247764587,0.7369752526283264,-0.06547298282384872
0.5836440324783325,0.8436864614486694,3.915864681403036e-07,0.5508169531822205,0.8019112944602966,-0.015672313049435616,0.5443792343139648,0.7410680055618286,-0.025699079036712646,0.5654700398445129,0.697169840335846,-0.03772125765681267,0.5876528024673462,0.6699068546295166,-0.04911221191287041,0.5615602731704712,0.6515145301818848,-0.014824827201664448,0.5536007285118103,0.57473224401474,-0.032007213681936264,0.5482924580574036,0.5252922773361206,-0.04307756945490837,0.5455745458602905,0.4850028455257416,-0.050497304648160934,0.5919311046600342,0.6600307822227478,-0.02308155968785286,0.6001423597335815,0.572683572769165,-0.042554035782814026,0.6004863381385803,0.5155273079872131,-0.0568721629679203,0.6037734746932983,0.4725126624107361,-0.06531058251857758,0.6161879301071167,0.6901939511299133,-0.033450961112976074,0.6277869343757629,0.6383558511734009,-0.06203358992934227,0.59926438331604,0.6692206263542175,-0.06978710740804672,0.5803468823432922,0.7003020644187927,-0.06803178042173386,0.6304351091384888,0.7311796545982361,-0.044628359377384186,0.6244006752967834,0.6975308656692505,-0.06748411059379578,0.5987468361854553,0.7142521142959595,-0.06894399970769882,0.581161618232727,0.7352743148803711,-0.0653584748506546
0.5848096013069153,0.8446443676948547,3.873227285566827e-07,0.5515145659446716,0.8028436899185181,-0.015751739963889122,0.5456508994102478,0.7417067885398865,-0.02565976418554783,0.5660173296928406,0.6965413093566895,-0.03753369674086571,0.5872021913528442,0.6678797006607056,-0.048717692494392395,0.5615347623825073,0.6516885757446289,-0.014325792901217937,0.5535768866539001,0.5744307041168213,-0.03131520375609398,0.5485468506813049,0.5248287916183472,-0.042061563581228256,0.5463123321533203,0.48465949296951294,-0.049070701003074646,0.5923060178756714,0.6600387692451477,-0.022361474111676216,0.600054144859314,0.5721471309661865,-0.041827261447906494,0.6002498269081116,0.5151276588439941,-0.05597974359989166,0.6032514572143555,0.4724341034889221,-0.06408042460680008,0.6169571280479431,0.6897529363632202,-0.032560527324676514,0.6282188892364502,0.6376368403434753,-0.061736010015010834,0.5995990037918091,0.6691334843635559,-0.06975201517343521,0.5803775191307068,0.7005831599235535,-0.0678182989358902,0.6314841508865356,0.7300639152526855,-0.04346713051199913,0.6244680285453796,0.6952025890350342,-0.06671186536550522,0.5984504818916321,0.7111789584159851,-0.06831672787666321,0.5802287459373474,0.7316513061523438,-0.06463146954774857
0.583925724029541,0.8450965881347656,3.889610695750889e-07,0.5513483881950378,0.8030779361724854,-0.015451007522642612,0.5457109212875366,0.7408055663108826,-0.024810487404465675,0.5665130019187927,0.6961906552314758,-0.036249011754989624,0.5894378423690796,0.6686239838600159,-0.04704153910279274,0.5615867376327515,0.6514043807983398,-0.013077507726848125,0.5534847378730774,0.573996901512146,-0.02941344864666462,0.5480172634124756,0.5242837071418762,-0.03981925919651985,0.5455960035324097,0.48414337635040283,-0.046693991869688034,0.5924990177154541,0.6603545546531677,-0.021129384636878967,0.5997349619865417,0.5728769302368164,-0.04013742506504059,0.5996173024177551,0.5152319073677063,-0.05447021499276161,0.6028652787208557,0.4718482792377472,-0.06281078606843948,0.6168508529663086,0.6904953718185425,-0.03135883808135986,0.626893162727356,0.638587474822998,-0.060158468782901764,0.5989824533462524,0.6704002618789673,-0.06849544495344162,0.5810985565185547,0.7021703720092773,-0.06685765087604523,0.6306204199790955,0.7303523421287537,-0.042308367788791656,0.621264636516571,0.6968463659286499,-0.06530512124300003,0.5955237150192261,0.7129247784614563,-0.06724894791841507,0.5786231756210327,0.7335028648376465,-0.06390875577926636
0.5838650465011597,0.8465445637702942,3.9163745668702177e-07,0.5507215857505798,0.8031696677207947,-0.015586571767926216,0.5452418327331543,0.7408807873725891,-0.02498001605272293,0.5662413239479065,0.6963315010070801,-0.036521464586257935,0.5886061191558838,0.6679221987724304,-0.04736562818288803,0.5614984631538391,0.652412474155426,-0.012443717569112778,0.5530030727386475,0.5752511024475098,-0.02915247529745102,0.5474764108657837,0.5253015756607056,-0.03991901874542236,0.5449734926223755,0.4848913848400116,-0.04700811579823494,0.5922163128852844,0.6613324880599976,-0.020485490560531616,0.5997529625892639,0.5741028189659119,-0.03991280496120453,0.5997008085250854,0.516208291053772,-0.054621681571006775,0.60299152135849,0.47240540385246277,-0.06316641718149185,0.6164148449897766,0.6913145780563354,-0.030808281153440475,0.6267794370651245,0.6394802331924438,-0.05986902862787247,0.5985649228096008,0.6705885529518127,-0.0682753473520279,0.5804647207260132,0.7017853856086731,-0.06662176549434662,0.6302010416984558,0.731397271156311,-0.04189520701766014,0.622393012046814,0.6976931691169739,-0.06494094431400299,0.5964424014091492,0.7140379548072815,-0.06680981814861298,0.5791968107223511,0.7348896861076355,-0.06337197124958038
0.5842321515083313,0.8462146520614624,3.945298772123351e-07,0.5505614280700684,0.8041883111000061,-0.016437357291579247,0.5448708534240723,0.7421584725379944,-0.026438402011990547,0.5657946467399597,0.6966562867164612,-0.0384066179394722,0.5878884792327881,0.6672323346138,-0.04948864504694939,0.5611915588378906,0.6521055102348328,-0.013549277558922768,0.5529670119285583,0.5746301412582397,-0.03046688809990883,0.5477761626243591,0.5251712203025818,-0.041152067482471466,0.5454103350639343,0.4849603772163391,-0.04819890856742859,0.5918270349502563,0.6609964370727539,-0.02141576260328293,0.5990290641784668,0.5736276507377625,-0.04115285724401474,0.5990774631500244,0.5163974761962891,-0.055586788803339005,0.6023027300834656,0.47280609607696533,-0.06387867033481598,0.6161275506019592,0.6911560297012329,-0.03162889555096626,0.6260004639625549,0.639576256275177,-0.061219602823257446,0.5978761911392212,0.6721241474151611,-0.0692208930850029,0.5797145366668701,0.7036453485488892,-0.06714662909507751,0.6303160190582275,0.7316902875900269,-0.042672887444496155,0.6234941482543945,0.6974598169326782,-0.06625579297542572,0.5977771878242493,0.7146691083908081,-0.06799614429473877,0.5801478028297424,0.7358625531196594,-0.06434804201126099
0.5838958621025085,0.845848560333252,4.0051710925581574e-07,0.5503542423248291,0.8037513494491577,-0.016530130058526993,0.5442472100257874,0.7420178651809692,-0.026806717738509178,0.5655714869499207,0.6971243023872375,-0.03905463218688965,0.5888735055923462,0.6687359809875488,-0.050494108349084854,0.5608304142951965,0.6524342894554138,-0.014215243980288506,0.5526217818260193,0.5751765966415405,-0.03145201504230499,0.5476016998291016,0.5255484580993652,-0.04233507066965103,0.5455464124679565,0.48548293113708496,-0.04941441863775253,0.5915100574493408,0.6609658002853394,-0.022066941484808922,0.5988976955413818,0.5733960866928101,-0.0419166162610054,0.5990124344825745,0.5160115957260132,-0.05634291097521782,0.6021832823753357,0.4725348949432373,-0.06457190215587616,0.6158004403114319,0.6908004283905029,-0.03224010765552521,0.6263293623924255,0.6398060321807861,-0.06198524311184883,0.5984290242195129,0.6729450821876526,-0.07005946338176727,0.5801895260810852,0.7051889896392822,-0.06791814416646957,0.629966676235199,0.731001615524292,-0.04323715716600418,0.6231733560562134,0.6970562934875488,-0.06677258759737015,0.5977798700332642,0.7147287130355835,-0.06838703155517578,0.5803115963935852,0.7367787957191467,-0.06459444016218185
0.5838921666145325,0.8462820053100586,4.001884974513814e-07,0.55031818151474,0.8036618828773499,-0.016077786684036255,0.5441744923591614,0.7417320609092712,-0.026110051199793816,0.5655660033226013,0.6963177919387817,-0.03822431340813637,0.5896970629692078,0.6690346598625183,-0.04957275092601776,0.560530960559845,0.6529262065887451,-0.013495712541043758,0.5525704026222229,0.575965404510498,-0.03056439384818077,0.5477554202079773,0.5264513492584229,-0.041377730667591095,0.5456844568252563,0.48639315366744995,-0.048438943922519684,0.5912281274795532,0.6611791849136353,-0.021512232720851898,0.5989731550216675,0.573276162147522,-0.041105374693870544,0.5991359353065491,0.5159634947776794,-0.05537025257945061,0.6020426154136658,0.47286033630371094,-0.06348905712366104,0.6155078411102295,0.69078129529953,-0.03183858469128609,0.6263999342918396,0.6391484141349792,-0.061209216713905334,0.5986152291297913,0.6717275381088257,-0.06923483312129974,0.580188512802124,0.7037966847419739,-0.06710245460271835,0.629587709903717,0.7306718826293945,-0.04296368360519409,0.6233405470848083,0.6961971521377563,-0.06605139374732971,0.5980218052864075,0.7132724523544312,-0.06757805496454239,0.5802080035209656,0.7347984910011292,-0.06380689144134521
0.5843554139137268,0.8459563851356506,4.080555697782984e-07,0.5505927801132202,0.8033587336540222,-0.01669960282742977,0.5443089008331299,0.741897702217102,-0.02727585844695568,0.5657792687416077,0.6963679790496826,-0.039777107536792755,0.5903266668319702,0.6692111492156982,-0.05147739499807358,0.5603049993515015,0.6524643898010254,-0.01454642042517662,0.5525094270706177,0.5752338171005249,-0.03187284618616104,0.5478203296661377,0.5256211161613464,-0.042912304401397705,0.5459257960319519,0.4855494201183319,-0.05019576847553253,0.5910330414772034,0.6609781980514526,-0.02236231416463852,0.5992531776428223,0.573535680770874,-0.04220465570688248,0.5992423892021179,0.5161020755767822,-0.05668402835726738,0.6019574999809265,0.4730178117752075,-0.06504961848258972,0.6152909398078918,0.6908742785453796,-0.032484833151102066,0.6265583038330078,0.6389769315719604,-0.06183787062764168,0.5980579257011414,0.67075115442276,-0.07004263997077942,0.5791112780570984,0.702358067035675,-0.06818664073944092,0.6291857361793518,0.7310302257537842,-0.04346047341823578,0.622254490852356,0.6976797580718994,-0.06670133024454117,0.5967766046524048,0.7137073874473572,-0.06858937442302704,0.5790286064147949,0.7342070937156677,-0.06512001156806946
0.5836930871009827,0.845521092414856,4.142937939377589e-07,0.5504751205444336,0.8037933111190796,-0.01705571450293064,0.5438274145126343,0.7432989478111267,-0.028069037944078445,0.5647523999214172,0.6984717845916748,-0.04088428616523743,0.5887899994850159,0.6702662110328674,-0.0528913177549839,0.5602747201919556,0.6520631313323975,-0.015394141897559166,0.5531773567199707,0.5739399790763855,-0.03283073008060455,0.5485614538192749,0.5243038535118103,-0.044156674295663834,0.5467937588691711,0.4843372702598572,-0.051705457270145416,0.5911467671394348,0.6610430479049683,-0.02312871254980564,0.5996567606925964,0.5744991898536682,-0.04309792444109917,0.5999174118041992,0.5166383981704712,-0.05800521373748779,0.6029846668243408,0.4725759029388428,-0.06689701974391937,0.6154153347015381,0.6912381052970886,-0.03312274441123009,0.6269571185112,0.639202356338501,-0.06261929869651794,0.5984006524085999,0.6715236902236938,-0.07090345770120621,0.5793917179107666,0.7031406760215759,-0.06931693851947784,0.6293438673019409,0.7316302061080933,-0.04397568106651306,0.6214040517807007,0.698405385017395,-0.06783357262611389,0.5957198739051819,0.7157258987426758,-0.06980306655168533,0.5782234072685242,0.7370273470878601,-0.06639375537633896
0.583859384059906,0.848052978515625,4.1751496837605373e-07,0.5501665472984314,0.8051428198814392,-0.016972120851278305,0.5435969233512878,0.7432738542556763,-0.027708755806088448,0.5643705129623413,0.6974227428436279,-0.04041571915149689,0.5892008543014526,0.6694515943527222,-0.052265532314777374,0.5607182383537292,0.6529675722122192,-0.013891450129449368,0.5530136823654175,0.5750266909599304,-0.03144775703549385,0.54824298620224,0.5249193906784058,-0.04294361546635628,0.546286940574646,0.4847989082336426,-0.05059955269098282,0.5913029313087463,0.6619850993156433,-0.021727843210101128,0.6000452637672424,0.5752465724945068,-0.04210107401013374,0.6001802682876587,0.5173994302749634,-0.057273898273706436,0.6031343936920166,0.4739919900894165,-0.0661245584487915,0.6154016852378845,0.6922903656959534,-0.031953636556863785,0.6270422339439392,0.6394844055175781,-0.062014080584049225,0.598055362701416,0.6721381545066833,-0.07035589218139648,0.5787673592567444,0.704462468624115,-0.06847792118787766,0.6292550563812256,0.732982337474823,-0.043039146810770035,0.621609091758728,0.6989080905914307,-0.06723830103874207,0.595580518245697,0.7166094779968262,-0.06918022036552429,0.5776194930076599,0.7386650443077087,-0.06553011387586594
0.5837476253509521,0.8473130464553833,4.1567537323317083e-07,0.5499781370162964,0.8060904741287231,-0.017488788813352585,0.543624758720398,0.744419515132904,-0.028645453974604607,0.5648250579833984,0.6989656090736389,-0.04153836891055107,0.5884268879890442,0.6698739528656006,-0.05353266000747681,0.560231626033783,0.6529322862625122,-0.015666082501411438,0.553314745426178,0.574972927570343,-0.0332791805267334,0.5487281084060669,0.5252944231033325,-0.044775743037462234,0.5468976497650146,0.48507022857666016,-0.05254090204834938,0.591049313545227,0.6620567440986633,-0.02316794916987419,0.5998370051383972,0.5753383636474609,-0.043436530977487564,0.6000352501869202,0.5178204774856567,-0.05845430865883827,0.6031919717788696,0.4737536311149597,-0.0674297958612442,0.6153121590614319,0.6921692490577698,-0.03295803815126419,0.626285195350647,0.6394380927085876,-0.06233983486890793,0.5969758033752441,0.6725635528564453,-0.06989607214927673,0.5774440765380859,0.7044274806976318,-0.06784718483686447,0.6295159459114075,0.7325541377067566,-0.04372100532054901,0.6218427419662476,0.6980425119400024,-0.06736265867948532,0.5961001515388489,0.7156486511230469,-0.06888483464717865,0.5784404873847961,0.7371231317520142,-0.06514999270439148
0.5839604735374451,0.8472688794136047,4.0547737967244757e-07,0.550247073173523,0.806243896484375,-0.01654917187988758,0.5439971089363098,0.7426843643188477,-0.026642896234989166,0.5658033490180969,0.6956969499588013,-0.03848743438720703,0.5912227034568787,0.6680949330329895,-0.04957134276628494,0.5606307983398438,0.6535547971725464,-0.014607870019972324,0.5537556409835815,0.5752964615821838,-0.03118686005473137,0.5493330359458923,0.5256093740463257,-0.0418209582567215,0.5475795865058899,0.4855392277240753,-0.04903405159711838,0.5915877819061279,0.662884533405304,-0.02210599184036255,0.6004881858825684,0.575745165348053,-0.041434962302446365,0.6007072329521179,0.5183060765266418,-0.055743131786584854,0.6036037802696228,0.47464126348495483,-0.06421850621700287,0.6158672571182251,0.6926805377006531,-0.0317692756652832,0.627446174621582,0.6404125094413757,-0.06070436164736748,0.5981053709983826,0.6727954149246216,-0.06853102147579193,0.5782837271690369,0.704291045665741,-0.06669003516435623,0.6298271417617798,0.7322153449058533,-0.04225538671016693,0.6215261816978455,0.6992042064666748,-0.06583467870950699,0.5957092046737671,0.7173768281936646,-0.06769858300685883,0.5780420303344727,0.7391868233680725,-0.06425423920154572
0.5855529308319092,0.8448560237884521,4.0146966284737573e-07,0.5518035292625427,0.8038135170936584,-0.01736758090555668,0.5451972484588623,0.7439406514167786,-0.028258148580789566,0.5646561980247498,0.6989367008209229,-0.040716446936130524,0.586754322052002,0.6699603199958801,-0.05234946310520172,0.5619645118713379,0.6522771716117859,-0.015377986244857311,0.5547547936439514,0.5753753185272217,-0.03233011066913605,0.5500583648681641,0.5261139869689941,-0.043340422213077545,0.5481269359588623,0.4861299395561218,-0.050715528428554535,0.592552661895752,0.6613471508026123,-0.022587837651371956,0.600994348526001,0.5753708481788635,-0.04208178073167801,0.6010915040969849,0.5187927484512329,-0.05650632083415985,0.6037884950637817,0.47563835978507996,-0.06504780799150467,0.6167462468147278,0.6909879446029663,-0.032080039381980896,0.6282994151115417,0.6400221586227417,-0.061073992401361465,0.5987577438354492,0.6710993647575378,-0.06941995024681091,0.5782138109207153,0.701559841632843,-0.06804506480693817,0.6309067010879517,0.7306707501411438,-0.042449839413166046,0.6225054860115051,0.6980413794517517,-0.06600817292928696,0.5970051288604736,0.715307891368866,-0.06816474348306656,0.5792028307914734,0.7362582683563232,-0.06498272716999054
0.5857130885124207,0.845548689365387,3.981868132996169e-07,0.5521726012229919,0.8027890920639038,-0.01562674529850483,0.5464980602264404,0.7423161268234253,-0.025744391605257988,0.5673151016235352,0.6983053684234619,-0.03777916729450226,0.5890499353408813,0.6705586910247803,-0.04912000522017479,0.5630184412002563,0.6525503396987915,-0.014418727718293667,0.5557116270065308,0.5750426650047302,-0.03098589926958084,0.5508649349212646,0.5256456732749939,-0.04178468510508537,0.5487380027770996,0.48574233055114746,-0.048972468823194504,0.5934898853302002,0.6614516973495483,-0.022318542003631592,0.6020484566688538,0.575908362865448,-0.04120131954550743,0.6023154854774475,0.5189932584762573,-0.055330660194158554,0.605442464351654,0.47590768337249756,-0.06375445425510406,0.617810070514679,0.691179633140564,-0.032296326011419296,0.6293481588363647,0.6399003863334656,-0.06028543412685394,0.6002969741821289,0.6711517572402954,-0.0680476650595665,0.5809324383735657,0.7022807598114014,-0.06645957380533218,0.6321280598640442,0.7313123345375061,-0.04306764155626297,0.6247314810752869,0.6976012587547302,-0.06575615704059601,0.5983877778053284,0.7145100235939026,-0.06728243082761765,0.5801078081130981,0.7357476353645325,-0.06375882774591446
0.585957407951355,0.8482866287231445,3.929879710540263e-07,0.5525797605514526,0.8049485683441162,-0.015102816745638847,0.5475342869758606,0.7430847883224487,-0.024529164656996727,0.5670758485794067,0.6968476176261902,-0.03608458489179611,0.587516725063324,0.6676841378211975,-0.0469859279692173,0.5640615224838257,0.6531490087509155,-0.012849158607423306,0.5563005208969116,0.5756381154060364,-0.029347462579607964,0.5513482689857483,0.526113748550415,-0.04014918953180313,0.5492651462554932,0.48624491691589355,-0.04729210585355759,0.594027578830719,0.6623028516769409,-0.021139590069651604,0.6026934385299683,0.5753171443939209,-0.04033791273832321,0.6027294993400574,0.5179435610771179,-0.05478622391819954,0.6060702800750732,0.474620521068573,-0.06325502693653107,0.61822909116745,0.692577064037323,-0.03157595545053482,0.6302299499511719,0.640588104724884,-0.06030706316232681,0.5997767448425293,0.6716030240058899,-0.06857919692993164,0.5796034932136536,0.702877402305603,-0.06707891821861267,0.6323725581169128,0.733633279800415,-0.042711302638053894,0.6258918046951294,0.6981241703033447,-0.06599888205528259,0.5988157391548157,0.7151607871055603,-0.0677114799618721,0.5800080299377441,0.7371777892112732,-0.06415634602308273
0.587208092212677,0.8471764922142029,3.931408514290524e-07,0.554107666015625,0.8045861124992371,-0.015875712037086487,0.5496814846992493,0.741115927696228,-0.025203559547662735,0.5725312829017639,0.6961921453475952,-0.03632723540067673,0.5963550806045532,0.667540431022644,-0.04672017693519592,0.5645093321800232,0.6521686911582947,-0.012642130255699158,0.5577479004859924,0.575179934501648,-0.028504906222224236,0.5530813336372375,0.5256315469741821,-0.038777220994234085,0.5507521033287048,0.485861599445343,-0.045694418251514435,0.5952633619308472,0.6616939306259155,-0.020068559795618057,0.6043296456336975,0.5759799480438232,-0.0386437252163887,0.6046136021614075,0.5188113451004028,-0.0528603121638298,0.6072680950164795,0.4753600060939789,-0.06126375123858452,0.6193361878395081,0.6913549304008484,-0.029671471565961838,0.6322129964828491,0.6413840055465698,-0.05760365352034569,0.6030876040458679,0.6728885173797607,-0.06541119515895844,0.5828494429588318,0.7028189897537231,-0.06375569850206375,0.6334120631217957,0.7305915951728821,-0.04006785526871681,0.6256902813911438,0.6999067664146423,-0.06249117851257324,0.6006959080696106,0.717896580696106,-0.06400362402200699,0.5834627747535706,0.7381405830383301,-0.0604756735265255
0.588799774646759,0.8470793962478638,3.961883692227275e-07,0.5554395318031311,0.8047978281974792,-0.015949536114931107,0.5506746172904968,0.7408998608589172,-0.025140656158328056,0.5731592178344727,0.6939184665679932,-0.03620510175824165,0.5973626375198364,0.6650927066802979,-0.04651419073343277,0.5651313066482544,0.6540630459785461,-0.012544728815555573,0.5578073859214783,0.5764093399047852,-0.028331376612186432,0.5528430938720703,0.5264036655426025,-0.03838830441236496,0.5502965450286865,0.4862426221370697,-0.04514201357960701,0.595565915107727,0.6631919145584106,-0.019917601719498634,0.6044094562530518,0.5767210125923157,-0.03853054344654083,0.6046568155288696,0.5194456577301025,-0.05254804715514183,0.6076962351799011,0.47602179646492004,-0.06074243038892746,0.6196843385696411,0.6922893524169922,-0.029487842693924904,0.631101131439209,0.6420703530311584,-0.057442277669906616,0.6021571755409241,0.6741910576820374,-0.06488674879074097,0.5833712816238403,0.7050513625144958,-0.06287726759910583,0.6337104439735413,0.7307571768760681,-0.03991353139281273,0.6249444484710693,0.6989821791648865,-0.062209196388721466,0.5996479392051697,0.7174930572509766,-0.0635496973991394,0.5831485986709595,0.7390218377113342,-0.05988038331270218
0.5890825390815735,0.844944179058075,4.0923029587247584e-07,0.555396556854248,0.8030180931091309,-0.01566598005592823,0.5505015850067139,0.7405325174331665,-0.02510099858045578,0.5730534791946411,0.6956228613853455,-0.036422859877347946,0.5982401967048645,0.6694846749305725,-0.04704577848315239,0.5655106902122498,0.6515399813652039,-0.01295230258256197,0.5587019324302673,0.5745770931243896,-0.02854536846280098,0.553866982460022,0.52518230676651,-0.03859422355890274,0.5514000654220581,0.4854592978954315,-0.04538978636264801,0.5962146520614624,0.6612221002578735,-0.02054036408662796,0.6050903797149658,0.5757753252983093,-0.03884470462799072,0.6052133440971375,0.5189725160598755,-0.05278441309928894,0.6080546975135803,0.47556963562965393,-0.06098252162337303,0.6203966736793518,0.6908819675445557,-0.030220266431570053,0.6318356990814209,0.6414212584495544,-0.05776551738381386,0.6031892895698547,0.6738582849502563,-0.0652574971318245,0.5842947363853455,0.7048343420028687,-0.06333276629447937,0.6342710852622986,0.7296740412712097,-0.04073469340801239,0.6248205304145813,0.6995760798454285,-0.06272623687982559,0.5999831557273865,0.7171027064323425,-0.06413549929857254,0.5838614106178284,0.7375196218490601,-0.0605216883122921
0.5885205864906311,0.8439322710037231,4.075237711731461e-07,0.55552738904953,0.8028256297111511,-0.01625458523631096,0.550900399684906,0.7401362061500549,-0.02581603266298771,0.5737993121147156,0.6949434280395508,-0.03711600974202156,0.5989736318588257,0.6679136157035828,-0.0476607084274292,0.5655034780502319,0.6514267921447754,-0.013293278403580189,0.5587647557258606,0.5743259787559509,-0.029015682637691498,0.5538543462753296,0.5247860550880432,-0.03892981633543968,0.5512858033180237,0.48542407155036926,-0.0455315001308918,0.5963272452354431,0.661024272441864,-0.02058323286473751,0.6050207018852234,0.5752009153366089,-0.03913481906056404,0.6051046848297119,0.518211305141449,-0.05307070538401604,0.6079267263412476,0.4755100905895233,-0.06113286688923836,0.620607316493988,0.6908615827560425,-0.030073462054133415,0.6317709684371948,0.6413962244987488,-0.058223214000463486,0.6037105321884155,0.673114001750946,-0.06625878810882568,0.5854440331459045,0.703533411026001,-0.06457824259996414,0.6346896290779114,0.7298398613929749,-0.04034885764122009,0.6254357695579529,0.6993647217750549,-0.0629301518201828,0.6000375747680664,0.717323362827301,-0.06472193449735641,0.5834318399429321,0.7379395961761475,-0.06132342666387558
0.5873026251792908,0.8424862623214722,3.9488185166192125e-07,0.554563045501709,0.8009808659553528,-0.01591353490948677,0.5496162176132202,0.7397947907447815,-0.02554151974618435,0.5725130438804626,0.6966926455497742,-0.03695056214928627,0.5964841246604919,0.6699573993682861,-0.04767969250679016,0.5657692551612854,0.6507929563522339,-0.01328783854842186,0.558514416217804,0.5744658708572388,-0.028882738202810287,0.553173840045929,0.525292158126831,-0.038566697388887405,0.5505198240280151,0.4858330488204956,-0.0449477843940258,0.5964059829711914,0.6600300669670105,-0.020713310688734055,0.6037680506706238,0.5742908716201782,-0.03891586884856224,0.604162871837616,0.5179375410079956,-0.05236533656716347,0.6073738932609558,0.475972443819046,-0.06002836674451828,0.6207770109176636,0.6897992491722107,-0.030335253104567528,0.6310047507286072,0.6409396529197693,-0.058420855551958084,0.6036783456802368,0.6731895804405212,-0.0663609653711319,0.586001455783844,0.7043942213058472,-0.06457141786813736,0.635101854801178,0.728908121585846,-0.04069222882390022,0.6249911189079285,0.6986762881278992,-0.06310298293828964,0.5995892882347107,0.7167800664901733,-0.06478776037693024,0.5831663012504578,0.7373235821723938,-0.06134574115276337
0.5873433351516724,0.8425613641738892,3.998978570507461e-07,0.5547881126403809,0.8017297983169556,-0.017065903171896935,0.549712061882019,0.7414354681968689,-0.02707875706255436,0.5721899271011353,0.6977595090866089,-0.03869078308343887,0.5945383906364441,0.6699378490447998,-0.0495028980076313,0.5649359822273254,0.6503729820251465,-0.014266761019825935,0.5574434995651245,0.5743014812469482,-0.030593661591410637,0.5524154901504517,0.5244976878166199,-0.0411195307970047,0.5500946044921875,0.4846923351287842,-0.04815221577882767,0.595866322517395,0.6599340438842773,-0.021373620256781578,0.6038617491722107,0.5748756527900696,-0.04030457139015198,0.6045613884925842,0.5179926156997681,-0.05444718524813652,0.6081852316856384,0.47557806968688965,-0.06272082030773163,0.6204314827919006,0.6902319192886353,-0.030793393030762672,0.6318497061729431,0.640983521938324,-0.05933263525366783,0.6038960814476013,0.6721429824829102,-0.06729452311992645,0.5856767892837524,0.7029089331626892,-0.06560532003641129,0.6347342133522034,0.7304279208183289,-0.041096560657024384,0.6266291737556458,0.6988178491592407,-0.06419634819030762,0.6010950803756714,0.7164061069488525,-0.06602883338928223,0.5842756628990173,0.7372937798500061,-0.06261847168207169
0.5881727933883667,0.8425670862197876,3.9990453615246224e-07,0.5549269318580627,0.8015041351318359,-0.016949860379099846,0.5497657060623169,0.7404090762138367,-0.026844613254070282,0.5729988813400269,0.6962047219276428,-0.03834405168890953,0.596900999546051,0.66835618019104,-0.049122173339128494,0.5653930306434631,0.651005208492279,-0.013809693977236748,0.5581371784210205,0.574733316898346,-0.02984660491347313,0.5528102517127991,0.5249967575073242,-0.03999258577823639,0.550166666507721,0.4851610064506531,-0.04670524224638939,0.5962283611297607,0.6602442860603333,-0.020846731960773468,0.6040568947792053,0.5749281644821167,-0.03936842083930969,0.604453444480896,0.5183433294296265,-0.05306049436330795,0.6078015565872192,0.4761087894439697,-0.060930635780096054,0.6207358241081238,0.6901376247406006,-0.030224192887544632,0.6317278146743774,0.6411209106445312,-0.05865431949496269,0.6040277481079102,0.6730391383171082,-0.06664848327636719,0.5863056778907776,0.7040789127349854,-0.06486550718545914,0.6350276470184326,0.7296589016914368,-0.040441203862428665,0.6258940696716309,0.699127197265625,-0.0633617639541626,0.60074782371521,0.7177923917770386,-0.06518809497356415,0.5846865773200989,0.7390390038490295,-0.06172884628176689
0.58869469165802,0.844150960445404,4.0313707927452924e-07,0.5551072955131531,0.8026975393295288,-0.01628110744059086,0.5504657626152039,0.7402462959289551,-0.025786641985177994,0.5737478137016296,0.6960155963897705,-0.03705544024705887,0.5972483158111572,0.6683216691017151,-0.04762822389602661,0.5653175711631775,0.6513310074806213,-0.013229023665189743,0.5584647059440613,0.5750858187675476,-0.029195837676525116,0.553206205368042,0.5254349708557129,-0.03931925445795059,0.5504887700080872,0.48582738637924194,-0.046043332666158676,0.5961412191390991,0.6606685519218445,-0.020585322752594948,0.6043680310249329,0.5751617550849915,-0.039248064160346985,0.6046064496040344,0.5183848738670349,-0.05317458510398865,0.6077902317047119,0.4759899973869324,-0.061182960867881775,0.6207009553909302,0.6906104683876038,-0.030196042731404305,0.6314167976379395,0.6416373252868652,-0.0586516410112381,0.6033066511154175,0.6742651462554932,-0.06646126508712769,0.5853932499885559,0.7056547999382019,-0.06450245529413223,0.6348493695259094,0.7302879691123962,-0.040609490126371384,0.6255450248718262,0.6991188526153564,-0.0635494515299797,0.6004742383956909,0.7176921367645264,-0.06520060449838638,0.5845913887023926,0.738823413848877,-0.06156251206994057
0.5883200764656067,0.8438954949378967,4.1044575027626706e-07,0.5548369884490967,0.8021618127822876,-0.0166181493550539,0.550470769405365,0.7400879859924316,-0.02637394331395626,0.574059009552002,0.6963119506835938,-0.037885479629039764,0.5979912877082825,0.6685628890991211,-0.048624198883771896,0.5655212998390198,0.6513733267784119,-0.013175830245018005,0.5586211085319519,0.5749289989471436,-0.029209747910499573,0.5535125732421875,0.5252863168716431,-0.0393613763153553,0.5509384274482727,0.48576033115386963,-0.04605939984321594,0.5964692831039429,0.6607159972190857,-0.020436063408851624,0.604870080947876,0.5753040909767151,-0.039124082773923874,0.6050165891647339,0.5184648036956787,-0.05307121202349663,0.6081205010414124,0.475953608751297,-0.061074692755937576,0.6207818984985352,0.6905864477157593,-0.03002442978322506,0.6316381692886353,0.6416917443275452,-0.05859963968396187,0.6037456393241882,0.6743557453155518,-0.06650606542825699,0.5859760642051697,0.7056310176849365,-0.06454649567604065,0.6347934007644653,0.7298988103866577,-0.04045070707798004,0.6259968280792236,0.6986321210861206,-0.06339970231056213,0.6012056469917297,0.7174184918403625,-0.06501126289367676,0.5854038000106812,0.739010214805603,-0.06131857633590698
0.5872032642364502,0.8461325764656067,3.876700134242128e-07,0.5542160272598267,0.8056517243385315,-0.015651142224669456,0.5486248731613159,0.7428163290023804,-0.024666588753461838,0.5717423558235168,0.697816789150238,-0.035472266376018524,0.5959702730178833,0.670985221862793,-0.04560475051403046,0.5646716952323914,0.6532339453697205,-0.012865038588643074,0.557702898979187,0.5757185220718384,-0.028113191947340965,0.5525931119918823,0.525795578956604,-0.03770465776324272,0.5503528118133545,0.48599058389663696,-0.04407249391078949,0.5958630442619324,0.6619932055473328,-0.020078038796782494,0.6038261651992798,0.5762307643890381,-0.03796371817588806,0.6042194366455078,0.5189278721809387,-0.05160852521657944,0.6074903011322021,0.47615712881088257,-0.059523098170757294,0.620750904083252,0.6910907030105591,-0.029406152665615082,0.6311538219451904,0.64162677526474,-0.05685413256287575,0.6036365032196045,0.673656165599823,-0.06482254713773727,0.5856817960739136,0.7054972648620605,-0.06322993338108063,0.6353356838226318,0.7294104695320129,-0.039504438638687134,0.6239221096038818,0.699858546257019,-0.061646439135074615,0.5981326699256897,0.717285692691803,-0.06361380964517593,0.5816222429275513,0.7378339767456055,-0.060412127524614334
0.586800754070282,0.8442361354827881,4.000092985734227e-07,0.5534334182739258,0.8037181496620178,-0.01674535684287548,0.5483834147453308,0.7424249053001404,-0.026509515941143036,0.5718648433685303,0.6988751888275146,-0.0379168838262558,0.5967069864273071,0.6719818115234375,-0.04850034415721893,0.564428448677063,0.6525650024414062,-0.013559391722083092,0.5567840337753296,0.5752087235450745,-0.029406001791357994,0.551716148853302,0.5253039002418518,-0.03923416510224342,0.5494090914726257,0.4855903387069702,-0.04564153030514717,0.5953930020332336,0.6613738536834717,-0.020581305027008057,0.6035323739051819,0.5756508708000183,-0.03914154693484306,0.6039830446243286,0.5182172656059265,-0.05298770219087601,0.6071757674217224,0.4752309322357178,-0.060889095067977905,0.6195833683013916,0.6907910108566284,-0.029918964952230453,0.6309295296669006,0.6429119110107422,-0.05827701836824417,0.6043157577514648,0.6744776368141174,-0.06663922965526581,0.5871042609214783,0.7051048278808594,-0.06504754722118378,0.6337007284164429,0.72935551404953,-0.0400751493871212,0.62409508228302,0.700236439704895,-0.06259646266698837,0.598889946937561,0.7179157733917236,-0.0646575391292572,0.5825392603874207,0.7381947636604309,-0.06146196648478508
0.5871422290802002,0.8465660810470581,4.0104180243361043e-07,0.5535402894020081,0.8055553436279297,-0.015797248110175133,0.5486014485359192,0.7416884303092957,-0.024892572313547134,0.5723130702972412,0.697327196598053,-0.03587174043059349,0.5972127318382263,0.6710253953933716,-0.046160828322172165,0.564060628414154,0.6530246734619141,-0.012405456975102425,0.5572665333747864,0.5763747096061707,-0.028008505702018738,0.5521642565727234,0.5264315009117126,-0.03777705878019333,0.5495585203170776,0.4867411255836487,-0.04420129209756851,0.5949095487594604,0.661840558052063,-0.019812732934951782,0.6034417152404785,0.5758807063102722,-0.038002219051122665,0.6038041710853577,0.5189987421035767,-0.05158168449997902,0.6071663498878479,0.4765382409095764,-0.05922900512814522,0.6193668246269226,0.6914000511169434,-0.029437029734253883,0.6301392316818237,0.6431981921195984,-0.05731798708438873,0.6019496321678162,0.6755091547966003,-0.06506602466106415,0.5838625431060791,0.7067508697509766,-0.06298742443323135,0.6334475874900818,0.7306514382362366,-0.039868853986263275,0.6242937445640564,0.7011882066726685,-0.06219114363193512,0.5994141697883606,0.7190119028091431,-0.0638248398900032,0.5835251212120056,0.7396824955940247,-0.06015083193778992
0.58771812915802,0.8456032276153564,4.1137388961942634e-07,0.553726077079773,0.8038026094436646,-0.01690383441746235,0.5483251810073853,0.7410118579864502,-0.0265454463660717,0.5714497566223145,0.696150541305542,-0.0378512479364872,0.5964312553405762,0.6686108112335205,-0.0483333095908165,0.5641615390777588,0.6526018381118774,-0.013043544255197048,0.5570342540740967,0.5755501985549927,-0.029014764353632927,0.5520084500312805,0.5256916880607605,-0.039091017097234726,0.5496745705604553,0.48595499992370605,-0.045739490538835526,0.595150351524353,0.6618642807006836,-0.01998717710375786,0.6035550832748413,0.5762949585914612,-0.038826946169137955,0.6039135456085205,0.5189181566238403,-0.05288875475525856,0.6070868372917175,0.47552239894866943,-0.060902804136276245,0.6194467544555664,0.6913865208625793,-0.029281044378876686,0.6305888891220093,0.6435096263885498,-0.058027345687150955,0.6019916534423828,0.6760370135307312,-0.0662335678935051,0.5830644369125366,0.7070420980453491,-0.06438170373439789,0.633591890335083,0.7300633192062378,-0.039429672062397,0.6235650181770325,0.7013409733772278,-0.06256309896707535,0.5983399152755737,0.7198344469070435,-0.06462013721466064,0.5818749070167542,0.7404913306236267,-0.06119108200073242
0.5871179699897766,0.8464704751968384,4.019009622879821e-07,0.5531001091003418,0.8043503165245056,-0.0159289687871933,0.5479246377944946,0.7407987713813782,-0.02529446966946125,0.5713960528373718,0.6965215802192688,-0.03646649420261383,0.5961021184921265,0.6694890260696411,-0.04700109362602234,0.5640913844108582,0.6535388827323914,-0.013257046230137348,0.5570906400680542,0.5766370892524719,-0.029129402711987495,0.5518167018890381,0.5267390012741089,-0.03923734277486801,0.5492650270462036,0.48679840564727783,-0.046013642102479935,0.595168948173523,0.6627811789512634,-0.020727796480059624,0.6034049987792969,0.5772141218185425,-0.03933720290660858,0.6033028960227966,0.5201873779296875,-0.05341712012887001,0.6061839461326599,0.4772369861602783,-0.06157337501645088,0.6196461319923401,0.6925445199012756,-0.03035791963338852,0.6303221583366394,0.643375039100647,-0.0587042011320591,0.6015203595161438,0.6757217645645142,-0.06678422540426254,0.5826480388641357,0.706890344619751,-0.06504816561937332,0.6336997747421265,0.7317667007446289,-0.040751419961452484,0.6229537129402161,0.7022139430046082,-0.06372661888599396,0.5974101424217224,0.7201849818229675,-0.0656941756606102,0.5809044241905212,0.7407112717628479,-0.06228217855095863
0.586814284324646,0.8466838598251343,4.0548792412664625e-07,0.5529657006263733,0.8048771023750305,-0.016377674415707588,0.5468757748603821,0.7422587275505066,-0.026086127385497093,0.5698437690734863,0.6980106830596924,-0.037708111107349396,0.5949827432632446,0.6712452173233032,-0.048586949706077576,0.5641829967498779,0.654326319694519,-0.013113906607031822,0.5561063289642334,0.5770860314369202,-0.02957938052713871,0.5504619479179382,0.5271893739700317,-0.04005523771047592,0.547550618648529,0.4870510697364807,-0.04699893668293953,0.5946601629257202,0.6631752848625183,-0.02069658786058426,0.6028570532798767,0.5771067142486572,-0.04003309831023216,0.6032621264457703,0.519615650177002,-0.05442003533244133,0.606541633605957,0.4760299623012543,-0.06266839057207108,0.6185691356658936,0.6928205490112305,-0.030627818778157234,0.6294620633125305,0.6440636515617371,-0.060015302151441574,0.6014780402183533,0.676438570022583,-0.06857772916555405,0.5832791924476624,0.7077177166938782,-0.0668877512216568,0.6323966383934021,0.7321219444274902,-0.04135694354772568,0.6238417625427246,0.7013292908668518,-0.06495583802461624,0.5982165336608887,0.7193998098373413,-0.06713373959064484,0.5812551379203796,0.7406954169273376,-0.06380732357501984
0.5858426690101624,0.8479986190795898,4.0256657030113274e-07,0.5513599514961243,0.804431140422821,-0.015499434433877468,0.5466434359550476,0.7411701679229736,-0.02487323246896267,0.5708632469177246,0.6981602311134338,-0.03630070760846138,0.5956360697746277,0.6718143224716187,-0.04722990468144417,0.5638619661331177,0.6534676551818848,-0.012544604949653149,0.556327760219574,0.5769423246383667,-0.028985140845179558,0.5511585474014282,0.5272320508956909,-0.03979611024260521,0.5485985279083252,0.4872707724571228,-0.04707609862089157,0.5943623781204224,0.6627980470657349,-0.02054976485669613,0.603319525718689,0.5774051547050476,-0.03955521807074547,0.603570818901062,0.5201953649520874,-0.05405183136463165,0.6066735982894897,0.47709527611732483,-0.06260218471288681,0.6184031963348389,0.6932260990142822,-0.03080579824745655,0.6306262016296387,0.6432747840881348,-0.059573832899332047,0.6016794443130493,0.674583375453949,-0.06803131848573685,0.582396924495697,0.7052775025367737,-0.06661712378263474,0.6321945786476135,0.7340328097343445,-0.04178912192583084,0.6250430941581726,0.702077329158783,-0.0651041641831398,0.5993639230728149,0.7202048301696777,-0.06692817807197571,0.5819220542907715,0.7416118383407593,-0.06346728652715683
0.5853322148323059,0.8441110253334045,3.9200395463012683e-07,0.5518986582756042,0.8029068112373352,-0.015711413696408272,0.5467863082885742,0.7423008680343628,-0.02525063417851925,0.5685840845108032,0.6996740102767944,-0.03665287047624588,0.5911964178085327,0.672671377658844,-0.04745024815201759,0.5636982917785645,0.6526858806610107,-0.013858121819794178,0.555997371673584,0.5758853554725647,-0.03011755272746086,0.5511865019798279,0.5266129374504089,-0.040217503905296326,0.549157440662384,0.4870108962059021,-0.046810369938611984,0.5944036245346069,0.6615679860115051,-0.02156081423163414,0.6024512052536011,0.5750865340232849,-0.04038144275546074,0.602820634841919,0.5182868242263794,-0.05419663339853287,0.6058743596076965,0.4759909510612488,-0.06207209825515747,0.6186121106147766,0.6915283799171448,-0.031422436237335205,0.6301648616790771,0.6420024633407593,-0.059946440160274506,0.602120041847229,0.6734098196029663,-0.0683063268661499,0.5833601355552673,0.7040819525718689,-0.06677492707967758,0.6328332424163818,0.7312365770339966,-0.041981812566518784,0.6238945126533508,0.7011123299598694,-0.06484168767929077,0.5981826186180115,0.7180823087692261,-0.06694019585847855,0.5808983445167542,0.73768550157547,-0.06374379992485046
0.5852752923965454,0.843822717666626,3.8812297020740516e-07,0.55259770154953,0.8017941117286682,-0.015054341405630112,0.5479668974876404,0.7401474714279175,-0.02408137358725071,0.5702174305915833,0.696457028388977,-0.03499925881624222,0.5925053954124451,0.6691125631332397,-0.04531949758529663,0.5629984736442566,0.6521924734115601,-0.013233650475740433,0.5557060837745667,0.5755630731582642,-0.02900952659547329,0.5505523085594177,0.525877058506012,-0.03878183662891388,0.5481981635093689,0.4860824942588806,-0.04516857489943504,0.5940020680427551,0.661182701587677,-0.020875362679362297,0.6024777889251709,0.5748401284217834,-0.03934302181005478,0.6032524704933167,0.5179364681243896,-0.05294162407517433,0.6067399978637695,0.47583627700805664,-0.06064038351178169,0.6188210844993591,0.6908500790596008,-0.030558733269572258,0.6293044686317444,0.6416183114051819,-0.058584243059158325,0.6013907790184021,0.6729915738105774,-0.0664345994591713,0.5831097364425659,0.7039432525634766,-0.06456654518842697,0.6334339380264282,0.7301551103591919,-0.0408918559551239,0.6235287189483643,0.6992925405502319,-0.06316154450178146,0.5979147553443909,0.7158241271972656,-0.0647582933306694,0.5811191201210022,0.7353231310844421,-0.06120704486966133
0.5857531428337097,0.8431154489517212,3.9078079794307996e-07,0.5530190467834473,0.8014518618583679,-0.015004108659923077,0.5481566190719604,0.7394312024116516,-0.0238322950899601,0.5705771446228027,0.6960783004760742,-0.03460003063082695,0.5940645337104797,0.6697250008583069,-0.044769227504730225,0.5633221864700317,0.6516523957252502,-0.012400301173329353,0.5557447075843811,0.5753288269042969,-0.02776876650750637,0.5505028963088989,0.5257917046546936,-0.03729613497853279,0.5480212569236755,0.4861157536506653,-0.043502505868673325,0.5942046642303467,0.6605863571166992,-0.01997772417962551,0.602495014667511,0.5743643045425415,-0.038001589477062225,0.6032848954200745,0.5174958109855652,-0.05145956948399544,0.6068563461303711,0.47531694173812866,-0.059062037616968155,0.6188570261001587,0.6900333762168884,-0.02965373732149601,0.6294422745704651,0.6415567398071289,-0.05728921666741371,0.6021787524223328,0.6730205416679382,-0.0651877224445343,0.5844308733940125,0.7040112614631653,-0.06334748864173889,0.6333410739898682,0.7286835312843323,-0.04000511392951012,0.6234728097915649,0.6980622410774231,-0.06177800893783569,0.5983923673629761,0.7144622802734375,-0.06330776959657669,0.582070529460907,0.7339810132980347,-0.05979476124048233
0.5852210521697998,0.8420116901397705,3.907576342498942e-07,0.5524261593818665,0.8001315593719482,-0.015112236142158508,0.547661304473877,0.7385321855545044,-0.02406292036175728,0.5710758566856384,0.6955016851425171,-0.03484208881855011,0.5945836901664734,0.6687955260276794,-0.04503877833485603,0.5631244778633118,0.6509436368942261,-0.013055316172540188,0.555715799331665,0.5747954845428467,-0.028423864394426346,0.5506922006607056,0.525265097618103,-0.037926070392131805,0.5484601855278015,0.48552563786506653,-0.04413146525621414,0.5942301750183105,0.6600152850151062,-0.020506657660007477,0.602551281452179,0.5746722221374512,-0.03839634358882904,0.6034443378448486,0.5181746482849121,-0.05166800692677498,0.606876790523529,0.47628065943717957,-0.05917474627494812,0.6190526485443115,0.6894899606704712,-0.030006423592567444,0.6293214559555054,0.642765998840332,-0.057443685829639435,0.6020956635475159,0.6745443344116211,-0.06520699709653854,0.5843267440795898,0.7053044438362122,-0.06336749345064163,0.6336538791656494,0.7282673120498657,-0.04018421471118927,0.6223856210708618,0.7003938555717468,-0.06182950362563133,0.5972903370857239,0.7180305123329163,-0.0632978305220604,0.581396758556366,0.7376492023468018,-0.05975623428821564
0.5853901505470276,0.8415006995201111,4.0117194544109225e-07,0.5526123642921448,0.8020422458648682,-0.016494451090693474,0.5469441413879395,0.7411843538284302,-0.026357561349868774,0.5703626871109009,0.6982701420783997,-0.037760525941848755,0.5937768816947937,0.6712898015975952,-0.04847608879208565,0.5629642009735107,0.6509828567504883,-0.015200566500425339,0.5559125542640686,0.5746463537216187,-0.03125191479921341,0.5510583519935608,0.5248289108276367,-0.041221801191568375,0.5486680269241333,0.4851784408092499,-0.047843050211668015,0.5942956209182739,0.66014564037323,-0.022244513034820557,0.6037102937698364,0.5750052332878113,-0.04081031680107117,0.604920506477356,0.518120527267456,-0.054337892681360245,0.6082929372787476,0.4761483669281006,-0.06209573149681091,0.6190437078475952,0.6901750564575195,-0.03139662370085716,0.6293917298316956,0.6421639323234558,-0.05941954255104065,0.6019952893257141,0.6738449335098267,-0.06704787164926529,0.5840069651603699,0.704688310623169,-0.06513731181621552,0.6336171627044678,0.7298574447631836,-0.041335634887218475,0.6235122680664062,0.7003900408744812,-0.0639905110001564,0.5982975959777832,0.7182680368423462,-0.06565725058317184,0.5818160176277161,0.738402783870697,-0.06213308870792389
0.585037350654602,0.843904972076416,3.997601822902652e-07,0.5522301197052002,0.8042855858802795,-0.016350921243429184,0.5467496514320374,0.7426941394805908,-0.026082279160618782,0.5699431300163269,0.6990612745285034,-0.037506382912397385,0.5933252573013306,0.6718212366104126,-0.048367880284786224,0.5630690455436707,0.6521179676055908,-0.014544553123414516,0.5561175346374512,0.5757187604904175,-0.03066290356218815,0.551215410232544,0.5255470275878906,-0.04101290926337242,0.5488490462303162,0.48553258180618286,-0.048016808927059174,0.5943333506584167,0.6615354418754578,-0.02182815596461296,0.6041393280029297,0.5767593383789062,-0.0405292809009552,0.6053420901298523,0.5194414258003235,-0.054499901831150055,0.6088154911994934,0.47685500979423523,-0.06271376460790634,0.6189730763435364,0.6916146278381348,-0.031255971640348434,0.6303426027297974,0.6416958570480347,-0.059369590133428574,0.6023535132408142,0.6732118725776672,-0.06712903827428818,0.5837905406951904,0.7042407989501953,-0.06541714072227478,0.6334310173988342,0.731479823589325,-0.04147998243570328,0.6240825653076172,0.7006890773773193,-0.0643983781337738,0.5989073514938354,0.7191094756126404,-0.06611690670251846,0.5824422240257263,0.7401531338691711,-0.06264784932136536
