0,1,2,3,4,5,6,7,8,9,10,11,12,13,14,15,16,17,18,19,20,21,22,23,24,25,26,27,28,29,30,31,32,33,34,35,36,37,38,39,40,41,42,43,44,45,46,47,48,49,50,51,52,53,54,55,56,57,58,59,60,61,62
0.5853728652000427,0.8453109860420227,4.074180708357744e-07,0.5522593855857849,0.8043556213378906,-0.01603304222226143,0.5472687482833862,0.7432141304016113,-0.025967100635170937,0.5700109601020813,0.7001829743385315,-0.03769215941429138,0.5930322408676147,0.6726483106613159,-0.04882773384451866,0.5640021562576294,0.6521748304367065,-0.014318595640361309,0.5565333962440491,0.5753234028816223,-0.03087640553712845,0.5515979528427124,0.5251587629318237,-0.041616156697273254,0.549041211605072,0.4852091372013092,-0.04888596385717392,0.5948760509490967,0.661899745464325,-0.022109510377049446,0.6048617362976074,0.5762384533882141,-0.041407208889722824,0.6056230068206787,0.5187337398529053,-0.056019674986600876,0.6088048815727234,0.47587311267852783,-0.06463516503572464,0.6189715266227722,0.6926632523536682,-0.0320393368601799,0.6313186287879944,0.6422151327133179,-0.06058362126350403,0.602555513381958,0.672134518623352,-0.06888391077518463,0.5833700895309448,0.701789379119873,-0.06753771007061005,0.6329109072685242,0.7334632873535156,-0.042701493948698044,0.6251311302185059,0.7015637159347534,-0.06593671441078186,0.5994700789451599,0.7195839881896973,-0.06780076771974564,0.5823596119880676,0.7405708432197571,-0.06440957635641098
0.5856194496154785,0.8476181626319885,4.0467696749146853e-07,0.5522215962409973,0.8059094548225403,-0.01559482328593731,0.5473403930664062,0.7439628839492798,-0.025173664093017578,0.5701531767845154,0.7006713151931763,-0.03669992461800575,0.5928080677986145,0.6732967495918274,-0.04765160381793976,0.5642764568328857,0.6531648635864258,-0.013357196934521198,0.5567052960395813,0.5763822197914124,-0.02985755167901516,0.5516371130943298,0.5260494947433472,-0.04069562256336212,0.5489513874053955,0.48587438464164734,-0.048042695969343185,0.5949594974517822,0.6627520322799683,-0.021340707316994667,0.6049215197563171,0.576388955116272,-0.04044429957866669,0.6057270169258118,0.5186355710029602,-0.055018965154886246,0.6090301871299744,0.4755059480667114,-0.06362879276275635,0.6189266443252563,0.6933870315551758,-0.03147319704294205,0.6313597559928894,0.6420266628265381,-0.05982229858636856,0.602070152759552,0.6722684502601624,-0.06794833391904831,0.5825220346450806,0.7023501992225647,-0.0664694681763649,0.6326833963394165,0.7341498136520386,-0.04234464839100838,0.6252512335777283,0.7012997269630432,-0.06531573086977005,0.5997793674468994,0.7190424203872681,-0.06694772839546204,0.5828585624694824,0.7401158809661865,-0.06340165436267853
0.5866755843162537,0.8465927839279175,4.078956692410429e-07,0.553009569644928,0.8045207262039185,-0.016218222677707672,0.5472508072853088,0.7441850304603577,-0.026282744482159615,0.5694860219955444,0.7015914916992188,-0.038209982216358185,0.5927096605300903,0.6747334599494934,-0.04943942278623581,0.5647382140159607,0.6530122756958008,-0.013833094388246536,0.5567902326583862,0.5763589143753052,-0.030422687530517578,0.5516153573989868,0.5265508890151978,-0.0410955436527729,0.548936665058136,0.48662856221199036,-0.04815051332116127,0.5954285860061646,0.662101686000824,-0.021521305665373802,0.6051086187362671,0.5759862661361694,-0.04036034643650055,0.605877161026001,0.5185916423797607,-0.05441666394472122,0.6089493632316589,0.4755554795265198,-0.06259410083293915,0.6190606355667114,0.6924276351928711,-0.03149286285042763,0.6310811042785645,0.6419196128845215,-0.05969817936420441,0.6033901572227478,0.6718326807022095,-0.06788036972284317,0.5849611163139343,0.701809287071228,-0.06632806360721588,0.6324740052223206,0.7326597571372986,-0.04228070005774498,0.6256868839263916,0.7001098990440369,-0.0647864118218422,0.6010376811027527,0.716834306716919,-0.06643955409526825,0.584324836730957,0.73721843957901,-0.06293931603431702
0.5867114067077637,0.8451728820800781,4.160466460234602e-07,0.5532191395759583,0.8034696578979492,-0.01597624272108078,0.5478490591049194,0.7424355745315552,-0.02596857026219368,0.5703109502792358,0.6997967958450317,-0.037801533937454224,0.5936043858528137,0.6724607944488525,-0.04897689074277878,0.5642864108085632,0.6517398357391357,-0.014124050736427307,0.5568472146987915,0.5753911137580872,-0.03074556030333042,0.5520956516265869,0.5259276032447815,-0.0414523147046566,0.5496169924736023,0.4862518608570099,-0.048555415123701096,0.5951673984527588,0.661150336265564,-0.02193956822156906,0.6058438420295715,0.5751053094863892,-0.04073527455329895,0.6071089506149292,0.5177492499351501,-0.05476247891783714,0.6103039979934692,0.4746154546737671,-0.06295585632324219,0.6189649701118469,0.6917011141777039,-0.031934551894664764,0.6311154365539551,0.641596257686615,-0.060055430978536606,0.6030746698379517,0.6724336743354797,-0.06785445660352707,0.5840327143669128,0.7024692893028259,-0.06611266732215881,0.6324957609176636,0.7323474287986755,-0.04271026700735092,0.6257098913192749,0.7005568742752075,-0.06527034938335419,0.6012144684791565,0.7184792757034302,-0.06648264080286026,0.5843991637229919,0.7394086122512817,-0.06264417618513107
0.5864958763122559,0.8453857898712158,4.1092744140769355e-07,0.553337812423706,0.8028787970542908,-0.0157463476061821,0.5480926036834717,0.7409738898277283,-0.025667980313301086,0.5712139010429382,0.6975328922271729,-0.037443313747644424,0.5955672860145569,0.6701738834381104,-0.048608701676130295,0.5643141269683838,0.6521195769309998,-0.014135302044451237,0.5566624999046326,0.575615406036377,-0.030632581561803818,0.5517736077308655,0.5261030197143555,-0.04120870679616928,0.5494111776351929,0.48640143871307373,-0.04826313257217407,0.5952038168907166,0.6615480780601501,-0.02201223373413086,0.6053650379180908,0.5747456550598145,-0.04077039286494255,0.60653156042099,0.5174375772476196,-0.05474365875124931,0.6100688576698303,0.47443342208862305,-0.06292884051799774,0.6193029880523682,0.692246675491333,-0.032009921967983246,0.6311973929405212,0.6410590410232544,-0.060270797461271286,0.60252445936203,0.6723974347114563,-0.06795527040958405,0.5835554003715515,0.703166663646698,-0.0660906732082367,0.6329862475395203,0.7331043481826782,-0.042740024626255035,0.6257610321044922,0.6995276808738708,-0.06559164822101593,0.6005977988243103,0.7175015807151794,-0.06677625328302383,0.583687424659729,0.7391442060470581,-0.06286560744047165
0.586039662361145,0.8448231220245361,4.1167882613990514e-07,0.5531479716300964,0.8017141819000244,-0.015984807163476944,0.54808509349823,0.7402539253234863,-0.026209335774183273,0.5713386535644531,0.6976889371871948,-0.038344576954841614,0.5951840281486511,0.6705440282821655,-0.04982192441821098,0.5647410750389099,0.6509385108947754,-0.014202236197888851,0.5570931434631348,0.5747405886650085,-0.030980098992586136,0.5518506765365601,0.5252504348754883,-0.04171047732234001,0.5492392778396606,0.48541659116744995,-0.04884866625070572,0.5954392552375793,0.6606627702713013,-0.022174447774887085,0.6053431034088135,0.5744783282279968,-0.04140276089310646,0.6064258217811584,0.5172852277755737,-0.055661436170339584,0.6100947260856628,0.47383731603622437,-0.06393501162528992,0.6194756627082825,0.6917020678520203,-0.03231758996844292,0.630626916885376,0.6415010094642639,-0.061162907630205154,0.6018138527870178,0.673717737197876,-0.06892019510269165,0.583073616027832,0.7043253183364868,-0.06690805405378342,0.6332725286483765,0.7329959869384766,-0.04321199655532837,0.6256663799285889,0.7001720666885376,-0.06631478667259216,0.6001062393188477,0.7179152965545654,-0.0675429254770279,0.5831852555274963,0.7386829257011414,-0.06358230859041214
0.5866811871528625,0.8453874588012695,4.1181186816174886e-07,0.5535985231399536,0.80240398645401,-0.016033971682190895,0.5481513738632202,0.7410187721252441,-0.02623368427157402,0.5711008310317993,0.6985232830047607,-0.03845660760998726,0.595498263835907,0.6720810532569885,-0.049973633140325546,0.5648234486579895,0.650790274143219,-0.013368426822125912,0.5568708181381226,0.5744113922119141,-0.03016808070242405,0.5516512989997864,0.5244671106338501,-0.04081264138221741,0.5490349531173706,0.48450589179992676,-0.04776599258184433,0.5954935550689697,0.6601677536964417,-0.02131073549389839,0.605114221572876,0.5742761492729187,-0.04051836207509041,0.6061453819274902,0.5166522264480591,-0.05463326722383499,0.6095619201660156,0.47334975004196167,-0.06260882318019867,0.6195199489593506,0.6907559633255005,-0.031553272157907486,0.6302264928817749,0.6412250399589539,-0.06034068763256073,0.6021727323532104,0.6732035875320435,-0.06818632036447525,0.5840588808059692,0.7039576172828674,-0.06604316085577011,0.6334860324859619,0.7315571308135986,-0.04257675260305405,0.6251707673072815,0.6998415589332581,-0.0651819184422493,0.6002838611602783,0.7179632782936096,-0.06634505093097687,0.5841652750968933,0.7388712763786316,-0.062297992408275604
0.586758017539978,0.8438568115234375,4.059836271608219e-07,0.5539239645004272,0.8011342287063599,-0.01573592983186245,0.5490973591804504,0.7395617961883545,-0.025418991222977638,0.5718251466751099,0.6963198184967041,-0.03699276223778725,0.5954697132110596,0.6688400506973267,-0.047884754836559296,0.5645998120307922,0.6498047113418579,-0.013321147300302982,0.5573171973228455,0.5737868547439575,-0.029511073604226112,0.5523043274879456,0.5243566632270813,-0.03961527720093727,0.5497971177101135,0.4846299886703491,-0.04621529579162598,0.5957155227661133,0.6596222519874573,-0.021047519519925117,0.6058230996131897,0.5741537809371948,-0.03965715318918228,0.6067682504653931,0.5170055031776428,-0.05336426943540573,0.6099376082420349,0.4739406108856201,-0.06114928051829338,0.6199919581413269,0.6904246211051941,-0.03095717914402485,0.6306565999984741,0.6413173675537109,-0.05947619304060936,0.6023735404014587,0.6735789179801941,-0.067241370677948,0.5839932560920715,0.7040180563926697,-0.06513196229934692,0.6340141296386719,0.7311540842056274,-0.041556309908628464,0.6250815391540527,0.7002580165863037,-0.06426076591014862,0.5998638272285461,0.7185142040252686,-0.06550053507089615,0.5834188461303711,0.7390289902687073,-0.06151214987039566
0.5876244902610779,0.8412642478942871,4.058517788507743e-07,0.5549193024635315,0.7996924519538879,-0.016322139650583267,0.5493484735488892,0.7388601899147034,-0.02631850354373455,0.5720278024673462,0.6957006454467773,-0.03809984400868416,0.5962702631950378,0.6689552664756775,-0.04911453276872635,0.5653589367866516,0.6489468216896057,-0.013982466422021389,0.5572950839996338,0.5734056830406189,-0.03026426024734974,0.551809549331665,0.5239282250404358,-0.040257494896650314,0.5490278005599976,0.4842693507671356,-0.04675421491265297,0.5965421795845032,0.6583446264266968,-0.021440276876091957,0.6058852672576904,0.5734338164329529,-0.04033363610506058,0.6068558692932129,0.5165063142776489,-0.0539616197347641,0.610220193862915,0.47362929582595825,-0.06152386963367462,0.6208446025848389,0.6886247396469116,-0.031148100271821022,0.6305471658706665,0.6417047381401062,-0.059949930757284164,0.6031014323234558,0.6744888424873352,-0.06785572320222855,0.5855391621589661,0.7051576375961304,-0.06566181033849716,0.634949266910553,0.7284227609634399,-0.041617970913648605,0.6248078346252441,0.6996686458587646,-0.06437572091817856,0.5997468829154968,0.7178317904472351,-0.06601515412330627,0.5835538506507874,0.7380350232124329,-0.06228332221508026
0.5842852592468262,0.8526952862739563,3.988925811881927e-07,0.5495126247406006,0.8075939416885376,-0.010483143851161003,0.5410156846046448,0.7496479153633118,-0.017340924590826035,0.5629390478134155,0.7112203240394592,-0.02661283314228058,0.582432746887207,0.6873000264167786,-0.035848092287778854,0.5589259266853333,0.6604761481285095,-0.014166859909892082,0.5488512516021729,0.5831412672996521,-0.03070196509361267,0.5431573390960693,0.5326148271560669,-0.04012573882937431,0.5418007969856262,0.49261412024497986,-0.04519594833254814,0.5944998264312744,0.6665339469909668,-0.022519895806908607,0.6006820201873779,0.5846090912818909,-0.03892374038696289,0.6028028726577759,0.5282891988754272,-0.050748277455568314,0.6064384579658508,0.48804330825805664,-0.05631745979189873,0.6208508610725403,0.6954081058502197,-0.03223041445016861,0.6072662472724915,0.6770557165145874,-0.05535108968615532,0.5822892189025879,0.7040355205535889,-0.06408901512622833,0.5681236386299133,0.7308796644210815,-0.0633181631565094,0.6328349113464355,0.7348922491073608,-0.042461853474378586,0.60080885887146,0.7382938861846924,-0.05913996696472168,0.5726755857467651,0.7588903903961182,-0.06045067310333252,0.5564057230949402,0.779046356678009,-0.057032935321331024
0.6752845644950867,0.8650439977645874,-1.655685650803207e-07,0.6346352100372314,0.8531919717788696,-0.008088572882115841,0.5982058644294739,0.8405489921569824,-0.021351996809244156,0.5702212452888489,0.8381124138832092,-0.034430086612701416,0.5461655259132385,0.8444737792015076,-0.049301061779260635,0.6033347249031067,0.7888980507850647,-0.03737983480095863,0.5609391927719116,0.7944371104240417,-0.06333290785551071,0.535459578037262,0.8161683082580566,-0.08075103908777237,0.5168952941894531,0.8360109329223633,-0.09101129323244095,0.6217949390411377,0.7967031002044678,-0.04626467451453209,0.5776870846748352,0.7948626279830933,-0.0687202513217926,0.5492016077041626,0.8139041066169739,-0.07967206090688705,0.5301383137702942,0.833765983581543,-0.08713804930448532,0.6405337452888489,0.8203796148300171,-0.05504034087061882,0.6006006002426147,0.8417416214942932,-0.07697366178035736,0.5815620422363281,0.8730831742286682,-0.0804441049695015,0.5723844766616821,0.8956120014190674,-0.0812278538942337,0.6555227041244507,0.8535503149032593,-0.06390964984893799,0.6254159212112427,0.8816962838172913,-0.08179564774036407,0.6075928807258606,0.9051304459571838,-0.08338253945112228,0.5973696112632751,0.9206982851028442,-0.08293861895799637
0.6755353212356567,0.8681240677833557,-1.0294259311649512e-07,0.6315294504165649,0.8553870320320129,-0.005680385511368513,0.5923108458518982,0.8454228639602661,-0.01803588680922985,0.5613705515861511,0.8486292362213135,-0.03062310814857483,0.5357885360717773,0.8547894358634949,-0.04432171583175659,0.6033779382705688,0.786026120185852,-0.03563247248530388,0.5587709546089172,0.7881551384925842,-0.06206398084759712,0.5278783440589905,0.8078752756118774,-0.07904590666294098,0.5059840679168701,0.8292788863182068,-0.08900143206119537,0.6207392811775208,0.794101893901825,-0.04645559936761856,0.5700287818908691,0.7935565710067749,-0.07021507620811462,0.5378291010856628,0.8124898672103882,-0.08192509412765503,0.5155014991760254,0.8330811858177185,-0.08950474113225937,0.6399036049842834,0.8170861601829529,-0.05712049826979637,0.5974833369255066,0.8371610045433044,-0.08073318004608154,0.5748164057731628,0.8612111806869507,-0.08660838007926941,0.5593925714492798,0.8791933059692383,-0.08865012228488922,0.6563260555267334,0.8488206267356873,-0.06740888208150864,0.6213719248771667,0.8769650459289551,-0.0877576395869255,0.598051905632019,0.9010427594184875,-0.09180795401334763,0.580988347530365,0.9196776151657104,-0.09280303865671158
0.6672893762588501,0.8718176484107971,-1.3479177596309455e-07,0.621850311756134,0.8617262840270996,-0.004770193714648485,0.5796093940734863,0.8479176163673401,-0.018119221553206444,0.5471379160881042,0.8483098745346069,-0.031637270003557205,0.5199283957481384,0.8549985885620117,-0.04666445404291153,0.5857479572296143,0.7843505144119263,-0.03948887437582016,0.5356028079986572,0.7887718081474304,-0.067653588950634,0.5040777921676636,0.8147414326667786,-0.08448509126901627,0.48305416107177734,0.841835618019104,-0.09409245103597641,0.6070187091827393,0.7920548319816589,-0.05184050649404526,0.5487978458404541,0.7945443987846375,-0.08065454661846161,0.5156059265136719,0.8286334276199341,-0.09287433326244354,0.4954793155193329,0.8573735356330872,-0.09907203912734985,0.6299405694007874,0.815967857837677,-0.06359028816223145,0.5785755515098572,0.840636134147644,-0.09099246561527252,0.5513949990272522,0.8813483119010925,-0.09582619369029999,0.5350824594497681,0.9094782471656799,-0.0954194962978363,0.6502832770347595,0.8488206267356873,-0.07460472732782364,0.6110381484031677,0.8759239912033081,-0.09695696830749512,0.5870749950408936,0.9028734564781189,-0.09956733137369156,0.5710911750793457,0.9213504791259766,-0.09831807017326355
0.6800172328948975,0.89352947473526,-3.816567755166034e-07,0.6335048675537109,0.8757590055465698,-0.002618450438603759,0.582210123538971,0.873547375202179,-0.009262967854738235,0.5439237356185913,0.8847434520721436,-0.017422553151845932,0.5187690854072571,0.901608407497406,-0.028228504583239555,0.5648406744003296,0.845040500164032,-0.020960746333003044,0.5139595866203308,0.8729331493377686,-0.04299930855631828,0.4872673451900482,0.9092180132865906,-0.05890939384698868,0.4678049087524414,0.942665159702301,-0.0679028108716011,0.5857438445091248,0.8481711745262146,-0.030140824615955353,0.5317011475563049,0.8898336291313171,-0.0476352721452713,0.5025271773338318,0.9370407462120056,-0.06049305200576782,0.4820285439491272,0.9751178026199341,-0.07045753300189972,0.6120588779449463,0.8607966303825378,-0.039327796548604965,0.5687409043312073,0.9098668694496155,-0.060461945831775665,0.5443408489227295,0.9584149122238159,-0.07068648934364319,0.5295793414115906,0.9929017424583435,-0.07626812905073166,0.6383349895477295,0.8834806084632874,-0.04771721735596657,0.6053845286369324,0.922024130821228,-0.0662146806716919,0.5842804908752441,0.9568281173706055,-0.0706430971622467,0.5708300471305847,0.9855173826217651,-0.0722140297293663
0.6689519882202148,0.8838961720466614,-1.7165181986911193e-07,0.6162387132644653,0.8804652094841003,0.0037328607868403196,0.5675652623176575,0.9020205140113831,7.754829312034417e-06,0.5362012982368469,0.9304181933403015,-0.006031661294400692,0.5149132013320923,0.9558007717132568,-0.013800441287457943,0.541404664516449,0.886731743812561,-0.01191453356295824,0.49874770641326904,0.9295126795768738,-0.027016913518309593,0.4780711829662323,0.9638558030128479,-0.03815494477748871,0.46110033988952637,0.9891039729118347,-0.045664504170417786,0.5618546605110168,0.8939944505691528,-0.023171041160821915,0.5162760019302368,0.945232629776001,-0.03491568937897682,0.4941208064556122,0.9807592630386353,-0.04239809513092041,0.4762779474258423,1.0067875385284424,-0.04907452315092087,0.5896385312080383,0.9054808020591736,-0.03404258191585541,0.5594877004623413,0.9591205716133118,-0.046519964933395386,0.5480309128761292,0.9810746908187866,-0.04873809590935707,0.5374739170074463,0.9916993379592896,-0.05031626299023628,0.6214412450790405,0.9196006059646606,-0.0443793423473835,0.5983330607414246,0.9664467573165894,-0.0556272454559803,0.5869788527488708,0.9880641102790833,-0.05496833100914955,0.5787706971168518,1.0010907649993896,-0.05361298844218254
0.6529945731163025,0.8731952905654907,-5.11078823706157e-09,0.5995849370956421,0.882095217704773,0.010686657391488552,0.5599780082702637,0.9153825044631958,0.009349382482469082,0.5372106432914734,0.9483460783958435,0.004817290231585503,0.5253362059593201,0.9791764616966248,-0.0018185324734076858,0.5338422060012817,0.9199297428131104,-0.0036417078226804733,0.4970269799232483,0.9619272351264954,-0.01357833668589592,0.47837531566619873,0.9898427128791809,-0.021649187430739403,0.46334314346313477,1.0090351104736328,-0.027319815009832382,0.5512889623641968,0.9325429797172546,-0.015594538301229477,0.5129754543304443,0.98618084192276,-0.02161521464586258,0.4970684349536896,1.0192142724990845,-0.02535833790898323,0.4850480854511261,1.0414748191833496,-0.029938846826553345,0.5760117173194885,0.94640052318573,-0.026501446962356567,0.5440288782119751,1.0032719373703003,-0.031813252717256546,0.5367371439933777,1.0322210788726807,-0.031235601752996445,0.5319482088088989,1.049595832824707,-0.03244491294026375,0.604745090007782,0.9596025347709656,-0.036534953862428665,0.5870513319969177,1.0037791728973389,-0.04086204990744591,0.5835267901420593,1.0226092338562012,-0.03851159289479256,0.5814852118492126,1.0347347259521484,-0.03711250424385071
0.6291742920875549,0.8807546496391296,-6.510725114594607e-08,0.5823341608047485,0.8975830078125,0.009046182036399841,0.541951596736908,0.9411249756813049,0.007034676149487495,0.5194040536880493,0.9849067330360413,0.0025491139385849237,0.5092012882232666,1.0233427286148071,-0.004153193905949593,0.5175455808639526,0.9455294609069824,-0.00914894137531519,0.48479434847831726,0.9986840486526489,-0.02185683511197567,0.4762822389602661,1.0435097217559814,-0.031166741624474525,0.47545626759529114,1.074117660522461,-0.036346714943647385,0.5346888303756714,0.9582758545875549,-0.019260048866271973,0.5074387192726135,1.0227587223052979,-0.025980180129408836,0.5029577612876892,1.0661795139312744,-0.02947826124727726,0.5043289661407471,1.09476637840271,-0.03330075740814209,0.5595470070838928,0.970497190952301,-0.028273234143853188,0.537706196308136,1.0347646474838257,-0.03231539949774742,0.5338382720947266,1.0757924318313599,-0.03157578036189079,0.5324715375900269,1.103752851486206,-0.0328918993473053,0.5889173150062561,0.9797501564025879,-0.036227740347385406,0.574236273765564,1.0341583490371704,-0.04041470214724541,0.5704624056816101,1.0660723447799683,-0.03878646716475487,0.5687454342842102,1.0901659727096558,-0.037415821105241776
0.6127537488937378,0.8966988325119019,-1.61760183914339e-07,0.5652231574058533,0.9140530228614807,0.009506994858384132,0.5251175165176392,0.9586068987846375,0.008912038058042526,0.5045279860496521,1.0042061805725098,0.005766649730503559,0.5032932162284851,1.0441958904266357,0.0011218079598620534,0.4956076741218567,0.9757888317108154,-0.0017486747819930315,0.48046550154685974,1.039190411567688,-0.009720740839838982,0.488320529460907,1.0640766620635986,-0.016304150223731995,0.4962884485721588,1.071021556854248,-0.020362164825201035,0.515532910823822,0.9853422045707703,-0.010921438224613667,0.5082396864891052,1.0566645860671997,-0.013673238456249237,0.518464982509613,1.0702743530273438,-0.01512655708938837,0.5261585712432861,1.066577672958374,-0.018058685585856438,0.5418163537979126,0.994300901889801,-0.018931645900011063,0.5370678901672363,1.0600154399871826,-0.020534195005893707,0.5475139021873474,1.0628927946090698,-0.014902451075613499,0.5546038746833801,1.0523102283477783,-0.012943502515554428,0.5701923966407776,1.0010151863098145,-0.026115819811820984,0.5629444718360901,1.0574572086334229,-0.027445325627923012,0.5709414482116699,1.0570272207260132,-0.01999153010547161,0.5771663188934326,1.047489047050476,-0.014433145523071289
0.6102678179740906,0.897953450679779,-2.397950709109864e-07,0.5633949637413025,0.9145756959915161,0.010094319470226765,0.5230445265769958,0.9629720449447632,0.010089193470776081,0.5032447576522827,1.0118697881698608,0.007528706453740597,0.5067602396011353,1.0523933172225952,0.0032501916866749525,0.49296003580093384,0.9805988073348999,-0.0025405059568583965,0.48244547843933105,1.0477557182312012,-0.0098471874371171,0.4931621253490448,1.0701700448989868,-0.015587026253342628,0.5034334659576416,1.0737864971160889,-0.01917373202741146,0.5140565037727356,0.9896202683448792,-0.011743051931262016,0.5099613666534424,1.062087893486023,-0.013402235694229603,0.5209663510322571,1.0729920864105225,-0.013956872746348381,0.5296048521995544,1.067164421081543,-0.016767211258411407,0.5413244962692261,0.9975757598876953,-0.019666165113449097,0.53749680519104,1.0649042129516602,-0.021330155432224274,0.5480368733406067,1.066697120666504,-0.0157815869897604,0.5558608770370483,1.055595874786377,-0.014060686342418194,0.5707587599754333,1.0044225454330444,-0.02654452621936798,0.5627676844596863,1.0634982585906982,-0.02840791642665863,0.5701264142990112,1.0625933408737183,-0.021239399909973145,0.576776921749115,1.053195595741272,-0.01604665070772171
0.7075632214546204,0.8725754022598267,4.1311710674563074e-07,0.6810042262077332,0.8587064146995544,-0.019637305289506912,0.666193962097168,0.832432746887207,-0.03447841852903366,0.6789440512657166,0.8120566606521606,-0.0487934835255146,0.6979163289070129,0.8014723062515259,-0.062197647988796234,0.6711236238479614,0.7561299204826355,-0.029600435867905617,0.6636333465576172,0.6983883380889893,-0.050204381346702576,0.6594976782798767,0.6592960953712463,-0.06234310567378998,0.6544533371925354,0.6251752376556396,-0.06912076473236084,0.7000247240066528,0.7549563646316528,-0.03321072831749916,0.7044183611869812,0.6903047561645508,-0.0531073696911335,0.705953061580658,0.64468914270401,-0.06323839724063873,0.7057472467422485,0.6036520004272461,-0.06682395190000534,0.7254211902618408,0.7718130350112915,-0.03819059208035469,0.7251256108283997,0.7641677260398865,-0.06171051040291786,0.7128296494483948,0.7987788319587708,-0.06184667721390724,0.7037561535835266,0.8246339559555054,-0.05445853993296623,0.7457574009895325,0.799465537071228,-0.04478834569454193,0.742307722568512,0.804044246673584,-0.06048210337758064,0.7296532988548279,0.8285099864006042,-0.05556303262710571,0.719864547252655,0.8480530381202698,-0.04709417745471001
0.6929699182510376,0.8801541328430176,4.779015512212936e-07,0.6705471277236938,0.8615142703056335,-0.013673804700374603,0.6586074829101562,0.8191831707954407,-0.023402785882353783,0.6793308258056641,0.7938700914382935,-0.0342944897711277,0.7038987278938293,0.7787845730781555,-0.04491668567061424,0.6656626462936401,0.7434619665145874,-0.01969442144036293,0.6578554511070251,0.680688738822937,-0.037200652062892914,0.6547485589981079,0.6377893090248108,-0.04698403924703598,0.6517439484596252,0.6018564701080322,-0.05233200639486313,0.6958485841751099,0.7407738566398621,-0.025498608127236366,0.7011517286300659,0.6758410930633545,-0.04333445429801941,0.7011394500732422,0.6313809752464294,-0.0534166619181633,0.699982225894928,0.590622067451477,-0.05673923343420029,0.7223920822143555,0.755703866481781,-0.03242778033018112,0.7135024070739746,0.7560359239578247,-0.05339959263801575,0.6991642713546753,0.795215368270874,-0.05423041060566902,0.6923097372055054,0.8177433609962463,-0.04776017740368843,0.7427768707275391,0.7824057340621948,-0.04068988934159279,0.7278088927268982,0.7963586449623108,-0.053732503205537796,0.711856484413147,0.8249744772911072,-0.04913777485489845,0.7045446634292603,0.8407938480377197,-0.04141424223780632
0.6895847916603088,0.8752357363700867,4.3172622099518776e-07,0.6621226072311401,0.8500798344612122,-0.012281982228159904,0.6488490700721741,0.8019274473190308,-0.020744778215885162,0.6675394177436829,0.7726855278015137,-0.031203493475914,0.6912354826927185,0.7621596455574036,-0.04128466174006462,0.6640564799308777,0.7257218956947327,-0.013648967258632183,0.6557022333145142,0.6595486998558044,-0.03068884275853634,0.6527065634727478,0.6160405874252319,-0.040093787014484406,0.6499655246734619,0.5805727243423462,-0.04453415051102638,0.6929264664649963,0.7265878319740295,-0.02000400237739086,0.6979336142539978,0.6551512479782104,-0.037482064217329025,0.6972528100013733,0.6083996295928955,-0.04700001701712608,0.6957216262817383,0.5696818828582764,-0.04919594153761864,0.7182095050811768,0.7445452213287354,-0.028054600581526756,0.7029553651809692,0.7379186153411865,-0.051564332097768784,0.6889816522598267,0.7759647369384766,-0.05405654013156891,0.6840405464172363,0.8035967946052551,-0.04685293510556221,0.7367504835128784,0.7732446193695068,-0.03711149841547012,0.7207428216934204,0.7704944014549255,-0.05049985647201538,0.7054457664489746,0.7976479530334473,-0.04563053324818611,0.6999666094779968,0.8188148736953735,-0.03703442960977554
0.6841045022010803,0.8793736696243286,4.1064831179937755e-07,0.655839741230011,0.8493166565895081,-0.01409020833671093,0.6468810439109802,0.7978634834289551,-0.02228420227766037,0.6684847474098206,0.7683144807815552,-0.03164567053318024,0.6922511458396912,0.7550930976867676,-0.04087347909808159,0.6604040861129761,0.7168300747871399,-0.014996972866356373,0.6527342796325684,0.6472412943840027,-0.030994975939393044,0.6503576636314392,0.6017109751701355,-0.040047500282526016,0.6489862203598022,0.564311146736145,-0.0444905050098896,0.6899474859237671,0.7196994423866272,-0.02045091614127159,0.6943603157997131,0.645789623260498,-0.03666977211833,0.6942262649536133,0.5977238416671753,-0.046512313187122345,0.6947898864746094,0.5589127540588379,-0.049678150564432144,0.7141184210777283,0.7403355836868286,-0.02767801471054554,0.7069577574729919,0.7244955897331238,-0.051613546907901764,0.6876575946807861,0.7565262317657471,-0.05774335190653801,0.6770386099815369,0.7821499705314636,-0.053868282586336136,0.7310666441917419,0.7707247138023376,-0.035777878016233444,0.717555582523346,0.769856333732605,-0.05276692286133766,0.6986920237541199,0.7975301742553711,-0.05199568718671799,0.6885715126991272,0.8200249671936035,-0.04636206850409508
0.6808637976646423,0.8752549290657043,4.1006825313161244e-07,0.6513997316360474,0.8407976627349854,-0.015233868733048439,0.6435322761535645,0.7846493721008301,-0.02270060032606125,0.6694055199623108,0.7528917193412781,-0.031407322734594345,0.6985180377960205,0.7428035140037537,-0.0397353358566761,0.6571850180625916,0.7067902684211731,-0.01226237416267395,0.6502822041511536,0.638499915599823,-0.027147553861141205,0.6486396789550781,0.594595730304718,-0.035342585295438766,0.646547257900238,0.5584304928779602,-0.03930056095123291,0.6848081350326538,0.711037278175354,-0.01691899634897709,0.6910290718078613,0.6357992887496948,-0.0325569212436676,0.6932999491691589,0.5878891944885254,-0.041270699352025986,0.6951110363006592,0.5493133664131165,-0.04350931569933891,0.7072851657867432,0.733011782169342,-0.023926598951220512,0.7041575312614441,0.7174808979034424,-0.04867958277463913,0.6881133317947388,0.7515488266944885,-0.055654194205999374,0.6790482401847839,0.7769225239753723,-0.051621414721012115,0.7229307293891907,0.763702392578125,-0.03191117197275162,0.7153183221817017,0.7587710022926331,-0.04955969750881195,0.6970734596252441,0.7858734726905823,-0.04983048141002655,0.6850379705429077,0.8073997497558594,-0.04482705891132355
0.6539820432662964,0.8689652681350708,4.3592143583737197e-07,0.6263207793235779,0.8263779878616333,-0.01073545403778553,0.625485360622406,0.7700154781341553,-0.01763632521033287,0.6506441831588745,0.7389752268791199,-0.026529276743531227,0.6717392802238464,0.7229380011558533,-0.03513903543353081,0.6394574642181396,0.6962306499481201,-0.007571100257337093,0.6340659260749817,0.6281899213790894,-0.020661188289523125,0.6313185095787048,0.5840359926223755,-0.02893828973174095,0.6295695304870605,0.5481327176094055,-0.03308504819869995,0.6654103994369507,0.703730046749115,-0.014373288489878178,0.6741435527801514,0.6276741623878479,-0.02755206637084484,0.6762279868125916,0.5784956216812134,-0.036643628031015396,0.6792154908180237,0.538339376449585,-0.04021582379937172,0.6868728399276733,0.7285060882568359,-0.022979002445936203,0.6804541945457458,0.7031107544898987,-0.04269186034798622,0.6597434282302856,0.7300334572792053,-0.04728126525878906,0.6491973996162415,0.7512841820716858,-0.043673574924468994,0.7015207409858704,0.7625080943107605,-0.03242753446102142,0.6937884092330933,0.7413447499275208,-0.0447334460914135,0.6746392250061035,0.7641052603721619,-0.04091333597898483,0.6642239689826965,0.7849071621894836,-0.03428467735648155
0.650717556476593,0.8713428974151611,3.8246312783485337e-07,0.6227915287017822,0.8272842764854431,-0.011619195342063904,0.6206783652305603,0.7608414888381958,-0.016128655523061752,0.6503117680549622,0.7274584174156189,-0.022788511589169502,0.6788942813873291,0.7175282835960388,-0.029335981234908104,0.6318815350532532,0.6936376690864563,-0.005788445007055998,0.6263267397880554,0.6229907870292664,-0.018298016861081123,0.6242433786392212,0.577079176902771,-0.02579454705119133,0.622343122959137,0.5402463674545288,-0.029690302908420563,0.6586922407150269,0.701801061630249,-0.012439069338142872,0.6675336956977844,0.6252776384353638,-0.026078274473547935,0.669251561164856,0.5742362141609192,-0.034948669373989105,0.6718984842300415,0.5340877771377563,-0.038076918572187424,0.6799288988113403,0.7271537780761719,-0.021368328481912613,0.6815041303634644,0.7004143595695496,-0.044134002178907394,0.6630649566650391,0.7311910390853882,-0.05010729655623436,0.6540206074714661,0.7565104365348816,-0.04625440761446953,0.6927493214607239,0.7608494758605957,-0.031061630696058273,0.688958466053009,0.7403794527053833,-0.04647798463702202,0.6696513891220093,0.764983594417572,-0.044488728046417236,0.6590420603752136,0.7873502373695374,-0.03861678019165993
0.6450919508934021,0.8703643083572388,3.878068639551202e-07,0.6163166165351868,0.8276721835136414,-0.012640494853258133,0.6131958961486816,0.7650092840194702,-0.01825973577797413,0.6412068009376526,0.7286518216133118,-0.026005756109952927,0.6687719225883484,0.7129891514778137,-0.03327440470457077,0.6249005198478699,0.6934115290641785,-0.006633412558585405,0.6201758980751038,0.6215741634368896,-0.019811375066637993,0.6186734437942505,0.5759095549583435,-0.027126016095280647,0.6177189946174622,0.5389049053192139,-0.030555319041013718,0.6513373851776123,0.700161337852478,-0.012830784544348717,0.6576485633850098,0.6219566464424133,-0.02707691118121147,0.6592246890068054,0.5719729661941528,-0.03558431565761566,0.6620253920555115,0.5329508185386658,-0.038100775331258774,0.673262894153595,0.724479615688324,-0.021404430270195007,0.6743620038032532,0.7003823518753052,-0.04520351439714432,0.6552225947380066,0.735268771648407,-0.05075538903474808,0.6447223424911499,0.7625926733016968,-0.04604700580239296,0.6873579025268555,0.7576506733894348,-0.03083312325179577,0.6832565069198608,0.7406764030456543,-0.04704251512885094,0.6635081768035889,0.766753613948822,-0.045313749462366104,0.6512545943260193,0.789156436920166,-0.03919132798910141
0.6403807997703552,0.8745012879371643,3.8055742379583535e-07,0.6112667322158813,0.8329495191574097,-0.012110253795981407,0.6060227155685425,0.7727559804916382,-0.0186307430267334,0.6336461901664734,0.7359921932220459,-0.02750300243496895,0.6607422232627869,0.7226486206054688,-0.03588726371526718,0.6187658309936523,0.6963049173355103,-0.00787956640124321,0.6148361563682556,0.6237812042236328,-0.022033555433154106,0.6137593388557434,0.5782338380813599,-0.030213922262191772,0.6135474443435669,0.5419809818267822,-0.03427065163850784,0.646382212638855,0.7011939883232117,-0.014559113420546055,0.6505014300346375,0.6227248907089233,-0.029342010617256165,0.6526148915290833,0.5729845762252808,-0.03846246376633644,0.6564844846725464,0.5351149439811707,-0.04151751846075058,0.669919490814209,0.724765419960022,-0.023422053083777428,0.6666364669799805,0.7037990689277649,-0.045992106199264526,0.6489916443824768,0.7378885746002197,-0.051171012222766876,0.6398507952690125,0.7647774815559387,-0.04676595702767372,0.6858066320419312,0.7578044533729553,-0.03326135873794556,0.6778713464736938,0.7444769144058228,-0.04798195883631706,0.6582611799240112,0.7696230411529541,-0.045895952731370926,0.6465312242507935,0.7910965085029602,-0.039883144199848175
0.6366141438484192,0.8862161040306091,3.649088000656775e-07,0.6073363423347473,0.844946026802063,-0.012921779416501522,0.6013507843017578,0.7846304774284363,-0.01931970939040184,0.6280475854873657,0.7480000853538513,-0.02806663140654564,0.654490053653717,0.733290433883667,-0.036129917949438095,0.614752471446991,0.7035741209983826,-0.0076459296979010105,0.6112790107727051,0.6300274133682251,-0.0225583054125309,0.6105195879936218,0.5836782455444336,-0.03126925975084305,0.6105284690856934,0.5464649796485901,-0.03571242839097977,0.6431629657745361,0.7082452178001404,-0.01442102249711752,0.646008312702179,0.6289841532707214,-0.02988184429705143,0.6474388241767883,0.5796914100646973,-0.03960408270359039,0.6509183645248413,0.5416149497032166,-0.04302752763032913,0.6671647429466248,0.7319896817207336,-0.023567253723740578,0.6629111170768738,0.7130374312400818,-0.04656151309609413,0.6449499130249023,0.7485331296920776,-0.051631662994623184,0.6355593800544739,0.7752858400344849,-0.047120921313762665,0.6825487613677979,0.7655079960823059,-0.03391791135072708,0.6731486916542053,0.7559278607368469,-0.048828884959220886,0.6538431644439697,0.7816988825798035,-0.04688674584031105,0.6428346633911133,0.8021808862686157,-0.040978316217660904
0.635887861251831,0.8909380435943604,3.775752759338502e-07,0.6054899096488953,0.8480063676834106,-0.013849278911948204,0.5985854268074036,0.7877160310745239,-0.020755024626851082,0.6262362599372864,0.7526504397392273,-0.029856320470571518,0.6548656821250916,0.738705575466156,-0.03845760598778725,0.6108856201171875,0.7072353959083557,-0.007799624931067228,0.6076125502586365,0.6346745491027832,-0.022993184626102448,0.6073494553565979,0.5888603925704956,-0.03200745955109596,0.607753336429596,0.5513712167739868,-0.03657195717096329,0.6383240222930908,0.7122801542282104,-0.014353388920426369,0.6419152617454529,0.6330386996269226,-0.02988516539335251,0.6430105566978455,0.58320152759552,-0.03961765021085739,0.6453703045845032,0.5439786314964294,-0.04304758086800575,0.6615077257156372,0.735754668712616,-0.02349337376654148,0.661041259765625,0.7146124839782715,-0.04771912470459938,0.6444383263587952,0.7492103576660156,-0.053886763751506805,0.6348055601119995,0.7752907276153564,-0.04982859268784523,0.6766468286514282,0.7689870595932007,-0.033768948167562485,0.6714959740638733,0.7562578916549683,-0.04970627650618553,0.652374804019928,0.7837965488433838,-0.048105690628290176,0.639959990978241,0.8063130974769592,-0.04234689101576805
0.6324540972709656,0.8978316187858582,3.8672141045026365e-07,0.6006355285644531,0.8553926348686218,-0.012027725577354431,0.5935071110725403,0.7952029705047607,-0.01880727894604206,0.6209645867347717,0.7618537545204163,-0.028247090056538582,0.6474832892417908,0.7457783222198486,-0.037272099405527115,0.6060725450515747,0.7121556401252747,-0.007655745837837458,0.6031237840652466,0.6392378211021423,-0.022947950288653374,0.6027543544769287,0.5924398899078369,-0.032491471618413925,0.6037949323654175,0.55417799949646,-0.03773738443851471,0.6344074606895447,0.7177291512489319,-0.015306686982512474,0.6361290812492371,0.6387137770652771,-0.03115098923444748,0.637093722820282,0.5870405435562134,-0.04207604378461838,0.6402960419654846,0.5466529130935669,-0.04698549583554268,0.6581687927246094,0.7418935298919678,-0.02525012008845806,0.656474232673645,0.7195028066635132,-0.049284737557172775,0.6388894319534302,0.7528496980667114,-0.05593951791524887,0.6282140612602234,0.7804189920425415,-0.05280277505517006,0.6733155250549316,0.7758233547210693,-0.03617415577173233,0.666862428188324,0.7620683908462524,-0.05257886275649071,0.6467677354812622,0.7870582938194275,-0.05170955881476402,0.632977306842804,0.8099298477172852,-0.04670648276805878
0.6395140886306763,0.9042051434516907,3.952821714392485e-07,0.6083619594573975,0.8621324300765991,-0.013851973228156567,0.6038416624069214,0.8056451082229614,-0.02230987697839737,0.6300674080848694,0.7770151495933533,-0.032884757965803146,0.6526826024055481,0.7594640254974365,-0.04275825619697571,0.6131008863449097,0.7218044996261597,-0.012484753504395485,0.6083248257637024,0.6470685005187988,-0.03003651089966297,0.6071234345436096,0.600826621055603,-0.03983075171709061,0.6075407266616821,0.5623526573181152,-0.04430081695318222,0.6425959467887878,0.7251887321472168,-0.01950068771839142,0.6418774724006653,0.6443620920181274,-0.036547981202602386,0.6418257355690002,0.5943156480789185,-0.047383878380060196,0.6442910432815552,0.554740846157074,-0.05121273547410965,0.6674612760543823,0.7487270832061768,-0.028647923842072487,0.6600918769836426,0.7384340167045593,-0.05225082486867905,0.6433622241020203,0.7723742723464966,-0.058171648532152176,0.6345796585083008,0.7957882881164551,-0.05413288623094559,0.6828231811523438,0.7824394702911377,-0.03901037573814392,0.6723218560218811,0.7822515964508057,-0.053467098623514175,0.6551011204719543,0.8085507154464722,-0.0510990247130394,0.6456335783004761,0.8275592923164368,-0.04477381706237793
0.6412011981010437,0.9087823629379272,4.029590741083666e-07,0.6097906827926636,0.8680180311203003,-0.014159613288939,0.6037770509719849,0.8115410208702087,-0.022281603887677193,0.6298612356185913,0.7825244665145874,-0.03248099610209465,0.6531428694725037,0.7651112079620361,-0.042034994810819626,0.6145637631416321,0.7238045930862427,-0.011207230389118195,0.6100637316703796,0.6492404937744141,-0.027888642624020576,0.6093147397041321,0.6021507978439331,-0.03760155290365219,0.6098957657814026,0.5634361505508423,-0.04247990623116493,0.6435440182685852,0.7263794541358948,-0.018037883564829826,0.6444709897041321,0.6459592580795288,-0.03480656445026398,0.6452605724334717,0.5952574014663696,-0.04570472612977028,0.6485579609870911,0.554865837097168,-0.050006039440631866,0.6673893928527832,0.7490156292915344,-0.02723808027803898,0.664009153842926,0.7331041693687439,-0.05154188349843025,0.6477102637290955,0.7678607702255249,-0.05814962461590767,0.639146089553833,0.7932667136192322,-0.05469707399606705,0.6825726628303528,0.782438337802887,-0.03762778639793396,0.6752550601959229,0.7770116329193115,-0.05373934283852577,0.6568740606307983,0.8039945960044861,-0.05284447968006134,0.6457741856575012,0.825008749961853,-0.047651082277297974
0.643092691898346,0.9111137986183167,4.0188913885685906e-07,0.6111645102500916,0.8695648312568665,-0.014380869455635548,0.6049962043762207,0.8128068447113037,-0.02265775576233864,0.632145345211029,0.7837005257606506,-0.03293522447347641,0.6570994853973389,0.7659561038017273,-0.04258359596133232,0.6153727173805237,0.7215992212295532,-0.010404018685221672,0.6127147078514099,0.6485249996185303,-0.026425760239362717,0.611739993095398,0.6013583540916443,-0.03617730364203453,0.612150251865387,0.5632784962654114,-0.04170404374599457,0.6454921960830688,0.7245346903800964,-0.017513196915388107,0.6456554532051086,0.6450318098068237,-0.03360385447740555,0.646132230758667,0.5935148596763611,-0.045000750571489334,0.6495867371559143,0.5527687072753906,-0.05035913735628128,0.6701247692108154,0.7490671277046204,-0.02703334204852581,0.6671184301376343,0.7268749475479126,-0.04997311159968376,0.6500584483146667,0.7597715854644775,-0.056559160351753235,0.6409201622009277,0.7844324111938477,-0.0541347898542881,0.6858204007148743,0.7847848534584045,-0.0378430150449276,0.6757025122642517,0.7788804769515991,-0.053834520280361176,0.6576569676399231,0.8037114143371582,-0.05380001664161682,0.6478608250617981,0.8224558234214783,-0.04967198893427849
0.6447114944458008,0.9090540409088135,4.269645614840556e-07,0.6131659150123596,0.867212176322937,-0.015414389781653881,0.6058711409568787,0.8106677532196045,-0.02424253337085247,0.6328726410865784,0.781175971031189,-0.03498530015349388,0.659538209438324,0.7659441828727722,-0.04504133015871048,0.6164485216140747,0.7200961112976074,-0.011248365975916386,0.6133800745010376,0.6464540958404541,-0.027386631816625595,0.6125789284706116,0.5991311073303223,-0.03715243190526962,0.613201379776001,0.5607962608337402,-0.04262237250804901,0.6454007029533386,0.7248228192329407,-0.018116027116775513,0.6464952826499939,0.6441252827644348,-0.034689854830503464,0.6478773951530457,0.5921986103057861,-0.04585188254714012,0.6519907712936401,0.5508078336715698,-0.05086693540215492,0.6695822477340698,0.7502297759056091,-0.027539754286408424,0.6717687845230103,0.728075385093689,-0.05180869251489639,0.6554861664772034,0.7632215619087219,-0.058078132569789886,0.6456995606422424,0.789223313331604,-0.05477524921298027,0.6852095723152161,0.7863110303878784,-0.038283366709947586,0.6810946464538574,0.7756014466285706,-0.05479886382818222,0.6641458868980408,0.80210942029953,-0.053813911974430084,0.653622031211853,0.8229424953460693,-0.048769816756248474
0.6426682472229004,0.9098969101905823,4.3475498046063876e-07,0.610944926738739,0.8667791485786438,-0.013673868030309677,0.6038837432861328,0.8072946071624756,-0.021805191412568092,0.631020724773407,0.7769923806190491,-0.032390791922807693,0.6575865149497986,0.7628647089004517,-0.042524129152297974,0.6164001226425171,0.7191953659057617,-0.010206885635852814,0.6133122444152832,0.6451674699783325,-0.026216063648462296,0.6124956011772156,0.5974211096763611,-0.03608478978276253,0.6132555603981018,0.5588883757591248,-0.04171856865286827,0.6453129649162292,0.724990725517273,-0.018266089260578156,0.6475606560707092,0.6440377235412598,-0.03482678160071373,0.6483463644981384,0.59145587682724,-0.04620661213994026,0.6525168418884277,0.5494922995567322,-0.05152708664536476,0.6691921949386597,0.7518255710601807,-0.02872350998222828,0.6702865362167358,0.7265399098396301,-0.05324173346161842,0.6516117453575134,0.7615103125572205,-0.059524230659008026,0.6415444612503052,0.7883805632591248,-0.05626465007662773,0.6838734149932861,0.7901090383529663,-0.0403435081243515,0.6807780265808105,0.7751515507698059,-0.05742040276527405,0.6620712876319885,0.7997260689735413,-0.0565188005566597,0.650941014289856,0.8207702040672302,-0.05150708928704262
0.6397002935409546,0.9064185619354248,4.2441365621925797e-07,0.608862042427063,0.8643117547035217,-0.013068447820842266,0.6013714671134949,0.8068149089813232,-0.02070067636668682,0.6267368793487549,0.7777649760246277,-0.030789149925112724,0.6521599292755127,0.7623770833015442,-0.04050268605351448,0.6149193048477173,0.7178447246551514,-0.00903525110334158,0.611936628818512,0.6443544626235962,-0.024500589817762375,0.6110188364982605,0.5969828367233276,-0.033859290182590485,0.6112756729125977,0.5582973957061768,-0.03898882120847702,0.6435381770133972,0.722961962223053,-0.016929054632782936,0.6464539170265198,0.6420816779136658,-0.033222537487745285,0.6472664475440979,0.5890685319900513,-0.044307343661785126,0.6502096652984619,0.5470830202102661,-0.04918975383043289,0.6670315265655518,0.748353123664856,-0.027177540585398674,0.6668397784233093,0.7234545946121216,-0.0521378330886364,0.650366485118866,0.7581318616867065,-0.05884628742933273,0.6410680413246155,0.7852032780647278,-0.05550529062747955,0.6819989681243896,0.7845478653907776,-0.03839622065424919,0.6780849695205688,0.7702468037605286,-0.055541470646858215,0.6603273749351501,0.7978525161743164,-0.05432082712650299,0.6495813131332397,0.8216904997825623,-0.04887857660651207
0.6365872621536255,0.9007766842842102,4.243026978656417e-07,0.605122983455658,0.8578945994377136,-0.01418854296207428,0.5976186394691467,0.8006365895271301,-0.02320938929915428,0.6243212223052979,0.7728819847106934,-0.034391436725854874,0.6516433954238892,0.7590774297714233,-0.04490617290139198,0.6137694716453552,0.7144491076469421,-0.011659807525575161,0.6084372401237488,0.6414837837219238,-0.028054820373654366,0.6062359809875488,0.595314085483551,-0.03773045167326927,0.6053847074508667,0.5574376583099365,-0.04289276525378227,0.6425209045410156,0.7197818160057068,-0.018896332010626793,0.6464939713478088,0.6397451162338257,-0.035640839487314224,0.6470900177955627,0.588728666305542,-0.046186767518520355,0.650039553642273,0.5472186803817749,-0.050477176904678345,0.6657518744468689,0.744925856590271,-0.028504660353064537,0.6628352403640747,0.7245293855667114,-0.05265844240784645,0.6450193524360657,0.7594369053840637,-0.057993944734334946,0.6361750364303589,0.7848854660987854,-0.0537579171359539,0.6805305480957031,0.7805794477462769,-0.0393168143928051,0.6746321320533752,0.7694361805915833,-0.05453917011618614,0.6563805937767029,0.7951859831809998,-0.052031390368938446,0.646205484867096,0.816000759601593,-0.04594369977712631
0.6378798484802246,0.8989405035972595,4.245830496074632e-07,0.6054482460021973,0.8555071353912354,-0.014693074859678745,0.5980733036994934,0.7962581515312195,-0.022204970940947533,0.6257255673408508,0.7656603455543518,-0.031839556992053986,0.6535077095031738,0.7515624761581421,-0.04070015996694565,0.6114606857299805,0.7118926644325256,-0.007753478363156319,0.6051653027534485,0.6377907991409302,-0.022628432139754295,0.603356122970581,0.5913176536560059,-0.03144989162683487,0.6022354364395142,0.553860604763031,-0.035818565636873245,0.6399524211883545,0.7170257568359375,-0.014260217547416687,0.6434087157249451,0.6378122568130493,-0.029672307893633842,0.6446760296821594,0.5867441892623901,-0.03979966416954994,0.6472645998001099,0.5469444394111633,-0.043385814875364304,0.6633279919624329,0.7416719794273376,-0.023538827896118164,0.6609441041946411,0.7249608039855957,-0.04764683172106743,0.6455008387565613,0.7607238292694092,-0.05399047210812569,0.637528657913208,0.7867844104766846,-0.04983295500278473,0.6781128644943237,0.7762798070907593,-0.0340859591960907,0.6748464703559875,0.7647910714149475,-0.04972875490784645,0.6576321125030518,0.7922964692115784,-0.04781300202012062,0.6471838355064392,0.8148185014724731,-0.041718628257513046
0.6380775570869446,0.8902013301849365,4.571700742417306e-07,0.6074288487434387,0.849227249622345,-0.01591465249657631,0.6009418368339539,0.793701171875,-0.025335730984807014,0.6274537444114685,0.7625285983085632,-0.036356303840875626,0.6537956595420837,0.7429867386817932,-0.046357396990060806,0.6140239834785461,0.7040501236915588,-0.010794230736792088,0.6069589257240295,0.6306987404823303,-0.026133395731449127,0.6032780408859253,0.5846449136734009,-0.03509869799017906,0.6010312438011169,0.5471087098121643,-0.03974698856472969,0.6437368392944336,0.7084341049194336,-0.016951043158769608,0.6486653685569763,0.6284754276275635,-0.03305642306804657,0.6499835252761841,0.5761570930480957,-0.04354558140039444,0.6529244780540466,0.5353379249572754,-0.04753156006336212,0.667564332485199,0.7335638403892517,-0.025744915008544922,0.6673547625541687,0.7132124900817871,-0.05052145570516586,0.6474496722221375,0.7499474287033081,-0.056502629071474075,0.6354465484619141,0.7759455442428589,-0.05232391506433487,0.6827527284622192,0.7690820097923279,-0.03574848920106888,0.679205060005188,0.7559384107589722,-0.05296275392174721,0.6603252291679382,0.7842181921005249,-0.051235493272542953,0.6480700969696045,0.8059722185134888,-0.04505264386534691
0.6401371955871582,0.8894301652908325,4.3396562432462815e-07,0.6096214056015015,0.8483603596687317,-0.018507199361920357,0.6018795371055603,0.7937940359115601,-0.028876563534140587,0.6284409165382385,0.7599806189537048,-0.04059591889381409,0.656329333782196,0.7406963109970093,-0.050972167402505875,0.6153625249862671,0.7035641074180603,-0.011596736498177052,0.6074517369270325,0.6298122406005859,-0.027937863022089005,0.6038631200790405,0.5828409194946289,-0.03772646561264992,0.6018836498260498,0.5452542901039124,-0.042812783271074295,0.6441973447799683,0.7084925770759583,-0.01686141826212406,0.6476434469223022,0.6270691156387329,-0.03377629444003105,0.6495044231414795,0.5751974582672119,-0.04430348426103592,0.6532852053642273,0.5346727967262268,-0.0481472872197628,0.6678027510643005,0.7338825464248657,-0.02523101307451725,0.667991042137146,0.710465669631958,-0.050944000482559204,0.6515793204307556,0.7477075457572937,-0.05624181404709816,0.642863392829895,0.7734363079071045,-0.051210127770900726,0.6833509802818298,0.7692989110946655,-0.03511497378349304,0.681694746017456,0.7512975335121155,-0.05215543136000633,0.663571298122406,0.7790582180023193,-0.0497199110686779,0.6523776650428772,0.8006929159164429,-0.04303637892007828
0.6434845924377441,0.8953616619110107,4.1797034100454766e-07,0.6107773780822754,0.852772057056427,-0.016136838123202324,0.601922869682312,0.7953079342842102,-0.025216910988092422,0.6293551325798035,0.761106014251709,-0.03619511052966118,0.658002495765686,0.7421931028366089,-0.04620997607707977,0.6169739961624146,0.7041021585464478,-0.009369030594825745,0.6095420718193054,0.6299331784248352,-0.025042874738574028,0.6056568026542664,0.5822768807411194,-0.035106461495161057,0.603253960609436,0.5440544486045837,-0.04089793562889099,0.6461772322654724,0.7097402215003967,-0.01601118966937065,0.6496376991271973,0.628591001033783,-0.03231207653880119,0.6510520577430725,0.5756198167800903,-0.04361153393983841,0.65474534034729,0.5342331528663635,-0.04866505786776543,0.6698369383811951,0.7361603379249573,-0.025526663288474083,0.6712877154350281,0.7089150547981262,-0.05072632431983948,0.6531458497047424,0.7445033192634583,-0.05678369104862213,0.6428624391555786,0.7715024948120117,-0.052910055965185165,0.6851283311843872,0.7734666466712952,-0.0364004485309124,0.6834171414375305,0.7527667880058289,-0.05461324006319046,0.6642366051673889,0.7795840501785278,-0.05328314006328583,0.6515253782272339,0.802787184715271,-0.0474974624812603
0.641577422618866,0.8925699591636658,4.471274053230445e-07,0.6099912524223328,0.8500040173530579,-0.01639690063893795,0.6027194261550903,0.7928208112716675,-0.025191383436322212,0.6310194134712219,0.7603395581245422,-0.035758402198553085,0.6592426896095276,0.7418138384819031,-0.045269083231687546,0.6157898306846619,0.7027912139892578,-0.008756798692047596,0.608818769454956,0.628677487373352,-0.023560505360364914,0.6054361462593079,0.581796407699585,-0.03245328739285469,0.6033726334571838,0.5443723797798157,-0.03713143989443779,0.6454339623451233,0.7071884870529175,-0.01456532534211874,0.6498814821243286,0.626293957233429,-0.03000832535326481,0.6514958143234253,0.5735280513763428,-0.040624331682920456,0.6544049978256226,0.5331813097000122,-0.04488852620124817,0.6693428158760071,0.7318710088729858,-0.023297082632780075,0.6676428914070129,0.7107078433036804,-0.04742184281349182,0.651259183883667,0.7466266751289368,-0.05389866232872009,0.6421728134155273,0.7725040316581726,-0.050200339406728745,0.6851281523704529,0.7663371562957764,-0.03340251371264458,0.6808172464370728,0.7522770166397095,-0.049826886504888535,0.6627418994903564,0.7804222702980042,-0.04838988929986954,0.6513047814369202,0.8027397990226746,-0.04268679767847061
0.6422449946403503,0.8978249430656433,4.199349632472149e-07,0.6094860434532166,0.8532036542892456,-0.013573446311056614,0.6012949347496033,0.7945893406867981,-0.021185817196965218,0.629156768321991,0.7605233192443848,-0.03154361993074417,0.6568235754966736,0.7432953119277954,-0.041276685893535614,0.6139258742332458,0.7059761881828308,-0.006420942023396492,0.6055514216423035,0.631925106048584,-0.021767770871520042,0.6021203994750977,0.5841498970985413,-0.03125714138150215,0.6005286574363708,0.5452193021774292,-0.03632320091128349,0.6435805559158325,0.7115757465362549,-0.014090788550674915,0.6473988890647888,0.630582869052887,-0.030113013461232185,0.649499237537384,0.5766564607620239,-0.0413786806166172,0.6534402966499329,0.534671425819397,-0.04613379016518593,0.667867124080658,0.7376037240028381,-0.024492651224136353,0.6665899157524109,0.7163754105567932,-0.04980020970106125,0.6495069861412048,0.7519782185554504,-0.05710826441645622,0.6401165127754211,0.7787780165672302,-0.053682707250118256,0.6838150024414062,0.7739502787590027,-0.03595154732465744,0.6799249649047852,0.7582412958145142,-0.05307173728942871,0.6598973870277405,0.7858867049217224,-0.05179714038968086,0.6465604305267334,0.8093910217285156,-0.04613017663359642
0.6392542719841003,0.8979179859161377,4.384498026865913e-07,0.6068409085273743,0.8541280031204224,-0.012945431284606457,0.5983532071113586,0.7959949970245361,-0.020829789340496063,0.6256376504898071,0.7635868787765503,-0.03136790543794632,0.6517223119735718,0.7457336783409119,-0.04124936833977699,0.6128786206245422,0.7069582343101501,-0.007772048469632864,0.6039791703224182,0.6329368352890015,-0.02299003303050995,0.5995139479637146,0.5856621861457825,-0.032227806746959686,0.5967823266983032,0.5474668741226196,-0.03718564286828041,0.6426103711128235,0.713747501373291,-0.015711231157183647,0.6478115320205688,0.6323696374893188,-0.03225200995802879,0.649285614490509,0.5777652263641357,-0.043742064386606216,0.6523734331130981,0.5353062152862549,-0.048651549965143204,0.6667912006378174,0.7404242157936096,-0.026110254228115082,0.6643742322921753,0.7188236117362976,-0.0510559156537056,0.6455814242362976,0.7540493011474609,-0.05764685198664665,0.6349778771400452,0.7805457711219788,-0.05394508317112923,0.6828951239585876,0.7769964933395386,-0.03750596195459366,0.6778194904327393,0.7605862021446228,-0.05385412275791168,0.6583070158958435,0.7877656817436218,-0.05165286362171173,0.6461494565010071,0.8102720975875854,-0.04548792541027069
0.6390913724899292,0.898219108581543,4.219575089337013e-07,0.6066381335258484,0.8538139462471008,-0.01179050374776125,0.598047137260437,0.7947317361831665,-0.01865582913160324,0.6247395277023315,0.7626138925552368,-0.028318697586655617,0.6515218019485474,0.7469670176506042,-0.037370387464761734,0.6126389503479004,0.707351803779602,-0.006222291849553585,0.6024232506752014,0.633049488067627,-0.020368851721286774,0.5976109504699707,0.5861446261405945,-0.028734197840094566,0.5947319269180298,0.548061192035675,-0.033097632229328156,0.6425924897193909,0.7132507562637329,-0.014323603361845016,0.6467273235321045,0.6318321228027344,-0.0297132208943367,0.6478706002235413,0.5777468681335449,-0.04064345359802246,0.650698721408844,0.5360117554664612,-0.04514089226722717,0.6670095324516296,0.7389978170394897,-0.02478732541203499,0.6628602743148804,0.718250572681427,-0.04856391251087189,0.6453717350959778,0.7526055574417114,-0.055368632078170776,0.6362255811691284,0.7790870070457458,-0.0519060380756855,0.6830067038536072,0.7744108438491821,-0.03616982325911522,0.6761066317558289,0.7589998841285706,-0.051367178559303284,0.6569195985794067,0.7858902215957642,-0.049185846000909805,0.6456690430641174,0.8090591430664062,-0.04316078871488571
0.6363376379013062,0.8992433547973633,4.201978356377367e-07,0.6042563915252686,0.8574931025505066,-0.01262781210243702,0.5944621562957764,0.798972487449646,-0.019938059151172638,0.6215490102767944,0.7666190266609192,-0.029642626643180847,0.6494562029838562,0.7485849857330322,-0.03878479823470116,0.6064754128456116,0.7125441431999207,-0.010135684162378311,0.5952773094177246,0.6370514035224915,-0.02587115950882435,0.5907865762710571,0.5887033939361572,-0.03425214812159538,0.5878480672836304,0.549385666847229,-0.03821475803852081,0.6377798914909363,0.7164672613143921,-0.017474649474024773,0.6439805030822754,0.633634626865387,-0.03368702903389931,0.6459689140319824,0.579763650894165,-0.043933119624853134,0.6485621929168701,0.5384676456451416,-0.047466497868299484,0.6631978750228882,0.7407755255699158,-0.027003373950719833,0.658670961856842,0.7253401875495911,-0.05154149979352951,0.6427265405654907,0.7597616910934448,-0.058624956756830215,0.6345828771591187,0.7860627174377441,-0.05498196929693222,0.6800395846366882,0.7750948071479797,-0.037378158420324326,0.6697534322738647,0.7693536877632141,-0.053212594240903854,0.6504746675491333,0.7969875931739807,-0.05166017264127731,0.6387150883674622,0.8195199966430664,-0.04574599862098694
0.6339737176895142,0.9013727903366089,4.2372806774437777e-07,0.6013167500495911,0.8577911257743835,-0.010006080381572247,0.5922086238861084,0.7972386479377747,-0.016175542026758194,0.6192441582679749,0.7652706503868103,-0.025402594357728958,0.6459197998046875,0.7499417662620544,-0.034320168197155,0.6051821112632751,0.7132537364959717,-0.007545934524387121,0.594728410243988,0.6387591361999512,-0.022197159007191658,0.5901154279708862,0.5919393301010132,-0.030319083482027054,0.5869252681732178,0.553645133972168,-0.03435605391860008,0.6364211440086365,0.7170136570930481,-0.015884671360254288,0.6421870589256287,0.6353471279144287,-0.031034981831908226,0.6436707377433777,0.5812514424324036,-0.04159069433808327,0.6459184288978577,0.5394260883331299,-0.04583343490958214,0.6618611812591553,0.7410469651222229,-0.026168575510382652,0.6534442901611328,0.7267090082168579,-0.04873378202319145,0.6356235146522522,0.7603946924209595,-0.05594443157315254,0.6264045238494873,0.7864177227020264,-0.05314904823899269,0.6787607669830322,0.7751123905181885,-0.03724021464586258,0.6667818427085876,0.7698677182197571,-0.05172167718410492,0.6462225317955017,0.7961741089820862,-0.05035320669412613,0.6335065364837646,0.8179083466529846,-0.04508572071790695
0.6324734091758728,0.9034123420715332,4.113003626571299e-07,0.6009343862533569,0.8588466644287109,-0.010078990831971169,0.5915315747261047,0.7976053953170776,-0.015798419713974,0.617967426776886,0.7659815549850464,-0.02458624169230461,0.6458057165145874,0.7513174414634705,-0.03297401964664459,0.6045661568641663,0.7131760120391846,-0.005818577017635107,0.5931423902511597,0.6386002898216248,-0.019924180582165718,0.5880217552185059,0.5911568403244019,-0.0276845321059227,0.5845817923545837,0.5530092716217041,-0.03153473138809204,0.6352566480636597,0.7177120447158813,-0.014269586652517319,0.6400249004364014,0.6367132663726807,-0.029233504086732864,0.6415599584579468,0.5823447704315186,-0.039904236793518066,0.644207239151001,0.5401245951652527,-0.04420861229300499,0.6601473689079285,0.7423433065414429,-0.024838052690029144,0.6543957591056824,0.7258034944534302,-0.04804546758532524,0.6377442479133606,0.7591350674629211,-0.05577768012881279,0.6292006969451904,0.7853385210037231,-0.053092241287231445,0.6762595772743225,0.7766168117523193,-0.03613792732357979,0.6649829149246216,0.7699257731437683,-0.05124352499842644,0.6451634764671326,0.795586109161377,-0.050356391817331314,0.6330724954605103,0.8172305822372437,-0.04533487930893898
0.6327220797538757,0.9018521904945374,3.910509747129254e-07,0.6002376079559326,0.8591713309288025,-0.009762929752469063,0.5894940495491028,0.7990673184394836,-0.015343795530498028,0.6145763993263245,0.7681406736373901,-0.0238892063498497,0.640861988067627,0.752071738243103,-0.03215150162577629,0.6033296585083008,0.7120993733406067,-0.0063199433498084545,0.5919407606124878,0.638741672039032,-0.020298780873417854,0.5868101716041565,0.592254102230072,-0.027882032096385956,0.5835672616958618,0.5545531511306763,-0.03166111558675766,0.6346776485443115,0.7157388925552368,-0.014797268435359001,0.6388622522354126,0.6353263854980469,-0.029350657016038895,0.6392056941986084,0.5820554494857788,-0.03976906090974808,0.6407353281974792,0.5408099293708801,-0.044038075953722,0.6601043939590454,0.7398001551628113,-0.025268811732530594,0.6520193815231323,0.7234662175178528,-0.047591906040906906,0.6352221965789795,0.7567059993743896,-0.05504339188337326,0.627120852470398,0.7825656533241272,-0.052607130259275436,0.6765163540840149,0.7734840512275696,-0.036455463618040085,0.661246657371521,0.7692683935165405,-0.05095460265874863,0.6413514614105225,0.7959534525871277,-0.05002368241548538,0.6303451061248779,0.8176155090332031,-0.04519205540418625
0.6318857073783875,0.9024020433425903,3.9348967106889177e-07,0.5992310047149658,0.8597291111946106,-0.010144209489226341,0.5882885456085205,0.7991050481796265,-0.01613807864487171,0.6144276857376099,0.7674004435539246,-0.025055546313524246,0.6413844227790833,0.7511430978775024,-0.03373286500573158,0.6028172373771667,0.7126390337944031,-0.007502586115151644,0.5924574732780457,0.6390494108200073,-0.021763289347290993,0.5875549912452698,0.5921800136566162,-0.029824450612068176,0.5845211148262024,0.5540170669555664,-0.03414231911301613,0.6337321400642395,0.7165705561637878,-0.01597427949309349,0.637096643447876,0.6350888013839722,-0.030968043953180313,0.6373311877250671,0.5807749032974243,-0.04187364503741264,0.6389889121055603,0.5387225151062012,-0.046738870441913605,0.6590421795845032,0.7409161329269409,-0.026372751221060753,0.6537028551101685,0.7218673825263977,-0.04926054924726486,0.6360775232315063,0.7552351951599121,-0.056849125772714615,0.6263944506645203,0.7820515632629395,-0.054615870118141174,0.6755890250205994,0.7751337289810181,-0.03749537840485573,0.663527250289917,0.7677333354949951,-0.05300012603402138,0.643055260181427,0.7941934466362,-0.05236521363258362,0.6303726434707642,0.8168547749519348,-0.04772423952817917
0.6314384341239929,0.9007806181907654,3.9594078771187924e-07,0.598495602607727,0.8584072589874268,-0.011060281656682491,0.5878646373748779,0.8003699779510498,-0.017451582476496696,0.6126098036766052,0.7690328359603882,-0.026706058531999588,0.6369430422782898,0.7513059377670288,-0.03554593399167061,0.602687418460846,0.711451530456543,-0.0067106629721820354,0.5922425985336304,0.6382343173027039,-0.02108679711818695,0.5872122049331665,0.5911591053009033,-0.0293935127556324,0.5843071341514587,0.5526993870735168,-0.03383003920316696,0.6329702138900757,0.7154883742332458,-0.014908436685800552,0.6357789635658264,0.6346972584724426,-0.030348019674420357,0.6363394260406494,0.5808814764022827,-0.04129330441355705,0.638461172580719,0.5389620661735535,-0.04604876786470413,0.6577944159507751,0.7399112582206726,-0.025291867554187775,0.6549425721168518,0.7207034230232239,-0.049508217722177505,0.6373336911201477,0.7554382681846619,-0.05702025815844536,0.6268441081047058,0.7827649116516113,-0.054331790655851364,0.6743137836456299,0.7748324871063232,-0.03643961623311043,0.666300892829895,0.7646239995956421,-0.05309460684657097,0.6453250646591187,0.7932298183441162,-0.0522807277739048,0.6307544112205505,0.817550003528595,-0.04726332053542137
0.6331338882446289,0.9027948379516602,3.999237776497466e-07,0.5992246270179749,0.8604085445404053,-0.010158417746424675,0.5884701013565063,0.8011184930801392,-0.015810765326023102,0.6132230162620544,0.7692283391952515,-0.024614516645669937,0.6379688382148743,0.7515145540237427,-0.03307853266596794,0.6029148697853088,0.7118628621101379,-0.004827313125133514,0.593302309513092,0.6376405358314514,-0.018520819023251534,0.5886000990867615,0.5902655124664307,-0.026478173211216927,0.5857152938842773,0.5520168542861938,-0.03067987598478794,0.6330577731132507,0.7159461379051208,-0.01344666350632906,0.6358325481414795,0.6344382762908936,-0.028351904824376106,0.6361797451972961,0.5801109671592712,-0.03917760029435158,0.6381565928459167,0.5383538603782654,-0.04379655048251152,0.6577821373939514,0.7405281662940979,-0.0242730975151062,0.6534157991409302,0.7199336886405945,-0.04820454120635986,0.6352453827857971,0.7546510100364685,-0.05606294795870781,0.6247976422309875,0.7822065949440002,-0.05355546250939369,0.6740186214447021,0.7757818698883057,-0.03579460456967354,0.6653105020523071,0.7644191980361938,-0.05263324826955795,0.6438889503479004,0.7923752665519714,-0.05225643888115883,0.6292502880096436,0.8164167404174805,-0.04744479060173035
0.6332103610038757,0.9023330807685852,4.014711407762661e-07,0.5995438694953918,0.8581214547157288,-0.010502053424715996,0.5899203419685364,0.7976453304290771,-0.016952525824308395,0.6151075959205627,0.7634078860282898,-0.02644382230937481,0.6399696469306946,0.7456598877906799,-0.03538494557142258,0.6039419174194336,0.7106049060821533,-0.006052148994058371,0.5941375494003296,0.6365383267402649,-0.020354952663183212,0.5890420079231262,0.5896278619766235,-0.028740234673023224,0.5858757495880127,0.551666259765625,-0.0332377627491951,0.6338353753089905,0.7150548696517944,-0.014537382870912552,0.6357768177986145,0.6338770389556885,-0.02986210212111473,0.6356814503669739,0.5799189805984497,-0.0406189039349556,0.637566089630127,0.5383626818656921,-0.045198261737823486,0.6587924957275391,0.7398222088813782,-0.02517392672598362,0.6531766057014465,0.7205626368522644,-0.04837295413017273,0.6334915161132812,0.7554465532302856,-0.05494634434580803,0.6222351789474487,0.7834203243255615,-0.051771558821201324,0.6754041314125061,0.7750322818756104,-0.03670717030763626,0.6651297211647034,0.764483630657196,-0.05239700525999069,0.6436370611190796,0.7911916971206665,-0.05113253742456436,0.6295940279960632,0.8140349984169006,-0.04585547000169754
0.6353544592857361,0.9017735123634338,3.9766410964148236e-07,0.6023551821708679,0.8550628423690796,-0.010349739342927933,0.5942336916923523,0.794793963432312,-0.017013447359204292,0.6200173497200012,0.7624431252479553,-0.026798654347658157,0.6457937955856323,0.7447618246078491,-0.036136992275714874,0.6079686880111694,0.7112188935279846,-0.006308825686573982,0.5983973741531372,0.636539876461029,-0.02091778628528118,0.5933008790016174,0.58992600440979,-0.029279980808496475,0.5901419520378113,0.552091121673584,-0.03347627818584442,0.6379372477531433,0.7160441875457764,-0.015143151395022869,0.6400735378265381,0.6335131525993347,-0.030316242948174477,0.6400113701820374,0.5793886184692383,-0.04098215699195862,0.6420626044273376,0.5381602644920349,-0.04536311700940132,0.6627104878425598,0.7419165372848511,-0.026139594614505768,0.65648353099823,0.7220197916030884,-0.04945265129208565,0.637211263179779,0.7560317516326904,-0.05629527196288109,0.6267625093460083,0.78275465965271,-0.05313139781355858,0.6787095665931702,0.7782918214797974,-0.037921980023384094,0.6690941452980042,0.7646648287773132,-0.05330401286482811,0.6479942202568054,0.7899272441864014,-0.051516447216272354,0.6346150040626526,0.8119341135025024,-0.04584566503763199
0.6340749263763428,0.898898720741272,3.892305358021986e-07,0.6016460657119751,0.854341983795166,-0.010541192255914211,0.5924335718154907,0.7933365702629089,-0.01655537448823452,0.6197043657302856,0.7614210844039917,-0.025537248700857162,0.6470308303833008,0.7458395957946777,-0.03429790213704109,0.606989324092865,0.708484411239624,-0.006570836529135704,0.5970124006271362,0.6354585886001587,-0.02099476382136345,0.5926823019981384,0.5888893008232117,-0.029355205595493317,0.5904214382171631,0.550373375415802,-0.03393428027629852,0.6374629139900208,0.7132022380828857,-0.015095283277332783,0.640250563621521,0.6319529414176941,-0.030550513416528702,0.6409121751785278,0.5786353349685669,-0.04140821844339371,0.6432733535766602,0.5369260311126709,-0.04605574905872345,0.6626943945884705,0.7385005354881287,-0.025745060294866562,0.6587026119232178,0.7180097103118896,-0.049935854971408844,0.6403945088386536,0.7524747848510742,-0.05746723338961601,0.6298200488090515,0.7788035869598389,-0.05476067587733269,0.6794546842575073,0.7741562724113464,-0.037090424448251724,0.6699090600013733,0.7624587416648865,-0.053561221808195114,0.6480167508125305,0.7896712422370911,-0.0527576245367527,0.6333364248275757,0.8122280240058899,-0.047834306955337524
0.6370755434036255,0.9022406339645386,3.8745625374758674e-07,0.6030447483062744,0.8582829236984253,-0.010693801566958427,0.5932311415672302,0.7976681590080261,-0.01654851622879505,0.6195886731147766,0.764983057975769,-0.02538883127272129,0.6462490558624268,0.7490841746330261,-0.03387782350182533,0.6076899766921997,0.7102378010749817,-0.005119899287819862,0.5972732901573181,0.6359728574752808,-0.01931329071521759,0.5927731394767761,0.5885345339775085,-0.027752196416258812,0.5902654528617859,0.5497565269470215,-0.03230154141783714,0.6381104588508606,0.7146480083465576,-0.013585280627012253,0.6401242613792419,0.6329410076141357,-0.02891666442155838,0.6405112147331238,0.5791685581207275,-0.040008001029491425,0.6425175070762634,0.5378677845001221,-0.04470301419496536,0.6631655693054199,0.7395939826965332,-0.024335017427802086,0.6583561897277832,0.7188969254493713,-0.04878421872854233,0.6406211853027344,0.7530847191810608,-0.05681104585528374,0.6303481459617615,0.7800384759902954,-0.054217927157878876,0.6798672676086426,0.7749303579330444,-0.03578532859683037,0.6710442304611206,0.7621510028839111,-0.052612993866205215,0.649922251701355,0.7900959253311157,-0.052015796303749084,0.6356546878814697,0.813998818397522,-0.04702569916844368
0.6352673172950745,0.9039965867996216,3.9926553085933847e-07,0.6023911237716675,0.8598758578300476,-0.010656110011041164,0.5933341979980469,0.7982375621795654,-0.016539374366402626,0.6200738549232483,0.7655062079429626,-0.025498371571302414,0.6468847393989563,0.7502852082252502,-0.03413473442196846,0.6088904142379761,0.7104695439338684,-0.005403687246143818,0.5992893576622009,0.636385977268219,-0.019166823476552963,0.5944987535476685,0.5891770124435425,-0.0274233166128397,0.5920099020004272,0.5508248209953308,-0.03209643065929413,0.6389568448066711,0.7156872749328613,-0.014058015309274197,0.6410501003265381,0.6335294246673584,-0.029164664447307587,0.6413325071334839,0.5788164138793945,-0.04043738543987274,0.6438634395599365,0.5368545055389404,-0.04561290517449379,0.6638182401657104,0.741422176361084,-0.02495175413787365,0.6601348519325256,0.7191928029060364,-0.048653680831193924,0.6406591534614563,0.7531843185424805,-0.05644308403134346,0.629207968711853,0.7802083492279053,-0.05416843667626381,0.6800087094306946,0.7773535251617432,-0.0366397500038147,0.6711883544921875,0.7638611793518066,-0.05290208384394646,0.6496848464012146,0.7904032468795776,-0.05235353857278824,0.6355560421943665,0.8129757642745972,-0.04777126386761665
0.6356926560401917,0.9046750664710999,3.878064944728976e-07,0.6025363802909851,0.8594242334365845,-0.010077127255499363,0.5927969217300415,0.7966064214706421,-0.01567464880645275,0.6198262572288513,0.7632848024368286,-0.02447098307311535,0.6480511426925659,0.7494525909423828,-0.032968830317258835,0.6082879900932312,0.7092891335487366,-0.004862423986196518,0.5983479619026184,0.6356927156448364,-0.01877686381340027,0.5935433506965637,0.5887833833694458,-0.027195364236831665,0.5910488963127136,0.5500510931015015,-0.032020535320043564,0.6389445066452026,0.7143992781639099,-0.013823099434375763,0.6404898166656494,0.6330649852752686,-0.028858404606580734,0.6407121419906616,0.5790258049964905,-0.04007066413760185,0.6431555151939392,0.5370983481407166,-0.045167505741119385,0.6643542647361755,0.7403364777565002,-0.024970170110464096,0.658968448638916,0.720084547996521,-0.0483485646545887,0.6401532888412476,0.7539197206497192,-0.0558110736310482,0.6297041773796082,0.7811424136161804,-0.053249113261699677,0.6806321144104004,0.7763516306877136,-0.03692097216844559,0.6693016290664673,0.7642695903778076,-0.05244460329413414,0.6478317379951477,0.7901581525802612,-0.05152895301580429,0.634501576423645,0.8126580119132996,-0.04670637845993042
0.6354725956916809,0.9040315747261047,3.8729564266759553e-07,0.6025097370147705,0.8594996929168701,-0.010634980164468288,0.5927238464355469,0.7984970211982727,-0.01669870875775814,0.6193869113922119,0.7667959332466125,-0.02568911761045456,0.6468186378479004,0.7509917616844177,-0.034306760877370834,0.6077699065208435,0.7095773220062256,-0.006067228503525257,0.5984604358673096,0.6354766488075256,-0.020191092044115067,0.5939915180206299,0.5882461071014404,-0.028496108949184418,0.5916367769241333,0.549508273601532,-0.03310520574450493,0.6387012004852295,0.713988184928894,-0.014507217332720757,0.6403675675392151,0.6331388354301453,-0.029246719554066658,0.6408565640449524,0.5792176723480225,-0.040111590176820755,0.6431534290313721,0.5372053384780884,-0.04503481835126877,0.6642271280288696,0.739310622215271,-0.02511991374194622,0.6586781740188599,0.7212011218070984,-0.047966040670871735,0.6405842304229736,0.7546069622039795,-0.05548878014087677,0.6303462982177734,0.7810655832290649,-0.0532488189637661,0.680666446685791,0.7747926712036133,-0.03658458590507507,0.6677803993225098,0.7687769532203674,-0.052027780562639236,0.6466883420944214,0.7952277660369873,-0.051527850329875946,0.6334307789802551,0.8168766498565674,-0.04707946255803108
0.6350661516189575,0.9056854248046875,4.0157280523089867e-07,0.6017090678215027,0.8610575795173645,-0.011910302564501762,0.5917847156524658,0.7993565201759338,-0.01851981319487095,0.6199758648872375,0.7664036750793457,-0.02804616466164589,0.6486431360244751,0.7503853440284729,-0.03707093745470047,0.607667088508606,0.7108703255653381,-0.006550833582878113,0.598580539226532,0.636398196220398,-0.0215587317943573,0.5943309664726257,0.5884649157524109,-0.030659763142466545,0.5917115807533264,0.5490760803222656,-0.035819802433252335,0.6382100582122803,0.7156798839569092,-0.014836914837360382,0.6405619978904724,0.6343666315078735,-0.030905872583389282,0.6412241458892822,0.5794366598129272,-0.042415302246809006,0.6434193253517151,0.5366395115852356,-0.04751119762659073,0.6632332801818848,0.7412309050559998,-0.02552616223692894,0.6592393517494202,0.7223825454711914,-0.05006451904773712,0.6413097977638245,0.7577072381973267,-0.057395923882722855,0.6308276653289795,0.7850105166435242,-0.05439576134085655,0.6796452403068542,0.7773148417472839,-0.037203915417194366,0.6707762479782104,0.7676743268966675,-0.0538853257894516,0.6497532725334167,0.7949689030647278,-0.05313585326075554,0.6355534791946411,0.817505955696106,-0.048126425594091415
0.6352577805519104,0.9081839323043823,3.9408661223205854e-07,0.6017261147499084,0.8626765608787537,-0.010232149623334408,0.5924108624458313,0.7997115850448608,-0.015614482574164867,0.6195537447929382,0.7668266296386719,-0.024170726537704468,0.6471925973892212,0.7499762773513794,-0.03238443657755852,0.6086506247520447,0.7116085290908813,-0.004320464096963406,0.5988970994949341,0.6368215084075928,-0.018411440774798393,0.5943388938903809,0.5888545513153076,-0.026855209842324257,0.591629147529602,0.5495316982269287,-0.03151397034525871,0.6393198370933533,0.7168813347816467,-0.01311493944376707,0.6415114998817444,0.6347401142120361,-0.028307829052209854,0.6415907740592957,0.5797131061553955,-0.03959979489445686,0.6435608267784119,0.5369839668273926,-0.04457319155335426,0.6640653014183044,0.7430210113525391,-0.02421863004565239,0.6583654284477234,0.7230775356292725,-0.04832326993346214,0.639485776424408,0.7571752071380615,-0.05633583292365074,0.6288601160049438,0.7838609218597412,-0.05386338010430336,0.679656982421875,0.7793526649475098,-0.0360749289393425,0.6689943075180054,0.7687536478042603,-0.052688952535390854,0.6472213268280029,0.7956626415252686,-0.05236837640404701,0.6330044269561768,0.8180546164512634,-0.04769351705908775
0.6346401572227478,0.9066481590270996,3.92097405210734e-07,0.601402997970581,0.862770140171051,-0.010975074954330921,0.5913262367248535,0.8008012771606445,-0.017116978764533997,0.6176093816757202,0.7673118710517883,-0.026299061253666878,0.6444669365882874,0.75049889087677,-0.03501296043395996,0.6076472401618958,0.7115764617919922,-0.006025869864970446,0.5982377529144287,0.6369029879570007,-0.020757772028446198,0.593826174736023,0.5890882611274719,-0.029466254636645317,0.5915802121162415,0.5499092936515808,-0.03429529443383217,0.6384449601173401,0.716411828994751,-0.014545325189828873,0.6402789354324341,0.6344740390777588,-0.030417971312999725,0.6409769058227539,0.5797788500785828,-0.04173857718706131,0.6436693668365479,0.537320613861084,-0.04671936854720116,0.6637394428253174,0.7419812679290771,-0.025322839617729187,0.657548189163208,0.723329484462738,-0.04938613623380661,0.6385626792907715,0.7583926320075989,-0.056557223200798035,0.6277353167533875,0.7859448194503784,-0.05364669859409332,0.6800037622451782,0.777592122554779,-0.0370040163397789,0.6681771278381348,0.7690649628639221,-0.05323580652475357,0.6466220617294312,0.7961098551750183,-0.05243820697069168,0.6329264640808105,0.8182237148284912,-0.04750942066311836
0.6347493529319763,0.9008001685142517,3.997583633008617e-07,0.602538526058197,0.8578513860702515,-0.01296134665608406,0.5936000943183899,0.7991984486579895,-0.020248746499419212,0.6203659772872925,0.7656451463699341,-0.02987576462328434,0.6470836997032166,0.7465471029281616,-0.03880899026989937,0.6088591814041138,0.7100598216056824,-0.008084268309175968,0.6017007231712341,0.635222315788269,-0.022641636431217194,0.5983720421791077,0.5880240797996521,-0.030706698074936867,0.5973065495491028,0.5495303869247437,-0.03486650064587593,0.6393627524375916,0.714040219783783,-0.015364406630396843,0.641796886920929,0.6322683095932007,-0.030371293425559998,0.6430061459541321,0.5784271359443665,-0.040476568043231964,0.646134614944458,0.5370121002197266,-0.04465867951512337,0.6642968058586121,0.7390003204345703,-0.025053419172763824,0.6598201990127563,0.7208112478256226,-0.04876020550727844,0.640420138835907,0.7555608749389648,-0.0557725615799427,0.6290216445922852,0.7822784185409546,-0.05290646851062775,0.6803295612335205,0.7741472125053406,-0.03573369234800339,0.6690436601638794,0.7676334977149963,-0.05220808461308479,0.6479553580284119,0.7957976460456848,-0.051646631211042404,0.634681761264801,0.8178451657295227,-0.04690064862370491
0.6362400054931641,0.9018000960350037,4.0423688574264816e-07,0.6029637455940247,0.8564043045043945,-0.01251105684787035,0.5947505831718445,0.7961407899856567,-0.019929200410842896,0.6222561597824097,0.7621538043022156,-0.03001423366367817,0.6490936875343323,0.744792640209198,-0.03955696150660515,0.6106995940208435,0.7102937698364258,-0.007709635887295008,0.6032962203025818,0.6356828212738037,-0.022988395765423775,0.6004077196121216,0.5883195400238037,-0.03223491832613945,0.5998042225837708,0.5493559837341309,-0.037253107875585556,0.6403639912605286,0.7159244418144226,-0.015634356066584587,0.6426755785942078,0.6333857774734497,-0.031673360615968704,0.6436269879341125,0.5790939927101135,-0.042726293206214905,0.6469830274581909,0.537187397480011,-0.047452595084905624,0.6653110980987549,0.7419646382331848,-0.0259260106831789,0.660848081111908,0.7201769948005676,-0.05074666440486908,0.6401323080062866,0.7554830312728882,-0.057462215423583984,0.6281925439834595,0.7833545207977295,-0.05394155904650688,0.6818883419036865,0.778387188911438,-0.037181247025728226,0.673194408416748,0.7634872794151306,-0.05423693731427193,0.6513736248016357,0.7911717891693115,-0.05278202146291733,0.6374015212059021,0.814894437789917,-0.04710397124290466
0.636680543422699,0.9006603956222534,4.0186472460845835e-07,0.603918194770813,0.8562666773796082,-0.012840957380831242,0.5947391390800476,0.79679274559021,-0.02037099376320839,0.6212378144264221,0.7625360488891602,-0.030391883105039597,0.648642897605896,0.7452692985534668,-0.03977423906326294,0.6119948029518127,0.7094936966896057,-0.00839915033429861,0.605347216129303,0.6342999339103699,-0.023395618423819542,0.6029852628707886,0.5868885517120361,-0.03216526284813881,0.6027421355247498,0.5482800602912903,-0.03683930262923241,0.6413866877555847,0.7145691514015198,-0.015938477590680122,0.6431475877761841,0.6321052312850952,-0.03159020468592644,0.6441006660461426,0.5779550075531006,-0.04209239408373833,0.6473166942596436,0.5366687178611755,-0.0465162917971611,0.6659042835235596,0.7404500246047974,-0.025861365720629692,0.6620125770568848,0.7187100052833557,-0.0502009354531765,0.6419423818588257,0.7528548836708069,-0.057179491966962814,0.6301465034484863,0.7802445292472839,-0.05405404418706894,0.6820350885391235,0.776726245880127,-0.03674797713756561,0.6732841730117798,0.7638351321220398,-0.053612563759088516,0.6512578725814819,0.7900146245956421,-0.052905622869729996,0.6365907192230225,0.8123196363449097,-0.04790950566530228
0.6360166668891907,0.9010263085365295,4.0244094634545036e-07,0.6036712527275085,0.8565486073493958,-0.012572241015732288,0.5952050089836121,0.7956798076629639,-0.020057128742337227,0.6220912933349609,0.7615447044372559,-0.030197054147720337,0.6490384340286255,0.7440868020057678,-0.039869796484708786,0.6119794249534607,0.7095478773117065,-0.008641174994409084,0.6075969934463501,0.6338990330696106,-0.02400875836610794,0.6065731644630432,0.585961103439331,-0.03315398097038269,0.6075505018234253,0.5466027855873108,-0.03813042491674423,0.6413283944129944,0.715371310710907,-0.016478393226861954,0.6434909105300903,0.6319915652275085,-0.03282909840345383,0.6444323062896729,0.5773862600326538,-0.04378840699791908,0.6477212309837341,0.5353034734725952,-0.04850258305668831,0.6665252447128296,0.7413370609283447,-0.026599498465657234,0.6618722081184387,0.7166743278503418,-0.051725830882787704,0.6405525803565979,0.7524194121360779,-0.05836161971092224,0.6281095147132874,0.7809217572212219,-0.054813943803310394,0.6836786270141602,0.7775754332542419,-0.03762016445398331,0.6742053627967834,0.7602907419204712,-0.05511004105210304,0.6514648199081421,0.7875865697860718,-0.05396487936377525,0.6369925141334534,0.8110365271568298,-0.048498064279556274
0.636271595954895,0.9017305970191956,4.0424777125736e-07,0.6044245958328247,0.8574854731559753,-0.013713093474507332,0.5957998037338257,0.7959372997283936,-0.02131771109998226,0.6230747699737549,0.7606189250946045,-0.03138762339949608,0.6509814262390137,0.7431043982505798,-0.040806036442518234,0.6121253967285156,0.7092766165733337,-0.008783938363194466,0.6087384223937988,0.6333767175674438,-0.02417088858783245,0.6085141897201538,0.585179328918457,-0.03329112008213997,0.6100162267684937,0.5459966659545898,-0.03818077966570854,0.6414056420326233,0.7150941491127014,-0.016007952392101288,0.6436729431152344,0.6327033638954163,-0.03228939324617386,0.6450628638267517,0.5788350105285645,-0.042939040809869766,0.6487373113632202,0.53778475522995,-0.04733152687549591,0.6664674282073975,0.7407265305519104,-0.025736812502145767,0.6620635986328125,0.7179613709449768,-0.05056038498878479,0.6424557566642761,0.7538940906524658,-0.05687303468585014,0.6315790414810181,0.7821803689002991,-0.053064145147800446,0.6834079623222351,0.7762251496315002,-0.0365772470831871,0.6744939684867859,0.7605262994766235,-0.05337049812078476,0.6531112790107727,0.787246584892273,-0.052112311124801636,0.6401144862174988,0.8098875284194946,-0.04663831740617752
0.6347492933273315,0.899446964263916,4.049697395203111e-07,0.6036524772644043,0.8553838729858398,-0.012843301519751549,0.5959213376045227,0.7938114404678345,-0.020055366680026054,0.6236663460731506,0.7593948841094971,-0.029853742569684982,0.651102602481842,0.7435120344161987,-0.039117950946092606,0.6120686531066895,0.7077854871749878,-0.008654670789837837,0.6100023984909058,0.6331929564476013,-0.024193180724978447,0.6098511219024658,0.585595428943634,-0.03323715552687645,0.6109710931777954,0.5466903448104858,-0.03807968273758888,0.6418526768684387,0.7131491899490356,-0.01633298024535179,0.6443786025047302,0.6311423182487488,-0.032817307859659195,0.6456948518753052,0.5773544311523438,-0.04362200200557709,0.6490053534507751,0.5354791879653931,-0.04802204668521881,0.6672462821006775,0.7387421727180481,-0.026337135583162308,0.6621134281158447,0.7185856103897095,-0.050975605845451355,0.6421792507171631,0.7546905875205994,-0.0572536364197731,0.6308171153068542,0.7821998000144958,-0.053431637585163116,0.6840893626213074,0.7745765447616577,-0.037374455481767654,0.6730003952980042,0.7634395360946655,-0.05373791977763176,0.6517921090126038,0.789912223815918,-0.0524185374379158,0.6392709016799927,0.8109208345413208,-0.046943794935941696
0.6356208920478821,0.8992495536804199,4.116437253287586e-07,0.6037369966506958,0.8548368811607361,-0.01329580508172512,0.595560610294342,0.7944498658180237,-0.020996566861867905,0.6236955523490906,0.761116087436676,-0.031236063688993454,0.6519134640693665,0.7454811930656433,-0.04082731157541275,0.6125233173370361,0.7078790664672852,-0.008990841917693615,0.6098440885543823,0.6319175958633423,-0.02450483851134777,0.6099088788032532,0.5837446451187134,-0.033639755100011826,0.6112505197525024,0.5443511009216309,-0.03852144628763199,0.6420043110847473,0.7133484482765198,-0.016383478417992592,0.6449875831604004,0.6313250660896301,-0.032571591436862946,0.6471171975135803,0.5771312713623047,-0.04322974756360054,0.6511830687522888,0.5354638695716858,-0.04766533896327019,0.6669257879257202,0.7386767268180847,-0.026157062500715256,0.6617071032524109,0.7182510495185852,-0.050205033272504807,0.6427757143974304,0.754116952419281,-0.05604342371225357,0.6323972940444946,0.7819873690605164,-0.05204985663294792,0.6837419867515564,0.7738077044487,-0.03707077354192734,0.6729311943054199,0.7605381011962891,-0.0527174137532711,0.6521362662315369,0.7875851392745972,-0.05074576288461685,0.639946460723877,0.8099306225776672,-0.04488718509674072
0.6363363862037659,0.8992946743965149,4.008029463875573e-07,0.6046226024627686,0.855290412902832,-0.012439992278814316,0.596108615398407,0.7960928082466125,-0.019763629883527756,0.6226076483726501,0.7638020515441895,-0.029691645875573158,0.6497593522071838,0.747482180595398,-0.0391949899494648,0.6129791140556335,0.7082964181900024,-0.008712081238627434,0.608783483505249,0.6337255835533142,-0.024082738906145096,0.6070863604545593,0.5859249830245972,-0.033276524394750595,0.607001781463623,0.5464851260185242,-0.038396622985601425,0.6429257392883301,0.7131451964378357,-0.016631485894322395,0.6467635035514832,0.6310263872146606,-0.03261937201023102,0.6484031677246094,0.5770725011825562,-0.04368484020233154,0.6517130136489868,0.5352457761764526,-0.04868878796696663,0.6675794720649719,0.7387024164199829,-0.026814986020326614,0.6641650795936584,0.7162511348724365,-0.05110972002148628,0.6454143524169922,0.7504034042358398,-0.05797929689288139,0.634779691696167,0.7775210738182068,-0.05498097836971283,0.6835245490074158,0.7744438648223877,-0.03793678432703018,0.673812985420227,0.7606945633888245,-0.05444478988647461,0.6530357599258423,0.7873614430427551,-0.05333307012915611,0.6402629017829895,0.8101579546928406,-0.04819578304886818
0.6368652582168579,0.898955225944519,3.9875359902907803e-07,0.6052963137626648,0.8550987839698792,-0.013098823837935925,0.5962653160095215,0.7966681122779846,-0.02099742740392685,0.622954785823822,0.7642147541046143,-0.0313849076628685,0.6506319642066956,0.7474378943443298,-0.04123969003558159,0.6135738492012024,0.7081708312034607,-0.009746897034347057,0.608910083770752,0.6336777806282043,-0.025542575865983963,0.6068422198295593,0.5859023332595825,-0.03506363555788994,0.606512188911438,0.5462332367897034,-0.04045529291033745,0.6435405611991882,0.7130418419837952,-0.017453301697969437,0.6470894813537598,0.6314641237258911,-0.03376089781522751,0.6489159464836121,0.5775414705276489,-0.045005884021520615,0.652580976486206,0.5354037880897522,-0.050188641995191574,0.668160080909729,0.7386149168014526,-0.027457887306809425,0.6635900139808655,0.7174251675605774,-0.05170433968305588,0.6448674201965332,0.7515541911125183,-0.05835505947470665,0.6346162557601929,0.7782739400863647,-0.05529135465621948,0.6841593980789185,0.7742634415626526,-0.038521453738212585,0.6734609603881836,0.7610244750976562,-0.05494941025972366,0.6528038382530212,0.7873361110687256,-0.05382172018289566,0.6405181288719177,0.8095282316207886,-0.04871821403503418
0.637103259563446,0.8984570503234863,4.0128833234120975e-07,0.6050565838813782,0.8543099164962769,-0.01248109433799982,0.5966355204582214,0.7958124876022339,-0.019704468548297882,0.6234895586967468,0.7638516426086426,-0.02954939380288124,0.6501836776733398,0.7470301985740662,-0.03889792039990425,0.6136595010757446,0.7075077891349792,-0.008197278715670109,0.6090986728668213,0.6333370804786682,-0.023150550201535225,0.606978178024292,0.5855780839920044,-0.032067637890577316,0.6065729260444641,0.5465399026870728,-0.03700878471136093,0.6438760757446289,0.7125732898712158,-0.01596630923449993,0.647887110710144,0.631711483001709,-0.031521495431661606,0.649742841720581,0.5773061513900757,-0.042501576244831085,0.6532708406448364,0.5354087948799133,-0.04752124845981598,0.6684359312057495,0.7380493879318237,-0.026055967435240746,0.6638081669807434,0.7178781032562256,-0.04963614046573639,0.6450212001800537,0.7513846158981323,-0.05654635280370712,0.6345275640487671,0.7778515219688416,-0.05377121642231941,0.6841140985488892,0.7733592391014099,-0.037172164767980576,0.6732375621795654,0.7615718841552734,-0.05317883566021919,0.652305006980896,0.7876352071762085,-0.05228792503476143,0.6395518779754639,0.8095160722732544,-0.04743020981550217
0.6368179321289062,0.9007136225700378,4.074574349033355e-07,0.6050246953964233,0.8553467392921448,-0.012761382386088371,0.5974111557006836,0.7958313822746277,-0.02013511396944523,0.6254070997238159,0.7624607682228088,-0.030271949246525764,0.6534909605979919,0.745454728603363,-0.03982605040073395,0.6141029000282288,0.7080848813056946,-0.006831877864897251,0.6090621948242188,0.6335445642471313,-0.021809734404087067,0.6067423820495605,0.5857953429222107,-0.031058385968208313,0.6061310768127441,0.5468122363090515,-0.036234065890312195,0.6440525650978088,0.7136976718902588,-0.014805955812335014,0.6482520699501038,0.6323519349098206,-0.03060673549771309,0.6502231955528259,0.5774785876274109,-0.0419435128569603,0.6539691090583801,0.5354362726211548,-0.047090526670217514,0.6685507297515869,0.7396778464317322,-0.025301620364189148,0.6655125617980957,0.7166694402694702,-0.04969802871346474,0.6465663909912109,0.7511487007141113,-0.05649496242403984,0.6359185576438904,0.7786273956298828,-0.05323491618037224,0.6843641996383667,0.7756696343421936,-0.03683735057711601,0.6760231852531433,0.7586948871612549,-0.053290918469429016,0.6549044251441956,0.7848042845726013,-0.05185728147625923,0.6417176723480225,0.8077666759490967,-0.04638310894370079
0.6368104219436646,0.9015824198722839,4.1085610291702324e-07,0.6048417091369629,0.855790913105011,-0.011959857307374477,0.5973321795463562,0.7947838306427002,-0.018800627440214157,0.6252850890159607,0.7615864276885986,-0.028517888858914375,0.6520139575004578,0.7439419031143188,-0.03764736279845238,0.6139912009239197,0.7071256637573242,-0.006002879235893488,0.60817551612854,0.6320955157279968,-0.020280301570892334,0.6057254076004028,0.584720253944397,-0.02903253398835659,0.6051682233810425,0.546190083026886,-0.033924270421266556,0.6444364190101624,0.7127266526222229,-0.01425543799996376,0.6483432650566101,0.631209135055542,-0.0293880607932806,0.6503276228904724,0.5762063264846802,-0.04054233431816101,0.6542406678199768,0.534546971321106,-0.045636504888534546,0.6694931983947754,0.738831102848053,-0.02494405023753643,0.6636530756950378,0.7174267768859863,-0.04816631227731705,0.6441806554794312,0.7513789534568787,-0.05492958426475525,0.6336677074432373,0.7785744667053223,-0.05201546102762222,0.6857499480247498,0.7748755216598511,-0.03669845312833786,0.6752640604972839,0.760104238986969,-0.052267055958509445,0.6539908051490784,0.7859387397766113,-0.05087345838546753,0.641440212726593,0.8083828687667847,-0.04567461460828781
0.6382731795310974,0.9004267454147339,4.046858066431014e-07,0.6062546372413635,0.8544784188270569,-0.010286933742463589,0.5989593863487244,0.792883038520813,-0.015975290909409523,0.6254773736000061,0.7613087892532349,-0.024682022631168365,0.6507160067558289,0.7436606287956238,-0.03281475231051445,0.615252673625946,0.7052627801895142,-0.004729012958705425,0.6070070862770081,0.6302191615104675,-0.018139014020562172,0.6030572056770325,0.5827035903930664,-0.02593250572681427,0.6011292934417725,0.544391930103302,-0.030135730281472206,0.6461910605430603,0.7108351588249207,-0.013236185535788536,0.6506668329238892,0.6292231678962708,-0.02785998024046421,0.6523122787475586,0.5744196176528931,-0.03877207264304161,0.6556593179702759,0.5326822996139526,-0.043628670275211334,0.6710573434829712,0.736921489238739,-0.023943454027175903,0.662926435470581,0.7174022197723389,-0.04638636112213135,0.6428446173667908,0.7502748370170593,-0.053565528243780136,0.6323812007904053,0.7761444449424744,-0.051108166575431824,0.6865735054016113,0.7724770307540894,-0.03551822528243065,0.6732903718948364,0.7606812715530396,-0.050300270318984985,0.651915967464447,0.7863022089004517,-0.04913261532783508,0.6400840282440186,0.8078447580337524,-0.044254742562770844
0.6382197737693787,0.8989200592041016,4.1298466157968505e-07,0.6065961122512817,0.8535165786743164,-0.011933759786188602,0.5989548563957214,0.7921057343482971,-0.018600748851895332,0.6269174218177795,0.7583257555961609,-0.028082488104701042,0.6536538004875183,0.7400931119918823,-0.03680259361863136,0.6138684749603271,0.705207109451294,-0.006507170852273703,0.6053077578544617,0.6303157210350037,-0.02103310264647007,0.6016806364059448,0.5828925967216492,-0.029247554019093513,0.6001672744750977,0.5444258451461792,-0.03352135792374611,0.6450904607772827,0.7106756567955017,-0.014402488246560097,0.6503173112869263,0.6296185851097107,-0.029760170727968216,0.6523746848106384,0.5751393437385559,-0.04047452658414841,0.6560584306716919,0.5332788228988647,-0.04490239918231964,0.6701726317405701,0.7367660403251648,-0.024679753929376602,0.6623191237449646,0.7195078134536743,-0.04802264645695686,0.6431844234466553,0.7548072338104248,-0.05461607873439789,0.6338785886764526,0.7818061113357544,-0.05122189223766327,0.685930073261261,0.77217698097229,-0.035982895642519,0.6719107627868652,0.7631034255027771,-0.051157839596271515,0.6508395075798035,0.7891601920127869,-0.04975510388612747,0.6396017670631409,0.8103336691856384,-0.04436677321791649
0.6388530731201172,0.8985333442687988,4.1790499949456716e-07,0.6070417761802673,0.8544963598251343,-0.012169484049081802,0.5982743501663208,0.7934253215789795,-0.019065547734498978,0.6256261467933655,0.7592797875404358,-0.02871864102780819,0.6530259251594543,0.7428044080734253,-0.037702374160289764,0.6146606802940369,0.7054641842842102,-0.0073386020958423615,0.6068999767303467,0.630562424659729,-0.021898651495575905,0.6032559275627136,0.5830469727516174,-0.03033171035349369,0.6012786626815796,0.54453045129776,-0.034891121089458466,0.6452246308326721,0.7109022736549377,-0.01531254779547453,0.6506656408309937,0.6296112537384033,-0.03072378784418106,0.6526919007301331,0.5750815272331238,-0.041530780494213104,0.6560770869255066,0.5332640409469604,-0.046150024980306625,0.6697607636451721,0.7370026111602783,-0.02562207169830799,0.6635329127311707,0.718234658241272,-0.04893067106604576,0.6443912386894226,0.7534697651863098,-0.05535693094134331,0.6347460150718689,0.7808210849761963,-0.05194716900587082,0.685224711894989,0.7725254893302917,-0.03699175640940666,0.6729705929756165,0.7617576122283936,-0.05230613797903061,0.6522700786590576,0.7877940535545349,-0.050784170627593994,0.6409521102905273,0.8094737529754639,-0.04534941911697388
0.6388626098632812,0.8974543809890747,4.28479694392081e-07,0.606825590133667,0.8522673845291138,-0.012597414664924145,0.5989161729812622,0.7919901609420776,-0.019805774092674255,0.6263508200645447,0.7580301761627197,-0.029833892360329628,0.6544162631034851,0.7421321272850037,-0.03926330804824829,0.615536630153656,0.7049709558486938,-0.007004264276474714,0.6076470613479614,0.6303766965866089,-0.02163492888212204,0.6037645936012268,0.5828901529312134,-0.030358772724866867,0.6015452742576599,0.5441266298294067,-0.03524582460522652,0.6457145810127258,0.7110176086425781,-0.015109352767467499,0.6519989967346191,0.629857063293457,-0.030963292345404625,0.6537399888038635,0.5752686858177185,-0.04217609390616417,0.656987190246582,0.53321373462677,-0.04710374027490616,0.6696546077728271,0.7377249598503113,-0.02567473240196705,0.6648618578910828,0.7157307267189026,-0.05015111342072487,0.6452706456184387,0.7511431574821472,-0.056893378496170044,0.6353567242622375,0.7782386541366577,-0.053456246852874756,0.6847173571586609,0.7739694714546204,-0.03726402297616005,0.6751022934913635,0.7581499814987183,-0.05375588685274124,0.6542230844497681,0.784956693649292,-0.05235438793897629,0.6424052119255066,0.8077836632728577,-0.04685765504837036
0.639301598072052,0.8979466557502747,4.203172636607633e-07,0.6071255207061768,0.8531615734100342,-0.012202194891870022,0.59872967004776,0.7931721210479736,-0.01924368552863598,0.6258596181869507,0.7594345808029175,-0.02910640463232994,0.6539214253425598,0.7436795234680176,-0.03839896619319916,0.616001307964325,0.70530766248703,-0.006885034032166004,0.607828676700592,0.6308041214942932,-0.021439790725708008,0.6037775874137878,0.5829581618309021,-0.03014397621154785,0.60135817527771,0.5441333055496216,-0.03503091260790825,0.6463292241096497,0.7113932967185974,-0.015127481892704964,0.6519144773483276,0.6297546625137329,-0.0307783130556345,0.6537960171699524,0.575076699256897,-0.041953157633543015,0.6570925712585449,0.533279538154602,-0.04691653698682785,0.6703771352767944,0.7383262515068054,-0.025773128494620323,0.6660293936729431,0.7161353826522827,-0.05021233856678009,0.6465058922767639,0.7502985000610352,-0.05738350376486778,0.6361510753631592,0.7772053480148315,-0.05433144047856331,0.6851939558982849,0.7750770449638367,-0.03734872117638588,0.6754190325737,0.7600052952766418,-0.05402404069900513,0.6540680527687073,0.7860463857650757,-0.05296911671757698,0.6413214206695557,0.8086677193641663,-0.04774034768342972
0.6391881704330444,0.8965849280357361,4.1953865093091736e-07,0.6071938276290894,0.8521121740341187,-0.012487335130572319,0.5991944670677185,0.7929177284240723,-0.019610660150647163,0.6265578269958496,0.7595159411430359,-0.029372958466410637,0.6545818448066711,0.7432569861412048,-0.03852543607354164,0.6157456040382385,0.7046780586242676,-0.007368034683167934,0.6078202128410339,0.6301480531692505,-0.021840889006853104,0.603961169719696,0.5826752185821533,-0.030196581035852432,0.6017225980758667,0.5440354347229004,-0.03475312516093254,0.6467170119285583,0.7100574970245361,-0.015261530876159668,0.6522994637489319,0.628950297832489,-0.030585944652557373,0.6540843844413757,0.5748233795166016,-0.04145132377743721,0.6571954488754272,0.5332580804824829,-0.04613610357046127,0.6711491346359253,0.7363988757133484,-0.025545360520482063,0.6644209623336792,0.7167998552322388,-0.04941968992352486,0.6454394459724426,0.7505645155906677,-0.056686464697122574,0.6360477209091187,0.7766310572624207,-0.053810589015483856,0.6861550807952881,0.772340714931488,-0.03679705038666725,0.6729135513305664,0.7619426250457764,-0.052961718291044235,0.65228271484375,0.7882251739501953,-0.05219034105539322,0.6410929560661316,0.8098955154418945,-0.04723144322633743
0.6393762826919556,0.8984328508377075,4.112600038297387e-07,0.6065958738327026,0.8527694344520569,-0.011287054046988487,0.5981096625328064,0.7926706671714783,-0.01811024360358715,0.6261649131774902,0.7602921724319458,-0.027926519513130188,0.6542560458183289,0.7447336316108704,-0.037164319306612015,0.6157071590423584,0.705790638923645,-0.006669761147350073,0.6072110533714294,0.6308485269546509,-0.02131769061088562,0.6035410761833191,0.5830124020576477,-0.029964860528707504,0.6015020608901978,0.5442240834236145,-0.03469781205058098,0.6466286182403564,0.7110179662704468,-0.015163457952439785,0.6526532769203186,0.6298418045043945,-0.03064231015741825,0.6546510457992554,0.5751994848251343,-0.041749075055122375,0.6578689813613892,0.5332546830177307,-0.046624768525362015,0.6712487936019897,0.7370259165763855,-0.02594386599957943,0.6642435193061829,0.7178152203559875,-0.049490783363580704,0.6452642679214478,0.7514751553535461,-0.05658474564552307,0.6359325051307678,0.777747631072998,-0.053673021495342255,0.6867018342018127,0.7731552124023438,-0.037646710872650146,0.674250066280365,0.7613947987556458,-0.053190141916275024,0.6528517603874207,0.7867316007614136,-0.05193549394607544,0.6406587362289429,0.8083421587944031,-0.0467338003218174
0.6386777758598328,0.8970130681991577,4.0651332255947636e-07,0.6069849729537964,0.8528938889503479,-0.01159822940826416,0.5985419750213623,0.7925892472267151,-0.01813298836350441,0.6255590915679932,0.7599486708641052,-0.02745215781033039,0.6536672711372375,0.7446895837783813,-0.03619260713458061,0.6162360906600952,0.7049232125282288,-0.006737020798027515,0.6076027154922485,0.6297752857208252,-0.020949427038431168,0.6035211682319641,0.5820935964584351,-0.02905789017677307,0.6009628176689148,0.5433965921401978,-0.0334794782102108,0.6469964981079102,0.7104448676109314,-0.014867231249809265,0.6527385711669922,0.6290860772132874,-0.030294425785541534,0.6546258330345154,0.5748968124389648,-0.04117748141288757,0.6575480103492737,0.5332248210906982,-0.04583442956209183,0.6713882684707642,0.7363914251327515,-0.025277435779571533,0.6656967997550964,0.716314435005188,-0.04926157742738724,0.646935760974884,0.7503051161766052,-0.05654369294643402,0.6371365785598755,0.7766646146774292,-0.053648483008146286,0.6866881251335144,0.7719243168830872,-0.03655132278800011,0.6740978956222534,0.7613723278045654,-0.0528237484395504,0.6529092788696289,0.7879213690757751,-0.05204266309738159,0.6405649185180664,0.8099335432052612,-0.04707756265997887
0.6392537951469421,0.8974193334579468,3.970685895637871e-07,0.6073276400566101,0.8531758785247803,-0.011737559922039509,0.5980643630027771,0.7932159304618835,-0.018470952287316322,0.6254196166992188,0.7604461908340454,-0.027944734320044518,0.653899610042572,0.7446984648704529,-0.03668953478336334,0.6158362030982971,0.7055453658103943,-0.006873859092593193,0.6057376861572266,0.6303891539573669,-0.02136491797864437,0.6013327240943909,0.582403302192688,-0.029572203755378723,0.5988180637359619,0.5433872938156128,-0.03399541229009628,0.646778404712677,0.710401713848114,-0.014909748919308186,0.651789128780365,0.6291786432266235,-0.030608469620347023,0.6534140706062317,0.5751503705978394,-0.041428662836551666,0.6562689542770386,0.5333964824676514,-0.045863546431064606,0.6716546416282654,0.7358669638633728,-0.0252586267888546,0.6640310883522034,0.7177059650421143,-0.049397800117731094,0.6456170082092285,0.7522528171539307,-0.05650991201400757,0.6366487145423889,0.7786847352981567,-0.05332271754741669,0.6875297427177429,0.7711161375045776,-0.036517370492219925,0.6737027764320374,0.7617018222808838,-0.052647531032562256,0.6523364186286926,0.7884793877601624,-0.05174336954951286,0.64036625623703,0.8104496598243713,-0.0466168038547039
0.6385509371757507,0.8963693380355835,3.9791294170754554e-07,0.6071293354034424,0.8524978160858154,-0.011298507452011108,0.5981045961380005,0.792705774307251,-0.017786409705877304,0.6252009272575378,0.7611441612243652,-0.027080003172159195,0.6531312465667725,0.745213508605957,-0.03576772287487984,0.6156055331230164,0.704904317855835,-0.0067468504421412945,0.6059911251068115,0.6299171447753906,-0.021037941798567772,0.6017357110977173,0.5821899771690369,-0.02906365506350994,0.5992881059646606,0.543372392654419,-0.03332057222723961,0.6466085910797119,0.7096419334411621,-0.014815987087786198,0.651849091053009,0.6284499764442444,-0.0302084069699049,0.6530912518501282,0.5743951797485352,-0.04095911234617233,0.6555390357971191,0.5325577259063721,-0.04539516940712929,0.6715819835662842,0.7347875237464905,-0.02511267550289631,0.6633832454681396,0.7170475125312805,-0.04872104898095131,0.6449338793754578,0.7517268061637878,-0.05581224337220192,0.6361089944839478,0.778118371963501,-0.0527513362467289,0.687505304813385,0.7694841623306274,-0.036276474595069885,0.6724613904953003,0.760948657989502,-0.05196797475218773,0.6511310338973999,0.7879394888877869,-0.05100211873650551,0.6394854187965393,0.8097786903381348,-0.04589563608169556
0.6386825442314148,0.8967542052268982,3.9439464671886526e-07,0.6065148115158081,0.8524749875068665,-0.011686177924275398,0.5976559519767761,0.792414665222168,-0.018350521102547646,0.6259868144989014,0.760478138923645,-0.02776896022260189,0.6535765528678894,0.7439708709716797,-0.036550868302583694,0.6148108839988708,0.7057844400405884,-0.00694633461534977,0.6046452522277832,0.6308363080024719,-0.021499115973711014,0.600522518157959,0.5830425024032593,-0.029789255931973457,0.598471999168396,0.5440713167190552,-0.034179046750068665,0.6457952260971069,0.7107982635498047,-0.014773408882319927,0.650681734085083,0.6299039125442505,-0.030394256114959717,0.6523734927177429,0.5759453773498535,-0.04119584336876869,0.6552742719650269,0.5343385934829712,-0.0456383191049099,0.6707950234413147,0.735974133014679,-0.024895252659916878,0.663274347782135,0.7183004021644592,-0.048972491174936295,0.644408106803894,0.7533512115478516,-0.05611494928598404,0.6346883177757263,0.7801148295402527,-0.052950795739889145,0.6872011423110962,0.7706766128540039,-0.03589034080505371,0.673534095287323,0.7611051201820374,-0.051979366689920425,0.6517776846885681,0.7883349061012268,-0.050960004329681396,0.6390060186386108,0.8105852603912354,-0.0457330197095871
0.638573169708252,0.8961029052734375,3.959154071253579e-07,0.6064549684524536,0.8523321747779846,-0.010724473744630814,0.597687840461731,0.7926735281944275,-0.016917426139116287,0.6242656111717224,0.7619870901107788,-0.025972798466682434,0.650873064994812,0.7457628846168518,-0.03452998772263527,0.6152746677398682,0.7049709558486938,-0.006353950127959251,0.6063047647476196,0.6296111941337585,-0.02038552798330784,0.6023527979850769,0.5821348428726196,-0.028353488072752953,0.6004291772842407,0.543624997138977,-0.032611917704343796,0.6461889743804932,0.7100741863250732,-0.014565739780664444,0.6508089900016785,0.6288528442382812,-0.029659591615200043,0.6521942019462585,0.5746911764144897,-0.04058391973376274,0.655123770236969,0.5331100225448608,-0.0453343391418457,0.6710580587387085,0.7354012131690979,-0.02490590512752533,0.6634153127670288,0.7158403396606445,-0.04818914458155632,0.6444534063339233,0.7493355870246887,-0.05560547113418579,0.6348739862442017,0.7758915424346924,-0.05306459218263626,0.6869720220565796,0.7703237533569336,-0.03603644669055939,0.671877920627594,0.7620667219161987,-0.052050765603780746,0.6503365635871887,0.7887433767318726,-0.051530130207538605,0.6383002400398254,0.8107686638832092,-0.0467984639108181
0.6390379667282104,0.8969568610191345,3.888781634486804e-07,0.6065624356269836,0.8523090481758118,-0.010332396253943443,0.5982610583305359,0.7923071980476379,-0.016100402921438217,0.6255020499229431,0.7603535652160645,-0.024926284328103065,0.6518125534057617,0.7434335350990295,-0.033215295523405075,0.6151353716850281,0.7051183581352234,-0.005095599684864283,0.6056663393974304,0.6303226351737976,-0.018870748579502106,0.6016948819160461,0.5827367901802063,-0.02673444338142872,0.5996686220169067,0.5439609289169312,-0.03087727539241314,0.6462369561195374,0.7100339531898499,-0.01339228916913271,0.6507114768028259,0.6296260356903076,-0.028321214020252228,0.6521714925765991,0.5753137469291687,-0.039119236171245575,0.6548386812210083,0.533513069152832,-0.04370211437344551,0.671217679977417,0.7351340055465698,-0.023905020207166672,0.6631532907485962,0.7179439067840576,-0.04720430076122284,0.6443474292755127,0.751530647277832,-0.05476878955960274,0.634520947933197,0.7776923775672913,-0.05216348543763161,0.6870968341827393,0.7696595191955566,-0.035198599100112915,0.6728588342666626,0.7607136964797974,-0.05074723809957504,0.6508626937866211,0.7867273092269897,-0.05010898783802986,0.6376448273658752,0.8083208203315735,-0.04534146189689636
0.6385523080825806,0.8965169787406921,3.9551929376102635e-07,0.6061119437217712,0.852714478969574,-0.011432280763983727,0.5974846482276917,0.7930102348327637,-0.01818121038377285,0.6249351501464844,0.7607166767120361,-0.02775346115231514,0.6514818072319031,0.7432475686073303,-0.03679078444838524,0.6150650978088379,0.7056030035018921,-0.007703864946961403,0.6062201857566833,0.6307739019393921,-0.022438818588852882,0.602155864238739,0.5830576419830322,-0.030966274440288544,0.600089430809021,0.54405277967453,-0.03567299619317055,0.6461148858070374,0.7107516527175903,-0.0158834345638752,0.6508573889732361,0.6298176050186157,-0.03160104900598526,0.652361273765564,0.5755112767219543,-0.04275031387805939,0.6552630066871643,0.5334867238998413,-0.047719333320856094,0.6710109710693359,0.7363929748535156,-0.026237405836582184,0.6633212566375732,0.7175595164299011,-0.04992169514298439,0.6442853808403015,0.7514609098434448,-0.05709541216492653,0.634570300579071,0.7779330015182495,-0.05441419407725334,0.6867066025733948,0.7716397047042847,-0.037492770701646805,0.6721263527870178,0.7625807523727417,-0.05361834540963173,0.6499444842338562,0.7883133888244629,-0.052977871149778366,0.6369534730911255,0.8096306324005127,-0.04822976142168045
0.6393136382102966,0.8944107294082642,4.045031403165922e-07,0.6066023707389832,0.8512528538703918,-0.012430557981133461,0.5969170331954956,0.7928161025047302,-0.01991783082485199,0.6240237951278687,0.7605567574501038,-0.02997797355055809,0.6515576839447021,0.7438198328018188,-0.039397601038217545,0.6149201393127441,0.7051478624343872,-0.009008914232254028,0.6065952181816101,0.6304446458816528,-0.023980524390935898,0.6028029322624207,0.583076536655426,-0.032543350011110306,0.6007609367370605,0.5443044900894165,-0.03714233636856079,0.6457511782646179,0.7094801664352417,-0.01669580116868019,0.6508403420448303,0.628766655921936,-0.032101623713970184,0.6525133848190308,0.575066328048706,-0.042779676616191864,0.6555322408676147,0.5331848859786987,-0.047366272658109665,0.6705185770988464,0.7346050143241882,-0.026622291654348373,0.6617541313171387,0.7173885107040405,-0.04964067414402962,0.6439177989959717,0.7511850595474243,-0.05640697851777077,0.6357392072677612,0.7772732973098755,-0.05346463620662689,0.6861461400985718,0.7695633172988892,-0.03759386017918587,0.670752763748169,0.7615863084793091,-0.05275368317961693,0.6499555110931396,0.7873190641403198,-0.0516529306769371,0.638839840888977,0.8085983991622925,-0.04663194715976715
0.6398527026176453,0.8968888521194458,3.9502461390839017e-07,0.6065030694007874,0.8514299988746643,-0.010734192095696926,0.5978360176086426,0.7921749353408813,-0.01752454787492752,0.6248608231544495,0.7585437893867493,-0.0273508969694376,0.6519753932952881,0.7418376207351685,-0.0367397665977478,0.6156397461891174,0.7061629295349121,-0.006575846113264561,0.6078992486000061,0.6313488483428955,-0.02097281441092491,0.6043102145195007,0.5841876268386841,-0.02948877215385437,0.6024729609489441,0.5456355810165405,-0.034128569066524506,0.6460270881652832,0.7111451029777527,-0.015007026493549347,0.6513612866401672,0.6301831007003784,-0.030217381194233894,0.652664065361023,0.5755768418312073,-0.04123537614941597,0.6552751660346985,0.533757209777832,-0.04617287963628769,0.6705146431922913,0.7366010546684265,-0.025591261684894562,0.6630066633224487,0.7161263227462769,-0.04874664545059204,0.6434376835823059,0.7489395141601562,-0.05601505562663078,0.6333150863647461,0.7755481600761414,-0.05343758687376976,0.6863197088241577,0.7718268632888794,-0.037023019045591354,0.672832190990448,0.7590714693069458,-0.052654948085546494,0.6507532000541687,0.7843786478042603,-0.05179952457547188,0.6375750303268433,0.8065787553787231,-0.04693356528878212
0.6389716863632202,0.8954718112945557,4.0110745658239466e-07,0.6064837574958801,0.8510687351226807,-0.011380395852029324,0.5974168181419373,0.7920671701431274,-0.018330354243516922,0.6236550211906433,0.7592182755470276,-0.028050856664776802,0.6504628658294678,0.7425220608711243,-0.037221431732177734,0.6157049536705017,0.7053591012954712,-0.007899018935859203,0.608995795249939,0.6303368210792542,-0.022358423098921776,0.6059660911560059,0.5832206010818481,-0.030537601560354233,0.6048079133033752,0.5450639724731445,-0.034865785390138626,0.6464425921440125,0.7097019553184509,-0.01587948389351368,0.6513845324516296,0.6292012929916382,-0.030688470229506493,0.6527054905891418,0.575686514377594,-0.041147030889987946,0.6557053923606873,0.534815788269043,-0.045699361711740494,0.6712818741798401,0.7348195910453796,-0.025990944355726242,0.6613824963569641,0.7172058820724487,-0.048139337450265884,0.6423977613449097,0.7504353523254395,-0.05479824170470238,0.6337108016014099,0.7768229842185974,-0.052079938352108,0.6870555877685547,0.7697376608848572,-0.03709754720330238,0.6701323390007019,0.761960506439209,-0.0518677644431591,0.6488828659057617,0.7873704433441162,-0.05090406909584999,0.6378187537193298,0.8084876537322998,-0.04610750079154968
0.6394745111465454,0.8963617086410522,3.894167548423866e-07,0.6068801879882812,0.8507575988769531,-0.010587194003164768,0.5987001657485962,0.7896984815597534,-0.01641663908958435,0.6262016892433167,0.7562422752380371,-0.025173377245664597,0.6532562375068665,0.740094006061554,-0.03346274048089981,0.6159693598747253,0.7050466537475586,-0.005581209436058998,0.6102491021156311,0.6299577951431274,-0.019167063757777214,0.6078505516052246,0.5828918814659119,-0.02704106830060482,0.6073966026306152,0.5445871353149414,-0.031269460916519165,0.646113932132721,0.7102718949317932,-0.01371055655181408,0.6500843167304993,0.6297129392623901,-0.027886733412742615,0.6518308520317078,0.5755494832992554,-0.038280975073575974,0.6556419730186462,0.5339032411575317,-0.04294366016983986,0.6707111597061157,0.7359150648117065,-0.02401774562895298,0.6633172035217285,0.7162573337554932,-0.04615400731563568,0.6435434818267822,0.7491586208343506,-0.05320826917886734,0.6335485577583313,0.7757327556610107,-0.05074460431933403,0.6862651109695435,0.7710216045379639,-0.035213347524404526,0.6712299585342407,0.7610568404197693,-0.05022341012954712,0.6493774056434631,0.7859166264533997,-0.04957021400332451,0.6371915936470032,0.8069193959236145,-0.04503277316689491
0.639377236366272,0.896409273147583,4.0532506773161003e-07,0.6068982481956482,0.8514276146888733,-0.011684632860124111,0.5983690023422241,0.792041003704071,-0.018662868067622185,0.6248992085456848,0.7587162852287292,-0.028376050293445587,0.6511896252632141,0.7422922849655151,-0.037562500685453415,0.6159206032752991,0.7056825160980225,-0.00814184918999672,0.6115249991416931,0.6299313902854919,-0.022680869325995445,0.6104121804237366,0.5824611186981201,-0.031019916757941246,0.6112233996391296,0.543825626373291,-0.035396650433540344,0.6461668014526367,0.7108886241912842,-0.015953242778778076,0.6502214074134827,0.6299313306808472,-0.03092687949538231,0.6523083448410034,0.5760345458984375,-0.041295599192380905,0.6563427448272705,0.5350382328033447,-0.045781102031469345,0.6710984110832214,0.7364564538002014,-0.025934159755706787,0.6636130213737488,0.7169909477233887,-0.04849972948431969,0.6439558267593384,0.7503559589385986,-0.055208463221788406,0.6338536739349365,0.777389407157898,-0.052400052547454834,0.6872093081474304,0.7718324065208435,-0.0368969552218914,0.6728633642196655,0.761081874370575,-0.05191242694854736,0.6510064005851746,0.7859376072883606,-0.050920795649290085,0.6386560797691345,0.8069883584976196,-0.046069081872701645
0.6403056979179382,0.8937950134277344,4.287350066078943e-07,0.6087231040000916,0.8491784930229187,-0.014341159723699093,0.601465106010437,0.7887797355651855,-0.023099493235349655,0.6299723386764526,0.7546618580818176,-0.03413349762558937,0.6590703725814819,0.7390738129615784,-0.044465385377407074,0.6181107759475708,0.7049782872200012,-0.011026384308934212,0.6191442608833313,0.6296036839485168,-0.027706770226359367,0.6215853095054626,0.5820398926734924,-0.037563588470220566,0.6249950528144836,0.5428909659385681,-0.04282475262880325,0.6467722654342651,0.711150050163269,-0.018173962831497192,0.6514682173728943,0.6296159029006958,-0.03562752157449722,0.6540108919143677,0.5767238140106201,-0.04660826176404953,0.6585782170295715,0.5347528457641602,-0.05102444440126419,0.6711168885231018,0.7369892001152039,-0.027663644403219223,0.6683194041252136,0.7141474485397339,-0.05320917069911957,0.6482855081558228,0.7515801787376404,-0.05862880498170853,0.6371294856071472,0.7796633243560791,-0.0539042092859745,0.6875908374786377,0.7730417251586914,-0.038293760269880295,0.6784090399742126,0.7590500712394714,-0.05537626892328262,0.6580381393432617,0.7858860492706299,-0.05351776257157326,0.6463117003440857,0.8074168562889099,-0.047334905713796616
0.638592541217804,0.8939864635467529,4.3494605961313937e-07,0.6077013611793518,0.8484081029891968,-0.013134856708347797,0.6013651490211487,0.7860175371170044,-0.02131686732172966,0.6314063668251038,0.751603364944458,-0.03205897659063339,0.6614365577697754,0.7377195954322815,-0.04235081002116203,0.6169695854187012,0.7040359377861023,-0.010655204765498638,0.6197608709335327,0.6288164854049683,-0.027216734364628792,0.6237426400184631,0.5812968015670776,-0.0371398963034153,0.6286424398422241,0.5425715446472168,-0.04253463074564934,0.6462253928184509,0.7109020352363586,-0.018344638869166374,0.6514788866043091,0.6294708251953125,-0.03562994301319122,0.6543272137641907,0.5760736465454102,-0.04695191606879234,0.6593706011772156,0.5337601900100708,-0.0517922081053257,0.6713663935661316,0.7373692393302917,-0.02814113162457943,0.6697133183479309,0.7138612270355225,-0.05267016217112541,0.6482557058334351,0.7503207921981812,-0.05807315185666084,0.6357799768447876,0.7781474590301514,-0.05375134199857712,0.6881412267684937,0.774083137512207,-0.03903529420495033,0.6781563758850098,0.7613763809204102,-0.05540752410888672,0.6565473675727844,0.7863362431526184,-0.05373774841427803,0.6437066197395325,0.806526780128479,-0.04789681360125542
0.6393640637397766,0.8945425748825073,4.2932032329190406e-07,0.6082900166511536,0.8494927287101746,-0.01409440953284502,0.6017798185348511,0.7870184779167175,-0.02273578941822052,0.6312322020530701,0.7509407997131348,-0.03379092738032341,0.6604894399642944,0.7345982193946838,-0.044231295585632324,0.6179214119911194,0.7046014666557312,-0.010844754986464977,0.6214743852615356,0.6293599605560303,-0.028177384287118912,0.6263617873191833,0.5816729068756104,-0.03879758343100548,0.6320423483848572,0.5430102348327637,-0.04458852857351303,0.6465550065040588,0.711449384689331,-0.018203075975179672,0.6516695022583008,0.629392683506012,-0.036524493247270584,0.6537318825721741,0.5760104656219482,-0.04828660562634468,0.6581326723098755,0.5335641503334045,-0.05319744721055031,0.6714804768562317,0.7377129197120667,-0.027838248759508133,0.6697894930839539,0.712935209274292,-0.053534358739852905,0.6477588415145874,0.7497372031211853,-0.05892470106482506,0.6350252032279968,0.7773851156234741,-0.05429762601852417,0.6884806156158447,0.7743693590164185,-0.038658928126096725,0.6798002123832703,0.7600656151771545,-0.05599331483244896,0.6576018333435059,0.7855587601661682,-0.05444089323282242,0.6442356705665588,0.8058919906616211,-0.04846884310245514
0.6397894620895386,0.8943321108818054,4.342677186741639e-07,0.6081807017326355,0.8488855361938477,-0.014867711812257767,0.6015573143959045,0.7863898873329163,-0.023747919127345085,0.631123423576355,0.7494582533836365,-0.03505025431513786,0.6611191034317017,0.7344999313354492,-0.045569490641355515,0.6196791529655457,0.7032437324523926,-0.010168047621846199,0.6232961416244507,0.6289930939674377,-0.027424799278378487,0.6284319162368774,0.5815763473510742,-0.03839320316910744,0.6339365839958191,0.5430203676223755,-0.044576313346624374,0.6475175023078918,0.7107118964195251,-0.017492134124040604,0.6523205041885376,0.6289281845092773,-0.036112356930971146,0.653762698173523,0.5757982134819031,-0.04796808958053589,0.6574938297271729,0.5336830615997314,-0.052864935249090195,0.6719017624855042,0.7376378774642944,-0.02730240300297737,0.671395480632782,0.712009847164154,-0.05374753102660179,0.6497847437858582,0.7502439618110657,-0.05871474742889404,0.6373288631439209,0.7792941331863403,-0.053361762315034866,0.68857342004776,0.7753624320030212,-0.03840798884630203,0.6825385093688965,0.7569357752799988,-0.05590337514877319,0.6609199643135071,0.7825581431388855,-0.05371147394180298,0.647758424282074,0.8041898012161255,-0.04709557071328163
0.6419617533683777,0.8943599462509155,4.3931390791840386e-07,0.6101913452148438,0.8507150411605835,-0.01725122518837452,0.6022266149520874,0.7906292080879211,-0.027643028646707535,0.6299201846122742,0.7515283823013306,-0.040133703500032425,0.6605685949325562,0.7351435422897339,-0.05150601640343666,0.6203034520149231,0.7028741836547852,-0.011331693269312382,0.6247043609619141,0.6296241879463196,-0.029466554522514343,0.6304600834846497,0.5826907157897949,-0.04119914770126343,0.6363133192062378,0.5447044372558594,-0.04782205820083618,0.6476958394050598,0.7103896737098694,-0.017985748127102852,0.6525656580924988,0.6287065744400024,-0.037556856870651245,0.653668999671936,0.5758765339851379,-0.04972299188375473,0.6568674445152283,0.5337494015693665,-0.05466135963797569,0.6719159483909607,0.737419605255127,-0.027450287714600563,0.6723821759223938,0.7104831337928772,-0.05492083728313446,0.650733232498169,0.7491465210914612,-0.059671640396118164,0.638121485710144,0.7784776091575623,-0.053862083703279495,0.6886149644851685,0.7754466533660889,-0.038453470915555954,0.6845983862876892,0.7551508545875549,-0.056519221514463425,0.6630414128303528,0.7803787589073181,-0.05418958142399788,0.6494635343551636,0.8022549748420715,-0.04727454110980034
0.6408294439315796,0.8938124179840088,4.426785835676128e-07,0.6085846424102783,0.8498064279556274,-0.01631537266075611,0.601743221282959,0.789185106754303,-0.02628755010664463,0.6308314204216003,0.7518464922904968,-0.0385340079665184,0.6604965329170227,0.7343229055404663,-0.04980188235640526,0.6199849247932434,0.7015731930732727,-0.010817620903253555,0.624965488910675,0.6294861435890198,-0.02896975353360176,0.6310753226280212,0.5825895071029663,-0.04100953787565231,0.6375439167022705,0.5443214178085327,-0.04803178086876869,0.6475591659545898,0.7088474631309509,-0.01784723624587059,0.6519362330436707,0.6285291314125061,-0.037481170147657394,0.6533329486846924,0.5757997632026672,-0.05023272708058357,0.6570990085601807,0.5332616567611694,-0.05584457516670227,0.6718964576721191,0.7356671094894409,-0.027548933401703835,0.672421395778656,0.7099950313568115,-0.054547347128391266,0.650398313999176,0.7489197254180908,-0.05937371402978897,0.637281060218811,0.7783206701278687,-0.05398586392402649,0.6886761784553528,0.7737219333648682,-0.03876062110066414,0.6836240887641907,0.7553134560585022,-0.056817155331373215,0.6616731286048889,0.7806574702262878,-0.05480397865176201,0.6475756168365479,0.8021824359893799,-0.048243679106235504
0.6406847834587097,0.894037663936615,4.355449334525474e-07,0.6094499230384827,0.8489047288894653,-0.01527692936360836,0.6033885478973389,0.7882632613182068,-0.024721767753362656,0.6317310929298401,0.7505418062210083,-0.03669028729200363,0.6605244874954224,0.7329365611076355,-0.047753218561410904,0.6201651692390442,0.7016844749450684,-0.00944788008928299,0.6254684329032898,0.6293835639953613,-0.02712838351726532,0.6315180659294128,0.5828863382339478,-0.03885757550597191,0.6380200982093811,0.5451459884643555,-0.04567449912428856,0.6477903127670288,0.70930016040802,-0.017045218497514725,0.6518998146057129,0.628463864326477,-0.03641492500901222,0.6534720659255981,0.5756010413169861,-0.049356743693351746,0.6574549078941345,0.533670961856842,-0.055080611258745193,0.6724382042884827,0.7365038394927979,-0.0271898340433836,0.6727410554885864,0.7099013924598694,-0.05383606255054474,0.6510761380195618,0.7483169436454773,-0.05853217840194702,0.638181209564209,0.7776378393173218,-0.05313343182206154,0.6894517540931702,0.7748034596443176,-0.03874720633029938,0.6838104128837585,0.7552054524421692,-0.056469593197107315,0.6619718670845032,0.7804011702537537,-0.054025158286094666,0.6481801271438599,0.8021400570869446,-0.0471779927611351
0.6414886116981506,0.8912381529808044,4.3635191104840487e-07,0.6108391284942627,0.8472242951393127,-0.015484372153878212,0.6037219166755676,0.7872095108032227,-0.024870682507753372,0.6318118572235107,0.7485061287879944,-0.036633800715208054,0.6613823175430298,0.7308986783027649,-0.04739278182387352,0.6204162836074829,0.701164960861206,-0.010102701373398304,0.6254573464393616,0.6281998753547668,-0.02773343026638031,0.6315561532974243,0.5816744565963745,-0.03889169916510582,0.6379461884498596,0.5440688729286194,-0.04505213350057602,0.6480964422225952,0.7085785269737244,-0.017033251002430916,0.6526644825935364,0.62776780128479,-0.03609766066074371,0.6545625925064087,0.5749433040618896,-0.04804399609565735,0.6586508750915527,0.5328333973884583,-0.052862562239170074,0.6725896596908569,0.7351444363594055,-0.026541121304035187,0.6722007989883423,0.710931658744812,-0.052800942212343216,0.6506106853485107,0.7493313550949097,-0.057176221162080765,0.6379371285438538,0.7784228324890137,-0.05138551443815231,0.6896342039108276,0.7722136974334717,-0.03749781847000122,0.6832095384597778,0.7559887170791626,-0.054452523589134216,0.6616253852844238,0.7803460359573364,-0.05206436663866043,0.64808589220047,0.8006576299667358,-0.04527188464999199
0.6404847502708435,0.8926220536231995,4.2461721250219853e-07,0.6096584796905518,0.8472051620483398,-0.01382499374449253,0.6041263341903687,0.7846993803977966,-0.022242387756705284,0.6324160099029541,0.7459613680839539,-0.03326389566063881,0.6609554886817932,0.7307470440864563,-0.04363953322172165,0.6200072169303894,0.7020961046218872,-0.008933037519454956,0.62604820728302,0.6299715042114258,-0.025602156296372414,0.6320034265518188,0.5837551951408386,-0.03658277168869972,0.6383715867996216,0.5461536049842834,-0.04303343966603279,0.6481106281280518,0.7099217772483826,-0.016685957089066505,0.6529493927955627,0.62935870885849,-0.035006772726774216,0.6544170379638672,0.5764598846435547,-0.04746922478079796,0.6578940749168396,0.5341373085975647,-0.05308901518583298,0.6733461618423462,0.7367777228355408,-0.02667701058089733,0.6733583211898804,0.709416925907135,-0.052243318408727646,0.651046872138977,0.7470111846923828,-0.056860025972127914,0.6374850273132324,0.7759376168251038,-0.05173654109239578,0.6905847191810608,0.7743217349052429,-0.03790481388568878,0.6829781532287598,0.7547128796577454,-0.05481170862913132,0.6610952019691467,0.7795416712760925,-0.052260927855968475,0.6477627754211426,0.8010870218276978,-0.04557480663061142
0.6405894756317139,0.8928736448287964,4.3269085381325567e-07,0.6096251010894775,0.8492956161499023,-0.015265556052327156,0.604150652885437,0.7880626916885376,-0.02382422611117363,0.6324372887611389,0.748383641242981,-0.03466328606009483,0.6594923734664917,0.7276394963264465,-0.044545844197273254,0.6195385456085205,0.7022942304611206,-0.009191352874040604,0.625558614730835,0.6293706893920898,-0.025846824049949646,0.6315757036209106,0.5825395584106445,-0.03630569204688072,0.6375525593757629,0.5445700883865356,-0.041962530463933945,0.6479872465133667,0.7096272110939026,-0.015813883394002914,0.6533069014549255,0.6287640333175659,-0.034121256321668625,0.6551992297172546,0.5756345391273499,-0.04556984454393387,0.6585392355918884,0.5337902903556824,-0.049978431314229965,0.6730933785438538,0.7358577251434326,-0.02498970925807953,0.6724228262901306,0.710129976272583,-0.051427338272333145,0.6505674123764038,0.7501257061958313,-0.05578592047095299,0.637143075466156,0.7803866267204285,-0.04979987442493439,0.6904064416885376,0.7722738981246948,-0.03546323627233505,0.6840144991874695,0.7540239095687866,-0.05284709855914116,0.6619712710380554,0.7799407839775085,-0.05030548572540283,0.6476359367370605,0.8015345931053162,-0.04321611672639847
0.6408308148384094,0.8935796618461609,4.311763177611283e-07,0.6095110774040222,0.8487194776535034,-0.014503253623843193,0.6036547422409058,0.7871249318122864,-0.02300558052957058,0.6323595643043518,0.7480764985084534,-0.03401161730289459,0.660454273223877,0.7290530800819397,-0.044179633259773254,0.6199887990951538,0.7024781107902527,-0.009089966304600239,0.6257220506668091,0.6293867826461792,-0.025859393179416656,0.6315540671348572,0.5825854539871216,-0.03655490279197693,0.6375342607498169,0.5443035364151001,-0.042501628398895264,0.6484447121620178,0.7100038528442383,-0.01618293672800064,0.6535397171974182,0.629295289516449,-0.034573111683130264,0.6552426815032959,0.5757009387016296,-0.046329520642757416,0.6585497856140137,0.5332377552986145,-0.05113136023283005,0.6734680533409119,0.736428439617157,-0.02572406642138958,0.6724173426628113,0.7105371952056885,-0.0519760325551033,0.6503866314888,0.7497044801712036,-0.05654769018292427,0.6369668841362,0.7799699902534485,-0.05087750405073166,0.6905199885368347,0.7730569243431091,-0.03653350844979286,0.6834511756896973,0.7545260787010193,-0.053759340196847916,0.661287248134613,0.7793900966644287,-0.05140405520796776,0.64701247215271,0.800675630569458,-0.04459613934159279
0.640620231628418,0.8937792778015137,4.393211554543086e-07,0.6093471646308899,0.8497435450553894,-0.015656329691410065,0.6027120351791382,0.7886455059051514,-0.024897607043385506,0.6313746571540833,0.7494335174560547,-0.0364103727042675,0.659879744052887,0.7294528484344482,-0.046935539692640305,0.6190612316131592,0.7022350430488586,-0.010236666537821293,0.6250371932983398,0.6291164755821228,-0.027425048872828484,0.6310908794403076,0.5822167992591858,-0.03831060975790024,0.6372895240783691,0.5439093112945557,-0.044299155473709106,0.6475991010665894,0.7096778750419617,-0.016869645565748215,0.6529823541641235,0.6291874051094055,-0.03540775552392006,0.6548064351081848,0.5758302211761475,-0.046963904052972794,0.6583324670791626,0.5333398580551147,-0.0515904426574707,0.6727668642997742,0.7361499071121216,-0.02609395980834961,0.6713913083076477,0.7112288475036621,-0.05255896970629692,0.6489918828010559,0.7509574294090271,-0.057120904326438904,0.635586678981781,0.7813988924026489,-0.051386334002017975,0.690018355846405,0.772918701171875,-0.03669767454266548,0.6826789975166321,0.7555932998657227,-0.05416262149810791,0.6601155400276184,0.7802846431732178,-0.05203543230891228,0.6456447243690491,0.8011477589607239,-0.04534764587879181
0.639957845211029,0.893744945526123,4.228440673159639e-07,0.6092943549156189,0.8484349846839905,-0.013101822696626186,0.6034346222877502,0.7858611345291138,-0.021190669387578964,0.6316922307014465,0.7480223178863525,-0.03204595670104027,0.6595019698143005,0.729333758354187,-0.04219254478812218,0.619705319404602,0.7028600573539734,-0.009225227870047092,0.6252367496490479,0.6298101544380188,-0.026297423988580704,0.6311977505683899,0.5831142067909241,-0.03696075454354286,0.637795627117157,0.5450774431228638,-0.042786795645952225,0.6480986475944519,0.7101128101348877,-0.016957923769950867,0.652603268623352,0.6294326186180115,-0.035418733954429626,0.654191255569458,0.5763087868690491,-0.04736926406621933,0.658033549785614,0.5339148044586182,-0.0523068942129612,0.6732562780380249,0.7363433837890625,-0.02686924673616886,0.6706147789955139,0.7123028039932251,-0.05206359550356865,0.6483072638511658,0.7509623169898987,-0.05633397400379181,0.6354244351387024,0.780479371547699,-0.05084098130464554,0.6903897523880005,0.7726672291755676,-0.03802746534347534,0.6802530288696289,0.7577812075614929,-0.054263416677713394,0.657564103603363,0.7818799018859863,-0.05181701481342316,0.6438595652580261,0.8016144037246704,-0.04517468810081482
0.6390568614006042,0.8919816613197327,4.103856667825312e-07,0.6085942387580872,0.8484055995941162,-0.012793140485882759,0.6023286581039429,0.7866984009742737,-0.020380856469273567,0.6303419470787048,0.7486116290092468,-0.030623558908700943,0.6585156917572021,0.7295616865158081,-0.04006059840321541,0.6183504462242126,0.702716588973999,-0.008256152272224426,0.6238904595375061,0.6292183995246887,-0.02443104051053524,0.6299055218696594,0.5829804539680481,-0.03408929705619812,0.6361409425735474,0.5453606843948364,-0.03912973403930664,0.6469894051551819,0.7090421915054321,-0.01562615856528282,0.6517224311828613,0.6279667615890503,-0.03293674811720848,0.6533202528953552,0.575313150882721,-0.04369575157761574,0.6567163467407227,0.533233642578125,-0.04773542657494545,0.6723394393920898,0.7345293164253235,-0.025242816656827927,0.6673979759216309,0.7114376425743103,-0.04970352351665497,0.6461434364318848,0.750007152557373,-0.05404016003012657,0.6343845129013062,0.7791966199874878,-0.04858998954296112,0.6899603009223938,0.7698885798454285,-0.036035072058439255,0.6775019764900208,0.7572886347770691,-0.051618825644254684,0.6552368998527527,0.7816009521484375,-0.0494571216404438,0.6422443389892578,0.8006346225738525,-0.043111514300107956
0.6388053894042969,0.8930091261863708,3.985819603258278e-07,0.6077707409858704,0.8480815291404724,-0.011402479372918606,0.6022839546203613,0.7849937677383423,-0.01810993067920208,0.6297681331634521,0.7469430565834045,-0.027697216719388962,0.6563044190406799,0.7286249399185181,-0.036587245762348175,0.617728054523468,0.7020195722579956,-0.006921505089849234,0.6234077215194702,0.6295167803764343,-0.02274203673005104,0.6292324662208557,0.5835732221603394,-0.03249941021203995,0.6354241371154785,0.5464051365852356,-0.03773974999785423,0.6468145251274109,0.7085122466087341,-0.014830349013209343,0.6517099738121033,0.6290048956871033,-0.03178015351295471,0.6526860594749451,0.5768550634384155,-0.043061260133981705,0.6555299162864685,0.5349811315536499,-0.047661151736974716,0.672692060470581,0.7341933846473694,-0.02480439841747284,0.665584921836853,0.7140054106712341,-0.048199210315942764,0.6431642770767212,0.7497263550758362,-0.05328705906867981,0.6308210492134094,0.7771309614181519,-0.0488770566880703,0.6899274587631226,0.7699244022369385,-0.03588822856545448,0.6742859482765198,0.7611342668533325,-0.05073187127709389,0.651775598526001,0.7839150428771973,-0.04910905286669731,0.6395299434661865,0.8017670512199402,-0.04343928396701813
0.6384326815605164,0.8952178359031677,3.8527358015016944e-07,0.6075361371040344,0.8512904644012451,-0.01181386411190033,0.60076904296875,0.7878246903419495,-0.018425507470965385,0.6276786923408508,0.7485488653182983,-0.02788592502474785,0.6547906994819641,0.7291461229324341,-0.036699328571558,0.6163932085037231,0.7036390900611877,-0.007474960759282112,0.6208368539810181,0.6301096677780151,-0.02364637330174446,0.6259155869483948,0.5830603241920471,-0.03345799818634987,0.6316846013069153,0.5448557734489441,-0.038779109716415405,0.6449026465415955,0.7105672359466553,-0.015433340333402157,0.6475149393081665,0.6296485066413879,-0.03291921317577362,0.6485412120819092,0.5766273736953735,-0.04443148896098137,0.651875913143158,0.5343079566955566,-0.04918740317225456,0.6704190373420715,0.736550509929657,-0.0255129411816597,0.6645658612251282,0.7146307826042175,-0.05024994537234306,0.6430678367614746,0.7499020099639893,-0.05608394742012024,0.6306155323982239,0.7779667973518372,-0.05196954309940338,0.6875990033149719,0.7726350426673889,-0.03665807843208313,0.6735381484031677,0.7628899812698364,-0.053012728691101074,0.6503408551216125,0.7851876616477966,-0.052295904606580734,0.636139988899231,0.8036215305328369,-0.04712759330868721
0.6363614797592163,0.8941783308982849,4.0535238099437265e-07,0.6055951714515686,0.8472282290458679,-0.011246228590607643,0.6008754372596741,0.7838479280471802,-0.018439890816807747,0.6290923357009888,0.7463688850402832,-0.028714312240481377,0.6554989218711853,0.7276737093925476,-0.038289040327072144,0.6171744465827942,0.7022510766983032,-0.007211752235889435,0.6210992336273193,0.629311740398407,-0.023626428097486496,0.6259492039680481,0.582589328289032,-0.03381449729204178,0.6316027641296387,0.5445005297660828,-0.039301466196775436,0.6458817720413208,0.7093239426612854,-0.015652375295758247,0.6489611864089966,0.6289634108543396,-0.03345470502972603,0.649493932723999,0.5758143663406372,-0.04512447491288185,0.6520155072212219,0.5337609648704529,-0.04981260374188423,0.6714485883712769,0.735492467880249,-0.02615768276154995,0.6647151112556458,0.7148524522781372,-0.050897181034088135,0.6419711112976074,0.7520624995231628,-0.05603521689772606,0.6285769939422607,0.7814899682998657,-0.05118666589260101,0.6886476278305054,0.7716922163963318,-0.03771321102976799,0.6744588613510132,0.7604911923408508,-0.053438108414411545,0.6505759358406067,0.7838233113288879,-0.05153634771704674,0.6357774138450623,0.8030695915222168,-0.04541272670030594
0.6376087069511414,0.8966193199157715,3.72185752439691e-07,0.6062902212142944,0.8498592376708984,-0.01087369117885828,0.6002815961837769,0.7861729860305786,-0.017281023785471916,0.6267750859260559,0.7475597262382507,-0.02687806263566017,0.6529468894004822,0.728429913520813,-0.03581541031599045,0.6163954138755798,0.7037872672080994,-0.005854941438883543,0.6202857494354248,0.6308152675628662,-0.0218691173940897,0.6247162818908691,0.5844211578369141,-0.03172416239976883,0.6299000978469849,0.5461612343788147,-0.03706580772995949,0.6449723243713379,0.7108346223831177,-0.0143325449898839,0.6469725370407104,0.6303632855415344,-0.03184867650270462,0.6473685503005981,0.5774468183517456,-0.04348217323422432,0.6497884392738342,0.5346817374229431,-0.048268724232912064,0.6706489324569702,0.736263632774353,-0.02493692748248577,0.6638029217720032,0.7138872146606445,-0.049665577709674835,0.6423320174217224,0.7500428557395935,-0.055029939860105515,0.629608154296875,0.7790499925613403,-0.050452589988708496,0.6881347298622131,0.7715982794761658,-0.036588408052921295,0.6744617223739624,0.7591970562934875,-0.05218007043004036,0.6511939764022827,0.7821663022041321,-0.050458747893571854,0.6366186141967773,0.8020502328872681,-0.0446176752448082
0.637273907661438,0.8921704888343811,4.051897803947213e-07,0.6062068939208984,0.8475239276885986,-0.012311645783483982,0.5998390913009644,0.7852583527565002,-0.02008887007832527,0.6271910667419434,0.7475644946098328,-0.03067871369421482,0.6544129252433777,0.7288496494293213,-0.040592826902866364,0.6167455911636353,0.7036358714103699,-0.009238730184733868,0.6206881403923035,0.6304188370704651,-0.026316773146390915,0.6258823871612549,0.5836098790168762,-0.03655475378036499,0.6318890452384949,0.5451921224594116,-0.041943300515413284,0.645336925983429,0.7105176448822021,-0.017274193465709686,0.648513913154602,0.629020094871521,-0.03603357821702957,0.6490065455436707,0.5756475925445557,-0.04773063212633133,0.6511600613594055,0.5331116318702698,-0.052182577550411224,0.6708908081054688,0.7360491752624512,-0.027375485748052597,0.6643146872520447,0.7151716947555542,-0.053539153188467026,0.6424045562744141,0.7539331912994385,-0.05853491276502609,0.6296132802963257,0.7834881544113159,-0.053132787346839905,0.6885169148445129,0.771169126033783,-0.03851831704378128,0.6749357581138611,0.7587969899177551,-0.05516042187809944,0.6511918306350708,0.7841306924819946,-0.05303983390331268,0.636400043964386,0.8044502139091492,-0.046557702124118805
0.636078417301178,0.8923101425170898,3.8230260201999045e-07,0.6060394048690796,0.8477314710617065,-0.011159528978168964,0.6002094745635986,0.784827709197998,-0.018015071749687195,0.6274729371070862,0.7475135922431946,-0.027769431471824646,0.6542335152626038,0.7294974327087402,-0.0369848906993866,0.6163461804389954,0.7030794620513916,-0.008369133807718754,0.6205289363861084,0.6304389834403992,-0.02503015659749508,0.6257247924804688,0.5841050744056702,-0.035302139818668365,0.631940484046936,0.5461870431900024,-0.040973324328660965,0.6451815962791443,0.7097085118293762,-0.01667301170527935,0.6471521258354187,0.6291667819023132,-0.03482646495103836,0.6475075483322144,0.5760606527328491,-0.04700363054871559,0.6502785086631775,0.5334250926971436,-0.05218309909105301,0.6710029244422913,0.7353681921958923,-0.026838654652237892,0.6633200645446777,0.7148718237876892,-0.05146865174174309,0.641273558139801,0.7501193881034851,-0.056981440633535385,0.6284204721450806,0.7777381539344788,-0.052704788744449615,0.6885363459587097,0.7708470821380615,-0.03803044185042381,0.6733408570289612,0.7612011432647705,-0.05403773859143257,0.6502629518508911,0.7844018936157227,-0.05271618813276291,0.6366232633590698,0.8035308122634888,-0.04712294414639473
0.6361268162727356,0.8921462297439575,3.9467985857299936e-07,0.6060757637023926,0.8474112749099731,-0.012680542655289173,0.6001378297805786,0.7859312295913696,-0.020359525457024574,0.6270074844360352,0.7481886744499207,-0.03073337860405445,0.6535354852676392,0.7293814420700073,-0.040339916944503784,0.6162168383598328,0.7030580043792725,-0.009055587463080883,0.6202018857002258,0.6293742656707764,-0.025979313999414444,0.6254899501800537,0.582659900188446,-0.03630205988883972,0.6317482590675354,0.5442912578582764,-0.04191518947482109,0.6448208689689636,0.7105008959770203,-0.016794053837656975,0.6469661593437195,0.6295099258422852,-0.03516504541039467,0.6480357646942139,0.5762945413589478,-0.04706558585166931,0.6515404582023621,0.5333642959594727,-0.05201397463679314,0.6704784631729126,0.736525297164917,-0.02665337175130844,0.6639354825019836,0.7139120101928711,-0.052045706659555435,0.6419175267219543,0.750360369682312,-0.057181790471076965,0.6291252374649048,0.7787322402000427,-0.052357569336891174,0.6883007287979126,0.7721958756446838,-0.0376586839556694,0.6748027801513672,0.7593989968299866,-0.05409158393740654,0.6515843272209167,0.7829022407531738,-0.052410248667001724,0.6374427080154419,0.8024624586105347,-0.04643181338906288
0.6361279487609863,0.8928452730178833,3.979396296927007e-07,0.6057047247886658,0.8470408916473389,-0.012165485881268978,0.6004375219345093,0.7851046323776245,-0.019346121698617935,0.62775057554245,0.7477747797966003,-0.02933204546570778,0.6527987718582153,0.7280200123786926,-0.038567397743463516,0.6160069704055786,0.7023943066596985,-0.007921094074845314,0.6200991272926331,0.629211962223053,-0.024597665295004845,0.6253879070281982,0.582325279712677,-0.03502607345581055,0.6316081881523132,0.544089674949646,-0.04078225791454315,0.6447724103927612,0.7097375988960266,-0.01588592119514942,0.6466286778450012,0.6296026110649109,-0.03410085663199425,0.6477894186973572,0.5763806104660034,-0.04629773646593094,0.6514705419540405,0.5335747003555298,-0.05150160193443298,0.6705712080001831,0.7359796166419983,-0.025976894423365593,0.6637622714042664,0.7148869037628174,-0.051171522587537766,0.6412460803985596,0.7507333755493164,-0.05670732632279396,0.6278928518295288,0.7787981629371643,-0.052296679466962814,0.6883431673049927,0.77225261926651,-0.03719938546419144,0.6750624179840088,0.7609068751335144,-0.053916942328214645,0.6514455676078796,0.7838140726089478,-0.052678853273391724,0.6365982294082642,0.8029096722602844,-0.04700605571269989
0.6376104354858398,0.8960139751434326,3.977029621182737e-07,0.6061881184577942,0.8500238656997681,-0.011866377666592598,0.6006802916526794,0.7865424752235413,-0.018768737092614174,0.6281110644340515,0.748250424861908,-0.0286386851221323,0.6538968682289124,0.7285206913948059,-0.03773435577750206,0.616753876209259,0.7033689022064209,-0.007120239548385143,0.6204856634140015,0.6298189759254456,-0.023816736415028572,0.6254144906997681,0.5824846029281616,-0.03429901599884033,0.6313282251358032,0.5439852476119995,-0.04009850695729256,0.6456186175346375,0.7102532386779785,-0.015388574451208115,0.647125244140625,0.6295920014381409,-0.03372637927532196,0.6478688716888428,0.5761651992797852,-0.04609476402401924,0.6513073444366455,0.5334237813949585,-0.05134804919362068,0.671342670917511,0.7361119389533997,-0.025839580222964287,0.6637661457061768,0.7154907584190369,-0.051106736063957214,0.6408475637435913,0.7514935731887817,-0.05674854293465614,0.6275032758712769,0.7798941135406494,-0.05232614651322365,0.6886706352233887,0.7719569206237793,-0.03745776042342186,0.6749586462974548,0.7609243392944336,-0.0539630725979805,0.6513490080833435,0.7835756540298462,-0.05279688164591789,0.636842668056488,0.8025199770927429,-0.04718470573425293
0.6377618312835693,0.8989250659942627,3.79592961508024e-07,0.6064410209655762,0.8522452116012573,-0.010990443639457226,0.5993411540985107,0.7892172336578369,-0.01798180118203163,0.6247395277023315,0.7509764432907104,-0.028091639280319214,0.6518511772155762,0.7326051592826843,-0.037501391023397446,0.6163888573646545,0.7051453590393066,-0.007216127589344978,0.6194347739219666,0.6315196752548218,-0.023866044357419014,0.6241311430931091,0.5848222970962524,-0.03419255092740059,0.6299453973770142,0.5466321706771851,-0.039940737187862396,0.6450652480125427,0.7120446562767029,-0.01598968543112278,0.6466808915138245,0.630684494972229,-0.03418263792991638,0.6469509601593018,0.5773254036903381,-0.046329565346241,0.6495691537857056,0.5347126722335815,-0.05156267061829567,0.670857846736908,0.7383906245231628,-0.026821106672286987,0.6646552681922913,0.7153384685516357,-0.05213455483317375,0.6422198414802551,0.7504436373710632,-0.0581030435860157,0.6288399696350098,0.7790539264678955,-0.05403609946370125,0.6882608532905579,0.7752975225448608,-0.038641173392534256,0.6750146746635437,0.7625753283500671,-0.0552239716053009,0.6505416631698608,0.7842481732368469,-0.05428168922662735,0.6348851323127747,0.8032479882240295,-0.04899098351597786
0.6366278529167175,0.8976632952690125,3.912908823622274e-07,0.6056297421455383,0.851054847240448,-0.010471461340785027,0.598778247833252,0.787121593952179,-0.017218226566910744,0.625043511390686,0.7487592101097107,-0.027037596330046654,0.6524382829666138,0.7308281660079956,-0.03627429157495499,0.6156771183013916,0.7047086954116821,-0.007589579559862614,0.6198956966400146,0.6311622858047485,-0.024051940068602562,0.6251446604728699,0.5843801498413086,-0.03420333191752434,0.63127601146698,0.5458236336708069,-0.039765745401382446,0.6450151205062866,0.7111886143684387,-0.016265179961919785,0.6477124094963074,0.6301676630973816,-0.03391424939036369,0.648300051689148,0.5768921971321106,-0.04573933407664299,0.6507245302200317,0.534092903137207,-0.050746358931064606,0.6711996793746948,0.7368139028549194,-0.026826003566384315,0.6623353958129883,0.7173930406570435,-0.05123757943511009,0.6404798030853271,0.7520328760147095,-0.0572868213057518,0.6279031038284302,0.7799274325370789,-0.05341474711894989,0.6884457468986511,0.7724452614784241,-0.0383559986948967,0.6716552972793579,0.7641915678977966,-0.05414355546236038,0.6478489637374878,0.7873272895812988,-0.0532073937356472,0.6337064504623413,0.8066558837890625,-0.04799602925777435
0.6369462013244629,0.8973211050033569,3.81513387992527e-07,0.605241596698761,0.8505306839942932,-0.010861976072192192,0.5983144044876099,0.7867369055747986,-0.017641939222812653,0.625062108039856,0.7510925531387329,-0.027420198544859886,0.6530081629753113,0.7342450618743896,-0.036667246371507645,0.6158247590065002,0.7048267722129822,-0.007695178966969252,0.6193445324897766,0.632073700428009,-0.024287091568112373,0.623905599117279,0.5856371521949768,-0.03459935635328293,0.6295321583747864,0.5471693873405457,-0.040417738258838654,0.6448352336883545,0.7110965251922607,-0.016363652423024178,0.6465333104133606,0.6302873492240906,-0.03417137637734413,0.6467568278312683,0.5771199464797974,-0.0463608019053936,0.6491693258285522,0.5340515375137329,-0.051770467311143875,0.6704734563827515,0.7369113564491272,-0.026993660256266594,0.662795901298523,0.7165865898132324,-0.051775213330984116,0.6416155695915222,0.7510306239128113,-0.05823938548564911,0.62928307056427,0.7784848213195801,-0.054731760174036026,0.6870967149734497,0.7728729248046875,-0.038585878908634186,0.6704705953598022,0.7653859853744507,-0.054920852184295654,0.6471748352050781,0.7888695001602173,-0.054403156042099,0.6333103179931641,0.8082512021064758,-0.0495355948805809
0.637809693813324,0.8983466029167175,3.979073994742066e-07,0.6057611703872681,0.8526425361633301,-0.011750029399991035,0.5978087186813354,0.7906933426856995,-0.019387373700737953,0.6239362359046936,0.754042387008667,-0.029921967536211014,0.6510783433914185,0.735619306564331,-0.0397598035633564,0.6158562302589417,0.7057278752326965,-0.008717181161046028,0.619762659072876,0.6323922276496887,-0.02586265094578266,0.6249803304672241,0.5854510068893433,-0.03656620904803276,0.6311173439025879,0.5469409227371216,-0.042518675327301025,0.6448842287063599,0.7118062973022461,-0.01714182272553444,0.6472154855728149,0.6305125951766968,-0.03539147973060608,0.6478227972984314,0.5767925977706909,-0.04768146574497223,0.6502636075019836,0.5340452194213867,-0.05302101746201515,0.6705529093742371,0.7375913858413696,-0.027622897177934647,0.6627731919288635,0.7178840637207031,-0.05264757573604584,0.6411657333374023,0.7522883415222168,-0.0589875727891922,0.6284374594688416,0.7799612283706665,-0.055293384939432144,0.687390148639679,0.7739269137382507,-0.03916626796126366,0.6721082329750061,0.7654927968978882,-0.05561899393796921,0.6484482884407043,0.788058340549469,-0.05492444708943367,0.6339399814605713,0.8069045543670654,-0.049837395548820496
0.6379435062408447,0.8993528485298157,3.9912464444569196e-07,0.6057471632957458,0.8528123497962952,-0.01079995185136795,0.5983794927597046,0.7900292873382568,-0.01799101009964943,0.624418318271637,0.7525637149810791,-0.028328781947493553,0.6509783864021301,0.7342270016670227,-0.03804757073521614,0.6159321069717407,0.7058069705963135,-0.007565187755972147,0.6198523044586182,0.6326459646224976,-0.024449924007058144,0.6248655915260315,0.5858833193778992,-0.03515676409006119,0.6308715343475342,0.5475716590881348,-0.04118109121918678,0.6450542211532593,0.7120460271835327,-0.016429131850600243,0.6475625038146973,0.6309304237365723,-0.03456036001443863,0.6480483412742615,0.5770275592803955,-0.04707050696015358,0.6503487229347229,0.5342345833778381,-0.05262188985943794,0.6708133220672607,0.7380115389823914,-0.02725352719426155,0.6623547077178955,0.7181311249732971,-0.051740340888500214,0.6405084133148193,0.7522514462471008,-0.05787074193358421,0.6277531981468201,0.7800213694572449,-0.05419217422604561,0.6873415112495422,0.7745144367218018,-0.03912142291665077,0.6708170771598816,0.7663128972053528,-0.05504065752029419,0.647275447845459,0.7886254191398621,-0.05415242910385132,0.6332952976226807,0.8072956204414368,-0.049019794911146164
0.6381738781929016,0.9001520872116089,4.006107587883889e-07,0.6058381795883179,0.8532660007476807,-0.010287901386618614,0.5982176661491394,0.7891506552696228,-0.017005376517772675,0.6247711777687073,0.7527661919593811,-0.027029240503907204,0.6525235772132874,0.7364905476570129,-0.03651658818125725,0.6160030364990234,0.7063294649124146,-0.007000509183853865,0.6196836233139038,0.6325218677520752,-0.023697029799222946,0.6246777772903442,0.5850763916969299,-0.03431518003344536,0.6305881142616272,0.5463602542877197,-0.04030565172433853,0.6449867486953735,0.7123980522155762,-0.016059324145317078,0.647213876247406,0.6311970353126526,-0.03393581137061119,0.6477715969085693,0.5771688222885132,-0.04630418121814728,0.6504185795783997,0.5342280864715576,-0.05178072303533554,0.6706926822662354,0.7379843592643738,-0.027058176696300507,0.6615889668464661,0.7191110253334045,-0.05114023759961128,0.6402391195297241,0.7538171410560608,-0.05716425180435181,0.6283323764801025,0.781777024269104,-0.0534348264336586,0.6872141361236572,0.7739257216453552,-0.03911534324288368,0.6698569059371948,0.7665899991989136,-0.05452819913625717,0.646959662437439,0.7896144390106201,-0.05346822366118431,0.6341361999511719,0.8086264729499817,-0.0482860691845417
0.6375470757484436,0.8982090353965759,3.970754107740504e-07,0.6055260896682739,0.8526443243026733,-0.010962885804474354,0.5975542068481445,0.79001784324646,-0.01831672526896,0.623663067817688,0.7530534863471985,-0.028754377737641335,0.6509813666343689,0.7359050512313843,-0.03855275735259056,0.6165524125099182,0.7050961256027222,-0.008393904194235802,0.6201798319816589,0.6314531564712524,-0.025135379284620285,0.6250584125518799,0.5844714641571045,-0.03567316755652428,0.6309173107147217,0.5458559989929199,-0.0416731983423233,0.6456390023231506,0.7117414474487305,-0.017101554200053215,0.6475416421890259,0.630557656288147,-0.03511025011539459,0.6480482816696167,0.5766721963882446,-0.047397103160619736,0.6505014896392822,0.5338289141654968,-0.0529261976480484,0.6712822914123535,0.7378165125846863,-0.027725106105208397,0.662691593170166,0.7178260684013367,-0.052021317183971405,0.6409281492233276,0.7522091269493103,-0.058003880083560944,0.6281564235687256,0.7801340818405151,-0.05434101074934006,0.6879159808158875,0.7741912007331848,-0.03942878544330597,0.6719555258750916,0.7650353908538818,-0.05536147952079773,0.6481562852859497,0.7874078154563904,-0.05459092929959297,0.6337236762046814,0.8062394857406616,-0.0496295690536499
0.6379488706588745,0.8985472917556763,3.863646327317838e-07,0.6055669784545898,0.8528586626052856,-0.011013531126081944,0.5980542898178101,0.7898081541061401,-0.018066471442580223,0.6235609650611877,0.7524544596672058,-0.02808161824941635,0.6495431065559387,0.7345067858695984,-0.037429582327604294,0.6161016821861267,0.7063849568367004,-0.008390983566641808,0.6194958686828613,0.6327022314071655,-0.025337237864732742,0.6241179704666138,0.5862512588500977,-0.03594012185931206,0.6300994753837585,0.5480252504348755,-0.041933298110961914,0.6452178359031677,0.7125508189201355,-0.017020121216773987,0.6463049650192261,0.6307581663131714,-0.03538138419389725,0.6463457345962524,0.5767927765846252,-0.04795150086283684,0.6487901210784912,0.5335620641708374,-0.053579673171043396,0.6711496114730835,0.7381834983825684,-0.02757142297923565,0.6625173091888428,0.7177339792251587,-0.052374761551618576,0.6403681635856628,0.7511993646621704,-0.05869058147072792,0.6272268891334534,0.778430163860321,-0.055193569511175156,0.687953531742096,0.7740992903709412,-0.039149269461631775,0.6715443134307861,0.7657266855239868,-0.05548785626888275,0.6477264165878296,0.7879421710968018,-0.054907750338315964,0.6334134936332703,0.8064231872558594,-0.0500326082110405
0.6377100348472595,0.8959380984306335,3.7866399793529126e-07,0.6062635183334351,0.8511039614677429,-0.011151268146932125,0.5971812009811401,0.7897846102714539,-0.01879800669848919,0.6217606067657471,0.752602756023407,-0.029412636533379555,0.6486609578132629,0.7332176566123962,-0.03933843970298767,0.614981472492218,0.7047392129898071,-0.009239248000085354,0.617834746837616,0.6308468580245972,-0.026191346347332,0.6215373873710632,0.5844056606292725,-0.036308299750089645,0.6261963844299316,0.545502781867981,-0.04172061011195183,0.6440485715866089,0.7108517289161682,-0.017744656652212143,0.6453981399536133,0.6297345757484436,-0.035794686526060104,0.6448460221290588,0.5767790079116821,-0.047438789159059525,0.6461533904075623,0.5337609052658081,-0.05223126709461212,0.6702202558517456,0.7358983159065247,-0.0281657837331295,0.6597751379013062,0.7172659039497375,-0.05320984870195389,0.6386007070541382,0.7535603046417236,-0.059122130274772644,0.6267382502555847,0.7825573682785034,-0.05499882251024246,0.6878807544708252,0.7708553075790405,-0.039550747722387314,0.6693190336227417,0.7638355493545532,-0.05537591874599457,0.6453292369842529,0.7873249053955078,-0.05418826639652252,0.6312098503112793,0.8069136738777161,-0.04880305752158165
0.6388307809829712,0.8986567258834839,3.6891896115776035e-07,0.6062373518943787,0.8532302379608154,-0.009953676722943783,0.5965197086334229,0.7919985055923462,-0.016926297917962074,0.6196168661117554,0.7548425793647766,-0.02709272690117359,0.6456683278083801,0.7356966137886047,-0.03661544620990753,0.6152575612068176,0.7059163451194763,-0.007700740359723568,0.6175469160079956,0.63209468126297,-0.02417529933154583,0.6205229163169861,0.5856738090515137,-0.034167587757110596,0.6247219443321228,0.5472975969314575,-0.039574213325977325,0.6446163654327393,0.7107094526290894,-0.01660240814089775,0.644679069519043,0.6301735639572144,-0.03393935412168503,0.6434306502342224,0.5770689249038696,-0.045617274940013885,0.6441006064414978,0.534717857837677,-0.05057068541646004,0.6709668040275574,0.7352091670036316,-0.02734299749135971,0.6582364439964294,0.7185376286506653,-0.051136769354343414,0.6367766857147217,0.7519038915634155,-0.05749697610735893,0.6241980791091919,0.7800576686859131,-0.05414816737174988,0.6877705454826355,0.7707554697990417,-0.03904078155755997,0.6679819822311401,0.7661635279655457,-0.054236315190792084,0.644375741481781,0.788600742816925,-0.053453776985406876,0.6302696466445923,0.8083769679069519,-0.0484987236559391
0.6395465135574341,0.89743971824646,3.5986289503853186e-07,0.6076192855834961,0.8537728786468506,-0.010454772971570492,0.5955501794815063,0.793056845664978,-0.017725564539432526,0.6176974773406982,0.7555561661720276,-0.028120767325162888,0.6450841426849365,0.736578643321991,-0.037872638553380966,0.6151223182678223,0.7066622376441956,-0.0084873391315341,0.6165838837623596,0.6329947710037231,-0.02492702379822731,0.6193434000015259,0.5871463418006897,-0.03464779257774353,0.6231821775436401,0.549010157585144,-0.03981005772948265,0.6437723636627197,0.7113535404205322,-0.017145507037639618,0.6449291706085205,0.6300910711288452,-0.03446800634264946,0.6434159874916077,0.5773847699165344,-0.04567033797502518,0.6434535384178162,0.5352306365966797,-0.05025133863091469,0.6695613265037537,0.7353376746177673,-0.027722211554646492,0.6588361263275146,0.7167057394981384,-0.05178366228938103,0.6388436555862427,0.7515831589698792,-0.05800590291619301,0.6277341246604919,0.7805611491203308,-0.0544079914689064,0.6866517066955566,0.7698657512664795,-0.03926139697432518,0.6686596870422363,0.7634090185165405,-0.054378949105739594,0.6451432108879089,0.7864134311676025,-0.053568851202726364,0.6311283707618713,0.8064826726913452,-0.048686303198337555
0.6395272016525269,0.8965286016464233,3.790156881677831e-07,0.6065399050712585,0.8520390391349792,-0.009713973850011826,0.5953157544136047,0.7909308671951294,-0.016790233552455902,0.6183587908744812,0.7541182041168213,-0.027177982032299042,0.6452507972717285,0.735998272895813,-0.03705127537250519,0.6149275302886963,0.7055222392082214,-0.008091666735708714,0.6167300939559937,0.6321081519126892,-0.024664610624313354,0.620093047618866,0.5854530930519104,-0.034856654703617096,0.6246408224105835,0.5464528799057007,-0.04040146991610527,0.6436475515365601,0.7106944918632507,-0.017149992287158966,0.6442910432815552,0.6301819682121277,-0.034729085862636566,0.6431512832641602,0.5765590071678162,-0.046420514583587646,0.643586277961731,0.5337274074554443,-0.05136607959866524,0.6695538759231567,0.7350665926933289,-0.027989152818918228,0.6579235196113586,0.7175090909004211,-0.05204271152615547,0.6373891234397888,0.7522247433662415,-0.05816079303622246,0.6257149577140808,0.7810258865356445,-0.05443338304758072,0.6865514516830444,0.7700462937355042,-0.03973861783742905,0.6684214472770691,0.762069046497345,-0.054859574884176254,0.6445894241333008,0.785089910030365,-0.05362769961357117,0.6302304863929749,0.80518639087677,-0.04834402725100517
0.6391169428825378,0.8961013555526733,3.7981268974363047e-07,0.6064075231552124,0.8523272275924683,-0.010326743125915527,0.5957215428352356,0.7909570336341858,-0.017309781163930893,0.6192495226860046,0.753400444984436,-0.02743012085556984,0.6465919017791748,0.7353090047836304,-0.03698967397212982,0.6146803498268127,0.7049124836921692,-0.00798899307847023,0.6167086362838745,0.6317912340164185,-0.0245193000882864,0.6201748847961426,0.5850254893302917,-0.03461402282118797,0.6246671080589294,0.5462042093276978,-0.04011918604373932,0.6439127326011658,0.709863543510437,-0.016798248514533043,0.6440252065658569,0.6294490098953247,-0.03439590707421303,0.642939567565918,0.5757344961166382,-0.04618608206510544,0.6434178352355957,0.5331570506095886,-0.05118175595998764,0.6699123382568359,0.7345247268676758,-0.0274967011064291,0.6587633490562439,0.7166627645492554,-0.0518885999917984,0.6388915777206421,0.7509665489196777,-0.058414630591869354,0.6275575757026672,0.779537558555603,-0.05491374805569649,0.6866263747215271,0.7698062658309937,-0.039126861840486526,0.6679108738899231,0.7630142569541931,-0.054876040667295456,0.6442505121231079,0.7861273884773254,-0.05424194037914276,0.629924476146698,0.8060391545295715,-0.049309540539979935
0.6387835741043091,0.8965387344360352,3.710085820785025e-07,0.6056470274925232,0.8514320850372314,-0.009321902878582478,0.5962580442428589,0.7889108061790466,-0.01535467617213726,0.6197498440742493,0.750898003578186,-0.024725541472434998,0.6459238529205322,0.7321754097938538,-0.03356406092643738,0.61378014087677,0.705547034740448,-0.006258674897253513,0.6159745454788208,0.6324349641799927,-0.02221095748245716,0.619581401348114,0.586039125919342,-0.03195055574178696,0.6244558095932007,0.5475746989250183,-0.03728286549448967,0.6429712176322937,0.7104508876800537,-0.015228086151182652,0.642511248588562,0.6295215487480164,-0.03260154277086258,0.641352117061615,0.5759686231613159,-0.04451296105980873,0.6421713829040527,0.5334300994873047,-0.04960106313228607,0.6693769097328186,0.7347906827926636,-0.025998851284384727,0.6584547162055969,0.7161099910736084,-0.0501115508377552,0.6379722356796265,0.7506445050239563,-0.056509967893362045,0.6258697509765625,0.7791340351104736,-0.05296168848872185,0.6867201328277588,0.7695842385292053,-0.03762364014983177,0.6678392291069031,0.7625196576118469,-0.0530441515147686,0.6439244747161865,0.7849059104919434,-0.05235366150736809,0.6290287971496582,0.8039641976356506,-0.04744546487927437
0.6390678882598877,0.8969002962112427,3.8028932181077835e-07,0.605957567691803,0.8505491614341736,-0.009880959056317806,0.5960037708282471,0.7877166271209717,-0.016492653638124466,0.6198334097862244,0.7496464252471924,-0.02645876072347164,0.6471501588821411,0.7316718101501465,-0.0358782522380352,0.6141905784606934,0.7052221894264221,-0.006869804114103317,0.6161013245582581,0.6316115856170654,-0.02312495931982994,0.61967933177948,0.5848720073699951,-0.0330951027572155,0.6245176196098328,0.5460367202758789,-0.038563553243875504,0.6428273320198059,0.7111853957176208,-0.01586284302175045,0.6427590250968933,0.6301815509796143,-0.03364865109324455,0.6420766115188599,0.576463520526886,-0.045556824654340744,0.6432800889015198,0.5339872241020203,-0.05060523748397827,0.6688952445983887,0.7361395359039307,-0.026750996708869934,0.6606448292732239,0.7157414555549622,-0.05166729912161827,0.6398599743843079,0.7514135837554932,-0.05803518369793892,0.6271106600761414,0.7811550498008728,-0.05419948697090149,0.6864921450614929,0.7714676260948181,-0.03849756345152855,0.6703721284866333,0.7616189122200012,-0.05440190061926842,0.6461111903190613,0.7841542363166809,-0.05349091440439224,0.6303261518478394,0.8039827942848206,-0.04832010343670845
0.6395953893661499,0.8974179625511169,3.8702529536749353e-07,0.6061688661575317,0.8528811931610107,-0.0101966867223382,0.5945711731910706,0.7903383374214172,-0.01703156717121601,0.6174466609954834,0.7512704730033875,-0.027112722396850586,0.6447227001190186,0.7333871126174927,-0.03659830614924431,0.6137366890907288,0.7057590484619141,-0.007619429845362902,0.6156317591667175,0.6322866082191467,-0.024088192731142044,0.6192300319671631,0.585282027721405,-0.03431188315153122,0.6242135763168335,0.5463941693305969,-0.040022965520620346,0.6425313353538513,0.7107842564582825,-0.016447201371192932,0.6423344016075134,0.6296468377113342,-0.03435252606868744,0.6415586471557617,0.5755102634429932,-0.04637391120195389,0.6428210735321045,0.5327733755111694,-0.05153390392661095,0.6687745451927185,0.7351645231246948,-0.027130495756864548,0.659409761428833,0.7159832119941711,-0.05171024054288864,0.6379865407943726,0.7517946362495422,-0.057816557586193085,0.6248632073402405,0.7820366621017456,-0.05396043509244919,0.6862168312072754,0.7703588008880615,-0.03877206891775131,0.6687766313552856,0.7622068524360657,-0.05454196035861969,0.6444989442825317,0.7855798602104187,-0.053598836064338684,0.62910395860672,0.8062185645103455,-0.04842105135321617
0.6399062871932983,0.8968929648399353,3.7714204381700256e-07,0.6058418154716492,0.8518053293228149,-0.009372583590447903,0.5945932865142822,0.7895633578300476,-0.015701843425631523,0.6176138520240784,0.7512457966804504,-0.025381485000252724,0.6441119909286499,0.7332954406738281,-0.03453525900840759,0.6141993403434753,0.70420241355896,-0.006673344410955906,0.6157956719398499,0.6311600804328918,-0.022335508838295937,0.6190028190612793,0.5844953656196594,-0.032200783491134644,0.6234889626502991,0.5457223653793335,-0.03778158873319626,0.6433312892913818,0.7094242572784424,-0.015528267249464989,0.6432176828384399,0.6301144957542419,-0.03233448415994644,0.6422818303108215,0.576657772064209,-0.0440736785531044,0.6432070732116699,0.5341299772262573,-0.049346860498189926,0.6694903373718262,0.7340219020843506,-0.02614131197333336,0.6579805612564087,0.7167536616325378,-0.04922638460993767,0.6366509199142456,0.7511708736419678,-0.05549447983503342,0.6240394115447998,0.7803384065628052,-0.05228268355131149,0.6864105463027954,0.7693034410476685,-0.037722066044807434,0.6679767966270447,0.7628018260002136,-0.05273246765136719,0.6436920762062073,0.7853444814682007,-0.052145689725875854,0.6285880208015442,0.8053447008132935,-0.04749082773923874
0.6388920545578003,0.8964378833770752,3.8587197082051716e-07,0.6053795218467712,0.8521429300308228,-0.010112538002431393,0.5946140289306641,0.7895979881286621,-0.016868023201823235,0.618311882019043,0.7503660321235657,-0.02683473937213421,0.6446965932846069,0.7311192154884338,-0.03618507459759712,0.6133529543876648,0.7046051025390625,-0.007517912425100803,0.6156746745109558,0.6315290331840515,-0.023719890043139458,0.6192143559455872,0.5846939086914062,-0.033848848193883896,0.6238527297973633,0.5458893775939941,-0.03956722468137741,0.6425696015357971,0.7101038098335266,-0.01625925488770008,0.6426598429679871,0.6298758387565613,-0.03386727347970009,0.6419599056243896,0.5759789943695068,-0.04588497057557106,0.6431906223297119,0.533017098903656,-0.0511728972196579,0.668911337852478,0.7349595427513123,-0.026808220893144608,0.6578848958015442,0.7169947624206543,-0.05102583393454552,0.6360204815864563,0.7523104548454285,-0.05720651522278786,0.6229687929153442,0.7816702127456665,-0.05360032618045807,0.6861166954040527,0.7704676389694214,-0.03832531347870827,0.6679779291152954,0.7635549306869507,-0.054236941039562225,0.6435312032699585,0.7861669659614563,-0.05364011228084564,0.6282771825790405,0.8058488965034485,-0.048748504370450974
0.6385762095451355,0.8953425884246826,3.705164033362962e-07,0.605931282043457,0.8513324856758118,-0.01007933635264635,0.5944802165031433,0.7910448312759399,-0.017095152288675308,0.6169161796569824,0.7532014846801758,-0.027297431603074074,0.6434503793716431,0.7344970107078552,-0.03692632168531418,0.6136738657951355,0.7047412395477295,-0.008102737367153168,0.6156182885169983,0.6319053769111633,-0.02435392513871193,0.6188662648200989,0.5855785012245178,-0.03440417721867561,0.6232485175132751,0.5469207167625427,-0.039984531700611115,0.6426693797111511,0.7099074125289917,-0.01685604453086853,0.6425474882125854,0.6303356289863586,-0.034138552844524384,0.6416347026824951,0.5769087672233582,-0.04589317366480827,0.6424195170402527,0.5341849327087402,-0.05108671635389328,0.6688086986541748,0.7343624234199524,-0.027427446097135544,0.6580342054367065,0.7165340781211853,-0.051305804401636124,0.6374359726905823,0.7506560683250427,-0.057870641350746155,0.6251797676086426,0.7795069813728333,-0.05469487980008125,0.686109721660614,0.7692497372627258,-0.038935840129852295,0.6680070161819458,0.7628647089004517,-0.054364029318094254,0.6434489488601685,0.7844953536987305,-0.053981419652700424,0.62787926197052,0.8036513328552246,-0.04944043233990669
0.6383041739463806,0.8953493237495422,3.7832276689186983e-07,0.6056364178657532,0.8513287901878357,-0.010036603547632694,0.594784677028656,0.7912059426307678,-0.017112797126173973,0.6164318323135376,0.7528595328330994,-0.02743716724216938,0.6418986916542053,0.7338070273399353,-0.037096280604600906,0.6132727861404419,0.7051789164543152,-0.0078941211104393,0.6151677370071411,0.6317793130874634,-0.02442088909447193,0.618435800075531,0.5853474140167236,-0.0346515066921711,0.6231027841567993,0.5468184947967529,-0.0403025858104229,0.6423243284225464,0.7103219032287598,-0.01671406626701355,0.6417408585548401,0.6303620338439941,-0.03440725803375244,0.6407939791679382,0.5765801668167114,-0.04651264846324921,0.6419275999069214,0.5336601734161377,-0.051853738725185394,0.6686052680015564,0.734619677066803,-0.02733544260263443,0.6569403409957886,0.7166022658348083,-0.051093313843011856,0.6364383101463318,0.7506824731826782,-0.057085782289505005,0.6244595646858215,0.7793930172920227,-0.05349214747548103,0.685991108417511,0.7694877982139587,-0.03895500302314758,0.6670255064964294,0.7621162533760071,-0.05391337722539902,0.643101692199707,0.7836676836013794,-0.052893247455358505,0.6284268498420715,0.8027856349945068,-0.04785856977105141
0.6401398777961731,0.8943786025047302,3.812325815033546e-07,0.6067569255828857,0.8497310876846313,-0.010404175147414207,0.5962414741516113,0.7902706265449524,-0.0179191455245018,0.6182984709739685,0.7518841624259949,-0.028559943661093712,0.6438845992088318,0.733026385307312,-0.038500912487506866,0.6150120496749878,0.7043738961219788,-0.008238662034273148,0.6165522336959839,0.6311984658241272,-0.024770058691501617,0.6199954152107239,0.5847002267837524,-0.035052649676799774,0.6249449849128723,0.5463187098503113,-0.04068134352564812,0.644083559513092,0.7094912528991699,-0.016828307881951332,0.6436417102813721,0.6298443078994751,-0.03452170640230179,0.6431089639663696,0.5764525532722473,-0.04654921591281891,0.6448029279708862,0.5341821312904358,-0.05176926404237747,0.6702932715415955,0.7338151931762695,-0.02722030319273472,0.6591172218322754,0.7167043685913086,-0.05104327201843262,0.6374633312225342,0.7502701878547668,-0.057314515113830566,0.624678373336792,0.7786793112754822,-0.053895313292741776,0.6875980496406555,0.7687931060791016,-0.03860807791352272,0.669309675693512,0.7623825669288635,-0.0538402684032917,0.644730806350708,0.7846043109893799,-0.053017087280750275,0.6294589638710022,0.8042428493499756,-0.04804307222366333
0.6424590945243835,0.8943604230880737,3.818586264969781e-07,0.6092386841773987,0.8496955037117004,-0.010812215507030487,0.5980899930000305,0.789832353591919,-0.019123723730444908,0.6214398741722107,0.7508367896080017,-0.030541475862264633,0.6487513184547424,0.7316003441810608,-0.041251152753829956,0.6167941093444824,0.7051305770874023,-0.009458429180085659,0.617886483669281,0.6313610076904297,-0.02660570666193962,0.6215655207633972,0.5845610499382019,-0.03729844465851784,0.6268882155418396,0.5457148551940918,-0.043250616639852524,0.6456708312034607,0.7105395197868347,-0.01813635602593422,0.6455460786819458,0.6299186944961548,-0.036305610090494156,0.645403265953064,0.5763471126556396,-0.048501402139663696,0.6475403308868408,0.5337070822715759,-0.053958237171173096,0.6720097661018372,0.7350771427154541,-0.028628431260585785,0.661557137966156,0.7153838276863098,-0.05289382115006447,0.6392257809638977,0.748680591583252,-0.05899309739470482,0.6260149478912354,0.7770795822143555,-0.055469997227191925,0.6900493502616882,0.7702879309654236,-0.040115922689437866,0.6725191473960876,0.7592487335205078,-0.05571473017334938,0.6477416753768921,0.7804672122001648,-0.0546722449362278,0.632142186164856,0.7999789118766785,-0.04957369342446327
0.6432278156280518,0.8881767392158508,3.994633459569741e-07,0.6112244129180908,0.8426552414894104,-0.011171746999025345,0.6025334596633911,0.7844932675361633,-0.019842999055981636,0.6264735460281372,0.7483269572257996,-0.031544383615255356,0.652217447757721,0.7285899519920349,-0.04238869249820709,0.6201477646827698,0.6987839341163635,-0.008948702365159988,0.6215178370475769,0.6261881589889526,-0.025807932019233704,0.6254176497459412,0.5801799297332764,-0.0363297201693058,0.6312717795372009,0.54202800989151,-0.04200993478298187,0.6486695408821106,0.7061182856559753,-0.017324814572930336,0.6485022902488708,0.6282464265823364,-0.03495902568101883,0.648617148399353,0.5755919814109802,-0.04685018211603165,0.6514875888824463,0.5332849025726318,-0.052112605422735214,0.674415111541748,0.7320753335952759,-0.027610572054982185,0.6645663976669312,0.7147024273872375,-0.05140378326177597,0.642027735710144,0.7488366961479187,-0.056925710290670395,0.6289421319961548,0.7768778800964355,-0.05296576768159866,0.6917704343795776,0.7682631015777588,-0.03896068036556244,0.674871563911438,0.757810115814209,-0.05419383570551872,0.6505183577537537,0.7789992094039917,-0.05268459394574165,0.6352511644363403,0.7973570823669434,-0.047178883105516434
0.6466414332389832,0.8855971693992615,3.8686818015776225e-07,0.6145955920219421,0.8434792160987854,-0.012289164587855339,0.6044809222221375,0.7848082780838013,-0.020886356011033058,0.6285935640335083,0.7474831342697144,-0.032060734927654266,0.6565561294555664,0.7296593189239502,-0.042396556586027145,0.6222554445266724,0.7000865340232849,-0.010654066689312458,0.624853253364563,0.628057062625885,-0.027572346851229668,0.6290935277938843,0.5821195840835571,-0.03773052617907524,0.6339719891548157,0.5438039898872375,-0.04323556646704674,0.6511082649230957,0.7055138945579529,-0.018428632989525795,0.6524238586425781,0.6256870627403259,-0.036003272980451584,0.6525262594223022,0.573870837688446,-0.04710325226187706,0.6543266773223877,0.5318202972412109,-0.051639631390571594,0.6769991517066956,0.7301343679428101,-0.028137803077697754,0.6676052808761597,0.7115405797958374,-0.05250725895166397,0.6459100246429443,0.7468550205230713,-0.05794108659029007,0.6335769891738892,0.7746142148971558,-0.05366430804133415,0.694693386554718,0.7652923464775085,-0.03890809789299965,0.6773290634155273,0.7568715810775757,-0.054681841284036636,0.6534585952758789,0.780055820941925,-0.05348000302910805,0.6390689015388489,0.7990549802780151,-0.048089027404785156
0.6489673256874084,0.887442409992218,3.826095280601294e-07,0.6160857081413269,0.8426724672317505,-0.011026228778064251,0.607427179813385,0.782655656337738,-0.019068365916609764,0.6317777633666992,0.7449833154678345,-0.030085818842053413,0.6578962802886963,0.7253431677818298,-0.040415503084659576,0.626334547996521,0.7000070810317993,-0.008718972094357014,0.6291990280151367,0.6276391744613647,-0.02530386671423912,0.633058488368988,0.5820519924163818,-0.035710349678993225,0.6377862095832825,0.5442133545875549,-0.0415385365486145,0.655135989189148,0.7058632373809814,-0.01731320284307003,0.6562011241912842,0.6260560154914856,-0.03502742573618889,0.6563418507575989,0.5733189582824707,-0.047191280871629715,0.6583400368690491,0.5306365489959717,-0.052642930299043655,0.6809982061386108,0.7307822704315186,-0.027768606320023537,0.671189546585083,0.7101420164108276,-0.052082404494285583,0.6487604379653931,0.7436556220054626,-0.0582316517829895,0.6356383562088013,0.7711137533187866,-0.05471658706665039,0.6982070803642273,0.7662096619606018,-0.039210230112075806,0.6811798214912415,0.7557324767112732,-0.05548269674181938,0.6569843888282776,0.7769665122032166,-0.05480564385652542,0.6420095562934875,0.7954685688018799,-0.04983379319310188
0.6494349837303162,0.885981559753418,3.8627410958724795e-07,0.618374764919281,0.8383191823959351,-0.009284961968660355,0.6119997501373291,0.7770113945007324,-0.01608838327229023,0.6362925171852112,0.7418717741966248,-0.026282260194420815,0.6600889563560486,0.7230848670005798,-0.035870589315891266,0.6284732222557068,0.6968948841094971,-0.005718435160815716,0.6317408084869385,0.6259579062461853,-0.021346019580960274,0.6357021927833557,0.5811137557029724,-0.03129114955663681,0.64054936170578,0.5434340238571167,-0.03676997125148773,0.6567867398262024,0.7043942809104919,-0.014826551079750061,0.6588983535766602,0.6254191994667053,-0.031698260456323624,0.6592457890510559,0.5734165906906128,-0.04337902367115021,0.6616363525390625,0.5299739837646484,-0.048492733389139175,0.6825903058052063,0.7300977110862732,-0.025757499039173126,0.6742642521858215,0.7096784114837646,-0.04915785416960716,0.6502470970153809,0.7451472282409668,-0.05429108440876007,0.635320782661438,0.7723254561424255,-0.05005842447280884,0.7001494765281677,0.7656357288360596,-0.037587642669677734,0.6858245134353638,0.7538847923278809,-0.052315473556518555,0.6610926389694214,0.7758674025535583,-0.050225917249917984,0.6449779272079468,0.7936888933181763,-0.044403232634067535
0.6531437635421753,0.8846874833106995,3.8721572082067723e-07,0.621796190738678,0.8375786542892456,-0.011146154254674911,0.613768994808197,0.776567816734314,-0.018886292353272438,0.6387882232666016,0.7406163215637207,-0.0298757366836071,0.6663679480552673,0.7223565578460693,-0.040200188755989075,0.6332167387008667,0.6953213810920715,-0.006878746673464775,0.6363693475723267,0.6228392720222473,-0.023152247071266174,0.6408911943435669,0.5766465067863464,-0.03333844989538193,0.6460152864456177,0.538423478603363,-0.03881951794028282,0.6607064604759216,0.703585147857666,-0.015518000349402428,0.6635764241218567,0.6242011785507202,-0.03316077962517738,0.6642462015151978,0.571938157081604,-0.04483010247349739,0.6664630770683289,0.5300873517990112,-0.04967727139592171,0.6853209137916565,0.7301546335220337,-0.026262745261192322,0.6798859238624573,0.7060650587081909,-0.05160978436470032,0.657437264919281,0.7425134778022766,-0.05733640864491463,0.6437276005744934,0.7719891667366028,-0.05280448496341705,0.7023783922195435,0.7667914032936096,-0.03791007027029991,0.6908184289932251,0.7496058344841003,-0.05430351197719574,0.6657883524894714,0.7716203331947327,-0.05249270051717758,0.648802638053894,0.7914788126945496,-0.04643503203988075
0.6524816155433655,0.8874658942222595,3.86195466717254e-07,0.6204331517219543,0.8408586978912354,-0.009795469231903553,0.6134439706802368,0.7782238721847534,-0.01635250635445118,0.6375662088394165,0.740788996219635,-0.02623898908495903,0.6630248427391052,0.7220411896705627,-0.03554537147283554,0.6316739320755005,0.6951981782913208,-0.005823622923344374,0.6355088353157043,0.6232950687408447,-0.021675335243344307,0.640634298324585,0.5770518183708191,-0.031810082495212555,0.646536648273468,0.5392153859138489,-0.03740088641643524,0.6603931188583374,0.7026019096374512,-0.014744448475539684,0.6627171039581299,0.6226316690444946,-0.03198685869574547,0.6629546880722046,0.5696192979812622,-0.04381958022713661,0.6650415062904358,0.5276445150375366,-0.048855118453502655,0.6863224506378174,0.7286498546600342,-0.02559155784547329,0.6788089871406555,0.7055460214614868,-0.04970565065741539,0.655134916305542,0.739838182926178,-0.055530909448862076,0.6405142545700073,0.7684914469718933,-0.051526352763175964,0.703587532043457,0.7652900218963623,-0.037331294268369675,0.6888748407363892,0.7517215609550476,-0.05268169939517975,0.6642124056816101,0.7722163796424866,-0.05130324512720108,0.6482751369476318,0.7906886339187622,-0.04580066353082657
0.6522060036659241,0.88875412940979,3.8502523125316657e-07,0.6206044554710388,0.8407609462738037,-0.010380132123827934,0.6126983165740967,0.7778963446617126,-0.017651556059718132,0.6373369693756104,0.7402278184890747,-0.028317546471953392,0.6642062067985535,0.7220215797424316,-0.03836445137858391,0.6308509707450867,0.6970629096031189,-0.006524122320115566,0.634312629699707,0.6244770288467407,-0.02300620637834072,0.6390382051467896,0.5784364342689514,-0.033425502479076385,0.6447632908821106,0.5405431985855103,-0.03922251984477043,0.6587486267089844,0.7048439979553223,-0.01556896697729826,0.6614623665809631,0.6233713030815125,-0.03352600336074829,0.6620694398880005,0.5707263350486755,-0.04532252997159958,0.664655327796936,0.5285796523094177,-0.05034077540040016,0.6842741966247559,0.7312015891075134,-0.026663027703762054,0.6781927943229675,0.7058942317962646,-0.051680345088243484,0.6548284292221069,0.7411348819732666,-0.057041335850954056,0.6403921842575073,0.7703529596328735,-0.0525779165327549,0.7016282081604004,0.7678828835487366,-0.03871982917189598,0.689887285232544,0.7509816288948059,-0.05455263704061508,0.6657052040100098,0.7715707421302795,-0.0527292899787426,0.6495969891548157,0.7905149459838867,-0.04693544656038284
0.6515702605247498,0.8876674771308899,4.0051097016657877e-07,0.6197828054428101,0.838493824005127,-0.010180188342928886,0.6116921901702881,0.7772908806800842,-0.018129032105207443,0.6350169777870178,0.7395315766334534,-0.029530014842748642,0.6616425514221191,0.7221774458885193,-0.04024406522512436,0.630817711353302,0.6955181956291199,-0.007483360357582569,0.634477436542511,0.6229004859924316,-0.02435208112001419,0.6391351819038391,0.5767741203308105,-0.03509071469306946,0.6445586085319519,0.5383853316307068,-0.04105626046657562,0.6588286757469177,0.7032215595245361,-0.016765378415584564,0.6616884469985962,0.6230331659317017,-0.03471974655985832,0.6620619297027588,0.5700473785400391,-0.046533387154340744,0.6641301512718201,0.5272364616394043,-0.05154206231236458,0.6845738291740417,0.7299898862838745,-0.02797020971775055,0.6749149560928345,0.708590030670166,-0.0523441806435585,0.6511352062225342,0.7431313991546631,-0.05753978714346886,0.6369979977607727,0.7717011570930481,-0.05303799360990524,0.7018725275993347,0.767554759979248,-0.04019191488623619,0.6869492530822754,0.7541562914848328,-0.05532398074865341,0.6627331972122192,0.7742822170257568,-0.053318820893764496,0.6475816369056702,0.7925623059272766,-0.04737204685807228
0.6511104106903076,0.8878896236419678,3.8631694110335957e-07,0.6190911531448364,0.8388828635215759,-0.009242861531674862,0.6110902428627014,0.7778386473655701,-0.016429560258984566,0.6325597167015076,0.7394506335258484,-0.02716538868844509,0.6570027470588684,0.7211760878562927,-0.03718385472893715,0.6298580169677734,0.696357011795044,-0.005697388201951981,0.6337019801139832,0.6244865655899048,-0.022196905687451363,0.6378403306007385,0.578967809677124,-0.03281436488032341,0.6429198980331421,0.5415266752243042,-0.03866308182477951,0.6579659581184387,0.7029269337654114,-0.01518523134291172,0.6605086922645569,0.6230558753013611,-0.03261607885360718,0.6607790589332581,0.5706760883331299,-0.04429757967591286,0.6630288362503052,0.5280084609985352,-0.049236416816711426,0.6837639808654785,0.7284897565841675,-0.02656710520386696,0.6724256277084351,0.7093911170959473,-0.04994463920593262,0.6488848328590393,0.7433591485023499,-0.05464554578065872,0.6352511644363403,0.7713966369628906,-0.05012620985507965,0.7001581192016602,0.7652289271354675,-0.038989223539829254,0.6831861138343811,0.7547454237937927,-0.05313344672322273,0.6598244309425354,0.7761237621307373,-0.050572317093610764,0.6462350487709045,0.795099139213562,-0.044401865452528
0.6501498222351074,0.8895809650421143,3.869648992349539e-07,0.6175351142883301,0.8408602476119995,-0.009179760701954365,0.6102780103683472,0.7792807817459106,-0.01617557741701603,0.6326332092285156,0.7407776117324829,-0.026710785925388336,0.6565243601799011,0.7203212380409241,-0.03656918928027153,0.629431426525116,0.697185218334198,-0.005259310826659203,0.6328729391098022,0.6246844530105591,-0.02137114852666855,0.6370388269424438,0.5790696740150452,-0.03168727457523346,0.642105221748352,0.5417494773864746,-0.037265755236148834,0.6574434041976929,0.7047201991081238,-0.014642983675003052,0.6607438325881958,0.6245080232620239,-0.03161940723657608,0.6606006622314453,0.5719981789588928,-0.0432451032102108,0.66227787733078,0.5297703742980957,-0.04819353297352791,0.6826909780502319,0.7308219075202942,-0.025960491970181465,0.6714503169059753,0.7105298638343811,-0.04906953498721123,0.6473433375358582,0.7427060604095459,-0.05444572865962982,0.6334151029586792,0.7694376111030579,-0.05054812133312225,0.6984755992889404,0.7678189873695374,-0.0382610484957695,0.6825960278511047,0.7561708688735962,-0.05245412141084671,0.6589469909667969,0.7766753435134888,-0.050396692007780075,0.6449965834617615,0.7948566675186157,-0.04466584697365761
0.6433219313621521,0.8873836994171143,3.6553160498442594e-07,0.6116698980331421,0.8412250876426697,-0.008910797536373138,0.6023707985877991,0.7808826565742493,-0.01529606431722641,0.6241414546966553,0.7452026009559631,-0.02499900944530964,0.6480399966239929,0.7283772230148315,-0.034143414348363876,0.6218839287757874,0.6976498365402222,-0.0066611324436962605,0.625543475151062,0.6260647177696228,-0.022295387461781502,0.6291525363922119,0.581596851348877,-0.031702734529972076,0.6341724395751953,0.5449158549308777,-0.036891765892505646,0.6506463885307312,0.7021358609199524,-0.01570233143866062,0.6513738632202148,0.6227603554725647,-0.03181949257850647,0.6507888436317444,0.5717687606811523,-0.04254748672246933,0.6524986028671265,0.5303076505661011,-0.047179512679576874,0.6765467524528503,0.7262727618217468,-0.026524929329752922,0.663207471370697,0.709783673286438,-0.04872502386569977,0.6427839994430542,0.7439152002334595,-0.05417320504784584,0.6312217712402344,0.7720319628715515,-0.05077756941318512,0.6929831504821777,0.7617828845977783,-0.03830685093998909,0.6725161075592041,0.7578391432762146,-0.051974520087242126,0.6502276659011841,0.780259907245636,-0.0506623350083828,0.6372008919715881,0.7997614145278931,-0.045786052942276
0.6433091759681702,0.8922175168991089,3.555159082679893e-07,0.6110052466392517,0.8439408540725708,-0.009089162573218346,0.6022003889083862,0.7826895117759705,-0.015464643016457558,0.6242354512214661,0.7447395920753479,-0.02535778097808361,0.6487978100776672,0.7255107164382935,-0.03468453139066696,0.6215858459472656,0.7004958391189575,-0.0054307980462908745,0.624271810054779,0.6285313367843628,-0.0213954895734787,0.6281924247741699,0.5831757187843323,-0.03160715475678444,0.6331899166107178,0.5454195737838745,-0.0373932346701622,0.6499560475349426,0.7066301703453064,-0.014667604118585587,0.651246190071106,0.6271132826805115,-0.03165080398321152,0.6505915522575378,0.5747936964035034,-0.043545473366975784,0.6517016887664795,0.5327073335647583,-0.04897109791636467,0.6755020618438721,0.7321640253067017,-0.025803182274103165,0.6651065945625305,0.7106454968452454,-0.049319736659526825,0.6426742672920227,0.7421123385429382,-0.05581643432378769,0.6292456388473511,0.7690701484680176,-0.05284862592816353,0.691716730594635,0.768910825252533,-0.037842459976673126,0.6753149032592773,0.7586785554885864,-0.05288971960544586,0.6510869264602661,0.7781269550323486,-0.05226729437708855,0.6359022259712219,0.796196460723877,-0.04770735278725624
0.6424550414085388,0.8866963386535645,3.8605779195677314e-07,0.6103520393371582,0.8392210602760315,-0.008985711261630058,0.6019847393035889,0.778046190738678,-0.015454268082976341,0.6254279017448425,0.7415452003479004,-0.025359461084008217,0.6516610980033875,0.7243185639381409,-0.03460480272769928,0.6202869415283203,0.6975960731506348,-0.005436441861093044,0.6229773163795471,0.6258537173271179,-0.020909536629915237,0.627225935459137,0.5806595683097839,-0.03025667369365692,0.6323475241661072,0.5431723594665527,-0.035155534744262695,0.6484568119049072,0.7036024332046509,-0.014350592158734798,0.6505023241043091,0.6239774227142334,-0.030934102833271027,0.6505421996116638,0.5715802311897278,-0.041813354939222336,0.6521897912025452,0.5292838215827942,-0.046060722321271896,0.6741507053375244,0.7283748984336853,-0.02513684332370758,0.662903904914856,0.7113037705421448,-0.048510171473026276,0.6411651968955994,0.7462101578712463,-0.054047416895627975,0.6287792325019836,0.7747421860694885,-0.04975607991218567,0.6914224028587341,0.7631368041038513,-0.036771565675735474,0.6739753484725952,0.7548585534095764,-0.05073525384068489,0.6506764888763428,0.7772679924964905,-0.048848267644643784,0.6366084218025208,0.7963963747024536,-0.04315122216939926
0.6417593359947205,0.8906847238540649,3.6851682239102956e-07,0.6092565059661865,0.8413327932357788,-0.007147278171032667,0.6007556915283203,0.7785372138023376,-0.012393100187182426,0.6234054565429688,0.7422873973846436,-0.021511297672986984,0.6491086483001709,0.7264498472213745,-0.030200563371181488,0.6196311116218567,0.6991567015647888,-0.003723383415490389,0.622607946395874,0.6278179287910461,-0.018935197964310646,0.6264765858650208,0.5827154517173767,-0.02858031541109085,0.6312801241874695,0.5455087423324585,-0.03400959447026253,0.6480920314788818,0.7045188546180725,-0.013576519675552845,0.649728000164032,0.6257556676864624,-0.029683763161301613,0.6492281556129456,0.5729197859764099,-0.04139257222414017,0.6506549715995789,0.5303694605827332,-0.046714216470718384,0.6739831566810608,0.7293246388435364,-0.025103699415922165,0.6611177325248718,0.7109618186950684,-0.04695449396967888,0.6395436525344849,0.7424216270446777,-0.05303724855184555,0.6274210214614868,0.769472599029541,-0.05004144832491875,0.6906909942626953,0.7650943398475647,-0.03749581798911095,0.6713077425956726,0.7582957744598389,-0.05100899189710617,0.6481254696846008,0.7783205509185791,-0.04992982745170593,0.6346519589424133,0.7964214086532593,-0.04520679637789726
0.6405460834503174,0.8848633766174316,3.860120614262996e-07,0.6089019179344177,0.8373163342475891,-0.009067668579518795,0.6007315516471863,0.7774989604949951,-0.01589985564351082,0.6243799328804016,0.7420181035995483,-0.0261213481426239,0.650001049041748,0.7249830365180969,-0.03572660684585571,0.619286060333252,0.6965723037719727,-0.0068490090779960155,0.6224059462547302,0.6252498626708984,-0.022634269669651985,0.6267567873001099,0.5802786350250244,-0.03232987970113754,0.6322222352027893,0.5427589416503906,-0.03765111044049263,0.6473547220230103,0.7035083174705505,-0.015933021903038025,0.6491991281509399,0.6245929002761841,-0.032758016139268875,0.6493839025497437,0.5722470283508301,-0.04424192011356354,0.6515052318572998,0.5300079584121704,-0.04925062134861946,0.6727012991905212,0.7290429472923279,-0.026729190722107887,0.6622412800788879,0.7118349671363831,-0.04959050193428993,0.6401144862174988,0.7452939748764038,-0.055168136954307556,0.6270649433135986,0.7725327014923096,-0.05143433436751366,0.6895397901535034,0.7642999887466431,-0.038441576063632965,0.6724868416786194,0.7566782832145691,-0.05238373950123787,0.6489287614822388,0.7775439023971558,-0.05080433562397957,0.6345000267028809,0.7953137159347534,-0.04554418474435806
0.6415172815322876,0.8863980770111084,3.7595148683067237e-07,0.6086536645889282,0.8396211266517639,-0.009453355334699154,0.599571943283081,0.7797207832336426,-0.016210166737437248,0.6221736073493958,0.7450010776519775,-0.02642924152314663,0.6472931504249573,0.7277166843414307,-0.03607556223869324,0.6191097497940063,0.6977034211158752,-0.006435197778046131,0.6219496130943298,0.6269528269767761,-0.022730426862835884,0.6260836124420166,0.5816717147827148,-0.03290089964866638,0.6315233707427979,0.5442811846733093,-0.03860338404774666,0.6479138135910034,0.7039312124252319,-0.01561281830072403,0.6484607458114624,0.6254889369010925,-0.03328760713338852,0.6485058069229126,0.5726555585861206,-0.045498158782720566,0.6508011221885681,0.5303838849067688,-0.0509752593934536,0.6737469434738159,0.7294536828994751,-0.026658693328499794,0.6629422307014465,0.709579586982727,-0.05091676115989685,0.6407487988471985,0.7438506484031677,-0.05719239264726639,0.6275456547737122,0.772388756275177,-0.05373459309339523,0.6906973719596863,0.7654498815536499,-0.038576122373342514,0.6723493337631226,0.7570269703865051,-0.05419451743364334,0.6471271514892578,0.7778720855712891,-0.05352037772536278,0.6311094164848328,0.7960637211799622,-0.048690494149923325
0.642457127571106,0.8936994075775146,3.7408617004075495e-07,0.6091049313545227,0.8496146202087402,-0.009782572276890278,0.5966928005218506,0.7910329699516296,-0.01681404560804367,0.6171866059303284,0.7555001378059387,-0.026964079588651657,0.6437493562698364,0.7393291592597961,-0.03658478707075119,0.6166786551475525,0.7041795253753662,-0.009359885938465595,0.6205041408538818,0.6306544542312622,-0.026033882051706314,0.6247984170913696,0.5846254825592041,-0.03596559911966324,0.6299189329147339,0.5469076037406921,-0.04133535549044609,0.6473000645637512,0.7084172964096069,-0.018136238679289818,0.6477776169776917,0.6288012266159058,-0.03541411831974983,0.6473953127861023,0.5750477313995361,-0.04727962240576744,0.6486474275588989,0.5324495434761047,-0.05252456292510033,0.6741403341293335,0.7328747510910034,-0.02853040024638176,0.6592792868614197,0.7184968590736389,-0.05152881145477295,0.6396756768226624,0.7499948143959045,-0.058275073766708374,0.62841796875,0.7768391966819763,-0.055617135018110275,0.6907867789268494,0.7685307264328003,-0.039882611483335495,0.6681898832321167,0.7681122422218323,-0.05484829097986221,0.6443032622337341,0.7891870141029358,-0.05472370237112045,0.6293641328811646,0.8077600598335266,-0.050410594791173935
0.640609085559845,0.8935626745223999,3.9615815694560297e-07,0.6073351502418518,0.8494125008583069,-0.009922057390213013,0.5954810976982117,0.7910484075546265,-0.017796428874135017,0.6158917546272278,0.7547826170921326,-0.02896174043416977,0.6412693858146667,0.73659348487854,-0.03959205746650696,0.6157456636428833,0.7049685716629028,-0.009999079629778862,0.6197333931922913,0.6307059526443481,-0.027306867763400078,0.6238030195236206,0.5839568376541138,-0.03759360685944557,0.6289758086204529,0.5455979704856873,-0.04305259883403778,0.6459649801254272,0.7110225558280945,-0.019038699567317963,0.6478796601295471,0.6308606863021851,-0.03728906810283661,0.6472786664962769,0.5769832730293274,-0.049334846436977386,0.6484856605529785,0.5342959761619568,-0.054450489580631256,0.6727620959281921,0.7362117767333984,-0.02966000884771347,0.6580299139022827,0.720128059387207,-0.053728312253952026,0.6361539959907532,0.7539610862731934,-0.05956912785768509,0.6239270567893982,0.7822392582893372,-0.055810317397117615,0.689441442489624,0.7721085548400879,-0.04121366888284683,0.6667858362197876,0.7689111232757568,-0.05643578991293907,0.642303466796875,0.7907029390335083,-0.055243123322725296,0.6280504465103149,0.8096233606338501,-0.049896907061338425
0.6391554474830627,0.8922592401504517,3.955291560941987e-07,0.606221079826355,0.8469906449317932,-0.009554252028465271,0.5952726602554321,0.7908293604850769,-0.017361769452691078,0.6141287684440613,0.7533988952636719,-0.02846730500459671,0.6371882557868958,0.7345613837242126,-0.038943324238061905,0.6145636439323425,0.702284038066864,-0.009098983369767666,0.6186548471450806,0.6296963691711426,-0.02570442296564579,0.622219979763031,0.5837948322296143,-0.035950567573308945,0.6264913082122803,0.5455195307731628,-0.04159680753946304,0.6442012190818787,0.7089769840240479,-0.018326768651604652,0.6461658477783203,0.6307704448699951,-0.03573835641145706,0.6454674005508423,0.5777543187141418,-0.047705668956041336,0.6459522843360901,0.5355035066604614,-0.053069617599248886,0.6706817150115967,0.7348212599754333,-0.02910352312028408,0.6563849449157715,0.7201471328735352,-0.05223467946052551,0.6328238248825073,0.7518818974494934,-0.058329615741968155,0.618191123008728,0.7791869640350342,-0.05517663061618805,0.6870073676109314,0.7717347741127014,-0.040818918496370316,0.6653426885604858,0.7684065103530884,-0.0553474947810173,0.6407083868980408,0.7888966798782349,-0.054245490580797195,0.625607430934906,0.8074274659156799,-0.0491856224834919
0.6377965807914734,0.8914003372192383,3.996937891770358e-07,0.604139506816864,0.8448274731636047,-0.009292962960898876,0.593709409236908,0.7886184453964233,-0.01718493551015854,0.6114218235015869,0.7504851222038269,-0.028380345553159714,0.6330552697181702,0.7313015460968018,-0.03890594467520714,0.6127051115036011,0.702117919921875,-0.009543919004499912,0.6170628070831299,0.6294844746589661,-0.026374107226729393,0.6207072138786316,0.5839564800262451,-0.036736998707056046,0.6249375343322754,0.5455744862556458,-0.04234311729669571,0.642650306224823,0.7081812024116516,-0.018722787499427795,0.6439436078071594,0.630659282207489,-0.03616867586970329,0.6433846950531006,0.5777600407600403,-0.04805231839418411,0.6439816355705261,0.534804105758667,-0.053267624229192734,0.6694957613945007,0.7332886457443237,-0.029341695830225945,0.6519938111305237,0.7224513292312622,-0.05177034065127373,0.628419816493988,0.7543066740036011,-0.05720659717917442,0.6140381097793579,0.7811174988746643,-0.05362619087100029,0.6861089468002319,0.7696446180343628,-0.040973637253046036,0.6633567214012146,0.768060564994812,-0.05438901111483574,0.6400461196899414,0.7887220978736877,-0.052439458668231964,0.6260033845901489,0.8073520064353943,-0.046791378408670425
0.6363043785095215,0.8904333114624023,3.9230883430718677e-07,0.6037660241127014,0.8459898233413696,-0.009601340629160404,0.5923589468002319,0.7911412119865417,-0.017879625782370567,0.6098465919494629,0.7544086575508118,-0.02947445958852768,0.6327597498893738,0.7364471554756165,-0.040390316396951675,0.6118797063827515,0.703065037727356,-0.01030553225427866,0.6152859330177307,0.6294125318527222,-0.02722126804292202,0.6187028884887695,0.5835462808609009,-0.03734567016363144,0.6229894161224365,0.5449552536010742,-0.04277460649609566,0.6418443918228149,0.708544909954071,-0.019382217898964882,0.641830563545227,0.6299223899841309,-0.03695834428071976,0.641258955001831,0.5771978497505188,-0.048661600798368454,0.642045795917511,0.5345991849899292,-0.05368180200457573,0.668813943862915,0.7331646084785461,-0.029898907989263535,0.6511877775192261,0.7210237979888916,-0.052807338535785675,0.6287186741828918,0.7540854215621948,-0.05822994187474251,0.615105926990509,0.7820734977722168,-0.05445936322212219,0.68568354845047,0.7688639163970947,-0.041414760053157806,0.6620814204216003,0.7671847939491272,-0.055346667766571045,0.6379696130752563,0.7875284552574158,-0.0537208691239357,0.6228620409965515,0.8060821294784546,-0.0482192263007164
0.6362255811691284,0.891015887260437,3.813752300629858e-07,0.6034634113311768,0.8444260954856873,-0.009100407361984253,0.591855525970459,0.789527177810669,-0.01704113930463791,0.6087525486946106,0.7536633014678955,-0.02852005884051323,0.6317312121391296,0.7357215881347656,-0.03927597776055336,0.6109015345573425,0.7031007409095764,-0.008701775223016739,0.6137744784355164,0.6302911043167114,-0.025559723377227783,0.6168126463890076,0.5852431058883667,-0.03578590229153633,0.6212129592895508,0.5470232367515564,-0.041363414376974106,0.6404721140861511,0.7084173560142517,-0.018122753128409386,0.6400051116943359,0.6314582228660583,-0.03549756109714508,0.6391168236732483,0.5787210464477539,-0.047492075711488724,0.6401147246360779,0.5350741744041443,-0.05293013155460358,0.667188823223114,0.7328710556030273,-0.029106667265295982,0.6495361924171448,0.7212843298912048,-0.05159351974725723,0.6279210448265076,0.7527783513069153,-0.05739400535821915,0.6152345538139343,0.7793828248977661,-0.05418003723025322,0.6839824318885803,0.7685792446136475,-0.041144996881484985,0.6605640053749084,0.7682002782821655,-0.05467318743467331,0.6371855735778809,0.7874812483787537,-0.053390488028526306,0.6229212284088135,0.8052403330802917,-0.04837022349238396
0.6335099935531616,0.8905236124992371,3.893572966262582e-07,0.6014431118965149,0.8428775668144226,-0.008754578419029713,0.5915442705154419,0.7876110672950745,-0.01657591201364994,0.6093202233314514,0.7524241805076599,-0.02799546904861927,0.6321232318878174,0.7345193028450012,-0.03876626864075661,0.6097550392150879,0.7034325003623962,-0.008385209366679192,0.6126304268836975,0.6308244466781616,-0.025420552119612694,0.6155692338943481,0.585525393486023,-0.03573836013674736,0.6198069453239441,0.5472060441970825,-0.04128815606236458,0.6393329501152039,0.7088425755500793,-0.01792261376976967,0.6387430429458618,0.631060779094696,-0.035522568970918655,0.6378699541091919,0.5782448053359985,-0.04752689599990845,0.6391705274581909,0.535088062286377,-0.052807312458753586,0.6661523580551147,0.7335476279258728,-0.028985626995563507,0.6491313576698303,0.7210813760757446,-0.05176949128508568,0.6270157098770142,0.7531532645225525,-0.05746697261929512,0.6141067743301392,0.7800719738006592,-0.05399176850914955,0.6830980777740479,0.7695261240005493,-0.04101197049021721,0.6592509150505066,0.769004225730896,-0.054615218192338943,0.6354499459266663,0.7889057993888855,-0.05312921106815338,0.6211323738098145,0.806374728679657,-0.0478704534471035
0.6323713660240173,0.8887768387794495,3.713966236773558e-07,0.5999497771263123,0.8442033529281616,-0.009290284477174282,0.5878099203109741,0.7878134250640869,-0.016850478947162628,0.6058254837989807,0.7542359828948975,-0.02769472263753414,0.6295969486236572,0.7379342913627625,-0.038056597113609314,0.6071174144744873,0.7036590576171875,-0.009002975188195705,0.6092193722724915,0.6313185095787048,-0.0255659781396389,0.61219722032547,0.5863186120986938,-0.03522196039557457,0.6169718503952026,0.5489822030067444,-0.04027475789189339,0.6364739537239075,0.7084987163543701,-0.01809675432741642,0.6347010135650635,0.6299967169761658,-0.03541514277458191,0.6331128478050232,0.5784315466880798,-0.04683595895767212,0.6336119771003723,0.5366016030311584,-0.05146278813481331,0.66336590051651,0.7321922779083252,-0.028780119493603706,0.6451740264892578,0.7202801704406738,-0.05211826041340828,0.6252569556236267,0.7543913125991821,-0.05822805315256119,0.6141694188117981,0.7823902368545532,-0.054722629487514496,0.6803472638130188,0.7663410305976868,-0.04034951701760292,0.6541294455528259,0.7664308547973633,-0.05463288351893425,0.6313884258270264,0.7891931533813477,-0.05344898998737335,0.6184727549552917,0.8089038729667664,-0.04823939874768257
0.6333318948745728,0.8907630443572998,3.7556856113951653e-07,0.6004021167755127,0.8477510213851929,-0.00945681519806385,0.5863579511642456,0.7901220321655273,-0.01644977182149887,0.6048891544342041,0.7562533617019653,-0.026676146313548088,0.631157636642456,0.7399576306343079,-0.036440134048461914,0.6066896319389343,0.7050092816352844,-0.008242376148700714,0.6088436841964722,0.6323054432868958,-0.02430911734700203,0.6116796731948853,0.5864551067352295,-0.03380412980914116,0.6162537336349487,0.5487308502197266,-0.03900262340903282,0.6363637447357178,0.7096530795097351,-0.016884634271264076,0.6348149180412292,0.6318958401679993,-0.033924512565135956,0.6333839893341064,0.5791543126106262,-0.045730940997600555,0.6343806385993958,0.5368915796279907,-0.05095548927783966,0.6628796458244324,0.7330672740936279,-0.027122512459754944,0.6463522911071777,0.718448281288147,-0.05022992193698883,0.6267881989479065,0.7521683573722839,-0.056610528379678726,0.6160503625869751,0.78055739402771,-0.05357743427157402,0.6792941689491272,0.766836941242218,-0.03827575594186783,0.6534745097160339,0.7671602964401245,-0.05356826260685921,0.6310557723045349,0.7905290722846985,-0.05329209938645363,0.6185206770896912,0.8109181523323059,-0.04868515580892563
0.6336583495140076,0.8920832872390747,3.846004119623103e-07,0.6002400517463684,0.8496142625808716,-0.009326351806521416,0.5858110189437866,0.7913094758987427,-0.016595687717199326,0.6045390963554382,0.7557430267333984,-0.027278130874037743,0.631015419960022,0.7399780750274658,-0.037527795881032944,0.6070424318313599,0.706956684589386,-0.008837402798235416,0.608932614326477,0.63355553150177,-0.024976441636681557,0.6117887496948242,0.5874844789505005,-0.03450232744216919,0.6159984469413757,0.5492522120475769,-0.03967702016234398,0.6366931796073914,0.7113961577415466,-0.01770695485174656,0.6362876892089844,0.6325808763504028,-0.03500046208500862,0.6351816058158875,0.5796497464179993,-0.04655297473073006,0.635723888874054,0.5377017855644226,-0.051471058279275894,0.6631840467453003,0.7346460223197937,-0.028132351115345955,0.6469447016716003,0.7187272906303406,-0.05167282372713089,0.6267141699790955,0.7539641857147217,-0.057755690068006516,0.6152576208114624,0.7837482690811157,-0.0542120486497879,0.6799392700195312,0.7684339880943298,-0.039420854300260544,0.6556137204170227,0.7650330066680908,-0.05452816188335419,0.6319665908813477,0.7876039147377014,-0.053781259804964066,0.6179088950157166,0.8079037666320801,-0.048836611211299896
0.6337524652481079,0.8913682699203491,3.8509440969392017e-07,0.6008205413818359,0.8489990830421448,-0.009416612796485424,0.5863062143325806,0.7913568019866943,-0.016918372362852097,0.6048225164413452,0.7570396065711975,-0.027880121022462845,0.6311116814613342,0.7412405610084534,-0.03842934966087341,0.607474148273468,0.7061383128166199,-0.008828342892229557,0.6089180111885071,0.6335666179656982,-0.025034992024302483,0.6116661429405212,0.5878422260284424,-0.03463844582438469,0.6158693432807922,0.5497453808784485,-0.03985825181007385,0.6365047693252563,0.711272120475769,-0.017857447266578674,0.6364771723747253,0.6326714754104614,-0.03528997302055359,0.6353666186332703,0.5800761580467224,-0.04679543897509575,0.6358160972595215,0.538023829460144,-0.05168938636779785,0.6625456213951111,0.735140860080719,-0.028512602671980858,0.6479636430740356,0.717635989189148,-0.0526113286614418,0.6278659105300903,0.7538592219352722,-0.05858476832509041,0.6164773106575012,0.7841070294380188,-0.05478295683860779,0.6792519688606262,0.7694085836410522,-0.03998420387506485,0.6567138433456421,0.7630072236061096,-0.05539653077721596,0.6329271793365479,0.7859085202217102,-0.054406411945819855,0.6187146902084351,0.806430995464325,-0.04924262315034866
0.6343675255775452,0.8915500640869141,3.832418258298276e-07,0.601394534111023,0.8496405482292175,-0.009310033172369003,0.5866232514381409,0.7927621006965637,-0.01670883037149906,0.6049237251281738,0.7578348517417908,-0.0275129321962595,0.6307098269462585,0.7406908869743347,-0.03788454830646515,0.6071693301200867,0.7059414386749268,-0.00888008251786232,0.6089948415756226,0.6330241560935974,-0.024921879172325134,0.6120843887329102,0.5872769355773926,-0.0343640111386776,0.6166331768035889,0.5492587089538574,-0.039425477385520935,0.636487603187561,0.7109130024909973,-0.017771441489458084,0.6366665363311768,0.6328489780426025,-0.034899383783340454,0.6358106136322021,0.5805284380912781,-0.04638061672449112,0.6365423798561096,0.5388777256011963,-0.05130307376384735,0.6627436876296997,0.7347406148910522,-0.02824430726468563,0.6485356688499451,0.718178927898407,-0.05200067535042763,0.6284888386726379,0.7538477778434753,-0.058306071907281876,0.6171566843986511,0.7838982343673706,-0.05486924573779106,0.6796044111251831,0.7690050601959229,-0.039491984993219376,0.6570497155189514,0.7638060450553894,-0.05487718805670738,0.6327422857284546,0.7858119606971741,-0.054267577826976776,0.6179490089416504,0.805657148361206,-0.04939691722393036
0.6342880725860596,0.8910062313079834,3.867964153414505e-07,0.6010565161705017,0.8479999899864197,-0.008560440503060818,0.5872392654418945,0.7909412384033203,-0.015592508018016815,0.6050553321838379,0.7565668225288391,-0.026168033480644226,0.6301421523094177,0.7398950457572937,-0.036381158977746964,0.6083170175552368,0.7048964500427246,-0.008173312060534954,0.6098215579986572,0.631912112236023,-0.023853985592722893,0.6126172542572021,0.5860626101493835,-0.03306442126631737,0.6166702508926392,0.5478671193122864,-0.0379488579928875,0.6374464631080627,0.7102660536766052,-0.017321519553661346,0.6374129056930542,0.6321610808372498,-0.03428838029503822,0.6363950967788696,0.5798299312591553,-0.04574379697442055,0.6368027329444885,0.5382897257804871,-0.05056912451982498,0.6634184122085571,0.7342142462730408,-0.027949336916208267,0.6488456130027771,0.7180607318878174,-0.05153227597475052,0.6281806826591492,0.7535748481750488,-0.05779692158102989,0.6161012053489685,0.7836787700653076,-0.05425477772951126,0.6799700856208801,0.7683547139167786,-0.03927589952945709,0.657928466796875,0.7630860209465027,-0.054346416145563126,0.6337792277336121,0.7855724096298218,-0.05348198488354683,0.6188680529594421,0.8058980703353882,-0.048377275466918945
0.6345708966255188,0.8929479122161865,3.869936620048975e-07,0.6008729338645935,0.8506070375442505,-0.00914159044623375,0.5870715379714966,0.7929220199584961,-0.01651841588318348,0.6049880981445312,0.7571291923522949,-0.027454128488898277,0.6298474073410034,0.7391327619552612,-0.037885554134845734,0.6082032322883606,0.7058241963386536,-0.008127395994961262,0.6102480292320251,0.6329531669616699,-0.02458931691944599,0.6130768656730652,0.5867752432823181,-0.03444210812449455,0.6172330975532532,0.5485942959785461,-0.039768002927303314,0.6379238963127136,0.7110196352005005,-0.017451925203204155,0.6377629041671753,0.6325143575668335,-0.03519010171294212,0.6363252401351929,0.5795540809631348,-0.04711038991808891,0.6365617513656616,0.5374726057052612,-0.05220218002796173,0.6643458008766174,0.7351924777030945,-0.02839488908648491,0.6479127407073975,0.7183845043182373,-0.05260957032442093,0.6274012327194214,0.7541216611862183,-0.05852361023426056,0.6159977912902832,0.7840917706489563,-0.05466962978243828,0.6809329986572266,0.7702428698539734,-0.040177393704652786,0.6572698950767517,0.7649677395820618,-0.055750925093889236,0.6333988904953003,0.7877134084701538,-0.05474629998207092,0.6192955374717712,0.8081116676330566,-0.049452707171440125
0.6332987546920776,0.8931488394737244,3.7801422081429337e-07,0.6005905270576477,0.8493990898132324,-0.009360033087432384,0.5874471068382263,0.792759358882904,-0.01688300259411335,0.6051288843154907,0.7579174637794495,-0.02781694196164608,0.6295435428619385,0.7410708665847778,-0.03814609348773956,0.6070321202278137,0.7049050331115723,-0.008681433275341988,0.6078904271125793,0.6318002343177795,-0.025282278656959534,0.610192060470581,0.5856188535690308,-0.035246726125478745,0.6137471795082092,0.5471094846725464,-0.040634091943502426,0.6363311409950256,0.7102980613708496,-0.017834866419434547,0.6352936029434204,0.6328663229942322,-0.03527508303523064,0.6338573098182678,0.5802614092826843,-0.046959713101387024,0.6342887282371521,0.537614107131958,-0.051978159695863724,0.6628782749176025,0.7348946332931519,-0.02861817739903927,0.6470605134963989,0.7211222648620605,-0.05216100811958313,0.6262106895446777,0.754927396774292,-0.05826170742511749,0.6142057776451111,0.7828137278556824,-0.05480187386274338,0.680052638053894,0.7707293629646301,-0.04029402136802673,0.6573006510734558,0.7682690620422363,-0.05520850047469139,0.633204996585846,0.7901881337165833,-0.05425352230668068,0.6185449361801147,0.8091241717338562,-0.04916328936815262
0.632390022277832,0.8915464878082275,3.79054512222865e-07,0.5997544527053833,0.8476596474647522,-0.010080551728606224,0.5860373973846436,0.7926518321037292,-0.01837051287293434,0.604194164276123,0.758539080619812,-0.029812755063176155,0.6292266249656677,0.7414617538452148,-0.04060182720422745,0.6055071949958801,0.7065709233283997,-0.01120381336659193,0.6067429780960083,0.6330987811088562,-0.02843349613249302,0.6086980700492859,0.5872594714164734,-0.03849169984459877,0.6115337610244751,0.5487093925476074,-0.04394235834479332,0.6352725028991699,0.711778461933136,-0.0201185904443264,0.6348410844802856,0.6341724991798401,-0.03813835233449936,0.6335681080818176,0.5810267925262451,-0.049911629408597946,0.6335799694061279,0.5376307964324951,-0.055097486823797226,0.6617743968963623,0.7363702654838562,-0.030597485601902008,0.6466474533081055,0.7230916023254395,-0.05462157726287842,0.6261678338050842,0.7564990520477295,-0.06093763932585716,0.6140007376670837,0.7837299704551697,-0.05770253762602806,0.6788331866264343,0.7718399167060852,-0.04198185354471207,0.6568525433540344,0.7711374759674072,-0.05745110288262367,0.6327455639839172,0.7918528914451599,-0.05699944868683815,0.6175453066825867,0.8097184300422668,-0.05232761427760124
0.631239116191864,0.8937512636184692,3.744361833923904e-07,0.5987445712089539,0.8500732183456421,-0.009291286580264568,0.5846958756446838,0.7951074838638306,-0.017051344737410545,0.6020212769508362,0.76064532995224,-0.02809886820614338,0.6262444257736206,0.7435722351074219,-0.03865235298871994,0.6038731932640076,0.7095778584480286,-0.011042792350053787,0.6045495867729187,0.6357533931732178,-0.02803933434188366,0.6060673594474792,0.5895612835884094,-0.03787028789520264,0.608347475528717,0.5505683422088623,-0.043071575462818146,0.6334685683250427,0.7140240669250488,-0.0202166847884655,0.6328544020652771,0.6350688338279724,-0.03791280463337898,0.6316943764686584,0.5815527439117432,-0.04951265826821327,0.6315227746963501,0.5381854176521301,-0.05451897531747818,0.65986168384552,0.7378036379814148,-0.030840640887618065,0.6446104049682617,0.7234498262405396,-0.05479690432548523,0.6245557069778442,0.7571208477020264,-0.06141410395503044,0.6123647689819336,0.7854796648025513,-0.058299336582422256,0.6767518520355225,0.7723982930183411,-0.04223793372511864,0.6541340947151184,0.7709318399429321,-0.05734817311167717,0.6299722790718079,0.7919202446937561,-0.05682716891169548,0.6144766807556152,0.8109846711158752,-0.05212376266717911
0.629483699798584,0.8952096700668335,3.856340242691658e-07,0.596231997013092,0.8514207005500793,-0.009094509296119213,0.5837869644165039,0.7955866456031799,-0.016621042042970657,0.6023660898208618,0.7610300183296204,-0.027627188712358475,0.6258195638656616,0.7433276176452637,-0.03812434896826744,0.6019253134727478,0.7096632122993469,-0.009326801635324955,0.6029142141342163,0.6368827819824219,-0.026296954602003098,0.6046358942985535,0.5905559062957764,-0.03623099625110626,0.6073760390281677,0.5516386032104492,-0.04142157360911369,0.6319972276687622,0.7137577533721924,-0.018702847883105278,0.6309752464294434,0.6354420185089111,-0.036367267370224,0.6294283866882324,0.5817310214042664,-0.048142578452825546,0.6293258666992188,0.5382586121559143,-0.05312500149011612,0.6588478088378906,0.7374451756477356,-0.029635176062583923,0.641767680644989,0.7255006432533264,-0.053483519703149796,0.6212791204452515,0.7598925828933716,-0.05989909544587135,0.6094427108764648,0.7883445620536804,-0.05647681653499603,0.6758618354797363,0.7720465064048767,-0.04142891988158226,0.6522842645645142,0.7721648812294006,-0.05629261955618858,0.6280787587165833,0.7934647798538208,-0.05558305233716965,0.6129831075668335,0.8120957612991333,-0.050646860152482986
0.630351185798645,0.8995583653450012,3.743213028428727e-07,0.596561849117279,0.8566582798957825,-0.009030639193952084,0.5825098156929016,0.7993830442428589,-0.016173236072063446,0.6001684665679932,0.7622470855712891,-0.026777977123856544,0.6240777969360352,0.7443174719810486,-0.03684939071536064,0.6003955006599426,0.7115518450737,-0.009041998535394669,0.6010591387748718,0.6378970146179199,-0.025624243542551994,0.6026813983917236,0.5912615060806274,-0.03538939729332924,0.605480432510376,0.5522482395172119,-0.04073009639978409,0.6306147575378418,0.7155465483665466,-0.01855706423521042,0.628747284412384,0.6361518502235413,-0.03636898472905159,0.6274863481521606,0.5824086666107178,-0.048380739986896515,0.6276382207870483,0.5393609404563904,-0.05368005484342575,0.6577906012535095,0.7392569780349731,-0.029599765315651894,0.6420568227767944,0.7233403921127319,-0.05406173691153526,0.6218624711036682,0.7583942413330078,-0.06059115007519722,0.6095821261405945,0.7882362008094788,-0.05730865150690079,0.6752198934555054,0.7740694284439087,-0.0414271280169487,0.65213942527771,0.7709914445877075,-0.05726654827594757,0.6273250579833984,0.7923781275749207,-0.056913651525974274,0.6111081838607788,0.811924397945404,-0.05223414674401283
0.6305142045021057,0.8977727890014648,3.9717809841022245e-07,0.5968775153160095,0.8560787439346313,-0.009751120582222939,0.5821800827980042,0.7999582886695862,-0.017975684255361557,0.5995112061500549,0.7639837861061096,-0.029498057439923286,0.6238172054290771,0.7457903623580933,-0.04051370918750763,0.5997810959815979,0.7110905051231384,-0.011562760919332504,0.5995444059371948,0.6365435123443604,-0.02867290936410427,0.6008433699607849,0.5896248817443848,-0.03855036571621895,0.6037671566009521,0.5501507520675659,-0.04384263977408409,0.6300440430641174,0.7154513001441956,-0.020925259217619896,0.6285738348960876,0.6351682543754578,-0.03906838595867157,0.6272293329238892,0.5817389488220215,-0.05100290849804878,0.6278334259986877,0.5393877029418945,-0.05614757910370827,0.6572561264038086,0.7395774722099304,-0.031718987971544266,0.6421114206314087,0.7258061766624451,-0.05630574747920036,0.6205679178237915,0.7607725262641907,-0.06276866048574448,0.607806921005249,0.7899408340454102,-0.05932483822107315,0.6745073199272156,0.7744607329368591,-0.04329565167427063,0.6517631411552429,0.7713391780853271,-0.05901258811354637,0.6271247267723083,0.7924849987030029,-0.05829763785004616,0.611717164516449,0.8115350008010864,-0.05327681079506874
0.6296689510345459,0.898327648639679,3.95903924754748e-07,0.5966318845748901,0.8559140563011169,-0.008984015323221684,0.5814856290817261,0.7981587648391724,-0.01602276787161827,0.5985018014907837,0.7636584639549255,-0.026558876037597656,0.6242814064025879,0.7464925050735474,-0.0365716814994812,0.598240852355957,0.7108177542686462,-0.00872244592756033,0.5982372760772705,0.6363403797149658,-0.025222819298505783,0.5998020768165588,0.5894922018051147,-0.03467050939798355,0.6032490730285645,0.5504510402679443,-0.03966959938406944,0.6282585263252258,0.7142568826675415,-0.018047994002699852,0.625741720199585,0.635394811630249,-0.0355425700545311,0.6241150498390198,0.5819704532623291,-0.0473630353808403,0.6252180337905884,0.5387111902236938,-0.05246352776885033,0.6554135084152222,0.7372918128967285,-0.02892894484102726,0.6388522982597351,0.7253698706626892,-0.052656568586826324,0.6191281676292419,0.7615261077880859,-0.058946117758750916,0.608766496181488,0.7906413674354553,-0.05550448223948479,0.672541081905365,0.7712485790252686,-0.040672965347766876,0.6472655534744263,0.7735198736190796,-0.055879659950733185,0.6243219971656799,0.796295166015625,-0.05545797944068909,0.6114268898963928,0.8151713609695435,-0.050708167254924774
0.630262553691864,0.900644838809967,3.934212600142928e-07,0.5969063639640808,0.8581724166870117,-0.008827554062008858,0.5808780789375305,0.798534095287323,-0.015500249341130257,0.5974547863006592,0.7624666094779968,-0.02582930587232113,0.6239051818847656,0.7463906407356262,-0.03571000322699547,0.5988945960998535,0.7126072645187378,-0.008191441185772419,0.5985366702079773,0.637602686882019,-0.024365922436118126,0.6000824570655823,0.590415358543396,-0.03376419469714165,0.6030852794647217,0.551145076751709,-0.03886688873171806,0.6287716031074524,0.7163928151130676,-0.017600461840629578,0.6272085309028625,0.6373934149742126,-0.03528222069144249,0.6253077387809753,0.5832895040512085,-0.04741564765572548,0.6253491640090942,0.5396918058395386,-0.052774615585803986,0.6556718349456787,0.7393288016319275,-0.02857663668692112,0.6397432684898376,0.7243655920028687,-0.052715979516506195,0.6198918223381042,0.7606514096260071,-0.05944293364882469,0.6091013550758362,0.7902950644493103,-0.0561990924179554,0.6728434562683105,0.7731618881225586,-0.0403626374900341,0.6495712995529175,0.7714330554008484,-0.056003861129283905,0.6258684992790222,0.7937769889831543,-0.055892329663038254,0.6119274497032166,0.8130421042442322,-0.05137059465050697
0.6301966905593872,0.8979381322860718,3.9689243180873746e-07,0.5973026752471924,0.8565568923950195,-0.009592662565410137,0.5812982320785522,0.7989329099655151,-0.017196374014019966,0.5980201959609985,0.7636546492576599,-0.02817525900900364,0.6240867972373962,0.7462502121925354,-0.03863396495580673,0.5992988348007202,0.7121623754501343,-0.010133798234164715,0.5984684228897095,0.6370542049407959,-0.026776904240250587,0.5998384356498718,0.5898686647415161,-0.03624052554368973,0.6030253767967224,0.5507482290267944,-0.04125607758760452,0.6291661262512207,0.7159877419471741,-0.01920601725578308,0.6276258230209351,0.6366167068481445,-0.03719114884734154,0.6259058713912964,0.5826999545097351,-0.04915318638086319,0.6262908577919006,0.5393399000167847,-0.054335568100214005,0.6558284759521484,0.7391756772994995,-0.029834335669875145,0.6404669880867004,0.7246082425117493,-0.05425899848341942,0.6208435893058777,0.7608910799026489,-0.06075935438275337,0.6103765368461609,0.790246844291687,-0.05733063444495201,0.6728841066360474,0.772858202457428,-0.04125763848423958,0.6492982506752014,0.7707305550575256,-0.057170916348695755,0.6254053115844727,0.7928333282470703,-0.056939538568258286,0.6113131046295166,0.8114089965820312,-0.05229581519961357
0.6305829286575317,0.8994314670562744,3.847766265607788e-07,0.5969535708427429,0.8578072786331177,-0.009261108003556728,0.5821300148963928,0.7995520830154419,-0.01635478064417839,0.5988810062408447,0.7624430656433105,-0.026792317628860474,0.6236547231674194,0.7437233924865723,-0.0366593636572361,0.6001554727554321,0.711901068687439,-0.008935143239796162,0.5993675589561462,0.6375133395195007,-0.025037629529833794,0.6006748080253601,0.5907840132713318,-0.034476567059755325,0.603672206401825,0.5515013337135315,-0.03958849981427193,0.6302337646484375,0.7157437801361084,-0.01794447749853134,0.6278766989707947,0.6369168758392334,-0.03519924730062485,0.62627112865448,0.5830720663070679,-0.04711310565471649,0.6269125938415527,0.5395182371139526,-0.05245888978242874,0.6570828557014465,0.7389808893203735,-0.028493644669651985,0.6419731378555298,0.7248579859733582,-0.05206983909010887,0.6206899881362915,0.759251058101654,-0.05865135043859482,0.6084906458854675,0.7876770496368408,-0.0555761493742466,0.6741272211074829,0.7732260227203369,-0.039867546409368515,0.651813268661499,0.7713314890861511,-0.05525495484471321,0.6276261806488037,0.7929176688194275,-0.055055223405361176,0.6128661036491394,0.8115541338920593,-0.050554025918245316
0.6310034990310669,0.8976638317108154,3.831497679129825e-07,0.5978336930274963,0.8548327684402466,-0.008993159048259258,0.5830621719360352,0.7971332669258118,-0.01632704772055149,0.6004011631011963,0.7603768706321716,-0.02704855613410473,0.625656247138977,0.7422073483467102,-0.037248991429805756,0.6016162037849426,0.7096938490867615,-0.008849607780575752,0.6005112528800964,0.6359755992889404,-0.02483639307320118,0.6017146110534668,0.5896246433258057,-0.03417299687862396,0.6046297550201416,0.550856351852417,-0.03912918269634247,0.6312661170959473,0.7143418788909912,-0.01806790381669998,0.629213809967041,0.63523268699646,-0.035116445273160934,0.6275001168251038,0.58169025182724,-0.04662976413965225,0.6279848217964172,0.538806676864624,-0.05160342529416084,0.657932698726654,0.7381371259689331,-0.0288225207477808,0.6437658667564392,0.72315514087677,-0.05240423232316971,0.6224928498268127,0.7578963041305542,-0.05866572633385658,0.6102091670036316,0.7871320247650146,-0.05525098741054535,0.6750725507736206,0.7725985646247864,-0.040326591581106186,0.6528480648994446,0.768427848815918,-0.055233146995306015,0.6284749507904053,0.7906801104545593,-0.05429228022694588,0.6136476397514343,0.8101809024810791,-0.049274198710918427
0.6309627890586853,0.8970012068748474,3.88525904782e-07,0.5967344641685486,0.8536657691001892,-0.00913144089281559,0.5835427641868591,0.7958641648292542,-0.016379376873373985,0.6015061736106873,0.7591487765312195,-0.02703568898141384,0.6251107454299927,0.7394043207168579,-0.03711249306797981,0.6018929481506348,0.7098736763000488,-0.008441323414444923,0.6014971137046814,0.6359481811523438,-0.02473066747188568,0.6031770706176758,0.5894920825958252,-0.034367337822914124,0.6064602136611938,0.5505663752555847,-0.03951595351099968,0.6320341229438782,0.7140630483627319,-0.01759893260896206,0.6301599740982056,0.6347413063049316,-0.03467026352882385,0.628757119178772,0.5812035799026489,-0.04631606116890907,0.6293966770172119,0.5385708808898926,-0.051416441798210144,0.65888512134552,0.7376828789710999,-0.028354428708553314,0.6428428888320923,0.7231194376945496,-0.051666151732206345,0.6217523217201233,0.7568005919456482,-0.057939205318689346,0.6094854474067688,0.7850674390792847,-0.05469198152422905,0.6758733987808228,0.772291362285614,-0.03994610533118248,0.6531869173049927,0.7699129581451416,-0.05479451268911362,0.6292842626571655,0.7924363613128662,-0.05392753705382347,0.6146227717399597,0.812207818031311,-0.04897782951593399
0.6317227482795715,0.900634765625,3.898997817941563e-07,0.5979572534561157,0.8580875992774963,-0.00922921672463417,0.5833368301391602,0.7984775900840759,-0.01632150076329708,0.601271390914917,0.7610095143318176,-0.027094310149550438,0.6268800497055054,0.7430764436721802,-0.037342898547649384,0.6021748185157776,0.7119790315628052,-0.00796070508658886,0.6016164422035217,0.6375946998596191,-0.024852808564901352,0.6032019853591919,0.5905397534370422,-0.034854479134082794,0.6065483689308167,0.5513128042221069,-0.040305595844984055,0.6317907571792603,0.7158779501914978,-0.017638495191931725,0.6300159096717834,0.635282576084137,-0.03620404377579689,0.6286078691482544,0.5810267925262451,-0.04868387058377266,0.6293430924415588,0.5378257036209106,-0.05408218502998352,0.6584407687187195,0.7394272089004517,-0.029024284332990646,0.6443488597869873,0.7218225002288818,-0.054603226482868195,0.6238836646080017,0.758701503276825,-0.06117973476648331,0.6120539903640747,0.789384126663208,-0.057429928332567215,0.6757420897483826,0.7741309404373169,-0.041201550513505936,0.655337393283844,0.7682714462280273,-0.05785955861210823,0.6308383345603943,0.7907099723815918,-0.057417623698711395,0.6152352094650269,0.8105965852737427,-0.05243963375687599
0.6294829249382019,0.897600531578064,3.8854147987876786e-07,0.5966385006904602,0.8566746711730957,-0.009276250377297401,0.5818256139755249,0.8009754419326782,-0.016502156853675842,0.5986059308052063,0.765328049659729,-0.026939382776618004,0.6220851540565491,0.746774435043335,-0.0368814617395401,0.5992851853370667,0.7113898396492004,-0.009942928329110146,0.5993529558181763,0.6371716260910034,-0.025946922600269318,0.6008822917938232,0.5904793739318848,-0.034822773188352585,0.6036697626113892,0.5519515872001648,-0.0393049456179142,0.6294461488723755,0.7152267694473267,-0.01876487024128437,0.6287522912025452,0.6349708437919617,-0.03528029844164848,0.6274816393852234,0.5813360810279846,-0.04612231254577637,0.6279658079147339,0.5388686060905457,-0.05064180865883827,0.6563772559165955,0.7386248111724854,-0.02910083904862404,0.6396695971488953,0.7259114980697632,-0.05180659890174866,0.6199619174003601,0.7584483027458191,-0.05839972570538521,0.6092394590377808,0.7859851121902466,-0.05552845820784569,0.6734181046485901,0.7726019620895386,-0.04025016725063324,0.6498937010765076,0.7732658982276917,-0.05464882403612137,0.6266250014305115,0.7947427034378052,-0.05430632084608078,0.6128552556037903,0.8135266304016113,-0.04988551512360573
0.6285234689712524,0.9002877473831177,3.902792116150522e-07,0.5955182313919067,0.8593876957893372,-0.00841993372887373,0.5792648792266846,0.8021244406700134,-0.014969888143241405,0.5948518514633179,0.7654213309288025,-0.024960877373814583,0.6190112233161926,0.7481918931007385,-0.03452758863568306,0.5966545343399048,0.7123635411262512,-0.008877363055944443,0.5966461896896362,0.637731671333313,-0.024703791365027428,0.5981358289718628,0.590686023235321,-0.03363942727446556,0.6014747023582458,0.552341639995575,-0.03836692124605179,0.6273490786552429,0.7151085138320923,-0.01798815093934536,0.6261553168296814,0.6357277035713196,-0.034517910331487656,0.624819278717041,0.5820106267929077,-0.0458003468811512,0.6256809830665588,0.539740800857544,-0.05068275332450867,0.6546719670295715,0.7377148866653442,-0.028500845655798912,0.6359608769416809,0.7256370186805725,-0.05042920634150505,0.616264283657074,0.7585865259170532,-0.0567949078977108,0.6059279441833496,0.7866929173469543,-0.05406671389937401,0.6715846657752991,0.7716392874717712,-0.03989817202091217,0.6453574895858765,0.7748026847839355,-0.05398888513445854,0.62287837266922,0.7966089844703674,-0.05390479415655136,0.6104995012283325,0.8156279921531677,-0.04969886690378189
0.6289879679679871,0.8991277813911438,3.8853454498166684e-07,0.5957028269767761,0.8586249351501465,-0.008682883344590664,0.5789180397987366,0.8007626533508301,-0.015748489648103714,0.5950204730033875,0.7630656957626343,-0.02622765675187111,0.6203815340995789,0.7452379465103149,-0.03620932996273041,0.598021924495697,0.7109057903289795,-0.009154790081083775,0.5966874361038208,0.6361648440361023,-0.02476794645190239,0.5977010726928711,0.5893625617027283,-0.03357354924082756,0.6005061864852905,0.5510441660881042,-0.03821561858057976,0.6283665299415588,0.7150630354881287,-0.01831086352467537,0.6275659203529358,0.6349755525588989,-0.03488504886627197,0.6258015036582947,0.5815578103065491,-0.045905426144599915,0.6257655024528503,0.5396312475204468,-0.05055893957614899,0.6552522778511047,0.7385401725769043,-0.028925979509949684,0.6378394961357117,0.7239212393760681,-0.05189576372504234,0.6173834800720215,0.7581490278244019,-0.058374375104904175,0.6065155267715454,0.7872059345245361,-0.05536188557744026,0.6719050407409668,0.7730535268783569,-0.04028298333287239,0.6468778252601624,0.7716199159622192,-0.05534815415740013,0.622739315032959,0.7938988208770752,-0.05513850599527359,0.6088945865631104,0.813553512096405,-0.05068144202232361
0.6277686357498169,0.8989490866661072,3.8236802879509924e-07,0.5947973728179932,0.8581118583679199,-0.008936678059399128,0.5790210366249084,0.7997564673423767,-0.015993470326066017,0.5958521962165833,0.7624082565307617,-0.02646840736269951,0.6210319995880127,0.7441478371620178,-0.0364687480032444,0.5970749855041504,0.7118688225746155,-0.009016472846269608,0.5960780382156372,0.6374833583831787,-0.02507852576673031,0.597152054309845,0.5908823013305664,-0.03413103520870209,0.5998712182044983,0.5524327754974365,-0.0388873815536499,0.6275321245193481,0.7160433530807495,-0.01811838150024414,0.6268060207366943,0.6359599828720093,-0.03524186462163925,0.6250817179679871,0.5828195214271545,-0.04642636328935623,0.6251510381698608,0.5408539772033691,-0.05108814314007759,0.6545222401618958,0.7393487095832825,-0.028773339465260506,0.6375581622123718,0.7232538461685181,-0.05254225805401802,0.6167301535606384,0.7582395672798157,-0.05892335996031761,0.6055005192756653,0.7872439622879028,-0.05561099573969841,0.6714450716972351,0.773603081703186,-0.0401601567864418,0.6474424600601196,0.7715416550636292,-0.05572204664349556,0.6233440041542053,0.7944174408912659,-0.05541245639324188,0.6094635725021362,0.8139665722846985,-0.0507674477994442
0.6270739436149597,0.8971975445747375,3.9147647612480796e-07,0.5941419005393982,0.856962263584137,-0.009820318780839443,0.579125702381134,0.8000892400741577,-0.017478695139288902,0.595954418182373,0.7635030150413513,-0.028451692312955856,0.6204262375831604,0.7456318140029907,-0.038838911801576614,0.5974998474121094,0.7117851972579956,-0.010086053051054478,0.5964286923408508,0.6375091075897217,-0.02657439187169075,0.5971828699111938,0.5906865000724792,-0.035761117935180664,0.5998048186302185,0.5521143078804016,-0.04053568094968796,0.6280805468559265,0.7158870697021484,-0.018897678703069687,0.6266432404518127,0.635943591594696,-0.03661446273326874,0.6250452995300293,0.5825573801994324,-0.048040684312582016,0.6254109740257263,0.5404883623123169,-0.05275072529911995,0.6550426483154297,0.7390565276145935,-0.029313411563634872,0.6377958655357361,0.7251536250114441,-0.05366698279976845,0.6171432733535767,0.7607133388519287,-0.06003640964627266,0.6058188080787659,0.7898149490356445,-0.056500453501939774,0.6716848611831665,0.7730063796043396,-0.04054546728730202,0.647883951663971,0.7716993689537048,-0.056266896426677704,0.6233805418014526,0.7944459915161133,-0.05592574179172516,0.6087008714675903,0.8137190341949463,-0.051203131675720215
0.6278709173202515,0.9010582566261292,3.796285739099403e-07,0.5939441323280334,0.8599931001663208,-0.009466821327805519,0.5783289074897766,0.8026793599128723,-0.016635796055197716,0.5959389209747314,0.7670445442199707,-0.027323409914970398,0.6200446486473083,0.746842086315155,-0.03735824301838875,0.5974559783935547,0.7128764986991882,-0.008070304989814758,0.5967240333557129,0.6388434767723083,-0.024630239233374596,0.5980309844017029,0.5915706753730774,-0.03426253795623779,0.6009718775749207,0.5527758598327637,-0.0394098125398159,0.6277362704277039,0.7159307599067688,-0.017191553488373756,0.6258960366249084,0.6371800303459167,-0.034818485379219055,0.624047577381134,0.5832529067993164,-0.046801917254924774,0.6243865489959717,0.5400503277778625,-0.05203787982463837,0.6544505953788757,0.7388216257095337,-0.028064314275979996,0.6377775073051453,0.72490394115448,-0.05197178199887276,0.6173362731933594,0.760558545589447,-0.05847375839948654,0.6060952544212341,0.7896460890769958,-0.05522901564836502,0.6714702844619751,0.773229718208313,-0.03986279293894768,0.6484442949295044,0.7727985382080078,-0.05553159862756729,0.6242865324020386,0.7951515913009644,-0.0555284284055233,0.609479546546936,0.8141408562660217,-0.05106707289814949
0.6282057166099548,0.9018509387969971,3.7847198086637945e-07,0.5943125486373901,0.8601349592208862,-0.009165163151919842,0.5788073539733887,0.8015038967132568,-0.016095563769340515,0.5962606072425842,0.7649464011192322,-0.026523757725954056,0.6213079690933228,0.744994580745697,-0.036366090178489685,0.5982575416564941,0.7125189304351807,-0.00745882885530591,0.5966621041297913,0.6386948823928833,-0.02312704734504223,0.5973857641220093,0.5920342803001404,-0.03209865465760231,0.5999937653541565,0.5534142851829529,-0.0368136502802372,0.6284120082855225,0.7160221934318542,-0.016522351652383804,0.6266884803771973,0.6367389559745789,-0.03342119976878166,0.6247434020042419,0.5832058191299438,-0.04489179700613022,0.6249600052833557,0.540547251701355,-0.04977351054549217,0.6549842953681946,0.7390491366386414,-0.02731240540742874,0.639045000076294,0.7238050699234009,-0.0513010174036026,0.6182518601417542,0.7603015303611755,-0.05802914872765541,0.607049822807312,0.790340781211853,-0.05477111414074898,0.6716199517250061,0.7730797529220581,-0.03887821361422539,0.6482565999031067,0.7705907821655273,-0.05473114550113678,0.62350994348526,0.7938679456710815,-0.054748546332120895,0.6087899208068848,0.8137920498847961,-0.05024555325508118
0.628594160079956,0.9030534029006958,3.771988303924445e-07,0.5944859981536865,0.860565185546875,-0.008340151980519295,0.5792964696884155,0.8010308146476746,-0.014706883579492569,0.5963568091392517,0.7638114094734192,-0.02476380579173565,0.6208283305168152,0.743713915348053,-0.03424638509750366,0.5979650020599365,0.7125617861747742,-0.006284152623265982,0.5966503620147705,0.6387280225753784,-0.02176492102444172,0.597608208656311,0.5919984579086304,-0.03077138215303421,0.6005926728248596,0.5533471703529358,-0.03552745282649994,0.6279599666595459,0.7161332368850708,-0.015691369771957397,0.6260148882865906,0.6367695331573486,-0.03223142400383949,0.6242889761924744,0.5827805399894714,-0.043729960918426514,0.6249520778656006,0.5398868322372437,-0.048751696944236755,0.6545558571815491,0.7391785979270935,-0.026777323335409164,0.6381677985191345,0.7236737608909607,-0.0500616729259491,0.6175484657287598,0.7592787146568298,-0.056536827236413956,0.6065069437026978,0.7890270948410034,-0.053330980241298676,0.6712040305137634,0.7732895612716675,-0.03864368796348572,0.6476882696151733,0.7704265117645264,-0.05382298678159714,0.6233863830566406,0.7934260964393616,-0.053512509912252426,0.6091489195823669,0.8134161829948425,-0.04891810566186905
0.6272236704826355,0.8994157314300537,3.7856497669963574e-07,0.5942205786705017,0.8567417860031128,-0.00801935512572527,0.5794003009796143,0.7975707650184631,-0.014305738732218742,0.5974389910697937,0.761930525302887,-0.02418215572834015,0.6225711107254028,0.7430163621902466,-0.03356797993183136,0.5974279642105103,0.7107412219047546,-0.0069234794937074184,0.5962292551994324,0.6373832821846008,-0.02207534946501255,0.5972504019737244,0.5913686752319336,-0.030795101076364517,0.6001914739608765,0.5531412959098816,-0.03543829172849655,0.6273173093795776,0.7149829268455505,-0.01629577949643135,0.6260876655578613,0.6361503005027771,-0.03248801827430725,0.6242305636405945,0.5826142430305481,-0.04379411041736603,0.6245808601379395,0.5397012233734131,-0.048823583871126175,0.6538983583450317,0.7384665012359619,-0.027213796973228455,0.6386181712150574,0.7243791222572327,-0.04986284300684929,0.6179191470146179,0.7590803503990173,-0.05633058026432991,0.606612503528595,0.787447988986969,-0.05336562171578407,0.6705949902534485,0.772395670413971,-0.03885791823267937,0.6476292014122009,0.7703649401664734,-0.05348604917526245,0.6239248514175415,0.7927441596984863,-0.053074080497026443,0.6102771162986755,0.8116468191146851,-0.048597026616334915
0.6285728812217712,0.9016499519348145,3.782103021876537e-07,0.5949891209602356,0.8603563904762268,-0.00918995775282383,0.5789251923561096,0.801444411277771,-0.015859294682741165,0.5958077311515808,0.7638866305351257,-0.026003330945968628,0.621259331703186,0.7447164058685303,-0.0354958176612854,0.5979344844818115,0.7118430137634277,-0.006992568261921406,0.5964462161064148,0.6383819580078125,-0.022595517337322235,0.5972254276275635,0.5916178226470947,-0.03163175657391548,0.6000040173530579,0.5530840158462524,-0.036510515958070755,0.627805233001709,0.7154414057731628,-0.01614806242287159,0.6257970929145813,0.6365872025489807,-0.0330255925655365,0.6240081191062927,0.5829470753669739,-0.04456945136189461,0.6245288848876953,0.5403542518615723,-0.04961752891540527,0.6542477607727051,0.7386838793754578,-0.02709478698670864,0.6387320160865784,0.7234455347061157,-0.05108955129981041,0.6183273792266846,0.7589036226272583,-0.057958684861660004,0.6072415709495544,0.7882080674171448,-0.0549309067428112,0.6708385348320007,0.77315354347229,-0.03885604068636894,0.6485682129859924,0.7703629732131958,-0.05488448217511177,0.6244354248046875,0.7934520244598389,-0.05512915179133415,0.6100236773490906,0.8133325576782227,-0.050879012793302536
0.6284883618354797,0.9021611213684082,3.892537279170938e-07,0.5943697690963745,0.8593962788581848,-0.008481754921376705,0.579119086265564,0.7990897297859192,-0.015062474645674229,0.5972034335136414,0.7610915899276733,-0.025355152785778046,0.6225799322128296,0.74168461561203,-0.035088714212179184,0.5976829528808594,0.7121100425720215,-0.006729396991431713,0.5964098572731018,0.6380268931388855,-0.022384043782949448,0.5973862409591675,0.591083824634552,-0.03157584369182587,0.6002264618873596,0.5524493455886841,-0.036528244614601135,0.6274311542510986,0.7159891724586487,-0.016287216916680336,0.6259385347366333,0.6363580226898193,-0.03323329612612724,0.6241444945335388,0.5823904871940613,-0.04485297203063965,0.6244606375694275,0.5397688746452332,-0.04990597069263458,0.6540433764457703,0.739391565322876,-0.027497274801135063,0.6386317610740662,0.7237426042556763,-0.05108024552464485,0.6175135970115662,0.759910523891449,-0.057198453694581985,0.6059037446975708,0.7901948690414429,-0.053649771958589554,0.6707319617271423,0.7739428877830505,-0.039522625505924225,0.6484591960906982,0.7694657444953918,-0.05490664765238762,0.624137282371521,0.7926310300827026,-0.054250072687864304,0.6097128987312317,0.8131689429283142,-0.04934067651629448
0.6285396814346313,0.9024244546890259,3.9277526298064913e-07,0.5946086645126343,0.8593989014625549,-0.008692941628396511,0.578761875629425,0.7992914915084839,-0.015821699053049088,0.596826434135437,0.761932373046875,-0.026659347116947174,0.6228111982345581,0.7437682151794434,-0.037001028656959534,0.5976484417915344,0.7121388912200928,-0.008024733513593674,0.5962218046188354,0.6382644176483154,-0.024275779724121094,0.597143292427063,0.5914710760116577,-0.033939190208911896,0.6000094413757324,0.5526014566421509,-0.03926476463675499,0.6273033022880554,0.7160605192184448,-0.017801133915781975,0.6256775856018066,0.6360592246055603,-0.03539818152785301,0.6240139007568359,0.5821768045425415,-0.04734257236123085,0.6245294809341431,0.5392910242080688,-0.052590757608413696,0.654082179069519,0.7396643757820129,-0.02917828969657421,0.639204204082489,0.7236607074737549,-0.053291577845811844,0.6177141666412354,0.7604511976242065,-0.05935242399573326,0.6057420969009399,0.7910614609718323,-0.055658310651779175,0.6711898446083069,0.7745159268379211,-0.04136568307876587,0.6493276357650757,0.7685832977294922,-0.056927863508462906,0.6249494552612305,0.791867733001709,-0.0560162328183651,0.6106042861938477,0.812598466873169,-0.050893835723400116
0.6288266181945801,0.9026095271110535,3.911574708581611e-07,0.5946105718612671,0.8592835664749146,-0.008500475436449051,0.5787518620491028,0.7992029190063477,-0.015553928911685944,0.5968270301818848,0.761794924736023,-0.02635619230568409,0.62276691198349,0.7434639930725098,-0.03667230159044266,0.5975645780563354,0.7123721241950989,-0.007852802984416485,0.5962389707565308,0.6383963227272034,-0.024063922464847565,0.5971342921257019,0.5917099118232727,-0.03366656228899956,0.5999332070350647,0.5529730916023254,-0.03891710937023163,0.6273283362388611,0.716134250164032,-0.017655998468399048,0.6258275508880615,0.6361161470413208,-0.03516485169529915,0.6240648627281189,0.5822423696517944,-0.04705598205327988,0.6244156956672668,0.5394377112388611,-0.052254315465688705,0.6541839838027954,0.7396194934844971,-0.02903989516198635,0.6388939619064331,0.7240139245986938,-0.052942097187042236,0.6174798011779785,0.7605660557746887,-0.05899611487984657,0.6055883169174194,0.791098952293396,-0.055343177169561386,0.6712675094604492,0.7744119167327881,-0.04122864454984665,0.649010419845581,0.7691645622253418,-0.05656055361032486,0.6247387528419495,0.7922700047492981,-0.055611927062273026,0.6105015873908997,0.8128723502159119,-0.05048901587724686
0.6283203959465027,0.8988120555877686,3.8289687154247076e-07,0.5951298475265503,0.8560980558395386,-0.008432380855083466,0.5810707211494446,0.7948131561279297,-0.014809666201472282,0.6011784672737122,0.7562592625617981,-0.024691764265298843,0.6278263926506042,0.7370060682296753,-0.033991578966379166,0.5990422368049622,0.7085522413253784,-0.006580573506653309,0.5979904532432556,0.6348068714141846,-0.021632403135299683,0.5998979210853577,0.58846116065979,-0.03044155240058899,0.6037036776542664,0.5500090718269348,-0.035071417689323425,0.6286254525184631,0.7128943204879761,-0.015836495906114578,0.6271069049835205,0.6336398720741272,-0.03199553117156029,0.6251139044761658,0.5804066061973572,-0.043069206178188324,0.6253836154937744,0.5378879308700562,-0.04773552715778351,0.655296802520752,0.7362838387489319,-0.026745224371552467,0.640454113483429,0.7220036387443542,-0.049630939960479736,0.6192144155502319,0.7581839561462402,-0.055857330560684204,0.6079184412956238,0.7877774238586426,-0.05240863934159279,0.6724994778633118,0.7699622511863708,-0.038437917828559875,0.6501538753509521,0.7655141353607178,-0.05302806943655014,0.6261512041091919,0.7885701656341553,-0.052254728972911835,0.6124324202537537,0.8080469369888306,-0.04740913212299347
0.6297387480735779,0.900078535079956,3.6827253779847524e-07,0.5962459444999695,0.8561764359474182,-0.008321123197674751,0.5810545086860657,0.7951418161392212,-0.014835418201982975,0.599490761756897,0.7566975951194763,-0.024925632402300835,0.626105785369873,0.7381526827812195,-0.034481942653656006,0.5998579859733582,0.7101210355758667,-0.007189236115664244,0.5986005067825317,0.6358862519264221,-0.02278030477464199,0.5999683737754822,0.5896474123001099,-0.03206528350710869,0.603294849395752,0.5511249899864197,-0.03720027208328247,0.6296072006225586,0.7141576409339905,-0.01661655679345131,0.6279357671737671,0.6352274417877197,-0.033126767724752426,0.6260767579078674,0.5819528698921204,-0.04465290158987045,0.626434862613678,0.5393679141998291,-0.04991992563009262,0.6561481356620789,0.7374464869499207,-0.027619902044534683,0.6408684253692627,0.7214475274085999,-0.05029843747615814,0.620246946811676,0.7556511759757996,-0.056455567479133606,0.608920693397522,0.7846665382385254,-0.053420957177877426,0.6730406880378723,0.7715148329734802,-0.03946612775325775,0.6499754786491394,0.7677314877510071,-0.05424114316701889,0.6260311007499695,0.789960503578186,-0.0537051297724247,0.6118804216384888,0.8099159598350525,-0.04919138923287392
0.6295256018638611,0.8993045687675476,3.716905041528662e-07,0.5958529114723206,0.8557310104370117,-0.007475016172975302,0.581740140914917,0.7932871580123901,-0.012991783209145069,0.6008813977241516,0.7554019093513489,-0.02212611585855484,0.6270574331283569,0.7377791404724121,-0.030836746096611023,0.6000795960426331,0.7089495658874512,-0.006172421388328075,0.5990941524505615,0.6350525617599487,-0.02077971026301384,0.6004127264022827,0.5887768268585205,-0.029395703226327896,0.6033483147621155,0.5499947667121887,-0.03412294387817383,0.6299728155136108,0.712820291519165,-0.01572539657354355,0.628362774848938,0.6340755820274353,-0.03148951381444931,0.6266885995864868,0.5808253288269043,-0.04274416342377663,0.6269375085830688,0.5381739735603333,-0.047825153917074203,0.6566733717918396,0.7359791398048401,-0.026736827567219734,0.6416373252868652,0.7215862274169922,-0.04885488748550415,0.620550811290741,0.7558041214942932,-0.055308546870946884,0.6085044741630554,0.7844119668006897,-0.05247277021408081,0.6736219525337219,0.7695490121841431,-0.03847886994481087,0.6513306498527527,0.7661519646644592,-0.05268050730228424,0.6271153688430786,0.7882508635520935,-0.05218013375997543,0.6124845147132874,0.8077513575553894,-0.047768302261829376
0.6287841796875,0.8977104425430298,3.7412226561173156e-07,0.5954586863517761,0.8539621829986572,-0.008104506880044937,0.5819737315177917,0.792646586894989,-0.014391794800758362,0.6022091507911682,0.7553314566612244,-0.024166807532310486,0.628145694732666,0.7366690039634705,-0.03348981961607933,0.6001024842262268,0.7087575793266296,-0.007546625100076199,0.5991630554199219,0.6353626847267151,-0.022899745032191277,0.6004471182823181,0.5893771648406982,-0.03194008395075798,0.6036261320114136,0.5507020950317383,-0.03691227734088898,0.629839301109314,0.713064968585968,-0.0169949010014534,0.6285858750343323,0.6335852146148682,-0.03345031663775444,0.6271039843559265,0.5805130004882812,-0.044765472412109375,0.6278254985809326,0.5380704402923584,-0.04979866370558739,0.6564930081367493,0.7367926836013794,-0.027926405891776085,0.6421956419944763,0.7216615080833435,-0.05069597065448761,0.620002031326294,0.7561435103416443,-0.05682459473609924,0.6071962118148804,0.7846715450286865,-0.0536496564745903,0.6735131740570068,0.770969033241272,-0.03960851952433586,0.6520853638648987,0.7664883136749268,-0.054159779101610184,0.6279693245887756,0.7886220216751099,-0.05332828685641289,0.6135384440422058,0.8078990578651428,-0.04860619455575943
0.628785252571106,0.8972350358963013,3.7128000940356287e-07,0.595578134059906,0.8529583811759949,-0.009185957722365856,0.5833138227462769,0.792685866355896,-0.016070052981376648,0.6026487946510315,0.7544547319412231,-0.026374198496341705,0.6271020174026489,0.7335017323493958,-0.03602883592247963,0.6011351943016052,0.7081454992294312,-0.006939939223229885,0.5997466444969177,0.6349496245384216,-0.022619128227233887,0.6006484031677246,0.5889433026313782,-0.03185340017080307,0.6033430695533752,0.5505039095878601,-0.03675369545817375,0.6303860545158386,0.7130598425865173,-0.01611454226076603,0.6288601160049438,0.6332540512084961,-0.03321952745318413,0.6273151636123657,0.5802763104438782,-0.04473058134317398,0.6280482411384583,0.5381865501403809,-0.04960831254720688,0.656500518321991,0.7370466589927673,-0.027047138661146164,0.6434507369995117,0.7190399765968323,-0.05130772292613983,0.6215711832046509,0.7544500827789307,-0.05760159716010094,0.6089735627174377,0.7836368083953857,-0.053976818919181824,0.6734721064567566,0.7714019417762756,-0.038728293031454086,0.6538810133934021,0.7634257078170776,-0.05438671261072159,0.6293673515319824,0.7860243916511536,-0.053553417325019836,0.6142048239707947,0.805770754814148,-0.048483528196811676
