0,1,2,3,4,5,6,7,8,9,10,11,12,13,14,15,16,17,18,19,20,21,22,23,24,25,26,27,28,29,30,31,32,33,34,35,36,37,38,39,40,41,42,43,44,45,46,47,48,49,50,51,52,53,54,55,56,57,58,59,60,61,62
0.6314141154289246,0.892352819442749,3.977778249009134e-07,0.598640501499176,0.8479101061820984,-0.008734099566936493,0.5885367393493652,0.7881098985671997,-0.014565732330083847,0.6095943450927734,0.7511563897132874,-0.023364825174212456,0.634036660194397,0.7317896485328674,-0.03159872815012932,0.6041630506515503,0.7066673636436462,-0.00660733925178647,0.5960354208946228,0.6339324712753296,-0.019725002348423004,0.5914046764373779,0.5889267921447754,-0.026642952114343643,0.5885104537010193,0.5519408583641052,-0.030108897015452385,0.6346967220306396,0.7112512588500977,-0.01470913179218769,0.6413286924362183,0.630841851234436,-0.028318265452980995,0.6434983611106873,0.577057957649231,-0.037516966462135315,0.6467071175575256,0.5359195470809937,-0.04135499894618988,0.6595117449760437,0.7357723712921143,-0.02457616664469242,0.6504245400428772,0.7167678475379944,-0.045405976474285126,0.6300455331802368,0.7476376295089722,-0.05184400454163551,0.6191505789756775,0.7736303210258484,-0.0493464469909668,0.6751488447189331,0.7691947221755981,-0.035093244165182114,0.6583468317985535,0.7606793642044067,-0.048838261514902115,0.635769784450531,0.7820308804512024,-0.048051923513412476,0.6219114065170288,0.8005368113517761,-0.04370855167508125
0.6306872963905334,0.8924064040184021,3.8593177009715873e-07,0.5975819826126099,0.8487823605537415,-0.008270206861197948,0.5870869159698486,0.7886505126953125,-0.013578255660831928,0.609039843082428,0.7517821788787842,-0.021913236007094383,0.6340832710266113,0.7324626445770264,-0.029795413836836815,0.6036891937255859,0.7054687142372131,-0.005703103728592396,0.5952870845794678,0.6331877708435059,-0.018481947481632233,0.5911051630973816,0.5878387093544006,-0.02542826719582081,0.589114248752594,0.5511950254440308,-0.029103385284543037,0.6352092027664185,0.7101061344146729,-0.013956913724541664,0.6414130330085754,0.6306254863739014,-0.02729083225131035,0.6432138085365295,0.576649010181427,-0.03714619576931,0.6462849974632263,0.5357248783111572,-0.04162625968456268,0.6605982184410095,0.7348064184188843,-0.023909613490104675,0.6489085555076599,0.7164773344993591,-0.04421771690249443,0.6281260251998901,0.7442885041236877,-0.05156473070383072,0.6171858310699463,0.768512487411499,-0.05011635273694992,0.6762677431106567,0.7688083648681641,-0.03448663279414177,0.6566310524940491,0.7633821964263916,-0.04835278168320656,0.6337120532989502,0.7837767004966736,-0.04853413254022598,0.6201469302177429,0.8016147613525391,-0.04501016438007355
0.6312762498855591,0.894778847694397,3.765713074699306e-07,0.5974797010421753,0.8505474328994751,-0.008176116272807121,0.5871968269348145,0.7897486686706543,-0.013360128737986088,0.6087605357170105,0.7524389028549194,-0.021738559007644653,0.6329973340034485,0.7330228686332703,-0.029650747776031494,0.6044232845306396,0.7062351703643799,-0.0052400450222194195,0.5952787399291992,0.6335310339927673,-0.01834133453667164,0.5910750031471252,0.5878057479858398,-0.025608250871300697,0.58916836977005,0.5505518317222595,-0.02953415736556053,0.6359776854515076,0.7110933661460876,-0.013766315765678883,0.6411769390106201,0.63123619556427,-0.027966829016804695,0.6429226994514465,0.5772805213928223,-0.03837397322058678,0.6458974480628967,0.536618709564209,-0.04310907423496246,0.6614195704460144,0.7359954118728638,-0.02405671216547489,0.6501267552375793,0.716445803642273,-0.045739877969026566,0.6289132833480835,0.7452168464660645,-0.05353657528758049,0.6171598434448242,0.7703021764755249,-0.05200238525867462,0.6771441102027893,0.7702257633209229,-0.03489496558904648,0.6590381264686584,0.7616100311279297,-0.049820493906736374,0.6351315975189209,0.7817782163619995,-0.05027574673295021,0.620082437992096,0.8000335097312927,-0.04675658047199249
0.6309537291526794,0.8923088908195496,3.850907148716942e-07,0.5973178744316101,0.8475393652915955,-0.008644048124551773,0.5877694487571716,0.7887115478515625,-0.014676653780043125,0.6086837649345398,0.752528965473175,-0.023888470605015755,0.6307504773139954,0.7320773005485535,-0.03259092941880226,0.6051316857337952,0.7048500776290894,-0.006630009040236473,0.5961407423019409,0.6321344971656799,-0.02036810666322708,0.592701256275177,0.586601972579956,-0.02804357372224331,0.5919240713119507,0.5493226051330566,-0.032038524746894836,0.6362758874893188,0.71000075340271,-0.015082234516739845,0.6409816741943359,0.6304020881652832,-0.029745737090706825,0.6418712735176086,0.5765066742897034,-0.040133409202098846,0.644130289554596,0.5358524918556213,-0.044729869812726974,0.6616874933242798,0.7348504662513733,-0.025288648903369904,0.6483274102210999,0.7153292894363403,-0.04712304100394249,0.6266780495643616,0.7449498176574707,-0.054511260241270065,0.6150340437889099,0.7709735631942749,-0.052545756101608276,0.6778038740158081,0.7686992883682251,-0.036106981337070465,0.6587414741516113,0.758730411529541,-0.050431299954652786,0.6352289915084839,0.7790830731391907,-0.050237976014614105,0.6209618449211121,0.7978814840316772,-0.04623826965689659
0.6310971975326538,0.8937742114067078,3.823665792879183e-07,0.5974935293197632,0.8505947589874268,-0.00939516443759203,0.5873515009880066,0.7909343838691711,-0.015713827684521675,0.608697235584259,0.7524828314781189,-0.025046849623322487,0.630948007106781,0.7311467528343201,-0.033824991434812546,0.605311393737793,0.7076010704040527,-0.007678408641368151,0.5964419841766357,0.634732186794281,-0.02208932489156723,0.5925876498222351,0.5885812044143677,-0.030228761956095695,0.5916392207145691,0.5511234998703003,-0.03461189195513725,0.6359937191009521,0.7125078439712524,-0.015961064025759697,0.6403629779815674,0.6313607096672058,-0.031737472862005234,0.6413301825523376,0.5763329863548279,-0.042843665927648544,0.6442466378211975,0.5349313020706177,-0.04783056676387787,0.6612655520439148,0.7371757626533508,-0.025990605354309082,0.647313117980957,0.7166784405708313,-0.04885276407003403,0.6254383325576782,0.7460361123085022,-0.056354112923145294,0.6141363978385925,0.7721467614173889,-0.05429603159427643,0.6774553656578064,0.7709059715270996,-0.03668166324496269,0.6583746671676636,0.7593774199485779,-0.05216351896524429,0.6350676417350769,0.7799543738365173,-0.052246034145355225,0.6214162707328796,0.7995051741600037,-0.04822835698723793
0.6303425431251526,0.893101692199707,3.901686227436585e-07,0.5965132713317871,0.8486484289169312,-0.009150121361017227,0.5869854092597961,0.7880696654319763,-0.015157721936702728,0.6093924641609192,0.7511231303215027,-0.024307092651724815,0.6327856779098511,0.7307230234146118,-0.03291929140686989,0.6047329902648926,0.7056429386138916,-0.0063483198173344135,0.5961145162582397,0.6328176856040955,-0.02031373232603073,0.5926811099052429,0.5870243906974792,-0.02819354087114334,0.5920819640159607,0.5496596097946167,-0.03232448175549507,0.6355174779891968,0.7109074592590332,-0.014676043763756752,0.6396385431289673,0.6307480335235596,-0.029819896444678307,0.6406763792037964,0.5765120983123779,-0.04051098972558975,0.6436381340026855,0.5354927778244019,-0.04513129964470863,0.6608726978302002,0.7358724474906921,-0.02482561022043228,0.6473287343978882,0.7164862155914307,-0.047255486249923706,0.6257216930389404,0.7480088472366333,-0.05425034835934639,0.6146034598350525,0.7749153971672058,-0.051675811409950256,0.677065372467041,0.7698712944984436,-0.03565232455730438,0.6578788161277771,0.7591168284416199,-0.05037378519773483,0.6346645951271057,0.7806645035743713,-0.04982518032193184,0.6211013793945312,0.8000935912132263,-0.04533560574054718
0.6300385594367981,0.893677830696106,3.74381613710284e-07,0.596746563911438,0.8489752411842346,-0.008347961120307446,0.5873624086380005,0.787907600402832,-0.013414004817605019,0.6093571186065674,0.7504279017448425,-0.021617040038108826,0.6321672201156616,0.729267954826355,-0.02938244305551052,0.6042404770851135,0.7059507369995117,-0.005214110016822815,0.5961645841598511,0.6327211856842041,-0.018466921523213387,0.5931296348571777,0.5869428515434265,-0.025881724432110786,0.5928325057029724,0.5495221614837646,-0.02978835254907608,0.6352347731590271,0.711135745048523,-0.013548753224313259,0.6392439603805542,0.6310423612594604,-0.027718836441636086,0.6401610970497131,0.5765957832336426,-0.03811495378613472,0.6429625153541565,0.5350286960601807,-0.04282686859369278,0.6605775952339172,0.7360081076622009,-0.023661769926548004,0.6471517086029053,0.7155893445014954,-0.04524451121687889,0.6254557967185974,0.7445221543312073,-0.05289868265390396,0.6141992807388306,0.7694994807243347,-0.051263030618429184,0.6765258312225342,0.7698523998260498,-0.034371670335531235,0.6567599773406982,0.7607398629188538,-0.049168385565280914,0.6331346035003662,0.7814866304397583,-0.049624569714069366,0.6193420886993408,0.7998552918434143,-0.046088725328445435
0.6301797032356262,0.892927885055542,3.8015059544704854e-07,0.5970211029052734,0.8484598398208618,-0.008842404000461102,0.5868731141090393,0.7878397107124329,-0.014419129118323326,0.608466625213623,0.7498841881752014,-0.023078907281160355,0.6330466866493225,0.729405403137207,-0.031238647177815437,0.6038455963134766,0.7067472338676453,-0.005799873732030392,0.5957280993461609,0.6329914927482605,-0.019485510885715485,0.5926860570907593,0.5869430303573608,-0.0270841084420681,0.5924081206321716,0.549392580986023,-0.030926698818802834,0.634460985660553,0.7121593952178955,-0.013975650072097778,0.6385918259620667,0.6317189931869507,-0.028554299846291542,0.6393291354179382,0.5773957371711731,-0.03898267820477486,0.6419785022735596,0.5361066460609436,-0.043508172035217285,0.6596285700798035,0.7368749976158142,-0.023955516517162323,0.6469300985336304,0.7170504927635193,-0.04600691795349121,0.6260722279548645,0.7471525073051453,-0.05341643840074539,0.6156184077262878,0.7732014656066895,-0.05125207081437111,0.675555944442749,0.7700359225273132,-0.03453891724348068,0.6561816930770874,0.7602198719978333,-0.049122411757707596,0.6333388686180115,0.7816458940505981,-0.048907313495874405,0.6203804016113281,0.8010530471801758,-0.044727224856615067
0.6305733323097229,0.8944605588912964,3.6987066209803743e-07,0.5965295433998108,0.8502857685089111,-0.008060289546847343,0.5863562822341919,0.7878652811050415,-0.012685892172157764,0.6084758043289185,0.7495833039283752,-0.020416833460330963,0.6323641538619995,0.7297278642654419,-0.02775050513446331,0.6038638949394226,0.7067623138427734,-0.004908314906060696,0.595889687538147,0.6335938572883606,-0.01788136549293995,0.592551589012146,0.5874882936477661,-0.025263886898756027,0.5917758941650391,0.5497918128967285,-0.02927861362695694,0.6347753405570984,0.7115777730941772,-0.013212254270911217,0.6381706595420837,0.6316955089569092,-0.02719995751976967,0.6387858390808105,0.5774192214012146,-0.03757665678858757,0.641304075717926,0.5360746383666992,-0.0423177033662796,0.6602020263671875,0.7361648678779602,-0.023247990757226944,0.6473718881607056,0.7166208624839783,-0.04482425004243851,0.6255019307136536,0.7455205917358398,-0.05271800979971886,0.613705039024353,0.770889937877655,-0.051232896745204926,0.6760457158088684,0.7698817253112793,-0.03383485600352287,0.6568300127983093,0.7610817551612854,-0.04885171353816986,0.6331861019134521,0.7820978760719299,-0.049497928470373154,0.6190258264541626,0.801076352596283,-0.04607584699988365
0.6313576102256775,0.8962289690971375,3.7973583744133066e-07,0.5976632833480835,0.8521131873130798,-0.008362685330212116,0.586174726486206,0.7906742691993713,-0.013821267522871494,0.6068049073219299,0.751921534538269,-0.0225784070789814,0.6317979097366333,0.7325963973999023,-0.030768703669309616,0.6039458513259888,0.7078519463539124,-0.005260832607746124,0.5955434441566467,0.633655846118927,-0.018953273072838783,0.5922425985336304,0.5872134566307068,-0.02659335546195507,0.5916475653648376,0.5495984554290771,-0.030495183542370796,0.6345374584197998,0.7125800251960754,-0.01371204573661089,0.6380302309989929,0.6321799159049988,-0.028433799743652344,0.6385287046432495,0.578012228012085,-0.0387701690196991,0.6409000754356384,0.537032425403595,-0.04312659054994583,0.659964382648468,0.736802339553833,-0.02397005632519722,0.6463952660560608,0.7180773019790649,-0.04606880620121956,0.6252733469009399,0.749251127243042,-0.053205691277980804,0.61445552110672,0.7765451669692993,-0.05069491267204285,0.6759971976280212,0.7700472474098206,-0.034858644008636475,0.6566777229309082,0.7599202990531921,-0.04938996583223343,0.6334702968597412,0.7808799147605896,-0.049090784043073654,0.619726300239563,0.8002209067344666,-0.04477338865399361
0.631737470626831,0.897282063961029,3.847210052754235e-07,0.5974885821342468,0.8521745204925537,-0.00808047316968441,0.5865436792373657,0.7909716367721558,-0.01363759208470583,0.6074378490447998,0.7533800601959229,-0.022611059248447418,0.6319167017936707,0.734289824962616,-0.031024832278490067,0.6045399904251099,0.7076978087425232,-0.004978233017027378,0.596438467502594,0.6342652440071106,-0.01869536004960537,0.5928915143013,0.5881701707839966,-0.026500314474105835,0.5920345187187195,0.5506174564361572,-0.0305629875510931,0.6349696516990662,0.7123246192932129,-0.013680816628038883,0.6379963755607605,0.6321525573730469,-0.0283224917948246,0.6384729743003845,0.5779841542243958,-0.03884483501315117,0.6410501599311829,0.5368294715881348,-0.043426163494586945,0.6601964235305786,0.7365527153015137,-0.02415703795850277,0.6464236974716187,0.7185375094413757,-0.045764774084091187,0.6251730918884277,0.7499157190322876,-0.05257340893149376,0.6142563223838806,0.7774484753608704,-0.049959342926740646,0.675849437713623,0.769941508769989,-0.03532029688358307,0.6564623117446899,0.7597241997718811,-0.0491754375398159,0.633754551410675,0.7802019119262695,-0.048454828560352325,0.6204187273979187,0.799247145652771,-0.04393245652318001
0.630244791507721,0.8974279165267944,3.8374136579477636e-07,0.5967265963554382,0.8539493680000305,-0.008413597010076046,0.5853291153907776,0.7926607728004456,-0.014382122084498405,0.6073948740959167,0.7545464038848877,-0.023716235533356667,0.6331034302711487,0.7352221012115479,-0.03262820094823837,0.6037185192108154,0.7089118361473083,-0.006359730381518602,0.5963484048843384,0.6355202198028564,-0.02046053484082222,0.5930910706520081,0.5892683267593384,-0.028480539098381996,0.5923154950141907,0.5513898134231567,-0.03276955708861351,0.6341986656188965,0.7137911319732666,-0.015072578564286232,0.6382609605789185,0.6326624155044556,-0.03012111969292164,0.638752818107605,0.5779815316200256,-0.04069942235946655,0.6411987543106079,0.5363674163818359,-0.04541753977537155,0.659546434879303,0.7383968830108643,-0.025492273271083832,0.64650958776474,0.7182331681251526,-0.04764343425631523,0.6244168281555176,0.7502220273017883,-0.05437083914875984,0.6129469871520996,0.7782024145126343,-0.051736894994974136,0.6755508780479431,0.7721588015556335,-0.0365656241774559,0.6569417119026184,0.7600113749504089,-0.05113609880208969,0.6335276365280151,0.7809270620346069,-0.05049538612365723,0.6197293400764465,0.8005160689353943,-0.046034689992666245
0.6312898993492126,0.8977125287055969,3.806260906458192e-07,0.5972843170166016,0.8531771302223206,-0.008575646206736565,0.5851826667785645,0.7923170328140259,-0.014619098976254463,0.6067221164703369,0.7535665035247803,-0.024036314338445663,0.6323506236076355,0.7345955967903137,-0.03287767618894577,0.6036167144775391,0.7096971869468689,-0.006493658758699894,0.5959939956665039,0.6351879239082336,-0.020844757556915283,0.5930358171463013,0.5886503458023071,-0.028910355642437935,0.5924854874610901,0.5506014823913574,-0.03307880088686943,0.6337893009185791,0.7143365144729614,-0.015127808786928654,0.6370197534561157,0.6332737803459167,-0.030391527339816093,0.6377134323120117,0.5789090991020203,-0.04081583395600319,0.6400626301765442,0.5379493832588196,-0.04524398222565651,0.6591233611106873,0.7385029196739197,-0.02553482912480831,0.6466500759124756,0.7199192047119141,-0.04788392037153244,0.625606894493103,0.7519499659538269,-0.05463225021958351,0.6142957210540771,0.7803487777709961,-0.05181306228041649,0.6753239035606384,0.7719075679779053,-0.036633752286434174,0.657845675945282,0.7602112293243408,-0.050915125757455826,0.6341041326522827,0.7803092002868652,-0.050148628652095795,0.6190025806427002,0.799645721912384,-0.045583248138427734
0.6311562061309814,0.9001603722572327,3.7784781170557835e-07,0.5973764061927795,0.855927586555481,-0.008871619589626789,0.5850698947906494,0.7951221466064453,-0.015444989316165447,0.6050658822059631,0.7551241517066956,-0.025453772395849228,0.6295842528343201,0.7341254353523254,-0.03495991602540016,0.6026037931442261,0.7108675837516785,-0.007301862817257643,0.5953689217567444,0.6366736888885498,-0.02242649532854557,0.591802179813385,0.5895272493362427,-0.031168436631560326,0.5903670787811279,0.5505204796791077,-0.035828880965709686,0.6334968209266663,0.7152518630027771,-0.01619582064449787,0.6364556550979614,0.6350100040435791,-0.03244496509432793,0.6359628438949585,0.5808767080307007,-0.04354628548026085,0.636613130569458,0.5391944646835327,-0.048309385776519775,0.6596781015396118,0.7392681837081909,-0.026793181896209717,0.6448758244514465,0.7218326330184937,-0.05010821297764778,0.6227085590362549,0.754910409450531,-0.056776050478219986,0.6106460094451904,0.7837836742401123,-0.05367084965109825,0.6759313941001892,0.7729958295822144,-0.03810618445277214,0.6560153961181641,0.7627406716346741,-0.05323166772723198,0.6318464875221252,0.7840824723243713,-0.05241847783327103,0.617097020149231,0.8046751022338867,-0.04753438010811806
0.6315382719039917,0.8999510407447815,3.537651309670764e-07,0.5973702669143677,0.8557453155517578,-0.008976939134299755,0.5844075083732605,0.797696590423584,-0.016046758741140366,0.6024610996246338,0.760415256023407,-0.026413554325699806,0.6254390478134155,0.7417118549346924,-0.03621038794517517,0.5998824834823608,0.7168900966644287,-0.009947380982339382,0.5895584225654602,0.6422038078308105,-0.026734650135040283,0.5839118957519531,0.5957516431808472,-0.03554341569542885,0.5806349515914917,0.5569874048233032,-0.03951277583837509,0.6316017508506775,0.718049943447113,-0.018917065113782883,0.629837691783905,0.6364541053771973,-0.035883091390132904,0.6279020309448242,0.5836114883422852,-0.04598758742213249,0.6276400685310364,0.5427125692367554,-0.04931371659040451,0.6590862274169922,0.7401983737945557,-0.02948937937617302,0.6389876008033752,0.7318907976150513,-0.05304804444313049,0.6188524961471558,0.7668039798736572,-0.05882053077220917,0.60877525806427,0.7955232262611389,-0.054487597197294235,0.6760918498039246,0.7729319930076599,-0.04083467647433281,0.6518484950065613,0.771808385848999,-0.05482526496052742,0.6292718648910522,0.7953253984451294,-0.05269201099872589,0.6163963675498962,0.8165489435195923,-0.046574003994464874
0.6325820088386536,0.9002320766448975,3.0978807785686513e-07,0.5990157723426819,0.859474778175354,-0.01073572225868702,0.5800734162330627,0.8061528205871582,-0.018781887367367744,0.5927996635437012,0.7706088423728943,-0.029751284047961235,0.6155300736427307,0.7523733377456665,-0.03992162644863129,0.5936949849128723,0.7231525778770447,-0.01109302882105112,0.5807614922523499,0.6519211530685425,-0.028655603528022766,0.5723726749420166,0.6086424589157104,-0.037953153252601624,0.5665321350097656,0.5722658634185791,-0.042222317308187485,0.6261677145957947,0.7210698127746582,-0.018767433241009712,0.6220957636833191,0.6457153558731079,-0.03639896959066391,0.6174682974815369,0.5959359407424927,-0.0461813285946846,0.6142615079879761,0.5555611848831177,-0.04926641657948494,0.6549229025840759,0.7390738725662231,-0.028290584683418274,0.6289403438568115,0.7380886673927307,-0.05212533101439476,0.6119517087936401,0.7766666412353516,-0.05700334534049034,0.6044586896896362,0.8072245121002197,-0.052148208022117615,0.6737259030342102,0.768547534942627,-0.03891816735267639,0.6441592574119568,0.7792437672615051,-0.05320427566766739,0.6238381266593933,0.8075451254844666,-0.05112653225660324,0.6139311194419861,0.8315019011497498,-0.04498213529586792
0.6452329158782959,0.9126698970794678,-1.153193878167258e-07,0.598997950553894,0.8761783242225647,-0.009448831900954247,0.569843590259552,0.8339928388595581,-0.019496934488415718,0.5699142813682556,0.8033905625343323,-0.03228398412466049,0.5738939642906189,0.7806980609893799,-0.043595604598522186,0.5833614468574524,0.7429680228233337,-0.010359271429479122,0.57234126329422,0.6934199333190918,-0.033076293766498566,0.5592292547225952,0.6746346354484558,-0.0489918552339077,0.5455774068832397,0.6646634936332703,-0.057441968470811844,0.6125320792198181,0.7385748028755188,-0.01917988806962967,0.586110532283783,0.700691282749176,-0.044207293540239334,0.5634192228317261,0.6934838891029358,-0.0581790916621685,0.5420812964439392,0.6924046277999878,-0.06280378252267838,0.641000509262085,0.7515307664871216,-0.02982245199382305,0.6092742085456848,0.7831953167915344,-0.053054988384246826,0.5962084531784058,0.8248315453529358,-0.05547528341412544,0.586446225643158,0.8532586097717285,-0.050845738500356674,0.6632627248764038,0.7793708443641663,-0.042266130447387695,0.6348313689231873,0.8177099823951721,-0.054928094148635864,0.619121789932251,0.8496978282928467,-0.05207929387688637,0.6089292764663696,0.8718260526657104,-0.04592454433441162
0.6629771590232849,0.9253222942352295,-1.5066937919527845e-07,0.6123353242874146,0.8944000005722046,-0.004401417449116707,0.5745855569839478,0.8631051182746887,-0.013175033032894135,0.5530703663825989,0.8422479629516602,-0.025523949414491653,0.5393785834312439,0.833800733089447,-0.03696570545434952,0.5799420475959778,0.7746564149856567,-0.007179539650678635,0.554063618183136,0.7395502328872681,-0.031012145802378654,0.5328209400177002,0.7386243939399719,-0.04741997271776199,0.5152387022972107,0.7467760443687439,-0.05479561537504196,0.6045240163803101,0.7700023651123047,-0.017569193616509438,0.568642258644104,0.7439736723899841,-0.039645999670028687,0.5476276874542236,0.7489773035049438,-0.05134914442896843,0.5321509838104248,0.7619081735610962,-0.054367419332265854,0.6299335360527039,0.7840203046798706,-0.029641317203640938,0.59697425365448,0.836088240146637,-0.0488094836473465,0.5884596705436707,0.8779792785644531,-0.050195131450891495,0.5846325159072876,0.9072282314300537,-0.04506950452923775,0.6502488851547241,0.8148653507232666,-0.043119750916957855,0.6245113015174866,0.8612067103385925,-0.050919946283102036,0.6160537600517273,0.8905848264694214,-0.045921724289655685,0.6121776700019836,0.9109757542610168,-0.03875413537025452
0.5815743207931519,0.8904040455818176,-1.4865962327803572e-07,0.5440104007720947,0.8818687200546265,-0.00621230760589242,0.5186875462532043,0.8462838530540466,-0.011630838736891747,0.5106108784675598,0.8110524415969849,-0.018245069310069084,0.511163592338562,0.7876695394515991,-0.024783141911029816,0.5255759358406067,0.7590764760971069,-0.007046747952699661,0.5033895969390869,0.7183017730712891,-0.026202192530035973,0.47549206018447876,0.7221208810806274,-0.041371461004018784,0.4571690559387207,0.7390884757041931,-0.0497618243098259,0.5454883575439453,0.7510403394699097,-0.015057822689414024,0.5304102301597595,0.7008163332939148,-0.03008236736059189,0.49995261430740356,0.7026849389076233,-0.04101969301700592,0.48063141107559204,0.7209734320640564,-0.04701349511742592,0.5672268867492676,0.7592356204986572,-0.025128349661827087,0.559679388999939,0.7144340872764587,-0.04214740917086601,0.5382585525512695,0.7215816378593445,-0.051582690328359604,0.5278370380401611,0.7430161833763123,-0.056251898407936096,0.5872661471366882,0.7841450572013855,-0.03550964593887329,0.5711631178855896,0.7737231850624084,-0.05098927393555641,0.5504863262176514,0.7907214760780334,-0.055645156651735306,0.5378838181495667,0.8151105046272278,-0.056999314576387405
0.6050324440002441,0.8791486024856567,3.0475897005999286e-07,0.5772809982299805,0.8553723096847534,-0.010818330571055412,0.560677707195282,0.8079509139060974,-0.015681274235248566,0.5758624076843262,0.7667043805122375,-0.020210199058055878,0.5989090800285339,0.7439868450164795,-0.02550463005900383,0.563112199306488,0.7241811156272888,-0.012401266023516655,0.5464977622032166,0.6644261479377747,-0.022060636430978775,0.5379772782325745,0.6228317022323608,-0.029639076441526413,0.5294932126998901,0.5873488187789917,-0.036192819476127625,0.5895053744316101,0.7180106043815613,-0.02010655403137207,0.5832686424255371,0.6438732147216797,-0.030310088768601418,0.5770480632781982,0.5939390063285828,-0.041082777082920074,0.5715183615684509,0.5523716807365417,-0.04847857728600502,0.615683376789093,0.7328189015388489,-0.029215319082140923,0.6209219098091125,0.6736387610435486,-0.04833362624049187,0.6211137771606445,0.6356401443481445,-0.06346271932125092,0.623262882232666,0.605584979057312,-0.07173141837120056,0.6378908753395081,0.7630791068077087,-0.03833587467670441,0.6207926869392395,0.7290979027748108,-0.058058615773916245,0.6032456755638123,0.7454632520675659,-0.06285891681909561,0.5911490321159363,0.7683438658714294,-0.06438954174518585
0.6153540015220642,0.8826273679733276,1.76037502797044e-07,0.5841302275657654,0.8478289246559143,-0.008342460729181767,0.5712728500366211,0.7934890985488892,-0.010921076871454716,0.5822228789329529,0.7504980564117432,-0.013358324766159058,0.5959197282791138,0.7212992906570435,-0.015852883458137512,0.576972246170044,0.7141937613487244,-0.006747531704604626,0.5593947172164917,0.6472910046577454,-0.013200744986534119,0.5507036447525024,0.6067923307418823,-0.017530744895339012,0.5427563786506653,0.571147620677948,-0.022134635597467422,0.6039541959762573,0.7123627662658691,-0.015407418832182884,0.5971407294273376,0.6346006393432617,-0.024277590215206146,0.5924838185310364,0.5859172940254211,-0.032923318445682526,0.587582528591156,0.5493071675300598,-0.039266426116228104,0.6284985542297363,0.7303279042243958,-0.02580081671476364,0.637982964515686,0.6686366200447083,-0.0434957891702652,0.6402949094772339,0.6269534230232239,-0.05788429453969002,0.6427366137504578,0.5939180850982666,-0.06705343723297119,0.6480262279510498,0.7628962993621826,-0.03600244224071503,0.6318702697753906,0.7253909111022949,-0.05482970178127289,0.609903872013092,0.7427366375923157,-0.05912311002612114,0.5937234163284302,0.7667483687400818,-0.06123415008187294
0.6145910024642944,0.8853499889373779,1.9464685863113118e-07,0.5852072238922119,0.846709668636322,-0.00844042468816042,0.5764469504356384,0.7958366274833679,-0.011587901040911674,0.5938549637794495,0.7626975178718567,-0.014668980613350868,0.6094365119934082,0.7385683655738831,-0.01791723072528839,0.5828971862792969,0.7122792601585388,-0.005724815651774406,0.5689311623573303,0.6458886861801147,-0.01200929470360279,0.5617889165878296,0.605705738067627,-0.016045276075601578,0.5561518669128418,0.5688033103942871,-0.020779892802238464,0.6101738214492798,0.7087390422821045,-0.01458712574094534,0.6062102317810059,0.6320213675498962,-0.02384146861732006,0.6039159297943115,0.5826183557510376,-0.03211390972137451,0.6016606688499451,0.5433336496353149,-0.038160085678100586,0.6340765953063965,0.7264825701713562,-0.0254997406154871,0.6467798948287964,0.6660735607147217,-0.04440108314156532,0.654930591583252,0.624942421913147,-0.059125903993844986,0.663231372833252,0.5900566577911377,-0.06833849102258682,0.6533806920051575,0.7600828409194946,-0.036237042397260666,0.637201726436615,0.7274407744407654,-0.05602125823497772,0.6153810620307922,0.7488778233528137,-0.060808129608631134,0.600142240524292,0.7742562890052795,-0.06336496770381927
0.6161826848983765,0.8826135396957397,2.1665933047643193e-07,0.587344765663147,0.8438184261322021,-0.011143489740788937,0.5790692567825317,0.7944664359092712,-0.01597893051803112,0.6011650562286377,0.766024112701416,-0.020277874544262886,0.6235933303833008,0.7471978664398193,-0.024821311235427856,0.5873008966445923,0.7090787291526794,-0.007939211092889309,0.5752997994422913,0.6402272582054138,-0.01499170158058405,0.5698164105415344,0.5991590023040771,-0.019595716148614883,0.5661009550094604,0.5620168447494507,-0.024730555713176727,0.614737868309021,0.7065137624740601,-0.015904376283288002,0.6136996746063232,0.6295960545539856,-0.025257578119635582,0.6124946475028992,0.5808659791946411,-0.033747345209121704,0.6118707656860352,0.5423575639724731,-0.039952706545591354,0.6379770040512085,0.7249817848205566,-0.026201464235782623,0.653570830821991,0.6656250357627869,-0.04545000195503235,0.6637977361679077,0.6238842606544495,-0.06071854755282402,0.6754664778709412,0.5876941680908203,-0.07048502564430237,0.6560023427009583,0.7592025995254517,-0.03655589371919632,0.6403247714042664,0.728841245174408,-0.05727838724851608,0.6201660633087158,0.7514970898628235,-0.06229450926184654,0.6078192591667175,0.7774402499198914,-0.06490740925073624
0.6169427633285522,0.8879530429840088,2.1116559878464614e-07,0.5889506340026855,0.8483330011367798,-0.010192175395786762,0.5822992324829102,0.7990678548812866,-0.014381404034793377,0.6032556295394897,0.7691512107849121,-0.018120581284165382,0.6214768886566162,0.7464669346809387,-0.021731456741690636,0.5904248952865601,0.7098444700241089,-0.006621073465794325,0.5788639187812805,0.6408087611198425,-0.013427982106804848,0.5744993090629578,0.5985711812973022,-0.01806359365582466,0.5719181895256042,0.5608620643615723,-0.023168951272964478,0.6186916828155518,0.7070127129554749,-0.0147781353443861,0.6193082928657532,0.6304585933685303,-0.024283716455101967,0.6198166012763977,0.5812457203865051,-0.03282866254448891,0.6201504468917847,0.5425528287887573,-0.03902560845017433,0.6419733762741089,0.7260100841522217,-0.02520342357456684,0.6597369313240051,0.6687108278274536,-0.04370284453034401,0.6714258790016174,0.6266772747039795,-0.058729369193315506,0.6830201148986816,0.5912912487983704,-0.06850391626358032,0.6597177386283875,0.7613243460655212,-0.035684991627931595,0.6469763517379761,0.7325825095176697,-0.055109888315200806,0.6250045299530029,0.752768337726593,-0.060135554522275925,0.6092294454574585,0.7767626643180847,-0.06297928094863892
0.6197801828384399,0.8852401971817017,1.981332076184117e-07,0.5921870470046997,0.8465219140052795,-0.011818300932645798,0.5862897634506226,0.7947239875793457,-0.015203030779957771,0.6080365180969238,0.7673693895339966,-0.017764486372470856,0.6277768611907959,0.7469913959503174,-0.020222660154104233,0.592523992061615,0.7081503868103027,-0.005590106826275587,0.5827845335006714,0.6394985914230347,-0.01211854349821806,0.5785582661628723,0.597586989402771,-0.016708405688405037,0.5761750340461731,0.5597473978996277,-0.021888231858611107,0.6205515265464783,0.7041881680488586,-0.012474865652620792,0.6206874847412109,0.6287034153938293,-0.020004982128739357,0.6218000054359436,0.581163227558136,-0.027865301817655563,0.623328685760498,0.5424289703369141,-0.0339232012629509,0.6437937021255493,0.7219198942184448,-0.02202172949910164,0.6614553928375244,0.6650904417037964,-0.03950322046875954,0.6747021079063416,0.6243568062782288,-0.055142417550086975,0.6883435845375061,0.587924063205719,-0.06586083769798279,0.66190105676651,0.7564247846603394,-0.03187933564186096,0.6476165652275085,0.734490692615509,-0.05212869867682457,0.6266387104988098,0.757544755935669,-0.05856648087501526,0.6124972105026245,0.7817553877830505,-0.0625164806842804
0.620495617389679,0.8901486396789551,2.16230503724546e-07,0.5929737091064453,0.8466951847076416,-0.00929627101868391,0.5908754467964172,0.7933515310287476,-0.012562064453959465,0.616512656211853,0.7674359083175659,-0.01558611262589693,0.6354634165763855,0.7489717602729797,-0.018661977723240852,0.600857675075531,0.7080448269844055,-0.004539974965155125,0.590321958065033,0.6404815316200256,-0.010654700919985771,0.5855744481086731,0.5984243750572205,-0.01532051619142294,0.5826849937438965,0.560160756111145,-0.020744463428854942,0.6288358569145203,0.7066004872322083,-0.013340124860405922,0.6314947009086609,0.6298302412033081,-0.0219611544162035,0.633078396320343,0.5799851417541504,-0.030883867293596268,0.6347054839134216,0.5410878658294678,-0.037536051124334335,0.6512671709060669,0.7269847989082336,-0.02440462075173855,0.6716665625572205,0.6689173579216003,-0.042932119220495224,0.6856939792633057,0.6269391775131226,-0.05878090113401413,0.6993444561958313,0.5914459824562073,-0.0690670758485794,0.6675710082054138,0.7640652656555176,-0.03543056920170784,0.6572186946868896,0.7316538095474243,-0.05514299497008324,0.6339547038078308,0.7522647976875305,-0.06018691882491112,0.6164608597755432,0.7769541144371033,-0.06307417899370193
0.6211031675338745,0.887580394744873,2.1288209950398596e-07,0.5960612893104553,0.8463172316551208,-0.012534908950328827,0.5935111045837402,0.7944052219390869,-0.01608193665742874,0.618462085723877,0.7723760604858398,-0.01844598352909088,0.6394026875495911,0.7546948790550232,-0.02060532569885254,0.5987632870674133,0.7080803513526917,-0.006198277231305838,0.588729977607727,0.6390260457992554,-0.012232803739607334,0.5843772888183594,0.5961048007011414,-0.01625603437423706,0.5826239585876465,0.5579174757003784,-0.020961254835128784,0.6278792023658752,0.7048534750938416,-0.012740528210997581,0.6303514242172241,0.6284936666488647,-0.02001553401350975,0.6328651905059814,0.5797939300537109,-0.027715345844626427,0.6360459923744202,0.5416024923324585,-0.03342173621058464,0.6517334580421448,0.723406970500946,-0.021941406652331352,0.6724401116371155,0.6692573428153992,-0.039326850324869156,0.6878783106803894,0.6274837255477905,-0.05588701367378235,0.7040839195251465,0.5912797451019287,-0.06719288975000381,0.6691296696662903,0.758586049079895,-0.03147396817803383,0.6538102030754089,0.7413282990455627,-0.05169384926557541,0.6326823234558105,0.7673489451408386,-0.05819561704993248,0.6198094487190247,0.7946624159812927,-0.0621010959148407
0.6262964010238647,0.891116738319397,2.3213897293317132e-07,0.5986636281013489,0.8525218963623047,-0.013807074166834354,0.5938841104507446,0.803065836429596,-0.018624411895871162,0.6182727813720703,0.7776646614074707,-0.02213321439921856,0.6395166516304016,0.7565906047821045,-0.025213807821273804,0.6014001369476318,0.7104009389877319,-0.007346792612224817,0.5916546583175659,0.6411805748939514,-0.014053375460207462,0.5877631902694702,0.5979689359664917,-0.019011780619621277,0.5855401754379272,0.5594973564147949,-0.024387840181589127,0.6302579641342163,0.7066810131072998,-0.013538342900574207,0.6330546140670776,0.6291664838790894,-0.021923182532191277,0.6358275413513184,0.5804820656776428,-0.030369043350219727,0.6380507946014404,0.5425400733947754,-0.03649185225367546,0.6534422039985657,0.7256752252578735,-0.022389814257621765,0.6761049032211304,0.6712980270385742,-0.04042446240782738,0.6924669742584229,0.6307693123817444,-0.055962879210710526,0.7077348232269287,0.5962459444999695,-0.06616541743278503,0.670080304145813,0.7611338496208191,-0.03166758641600609,0.66059410572052,0.7366295456886292,-0.05148617923259735,0.6408955454826355,0.7593315839767456,-0.05671994760632515,0.6271546483039856,0.7842125296592712,-0.05954041704535484
0.6262797713279724,0.8931574821472168,2.433877170915366e-07,0.5977672338485718,0.8540940880775452,-0.014652400277554989,0.5929592847824097,0.8036033511161804,-0.02034275233745575,0.619246244430542,0.777107834815979,-0.024592529982328415,0.6430062651634216,0.7564915418624878,-0.028640475124120712,0.6014837622642517,0.7100033164024353,-0.009989813901484013,0.5914167761802673,0.6407796740531921,-0.017014535143971443,0.5871501564979553,0.5972469449043274,-0.021960124373435974,0.5855149030685425,0.5586402416229248,-0.02751591056585312,0.6314262747764587,0.7063568234443665,-0.01615367829799652,0.6333137154579163,0.6297295093536377,-0.02466394752264023,0.6359760761260986,0.5802749395370483,-0.03338198363780975,0.6391727328300476,0.5423547625541687,-0.040088068693876266,0.6554222702980042,0.7261459231376648,-0.024982990697026253,0.6771857142448425,0.6718368530273438,-0.043572187423706055,0.6927208304405212,0.6307073831558228,-0.06028226390480995,0.7081249952316284,0.5966386198997498,-0.07162310928106308,0.6722023487091064,0.7624175548553467,-0.034257810562849045,0.6593440175056458,0.740058958530426,-0.05547359585762024,0.6384432911872864,0.7629650235176086,-0.06260044872760773,0.6245977878570557,0.7881467938423157,-0.0669235959649086
0.6237736940383911,0.8952150940895081,2.2316554293411173e-07,0.5964251756668091,0.8538463711738586,-0.012399939820170403,0.5938982367515564,0.8009845614433289,-0.016469107940793037,0.6199924349784851,0.7745412588119507,-0.01939203031361103,0.6414328813552856,0.7527011036872864,-0.022000005468726158,0.6021961569786072,0.7105165123939514,-0.006957964040338993,0.5922110080718994,0.6410784721374512,-0.012961847707629204,0.5876079797744751,0.5973759889602661,-0.01686914823949337,0.586010754108429,0.5586966276168823,-0.021625002846121788,0.6316972374916077,0.7075680494308472,-0.013850724324584007,0.6332278251647949,0.6301464438438416,-0.02260696329176426,0.6353740692138672,0.5801892280578613,-0.03072592429816723,0.638319194316864,0.5416412353515625,-0.036541689187288284,0.6554397940635681,0.727103054523468,-0.023289786651730537,0.6774537563323975,0.6714569330215454,-0.04218277707695961,0.6926910281181335,0.6298444271087646,-0.0581735298037529,0.7083058953285217,0.5946277379989624,-0.06857389211654663,0.6717322468757629,0.7639486789703369,-0.03296107426285744,0.6578922867774963,0.7401857972145081,-0.05368007346987724,0.63572758436203,0.7655013799667358,-0.05965690687298775,0.6219015717506409,0.7930967807769775,-0.06298299878835678
0.6234372854232788,0.8926209211349487,2.2018707568349782e-07,0.5972485542297363,0.8507684469223022,-0.013447408564388752,0.5949903726577759,0.7982851266860962,-0.018117176368832588,0.621741771697998,0.7742258310317993,-0.0214347206056118,0.645654022693634,0.7552112340927124,-0.024518772959709167,0.6027480363845825,0.710730254650116,-0.008500848896801472,0.5924022793769836,0.6408994197845459,-0.015007820911705494,0.5878036618232727,0.5972418785095215,-0.019278161227703094,0.5863706469535828,0.5583109855651855,-0.02428259700536728,0.6318256855010986,0.7077648043632507,-0.014962268993258476,0.6331009268760681,0.6294300556182861,-0.023646630346775055,0.6351580619812012,0.5789984464645386,-0.03192073851823807,0.6382147073745728,0.5397930145263672,-0.03800639882683754,0.655455470085144,0.7274844646453857,-0.023994537070393562,0.6771607995033264,0.6711109280586243,-0.04266906902194023,0.6921927332878113,0.6294248700141907,-0.059030886739492416,0.7079189419746399,0.5936343669891357,-0.06995216012001038,0.6720376014709473,0.7641988396644592,-0.03333093598484993,0.6579654216766357,0.7405317425727844,-0.0540161207318306,0.6358520984649658,0.7648022174835205,-0.060147132724523544,0.6220400929450989,0.7914527654647827,-0.06377474963665009
0.625026524066925,0.8921993970870972,2.181431000281009e-07,0.5987133383750916,0.8506006598472595,-0.013946015387773514,0.5958993434906006,0.7993189096450806,-0.018938757479190826,0.6224265098571777,0.7751545310020447,-0.022620083764195442,0.645328164100647,0.7552679777145386,-0.026065854355692863,0.6029413938522339,0.7098912000656128,-0.00764093454927206,0.5929071307182312,0.6403747200965881,-0.014517754316329956,0.5886554718017578,0.5972235798835754,-0.01960066892206669,0.587231457233429,0.5585198402404785,-0.02512187510728836,0.6319780349731445,0.7065007090568542,-0.013802952133119106,0.6327748894691467,0.6293299198150635,-0.021890027448534966,0.6347753405570984,0.5796733498573303,-0.030253177508711815,0.6378670334815979,0.5407730340957642,-0.03652677312493324,0.6557984352111816,0.7257108092308044,-0.02271096780896187,0.6763103008270264,0.6705968379974365,-0.040696192532777786,0.6917758584022522,0.6283758878707886,-0.05700928345322609,0.7084713578224182,0.5925069451332092,-0.06810683012008667,0.6729130744934082,0.7616971135139465,-0.03209554776549339,0.6590100526809692,0.7404239773750305,-0.05267034098505974,0.6379402279853821,0.7651885747909546,-0.058787181973457336,0.6253741979598999,0.7923789620399475,-0.06235789507627487
0.6253429055213928,0.8915659189224243,2.151347331391662e-07,0.5986486077308655,0.8516269326210022,-0.014546742662787437,0.594123363494873,0.8010532855987549,-0.020363060757517815,0.6198866963386536,0.7739741206169128,-0.024721261113882065,0.6442686915397644,0.7513098120689392,-0.02879442274570465,0.6031114459037781,0.7091128826141357,-0.009441846050322056,0.5933524966239929,0.6403874754905701,-0.01651289314031601,0.58907550573349,0.5975117087364197,-0.02164398320019245,0.587752640247345,0.5588061809539795,-0.027348443865776062,0.6324869990348816,0.7051823735237122,-0.015499155968427658,0.6330184936523438,0.6285011768341064,-0.023153264075517654,0.6352235674858093,0.578872561454773,-0.03136283531785011,0.6385116577148438,0.5399796962738037,-0.037982989102602005,0.6564165353775024,0.7247699499130249,-0.024297475814819336,0.6775651574134827,0.6708594560623169,-0.042162612080574036,0.6930930614471436,0.6286906003952026,-0.0588570274412632,0.7091752290725708,0.5931668281555176,-0.07063157856464386,0.673527717590332,0.7609169483184814,-0.03358375281095505,0.6597321629524231,0.7415469884872437,-0.05493550002574921,0.6378525495529175,0.7650383114814758,-0.062355175614356995,0.62352055311203,0.7905323505401611,-0.06704296916723251
0.6270672678947449,0.8927735090255737,2.178587408252497e-07,0.6000599265098572,0.8519943356513977,-0.01440737396478653,0.5947795510292053,0.8031288385391235,-0.02060862071812153,0.6189867854118347,0.7759189009666443,-0.02559569664299488,0.6422515511512756,0.753189742565155,-0.03013795241713524,0.604024350643158,0.7089240550994873,-0.008527175523340702,0.5942263007164001,0.6396401524543762,-0.01589229702949524,0.590591549873352,0.5967583656311035,-0.021565651521086693,0.5894253253936768,0.5582402944564819,-0.027612274512648582,0.6332011818885803,0.7053214311599731,-0.014861692674458027,0.6337876915931702,0.6286779046058655,-0.022907450795173645,0.6361371874809265,0.5788941979408264,-0.0314875990152359,0.6388524174690247,0.5402933955192566,-0.0383455790579319,0.6570811867713928,0.7251929044723511,-0.024028971791267395,0.6791352033615112,0.6704556345939636,-0.041999198496341705,0.6946726441383362,0.6279303431510925,-0.058422163128852844,0.7097370028495789,0.5925478935241699,-0.06995769590139389,0.6746291518211365,0.7618283033370972,-0.033708807080984116,0.6643363833427429,0.7384352087974548,-0.05466261878609657,0.6419898271560669,0.7600001692771912,-0.061444297432899475,0.6256742477416992,0.7845970392227173,-0.06570824980735779
0.6301779747009277,0.8937557935714722,2.2264561039264663e-07,0.6020017862319946,0.8541625738143921,-0.01619395613670349,0.5956018567085266,0.8053101301193237,-0.0234863068908453,0.6207996010780334,0.7776527404785156,-0.02919398806989193,0.6454433798789978,0.7547942996025085,-0.03444131463766098,0.6076679229736328,0.7108128070831299,-0.011656914837658405,0.597665548324585,0.6407878398895264,-0.020602278411388397,0.5944894552230835,0.5971361398696899,-0.027368325740098953,0.5934972763061523,0.5573778748512268,-0.03409985825419426,0.6369187235832214,0.7076323628425598,-0.017492610961198807,0.6378154158592224,0.6300867199897766,-0.026929572224617004,0.6405360102653503,0.580765426158905,-0.035809386521577835,0.6429504156112671,0.5415539741516113,-0.042730484157800674,0.6603903770446777,0.7276052832603455,-0.02624650113284588,0.6819443106651306,0.6712958216667175,-0.04536239430308342,0.6971757411956787,0.6296687126159668,-0.061050787568092346,0.7114121913909912,0.5939394235610962,-0.07171116024255753,0.6774969696998596,0.7646352052688599,-0.035675257444381714,0.6678060293197632,0.7372249364852905,-0.05703803896903992,0.6465336680412292,0.7595248222351074,-0.0629267767071724,0.6305801868438721,0.7848255038261414,-0.06635625660419464
0.6290984153747559,0.8923793435096741,2.110530203935923e-07,0.6020069718360901,0.8519651889801025,-0.01480146124958992,0.597369909286499,0.8014160990715027,-0.020581360906362534,0.6227586269378662,0.7760637402534485,-0.024852603673934937,0.6472656726837158,0.7555279731750488,-0.028696132823824883,0.6084573864936829,0.7088810801506042,-0.009652740322053432,0.5991514921188354,0.638947606086731,-0.01767507754266262,0.5952136516571045,0.5956829786300659,-0.023651622235774994,0.5932251811027527,0.556374192237854,-0.02984091080725193,0.6373184323310852,0.7057512998580933,-0.015828285366296768,0.6384721398353577,0.6283876895904541,-0.02447197586297989,0.6408441662788391,0.5791071057319641,-0.032747745513916016,0.643014669418335,0.5396220684051514,-0.03915787488222122,0.6608100533485413,0.7254446148872375,-0.024898916482925415,0.6827762126922607,0.6690545082092285,-0.04364554584026337,0.6986505389213562,0.6276171803474426,-0.05942816659808159,0.7134192585945129,0.5914039611816406,-0.07012368738651276,0.6781364679336548,0.7630293369293213,-0.03452641889452934,0.6683114767074585,0.7370799779891968,-0.05573948845267296,0.6463097333908081,0.7607259750366211,-0.06163490191102028,0.6296285390853882,0.7869517803192139,-0.06506505608558655
0.629560649394989,0.8900617957115173,1.921013250694159e-07,0.603287398815155,0.8494172692298889,-0.014389892108738422,0.5994563102722168,0.7982841730117798,-0.020219050347805023,0.6255965232849121,0.7720986008644104,-0.024596475064754486,0.6505740284919739,0.7502127885818481,-0.02868727222084999,0.6102631688117981,0.708761990070343,-0.01048336923122406,0.6009235978126526,0.6386687159538269,-0.018139448016881943,0.5966010689735413,0.5954139232635498,-0.023576006293296814,0.5946746468544006,0.5557823777198792,-0.02948075532913208,0.6392022967338562,0.7053486108779907,-0.016629302874207497,0.6398302316665649,0.6279626488685608,-0.024973077699542046,0.6416323781013489,0.5782265663146973,-0.033067766577005386,0.6436352133750916,0.5388157367706299,-0.03954799845814705,0.6628075838088989,0.7246922850608826,-0.025451580062508583,0.6848632097244263,0.6685494780540466,-0.043698087334632874,0.6998019814491272,0.6264885663986206,-0.05965634062886238,0.7142877578735352,0.5906813144683838,-0.07078035175800323,0.6800270676612854,0.7612819075584412,-0.0347532257437706,0.6682348847389221,0.737862229347229,-0.05582534149289131,0.6455990076065063,0.7612599730491638,-0.062280911952257156,0.6295740604400635,0.7871620655059814,-0.06628907471895218
0.6314809918403625,0.8915895223617554,1.9616757640505966e-07,0.6049186587333679,0.8504347801208496,-0.01459872629493475,0.6011242866516113,0.7994096875190735,-0.020366830751299858,0.6269267797470093,0.7715911865234375,-0.02482414059340954,0.6518703103065491,0.749002993106842,-0.028869753703475,0.610334575176239,0.7090629935264587,-0.008470229804515839,0.6014979481697083,0.6375709772109985,-0.016238175332546234,0.5979747772216797,0.5940321683883667,-0.02233731932938099,0.5962373614311218,0.5549600124359131,-0.02853052131831646,0.6390947103500366,0.7062690258026123,-0.014633005484938622,0.6403657793998718,0.628494143486023,-0.022684812545776367,0.6423265933990479,0.5791445970535278,-0.03103550709784031,0.6441978216171265,0.5404215455055237,-0.037545181810855865,0.6625492572784424,0.7256807088851929,-0.02364007756114006,0.6854774355888367,0.6677495241165161,-0.04148042947053909,0.7006543278694153,0.6267588138580322,-0.0567655973136425,0.7153520584106445,0.5921666622161865,-0.06728172302246094,0.6798311471939087,0.7624646425247192,-0.03324258327484131,0.6721653342247009,0.7350861430168152,-0.053880270570516586,0.6515594720840454,0.7582740187644958,-0.05915151908993721,0.6368786692619324,0.7846603989601135,-0.06206243112683296
0.6310478448867798,0.8933031558990479,2.034571906506244e-07,0.6043983101844788,0.8520317077636719,-0.013971231877803802,0.6005127429962158,0.8004140257835388,-0.01934012770652771,0.6266469955444336,0.7727657556533813,-0.02339835837483406,0.6524408459663391,0.7512876987457275,-0.026985911652445793,0.6119897365570068,0.7081513404846191,-0.007941264659166336,0.6028638482093811,0.6365572214126587,-0.015293830074369907,0.5989490151405334,0.5928214192390442,-0.02091026119887829,0.5970814228057861,0.5537678003311157,-0.026862425729632378,0.6408112645149231,0.7058326601982117,-0.014514567330479622,0.641880214214325,0.6275596022605896,-0.02304866723716259,0.6438507437705994,0.5774804949760437,-0.031436849385499954,0.6457111835479736,0.5382310748100281,-0.0379052571952343,0.6641587615013123,0.7257887125015259,-0.023946063593029976,0.6870958805084229,0.6675952076911926,-0.04256875813007355,0.7027164101600647,0.6261703968048096,-0.05821588262915611,0.7174014449119568,0.5912339091300964,-0.06869354099035263,0.6811370849609375,0.7633461356163025,-0.03384961187839508,0.6724219918251038,0.7338449954986572,-0.05471211299300194,0.650952160358429,0.7565416097640991,-0.06020466238260269,0.6350842118263245,0.7830976247787476,-0.06326304376125336
0.6308345794677734,0.8896066546440125,1.9480437174479448e-07,0.6051787734031677,0.8489474058151245,-0.01606186293065548,0.6011582612991333,0.7982997894287109,-0.022354286164045334,0.6279351115226746,0.7729631662368774,-0.027032112702727318,0.6549289226531982,0.7526068687438965,-0.03148332238197327,0.6117852330207825,0.7066764235496521,-0.010255557484924793,0.603581964969635,0.6350749135017395,-0.018251994624733925,0.6001495122909546,0.5912598371505737,-0.024321556091308594,0.5988252758979797,0.5518689155578613,-0.030585702508687973,0.6410102844238281,0.7038313746452332,-0.0157388336956501,0.6420611143112183,0.6272686719894409,-0.023088501766324043,0.6437802314758301,0.5782199501991272,-0.03117740899324417,0.6456765532493591,0.5392997860908508,-0.03798629343509674,0.664803683757782,0.7231729030609131,-0.024257076904177666,0.6873056292533875,0.6666713953018188,-0.0418424978852272,0.7021061778068542,0.6259094476699829,-0.057764507830142975,0.7166906595230103,0.5911110043525696,-0.06919065862894058,0.6822722554206848,0.7594713568687439,-0.03352824226021767,0.670983076095581,0.734533965587616,-0.05505844205617905,0.6497367024421692,0.7589950561523438,-0.0616835355758667,0.6351938843727112,0.7859864830970764,-0.0657680407166481
0.6344399452209473,0.8902199268341064,2.2405043864637264e-07,0.6070001125335693,0.8490070104598999,-0.017227403819561005,0.6039079427719116,0.7951083779335022,-0.023272182792425156,0.6337152719497681,0.7667889595031738,-0.027475737035274506,0.6612908244132996,0.7470895051956177,-0.03140293061733246,0.6148124933242798,0.7048369646072388,-0.008708236739039421,0.6064328551292419,0.6330000162124634,-0.016668803989887238,0.6038277745246887,0.5892906785011292,-0.02358251065015793,0.6024442911148071,0.5502878427505493,-0.030318889766931534,0.6441487073898315,0.7032399773597717,-0.013573882170021534,0.646320104598999,0.6259788274765015,-0.02056255005300045,0.6488040685653687,0.5774366855621338,-0.029501041397452354,0.6506844162940979,0.5390031337738037,-0.03671180456876755,0.6669145822525024,0.7226061224937439,-0.021656228229403496,0.68880695104599,0.6652960777282715,-0.03875509649515152,0.7029106616973877,0.6241663098335266,-0.055282220244407654,0.716570258140564,0.5886085629463196,-0.06702236831188202,0.6835922002792358,0.7579695582389832,-0.030657155439257622,0.6763384342193604,0.7316573858261108,-0.05160883441567421,0.6575169563293457,0.7559300661087036,-0.05790160596370697,0.6441426873207092,0.781980574131012,-0.061614129692316055
0.6335697174072266,0.8906911611557007,2.027982475283352e-07,0.6077132821083069,0.8487787842750549,-0.013249268755316734,0.6047934889793396,0.793026864528656,-0.017375053837895393,0.632967472076416,0.7643832564353943,-0.020441483706235886,0.6599185466766357,0.7456145882606506,-0.023417726159095764,0.6153885722160339,0.7042338252067566,-0.005754480138421059,0.6068552136421204,0.632145345211029,-0.012167585082352161,0.6039958000183105,0.5883448719978333,-0.017443444579839706,0.6036456227302551,0.5499570369720459,-0.023323334753513336,0.6441487669944763,0.7026423215866089,-0.012275567278265953,0.646081268787384,0.6248388886451721,-0.019244588911533356,0.6483125686645508,0.5754441022872925,-0.027836518362164497,0.651222825050354,0.5374972820281982,-0.03479839861392975,0.6675351858139038,0.7223325371742249,-0.02165495976805687,0.6894381046295166,0.6639659404754639,-0.03914656862616539,0.7034060955047607,0.6225375533103943,-0.056167688220739365,0.717804491519928,0.5878815054893494,-0.06816575676202774,0.6848220229148865,0.7582085728645325,-0.03145677223801613,0.6736414432525635,0.731238067150116,-0.052803777158260345,0.6519242525100708,0.7535834908485413,-0.0601193942129612,0.6371985673904419,0.7785601019859314,-0.06465990096330643
0.6344224810600281,0.889507532119751,1.9842134690861712e-07,0.6083383560180664,0.8474454879760742,-0.014885478653013706,0.6049742698669434,0.7942057847976685,-0.020248064771294594,0.6328001022338867,0.7665836215019226,-0.02429012581706047,0.6596295237541199,0.746609628200531,-0.028067244216799736,0.616541862487793,0.7035326361656189,-0.0071358163841068745,0.6080706119537354,0.6317662000656128,-0.014399065636098385,0.6049139499664307,0.5884113907814026,-0.020327413454651833,0.6042537093162537,0.5499114990234375,-0.02651914954185486,0.6453078389167786,0.7018753290176392,-0.013041917234659195,0.646811306476593,0.6247544288635254,-0.02021648734807968,0.6486742496490479,0.5757874250411987,-0.02869640849530697,0.6511669754981995,0.5374990701675415,-0.03558143600821495,0.6683135032653809,0.7216843962669373,-0.021993398666381836,0.6902809739112854,0.6642378568649292,-0.03953380137681961,0.7043758034706116,0.6233716607093811,-0.056050918996334076,0.7186938524246216,0.5889251828193665,-0.06771261245012283,0.6852786540985107,0.7577379941940308,-0.03158387914299965,0.6747825741767883,0.7318388223648071,-0.05288362503051758,0.6540804505348206,0.7550991177558899,-0.05976621434092522,0.6401653289794922,0.7808760404586792,-0.06394840031862259
0.6349565982818604,0.8899064064025879,1.9046160559810232e-07,0.6080531477928162,0.8486754894256592,-0.016861015930771828,0.6044026613235474,0.7957228422164917,-0.02289222925901413,0.6330459713935852,0.7668165564537048,-0.027254769578576088,0.6607643961906433,0.7451112866401672,-0.03122376650571823,0.6164506673812866,0.7048873901367188,-0.008697373792529106,0.6088988780975342,0.6332788467407227,-0.016827331855893135,0.6060812473297119,0.590251624584198,-0.023710336536169052,0.6050158143043518,0.5513510704040527,-0.030527964234352112,0.6452454328536987,0.7034515738487244,-0.013971750624477863,0.6465785503387451,0.6261687874794006,-0.02118026465177536,0.6484525203704834,0.5775823593139648,-0.029585622251033783,0.6503720879554749,0.5391852259635925,-0.03656494989991188,0.6682374477386475,0.7238457798957825,-0.02256144769489765,0.6904803514480591,0.6649911403656006,-0.040344785898923874,0.7041392922401428,0.6240925192832947,-0.056322090327739716,0.7176417708396912,0.5885621309280396,-0.06759439408779144,0.6850335001945496,0.761182963848114,-0.03202809393405914,0.6786717772483826,0.7305871844291687,-0.05356438085436821,0.6581565141677856,0.7531639933586121,-0.059653472155332565,0.6428554654121399,0.77877277135849,-0.0632525160908699
0.6353966593742371,0.8923134207725525,1.9095821812697977e-07,0.6079778671264648,0.850587010383606,-0.015946825966238976,0.6033402681350708,0.7971737384796143,-0.021534103900194168,0.6310659050941467,0.7697350382804871,-0.025588737800717354,0.6595158576965332,0.7503799796104431,-0.029462993144989014,0.6168490052223206,0.7051229476928711,-0.008057012222707272,0.6090670824050903,0.633091151714325,-0.016043053939938545,0.6057926416397095,0.5894152522087097,-0.0228810366243124,0.6043527126312256,0.5500482320785522,-0.029711108654737473,0.6456580758094788,0.7034732103347778,-0.01360640674829483,0.6465752124786377,0.6265723705291748,-0.020756062120199203,0.647980809211731,0.5777766704559326,-0.029401792213320732,0.6498216986656189,0.5389094352722168,-0.03655889630317688,0.6687137484550476,0.7234979867935181,-0.0223425030708313,0.6908677816390991,0.6654945611953735,-0.03994803503155708,0.7047048807144165,0.6247274279594421,-0.05633240193128586,0.7184820771217346,0.5895136594772339,-0.06790832430124283,0.6855799555778503,0.7602738738059998,-0.031878408044576645,0.6777772903442383,0.731139600276947,-0.053392257541418076,0.6575448513031006,0.7546432614326477,-0.0598624087870121,0.6429197192192078,0.7808545827865601,-0.06370628625154495
0.6354184746742249,0.8904432058334351,1.96784498029956e-07,0.6082484722137451,0.8498061299324036,-0.016027554869651794,0.6034986972808838,0.7959598898887634,-0.02153307944536209,0.6323701739311218,0.7689187526702881,-0.025451144203543663,0.6607423424720764,0.7511380910873413,-0.029373422265052795,0.6161231994628906,0.7043272256851196,-0.008609886281192303,0.6082126498222351,0.6328163146972656,-0.016205497086048126,0.6047456860542297,0.5891432762145996,-0.022660870105028152,0.6032262444496155,0.5498131513595581,-0.029325170442461967,0.6452962160110474,0.7025855183601379,-0.014108981937170029,0.6463446021080017,0.6254085302352905,-0.021120082587003708,0.6472716331481934,0.5767165422439575,-0.029905913397669792,0.6488032341003418,0.5377445220947266,-0.03729511797428131,0.6686049699783325,0.7222438454627991,-0.022686650976538658,0.6904581785202026,0.6646060347557068,-0.040056563913822174,0.703370213508606,0.6236755847930908,-0.05684293434023857,0.7166115641593933,0.5882170796394348,-0.06892348825931549,0.6856331825256348,0.757955014705658,-0.032032471150159836,0.6756138205528259,0.7298212051391602,-0.053312648087739944,0.6559771299362183,0.7535576820373535,-0.06009482219815254,0.6428885459899902,0.7798363566398621,-0.06436047703027725
0.6341495513916016,0.8909923434257507,1.978613823894193e-07,0.6073037981987,0.8498221635818481,-0.01564854569733143,0.6035478711128235,0.7962874174118042,-0.02120332047343254,0.632466197013855,0.7682659029960632,-0.025204768404364586,0.6603044867515564,0.7499372959136963,-0.02907184138894081,0.615634560585022,0.7040219902992249,-0.008420686237514019,0.6077482104301453,0.6321809887886047,-0.015788596123456955,0.6042013764381409,0.5887525677680969,-0.021999849006533623,0.6025819778442383,0.5499250888824463,-0.028461100533604622,0.6448932886123657,0.7026824951171875,-0.014010799117386341,0.6462284922599792,0.6257652044296265,-0.021182963624596596,0.6470503807067871,0.5772336721420288,-0.0298027154058218,0.6483913064002991,0.5387625694274902,-0.036881886422634125,0.6683790683746338,0.7229217886924744,-0.022593840956687927,0.6898773908615112,0.6655845046043396,-0.03981458395719528,0.70257967710495,0.6246597766876221,-0.056212808936834335,0.7158336639404297,0.5894947052001953,-0.06790334731340408,0.6854084730148315,0.7593951225280762,-0.03192375972867012,0.6751066446304321,0.7320659160614014,-0.05279374495148659,0.6548948287963867,0.7550413608551025,-0.05931837111711502,0.6416770815849304,0.7806015014648438,-0.06332883983850479
0.6335222125053406,0.8897661566734314,1.919711820619341e-07,0.6075897216796875,0.8484784960746765,-0.015428170561790466,0.6037585139274597,0.7964270710945129,-0.021272139623761177,0.6316315531730652,0.7689295411109924,-0.025650089606642723,0.6588613986968994,0.7497662305831909,-0.029813667759299278,0.6153255701065063,0.7033408880233765,-0.008292503654956818,0.6070995926856995,0.6316525936126709,-0.015717964619398117,0.603666365146637,0.5883127450942993,-0.021909603849053383,0.6020610332489014,0.5497034788131714,-0.028360357508063316,0.6443889737129211,0.7020111680030823,-0.014274407178163528,0.6454106569290161,0.6249328851699829,-0.021712888032197952,0.6458847522735596,0.5765274167060852,-0.030499212443828583,0.646633505821228,0.5382795929908752,-0.0376952588558197,0.6676713228225708,0.7224261164665222,-0.023255208507180214,0.6891991496086121,0.6654211282730103,-0.040710389614105225,0.701691746711731,0.6239519715309143,-0.057238176465034485,0.7144863605499268,0.5881692171096802,-0.06908189505338669,0.6846264600753784,0.7592208385467529,-0.032930996268987656,0.6743543148040771,0.7317634224891663,-0.05393032729625702,0.6533453464508057,0.7537791132926941,-0.06053279712796211,0.6388283371925354,0.7786647081375122,-0.0646669790148735
0.6367361545562744,0.8915742039680481,1.7457881540394737e-07,0.6095929145812988,0.8500781059265137,-0.015358583070337772,0.6057496666908264,0.7970183491706848,-0.02051262930035591,0.6332080960273743,0.7674587368965149,-0.024197721853852272,0.6582491993904114,0.7453522086143494,-0.027468154206871986,0.615685760974884,0.7036407589912415,-0.006658006459474564,0.6069162487983704,0.6316395998001099,-0.014121627435088158,0.6036827564239502,0.5885744094848633,-0.020799679681658745,0.6019695401191711,0.5496214628219604,-0.02747313492000103,0.644189178943634,0.7024132609367371,-0.012582221068441868,0.6440681219100952,0.6246538758277893,-0.019491899758577347,0.6449410915374756,0.5761896967887878,-0.02798517979681492,0.6455038785934448,0.5376008152961731,-0.03496219217777252,0.6672700643539429,0.7227202653884888,-0.02171226032078266,0.6881825923919678,0.6634445190429688,-0.03872018679976463,0.6998477578163147,0.6204888820648193,-0.05475350841879845,0.7110905647277832,0.5826162099838257,-0.06616807729005814,0.6847048997879028,0.7604749202728271,-0.03160136193037033,0.6788990497589111,0.7275583744049072,-0.05190631374716759,0.6578865051269531,0.748682975769043,-0.05728733539581299,0.6412034034729004,0.7737449407577515,-0.06051403656601906
0.6382508277893066,0.894253671169281,1.754762450900671e-07,0.6098037958145142,0.8514776229858398,-0.014419492334127426,0.605323851108551,0.796531081199646,-0.018643764778971672,0.6334224939346313,0.7670445442199707,-0.021638870239257812,0.6598958969116211,0.7465927004814148,-0.024170907214283943,0.6170380115509033,0.7035825848579407,-0.005051106680184603,0.6075035929679871,0.6312730312347412,-0.012527882121503353,0.6037348508834839,0.5878784656524658,-0.01925492472946644,0.6017943620681763,0.5489091277122498,-0.025897830724716187,0.6455711722373962,0.7024518251419067,-0.01153742615133524,0.6449668407440186,0.624606192111969,-0.01885093003511429,0.6452975869178772,0.575919508934021,-0.02744726464152336,0.6459627747535706,0.5371533036231995,-0.034289419651031494,0.6685514450073242,0.7226568460464478,-0.021308807656168938,0.6892765164375305,0.6613790988922119,-0.038690485060214996,0.7001187801361084,0.6190968155860901,-0.05445443466305733,0.71058589220047,0.5817522406578064,-0.06526520848274231,0.6862586736679077,0.7612224221229553,-0.031813543289899826,0.6804773807525635,0.7252442240715027,-0.05146745964884758,0.6596611738204956,0.7449703216552734,-0.05625729262828827,0.6428852081298828,0.7697435617446899,-0.058996137231588364
0.639516294002533,0.8923088312149048,1.9787304950114049e-07,0.6106868982315063,0.8501921892166138,-0.016527874395251274,0.6053224802017212,0.7950945496559143,-0.022135909646749496,0.6345289945602417,0.7648742198944092,-0.026174625381827354,0.6625398993492126,0.7455775141716003,-0.029830195009708405,0.6170870065689087,0.7034351825714111,-0.007360786199569702,0.6076287031173706,0.6310685276985168,-0.015512355603277683,0.603412926197052,0.5873490571975708,-0.022762974724173546,0.6013093590736389,0.5480315089225769,-0.029783204197883606,0.6459119915962219,0.7014947533607483,-0.012613608501851559,0.6455410122871399,0.624100387096405,-0.020125575363636017,0.6455225348472595,0.576052188873291,-0.02894536592066288,0.6462363600730896,0.5370155572891235,-0.03603538125753403,0.6692333221435547,0.7205982208251953,-0.021187102422118187,0.6901021003723145,0.6591188907623291,-0.0385739840567112,0.7014337778091431,0.6177361607551575,-0.05422182381153107,0.7129568457603455,0.5810229182243347,-0.06514153629541397,0.6871273517608643,0.7571470141410828,-0.030711565166711807,0.6809223890304565,0.7236267924308777,-0.050773363560438156,0.662306010723114,0.7464389204978943,-0.05575694516301155,0.6491302251815796,0.7727665901184082,-0.05861901119351387
0.6399610638618469,0.8938254714012146,1.7462703283399605e-07,0.6121181845664978,0.8502824306488037,-0.013605780899524689,0.6078500747680664,0.7924318313598633,-0.01701502688229084,0.6364288926124573,0.7630121111869812,-0.019429408013820648,0.663377583026886,0.7443283796310425,-0.021784652024507523,0.6183423399925232,0.7043600082397461,-0.003924679476767778,0.60860276222229,0.6317287683486938,-0.010943286120891571,0.6044477820396423,0.5879543423652649,-0.017398517578840256,0.6020374894142151,0.5485061407089233,-0.024015508592128754,0.6468870043754578,0.7029088139533997,-0.010702351108193398,0.6467226147651672,0.6248475313186646,-0.01741761527955532,0.6467128992080688,0.5759189128875732,-0.026046786457300186,0.6468914151191711,0.5366969704627991,-0.03305892273783684,0.67020583152771,0.7219849228858948,-0.020708339288830757,0.690494954586029,0.6592826843261719,-0.037906937301158905,0.7013393044471741,0.6163612604141235,-0.05430956184864044,0.7122188210487366,0.578779935836792,-0.06575734168291092,0.6882136464118958,0.7583763599395752,-0.03137894719839096,0.6799452304840088,0.7240579128265381,-0.05184084549546242,0.659696638584137,0.7470238208770752,-0.057342078536748886,0.6448550224304199,0.7742341160774231,-0.06058714538812637
0.6406497359275818,0.8919482231140137,1.7987595413160307e-07,0.6122875213623047,0.8495639562606812,-0.014971061609685421,0.6070379018783569,0.7928813695907593,-0.019452350214123726,0.6362883448600769,0.7617727518081665,-0.022696668282151222,0.6638896465301514,0.7421302795410156,-0.025886889547109604,0.6187427639961243,0.7032518982887268,-0.005569118540734053,0.609038233757019,0.6309435367584229,-0.012785723432898521,0.6045032739639282,0.5873405933380127,-0.019427813589572906,0.6019784808158875,0.5481845736503601,-0.026222653687000275,0.6473119854927063,0.7013665437698364,-0.011483321897685528,0.6469355225563049,0.623884379863739,-0.01816682144999504,0.6464478373527527,0.5754308700561523,-0.027020711451768875,0.646592378616333,0.5362310409545898,-0.03440885245800018,0.6704925894737244,0.7199985980987549,-0.020596694201231003,0.6910908222198486,0.6581501364707947,-0.03742288425564766,0.701705813407898,0.6163903474807739,-0.05380360037088394,0.7127149701118469,0.5798285603523254,-0.06560035049915314,0.688523530960083,0.7552891373634338,-0.030515143647789955,0.6807643175125122,0.7236506938934326,-0.05087409168481827,0.6616994142532349,0.7472089529037476,-0.0568266399204731,0.648351788520813,0.774013102054596,-0.06058328226208687
0.6408497095108032,0.8925485014915466,1.6818088965919742e-07,0.6127073168754578,0.8494935035705566,-0.013343093916773796,0.6089630722999573,0.7917108535766602,-0.016482975333929062,0.6375285387039185,0.7618552446365356,-0.018655745312571526,0.6636560559272766,0.7419623136520386,-0.02080533280968666,0.6188942790031433,0.7035789489746094,-0.003286385675892234,0.6093891859054565,0.6314710974693298,-0.009732827544212341,0.6047934293746948,0.5877087116241455,-0.01576726697385311,0.6021497249603271,0.5483888387680054,-0.022153804078698158,0.647244930267334,0.7015769481658936,-0.009881401434540749,0.6464938521385193,0.6240774989128113,-0.01605352759361267,0.6461432576179504,0.5751954317092896,-0.0245326180011034,0.6464322209358215,0.535988450050354,-0.031540967524051666,0.6705428957939148,0.72015780210495,-0.019637025892734528,0.6904946565628052,0.658401608467102,-0.03632041811943054,0.7014517188072205,0.6157528162002563,-0.05286674201488495,0.7127847075462341,0.5784878134727478,-0.06466291099786758,0.688601553440094,0.755896270275116,-0.03004751168191433,0.679685115814209,0.7250161170959473,-0.05053287371993065,0.6594437956809998,0.749027669429779,-0.05660078302025795,0.6450951099395752,0.7765801548957825,-0.060337603092193604
0.640932559967041,0.893882155418396,1.7449156075599603e-07,0.6137062907218933,0.8506223559379578,-0.01273411139845848,0.608591616153717,0.7950059771537781,-0.01649688370525837,0.6348985433578491,0.7646282315254211,-0.019460482522845268,0.6613854169845581,0.744088351726532,-0.022255869582295418,0.6200511455535889,0.7033426761627197,-0.0032187304459512234,0.6099123954772949,0.6308331489562988,-0.010121204890310764,0.6052727103233337,0.5869845747947693,-0.016281062737107277,0.6030853986740112,0.547605037689209,-0.022668467834591866,0.6482580900192261,0.7015349864959717,-0.01049089152365923,0.6472445726394653,0.6231951117515564,-0.01781579665839672,0.647027313709259,0.573655903339386,-0.02652273140847683,0.6477305293083191,0.5344163179397583,-0.03337934613227844,0.671639084815979,0.7204743027687073,-0.020867235958576202,0.6915448904037476,0.6581189632415771,-0.03871198743581772,0.7027596831321716,0.6147303581237793,-0.05496389418840408,0.7145416736602783,0.5775482654571533,-0.06608376652002335,0.6898791790008545,0.7570592761039734,-0.03176809474825859,0.6807002425193787,0.7230800986289978,-0.05248000845313072,0.6605995893478394,0.7466065883636475,-0.05774230137467384,0.6466637849807739,0.7751054763793945,-0.06065058708190918
0.6446319818496704,0.8904948234558105,1.7759943204964657e-07,0.6161380410194397,0.8464580178260803,-0.01322114560753107,0.6103492975234985,0.788966178894043,-0.016964245587587357,0.6377981305122375,0.7613425254821777,-0.019916638731956482,0.6650708913803101,0.7454296946525574,-0.02291746996343136,0.6221199631690979,0.6997556090354919,-0.003897141432389617,0.6117140054702759,0.6274776458740234,-0.011063337326049805,0.607251763343811,0.5837836265563965,-0.017566164955496788,0.605109691619873,0.5447320342063904,-0.024253379553556442,0.6508175134658813,0.6978687047958374,-0.01088293083012104,0.6497304439544678,0.6209982633590698,-0.017130935564637184,0.648976743221283,0.5721313953399658,-0.02566191926598549,0.64957195520401,0.5332866907119751,-0.03282298147678375,0.6748164892196655,0.7168095707893372,-0.021044813096523285,0.6939958930015564,0.6559675335884094,-0.03763598948717117,0.7047868967056274,0.6127659678459167,-0.05433230474591255,0.7168655395507812,0.5757445096969604,-0.06637907773256302,0.6937676072120667,0.7528215646743774,-0.031905386596918106,0.683244526386261,0.7235434651374817,-0.05246002972126007,0.6625717878341675,0.7471525073051453,-0.058617763221263885,0.6484156250953674,0.7743661403656006,-0.06247371435165405
0.644840657711029,0.8892443180084229,1.7336218149921478e-07,0.6169763803482056,0.8458216786384583,-0.013897459954023361,0.6125874519348145,0.7896392941474915,-0.01824679784476757,0.641056478023529,0.7602719664573669,-0.021663736552000046,0.6679600477218628,0.7411588430404663,-0.02502533607184887,0.6235607862472534,0.6996603608131409,-0.004459009971469641,0.6133031845092773,0.6281208992004395,-0.01214800775051117,0.6084343194961548,0.5847232341766357,-0.01924225501716137,0.6058154702186584,0.5455365777015686,-0.026211123913526535,0.6522393226623535,0.6978095769882202,-0.01097889058291912,0.6507126092910767,0.6207249164581299,-0.017943818122148514,0.6499195694923401,0.5720632672309875,-0.026732195168733597,0.650114893913269,0.5330260396003723,-0.033879224210977554,0.6760393381118774,0.7168283462524414,-0.02066459320485592,0.6960618495941162,0.6543264389038086,-0.037609126418828964,0.7062439322471619,0.6122853755950928,-0.05335239693522453,0.7169787883758545,0.5759264826774597,-0.06443861871957779,0.6948162317276001,0.7533048987388611,-0.031101759523153305,0.6874179840087891,0.7210534811019897,-0.051209501922130585,0.6676679849624634,0.7443874478340149,-0.05624808371067047,0.6537207365036011,0.7719231247901917,-0.05912543088197708
0.6464235782623291,0.8892130851745605,1.737785453315155e-07,0.6182473301887512,0.8471102714538574,-0.015026796609163284,0.6138630509376526,0.7923117876052856,-0.019421899691224098,0.6418113708496094,0.7615910172462463,-0.022401899099349976,0.6681445240974426,0.7394320964813232,-0.024979382753372192,0.6239596009254456,0.6995949745178223,-0.004966186359524727,0.6146883368492126,0.627412736415863,-0.012233644723892212,0.6101359724998474,0.5842798948287964,-0.018891386687755585,0.6075118184089661,0.5452721118927002,-0.025561029091477394,0.652650773525238,0.6976086497306824,-0.010948876850306988,0.6515845060348511,0.6194361448287964,-0.017943473532795906,0.6514017581939697,0.5707122087478638,-0.026709700003266335,0.6515706777572632,0.5315361022949219,-0.03373187035322189,0.6761777400970459,0.7166165113449097,-0.020222343504428864,0.6964535713195801,0.6544591188430786,-0.03763415664434433,0.7073770761489868,0.6118045449256897,-0.05405048280954361,0.7180168628692627,0.5737106800079346,-0.06554941087961197,0.6948415040969849,0.753593921661377,-0.03023773431777954,0.6895418167114258,0.7210690975189209,-0.05076565220952034,0.6695842146873474,0.7447580695152283,-0.056128211319446564,0.6541095972061157,0.7720338106155396,-0.05921424925327301
0.646571695804596,0.8899320960044861,1.5942275410907314e-07,0.6193316578865051,0.8448986411094666,-0.011688497848808765,0.6166702508926392,0.7883958220481873,-0.014255217276513577,0.6437751054763794,0.7591055631637573,-0.016127105802297592,0.6686081886291504,0.737704873085022,-0.01752481423318386,0.6263140439987183,0.6999872922897339,-0.0021672328002750874,0.6163493394851685,0.6275362372398376,-0.008630981668829918,0.6110321879386902,0.5840854048728943,-0.014172696508467197,0.6081090569496155,0.5444995164871216,-0.020041944459080696,0.6543273329734802,0.6985069513320923,-0.009583397768437862,0.652881920337677,0.6198620200157166,-0.017324326559901237,0.6520810127258301,0.56999671459198,-0.02580425888299942,0.6521077156066895,0.5303045511245728,-0.03223353251814842,0.6776728630065918,0.7175342440605164,-0.02002488262951374,0.6986250281333923,0.6549239158630371,-0.03780592978000641,0.7092639803886414,0.611393392086029,-0.0536266565322876,0.7196915149688721,0.5734415054321289,-0.06411422044038773,0.6959091424942017,0.7549483180046082,-0.03091101162135601,0.6894178986549377,0.7194451689720154,-0.05011606588959694,0.6674378514289856,0.7401964664459229,-0.054458100348711014,0.6507769227027893,0.7669235467910767,-0.056800518184900284
0.6486818790435791,0.8865857124328613,1.6819174675219983e-07,0.6202816367149353,0.8433650135993958,-0.013497153297066689,0.6161035299301147,0.788357138633728,-0.017800746485590935,0.6438021063804626,0.7576969861984253,-0.021099228411912918,0.6697953939437866,0.735501229763031,-0.02413286827504635,0.6257948875427246,0.6982660293579102,-0.004342659376561642,0.6169880628585815,0.6261308193206787,-0.011651404201984406,0.6123185753822327,0.5828537940979004,-0.01799020543694496,0.6099088191986084,0.5436913967132568,-0.02444985881447792,0.6540014743804932,0.6958799362182617,-0.010699140839278698,0.6529544591903687,0.6180525422096252,-0.017564360052347183,0.6526796817779541,0.5689632296562195,-0.02581062540411949,0.6530107259750366,0.5291765332221985,-0.032586608082056046,0.6779076457023621,0.7142010927200317,-0.02017754316329956,0.6984763145446777,0.6531757116317749,-0.03701765090227127,0.7098913192749023,0.6105421781539917,-0.052809931337833405,0.7212929129600525,0.5731605887413025,-0.0640728771686554,0.697214663028717,0.7499792575836182,-0.03031964600086212,0.6896224617958069,0.7201904654502869,-0.05036589503288269,0.6689595580101013,0.7444246411323547,-0.05570212006568909,0.6541877388954163,0.771820604801178,-0.058917682617902756
0.6503039002418518,0.8868473768234253,1.508059881416557e-07,0.6224395632743835,0.8429694771766663,-0.012010817416012287,0.6181446313858032,0.7867993116378784,-0.016309000551700592,0.645815908908844,0.7577083110809326,-0.02003403753042221,0.6725109219551086,0.7383555769920349,-0.02416406199336052,0.6284132599830627,0.6978731751441956,-0.005556363612413406,0.6186107993125916,0.626174807548523,-0.012575150467455387,0.6134282946586609,0.5824281573295593,-0.018647631630301476,0.6105711460113525,0.5432435870170593,-0.025188248604536057,0.6569012999534607,0.695290744304657,-0.012996336445212364,0.6543049812316895,0.6189889907836914,-0.01933187060058117,0.6529518961906433,0.5695412755012512,-0.028211455792188644,0.6531703472137451,0.530444860458374,-0.03592153266072273,0.6810623407363892,0.7141967415809631,-0.0231464970856905,0.6993618607521057,0.6541403532028198,-0.03936826437711716,0.7093063592910767,0.6098005771636963,-0.05667360872030258,0.7205401062965393,0.5725880861282349,-0.06971418112516403,0.7002688050270081,0.7495829463005066,-0.03375241160392761,0.6859026551246643,0.7268953323364258,-0.054683033376932144,0.6636015176773071,0.7491336464881897,-0.06243462488055229,0.6486934423446655,0.7743659615516663,-0.06771332770586014
0.6513022780418396,0.8841187357902527,1.705669632201534e-07,0.6233822107315063,0.8406984806060791,-0.013220940716564655,0.6194806694984436,0.7852137684822083,-0.01748822070658207,0.6478471755981445,0.7574942708015442,-0.020731650292873383,0.6751300692558289,0.7390671372413635,-0.02415810525417328,0.6287645101547241,0.6978375315666199,-0.006181499920785427,0.6194027662277222,0.6252343058586121,-0.013526501134037971,0.6141108274459839,0.5816712975502014,-0.01956605538725853,0.6112377643585205,0.5424981117248535,-0.025841904804110527,0.6573082804679871,0.6952199339866638,-0.012728238478302956,0.6550713181495667,0.6169923543930054,-0.01954529620707035,0.654110312461853,0.5680823922157288,-0.028144311159849167,0.6546533107757568,0.5289702415466309,-0.035238105803728104,0.6815036535263062,0.7131130695343018,-0.022128330543637276,0.7008554935455322,0.652389407157898,-0.03923502936959267,0.7119277715682983,0.6097705960273743,-0.05616246536374092,0.7236986756324768,0.5730030536651611,-0.06832940131425858,0.7009425163269043,0.747813880443573,-0.03203708305954933,0.6901519894599915,0.7216630578041077,-0.05305047705769539,0.6699007749557495,0.7469446659088135,-0.05964501202106476,0.656279981136322,0.7748503088951111,-0.06373491883277893
0.6559975743293762,0.8847782015800476,1.6299512139994476e-07,0.6274503469467163,0.8410016298294067,-0.01368641946464777,0.6239311099052429,0.7831845879554749,-0.017082644626498222,0.652378499507904,0.7516840696334839,-0.019216075539588928,0.6786966323852539,0.7302797436714172,-0.02095935307443142,0.6325746178627014,0.6958231925964355,-0.003899648319929838,0.6221845746040344,0.6236384510993958,-0.01036955788731575,0.6170186400413513,0.5806666016578674,-0.016112063080072403,0.6135798096656799,0.5417122840881348,-0.022186994552612305,0.6610948443412781,0.6947277784347534,-0.010671494528651237,0.6587634682655334,0.6163271069526672,-0.017364362254738808,0.6581579446792603,0.5674017071723938,-0.0258477870374918,0.657733142375946,0.5280311703681946,-0.032626450061798096,0.6846168637275696,0.7139883041381836,-0.020616183057427406,0.7032882571220398,0.6531994938850403,-0.03786194697022438,0.7135705947875977,0.6095487475395203,-0.054496802389621735,0.7239305973052979,0.5705270767211914,-0.06602153927087784,0.7026526927947998,0.7507968544960022,-0.03116077370941639,0.6943983435630798,0.7179007530212402,-0.051155466586351395,0.6742203235626221,0.7415288090705872,-0.05628276243805885,0.6595172882080078,0.7692418694496155,-0.05928262695670128
0.6560835838317871,0.883529543876648,1.71539994653358e-07,0.628491997718811,0.8413537740707397,-0.014395962469279766,0.6238571405410767,0.7845503091812134,-0.019086504355072975,0.6530853509902954,0.7538466453552246,-0.02245013788342476,0.6810553073883057,0.7335821390151978,-0.025890585035085678,0.6324816346168518,0.6962088942527771,-0.006545633543282747,0.622920572757721,0.6230189800262451,-0.013376445509493351,0.6175298094749451,0.5799911022186279,-0.019204001873731613,0.6137738227844238,0.5410522222518921,-0.02550300769507885,0.6610046625137329,0.6942738890647888,-0.012943251989781857,0.6589845418930054,0.615730345249176,-0.01979563571512699,0.6573808789253235,0.5668334364891052,-0.028705760836601257,0.6568835973739624,0.527588963508606,-0.036044567823410034,0.6849231719970703,0.7130364775657654,-0.02228458598256111,0.7033671736717224,0.6519547700881958,-0.039801690727472305,0.7134167551994324,0.6081352829933167,-0.057132571935653687,0.7248468399047852,0.5697216987609863,-0.06958333402872086,0.7038337588310242,0.7482160925865173,-0.03217756748199463,0.6926751136779785,0.7207692861557007,-0.05390303581953049,0.6735090613365173,0.7464630603790283,-0.06059326231479645,0.6615486145019531,0.7748205661773682,-0.06468895822763443
0.6565436720848083,0.8829761743545532,1.7308489930201176e-07,0.6291198134422302,0.8396282196044922,-0.013011956587433815,0.6257651448249817,0.7827833890914917,-0.01681085117161274,0.6542344093322754,0.7533891201019287,-0.019560789689421654,0.6810104250907898,0.7339322566986084,-0.022315407171845436,0.6326016187667847,0.695646345615387,-0.005119450390338898,0.6234225630760193,0.6224493980407715,-0.011527576483786106,0.6181992292404175,0.5795061588287354,-0.01693512126803398,0.6147711873054504,0.5409977436065674,-0.022866185754537582,0.6610780954360962,0.6930676102638245,-0.011978033930063248,0.6589022278785706,0.6142038702964783,-0.018911637365818024,0.6574556827545166,0.5650873184204102,-0.02778533846139908,0.6569627523422241,0.526225209236145,-0.03486134484410286,0.6851664781570435,0.7112676501274109,-0.021652527153491974,0.703710675239563,0.6500898003578186,-0.038906361907720566,0.7136845588684082,0.6063527464866638,-0.05617397278547287,0.7244312763214111,0.5682452917098999,-0.06842383742332458,0.7042834758758545,0.7465318441390991,-0.031753990799188614,0.6937747597694397,0.7187507152557373,-0.052492476999759674,0.6735672354698181,0.7426644563674927,-0.05887814238667488,0.6599594950675964,0.7698249816894531,-0.06279034167528152
0.6559074521064758,0.8842776417732239,1.65739351132288e-07,0.6281680464744568,0.8405016660690308,-0.012320776470005512,0.6247469782829285,0.7844336628913879,-0.01589278317987919,0.6520838141441345,0.7561798095703125,-0.018676118925213814,0.6794735193252563,0.7373674511909485,-0.021637452766299248,0.6331209540367126,0.6962594985961914,-0.0040079159662127495,0.6235093474388123,0.6230608224868774,-0.010561305098235607,0.6182184219360352,0.579987645149231,-0.016169000416994095,0.6148327589035034,0.5411298274993896,-0.02222740463912487,0.6615495681762695,0.6935681700706482,-0.011397609487175941,0.6586648225784302,0.6140046119689941,-0.018705876544117928,0.657405436038971,0.5642593502998352,-0.02776150405406952,0.6571448445320129,0.5245916843414307,-0.03480365127325058,0.6857774257659912,0.7118972539901733,-0.021613992750644684,0.7034532427787781,0.650062084197998,-0.039498817175626755,0.7135774493217468,0.6058268547058105,-0.05683248117566109,0.7245668768882751,0.5671387910842896,-0.0688479095697403,0.7050234079360962,0.747738778591156,-0.032166607677936554,0.6935511231422424,0.7180854082107544,-0.05329059436917305,0.6735504865646362,0.7430451512336731,-0.05934349447488785,0.6604444980621338,0.771533727645874,-0.06283663958311081
0.6564806699752808,0.88515305519104,1.5577404610667145e-07,0.6290387511253357,0.8414026498794556,-0.011622816324234009,0.6252325177192688,0.7843124866485596,-0.014597063884139061,0.6521868705749512,0.7550866007804871,-0.01689125783741474,0.6791104078292847,0.7364063858985901,-0.019192196428775787,0.6341912746429443,0.6960040330886841,-0.0030650768894702196,0.623936116695404,0.6227571368217468,-0.009227955713868141,0.6184550523757935,0.5801886916160583,-0.014581022784113884,0.6147173643112183,0.5412464737892151,-0.020526617765426636,0.6622517704963684,0.6945818662643433,-0.01081804558634758,0.6595550775527954,0.6140571236610413,-0.01841861940920353,0.6581965684890747,0.564893364906311,-0.02720147930085659,0.6572285294532776,0.526029109954834,-0.033894848078489304,0.6860916018486023,0.7134466171264648,-0.021395696327090263,0.7044176459312439,0.6507486701011658,-0.039324983954429626,0.714098334312439,0.6066403388977051,-0.05604082718491554,0.7238889932632446,0.5681115388870239,-0.06741344928741455,0.7049321532249451,0.7499023079872131,-0.03230233117938042,0.6960882544517517,0.7155439257621765,-0.05251770839095116,0.6751203536987305,0.7395501732826233,-0.057434581220149994,0.6599366068840027,0.7685588002204895,-0.0601949468255043
0.6560670733451843,0.8862508535385132,1.5529339236763917e-07,0.6288100481033325,0.8425467014312744,-0.01199562381953001,0.6250776052474976,0.7835633158683777,-0.014896465465426445,0.6523022651672363,0.752196729183197,-0.017091825604438782,0.6801036596298218,0.733578085899353,-0.01929553598165512,0.6334804892539978,0.6964529752731323,-0.003091712947934866,0.6235024929046631,0.6231056451797485,-0.00893431343138218,0.6182230710983276,0.5804479122161865,-0.014035106636583805,0.6146717071533203,0.5416041016578674,-0.01988096721470356,0.6617230772972107,0.6949607133865356,-0.010765605606138706,0.6590568423271179,0.6140459179878235,-0.017741244286298752,0.6577817797660828,0.5643148422241211,-0.026367129758000374,0.657167911529541,0.5252335071563721,-0.033137187361717224,0.6858992576599121,0.7139809131622314,-0.02130957692861557,0.7035800218582153,0.6505921483039856,-0.03901863470673561,0.7134619355201721,0.6061081886291504,-0.05603259801864624,0.7243131399154663,0.5675387382507324,-0.06777746230363846,0.7047022581100464,0.7502801418304443,-0.03221067041158676,0.6942541599273682,0.715377926826477,-0.05275731906294823,0.6730449795722961,0.7389959096908569,-0.05818259343504906,0.6585322022438049,0.76771080493927,-0.06138496845960617
0.6562544107437134,0.8866102695465088,1.5333054648181133e-07,0.6294838190078735,0.8432866334915161,-0.012011069804430008,0.6252832412719727,0.7856752276420593,-0.015545813366770744,0.6519818305969238,0.7540456652641296,-0.018373902887105942,0.6794582009315491,0.7345754504203796,-0.02116953581571579,0.6337344646453857,0.6965985894203186,-0.004045045003294945,0.6234812140464783,0.6233667135238647,-0.010106736794114113,0.617743730545044,0.5807842016220093,-0.015242078341543674,0.6139659881591797,0.5416027307510376,-0.02118605002760887,0.6619097590446472,0.6949042081832886,-0.011781538836658001,0.6588436365127563,0.614262580871582,-0.019337855279445648,0.6572973132133484,0.5644071102142334,-0.028147190809249878,0.656600832939148,0.5248021483421326,-0.03505256772041321,0.6860868334770203,0.7141389846801758,-0.022290116176009178,0.7034570574760437,0.6509450674057007,-0.04056025668978691,0.713350236415863,0.6061849594116211,-0.05768679454922676,0.7243472337722778,0.5671898126602173,-0.06947443634271622,0.7050454616546631,0.7505117058753967,-0.03309566527605057,0.6937734484672546,0.7159518599510193,-0.054065171629190445,0.6720449924468994,0.7388567328453064,-0.059820834547281265,0.6572923064231873,0.7668121457099915,-0.06326261162757874
0.6575861573219299,0.885969877243042,1.5876240411216713e-07,0.6296379566192627,0.8438528776168823,-0.013340719975531101,0.6242884993553162,0.7870439887046814,-0.017384419217705727,0.6507322788238525,0.7545782327651978,-0.0204620324075222,0.6786125302314758,0.7349486947059631,-0.023410089313983917,0.633586585521698,0.6963131427764893,-0.005240153055638075,0.6227734088897705,0.6229511499404907,-0.011829699389636517,0.6170955896377563,0.5803889036178589,-0.017372719943523407,0.6131433844566345,0.5414650440216064,-0.023459909483790398,0.661948561668396,0.6947041749954224,-0.01249905489385128,0.6586953401565552,0.6131869554519653,-0.02054179459810257,0.6569663286209106,0.5633699893951416,-0.029306987300515175,0.6558021903038025,0.5243342518806458,-0.03596436232328415,0.6861393451690674,0.7138900756835938,-0.022663559764623642,0.7036444544792175,0.6500726342201233,-0.041203711181879044,0.7128180265426636,0.6054680347442627,-0.05793144181370735,0.7229570150375366,0.5668217539787292,-0.06921813637018204,0.7049761414527893,0.7506205439567566,-0.033281683921813965,0.695529043674469,0.7139269709587097,-0.05403272062540054,0.6746290326118469,0.7370665669441223,-0.05902804061770439,0.6600272059440613,0.7659738659858704,-0.061790186911821365
0.6585906147956848,0.8855676054954529,1.56389560856951e-07,0.630966305732727,0.8439794182777405,-0.013684310019016266,0.6242941617965698,0.7885549664497375,-0.018032021820545197,0.6500001549720764,0.758070707321167,-0.02132875844836235,0.6782994270324707,0.7393427491188049,-0.024751760065555573,0.6337371468544006,0.6961467862129211,-0.006439227610826492,0.6227473616600037,0.6227084398269653,-0.013399838469922543,0.6168696880340576,0.58006751537323,-0.01913153938949108,0.6126654148101807,0.5409716367721558,-0.025368597358465195,0.6624006032943726,0.6939836740493774,-0.013627414591610432,0.6586588025093079,0.6135386228561401,-0.021428009495139122,0.6564615368843079,0.5645158290863037,-0.030249133706092834,0.6552401781082153,0.525295078754425,-0.03716176375746727,0.6867225766181946,0.7133195400238037,-0.023684391751885414,0.703366219997406,0.6511277556419373,-0.04202824831008911,0.7119607329368591,0.6068860292434692,-0.058986980468034744,0.7223083972930908,0.5675527453422546,-0.07072615623474121,0.7055609226226807,0.7502228617668152,-0.03422660008072853,0.6939127445220947,0.7173721194267273,-0.05562524497509003,0.6734887957572937,0.7421587705612183,-0.061327844858169556,0.6602231860160828,0.7709029316902161,-0.06462620943784714
0.6573445796966553,0.8858338594436646,1.6744515107802727e-07,0.6297463178634644,0.8434320688247681,-0.012916721403598785,0.6239463686943054,0.7879866361618042,-0.016898442059755325,0.6501017808914185,0.7582039833068848,-0.02003539726138115,0.6782619953155518,0.7405179142951965,-0.023263292387127876,0.6337066292762756,0.6966242790222168,-0.005549371708184481,0.6226667165756226,0.6233084201812744,-0.012346087023615837,0.6168240904808044,0.5805133581161499,-0.017837077379226685,0.6127443313598633,0.5414599180221558,-0.023872314020991325,0.6621267199516296,0.6945286989212036,-0.013063923455774784,0.6583212614059448,0.6138257384300232,-0.021545110270380974,0.6563093662261963,0.5642560720443726,-0.030582409352064133,0.6553164720535278,0.5250625610351562,-0.03733978420495987,0.6862601637840271,0.7138919830322266,-0.02336069755256176,0.7031116485595703,0.6524513959884644,-0.04208254814147949,0.7119380235671997,0.6077485084533691,-0.05897746607661247,0.7222872376441956,0.5683060884475708,-0.07034089416265488,0.7047145366668701,0.750842273235321,-0.03406200185418129,0.6929355263710022,0.7177509665489197,-0.054999809712171555,0.6720440983772278,0.7417591214179993,-0.06031319871544838,0.658359706401825,0.7701708674430847,-0.06327050179243088
0.6590230464935303,0.8864011764526367,1.6752649401041708e-07,0.6306958198547363,0.8444241285324097,-0.012912544421851635,0.6243398189544678,0.7894900441169739,-0.016863351687788963,0.649796724319458,0.7599765062332153,-0.019956763833761215,0.6772688627243042,0.7423087358474731,-0.023222506046295166,0.6333989500999451,0.6972148418426514,-0.005053397733718157,0.622800886631012,0.6242541670799255,-0.011628478765487671,0.6171149611473083,0.5812867283821106,-0.01719708926975727,0.6129396557807922,0.5421543717384338,-0.02338329888880253,0.6618903875350952,0.694296658039093,-0.01242829766124487,0.6584669351577759,0.6139521598815918,-0.02032078057527542,0.6565297245979309,0.564551055431366,-0.02958526462316513,0.6552214026451111,0.5248746871948242,-0.03669970855116844,0.6860771179199219,0.7129064798355103,-0.022553889080882072,0.7028818130493164,0.6520973443984985,-0.040590137243270874,0.7117051482200623,0.6071569323539734,-0.05806892365217209,0.7217192649841309,0.5674530863761902,-0.0702328309416771,0.7049636840820312,0.7488374710083008,-0.033096183091402054,0.6932699084281921,0.719007670879364,-0.05390429496765137,0.6730053424835205,0.7433750033378601,-0.05985322222113609,0.6597277522087097,0.7712787985801697,-0.0634351596236229
0.6574558615684509,0.8855124115943909,1.7786322814572486e-07,0.6296817660331726,0.8435114026069641,-0.013909650035202503,0.6235922574996948,0.7883796095848083,-0.018474377691745758,0.6501128077507019,0.7590354084968567,-0.022013908252120018,0.6788780093193054,0.7425050735473633,-0.025757011026144028,0.6332448720932007,0.6973254680633545,-0.006627583876252174,0.6221639513969421,0.6238621473312378,-0.013737688772380352,0.6163119673728943,0.5809502601623535,-0.019516125321388245,0.6119917631149292,0.5414762496948242,-0.025758661329746246,0.6616140604019165,0.6949151158332825,-0.013713858090341091,0.657721221446991,0.6142697334289551,-0.02223472110927105,0.6557233929634094,0.5646253824234009,-0.0314718559384346,0.6546216011047363,0.5246231555938721,-0.03847204148769379,0.6857156157493591,0.7138199210166931,-0.023608483374118805,0.7022913098335266,0.6529436111450195,-0.042303118854761124,0.7112098336219788,0.608307421207428,-0.05932312831282616,0.7216765880584717,0.5684661865234375,-0.07089768350124359,0.704382598400116,0.749923586845398,-0.03400376811623573,0.6922275424003601,0.7181255221366882,-0.05500546470284462,0.6724820733070374,0.744019627571106,-0.06029205769300461,0.6603450179100037,0.7734571099281311,-0.06329149752855301
0.6585187315940857,0.886358380317688,1.7908995175730524e-07,0.630034327507019,0.8437629342079163,-0.013762975111603737,0.6247478723526001,0.7865829467773438,-0.017593303695321083,0.6522654294967651,0.7568108439445496,-0.020416418090462685,0.6808218359947205,0.742772102355957,-0.02361118048429489,0.6328799724578857,0.6975424885749817,-0.004877925384789705,0.6218660473823547,0.6246201395988464,-0.011154850013554096,0.615935742855072,0.5815585851669312,-0.016673481091856956,0.6116049885749817,0.5425848960876465,-0.022874005138874054,0.6614952683448792,0.6945566534996033,-0.011982369236648083,0.6579465270042419,0.614520788192749,-0.01904407888650894,0.6559857130050659,0.5649015307426453,-0.028455935418605804,0.655159592628479,0.525343120098114,-0.03580217435956001,0.6857685446739197,0.7133710384368896,-0.021917374804615974,0.7021067142486572,0.6532871127128601,-0.03953981772065163,0.7107921242713928,0.6079322099685669,-0.05767713114619255,0.7216039896011353,0.5678005814552307,-0.07044824212789536,0.70432448387146,0.7493372559547424,-0.03235474228858948,0.6910134553909302,0.7216163277626038,-0.053485505282878876,0.6716777086257935,0.7480792999267578,-0.05983977019786835,0.6606040000915527,0.7772528529167175,-0.06372658163309097
0.6572323441505432,0.8890448808670044,1.6821206827444257e-07,0.6287001967430115,0.8449286818504333,-0.011835265904664993,0.6230396628379822,0.7871587872505188,-0.014839057810604572,0.6498074531555176,0.7575247287750244,-0.017139071598649025,0.6778808832168579,0.7416554093360901,-0.01958225481212139,0.6329402923583984,0.6995023488998413,-0.003751500742509961,0.6214871406555176,0.6259059906005859,-0.00986375380307436,0.6152682900428772,0.5826832056045532,-0.014889627695083618,0.6109390258789062,0.5433019399642944,-0.020699962973594666,0.6610444188117981,0.6974273920059204,-0.011873111128807068,0.6574235558509827,0.6162294745445251,-0.019549891352653503,0.6553034782409668,0.5658982396125793,-0.028433069586753845,0.6545388102531433,0.5261157751083374,-0.0351409986615181,0.6851376295089722,0.7166357040405273,-0.02274361439049244,0.7012524008750916,0.6543995141983032,-0.04131133854389191,0.7100071907043457,0.6088285446166992,-0.058641839772462845,0.7207658290863037,0.568472146987915,-0.07036522775888443,0.7038176655769348,0.7538796663284302,-0.03389871492981911,0.6903060674667358,0.7223085165023804,-0.05504361167550087,0.6695636510848999,0.7489739656448364,-0.06030010059475899,0.6567674875259399,0.7794929146766663,-0.0632442906498909
0.6591548323631287,0.8900591135025024,1.8428350756494183e-07,0.6286929845809937,0.8476203680038452,-0.013953456655144691,0.6193807721138,0.7921528816223145,-0.018659241497516632,0.6457627415657043,0.7625818252563477,-0.022363528609275818,0.6757688522338867,0.7468304634094238,-0.02642674557864666,0.6311292052268982,0.7004753351211548,-0.006923106499016285,0.619073212146759,0.6266384124755859,-0.014386782422661781,0.6130545735359192,0.5832909941673279,-0.02040788345038891,0.6087024807929993,0.5437754988670349,-0.026862051337957382,0.6596472859382629,0.6978958249092102,-0.014327802695333958,0.6560763120651245,0.6165031790733337,-0.02249496802687645,0.6541518568992615,0.5666861534118652,-0.031836364418268204,0.6535886526107788,0.526340901851654,-0.0389651358127594,0.6837744116783142,0.7168062329292297,-0.024542884901165962,0.6999233961105347,0.6567979454994202,-0.04293902963399887,0.7088879346847534,0.611662745475769,-0.06036566570401192,0.7198917269706726,0.5711365938186646,-0.07250242680311203,0.7027198076248169,0.75308758020401,-0.035295888781547546,0.6894643306732178,0.7257751822471619,-0.05671430379152298,0.6701908111572266,0.7533121109008789,-0.06238909810781479,0.6586833000183105,0.7829517126083374,-0.06569267809391022
0.6587945222854614,0.8910049200057983,1.826064419674367e-07,0.6289618611335754,0.848747968673706,-0.013049234636127949,0.6204667687416077,0.7925744652748108,-0.016642792150378227,0.6463395357131958,0.7636768221855164,-0.019424978643655777,0.6762487292289734,0.7476305961608887,-0.022594192996621132,0.6300268173217773,0.7015417218208313,-0.004727840423583984,0.6191245317459106,0.6278283596038818,-0.011456814594566822,0.6135814189910889,0.5844534635543823,-0.016976486891508102,0.6092590689659119,0.5447810888290405,-0.023136716336011887,0.6587375402450562,0.6980463266372681,-0.012504186481237411,0.6545864939689636,0.6174098253250122,-0.020122192800045013,0.6523293852806091,0.5674226880073547,-0.029103687033057213,0.651322603225708,0.526603102684021,-0.03606967255473137,0.6831457614898682,0.7166150212287903,-0.023183269426226616,0.6992067098617554,0.6550086736679077,-0.04163328930735588,0.7076994180679321,0.6098494529724121,-0.05903538316488266,0.7180678248405457,0.5687581300735474,-0.07105329632759094,0.7023988366127014,0.7532547116279602,-0.03430815786123276,0.6896213889122009,0.7247143983840942,-0.05591863766312599,0.670630156993866,0.7526209354400635,-0.0616399347782135,0.6591556668281555,0.7825993895530701,-0.06496580690145493
0.6578941941261292,0.8897666335105896,1.883673377278683e-07,0.6282087564468384,0.8463151454925537,-0.012944573536515236,0.6201990246772766,0.7904844284057617,-0.01689906418323517,0.6473184823989868,0.7616604566574097,-0.020056918263435364,0.6773399710655212,0.7470911741256714,-0.02353076823055744,0.6308354735374451,0.7013131976127625,-0.005318807438015938,0.6188432574272156,0.6275580525398254,-0.012216846458613873,0.613247275352478,0.5843300819396973,-0.017777487635612488,0.6089767217636108,0.544695258140564,-0.023928197100758553,0.6593925356864929,0.698559582233429,-0.013350829482078552,0.6552468538284302,0.617746889591217,-0.02142929658293724,0.6529226303100586,0.5674704909324646,-0.030503328889608383,0.65159010887146,0.5266715288162231,-0.0374542772769928,0.6835036277770996,0.7175157070159912,-0.024269310757517815,0.699310839176178,0.6551917791366577,-0.043094079941511154,0.7077146768569946,0.6091454029083252,-0.06043766811490059,0.7178044319152832,0.5671101212501526,-0.07222756743431091,0.7028183937072754,0.7547457218170166,-0.03558286651968956,0.6903448104858398,0.722886860370636,-0.05674417316913605,0.6710954904556274,0.7496628165245056,-0.06183425709605217,0.6589239835739136,0.7796602249145508,-0.06476964801549911
0.6575871706008911,0.8910872340202332,1.874182515848588e-07,0.6284414529800415,0.848102867603302,-0.012758982367813587,0.620410680770874,0.7916290163993835,-0.01638660579919815,0.6463061571121216,0.7623422145843506,-0.01918186992406845,0.676376461982727,0.7482226490974426,-0.022445281967520714,0.6304997801780701,0.7020030617713928,-0.004773769993335009,0.6192091107368469,0.6278205513954163,-0.011428698897361755,0.613629162311554,0.5841288566589355,-0.01682697981595993,0.60947585105896,0.5442520976066589,-0.02292500250041485,0.6590988039970398,0.6990370154380798,-0.012822243385016918,0.6546716094017029,0.6176600456237793,-0.021047187969088554,0.6524702310562134,0.5669972896575928,-0.030431872233748436,0.6516088247299194,0.5258151888847351,-0.03744605556130409,0.6834705471992493,0.7179558873176575,-0.023646332323551178,0.6989733576774597,0.6562315225601196,-0.042734865099191666,0.7078030109405518,0.6105615496635437,-0.060392312705516815,0.7188429832458496,0.5691264867782593,-0.0723152831196785,0.7026246786117554,0.7548450231552124,-0.03481080383062363,0.6882462501525879,0.7256096601486206,-0.056785281747579575,0.6698378920555115,0.754179835319519,-0.06235296651721001,0.6596323847770691,0.784960150718689,-0.06539341062307358
0.6578947305679321,0.8908548355102539,1.8726441908256675e-07,0.6283513903617859,0.8476977348327637,-0.01303479541093111,0.6204701066017151,0.7913846969604492,-0.016628539189696312,0.6467416286468506,0.7621005177497864,-0.019318390637636185,0.6762936115264893,0.747340202331543,-0.022196784615516663,0.6305950284004211,0.7013616561889648,-0.004777597729116678,0.6190556883811951,0.6275349855422974,-0.011570809409022331,0.6134259700775146,0.5841794013977051,-0.016953200101852417,0.6091800332069397,0.5443323850631714,-0.022927895188331604,0.6591495275497437,0.698710560798645,-0.012716144323348999,0.6549245715141296,0.6172300577163696,-0.02108638361096382,0.6528518199920654,0.5667643547058105,-0.030019434168934822,0.6519781351089478,0.5257012248039246,-0.03659212216734886,0.6833862066268921,0.7175834774971008,-0.023587368428707123,0.6995562314987183,0.6562613248825073,-0.042668409645557404,0.7083202600479126,0.6108061075210571,-0.059859082102775574,0.7187096476554871,0.5692853927612305,-0.07131518423557281,0.702570915222168,0.7548182606697083,-0.03490351885557175,0.6905015707015991,0.7242801189422607,-0.05612163245677948,0.6711475253105164,0.7521318793296814,-0.061064667999744415,0.658974826335907,0.7826895117759705,-0.0637405514717102
0.6580536961555481,0.8904752135276794,1.8552459835063928e-07,0.6291382908821106,0.8476375341415405,-0.013221289962530136,0.6205065846443176,0.7922735214233398,-0.0175460334867239,0.64604651927948,0.7638482451438904,-0.021071692928671837,0.6766424775123596,0.7492459416389465,-0.025159494951367378,0.6309018731117249,0.702099084854126,-0.006066217087209225,0.6195700764656067,0.6280742287635803,-0.013333583250641823,0.6139912605285645,0.584708571434021,-0.019201111048460007,0.609816312789917,0.5448362231254578,-0.02561011165380478,0.6595994234085083,0.6991024017333984,-0.0140770198777318,0.6551650762557983,0.6175181269645691,-0.022466227412223816,0.6527082920074463,0.5670807957649231,-0.03202569857239723,0.6516375541687012,0.5258231163024902,-0.03933333605527878,0.6839615702629089,0.7180720567703247,-0.024885904043912888,0.6995379328727722,0.6559712886810303,-0.04401891306042671,0.7077533006668091,0.6105823516845703,-0.061771370470523834,0.7181259989738464,0.5692713260650635,-0.07393891364336014,0.7032041549682617,0.7549035549163818,-0.03607667610049248,0.6897572875022888,0.7250227332115173,-0.058134108781814575,0.6713224649429321,0.7528691291809082,-0.06383713334798813,0.6608128547668457,0.7830752730369568,-0.06709382683038712
0.6582204103469849,0.8913677334785461,1.8290965897449496e-07,0.6285500526428223,0.8481032848358154,-0.01272794883698225,0.6191680431365967,0.7928845882415771,-0.01716683618724346,0.6444402933120728,0.7643545866012573,-0.02089882828295231,0.674589216709137,0.749206006526947,-0.02508431300520897,0.631199836730957,0.7016794681549072,-0.006450948771089315,0.6193742752075195,0.6277010440826416,-0.013753868639469147,0.6137180328369141,0.5842938423156738,-0.019508425146341324,0.6097086668014526,0.5443082451820374,-0.025884026661515236,0.6599828004837036,0.6993283629417419,-0.014840878546237946,0.6551401019096375,0.6180590391159058,-0.023709384724497795,0.6530295014381409,0.5675885081291199,-0.03310650587081909,0.6524664163589478,0.5267133712768555,-0.040228232741355896,0.684432864189148,0.7190300226211548,-0.025972407311201096,0.6994022727012634,0.6572628617286682,-0.045502789318561554,0.7078106999397278,0.6117957234382629,-0.06287329643964767,0.718509316444397,0.5707414746284485,-0.07464558631181717,0.7036648392677307,0.7567530274391174,-0.03743454068899155,0.689752995967865,0.7254526019096375,-0.059498827904462814,0.669918954372406,0.7523402571678162,-0.06493976712226868,0.65775465965271,0.7823684215545654,-0.06801106035709381
0.6586011648178101,0.8924847841262817,1.9014905205949617e-07,0.6289907097816467,0.8490586876869202,-0.012602151371538639,0.6202239394187927,0.7937067747116089,-0.0165745560079813,0.6451727747917175,0.7651333808898926,-0.01979413814842701,0.6749532222747803,0.7503291368484497,-0.02328677289187908,0.631786048412323,0.7019144892692566,-0.005365794058889151,0.6205331683158875,0.6276912093162537,-0.01231556385755539,0.6152665019035339,0.5840412974357605,-0.017676007002592087,0.6112532019615173,0.5439643263816833,-0.02372070588171482,0.6604200005531311,0.7000794410705566,-0.013784465380012989,0.6562326550483704,0.6183943748474121,-0.02302735671401024,0.6542912125587463,0.567675769329071,-0.03215896338224411,0.6535345911979675,0.526343047618866,-0.03884211555123329,0.68466717004776,0.720263659954071,-0.025022102519869804,0.7001150846481323,0.6588622331619263,-0.044976480305194855,0.7088790535926819,0.6134327054023743,-0.061919357627630234,0.719914972782135,0.5719311237335205,-0.07300420850515366,0.7033506035804749,0.7589383721351624,-0.036576058715581894,0.6895464062690735,0.7258801460266113,-0.05829820781946182,0.669856071472168,0.753411591053009,-0.06295149028301239,0.6581695079803467,0.7842127084732056,-0.06534099578857422
0.6590936779975891,0.8915935158729553,2.0073312612112204e-07,0.6289156675338745,0.8485739827156067,-0.012969009578227997,0.6198377013206482,0.7926539778709412,-0.01733856461942196,0.6457619071006775,0.7640112638473511,-0.020942579954862595,0.6762877702713013,0.7508426904678345,-0.02493801712989807,0.6315747499465942,0.7012379765510559,-0.006091042887419462,0.6204312443733215,0.6271180510520935,-0.013085580430924892,0.6150997281074524,0.5834921598434448,-0.018580032512545586,0.6111122965812683,0.5437027215957642,-0.024763746187090874,0.6601097583770752,0.6993590593338013,-0.014196443371474743,0.6559367179870605,0.6176382899284363,-0.02295491471886635,0.6540350317955017,0.5668576955795288,-0.03219364583492279,0.6534519195556641,0.5260521173477173,-0.039172545075416565,0.6843757033348083,0.7194432020187378,-0.025075947865843773,0.7001197338104248,0.658632218837738,-0.04429810121655464,0.7090363502502441,0.6132605671882629,-0.061605338007211685,0.7201069593429565,0.572691023349762,-0.07329127192497253,0.7031100988388062,0.7571915984153748,-0.036335188895463943,0.6895666718482971,0.7259300947189331,-0.05767291039228439,0.67021644115448,0.7528147101402283,-0.06287076324224472,0.6588717699050903,0.7829291224479675,-0.06586135178804398
0.6586263179779053,0.8913784027099609,1.9362646241916082e-07,0.6288303732872009,0.8483563661575317,-0.012918959371745586,0.6196616888046265,0.7923009395599365,-0.017224077135324478,0.6450031995773315,0.764049768447876,-0.02080165594816208,0.6742004156112671,0.7501680254936218,-0.024785585701465607,0.6312196254730225,0.7014119625091553,-0.006082523614168167,0.6199904680252075,0.6272374987602234,-0.012960230000317097,0.6147262454032898,0.5839367508888245,-0.018387142568826675,0.6109269857406616,0.5443934202194214,-0.02452538162469864,0.6598204374313354,0.699407160282135,-0.014203150756657124,0.6558290719985962,0.6183432340621948,-0.02226671203970909,0.6537759304046631,0.5679001808166504,-0.031323350965976715,0.6533599495887756,0.5272161960601807,-0.038405805826187134,0.6841788291931152,0.7195225358009338,-0.02513125166296959,0.6994593739509583,0.6585066318511963,-0.043911103159189224,0.7080941796302795,0.6131695508956909,-0.06135130301117897,0.7194652557373047,0.5725380182266235,-0.07340706884860992,0.7031208872795105,0.7570727467536926,-0.0364522822201252,0.6878450512886047,0.7279276847839355,-0.05823443830013275,0.6677051186561584,0.754878580570221,-0.06412962079048157,0.6561089158058167,0.7845989465713501,-0.06766834855079651
0.6589387059211731,0.8904868364334106,2.0220326746311912e-07,0.6289047598838806,0.848171591758728,-0.013195393607020378,0.6185529828071594,0.7937585115432739,-0.01820543222129345,0.6435968279838562,0.7645934820175171,-0.022488629445433617,0.6737536787986755,0.7514292001724243,-0.027230290696024895,0.6310047507286072,0.7017959952354431,-0.007526897359639406,0.6195628643035889,0.6275103688240051,-0.015054975636303425,0.6145304441452026,0.5841589570045471,-0.020814580842852592,0.61094069480896,0.5446896553039551,-0.027140162885189056,0.659611701965332,0.6999606490135193,-0.01573880948126316,0.6554256081581116,0.6179817914962769,-0.024440037086606026,0.6539196372032166,0.567373514175415,-0.033574167639017105,0.6537601351737976,0.5267189145088196,-0.04062900319695473,0.6839980483055115,0.7202415466308594,-0.026703862473368645,0.6988513469696045,0.6599287986755371,-0.045686621218919754,0.7074302434921265,0.6145498156547546,-0.06285335123538971,0.718349039554596,0.5739648342132568,-0.0746530070900917,0.7031046152114868,0.7578774094581604,-0.03808848187327385,0.688406765460968,0.7276861071586609,-0.05953114852309227,0.6686651110649109,0.7537559270858765,-0.06503178924322128,0.6568756699562073,0.7828662395477295,-0.06832592934370041
0.6586521863937378,0.8908477425575256,1.9077172908055218e-07,0.6289780139923096,0.8476559519767761,-0.012218615971505642,0.6192308664321899,0.7930074334144592,-0.016659069806337357,0.6435085535049438,0.7641686797142029,-0.020626259967684746,0.6729888319969177,0.7498214244842529,-0.025030283257365227,0.6314167380332947,0.701889157295227,-0.005991088226437569,0.6196367144584656,0.6279045343399048,-0.013283868320286274,0.6143617033958435,0.5845389366149902,-0.018849775195121765,0.6105078458786011,0.5451793670654297,-0.024993453174829483,0.6598729491233826,0.7001146078109741,-0.014597601257264614,0.655772864818573,0.6189351677894592,-0.0234375037252903,0.6537652611732483,0.5683295130729675,-0.03250163793563843,0.6530043482780457,0.5275543332099915,-0.03935138136148453,0.6841307282447815,0.7204304933547974,-0.025951331481337547,0.6985725164413452,0.6592797636985779,-0.04510541632771492,0.7065147757530212,0.6135079860687256,-0.062045421451330185,0.7170707583427429,0.5723904371261597,-0.07350404560565948,0.7030691504478455,0.7585301399230957,-0.0376383438706398,0.6883530616760254,0.7272302508354187,-0.05910392478108406,0.6680827140808105,0.7527929544448853,-0.06436560302972794,0.6558968424797058,0.7817771434783936,-0.06737066060304642
0.6589241623878479,0.8900969624519348,2.070531763820327e-07,0.6286524534225464,0.8482940196990967,-0.01316593587398529,0.6183109283447266,0.793688178062439,-0.01759188435971737,0.6436592936515808,0.7641474008560181,-0.021253595128655434,0.6741518378257751,0.7514437437057495,-0.025379108265042305,0.6307770609855652,0.7018837332725525,-0.006501746829599142,0.6194466352462769,0.6277866959571838,-0.013872413896024227,0.6144322752952576,0.5839551687240601,-0.0195333119481802,0.6107010245323181,0.5446687340736389,-0.025714216753840446,0.6592158675193787,0.6997490525245667,-0.014418397098779678,0.6553860306739807,0.6179600358009338,-0.02329484187066555,0.6537510752677917,0.5672240257263184,-0.0325205959379673,0.6533755660057068,0.5261778831481934,-0.03935309499502182,0.6832969784736633,0.7194743752479553,-0.025099655613303185,0.6980149745941162,0.6598113775253296,-0.04399824142456055,0.7062578797340393,0.6142355799674988,-0.06122545897960663,0.7169612646102905,0.5732116103172302,-0.0728839561343193,0.7020658850669861,0.7566342949867249,-0.036235012114048004,0.6878165602684021,0.7284659147262573,-0.05737144500017166,0.6689268946647644,0.7547740340232849,-0.06280843913555145,0.6581922173500061,0.7834595441818237,-0.06593440473079681
0.6589580774307251,0.8898484706878662,1.9884026869476656e-07,0.6299828886985779,0.8480042219161987,-0.013503959402441978,0.6193075180053711,0.7934167981147766,-0.01837507262825966,0.6436773538589478,0.7653449177742004,-0.0225174929946661,0.67491614818573,0.7526247501373291,-0.02754187397658825,0.6304262280464172,0.7026394605636597,-0.008143054321408272,0.6194133758544922,0.6285587549209595,-0.015701597556471825,0.6140274405479431,0.5842207074165344,-0.021527858451008797,0.6104280948638916,0.5447472929954529,-0.027913903817534447,0.659286618232727,0.6992982029914856,-0.015878252685070038,0.6557297110557556,0.6190178394317627,-0.02342580445110798,0.6535059213638306,0.5682522654533386,-0.032781798392534256,0.6531804203987122,0.5272209644317627,-0.040375929325819016,0.6837527751922607,0.7186810970306396,-0.02628142386674881,0.6979752779006958,0.6589661240577698,-0.04414774850010872,0.705644965171814,0.6130528450012207,-0.06263525038957596,0.71659255027771,0.5726339817047119,-0.0760345607995987,0.7026075124740601,0.7546939253807068,-0.03715076297521591,0.6844838857650757,0.733862578868866,-0.05958305299282074,0.665631890296936,0.7601324319839478,-0.06756766885519028,0.6559582948684692,0.7878417372703552,-0.07271125167608261
0.6585436463356018,0.8903202414512634,2.0137991896262974e-07,0.6283916234970093,0.8476225137710571,-0.012979542836546898,0.618625283241272,0.7928820848464966,-0.017687611281871796,0.6437669396400452,0.7646174430847168,-0.021686814725399017,0.6740983724594116,0.7507369518280029,-0.026290589943528175,0.6309393644332886,0.702767550945282,-0.007501432206481695,0.6195558905601501,0.6283859014511108,-0.014916891232132912,0.6141704320907593,0.5843308568000793,-0.020541733130812645,0.610273540019989,0.5448065996170044,-0.026782169938087463,0.6597371101379395,0.7004274129867554,-0.015651904046535492,0.656363844871521,0.6195542216300964,-0.02400185726583004,0.6544905304908752,0.5686279535293579,-0.03343578800559044,0.6539848446846008,0.5275146961212158,-0.0408301055431366,0.6839146614074707,0.7203524112701416,-0.02648993581533432,0.6979297995567322,0.6598309874534607,-0.04527081176638603,0.7059552073478699,0.6139535903930664,-0.06327936798334122,0.7167838215827942,0.5727985501289368,-0.07588104158639908,0.702642023563385,0.757355272769928,-0.037670694291591644,0.6856749653816223,0.7307403087615967,-0.05976216495037079,0.6658729314804077,0.7562309503555298,-0.06652268022298813,0.6545630693435669,0.7840133905410767,-0.07069925963878632
0.6577979326248169,0.8897552490234375,2.0985623905289685e-07,0.6291736960411072,0.8480731844902039,-0.01413426361978054,0.6193559765815735,0.7938399910926819,-0.018965179100632668,0.6451719999313354,0.7662432193756104,-0.02292718179523945,0.6767582893371582,0.7517061829566956,-0.027645006775856018,0.6299946308135986,0.703030526638031,-0.008015589788556099,0.6199616193771362,0.6288512349128723,-0.015851780772209167,0.615344762802124,0.5846865177154541,-0.021980520337820053,0.6120610237121582,0.5449438095092773,-0.028478309512138367,0.6594275832176208,0.6999902725219727,-0.015499335713684559,0.6569322943687439,0.6196115612983704,-0.02302304282784462,0.6553990244865417,0.5685948133468628,-0.0322999432682991,0.6552186012268066,0.526886522769928,-0.03984633833169937,0.6839578151702881,0.7196612358093262,-0.025826936587691307,0.6996622681617737,0.6593393087387085,-0.043782975524663925,0.7080877423286438,0.6145509481430054,-0.061704982072114944,0.7190464735031128,0.5746150016784668,-0.07455984503030777,0.702810525894165,0.7561489939689636,-0.036716278642416,0.6873940825462341,0.7328852415084839,-0.059002045542001724,0.6691789627075195,0.7593724131584167,-0.06624140590429306,0.659304141998291,0.7873072624206543,-0.07075884938240051
0.657323956489563,0.887752890586853,2.0783819820735516e-07,0.628218948841095,0.8458097577095032,-0.013385686092078686,0.619270920753479,0.7924877405166626,-0.01808697171509266,0.6447762250900269,0.7655219435691833,-0.021954547613859177,0.6747075915336609,0.750156044960022,-0.02636645920574665,0.6297404766082764,0.7021957635879517,-0.007029447238892317,0.6202285885810852,0.6284146308898926,-0.014079892076551914,0.6156714558601379,0.5849122405052185,-0.019353467971086502,0.612479567527771,0.545870304107666,-0.025294272229075432,0.6587862968444824,0.6990543603897095,-0.014660307206213474,0.6560887098312378,0.6187269687652588,-0.022318582981824875,0.6546441912651062,0.5685496926307678,-0.03126746788620949,0.6546828150749207,0.5278821587562561,-0.03837446868419647,0.6831466555595398,0.7183416485786438,-0.025036796927452087,0.698544442653656,0.6582162380218506,-0.043174080550670624,0.7071395516395569,0.6134911775588989,-0.06065629422664642,0.718410849571228,0.5732485055923462,-0.07308017462491989,0.7021840810775757,0.7548338174819946,-0.0358266718685627,0.6860500574111938,0.7314693331718445,-0.05775563418865204,0.6674004793167114,0.7583163380622864,-0.06444858014583588,0.6573703289031982,0.7863988876342773,-0.06856350600719452
0.6576719284057617,0.8878987431526184,2.0622292140615173e-07,0.6285954713821411,0.846173107624054,-0.013548363000154495,0.6190927028656006,0.7936868071556091,-0.018208423629403114,0.6441928148269653,0.7665907144546509,-0.022041086107492447,0.6738439202308655,0.7504526972770691,-0.026340458542108536,0.6300003528594971,0.7030424475669861,-0.007136180996894836,0.620333194732666,0.6295651197433472,-0.014687102288007736,0.6154539585113525,0.5859439969062805,-0.02034514583647251,0.6119176149368286,0.5466241240501404,-0.026433764025568962,0.6590341329574585,0.6996131539344788,-0.014783931896090508,0.6567121148109436,0.6191550493240356,-0.02262054942548275,0.6552303433418274,0.5686942338943481,-0.031395696103572845,0.6549253463745117,0.5274648070335388,-0.038290079683065414,0.6833016872406006,0.7188952565193176,-0.025265594944357872,0.6987574100494385,0.6593213081359863,-0.043326929211616516,0.707370936870575,0.6145697236061096,-0.06033901497721672,0.7183889150619507,0.5743200182914734,-0.07229219377040863,0.7020947337150574,0.7555646896362305,-0.036274880170822144,0.6869180798530579,0.7316052317619324,-0.05775134265422821,0.6685662865638733,0.7578221559524536,-0.06394515186548233,0.6582330465316772,0.7857217788696289,-0.06766939908266068
0.6580289602279663,0.8890288472175598,2.0331374628312915e-07,0.6286188960075378,0.8476963639259338,-0.013592064380645752,0.618991494178772,0.794553816318512,-0.018491165712475777,0.6440865993499756,0.7666688561439514,-0.022550802677869797,0.6739557981491089,0.7509645819664001,-0.027217404916882515,0.6300243139266968,0.702743411064148,-0.007553029805421829,0.6201359629631042,0.6289240121841431,-0.015137224458158016,0.6149266958236694,0.5851432681083679,-0.020992916077375412,0.6113919019699097,0.546111524105072,-0.027276575565338135,0.6589588522911072,0.6992693543434143,-0.015112248249351978,0.6560133695602417,0.6191112995147705,-0.022513192147016525,0.654342770576477,0.5687916874885559,-0.031555574387311935,0.6543380618095398,0.5282807946205139,-0.038867756724357605,0.6832706332206726,0.7186052799224854,-0.025437794625759125,0.6983693242073059,0.6592615246772766,-0.043076738715171814,0.7068052887916565,0.614413857460022,-0.06072910875082016,0.7180723547935486,0.5750051736831665,-0.0734408050775528,0.7019842267036438,0.754877507686615,-0.03628522902727127,0.6853145956993103,0.7330867052078247,-0.058202244341373444,0.6668957471847534,0.7591857314109802,-0.06545651704072952,0.6570960879325867,0.7868003249168396,-0.06998495012521744
0.65684974193573,0.8888831734657288,2.0822143653731473e-07,0.6276353597640991,0.8468710780143738,-0.012384573929011822,0.6188148260116577,0.7940614223480225,-0.01700475439429283,0.6427000761032104,0.7664891481399536,-0.021107004955410957,0.6705422401428223,0.7521118521690369,-0.025579817593097687,0.6293861865997314,0.7020566463470459,-0.005989349912852049,0.6191117763519287,0.6289250254631042,-0.013129406608641148,0.6138590574264526,0.5857173204421997,-0.018615419045090675,0.6101154685020447,0.5469753742218018,-0.024654798209667206,0.6577261090278625,0.6995785236358643,-0.014323629438877106,0.6540635228157043,0.6189370155334473,-0.02237144485116005,0.6525880098342896,0.5689657926559448,-0.03118637576699257,0.6525318026542664,0.5289589166641235,-0.03805537149310112,0.681879460811615,0.719917356967926,-0.025365913286805153,0.6960328817367554,0.6604369282722473,-0.0433196946978569,0.704651415348053,0.6161616444587708,-0.060028284788131714,0.7157900333404541,0.576797366142273,-0.07167251408100128,0.7006492018699646,0.7576665282249451,-0.03681458532810211,0.6850661635398865,0.7308141589164734,-0.05716980621218681,0.6665860414505005,0.7554948925971985,-0.06258118897676468,0.6564189791679382,0.7829605937004089,-0.06590145081281662
0.6569487452507019,0.8893292546272278,2.055152492630441e-07,0.6274195909500122,0.8480014801025391,-0.012159672565758228,0.6186509728431702,0.7952991127967834,-0.01667206920683384,0.6415959596633911,0.7674711346626282,-0.020630398765206337,0.6677157282829285,0.7517966628074646,-0.02496911585330963,0.6292646527290344,0.7024958729743958,-0.006178887560963631,0.6192633509635925,0.6294471025466919,-0.01336055900901556,0.6141248345375061,0.5861585140228271,-0.018802698701620102,0.6103221774101257,0.547241747379303,-0.024815388023853302,0.6574996113777161,0.7001646757125854,-0.014606228098273277,0.6543799638748169,0.619284987449646,-0.023301929235458374,0.6526508927345276,0.5691961646080017,-0.032426729798316956,0.6521123051643372,0.5287131667137146,-0.03930651769042015,0.6814691424369812,0.7203786969184875,-0.02563300170004368,0.6949018239974976,0.6606876850128174,-0.04420306533575058,0.7031471729278564,0.6160949468612671,-0.06096157431602478,0.7142143845558167,0.5761896371841431,-0.07245773077011108,0.7000700831413269,0.7579225897789001,-0.036991849541664124,0.6838258504867554,0.7314957976341248,-0.05780671909451485,0.6653096675872803,0.7561668753623962,-0.06326276808977127,0.6554804444313049,0.7833983898162842,-0.06645651906728745
0.6575120687484741,0.8890154361724854,2.061660495655815e-07,0.6274309754371643,0.8477439284324646,-0.012539123184978962,0.6174975037574768,0.7953746914863586,-0.01721234992146492,0.64151930809021,0.7681184411048889,-0.021300004795193672,0.6695588827133179,0.7533525824546814,-0.025855835527181625,0.628398060798645,0.7030917406082153,-0.0066763488575816154,0.6185283064842224,0.6298991441726685,-0.013897968456149101,0.6135894060134888,0.5867272615432739,-0.019345726817846298,0.6097206473350525,0.5481498837471008,-0.025399893522262573,0.6569132208824158,0.7000600099563599,-0.014932006597518921,0.6538296937942505,0.6193370223045349,-0.02311493270099163,0.6518484354019165,0.569542407989502,-0.03208436071872711,0.6509082317352295,0.529239296913147,-0.03901664540171623,0.6810181736946106,0.7201083898544312,-0.025814222171902657,0.694891095161438,0.66058349609375,-0.04394964873790741,0.7028952240943909,0.6160147190093994,-0.0609782449901104,0.7134499549865723,0.5761711597442627,-0.0728665217757225,0.6999045014381409,0.7576745748519897,-0.03707320615649223,0.6838566064834595,0.7330591678619385,-0.058057140558958054,0.6657490730285645,0.7579385638237,-0.06400733441114426,0.655830979347229,0.7850474119186401,-0.06760183721780777
0.6551503539085388,0.8894312381744385,1.9990054056506779e-07,0.6252720952033997,0.8479606509208679,-0.01203756220638752,0.6159694790840149,0.7960243225097656,-0.01640777662396431,0.6397908926010132,0.769579291343689,-0.020293230190873146,0.6655633449554443,0.7528343796730042,-0.024475689977407455,0.628388524055481,0.7033371329307556,-0.006117542274296284,0.6176233887672424,0.6304640173912048,-0.013432352803647518,0.612622082233429,0.5873600244522095,-0.01883493736386299,0.6091082096099854,0.5485296249389648,-0.024753650650382042,0.6566941142082214,0.7010045051574707,-0.014469370245933533,0.6536605358123779,0.6207683682441711,-0.023497002199292183,0.651728093624115,0.5709310173988342,-0.032263826578855515,0.6509231328964233,0.5302401781082153,-0.03877601400017738,0.6806898713111877,0.7211504578590393,-0.025499917566776276,0.6949426531791687,0.6613026261329651,-0.04442780837416649,0.702842652797699,0.616406261920929,-0.06079671531915665,0.7130657434463501,0.5760782361030579,-0.07183519005775452,0.6994796395301819,0.7592456340789795,-0.03687871992588043,0.6837993860244751,0.7329398989677429,-0.057997215539216995,0.6639600992202759,0.7585155367851257,-0.06332836300134659,0.6522815823554993,0.7867041826248169,-0.066318079829216
0.6538727283477783,0.888594925403595,1.9995866296085296e-07,0.6246471405029297,0.8465575575828552,-0.012420411221683025,0.6157755851745605,0.7956345081329346,-0.01769016869366169,0.6395277380943298,0.7684802412986755,-0.0222842525690794,0.6643486022949219,0.7507087588310242,-0.027068892493844032,0.6267585158348083,0.7027899026870728,-0.007976739667356014,0.6164076328277588,0.6297731399536133,-0.015455110929906368,0.6112774014472961,0.5866904258728027,-0.020653335377573967,0.6077535152435303,0.5477247834205627,-0.0265470203012228,0.6548431515693665,0.7001526355743408,-0.01609957590699196,0.6507337689399719,0.619972288608551,-0.025420337915420532,0.6491485238075256,0.570114254951477,-0.03446649760007858,0.649122953414917,0.5295606851577759,-0.04127994924783707,0.6790952682495117,0.7204527258872986,-0.026731552556157112,0.6920218467712402,0.6631730794906616,-0.04572800174355507,0.7003843784332275,0.6182613968849182,-0.06274814903736115,0.7116644382476807,0.5778781175613403,-0.07460202276706696,0.6983743906021118,0.7581833600997925,-0.0376601368188858,0.6799701452255249,0.7360235452651978,-0.05915191024541855,0.6585782170295715,0.7612023949623108,-0.06551402807235718,0.6461653113365173,0.7881274223327637,-0.06945155560970306
0.6549454927444458,0.8897514939308167,2.0224098307153326e-07,0.6249997615814209,0.849301278591156,-0.012523961253464222,0.6141941547393799,0.7991250157356262,-0.017729338258504868,0.6363843679428101,0.7717246413230896,-0.02227913774549961,0.661726176738739,0.7538256645202637,-0.027090715244412422,0.626236617565155,0.7031832337379456,-0.007581834681332111,0.6154276728630066,0.6300666332244873,-0.0154555169865489,0.6106485724449158,0.5866497159004211,-0.021147988736629486,0.6073078513145447,0.5474905967712402,-0.027227267622947693,0.6544159054756165,0.7008299231529236,-0.015853000804781914,0.6504842638969421,0.6203104853630066,-0.025530055165290833,0.6491018533706665,0.5706766843795776,-0.03441929072141647,0.6488490700721741,0.5301164984703064,-0.040875472128391266,0.6785868406295776,0.7211092114448547,-0.026713235303759575,0.6915449500083923,0.6630293726921082,-0.045856814831495285,0.699445366859436,0.6182264089584351,-0.06198203191161156,0.7101584076881409,0.5778438448905945,-0.07290466129779816,0.6975793838500977,0.759268045425415,-0.03796560317277908,0.6805806159973145,0.7343310117721558,-0.059087321162223816,0.6610419750213623,0.7605510950088501,-0.06415101885795593,0.6502554416656494,0.7890304923057556,-0.06693535298109055
0.654449999332428,0.8893255591392517,2.0003493261810945e-07,0.6250516176223755,0.8485472202301025,-0.01328954566270113,0.6143431067466736,0.796258807182312,-0.01834302581846714,0.6382079720497131,0.7693051695823669,-0.022772258147597313,0.6650763154029846,0.7534075975418091,-0.027956264093518257,0.6254482269287109,0.7042988538742065,-0.008022073656320572,0.6146749258041382,0.6315205097198486,-0.015913207083940506,0.6099770069122314,0.5878307819366455,-0.021962234750390053,0.6064906716346741,0.5485777854919434,-0.028493886813521385,0.6541262269020081,0.7007599472999573,-0.01598828285932541,0.6508045196533203,0.6214665770530701,-0.02372807078063488,0.6489367485046387,0.5719931721687317,-0.03287030756473541,0.6482548713684082,0.5310632586479187,-0.0403321199119091,0.6784721612930298,0.7203307747840881,-0.02665424905717373,0.6916265487670898,0.6618543863296509,-0.044272225350141525,0.698641836643219,0.6167640686035156,-0.06180503964424133,0.7084677815437317,0.5762323141098022,-0.07470177114009857,0.6977018713951111,0.7568753957748413,-0.037865981459617615,0.6798526048660278,0.7378378510475159,-0.05977514013648033,0.6613540649414062,0.7639309167861938,-0.06717376410961151,0.6512861251831055,0.7906513810157776,-0.07202977687120438
0.6542713046073914,0.8888378739356995,1.979268233753828e-07,0.624514639377594,0.848125159740448,-0.011957543902099133,0.6146117448806763,0.7968938946723938,-0.01634405180811882,0.6386002898216248,0.7691571712493896,-0.020250137895345688,0.6649608612060547,0.7512140274047852,-0.02459382638335228,0.6249905824661255,0.7044505476951599,-0.006462721154093742,0.6144483685493469,0.6313145756721497,-0.01375630497932434,0.6096481680870056,0.5874963998794556,-0.018977809697389603,0.6060380935668945,0.5484226942062378,-0.024850597605109215,0.6533153057098389,0.7010963559150696,-0.014760386198759079,0.6497209072113037,0.6213439106941223,-0.023463314399123192,0.6480754017829895,0.5716403722763062,-0.032230477780103683,0.6473960280418396,0.5310469269752502,-0.03891339898109436,0.6775317192077637,0.7206060290336609,-0.025666922330856323,0.691380500793457,0.6618180274963379,-0.04412910342216492,0.6985123157501221,0.6169657707214355,-0.06076779589056969,0.7077285051345825,0.5764280557632446,-0.07237625122070312,0.6970092058181763,0.7580721974372864,-0.03691597282886505,0.6813653111457825,0.7346023321151733,-0.05817880854010582,0.661270022392273,0.7597565054893494,-0.06426245719194412,0.6487910747528076,0.7867711186408997,-0.06795741617679596
0.6538184881210327,0.8895846009254456,2.0659058463934343e-07,0.6245508790016174,0.8483591675758362,-0.011621793732047081,0.6148438453674316,0.794954776763916,-0.01529583241790533,0.6390833258628845,0.7676910758018494,-0.018546955659985542,0.6670518517494202,0.7535689473152161,-0.022426798939704895,0.6252153515815735,0.7043046355247498,-0.005253266543149948,0.6139476895332336,0.6312854290008545,-0.012039056979119778,0.609112560749054,0.5870765447616577,-0.017023321241140366,0.6057111024856567,0.5479270815849304,-0.022766653448343277,0.6539324522018433,0.7010721564292908,-0.013785137794911861,0.6502380967140198,0.6211643815040588,-0.021929016336798668,0.6486514806747437,0.5707136392593384,-0.03059525601565838,0.6482564806938171,0.5295718908309937,-0.03718908131122589,0.678367555141449,0.720825731754303,-0.024986330419778824,0.6919944286346436,0.6614550948143005,-0.04343074932694435,0.6993035078048706,0.6161360740661621,-0.060636647045612335,0.7091584205627441,0.5752933621406555,-0.07252028584480286,0.6973459720611572,0.7583986520767212,-0.036490969359874725,0.6799649000167847,0.7350496053695679,-0.05821624770760536,0.6604675650596619,0.7615920901298523,-0.06470303237438202,0.6494311094284058,0.7897279262542725,-0.06858520954847336
0.6546897888183594,0.8903264403343201,2.0280540979911166e-07,0.6260073781013489,0.8496769666671753,-0.012549610808491707,0.6152891516685486,0.7959346771240234,-0.01680004969239235,0.6389286518096924,0.7682363986968994,-0.02050916664302349,0.6674206852912903,0.7528773546218872,-0.025029858574271202,0.6243857145309448,0.7049918174743652,-0.006806832738220692,0.6137619614601135,0.6313599944114685,-0.014175040647387505,0.6088960766792297,0.5869500637054443,-0.019776642322540283,0.6052179932594299,0.5475204586982727,-0.02593804895877838,0.6531559824943542,0.7015141844749451,-0.014876898378133774,0.6502812504768372,0.6213632822036743,-0.022351890802383423,0.6484202742576599,0.5712602138519287,-0.03127945587038994,0.6479642391204834,0.5305124521255493,-0.03839905187487602,0.6777980923652649,0.7207424640655518,-0.02556689828634262,0.6914055943489075,0.6612392663955688,-0.04303431510925293,0.6986003518104553,0.6163152456283569,-0.06045231595635414,0.7090892195701599,0.5763913989067078,-0.07306482642889023,0.6972025036811829,0.7568286061286926,-0.03671456128358841,0.6797159314155579,0.7371955513954163,-0.05854733660817146,0.6617855429649353,0.7638230323791504,-0.06572884321212769,0.6528165340423584,0.7911307215690613,-0.07023867219686508
0.6523810029029846,0.8921546339988708,1.9832478415082733e-07,0.6232379674911499,0.8494560718536377,-0.011285916902124882,0.6143087148666382,0.7955993413925171,-0.015052588656544685,0.6380696892738342,0.7682833075523376,-0.01842750795185566,0.6646291017532349,0.7508236169815063,-0.022250283509492874,0.6242466568946838,0.7041469216346741,-0.00517145125195384,0.6129482388496399,0.6306782960891724,-0.012196133844554424,0.6078512668609619,0.58687424659729,-0.017387397587299347,0.604242205619812,0.5475315451622009,-0.02325539104640484,0.6526481509208679,0.70118647813797,-0.013856779783964157,0.6479357481002808,0.6210265755653381,-0.02253587916493416,0.6460842490196228,0.5705211162567139,-0.03157643973827362,0.6456998586654663,0.5294619798660278,-0.038369931280612946,0.6772265434265137,0.7210378646850586,-0.02517732046544552,0.6899372339248657,0.6613138318061829,-0.044159796088933945,0.697862982749939,0.6162480711936951,-0.06125544011592865,0.7084046006202698,0.5753320455551147,-0.07294187694787979,0.6968181133270264,0.7590097188949585,-0.036726128309965134,0.6793213486671448,0.7334347367286682,-0.05865298956632614,0.6590104103088379,0.7596383094787598,-0.06484121829271317,0.6468965411186218,0.7878616452217102,-0.06841374933719635
0.6516708135604858,0.8902279138565063,2.0162477198937268e-07,0.6219388246536255,0.8478618264198303,-0.011760326102375984,0.6142667531967163,0.7942075133323669,-0.015760786831378937,0.6395729184150696,0.7664749026298523,-0.01936044543981552,0.6656100153923035,0.7516904473304749,-0.023494642227888107,0.6241612434387207,0.7035848498344421,-0.00517247011885047,0.6131563782691956,0.630456805229187,-0.011939762160182,0.6081125736236572,0.587332010269165,-0.01708834432065487,0.6045580506324768,0.548607349395752,-0.022907966747879982,0.6520534157752991,0.7008541822433472,-0.013378335162997246,0.647216260433197,0.620106041431427,-0.021665535867214203,0.6452876925468445,0.5702700614929199,-0.030666640028357506,0.6448941826820374,0.529980480670929,-0.03740440309047699,0.6761956214904785,0.7208179235458374,-0.02415314130485058,0.6890888810157776,0.6615258455276489,-0.04223549738526344,0.6965814232826233,0.6171473860740662,-0.059127774089574814,0.7065389752388,0.5773240923881531,-0.0708221048116684,0.6956979036331177,0.758354663848877,-0.03525267168879509,0.6794183850288391,0.7339491844177246,-0.05579889938235283,0.6598182916641235,0.7595792412757874,-0.06147802993655205,0.6483857035636902,0.7873216867446899,-0.06489886343479156
0.6506882905960083,0.8914483189582825,1.8331245144054265e-07,0.6215100288391113,0.8489755988121033,-0.011415516026318073,0.6130713224411011,0.7954216599464417,-0.01551684271544218,0.6372544765472412,0.7674861550331116,-0.019350415095686913,0.6623510718345642,0.7497366070747375,-0.023518985137343407,0.6232762336730957,0.7035054564476013,-0.004967400338500738,0.6125780940055847,0.6304365396499634,-0.011780655942857265,0.6077126264572144,0.5872863531112671,-0.016952138394117355,0.6046099066734314,0.5485148429870605,-0.022848600521683693,0.6509352922439575,0.7006341218948364,-0.01338912546634674,0.6458685398101807,0.6209719777107239,-0.021139563992619514,0.6439328193664551,0.5711049437522888,-0.02995947189629078,0.644024133682251,0.5310236811637878,-0.03694481775164604,0.6753218173980713,0.7207816243171692,-0.024449922144412994,0.6883529424667358,0.6618632078170776,-0.042287398129701614,0.6960834264755249,0.6176540851593018,-0.059289686381816864,0.7067975997924805,0.5784226655960083,-0.07143796235322952,0.6950943470001221,0.7584470510482788,-0.03582901880145073,0.6770780086517334,0.7356447577476501,-0.05705969035625458,0.65556800365448,0.7609178423881531,-0.06366431713104248,0.6428081393241882,0.7880153059959412,-0.06788014620542526
0.6495541930198669,0.8891533613204956,2.0192136673813366e-07,0.6210431456565857,0.8472618460655212,-0.012981878593564034,0.612292468547821,0.7934552431106567,-0.017736485227942467,0.6371636390686035,0.7666752934455872,-0.021769143640995026,0.663612425327301,0.7514517903327942,-0.026251522824168205,0.6211432218551636,0.7038007974624634,-0.0074654268100857735,0.6111456155776978,0.6305509209632874,-0.014553519897162914,0.6067892909049988,0.5874710083007812,-0.019668612629175186,0.6037801504135132,0.5485242605209351,-0.025504348799586296,0.6488096714019775,0.7003743648529053,-0.01508525013923645,0.6449363231658936,0.6204858422279358,-0.022463630884885788,0.6433080434799194,0.5710279941558838,-0.031243164092302322,0.6437730193138123,0.5309348702430725,-0.0383208766579628,0.6731927990913391,0.7193177342414856,-0.025322122499346733,0.6873231530189514,0.6624965071678162,-0.043082982301712036,0.6957940459251404,0.6184325814247131,-0.06077679619193077,0.7073804140090942,0.5787968635559082,-0.07363142818212509,0.6930655241012573,0.7548927068710327,-0.0359903983771801,0.6750500798225403,0.7369926571846008,-0.05779556185007095,0.6546742916107178,0.765053927898407,-0.06515835225582123,0.6434289813041687,0.7930859923362732,-0.06998496502637863
0.6496236324310303,0.8876644372940063,1.9824918240374245e-07,0.6205672025680542,0.8465609550476074,-0.012756837531924248,0.6117936968803406,0.7950470447540283,-0.01766068860888481,0.6363601684570312,0.7676301002502441,-0.021896682679653168,0.6618028879165649,0.7496491074562073,-0.026311591267585754,0.6211762428283691,0.703899621963501,-0.006915197242051363,0.6100509166717529,0.6313202381134033,-0.01440169382840395,0.6053958535194397,0.5887933969497681,-0.019861474633216858,0.6020244359970093,0.5502082705497742,-0.025761017575860023,0.6488934755325317,0.7008800506591797,-0.01475552935153246,0.6446705460548401,0.6209762692451477,-0.02317817695438862,0.6426782608032227,0.571941614151001,-0.03175763413310051,0.6419327259063721,0.5320428609848022,-0.03836598992347717,0.6730035543441772,0.7201964855194092,-0.02531811036169529,0.6869457960128784,0.6615110635757446,-0.04356855899095535,0.6945234537124634,0.6170753240585327,-0.059963975101709366,0.7043895721435547,0.5767620205879211,-0.07142531871795654,0.6926703453063965,0.7572877407073975,-0.03631157800555229,0.6781159043312073,0.7323592305183411,-0.05700764060020447,0.6584365367889404,0.7584022879600525,-0.06240379810333252,0.6464325189590454,0.7863147258758545,-0.06570570170879364
0.6488053202629089,0.8890054821968079,1.9851678700888442e-07,0.6196542382240295,0.8481525778770447,-0.01239710208028555,0.6099637150764465,0.7954146862030029,-0.01689581200480461,0.6342591643333435,0.7688104510307312,-0.020858312025666237,0.6611458659172058,0.7524599432945251,-0.025287862867116928,0.6196815967559814,0.705100953578949,-0.006799228023737669,0.6088675260543823,0.6326189637184143,-0.01414012722671032,0.6040050983428955,0.5892155766487122,-0.019611956551671028,0.6003194451332092,0.5500000715255737,-0.025701817125082016,0.647773802280426,0.7014257311820984,-0.014871732331812382,0.6438889503479004,0.6219606399536133,-0.023154662922024727,0.6421711444854736,0.5722071528434753,-0.03215286508202553,0.6416475772857666,0.5315485000610352,-0.03919655457139015,0.6721818447113037,0.7204660177230835,-0.025561006739735603,0.6857039332389832,0.6623720526695251,-0.043618325144052505,0.693617045879364,0.6180028915405273,-0.06048029288649559,0.7040489912033081,0.57790207862854,-0.07242745906114578,0.6918126344680786,0.757041871547699,-0.03665141761302948,0.6756370067596436,0.7335823178291321,-0.057648543268442154,0.6560745239257812,0.7593579888343811,-0.06377176195383072,0.644719660282135,0.78672856092453,-0.06765368580818176
0.6486007571220398,0.8895223140716553,1.8612263374961913e-07,0.6186573505401611,0.847931981086731,-0.010998515412211418,0.6086001396179199,0.7951343655586243,-0.014600273221731186,0.631919264793396,0.7680231928825378,-0.01790425181388855,0.6572818160057068,0.750221312046051,-0.021695662289857864,0.6192009449005127,0.7047387957572937,-0.0051721204072237015,0.6081315279006958,0.6326798796653748,-0.012320255860686302,0.6033547520637512,0.589570164680481,-0.017712239176034927,0.5999525189399719,0.5508444309234619,-0.02371205762028694,0.6472005248069763,0.7012256383895874,-0.013856484554708004,0.6434973478317261,0.621934711933136,-0.022403208538889885,0.6414982676506042,0.572279691696167,-0.031386133283376694,0.6406674385070801,0.5316226482391357,-0.03821518272161484,0.6712568998336792,0.7202998995780945,-0.02511448785662651,0.6845726370811462,0.6614477038383484,-0.043737467378377914,0.6919655799865723,0.6174299120903015,-0.060587864369153976,0.7014794945716858,0.5772677063941956,-0.07229412347078323,0.6907151937484741,0.7576437592506409,-0.036625318229198456,0.6747618913650513,0.7339574694633484,-0.058313798159360886,0.6543076634407043,0.7600775957107544,-0.0645764097571373,0.6411933898925781,0.7875991463661194,-0.06832040101289749
0.6471432447433472,0.8906270265579224,2.0067805905910063e-07,0.6181923151016235,0.849032998085022,-0.011746457777917385,0.6095749735832214,0.7950134873390198,-0.015296290628612041,0.6336206197738647,0.7671219706535339,-0.018401632085442543,0.6596299409866333,0.7513155341148376,-0.02195988968014717,0.6170246601104736,0.7062145471572876,-0.004789249040186405,0.6063485145568848,0.6335108280181885,-0.011462228372693062,0.601588785648346,0.590283989906311,-0.016486279666423798,0.5979750156402588,0.5512908101081848,-0.02222282439470291,0.6448830962181091,0.7027027606964111,-0.013126571662724018,0.6403270363807678,0.6226212382316589,-0.02089414931833744,0.6384570598602295,0.5723761320114136,-0.029718108475208282,0.6381067633628845,0.5314716100692749,-0.03650922328233719,0.6694480776786804,0.7220523357391357,-0.02412792667746544,0.681981086730957,0.6633612513542175,-0.04243303835391998,0.6897286176681519,0.6188105940818787,-0.05968014895915985,0.700341522693634,0.5780153274536133,-0.07166729122400284,0.6891688704490662,0.7588505744934082,-0.03543498367071152,0.6717599034309387,0.735451877117157,-0.05706480145454407,0.6519150733947754,0.7625939846038818,-0.06338101625442505,0.6406415104866028,0.7906271815299988,-0.06719571352005005
0.6485427618026733,0.8924202919006348,2.0112800314109336e-07,0.6188751459121704,0.8507158160209656,-0.011943276040256023,0.6085929274559021,0.7955085039138794,-0.015642806887626648,0.6324169039726257,0.767932116985321,-0.018969975411891937,0.6602792143821716,0.7543167471885681,-0.023136429488658905,0.6174252033233643,0.706918478012085,-0.0054446314461529255,0.6060361266136169,0.6338292360305786,-0.012375597842037678,0.6004942655563354,0.5900595188140869,-0.017949288710951805,0.5961748957633972,0.5508975982666016,-0.024204527959227562,0.6458216309547424,0.7037799954414368,-0.013852176256477833,0.6415687799453735,0.6244546175003052,-0.02109394781291485,0.6390290856361389,0.5742334723472595,-0.03055723011493683,0.6380031704902649,0.5331749320030212,-0.03828107938170433,0.6702196002006531,0.723585844039917,-0.024892952293157578,0.6828017830848694,0.6639927625656128,-0.042650122195482254,0.6896530389785767,0.6192823648452759,-0.06072988361120224,0.6993144750595093,0.5787074565887451,-0.07373475283384323,0.6891818046569824,0.7601534128189087,-0.03623933717608452,0.6707753539085388,0.7364619970321655,-0.05816858261823654,0.6523017287254333,0.7619274258613586,-0.06543993949890137,0.6423737406730652,0.7882530689239502,-0.07011618465185165
0.6487886309623718,0.8928730487823486,2.160079333179965e-07,0.6184870600700378,0.8519886136054993,-0.01316582877188921,0.6072018146514893,0.7984470725059509,-0.017712615430355072,0.630856990814209,0.7698781490325928,-0.021647939458489418,0.6595242023468018,0.7542210221290588,-0.026180097833275795,0.6169796586036682,0.7075936198234558,-0.006794705055654049,0.6048865914344788,0.6337211728096008,-0.014708446338772774,0.5999020338058472,0.5895187854766846,-0.0210321843624115,0.5958980321884155,0.5502992272377014,-0.027531171217560768,0.6455234885215759,0.7043660283088684,-0.014708558097481728,0.6413257718086243,0.624173641204834,-0.0226229727268219,0.6390659213066101,0.5738208889961243,-0.03194854035973549,0.6377509236335754,0.5328443050384521,-0.03930874541401863,0.6697188019752502,0.723922848701477,-0.025417882949113846,0.6829578280448914,0.663431704044342,-0.04314720258116722,0.689877986907959,0.6187667846679688,-0.06015564501285553,0.6989207863807678,0.5785542726516724,-0.07216845452785492,0.6887651681900024,0.7610030174255371,-0.03664474934339523,0.6741293668746948,0.7341569662094116,-0.05760396271944046,0.6564543843269348,0.7588837742805481,-0.06344660371541977,0.6460230946540833,0.7857373952865601,-0.06699955463409424
0.6487957239151001,0.8934560418128967,2.146855564433281e-07,0.6190010905265808,0.8528206944465637,-0.013371448963880539,0.6077585220336914,0.7996240854263306,-0.01793750375509262,0.6306387186050415,0.7706817388534546,-0.021833565086126328,0.6583491563796997,0.7535272836685181,-0.026282891631126404,0.6167892813682556,0.7077589631080627,-0.007225481793284416,0.6038345098495483,0.6338497400283813,-0.015409848652780056,0.5990731120109558,0.5892236828804016,-0.021790048107504845,0.5955515503883362,0.5494495630264282,-0.028291136026382446,0.6457246541976929,0.7039855122566223,-0.015081494115293026,0.6416143774986267,0.6238023042678833,-0.02325388416647911,0.6392745971679688,0.5733304023742676,-0.03242794796824455,0.6377447247505188,0.5317827463150024,-0.039624493569135666,0.6702888011932373,0.7233767509460449,-0.025790873914957047,0.6845628023147583,0.6635737419128418,-0.04404854029417038,0.6917210817337036,0.6193645000457764,-0.061015691608190536,0.7006193399429321,0.5794538855552673,-0.07286139577627182,0.6895943880081177,0.7602658867835999,-0.03703301399946213,0.674788773059845,0.734948456287384,-0.05864522233605385,0.6563830971717834,0.7606268525123596,-0.06485509872436523,0.6449966430664062,0.7877974510192871,-0.0685846358537674
0.6478553414344788,0.8924180865287781,2.0582433535309974e-07,0.6180871725082397,0.8518617749214172,-0.01235685870051384,0.6071845293045044,0.7987864017486572,-0.016256453469395638,0.6305318474769592,0.7709767818450928,-0.01956145279109478,0.6576743721961975,0.7542383670806885,-0.023288315162062645,0.6173630952835083,0.706937313079834,-0.006208387669175863,0.604788601398468,0.6332473754882812,-0.013830074109137058,0.5999963879585266,0.589443564414978,-0.019435424357652664,0.59657883644104,0.5503922700881958,-0.025409724563360214,0.6458589434623718,0.7032132744789124,-0.014431042596697807,0.6413284540176392,0.622758686542511,-0.023117953911423683,0.6389038562774658,0.5728498697280884,-0.031978730112314224,0.637443482875824,0.5316611528396606,-0.03860439732670784,0.6699988842010498,0.7225505709648132,-0.025413231924176216,0.683692455291748,0.6626067161560059,-0.04422856122255325,0.690531849861145,0.6183300018310547,-0.06090595945715904,0.6991514563560486,0.5775254368782043,-0.07221180200576782,0.6890304088592529,0.760442316532135,-0.03678087145090103,0.6738070845603943,0.7351164817810059,-0.058188602328300476,0.6549035906791687,0.7612337470054626,-0.0638386458158493,0.6430076360702515,0.788937509059906,-0.06706234812736511
0.6479144096374512,0.8932687640190125,1.972220644574918e-07,0.6186239719390869,0.8524218797683716,-0.011896497569978237,0.6079938411712646,0.7979764342308044,-0.015382159501314163,0.6309511661529541,0.7702711224555969,-0.018396470695734024,0.6576554775238037,0.7540189027786255,-0.021915527060627937,0.6172017455101013,0.7065808773040771,-0.005261684767901897,0.6050160527229309,0.6330687999725342,-0.012317034415900707,0.5998292565345764,0.5890671610832214,-0.017490370199084282,0.5960123538970947,0.5499389171600342,-0.023288434371352196,0.6455739736557007,0.7029665112495422,-0.013490356504917145,0.6407569646835327,0.6228057742118835,-0.021776195615530014,0.6385245323181152,0.5724880695343018,-0.030598608776926994,0.63749760389328,0.5313135981559753,-0.03731503337621689,0.6698878407478333,0.722303569316864,-0.02445218339562416,0.6829668879508972,0.6629919409751892,-0.04308874532580376,0.6902769804000854,0.6181844472885132,-0.060312189161777496,0.6997086405754089,0.5774638652801514,-0.07217824459075928,0.6890573501586914,0.7595222592353821,-0.035737212747335434,0.6724559664726257,0.7356386780738831,-0.057646557688713074,0.6527564525604248,0.7619173526763916,-0.06416209787130356,0.640566885471344,0.7897377014160156,-0.06804633885622025
0.6479473114013672,0.8942506909370422,1.9270798645720788e-07,0.61860591173172,0.8524460792541504,-0.011240287683904171,0.6085798740386963,0.7970916032791138,-0.014231395907700062,0.6318753361701965,0.7689387798309326,-0.016893530264496803,0.6585380434989929,0.7530956864356995,-0.020027056336402893,0.6176906228065491,0.7068344354629517,-0.004437405150383711,0.6052199006080627,0.6333074569702148,-0.011256245896220207,0.5998088121414185,0.5893571376800537,-0.016256947070360184,0.5959067344665527,0.5501145124435425,-0.021956903859972954,0.6459379196166992,0.7035716772079468,-0.012940139509737492,0.6408163905143738,0.6235405206680298,-0.0213962160050869,0.63853919506073,0.5731812715530396,-0.030291493982076645,0.6375740170478821,0.5318441987037659,-0.03696369379758835,0.6702423095703125,0.7231138944625854,-0.024134505540132523,0.6831235885620117,0.6636373400688171,-0.042834747582674026,0.6903505921363831,0.6185618042945862,-0.06010466814041138,0.6996563076972961,0.5773152709007263,-0.07187991589307785,0.6894309520721436,0.7607281804084778,-0.035588376224040985,0.6729351282119751,0.7359368205070496,-0.05700303614139557,0.6528795957565308,0.7614206671714783,-0.06326711922883987,0.640387237071991,0.7888182401657104,-0.06701713055372238
0.648446261882782,0.8926824927330017,2.0962720270745194e-07,0.6180107593536377,0.8516834378242493,-0.012803393416106701,0.6076676249504089,0.7982921600341797,-0.017296666279435158,0.6319054961204529,0.7708666324615479,-0.02127775363624096,0.6586179733276367,0.754896879196167,-0.025934139266610146,0.6168060302734375,0.7063544392585754,-0.006580727640539408,0.6049754023551941,0.633025586605072,-0.014124740846455097,0.5998127460479736,0.5893650650978088,-0.020017586648464203,0.5961634516716003,0.5504156947135925,-0.0263686366379261,0.6451805830001831,0.7024114727973938,-0.014496997930109501,0.6405142545700073,0.6228144764900208,-0.021967675536870956,0.6381986737251282,0.5732086896896362,-0.03119368851184845,0.6375124454498291,0.5327509641647339,-0.03869655355811119,0.6694148182868958,0.7218776345252991,-0.025143830105662346,0.682272732257843,0.6628128290176392,-0.04263928160071373,0.6890754103660583,0.6186968684196472,-0.06025101616978645,0.6984507441520691,0.579079806804657,-0.07303828746080399,0.6886814832687378,0.7586961388587952,-0.036265525966882706,0.6716921329498291,0.7371883988380432,-0.05780348926782608,0.6529449820518494,0.7627152800559998,-0.06502241641283035,0.641968846321106,0.7894781231880188,-0.06969057768583298
0.6483717560768127,0.8934630155563354,2.0390230304201395e-07,0.6180964708328247,0.8520064353942871,-0.012018975801765919,0.6079012155532837,0.7983185052871704,-0.015938851982355118,0.6314243674278259,0.7707810997962952,-0.019417190924286842,0.6579239368438721,0.7543619871139526,-0.023380931466817856,0.6170387268066406,0.7068235278129578,-0.005677283275872469,0.6040778160095215,0.6340413093566895,-0.013068952597677708,0.5984730124473572,0.5897654891014099,-0.0185527466237545,0.5951850414276123,0.5504459142684937,-0.024549812078475952,0.6455205678939819,0.7027448415756226,-0.013906893320381641,0.6407567262649536,0.6234038472175598,-0.022132854908704758,0.6384157538414001,0.5727695822715759,-0.03090582974255085,0.637877345085144,0.5313751697540283,-0.037676144391298294,0.670005738735199,0.7222167253494263,-0.024915950372815132,0.6824790239334106,0.6623771786689758,-0.04352467134594917,0.6897220611572266,0.6176822185516357,-0.06079499423503876,0.6996390223503113,0.5774980783462524,-0.07273002713918686,0.6891123056411743,0.7598851919174194,-0.0362841859459877,0.670252799987793,0.7365215420722961,-0.058425743132829666,0.6500645279884338,0.7628865242004395,-0.0654197484254837,0.6383053064346313,0.7909063696861267,-0.06961633265018463
0.6486241817474365,0.8931716084480286,2.087002997086529e-07,0.618610680103302,0.8515570163726807,-0.01229217927902937,0.6081939935684204,0.7983381748199463,-0.016471020877361298,0.6316113471984863,0.7707197070121765,-0.02020752616226673,0.6581466794013977,0.7537879347801208,-0.024334734305739403,0.6169567108154297,0.7064557671546936,-0.005877923220396042,0.6042038202285767,0.6332983374595642,-0.013429589569568634,0.5988444685935974,0.5891438722610474,-0.018979564309120178,0.5953273773193359,0.5497311353683472,-0.02501326985657215,0.6451280117034912,0.7028241753578186,-0.014078552834689617,0.6402902007102966,0.6234581470489502,-0.022485172376036644,0.638282835483551,0.5729350447654724,-0.03123331442475319,0.6377999782562256,0.531554639339447,-0.03796018287539482,0.6694424152374268,0.7224237322807312,-0.025111105293035507,0.6820259690284729,0.6634382605552673,-0.0436941422522068,0.6894341707229614,0.6184201836585999,-0.06067478284239769,0.6993023157119751,0.5775437951087952,-0.07244434207677841,0.6886435747146606,0.7601183652877808,-0.036564797163009644,0.6713597774505615,0.7362913489341736,-0.05830874294042587,0.6511355638504028,0.7624451518058777,-0.06478948146104813,0.638763427734375,0.7901489734649658,-0.06871087849140167
0.6482053995132446,0.8932226896286011,2.0494164232331968e-07,0.618188738822937,0.8519068956375122,-0.012105900794267654,0.6082152724266052,0.7974849343299866,-0.015699123963713646,0.6321631073951721,0.7699878811836243,-0.018839584663510323,0.658936083316803,0.7539294958114624,-0.022648967802524567,0.6168341636657715,0.7070268392562866,-0.005491122603416443,0.60423743724823,0.6338458061218262,-0.012831409461796284,0.5987926721572876,0.589560329914093,-0.018451549112796783,0.5953148007392883,0.5501367449760437,-0.024560293182730675,0.6452897787094116,0.703030526638031,-0.013595107942819595,0.6404564380645752,0.6236892342567444,-0.021414149552583694,0.6381546258926392,0.5731456279754639,-0.030376261100172997,0.6375789046287537,0.5314691662788391,-0.03744948282837868,0.6696577072143555,0.7222414612770081,-0.02449384145438671,0.6822397112846375,0.6629062294960022,-0.04258793964982033,0.6892797350883484,0.6182502508163452,-0.06018448621034622,0.698889970779419,0.5776643753051758,-0.07259440422058105,0.6888716816902161,0.7590497732162476,-0.035789769142866135,0.6708311438560486,0.7369073629379272,-0.057685837149620056,0.6513614058494568,0.7630868554115295,-0.06495149433612823,0.6400483250617981,0.7901808023452759,-0.06949635595083237
0.6482888460159302,0.8940256237983704,2.009135045000221e-07,0.6179871559143066,0.8530078530311584,-0.011579031124711037,0.6067966818809509,0.7982867956161499,-0.015103688463568687,0.6304331421852112,0.7698296904563904,-0.018256939947605133,0.6577306389808655,0.7547401189804077,-0.022059092298150063,0.6168553829193115,0.7069115042686462,-0.005715625826269388,0.6041926741600037,0.6336928009986877,-0.012897128239274025,0.5986807942390442,0.5896168947219849,-0.01835421286523342,0.5948154926300049,0.5501886606216431,-0.02447025664150715,0.6453036069869995,0.7035642266273499,-0.014214075170457363,0.6405519843101501,0.6238248348236084,-0.02243911102414131,0.6384779214859009,0.5733514428138733,-0.03144031763076782,0.6378217339515686,0.5317732095718384,-0.03847157582640648,0.6695981621742249,0.7233281135559082,-0.025396224111318588,0.6823945641517639,0.6637463569641113,-0.04382728412747383,0.6895096302032471,0.6185011267662048,-0.06134103611111641,0.6987890601158142,0.5773477554321289,-0.07357116043567657,0.6886256337165833,0.7609593868255615,-0.03689403086900711,0.6717613339424133,0.7361859679222107,-0.05856267362833023,0.6517132520675659,0.7613078355789185,-0.0653967633843422,0.6392189860343933,0.788237988948822,-0.06967537105083466
0.6488333940505981,0.8943637609481812,2.040463016328431e-07,0.6182321310043335,0.8533474802970886,-0.011904846876859665,0.6069230437278748,0.7986425161361694,-0.015739697962999344,0.6305876970291138,0.77003413438797,-0.019239244982600212,0.658238410949707,0.7550496459007263,-0.023490874096751213,0.6168919801712036,0.7077606320381165,-0.005919553805142641,0.6040154695510864,0.634629487991333,-0.01343496423214674,0.5986545085906982,0.590373158454895,-0.019289448857307434,0.5947872996330261,0.550762951374054,-0.025659512728452682,0.6453194618225098,0.7038888335227966,-0.014366701245307922,0.6406320929527283,0.6237915754318237,-0.022373294457793236,0.6382914781570435,0.573192298412323,-0.031394653022289276,0.6370519995689392,0.5316156148910522,-0.038529809564352036,0.6695692539215088,0.7233284711837769,-0.025550477206707,0.6826497316360474,0.6632981300354004,-0.04370645806193352,0.6895886063575745,0.6180683374404907,-0.061136242002248764,0.6985198259353638,0.5773791074752808,-0.07343924790620804,0.6885261535644531,0.7605534791946411,-0.037119850516319275,0.6722426414489746,0.7360743284225464,-0.05876288563013077,0.6525635719299316,0.7617639899253845,-0.06553301215171814,0.6402552127838135,0.7891227602958679,-0.06980399787425995
0.6485414505004883,0.8937078714370728,2.079589194181608e-07,0.6181437373161316,0.8528271317481995,-0.012573281303048134,0.6073192954063416,0.7995344400405884,-0.0172494575381279,0.630791187286377,0.7709502577781677,-0.021511254832148552,0.657402753829956,0.7539241909980774,-0.026521123945713043,0.6163968443870544,0.7071690559387207,-0.007154031191021204,0.6038052439689636,0.6343581080436707,-0.015054279938340187,0.5986477136611938,0.590265154838562,-0.021174056455492973,0.5951042771339417,0.5507174730300903,-0.02768675610423088,0.6450413465499878,0.7030944228172302,-0.015433399006724358,0.6404664516448975,0.6235071420669556,-0.023284247145056725,0.6380004286766052,0.5728407502174377,-0.03254024684429169,0.6369462609291077,0.5311665534973145,-0.04005185514688492,0.6694914698600769,0.7228288650512695,-0.026439111679792404,0.6826415061950684,0.6632382869720459,-0.04448708891868591,0.689502477645874,0.6180859804153442,-0.06226205453276634,0.6987227201461792,0.5778058767318726,-0.0750768706202507,0.6885255575180054,0.7599118947982788,-0.03786645084619522,0.6709878444671631,0.7382928133010864,-0.06005549058318138,0.6510512232780457,0.7635110020637512,-0.06763345003128052,0.6388346552848816,0.7899325489997864,-0.07252057641744614
0.6485462784767151,0.8926458358764648,2.132476595306798e-07,0.6183551549911499,0.8522186875343323,-0.013272940181195736,0.6076619029045105,0.7987011671066284,-0.017907412722706795,0.6312530040740967,0.7706854939460754,-0.021944303065538406,0.6584184169769287,0.7549804449081421,-0.02667200192809105,0.6165302395820618,0.7066726088523865,-0.007146783173084259,0.6037721037864685,0.6339861154556274,-0.015239774249494076,0.598622739315033,0.5897514820098877,-0.0215412899851799,0.5951616168022156,0.5502825975418091,-0.028047803789377213,0.6450868844985962,0.702570378780365,-0.014950527809560299,0.6404820680618286,0.6233097314834595,-0.022814515978097916,0.6380069851875305,0.5729471445083618,-0.03181561455130577,0.6370765566825867,0.53136146068573,-0.03896792232990265,0.6694472432136536,0.7220563888549805,-0.02559877187013626,0.6825867891311646,0.6625360250473022,-0.04350307956337929,0.6893026828765869,0.6176737546920776,-0.060862116515636444,0.6985571384429932,0.5774416327476501,-0.07323469966650009,0.6883235573768616,0.7592017650604248,-0.03681227192282677,0.6715362668037415,0.7378857135772705,-0.058771342039108276,0.6524214744567871,0.7640126943588257,-0.0659266784787178,0.6411893963813782,0.7911625504493713,-0.07037469744682312
0.6475167870521545,0.8919415473937988,2.1359929291975277e-07,0.6182029843330383,0.8506070971488953,-0.01286197267472744,0.6081755757331848,0.7969029545783997,-0.01737121492624283,0.6319229602813721,0.7687070369720459,-0.021369747817516327,0.6590620875358582,0.753738284111023,-0.026095954701304436,0.6173291802406311,0.7066075205802917,-0.007232989184558392,0.6049894094467163,0.6340557932853699,-0.015166141092777252,0.6003178358078003,0.5901181697845459,-0.021198740229010582,0.597262442111969,0.550717294216156,-0.02756519429385662,0.6459212899208069,0.7031311392784119,-0.01530336681753397,0.6413723826408386,0.6235067844390869,-0.023517809808254242,0.6390364766120911,0.572776198387146,-0.03273530676960945,0.6380581259727478,0.5310925245285034,-0.04000658914446831,0.6703832149505615,0.722976565361023,-0.026133449748158455,0.6835312247276306,0.6633625030517578,-0.04468250274658203,0.6904513239860535,0.6181992292404175,-0.06234266608953476,0.6998078227043152,0.5774334073066711,-0.07468739151954651,0.6895490288734436,0.7601259350776672,-0.03736625239253044,0.6722299456596375,0.7363798022270203,-0.05945630371570587,0.6523926258087158,0.7618294358253479,-0.06653537601232529,0.6404716372489929,0.7886875867843628,-0.07093550264835358
0.6471927762031555,0.8930552005767822,2.0587908977631741e-07,0.6183047294616699,0.8511428833007812,-0.012591148726642132,0.6087687611579895,0.7964326739311218,-0.01689109392464161,0.6327670216560364,0.7681738138198853,-0.020619729533791542,0.6597610712051392,0.7514444589614868,-0.024881215766072273,0.6175028681755066,0.7070543766021729,-0.006504368968307972,0.6058720350265503,0.6338723301887512,-0.01388872042298317,0.6004385948181152,0.5895206928253174,-0.019371936097741127,0.5967758297920227,0.5498506426811218,-0.025481952354311943,0.6457087993621826,0.7037755846977234,-0.01471803244203329,0.6416041851043701,0.6237040162086487,-0.0228264182806015,0.6394937038421631,0.5728789567947388,-0.03175991401076317,0.6391599178314209,0.5316828489303589,-0.03882645070552826,0.6701396703720093,0.7235685586929321,-0.025699757039546967,0.6832350492477417,0.6628820896148682,-0.0445074737071991,0.6906353235244751,0.6176953315734863,-0.062005043029785156,0.701264500617981,0.5771145820617676,-0.07429143041372299,0.6892842054367065,0.7609428763389587,-0.037029605358839035,0.6706897020339966,0.7364728450775146,-0.059714969247579575,0.6503888368606567,0.7632923126220703,-0.06674133986234665,0.6390554308891296,0.7915345430374146,-0.07103866338729858
0.6476377248764038,0.8930655121803284,2.0702204039935168e-07,0.6182833313941956,0.8513042330741882,-0.011859238147735596,0.6080337762832642,0.7970955967903137,-0.015967976301908493,0.6316225528717041,0.7687805891036987,-0.019711848348379135,0.658609926700592,0.7525614500045776,-0.023954736068844795,0.617391049861908,0.70653235912323,-0.006024230737239122,0.605587363243103,0.6334215998649597,-0.013254253193736076,0.6003275513648987,0.5892446637153625,-0.018549688160419464,0.5967279076576233,0.549647867679596,-0.024542709812521935,0.6453880071640015,0.7034726738929749,-0.014573304913938046,0.6411072611808777,0.6230424046516418,-0.022989068180322647,0.6393313407897949,0.5723574161529541,-0.03175609931349754,0.6392061114311218,0.5313689112663269,-0.0385609045624733,0.6695348024368286,0.7234953045845032,-0.025809036567807198,0.6830228567123413,0.6632577776908875,-0.0446176752448082,0.690579354763031,0.6183969378471375,-0.06163505092263222,0.7007595896720886,0.5781333446502686,-0.07344027608633041,0.6885415315628052,0.7615244388580322,-0.0373491570353508,0.6718048453330994,0.7353339791297913,-0.05926717445254326,0.651203989982605,0.7611950635910034,-0.06556399911642075,0.6386244893074036,0.7891342043876648,-0.06939384341239929
0.6478480100631714,0.8930649757385254,2.1108344583353755e-07,0.618994951248169,0.851468563079834,-0.012484547682106495,0.6084944605827332,0.7977659702301025,-0.017090249806642532,0.6317715048789978,0.7695128917694092,-0.02120700292289257,0.6594549417495728,0.7534610629081726,-0.025740643963217735,0.6173042058944702,0.7068150043487549,-0.006865683011710644,0.6051058769226074,0.6335834860801697,-0.014483282342553139,0.5998411178588867,0.5891286134719849,-0.019907793030142784,0.5963588356971741,0.5491902232170105,-0.025884395465254784,0.6454721689224243,0.7034891247749329,-0.015221969224512577,0.6412144303321838,0.6232684850692749,-0.023922409862279892,0.639196515083313,0.5722755789756775,-0.03249800205230713,0.6388422250747681,0.5305999517440796,-0.039050061255693436,0.6699290871620178,0.7233781814575195,-0.026336081326007843,0.683821976184845,0.6635752320289612,-0.0452539324760437,0.6915375590324402,0.6181387901306152,-0.06206975877285004,0.7020808458328247,0.5770915150642395,-0.07364862412214279,0.6889408826828003,0.7612131834030151,-0.03785340487957001,0.6721076369285583,0.7361547946929932,-0.059813760221004486,0.6512669324874878,0.7624993324279785,-0.06603943556547165,0.6388896703720093,0.7905870676040649,-0.06977605819702148
0.6472336053848267,0.892022967338562,2.1006070483053918e-07,0.6184570789337158,0.8512315154075623,-0.012611654587090015,0.6079686284065247,0.7975817918777466,-0.01707020215690136,0.6316472887992859,0.7691128849983215,-0.02097337134182453,0.6592621207237244,0.7526568174362183,-0.02535674162209034,0.6168404221534729,0.7065520882606506,-0.0070890686474740505,0.6049116849899292,0.6330471038818359,-0.0145804388448596,0.5997625589370728,0.5885472893714905,-0.019816845655441284,0.596459150314331,0.5487263798713684,-0.02570127137005329,0.6452583074569702,0.7028968930244446,-0.015251349657773972,0.6409948468208313,0.6227872371673584,-0.023881297558546066,0.6390349268913269,0.5720112323760986,-0.032482799142599106,0.638870358467102,0.5304830074310303,-0.03911437466740608,0.6698015928268433,0.7224398851394653,-0.02617138996720314,0.6836651563644409,0.6629320979118347,-0.045262012630701065,0.6912888288497925,0.6181156635284424,-0.062382008880376816,0.701798141002655,0.5774174928665161,-0.07422337681055069,0.6890156865119934,0.7597424983978271,-0.0374637171626091,0.6712944507598877,0.7364094853401184,-0.059925638139247894,0.6503245830535889,0.7633672952651978,-0.06677296757698059,0.6380480527877808,0.7914367318153381,-0.07094753533601761
0.6476129293441772,0.8923636078834534,1.9599153233684774e-07,0.6189412474632263,0.8512125015258789,-0.011949488893151283,0.6087231636047363,0.7975841164588928,-0.01610698364675045,0.6321568489074707,0.7693378925323486,-0.019816897809505463,0.6586587429046631,0.750938355922699,-0.02393455058336258,0.6176232099533081,0.7065693736076355,-0.006329324096441269,0.6053420901298523,0.6333814859390259,-0.013668854720890522,0.5999165773391724,0.5891156196594238,-0.01887117326259613,0.5963568091392517,0.5491529703140259,-0.024754507467150688,0.64556485414505,0.7032037973403931,-0.014693797565996647,0.6410225629806519,0.6234287619590759,-0.023335231468081474,0.6389300227165222,0.5727047324180603,-0.031938087195158005,0.6385040879249573,0.5309914946556091,-0.038606010377407074,0.669809877872467,0.7226923108100891,-0.025784946978092194,0.6835490465164185,0.6633521318435669,-0.04495023563504219,0.6911523342132568,0.617986798286438,-0.062082912772893906,0.7013962864875793,0.5767782926559448,-0.07393693178892136,0.6888914108276367,0.7599824070930481,-0.03718201071023941,0.6716915965080261,0.7360496520996094,-0.05969379097223282,0.650287389755249,0.7629547715187073,-0.06646088510751724,0.6371874213218689,0.7913239002227783,-0.07057911157608032
0.6481208801269531,0.8931305408477783,1.9918631721793645e-07,0.6189385652542114,0.851699948310852,-0.011755074374377728,0.6077051162719727,0.7975428104400635,-0.01570076122879982,0.6307149529457092,0.7691935896873474,-0.01924949139356613,0.6588961482048035,0.7533867359161377,-0.023268353193998337,0.6173364520072937,0.7065122127532959,-0.00596925662830472,0.6049526929855347,0.6328873634338379,-0.013410517014563084,0.5996789932250977,0.5885910987854004,-0.018804071471095085,0.5961639881134033,0.549067497253418,-0.024764638394117355,0.6455234289169312,0.7034667730331421,-0.01447559054940939,0.641064465045929,0.6234468221664429,-0.022926850244402885,0.6390066742897034,0.5730777978897095,-0.03146372362971306,0.6385822296142578,0.5319433212280273,-0.038001496344804764,0.6699655652046204,0.7231224775314331,-0.025719309225678444,0.683750331401825,0.6630342602729797,-0.044414717704057693,0.6909814476966858,0.6179181337356567,-0.06125374510884285,0.7007744312286377,0.5770265460014343,-0.07287117838859558,0.6893096566200256,0.7608136534690857,-0.03732357546687126,0.6733424663543701,0.7356460690498352,-0.05921800434589386,0.6527668833732605,0.7616623044013977,-0.06552600115537643,0.6399933695793152,0.7895474433898926,-0.06929030269384384
0.6476894021034241,0.8926570415496826,2.017535081222377e-07,0.6188867688179016,0.8507137298583984,-0.011026517488062382,0.6082764863967896,0.796109676361084,-0.014801045879721642,0.631104588508606,0.7681019902229309,-0.01826365292072296,0.6583462953567505,0.7534540891647339,-0.02218240685760975,0.6179667711257935,0.7058951258659363,-0.005551463458687067,0.6052054762840271,0.6328266859054565,-0.012511841021478176,0.5996737480163574,0.5886633992195129,-0.01738693006336689,0.596036970615387,0.549035370349884,-0.023076068609952927,0.6461247205734253,0.7028162479400635,-0.014388781040906906,0.6417655348777771,0.6228545308113098,-0.02322661504149437,0.6393489837646484,0.5719939470291138,-0.031651850789785385,0.6386929154396057,0.5304237008094788,-0.03795694187283516,0.6704933643341064,0.7223912477493286,-0.025865377858281136,0.6849709749221802,0.6618607044219971,-0.04529823735356331,0.6928108930587769,0.6163027286529541,-0.06215301901102066,0.7033605575561523,0.575080156326294,-0.07350895553827286,0.6894811987876892,0.7602455019950867,-0.03755263611674309,0.6727829575538635,0.7340473532676697,-0.05981241911649704,0.6511958837509155,0.7615204453468323,-0.0659274160861969,0.638228178024292,0.7910093665122986,-0.06948356330394745
0.6488045454025269,0.8918907642364502,2.034718704635452e-07,0.6195493936538696,0.8507044315338135,-0.012190776877105236,0.6098026037216187,0.795447587966919,-0.01578729785978794,0.6334665417671204,0.7667770385742188,-0.018874064087867737,0.6603569388389587,0.7515503764152527,-0.022398866713047028,0.6184976100921631,0.706211507320404,-0.005297299474477768,0.605557918548584,0.6327207088470459,-0.012232364155352116,0.6003261208534241,0.5885334014892578,-0.017427507787942886,0.5966106057167053,0.5489541292190552,-0.023272931575775146,0.6469076871871948,0.7032318115234375,-0.01361483708024025,0.6425614953041077,0.6223840713500977,-0.021850792691111565,0.640404224395752,0.5715278387069702,-0.030484549701213837,0.6394916772842407,0.5300314426422119,-0.03704344853758812,0.6711843013763428,0.7231047749519348,-0.024732651188969612,0.6854166388511658,0.6618279814720154,-0.04370887950062752,0.6924962401390076,0.6162957549095154,-0.060774512588977814,0.7019298076629639,0.5748623609542847,-0.07237052172422409,0.6899670958518982,0.7610000967979431,-0.036176636815071106,0.6745621562004089,0.733220100402832,-0.058290742337703705,0.6541188359260559,0.7599707841873169,-0.06427769362926483,0.6415058374404907,0.7888109683990479,-0.06773259490728378
0.6480858325958252,0.8927054405212402,2.0557982338686998e-07,0.6191760301589966,0.8506349921226501,-0.01169529464095831,0.6097923517227173,0.794183075428009,-0.014811585657298565,0.6329320669174194,0.7666014432907104,-0.01752508617937565,0.6596189737319946,0.75338214635849,-0.020903723314404488,0.6185884475708008,0.7057614326477051,-0.004780895076692104,0.6061636805534363,0.6329109072685242,-0.011415798217058182,0.6006341576576233,0.5885276794433594,-0.016434913501143456,0.597025454044342,0.5489252209663391,-0.022223347797989845,0.6468145847320557,0.7025794386863708,-0.013284438289701939,0.6427761316299438,0.6224876642227173,-0.020973850041627884,0.640628457069397,0.5713868737220764,-0.029789311811327934,0.6404428482055664,0.5298293828964233,-0.036650046706199646,0.6711115837097168,0.7225238084793091,-0.024531418457627296,0.6850793361663818,0.6621466279029846,-0.04307098314166069,0.692314863204956,0.616895854473114,-0.06104027107357979,0.7027542591094971,0.5760311484336853,-0.07352529466152191,0.6896128058433533,0.75995934009552,-0.0360681414604187,0.6714177131652832,0.7360811829566956,-0.058477457612752914,0.6507089138031006,0.7632685899734497,-0.06574966758489609,0.6391952037811279,0.7916271686553955,-0.07023084163665771
0.6488592624664307,0.8923031687736511,2.0676772294336843e-07,0.6197331547737122,0.8505101799964905,-0.012224270030856133,0.6100094318389893,0.7951784133911133,-0.01574007421731949,0.6331168413162231,0.7672896385192871,-0.018743159249424934,0.6607691049575806,0.7536419034004211,-0.022270159795880318,0.6190059185028076,0.7062028646469116,-0.005455660633742809,0.6066185832023621,0.6327806711196899,-0.012364166788756847,0.6012015342712402,0.5886775255203247,-0.01740194857120514,0.5974615812301636,0.5491857528686523,-0.023141704499721527,0.6471594572067261,0.7031444907188416,-0.013905706815421581,0.6430982947349548,0.6224031448364258,-0.022112354636192322,0.6410183906555176,0.5715470314025879,-0.030934274196624756,0.6405500173568726,0.5301901698112488,-0.037632957100868225,0.6711525917053223,0.7231640219688416,-0.02513544075191021,0.6848134994506836,0.6625745892524719,-0.04415095970034599,0.6918763518333435,0.6172553300857544,-0.06185396388173103,0.7018498182296753,0.5758350491523743,-0.07395090907812119,0.6895490884780884,0.7610501050949097,-0.03665541484951973,0.6721557378768921,0.7353067398071289,-0.0588223896920681,0.6518154740333557,0.7619264125823975,-0.06533770263195038,0.640066921710968,0.7902734279632568,-0.06922638416290283
0.6487969756126404,0.8925549387931824,2.017346361071759e-07,0.6197184324264526,0.8504722714424133,-0.011473357677459717,0.6090807318687439,0.7952738404273987,-0.014930028468370438,0.6315640807151794,0.7673062682151794,-0.01799546740949154,0.6594518423080444,0.75331050157547,-0.02155272290110588,0.619304358959198,0.7059271931648254,-0.005336415953934193,0.6067545413970947,0.6327971816062927,-0.01220436580479145,0.601246178150177,0.5886529684066772,-0.016993332654237747,0.5978254675865173,0.549195408821106,-0.022619232535362244,0.6475145220756531,0.7028141617774963,-0.014160441234707832,0.643023669719696,0.6224669814109802,-0.02297690510749817,0.6408531069755554,0.5715970993041992,-0.03171436861157417,0.6407511830329895,0.5302010178565979,-0.03822290152311325,0.6715983748435974,0.7228831648826599,-0.02569766715168953,0.6848520040512085,0.6625606417655945,-0.045502178370952606,0.6920161247253418,0.6174734830856323,-0.06308209896087646,0.7024461627006531,0.5763298273086548,-0.07482893764972687,0.6898944973945618,0.7612466812133789,-0.037406936287879944,0.6712232232093811,0.7346258163452148,-0.06022042781114578,0.6500622630119324,0.7614805698394775,-0.06687614321708679,0.6380305290222168,0.7903550863265991,-0.0707019492983818
0.6493079662322998,0.8924179077148438,2.0296666036756505e-07,0.6199232339859009,0.8507727980613708,-0.011576797813177109,0.6088975071907043,0.7967290282249451,-0.015667304396629333,0.6311054825782776,0.7686645984649658,-0.01938043162226677,0.6588616371154785,0.7534591555595398,-0.023566432297229767,0.6188650131225586,0.7055519819259644,-0.006139857228845358,0.6067055463790894,0.6323146820068359,-0.013222458772361279,0.6011480093002319,0.5882745981216431,-0.01820812188088894,0.5972583889961243,0.5486904382705688,-0.02400857023894787,0.647027850151062,0.7027568221092224,-0.01486141886562109,0.6429818868637085,0.6225233674049377,-0.023841431364417076,0.640941858291626,0.5718543529510498,-0.032682713121175766,0.6404234170913696,0.5305208563804626,-0.03936900198459625,0.6711465120315552,0.7228409647941589,-0.026209009811282158,0.684759259223938,0.6624466180801392,-0.04574081301689148,0.6923046708106995,0.6173721551895142,-0.0629744902253151,0.7024785280227661,0.576475977897644,-0.07466626167297363,0.6897650957107544,0.7607470750808716,-0.037748388946056366,0.6722800731658936,0.733616054058075,-0.06011838838458061,0.6514402031898499,0.7595137357711792,-0.06650910526514053,0.6389861106872559,0.7876392006874084,-0.07026615738868713
0.6490921378135681,0.892344057559967,2.0244083032139315e-07,0.6196156740188599,0.8507798314094543,-0.0115974685177207,0.6088084578514099,0.7957520484924316,-0.015273293480277061,0.6317405104637146,0.767375111579895,-0.018595898523926735,0.6598310470581055,0.7534418106079102,-0.022517984732985497,0.6190395951271057,0.705443263053894,-0.005610897671431303,0.6066285967826843,0.6325147151947021,-0.01253993809223175,0.6011269092559814,0.5884075164794922,-0.017604634165763855,0.5975616574287415,0.549168586730957,-0.023438844829797745,0.6475679874420166,0.7023592591285706,-0.014257097616791725,0.6431446671485901,0.622222900390625,-0.022461911663413048,0.6408288478851318,0.571363091468811,-0.031194576993584633,0.6401941776275635,0.5300367474555969,-0.03794563189148903,0.6718127131462097,0.7225626111030579,-0.02560250461101532,0.6856659650802612,0.6617112755775452,-0.044515106827020645,0.6927829384803772,0.6167944669723511,-0.06197793409228325,0.7024496793746948,0.5762538909912109,-0.07397002726793289,0.6902432441711426,0.7606006860733032,-0.03718448802828789,0.6724427342414856,0.7346660494804382,-0.05947430059313774,0.6517058610916138,0.7602145075798035,-0.06639712303876877,0.6393217444419861,0.7876726984977722,-0.07059377431869507
0.6483132243156433,0.8924732804298401,1.9876209478297824e-07,0.6190770864486694,0.8504490256309509,-0.011722320690751076,0.6091214418411255,0.7956185936927795,-0.0153170982375741,0.6326505541801453,0.767274022102356,-0.01851598173379898,0.659946858882904,0.7514333128929138,-0.02219504490494728,0.6186773180961609,0.7056691646575928,-0.004980992525815964,0.6066999435424805,0.6327070593833923,-0.011973853223025799,0.6012632250785828,0.5889183282852173,-0.017158398404717445,0.597646951675415,0.5495305061340332,-0.02302692085504532,0.6468790173530579,0.7026357650756836,-0.013576634228229523,0.6425227522850037,0.6223044991493225,-0.021897414699196815,0.6402555704116821,0.5717369914054871,-0.03073481097817421,0.6398230195045471,0.5304968953132629,-0.03748693689703941,0.6710247993469238,0.7226427793502808,-0.02492363378405571,0.6845855712890625,0.6619514226913452,-0.043873380869627,0.691676139831543,0.6170356869697571,-0.06114126369357109,0.7016810178756714,0.5760846138000488,-0.07296664267778397,0.6897656917572021,0.7606366276741028,-0.03654919192194939,0.6726200580596924,0.7342620491981506,-0.05865176394581795,0.6525024175643921,0.760593056678772,-0.06500093638896942,0.6409404277801514,0.7887159585952759,-0.06874590367078781
0.6485569477081299,0.8919826745986938,2.0198285710648634e-07,0.6194546222686768,0.8505112528800964,-0.012233232147991657,0.6094789505004883,0.7964262366294861,-0.01625240221619606,0.6326261162757874,0.7687014937400818,-0.019770627841353416,0.6600787043571472,0.7524532079696655,-0.023844003677368164,0.6185550689697266,0.7056353092193604,-0.005984085146337748,0.6065593361854553,0.6327325701713562,-0.013312348164618015,0.6012848019599915,0.5888362526893616,-0.018754368647933006,0.597850501537323,0.5494483113288879,-0.0247640460729599,0.6470303535461426,0.7022448778152466,-0.01436026580631733,0.6426817774772644,0.6221370100975037,-0.02265862002968788,0.640394389629364,0.571682333946228,-0.03157424554228783,0.6398833990097046,0.5304833650588989,-0.03845721110701561,0.6713181734085083,0.7221397161483765,-0.025482134893536568,0.6846427321434021,0.6614373326301575,-0.04427577555179596,0.6917091608047485,0.6166502237319946,-0.06149637699127197,0.7017781138420105,0.5759172439575195,-0.07339192181825638,0.6899664402008057,0.759984016418457,-0.036925774067640305,0.6724761724472046,0.7339731454849243,-0.05906357616186142,0.6529959440231323,0.7598007917404175,-0.06553057581186295,0.6421696543693542,0.7873451113700867,-0.06935644894838333
0.6483460664749146,0.8917609453201294,1.9745415613670048e-07,0.6189860701560974,0.849324643611908,-0.01095066498965025,0.6094045639038086,0.7953301668167114,-0.01447141170501709,0.6328009963035583,0.7661479115486145,-0.01772467978298664,0.660273015499115,0.7480300068855286,-0.021343212574720383,0.6196836233139038,0.7050577402114868,-0.004535733722150326,0.6084191203117371,0.631862998008728,-0.011634561233222485,0.6040477752685547,0.5880571603775024,-0.016858458518981934,0.6016804575920105,0.5489940643310547,-0.02256622351706028,0.6478191614151001,0.7021161913871765,-0.013291360810399055,0.6439804434776306,0.6218278408050537,-0.022151416167616844,0.6417737603187561,0.5715376138687134,-0.030848463997244835,0.6412268877029419,0.5310688614845276,-0.0372319296002388,0.6718831658363342,0.721419632434845,-0.0247306190431118,0.6872870326042175,0.659650444984436,-0.04397716373205185,0.6950458884239197,0.6159298419952393,-0.060282591730356216,0.7051219940185547,0.5767405033111572,-0.07104013115167618,0.6907776594161987,0.7587921023368835,-0.036389198154211044,0.6755146384239197,0.7300152778625488,-0.057983580976724625,0.6555690169334412,0.7553988099098206,-0.06344515830278397,0.6437095999717712,0.7833769917488098,-0.06635719537734985
0.6493744254112244,0.8910425901412964,2.0094832109407434e-07,0.6197196245193481,0.8489628434181213,-0.011930165812373161,0.6093855500221252,0.7940165996551514,-0.015825055539608,0.6341016888618469,0.7637215852737427,-0.019404655322432518,0.6642490029335022,0.7494842410087585,-0.023512333631515503,0.6207876801490784,0.7043273448944092,-0.0050710998475551605,0.6097227334976196,0.6308503746986389,-0.012076340615749359,0.6051492691040039,0.5869193077087402,-0.01756136864423752,0.6024587154388428,0.5477274656295776,-0.023705745115876198,0.6486412882804871,0.7016597986221313,-0.013447210192680359,0.6452690362930298,0.6220162510871887,-0.021334676072001457,0.6432448029518127,0.571547269821167,-0.030114732682704926,0.6427298188209534,0.5304704308509827,-0.037064939737319946,0.6722086668014526,0.7214598655700684,-0.0246096383780241,0.6888530850410461,0.6589969396591187,-0.04314488545060158,0.6974210143089294,0.6154664158821106,-0.06012170389294624,0.707768440246582,0.5765491724014282,-0.07185983657836914,0.6907750964164734,0.7588485479354858,-0.03612566366791725,0.6768602728843689,0.7303898334503174,-0.05788326635956764,0.6571422815322876,0.7555620074272156,-0.06428906321525574,0.6446826457977295,0.7830002307891846,-0.06820052862167358
0.6498813033103943,0.8913421034812927,2.0118793031542737e-07,0.620388925075531,0.8498517870903015,-0.012803150340914726,0.6103625297546387,0.7931900024414062,-0.016711756587028503,0.6352524757385254,0.7637550234794617,-0.0200415700674057,0.6646104454994202,0.7501237988471985,-0.024116279557347298,0.6211442351341248,0.7043837308883667,-0.005892929155379534,0.6107182502746582,0.6315540075302124,-0.013018233701586723,0.6064763069152832,0.5873414278030396,-0.018807845190167427,0.6043387055397034,0.5478770136833191,-0.02521023154258728,0.6493785381317139,0.7007545232772827,-0.013757117092609406,0.6455093622207642,0.6218095421791077,-0.02075332961976528,0.643748939037323,0.5713032484054565,-0.02965288981795311,0.6441033482551575,0.5300382375717163,-0.037011753767728806,0.673413872718811,0.7198072671890259,-0.024463793262839317,0.6888843774795532,0.6587368845939636,-0.042560383677482605,0.6977444291114807,0.6153126358985901,-0.06038893759250641,0.7094061374664307,0.5766212344169617,-0.07311587035655975,0.6920700073242188,0.7560017704963684,-0.03561427816748619,0.674532413482666,0.7322450280189514,-0.05848526954650879,0.6551229953765869,0.7601169943809509,-0.0663309395313263,0.6445547342300415,0.7886327505111694,-0.07127176225185394
0.649513304233551,0.8887021541595459,2.0245317955414066e-07,0.6201807856559753,0.8470919132232666,-0.01306325662881136,0.6121779084205627,0.7933829426765442,-0.01728115603327751,0.6373476386070251,0.7628655433654785,-0.020827481523156166,0.6648672819137573,0.7441718578338623,-0.024466613307595253,0.6238443851470947,0.7023149728775024,-0.005209766793996096,0.6135777235031128,0.6300106644630432,-0.012546993792057037,0.6100110411643982,0.5868607759475708,-0.018349355086684227,0.6079291701316833,0.5476201772689819,-0.02450990490615368,0.6517794728279114,0.6994206309318542,-0.012967422604560852,0.6481724977493286,0.6199613213539124,-0.02138887159526348,0.6467188000679016,0.5696185827255249,-0.03030162677168846,0.6462299227714539,0.5277855396270752,-0.037152647972106934,0.6750431656837463,0.7187077403068542,-0.0237437691539526,0.6916161775588989,0.6588005423545837,-0.042891502380371094,0.7008988261222839,0.6152933239936829,-0.059753794223070145,0.7110217213630676,0.5756015181541443,-0.0710400715470314,0.69340980052948,0.7557845711708069,-0.03498953580856323,0.6819745302200317,0.7257900834083557,-0.05658908560872078,0.6620464324951172,0.7508819699287415,-0.062475528568029404,0.6480705738067627,0.7785657644271851,-0.06588617712259293
0.6488792300224304,0.887509286403656,1.868391450443596e-07,0.6198159456253052,0.8453642129898071,-0.011212330311536789,0.6115179061889648,0.7905606627464294,-0.01445092260837555,0.6373068690299988,0.7609615921974182,-0.01725304313004017,0.6654310822486877,0.7455283999443054,-0.020299559459090233,0.6225095391273499,0.7006849050521851,-0.003962619695812464,0.613551139831543,0.62718266248703,-0.009772422723472118,0.6098029613494873,0.5839260816574097,-0.014300523325800896,0.6074541807174683,0.5448285341262817,-0.01990003138780594,0.650486409664154,0.6987568140029907,-0.012208880856633186,0.6473519802093506,0.6200342178344727,-0.01961539499461651,0.6460376381874084,0.5705238580703735,-0.027895720675587654,0.6462196707725525,0.5303989052772522,-0.034515514969825745,0.6743924617767334,0.7184422016143799,-0.023149875923991203,0.6912193298339844,0.6579488515853882,-0.0413011759519577,0.7009773254394531,0.6141989231109619,-0.057971592992544174,0.712329089641571,0.5749683380126953,-0.06956597417593002,0.6937116980552673,0.7554920315742493,-0.03436071053147316,0.6800698041915894,0.7273054122924805,-0.055619366466999054,0.6595042943954468,0.7522700428962708,-0.06171251833438873,0.6460922360420227,0.7799748182296753,-0.06547536700963974
0.6492196917533875,0.889407753944397,1.9530811812273896e-07,0.6194061636924744,0.8456235527992249,-0.011182107962667942,0.6127977967262268,0.7889204025268555,-0.013515597209334373,0.639426589012146,0.7592045068740845,-0.015304740518331528,0.6668591499328613,0.7449536323547363,-0.017039677128195763,0.6229264140129089,0.7019213438034058,-0.002098777797073126,0.6133403778076172,0.6277350187301636,-0.007487869821488857,0.6097027659416199,0.5840502977371216,-0.011655645444989204,0.6073198318481445,0.5448577404022217,-0.0168777909129858,0.6508625149726868,0.7006070017814636,-0.010477399453520775,0.6481636166572571,0.6211555004119873,-0.01862923800945282,0.647217869758606,0.5708129405975342,-0.02718018926680088,0.6473299860954285,0.5297249555587769,-0.033496737480163574,0.674397885799408,0.7203492522239685,-0.02171550877392292,0.6913452744483948,0.6594451665878296,-0.040961768478155136,0.7013733386993408,0.6152615547180176,-0.057791970670223236,0.7125518321990967,0.5747175216674805,-0.06875965744256973,0.6930922865867615,0.7581589818000793,-0.033166997134685516,0.6805338263511658,0.7252147793769836,-0.05429480969905853,0.659484326839447,0.7503656148910522,-0.059475094079971313,0.6451365351676941,0.7788690328598022,-0.06233382970094681
0.6470912098884583,0.8888120651245117,1.870731267672454e-07,0.6180350184440613,0.84456866979599,-0.00919295009225607,0.6118904948234558,0.7884888052940369,-0.011297913268208504,0.6372075080871582,0.7589515447616577,-0.013202711008489132,0.6625983119010925,0.7428306341171265,-0.014998489059507847,0.6232690811157227,0.7000658512115479,-0.0015332753537222743,0.6133911609649658,0.6267159581184387,-0.006493474822491407,0.609546959400177,0.583439290523529,-0.010168064385652542,0.607283353805542,0.5446200370788574,-0.01512792520225048,0.6509406566619873,0.6986768245697021,-0.010516167618334293,0.6479184627532959,0.6199179291725159,-0.01866791397333145,0.6468737125396729,0.5696313381195068,-0.02693060040473938,0.6470543146133423,0.5292748808860779,-0.03312475606799126,0.674429178237915,0.7186797261238098,-0.022110560908913612,0.6911636590957642,0.6587339639663696,-0.04095533490180969,0.7013994455337524,0.6144394874572754,-0.057523418217897415,0.7126035690307617,0.5747950673103333,-0.06844840943813324,0.6930928826332092,0.7569297552108765,-0.03370313346385956,0.6798890233039856,0.7246696352958679,-0.054102782160043716,0.6570006608963013,0.7475025653839111,-0.05946502834558487,0.6407935619354248,0.7745658159255981,-0.06265421956777573
0.6484200358390808,0.8908729553222656,1.768311506111786e-07,0.6190343499183655,0.847227931022644,-0.010902293026447296,0.6115886569023132,0.7906244397163391,-0.013617891818284988,0.6373161673545837,0.7614597082138062,-0.015968255698680878,0.6652952432632446,0.7469329237937927,-0.01858031377196312,0.623007595539093,0.7017378807067871,-0.002320242812857032,0.6139955520629883,0.6282170414924622,-0.007834996096789837,0.609904408454895,0.5851141810417175,-0.012357130646705627,0.607103168964386,0.5460891127586365,-0.017991511151194572,0.6506568789482117,0.7001286745071411,-0.010691840201616287,0.6470075845718384,0.6205774545669556,-0.018107298761606216,0.6455831527709961,0.5712771415710449,-0.02679688110947609,0.6455421447753906,0.5314211845397949,-0.03353755176067352,0.6742218732833862,0.7200698852539062,-0.021766433492302895,0.6900158524513245,0.6599703431129456,-0.03978254273533821,0.6992431282997131,0.6154330372810364,-0.05686100199818611,0.7102869749069214,0.5754817724227905,-0.06865070015192032,0.6927747130393982,0.7575305104255676,-0.033092744648456573,0.6787622570991516,0.7283162474632263,-0.053923457860946655,0.6584259867668152,0.7528403401374817,-0.059848882257938385,0.6454088091850281,0.7803696990013123,-0.06348345428705215
0.6482526659965515,0.8902233839035034,1.8240129406876804e-07,0.6185572743415833,0.8461022973060608,-0.010949328541755676,0.6114344596862793,0.7889930605888367,-0.013356015086174011,0.6376529932022095,0.7594392895698547,-0.015236640349030495,0.6648500561714172,0.7454634308815002,-0.01724974252283573,0.6228726506233215,0.7012202143669128,-0.0024508745409548283,0.6130064129829407,0.6273764371871948,-0.007699020206928253,0.6089009642601013,0.5841971635818481,-0.011921823024749756,0.6061012148857117,0.5450050234794617,-0.01731194369494915,0.6508602499961853,0.6995722651481628,-0.010796984657645226,0.6477587223052979,0.6203540563583374,-0.018333276733756065,0.6458056569099426,0.5705624222755432,-0.026884276419878006,0.645186185836792,0.5301463007926941,-0.03348030522465706,0.6745120286941528,0.7192476987838745,-0.02189892902970314,0.6911903619766235,0.658557653427124,-0.040450699627399445,0.7007157206535339,0.6140439510345459,-0.057546574622392654,0.7118611335754395,0.5736792087554932,-0.0690934956073761,0.6932306885719299,0.756713330745697,-0.03320099413394928,0.6792534589767456,0.7251143455505371,-0.05421274155378342,0.6581774950027466,0.7501499056816101,-0.05992047116160393,0.6445152759552002,0.7784766554832458,-0.06333907693624496
0.6467319130897522,0.8895328044891357,1.754723228941657e-07,0.617699146270752,0.8449810743331909,-0.009942435659468174,0.6114307641983032,0.7886177897453308,-0.012380738742649555,0.637170672416687,0.7599593997001648,-0.014508894644677639,0.6630768179893494,0.7456406950950623,-0.016775693744421005,0.6228199005126953,0.70041424036026,-0.00262040039524436,0.6130722165107727,0.6272321343421936,-0.0077637494541704655,0.608819842338562,0.5842251777648926,-0.011689628474414349,0.6061123013496399,0.5451885461807251,-0.016938915476202965,0.6504883766174316,0.698981761932373,-0.011311763897538185,0.6467234492301941,0.6202659010887146,-0.019290417432785034,0.6450051069259644,0.5706689357757568,-0.027950450778007507,0.6448681950569153,0.5304800271987915,-0.034619834274053574,0.6740506291389465,0.7188580632209778,-0.02255861833691597,0.6903276443481445,0.6596466898918152,-0.041188206523656845,0.6998958587646484,0.6147230863571167,-0.058490969240665436,0.7109374403953552,0.5741894245147705,-0.07027554512023926,0.6927873492240906,0.7563422322273254,-0.033870235085487366,0.6778013706207275,0.7268784642219543,-0.0546523742377758,0.6550596356391907,0.7502970099449158,-0.06083482876420021,0.6396484375,0.7770577073097229,-0.06475092470645905
0.6477673053741455,0.8900022506713867,1.846864847721008e-07,0.6173338294029236,0.8466901779174805,-0.011377863585948944,0.6084944009780884,0.7917853593826294,-0.014657492749392986,0.6337159872055054,0.7629387378692627,-0.017333893105387688,0.661405086517334,0.7478592395782471,-0.0201116856187582,0.6214678883552551,0.7017102837562561,-0.00409426586702466,0.6126364469528198,0.628209114074707,-0.010313227772712708,0.6084385514259338,0.5850377082824707,-0.015096968971192837,0.6056020259857178,0.5459630489349365,-0.020725984126329422,0.6490189433097839,0.6997960805892944,-0.012223768047988415,0.6457102298736572,0.6196318864822388,-0.021114950999617577,0.6445194482803345,0.5700626373291016,-0.029994836077094078,0.6445114612579346,0.530040979385376,-0.03640953078866005,0.6724951863288879,0.7191201448440552,-0.02295864187180996,0.6888060569763184,0.6585112810134888,-0.04185933247208595,0.698127031326294,0.6148909330368042,-0.058218084275722504,0.7088199853897095,0.5756103992462158,-0.0689927414059639,0.6913376450538635,0.7567141652107239,-0.03393863886594772,0.6783170700073242,0.7248433232307434,-0.05426223948597908,0.6582629680633545,0.7492973208427429,-0.05898373946547508,0.6453255414962769,0.7775979042053223,-0.061520323157310486
0.6471707224845886,0.8915814161300659,1.9307118748201901e-07,0.618104875087738,0.8485762476921082,-0.012296698056161404,0.6093727350234985,0.7944635152816772,-0.016957301646471024,0.6332563161849976,0.7644795775413513,-0.021156582981348038,0.6610471606254578,0.7479074001312256,-0.025652281939983368,0.6204642057418823,0.7022455334663391,-0.00579992588609457,0.6108956933021545,0.6288845539093018,-0.01285507995635271,0.6070537567138672,0.5850980281829834,-0.0185055211186409,0.6052017211914062,0.5454370975494385,-0.02481210231781006,0.6488376259803772,0.7003024816513062,-0.01406533271074295,0.6456735730171204,0.6217512488365173,-0.022288592532277107,0.6439023613929749,0.5715063810348511,-0.03136582672595978,0.6438924074172974,0.5306192636489868,-0.03866453841328621,0.6730021834373474,0.7207438349723816,-0.02508210763335228,0.6895143985748291,0.6585748195648193,-0.04377840459346771,0.6982955932617188,0.6143636703491211,-0.06063118204474449,0.709266722202301,0.5753471255302429,-0.07239041477441788,0.6918690204620361,0.7583950161933899,-0.03645898774266243,0.6768948435783386,0.7273223996162415,-0.058204617351293564,0.6560720205307007,0.7503158450126648,-0.06460066884756088,0.6430888175964355,0.776679515838623,-0.06856072694063187
0.6449626088142395,0.889589786529541,1.7998883095060592e-07,0.6161554455757141,0.8462508320808411,-0.009715652093291283,0.6086171269416809,0.7912723422050476,-0.012876583263278008,0.6323049068450928,0.761917769908905,-0.015928303822875023,0.6568970680236816,0.7449886202812195,-0.019230781123042107,0.6215411424636841,0.7006043195724487,-0.00329386699013412,0.6115612983703613,0.6276934146881104,-0.0092919347807765,0.6070632934570312,0.5844742059707642,-0.013917554169893265,0.6043969988822937,0.5456237196922302,-0.019473545253276825,0.648698091506958,0.6990948915481567,-0.012265798635780811,0.6455537676811218,0.6204671859741211,-0.020070305094122887,0.6436435580253601,0.5705128908157349,-0.028411196544766426,0.6434266567230225,0.5308640003204346,-0.034950584173202515,0.6720053553581238,0.7189832925796509,-0.023783685639500618,0.6885441541671753,0.6580908298492432,-0.04213022440671921,0.697516918182373,0.6134627461433411,-0.058465369045734406,0.7082833647727966,0.5749784708023071,-0.06970363855361938,0.6905952095985413,0.7565886974334717,-0.03542207553982735,0.6762291789054871,0.7272305488586426,-0.05636463686823845,0.6543766856193542,0.7517303824424744,-0.06198250502347946,0.6400745511054993,0.7801411151885986,-0.06537232547998428
0.645926833152771,0.8927275538444519,1.6825315185542422e-07,0.6176127195358276,0.8472194075584412,-0.008495998568832874,0.6110139489173889,0.7889803647994995,-0.010178077034652233,0.6353687047958374,0.7593307495117188,-0.01194746233522892,0.6612061262130737,0.7466159462928772,-0.014040947891771793,0.6221027374267578,0.7025076746940613,-0.00014834135072305799,0.6119917631149292,0.6292762756347656,-0.004688315559178591,0.6068665981292725,0.5860128998756409,-0.008272732608020306,0.6037808060646057,0.5465855598449707,-0.013321052305400372,0.648687481880188,0.7015547752380371,-0.009495392441749573,0.6450366973876953,0.621957004070282,-0.01733344979584217,0.6431618332862854,0.5715279579162598,-0.02570805326104164,0.6432285904884338,0.5310868620872498,-0.03188792243599892,0.6719961166381836,0.7213512659072876,-0.02130272053182125,0.6882660984992981,0.6596598625183105,-0.04006359353661537,0.6980038285255432,0.6144149899482727,-0.056809768080711365,0.7100623250007629,0.5746183395385742,-0.06786806881427765,0.690316379070282,0.7586064338684082,-0.03306970372796059,0.6752898693084717,0.7261238098144531,-0.053829364478588104,0.6535837054252625,0.7524999976158142,-0.058867789804935455,0.640619695186615,0.7829738259315491,-0.061703797429800034
0.644812285900116,0.8873042464256287,1.8048682193239074e-07,0.6156817078590393,0.8438614010810852,-0.00946350209414959,0.6095348596572876,0.7872846126556396,-0.011510184966027737,0.6349802017211914,0.7582701444625854,-0.01340952143073082,0.6589412689208984,0.7434457540512085,-0.015496521256864071,0.6205961108207703,0.7000797390937805,-0.0014314667787402868,0.6107857823371887,0.6279889345169067,-0.006493068765848875,0.6062585115432739,0.5853925347328186,-0.010449609719216824,0.6035511493682861,0.5468224287033081,-0.01555838156491518,0.647511899471283,0.6985147595405579,-0.010061522014439106,0.6442586183547974,0.6194500923156738,-0.017129307612776756,0.6429170966148376,0.5699212551116943,-0.02499486319720745,0.6433736681938171,0.5303195714950562,-0.031072240322828293,0.6707265973091125,0.7182399034500122,-0.02129908837378025,0.6874380111694336,0.658582866191864,-0.038969893008470535,0.6970909833908081,0.614867091178894,-0.05515735223889351,0.7081683874130249,0.5761195421218872,-0.06622211635112762,0.689403235912323,0.7556653618812561,-0.03267205134034157,0.6761071681976318,0.7268359661102295,-0.05265498906373978,0.654378354549408,0.7521165609359741,-0.05783046782016754,0.6399780511856079,0.7803487777709961,-0.06100425869226456
0.644031286239624,0.8910149931907654,1.6168080207989988e-07,0.6146100163459778,0.8459546566009521,-0.007989800535142422,0.6083036661148071,0.7897096276283264,-0.00909462757408619,0.6331537961959839,0.7599921822547913,-0.010402878746390343,0.6577889919281006,0.7427550554275513,-0.01166259404271841,0.6203047633171082,0.7022272944450378,0.0014119682600721717,0.610882580280304,0.6297888159751892,-0.003267487045377493,0.6062455177307129,0.5868023633956909,-0.006985217332839966,0.6035827994346619,0.5477874279022217,-0.011973172426223755,0.6471511125564575,0.7000963687896729,-0.007858785800635815,0.6440014839172363,0.6211304664611816,-0.015354371629655361,0.6426738500595093,0.571044385433197,-0.023041244596242905,0.6427913308143616,0.5310489535331726,-0.028762318193912506,0.670385479927063,0.7192028164863586,-0.0198172889649868,0.6875982880592346,0.658435583114624,-0.037825558334589005,0.6975429654121399,0.6142129302024841,-0.053607016801834106,0.7084612250328064,0.5752352476119995,-0.06402741372585297,0.6890905499458313,0.7570642232894897,-0.03183748200535774,0.6769537329673767,0.7250028848648071,-0.05151859670877457,0.6542637348175049,0.74904465675354,-0.056174229830503464,0.6383036971092224,0.7776815891265869,-0.058821238577365875
0.6459012627601624,0.8904226422309875,1.7796912743506255e-07,0.6159597635269165,0.8455243110656738,-0.00946556031703949,0.6085206866264343,0.7891572117805481,-0.011184544302523136,0.633213222026825,0.7596551775932312,-0.012795880436897278,0.6591119170188904,0.7449948191642761,-0.01441121194511652,0.620195746421814,0.7021133899688721,-0.0002426014980301261,0.6105019450187683,0.6288923621177673,-0.005373070016503334,0.6061087250709534,0.5860433578491211,-0.009365544654428959,0.603016197681427,0.547059178352356,-0.014447636902332306,0.6472311615943909,0.7005748152732849,-0.009004819206893444,0.6442460417747498,0.6208881139755249,-0.016863204538822174,0.6428976655006409,0.5711543560028076,-0.024909043684601784,0.6425176858901978,0.5309014320373535,-0.03073912113904953,0.6703821420669556,0.720002293586731,-0.020501889288425446,0.6870049834251404,0.6599677205085754,-0.03889726847410202,0.6968082785606384,0.6157407760620117,-0.05508878827095032,0.7075170278549194,0.5759267807006836,-0.06564908474683762,0.6890475153923035,0.7575165033340454,-0.0321439765393734,0.6772245764732361,0.7247570753097534,-0.05192858725786209,0.6560088992118835,0.749584972858429,-0.056382086127996445,0.6414777636528015,0.7783821225166321,-0.058813322335481644
0.6455016732215881,0.8907260894775391,1.829602780389905e-07,0.6158739328384399,0.8465750217437744,-0.009964716620743275,0.6086956858634949,0.7902758717536926,-0.012133831158280373,0.6331958174705505,0.7596492171287537,-0.014109564945101738,0.6593291163444519,0.7443615198135376,-0.01628905162215233,0.6195288300514221,0.702644944190979,-0.0017648193752393126,0.6096888780593872,0.6287177205085754,-0.00742914667353034,0.6055994629859924,0.5853169560432434,-0.011882465332746506,0.6028257012367249,0.5459866523742676,-0.017258651554584503,0.6472759246826172,0.7008006572723389,-0.010493174195289612,0.6442079544067383,0.6211187839508057,-0.01847522333264351,0.642654538154602,0.5708001255989075,-0.02687281370162964,0.6419708728790283,0.5296630263328552,-0.033123768866062164,0.6707589030265808,0.720237135887146,-0.021913563832640648,0.6869093775749207,0.6590594053268433,-0.04041183739900589,0.6960274577140808,0.6143990755081177,-0.05694977939128876,0.7062254548072815,0.5742267966270447,-0.067921943962574,0.6893565654754639,0.7577672600746155,-0.0335024893283844,0.6764808893203735,0.7258324027061462,-0.05395901948213577,0.6552805304527283,0.7505120635032654,-0.05909206345677376,0.6408449411392212,0.7788535356521606,-0.062003593891859055
0.6450182199478149,0.8914320468902588,1.80989530917941e-07,0.615507960319519,0.8473668694496155,-0.00926931481808424,0.6089171767234802,0.7901580333709717,-0.011093612760305405,0.6333778500556946,0.7596442103385925,-0.012809544801712036,0.6582075953483582,0.7432862520217896,-0.014578420668840408,0.6196302771568298,0.7017695307731628,-0.0007076379843056202,0.609629213809967,0.6283642053604126,-0.005895488429814577,0.6055335998535156,0.5852426290512085,-0.01000417023897171,0.6027055382728577,0.546492338180542,-0.015130522660911083,0.647002100944519,0.7004571557044983,-0.009625645354390144,0.6437963247299194,0.6207274794578552,-0.01756351813673973,0.642278254032135,0.5707505941390991,-0.025823036208748817,0.6418401002883911,0.5305303335189819,-0.031847309321165085,0.6703887581825256,0.7201904058456421,-0.02117948979139328,0.6867387890815735,0.6586730480194092,-0.03955264389514923,0.6958807110786438,0.6140366196632385,-0.055746473371982574,0.7063209414482117,0.5742514729499817,-0.06637727469205856,0.6891199946403503,0.7582047581672668,-0.0328308641910553,0.6772089600563049,0.7254941463470459,-0.05273211747407913,0.656060516834259,0.7494992017745972,-0.0573241300880909,0.6417037844657898,0.7777396440505981,-0.059840187430381775
0.6450839042663574,0.8912419080734253,1.816011518940286e-07,0.6156591773033142,0.8470728993415833,-0.009815170429646969,0.6088716983795166,0.7918826341629028,-0.01251541543751955,0.6325135231018066,0.7616482973098755,-0.015097901225090027,0.656792938709259,0.7443923950195312,-0.017754023894667625,0.6200844645500183,0.701214075088501,-0.001724835834465921,0.610031247138977,0.6281630992889404,-0.0074713523499667645,0.6058604717254639,0.5853427648544312,-0.01212190929800272,0.6030977368354797,0.5468031764030457,-0.017570264637470245,0.6474781036376953,0.6996939778327942,-0.010488887317478657,0.644054114818573,0.6204932928085327,-0.01839539036154747,0.6424764394760132,0.5707948207855225,-0.026892077177762985,0.6419006586074829,0.5308780074119568,-0.033262625336647034,0.6707054972648621,0.7197412252426147,-0.02189795859158039,0.6869507431983948,0.6586751937866211,-0.03990041837096214,0.6958178281784058,0.6141579151153564,-0.05614503473043442,0.7059357762336731,0.5749427080154419,-0.0670611560344696,0.6892167329788208,0.7578120231628418,-0.033478520810604095,0.6773325800895691,0.7257111668586731,-0.05315552279353142,0.6566396355628967,0.7481672763824463,-0.057992324233055115,0.6425524950027466,0.7751508355140686,-0.060788195580244064
0.646139919757843,0.8912437558174133,1.8754806774268218e-07,0.6162898540496826,0.8471525311470032,-0.009989101439714432,0.6088417768478394,0.7907658219337463,-0.012303879484534264,0.6331722736358643,0.7607421875,-0.014439664781093597,0.6585411429405212,0.7458444237709045,-0.016652517020702362,0.6197348237037659,0.701539158821106,-0.0013225296279415488,0.6098414063453674,0.6282739639282227,-0.006797782611101866,0.6058359146118164,0.5854082107543945,-0.011238392442464828,0.6030920743942261,0.5467629432678223,-0.01657351665198803,0.6472330689430237,0.6999959945678711,-0.009996171109378338,0.6436021327972412,0.6201098561286926,-0.01782802864909172,0.642214834690094,0.5705851316452026,-0.026124298572540283,0.6418678164482117,0.5306819081306458,-0.03222097456455231,0.6707236766815186,0.7199577689170837,-0.021346934139728546,0.6866161227226257,0.6592586040496826,-0.039268236607313156,0.6956600546836853,0.6150079965591431,-0.05526280030608177,0.7060603499412537,0.5755730867385864,-0.06586515158414841,0.6893908381462097,0.7580205798149109,-0.0329185426235199,0.677397608757019,0.7253684997558594,-0.05218375474214554,0.6572766900062561,0.7487520575523376,-0.056460216641426086,0.6439934372901917,0.7763589024543762,-0.05884849280118942
0.6454362273216248,0.8902971148490906,1.86180670880276e-07,0.6164017915725708,0.8472099304199219,-0.010856038890779018,0.6087435483932495,0.7922271490097046,-0.014096584171056747,0.6329152584075928,0.7619213461875916,-0.01705535314977169,0.6586840152740479,0.7451662421226501,-0.02011939324438572,0.6198493242263794,0.7020998001098633,-0.003204918000847101,0.609538197517395,0.6284443140029907,-0.009376219473779202,0.6056299805641174,0.5856525897979736,-0.014118834398686886,0.6031110286712646,0.5469955205917358,-0.019631680101156235,0.6475856304168701,0.7005125880241394,-0.01169440895318985,0.6438787579536438,0.6206679344177246,-0.02021786756813526,0.6422473192214966,0.5710392594337463,-0.02896229177713394,0.6417865753173828,0.5309079885482788,-0.035470861941576004,0.6711075901985168,0.7204854488372803,-0.022870883345603943,0.6865949630737305,0.6593376398086548,-0.041578684002161026,0.6951123476028442,0.6148715019226074,-0.058076757937669754,0.7052995562553406,0.5752357244491577,-0.0690813660621643,0.6897999048233032,0.7581446170806885,-0.03426428884267807,0.6767579913139343,0.7261999845504761,-0.05465976893901825,0.6566027402877808,0.7495923042297363,-0.05976034700870514,0.643608808517456,0.77701336145401,-0.06269513070583344
0.6449731588363647,0.8884416818618774,1.8714791849561152e-07,0.6156812906265259,0.8457022905349731,-0.010783839039504528,0.6079214215278625,0.791244387626648,-0.013874652795493603,0.6329285502433777,0.7618529796600342,-0.01651177927851677,0.6588728427886963,0.7450249195098877,-0.01920178532600403,0.6192314624786377,0.7010424137115479,-0.0034670988097786903,0.6096393465995789,0.6280526518821716,-0.009269630536437035,0.6057321429252625,0.5856937170028687,-0.01373058371245861,0.6030862331390381,0.5473356246948242,-0.01913541927933693,0.6469177603721619,0.6990620493888855,-0.011865939013659954,0.6435330510139465,0.6193643808364868,-0.01980620063841343,0.6421433091163635,0.5701051354408264,-0.02825876884162426,0.6419152617454529,0.5304890871047974,-0.034682873636484146,0.670397937297821,0.71903395652771,-0.022912049666047096,0.6866013407707214,0.6593878865242004,-0.04129694774746895,0.6956950426101685,0.6152076721191406,-0.057897936552762985,0.7060463428497314,0.5756489038467407,-0.06914718449115753,0.6891838908195496,0.7568686604499817,-0.03413650766015053,0.6763834357261658,0.7271302342414856,-0.05466974154114723,0.6556354761123657,0.75055330991745,-0.06008926406502724,0.6415752172470093,0.7775580286979675,-0.06330334395170212
0.6458735466003418,0.8896874785423279,1.829764499916564e-07,0.6158492565155029,0.8468800783157349,-0.01103088166564703,0.6088773012161255,0.7920918464660645,-0.013492788188159466,0.6338663697242737,0.7611870765686035,-0.015479973517358303,0.6595502495765686,0.7425629496574402,-0.01722055859863758,0.6186357736587524,0.7023496627807617,-0.0014409314608201385,0.6092747449874878,0.6288130283355713,-0.006797347217798233,0.6055659055709839,0.5856806039810181,-0.010941067710518837,0.6031152009963989,0.5468944311141968,-0.016074402257800102,0.6464558243751526,0.7000261545181274,-0.00952177494764328,0.6435855031013489,0.6204934120178223,-0.017233869060873985,0.6423815488815308,0.5706907510757446,-0.025214970111846924,0.6420050263404846,0.5304712057113647,-0.031187845394015312,0.6701598763465881,0.7192384004592896,-0.020496685057878494,0.6868076920509338,0.6587891578674316,-0.03905792906880379,0.6959631443023682,0.6140477657318115,-0.055313579738140106,0.7061501741409302,0.5740267038345337,-0.066091388463974,0.6890140771865845,0.7568695545196533,-0.03174475580453873,0.6764650344848633,0.7256843447685242,-0.05249654874205589,0.6549704670906067,0.7504240274429321,-0.05764011666178703,0.640034019947052,0.7790766358375549,-0.06048638001084328
0.6451571583747864,0.8886550068855286,1.8172448790210183e-07,0.6151699423789978,0.8461545705795288,-0.010583742521703243,0.607399046421051,0.7918878793716431,-0.013201309368014336,0.6318438649177551,0.7618730068206787,-0.015514960512518883,0.6567680835723877,0.743988573551178,-0.01770778000354767,0.6191398501396179,0.7016597390174866,-0.0027587933000177145,0.6088571548461914,0.6283910870552063,-0.008881248533725739,0.6050493717193604,0.5854579210281372,-0.013512695208191872,0.602724552154541,0.546879231929779,-0.018849888816475868,0.6468260884284973,0.6996268630027771,-0.010938514955341816,0.6433677673339844,0.6206207275390625,-0.01914895698428154,0.6421658992767334,0.5712748765945435,-0.027153927832841873,0.6418209075927734,0.5317142009735107,-0.033108312636613846,0.6702682971954346,0.7191782593727112,-0.021904245018959045,0.6869940757751465,0.6588430404663086,-0.040385253727436066,0.6959087252616882,0.6147816181182861,-0.0564030222594738,0.7051534056663513,0.5757867097854614,-0.06699125468730927,0.6890577077865601,0.7573076486587524,-0.03313114494085312,0.6784371137619019,0.726125955581665,-0.05341433361172676,0.6566565036773682,0.7489785552024841,-0.058543939143419266,0.6402301788330078,0.776467502117157,-0.061442483216524124
0.6447592377662659,0.8899456262588501,1.701459240166514e-07,0.6145177483558655,0.8474875688552856,-0.010460804216563702,0.6053227782249451,0.7906140685081482,-0.012790624052286148,0.6298614144325256,0.7609670758247375,-0.014785338193178177,0.655028760433197,0.7455772161483765,-0.017147382721304893,0.6182118654251099,0.7029123306274414,-0.0032041638623923063,0.6083542108535767,0.6302125453948975,-0.008542556315660477,0.6035507321357727,0.5870152711868286,-0.01259499229490757,0.6003125905990601,0.5481033325195312,-0.017985811457037926,0.6455090641975403,0.7005323171615601,-0.01167008001357317,0.6419264674186707,0.6220695376396179,-0.019084962084889412,0.6402653455734253,0.5726546049118042,-0.02748275361955166,0.6406187415122986,0.5326855182647705,-0.03411964699625969,0.6690623164176941,0.720074474811554,-0.02273990586400032,0.683946967124939,0.6617035865783691,-0.041347041726112366,0.6930273771286011,0.6170759201049805,-0.05881890282034874,0.7046838998794556,0.5768544673919678,-0.07093879580497742,0.6874475479125977,0.7572838664054871,-0.03394286707043648,0.6702195405960083,0.731215238571167,-0.056172240525484085,0.6477144956588745,0.757691502571106,-0.06317456811666489,0.6337612271308899,0.7861682772636414,-0.06751760095357895
0.6431785821914673,0.8901249170303345,1.8297404835720954e-07,0.6136763095855713,0.8467896580696106,-0.00957497488707304,0.6052771210670471,0.7919131517410278,-0.012852178886532784,0.6279221177101135,0.7618154287338257,-0.016202865168452263,0.651960551738739,0.7450680136680603,-0.019863562658429146,0.6174274682998657,0.7038328647613525,-0.0035907821729779243,0.6064707040786743,0.6318804621696472,-0.009882669895887375,0.6017723083496094,0.587997555732727,-0.014496403746306896,0.5996146202087402,0.5483800768852234,-0.02013293467462063,0.6450198888778687,0.700890064239502,-0.012678821571171284,0.6420666575431824,0.6226207613945007,-0.02070448361337185,0.6402196884155273,0.5713416934013367,-0.02882363833487034,0.6402280926704407,0.530106246471405,-0.035248495638370514,0.6688376665115356,0.7199549674987793,-0.02433883026242256,0.6848986148834229,0.6598051190376282,-0.04296790063381195,0.6940619945526123,0.6146994233131409,-0.05938638746738434,0.705181360244751,0.5757013559341431,-0.07072204351425171,0.6873036623001099,0.7570345997810364,-0.036132294684648514,0.6709144115447998,0.7294594049453735,-0.05775781720876694,0.6470580101013184,0.7545455694198608,-0.06411124020814896,0.6312845349311829,0.7831146121025085,-0.06806021183729172
0.6445249319076538,0.8907240629196167,1.994450258280267e-07,0.6147764325141907,0.8486353754997253,-0.011594907380640507,0.6045799851417542,0.7944866418838501,-0.015953384339809418,0.6282495260238647,0.7644588351249695,-0.019908763468265533,0.656160295009613,0.7492993474006653,-0.02426215074956417,0.6165743470191956,0.704440712928772,-0.006107077468186617,0.6062641739845276,0.6304291486740112,-0.013255269266664982,0.6018407344818115,0.5864382386207581,-0.018633808940649033,0.5989944338798523,0.5472458600997925,-0.024638758972287178,0.6441973447799683,0.7025249600410461,-0.014291209168732166,0.6417186856269836,0.6227783560752869,-0.023078715428709984,0.6401742696762085,0.5726972818374634,-0.03202871233224869,0.6398730874061584,0.532389760017395,-0.03878146782517433,0.6678208708763123,0.721900463104248,-0.02500101551413536,0.6832364797592163,0.6612308025360107,-0.04350028559565544,0.6918048858642578,0.6170593500137329,-0.059841953217983246,0.7025529742240906,0.5784841179847717,-0.07101334631443024,0.6866012811660767,0.758220911026001,-0.03602520003914833,0.6713830828666687,0.7295581698417664,-0.057004861533641815,0.6514523029327393,0.7538357973098755,-0.06264030933380127,0.6395224332809448,0.7813427448272705,-0.06588643044233322
0.6436542272567749,0.8925232887268066,2.0756138496835774e-07,0.6140137910842896,0.8501225709915161,-0.011932602152228355,0.60443514585495,0.7954565286636353,-0.016328725963830948,0.6275510191917419,0.7652243971824646,-0.020311597734689713,0.6543211340904236,0.7493616938591003,-0.024644089862704277,0.6162471175193787,0.7048802375793457,-0.006027646828442812,0.604776918888092,0.6310165524482727,-0.01339426077902317,0.6001780033111572,0.5864799618721008,-0.019090622663497925,0.597675621509552,0.5471341609954834,-0.025251945480704308,0.6443198919296265,0.7023146152496338,-0.014237071387469769,0.6412470936775208,0.6230758428573608,-0.023003332316875458,0.6394157409667969,0.5723620653152466,-0.03207102045416832,0.6392163634300232,0.531623899936676,-0.03897310048341751,0.6683025360107422,0.7219030857086182,-0.025104694068431854,0.6838632822036743,0.6606695055961609,-0.043955180794000626,0.6924917697906494,0.6166734099388123,-0.06044991314411163,0.7035481333732605,0.5783218741416931,-0.0716300755739212,0.6867523789405823,0.7589799165725708,-0.03630763292312622,0.6702664494514465,0.7292887568473816,-0.057827167212963104,0.6497293710708618,0.7541564702987671,-0.06371013075113297,0.6378931403160095,0.7819939255714417,-0.06707561016082764
0.6436519622802734,0.8921036720275879,1.98430683440165e-07,0.6139942407608032,0.8497551679611206,-0.012259867042303085,0.6044331789016724,0.7933914661407471,-0.016755636781454086,0.6289445161819458,0.7625473141670227,-0.020846445113420486,0.6563647389411926,0.7468815445899963,-0.02549230493605137,0.6161866188049316,0.7047078013420105,-0.00631109531968832,0.6053334474563599,0.6305432319641113,-0.013391588814556599,0.6006104946136475,0.5860801935195923,-0.019121240824460983,0.597530722618103,0.5464929342269897,-0.025570064783096313,0.6439895629882812,0.7026195526123047,-0.014450741931796074,0.6412811875343323,0.6232326030731201,-0.022190937772393227,0.6393880844116211,0.5731736421585083,-0.03128992021083832,0.6390770673751831,0.5331130623817444,-0.03867711126804352,0.6678133010864258,0.7224633097648621,-0.02525397576391697,0.6829143166542053,0.6602093577384949,-0.04348742589354515,0.6916719079017639,0.6158614754676819,-0.06060535088181496,0.7032023668289185,0.5772103667259216,-0.07282693684101105,0.6866201758384705,0.7590500712394714,-0.036428119987249374,0.6702240705490112,0.7307949066162109,-0.05862731114029884,0.6496910452842712,0.7561933994293213,-0.06547005474567413,0.6378315091133118,0.7841446995735168,-0.06976268440485
0.6441012620925903,0.8914453983306885,2.064118120870262e-07,0.6144223809242249,0.8494004607200623,-0.012632140889763832,0.6043475866317749,0.7942545413970947,-0.01735459640622139,0.6286894679069519,0.7646719813346863,-0.02158447541296482,0.6569648385047913,0.7496492266654968,-0.02638077922165394,0.6161096692085266,0.7046892046928406,-0.006696414202451706,0.6053573489189148,0.6304770708084106,-0.014259030111134052,0.6007973551750183,0.5862382054328918,-0.020325373858213425,0.5978638529777527,0.5469075441360474,-0.026884881779551506,0.6438717842102051,0.7022295594215393,-0.014688515104353428,0.6411311030387878,0.6225294470787048,-0.02270674519240856,0.6391025185585022,0.572590708732605,-0.03202767297625542,0.6385598182678223,0.5323920249938965,-0.03945507854223251,0.6676614880561829,0.7218404412269592,-0.025371283292770386,0.6825888752937317,0.6605099439620972,-0.04362986981868744,0.6909840106964111,0.6164178848266602,-0.06090376153588295,0.7020375728607178,0.5777671337127686,-0.07315749675035477,0.6865736246109009,0.7583122849464417,-0.03646901622414589,0.6702743172645569,0.7316104173660278,-0.058532681316137314,0.6508073210716248,0.7572048902511597,-0.06535238027572632,0.639799177646637,0.7848439812660217,-0.06954803317785263
0.6455176472663879,0.8924779295921326,2.017231395257113e-07,0.6153479218482971,0.8505896925926208,-0.011076292023062706,0.6051948666572571,0.7958371639251709,-0.014534049667418003,0.6281562447547913,0.7649127244949341,-0.017716262489557266,0.6548759937286377,0.7487105131149292,-0.02115580067038536,0.6166369318962097,0.7050874829292297,-0.004068571608513594,0.6054256558418274,0.6311553716659546,-0.011071103624999523,0.6013540029525757,0.5869356989860535,-0.01653064787387848,0.5986667275428772,0.5476711988449097,-0.022449640557169914,0.6443662643432617,0.7029881477355957,-0.012569502927362919,0.6417195200920105,0.6225380897521973,-0.021590573713183403,0.6400046944618225,0.5723145604133606,-0.030243372544646263,0.6389225125312805,0.5316480398178101,-0.03647349029779434,0.6680406928062439,0.7227780818939209,-0.023759081959724426,0.6837432384490967,0.6596462726593018,-0.04277163743972778,0.6918186545372009,0.6152092218399048,-0.05844366177916527,0.7014058232307434,0.5758368372917175,-0.06860523670911789,0.6866371631622314,0.7611076831817627,-0.03524002805352211,0.6738885641098022,0.7273327112197876,-0.055954720824956894,0.6544121503829956,0.751830518245697,-0.060342635959386826,0.6420497894287109,0.7804708480834961,-0.0624806210398674
0.6461586356163025,0.8934586048126221,2.0724354499179753e-07,0.6156426072120667,0.8510589599609375,-0.010899445973336697,0.6065548658370972,0.79430091381073,-0.013635506853461266,0.6305328607559204,0.7634061574935913,-0.016152983531355858,0.6570296883583069,0.7493922710418701,-0.019032632932066917,0.6171069741249084,0.7053844928741455,-0.0023622382432222366,0.6059995889663696,0.632081925868988,-0.008908222429454327,0.6021097302436829,0.5881507396697998,-0.014303677715361118,0.5995287299156189,0.549077570438385,-0.02018885500729084,0.644887387752533,0.7029135823249817,-0.010877013206481934,0.6421706080436707,0.6223459243774414,-0.019417963922023773,0.6404551863670349,0.5718868374824524,-0.02831425331532955,0.6393035650253296,0.5307667851448059,-0.03472176939249039,0.6684622764587402,0.7220528721809387,-0.022162480279803276,0.6839689016342163,0.6594252586364746,-0.0408744290471077,0.6922186613082886,0.6151114106178284,-0.05700311437249184,0.7019127011299133,0.575196385383606,-0.06743855029344559,0.6869701743125916,0.7595502734184265,-0.03374430909752846,0.673778772354126,0.7258871793746948,-0.05386611074209213,0.6553150415420532,0.7513606548309326,-0.058140888810157776,0.6443031430244446,0.780299186706543,-0.06029278784990311
0.6440281271934509,0.8912591934204102,2.017907263507368e-07,0.6146107316017151,0.8474938273429871,-0.009698743931949139,0.6086122393608093,0.7909461259841919,-0.011791285127401352,0.6331368088722229,0.7610811591148376,-0.013882515020668507,0.6564139127731323,0.7446553111076355,-0.0160917229950428,0.6171963214874268,0.7031067609786987,-0.0005144518800079823,0.606289803981781,0.6307773590087891,-0.006268022116273642,0.6020695567131042,0.5871028900146484,-0.010780349373817444,0.5995693802833557,0.5482240915298462,-0.0160345658659935,0.6444659233093262,0.7008653283119202,-0.009237884543836117,0.6417566537857056,0.6213469505310059,-0.01721365377306938,0.6399349570274353,0.571304440498352,-0.025308581069111824,0.6393340826034546,0.5306910276412964,-0.031142618507146835,0.6679980754852295,0.7202591300010681,-0.020730268210172653,0.6839779615402222,0.6592344641685486,-0.03923692926764488,0.6927533745765686,0.6148288249969482,-0.05508100986480713,0.7034553289413452,0.574882984161377,-0.06535767763853073,0.6865274310112,0.7580050826072693,-0.03241937234997749,0.6719902157783508,0.7282117605209351,-0.05264795571565628,0.6511875987052917,0.754544198513031,-0.057314325124025345,0.6385628581047058,0.7836938500404358,-0.05976587533950806
0.6446887254714966,0.8927927017211914,1.9270760276413057e-07,0.6149254441261292,0.8494802713394165,-0.010058742016553879,0.6063410639762878,0.7929074168205261,-0.012885267846286297,0.630645751953125,0.7620430588722229,-0.015624765306711197,0.6576842069625854,0.7452346086502075,-0.01844802498817444,0.6176843047142029,0.7045626044273376,-0.002502890769392252,0.6066709756851196,0.6309973001480103,-0.008772075176239014,0.6025227308273315,0.5870393514633179,-0.01345010008662939,0.6003552675247192,0.5473629236221313,-0.018933463841676712,0.6452884078025818,0.7030191421508789,-0.01150487456470728,0.6422930359840393,0.6225556135177612,-0.020487140864133835,0.6403225660324097,0.5719838738441467,-0.02865249291062355,0.6399109363555908,0.5313456654548645,-0.034449972212314606,0.6692563891410828,0.7232378125190735,-0.02320418879389763,0.6855438351631165,0.6598416566848755,-0.04275825247168541,0.694172739982605,0.6150987148284912,-0.058225829154253006,0.7052151560783386,0.5752742886543274,-0.06802202016115189,0.6877378821372986,0.7621244788169861,-0.03506769984960556,0.6740254759788513,0.7269303202629089,-0.056242864578962326,0.6522477865219116,0.7523497939109802,-0.060476139187812805,0.6389986276626587,0.7817360758781433,-0.06243615597486496
0.6449711322784424,0.8918724060058594,1.9317191402024037e-07,0.6154019236564636,0.8482750058174133,-0.009626224637031555,0.6072232127189636,0.7921633124351501,-0.01253098901361227,0.6308890581130981,0.7626796364784241,-0.015368904918432236,0.6556129455566406,0.7448023557662964,-0.01848592981696129,0.6178606748580933,0.703925371170044,-0.003078472102060914,0.6074401140213013,0.6309022307395935,-0.009327255189418793,0.6030660271644592,0.5868979096412659,-0.01409652829170227,0.6004869937896729,0.5470839738845825,-0.019682148471474648,0.6456135511398315,0.7020506858825684,-0.01202508993446827,0.6430639028549194,0.6224785447120667,-0.020473210141062737,0.6412091255187988,0.5719038248062134,-0.02889658883213997,0.6408717632293701,0.5309008359909058,-0.03523697704076767,0.6696221828460693,0.721687912940979,-0.023513106629252434,0.6860116720199585,0.6599708199501038,-0.04219743236899376,0.6949485540390015,0.6151705980300903,-0.058102477341890335,0.7060806155204773,0.5757523775100708,-0.0687294751405716,0.6883323192596436,0.7589971423149109,-0.035126518458127975,0.6737126708030701,0.7276830673217773,-0.05588401108980179,0.6525706052780151,0.7529889941215515,-0.0607876293361187,0.6399288773536682,0.7816648483276367,-0.06351698189973831
0.6450772285461426,0.8911774158477783,1.938829541359155e-07,0.6160171031951904,0.8480222225189209,-0.009912597015500069,0.6082597374916077,0.7923428416252136,-0.012802754528820515,0.6317986845970154,0.7629314661026001,-0.015594922006130219,0.6567274928092957,0.7448927760124207,-0.01869419775903225,0.6183988451957703,0.7044464349746704,-0.0031642657704651356,0.6078575849533081,0.6307861804962158,-0.009538072161376476,0.6035953760147095,0.586670994758606,-0.014336001127958298,0.6007502675056458,0.5469956398010254,-0.019909020513296127,0.6462477445602417,0.702778160572052,-0.01206784974783659,0.6433664560317993,0.6222981810569763,-0.021121446043252945,0.6415443420410156,0.5719554424285889,-0.029868923127651215,0.6409062147140503,0.5308444499969482,-0.036201734095811844,0.6702260971069336,0.7224650979042053,-0.023491567000746727,0.6853978037834167,0.6599568724632263,-0.04269545525312424,0.6934678554534912,0.6150853633880615,-0.05865475907921791,0.703822672367096,0.5750511288642883,-0.06912010908126831,0.6890937685966492,0.7600551843643188,-0.03501972556114197,0.6742139458656311,0.7284294366836548,-0.055942073464393616,0.6535894274711609,0.7540521621704102,-0.06055622920393944,0.6415146589279175,0.7830479741096497,-0.0629487857222557
0.645229160785675,0.8928676843643188,1.807165546097167e-07,0.6152563691139221,0.8487524390220642,-0.008607667870819569,0.6083735227584839,0.7914183735847473,-0.00991078931838274,0.6313946843147278,0.7606212496757507,-0.01116864662617445,0.6532949805259705,0.74063640832901,-0.012300010770559311,0.6186114549636841,0.7033661007881165,-0.0003310613101348281,0.6081934571266174,0.6301723122596741,-0.005489830859005451,0.6039786338806152,0.5865331292152405,-0.00933906901627779,0.601282000541687,0.5472079515457153,-0.014241124503314495,0.646013081073761,0.7024779319763184,-0.009426227770745754,0.6430679559707642,0.6225754022598267,-0.01802961900830269,0.6416307091712952,0.5723608136177063,-0.026092374697327614,0.6416282057762146,0.5315992832183838,-0.031737685203552246,0.6697016358375549,0.7225819826126099,-0.021120581775903702,0.6852660179138184,0.661097526550293,-0.04025798290967941,0.6937703490257263,0.6163806915283203,-0.056082140654325485,0.7042273879051208,0.576271653175354,-0.06615801155567169,0.6884012222290039,0.7611769437789917,-0.03282366693019867,0.674589216709137,0.7287434339523315,-0.053269512951374054,0.6516580581665039,0.753844678401947,-0.057688336819410324,0.6365892291069031,0.7828474640846252,-0.05989333242177963
0.6454187631607056,0.8911756873130798,1.974078145394742e-07,0.6152505874633789,0.8475840091705322,-0.011554709635674953,0.6084465384483337,0.7897395491600037,-0.014201567508280277,0.6339536309242249,0.7592900991439819,-0.016266686841845512,0.6602194905281067,0.7432123422622681,-0.018483754247426987,0.6176092028617859,0.7034462094306946,-0.003158828942105174,0.6080121994018555,0.6285190582275391,-0.00909210555255413,0.6043823957443237,0.5845827460289001,-0.01391619723290205,0.601768434047699,0.5451979637145996,-0.01953405700623989,0.6454572677612305,0.7024779915809631,-0.011172130703926086,0.6427398324012756,0.6227372884750366,-0.01862725429236889,0.6412679553031921,0.5728821158409119,-0.027191203087568283,0.6408162117004395,0.5321866869926453,-0.033878177404403687,0.6691457033157349,0.7223087549209595,-0.02199113927781582,0.6845503449440002,0.6606403589248657,-0.040205348283052444,0.6935814619064331,0.6165493726730347,-0.056975360959768295,0.7043548226356506,0.5766505002975464,-0.06847920268774033,0.6881415843963623,0.7595270276069641,-0.03312751278281212,0.6738883256912231,0.7294548153877258,-0.054108455777168274,0.6537668108940125,0.7560092806816101,-0.05954480543732643,0.6411563158035278,0.7852548360824585,-0.06276684254407883
0.6453930735588074,0.8893890380859375,2.0268574019155494e-07,0.6152284145355225,0.8468928337097168,-0.011798715218901634,0.6066022515296936,0.7917789816856384,-0.015329024754464626,0.6319411993026733,0.7616565823554993,-0.018264025449752808,0.6594699621200562,0.7447860836982727,-0.02131299488246441,0.6179798245429993,0.7039183974266052,-0.005564776714891195,0.6076799035072327,0.6289641261100769,-0.012343505397439003,0.6037329435348511,0.584682822227478,-0.017359266057610512,0.6009465456008911,0.5448712110519409,-0.02309807389974594,0.6461297273635864,0.7022716403007507,-0.01376001164317131,0.6435957551002502,0.622297465801239,-0.022398866713047028,0.6421711444854736,0.5719442367553711,-0.030970262363553047,0.6415449976921082,0.5305697917938232,-0.03753098100423813,0.6698639392852783,0.7221799492835999,-0.02468746528029442,0.6859545707702637,0.6608613133430481,-0.04383692145347595,0.6948177814483643,0.6165356636047363,-0.060272980481386185,0.705001711845398,0.5762010812759399,-0.07130905240774155,0.688575804233551,0.7601664662361145,-0.03591148555278778,0.6750026941299438,0.7288995981216431,-0.05733649060130119,0.6539192199707031,0.75403892993927,-0.06277618557214737,0.6398024559020996,0.7822668552398682,-0.06592842191457748
0.6461132168769836,0.892663836479187,2.0136130274295283e-07,0.6155208945274353,0.8495439887046814,-0.010721903294324875,0.6068263649940491,0.7922012805938721,-0.013261720538139343,0.6313047409057617,0.7617485523223877,-0.015452506020665169,0.6586219072341919,0.7465433478355408,-0.01784488931298256,0.617962658405304,0.7040736079216003,-0.003268221393227577,0.6074214577674866,0.6292122006416321,-0.009638925082981586,0.6034952402114868,0.5845919847488403,-0.014662375673651695,0.6007912158966064,0.5450366139411926,-0.02035527676343918,0.6461619734764099,0.7029160857200623,-0.011846019886434078,0.6432209014892578,0.6226181983947754,-0.020306667312979698,0.6420882940292358,0.5721426010131836,-0.02893674373626709,0.6417449712753296,0.5311510562896729,-0.03531394898891449,0.6699742078781128,0.7230397462844849,-0.02313784509897232,0.6859180331230164,0.660794734954834,-0.04180053994059563,0.6943001747131348,0.6164327263832092,-0.058044906705617905,0.7040597796440125,0.5766134858131409,-0.06876635551452637,0.6883968114852905,0.761123538017273,-0.03470059484243393,0.6757686734199524,0.7277512550354004,-0.05530378222465515,0.655364990234375,0.7517762184143066,-0.06019633263349533,0.6418392658233643,0.779574990272522,-0.0628616213798523
0.6449790000915527,0.8919930458068848,1.9546656915281346e-07,0.6149659752845764,0.8487280607223511,-0.010243052616715431,0.6075034737586975,0.792202353477478,-0.01309377234429121,0.631447970867157,0.7618926763534546,-0.015707222744822502,0.6564974784851074,0.7430793046951294,-0.01833275891840458,0.6181420683860779,0.7031795978546143,-0.0030277946498245,0.607560932636261,0.6288344264030457,-0.0093488534912467,0.6031674742698669,0.5844583511352539,-0.014066655188798904,0.6003051996231079,0.5451562404632568,-0.01950286328792572,0.6458731293678284,0.7018113136291504,-0.011521478183567524,0.6429744958877563,0.6219813823699951,-0.020102769136428833,0.6413151621818542,0.5720521211624146,-0.02815121039748192,0.6405945420265198,0.5318301916122437,-0.034063421189785004,0.6695994734764099,0.7215465307235718,-0.022716399282217026,0.68571937084198,0.6594212055206299,-0.04147042706608772,0.6945459842681885,0.6153981685638428,-0.05698593705892563,0.7049230933189392,0.5764370560646057,-0.06719382107257843,0.688092827796936,0.7594766616821289,-0.0341404527425766,0.6745569705963135,0.7280291318893433,-0.054820261895656586,0.653156578540802,0.7537733316421509,-0.0595526248216629,0.6394227743148804,0.7830144762992859,-0.06206173449754715
0.644562304019928,0.8909419775009155,1.933957349820048e-07,0.6146637797355652,0.8470272421836853,-0.010282290168106556,0.6080551147460938,0.7903668880462646,-0.012945722788572311,0.6330639123916626,0.7608100175857544,-0.01532227173447609,0.6583548188209534,0.74286288022995,-0.017807606607675552,0.6176030039787292,0.7026512622833252,-0.002622267697006464,0.6078391075134277,0.6287687420845032,-0.008421305567026138,0.6035962104797363,0.5848481059074402,-0.012869142927229404,0.6010196208953857,0.5457266569137573,-0.018259771168231964,0.6453337669372559,0.7010365128517151,-0.010962747037410736,0.6426565647125244,0.6219955086708069,-0.018630312755703926,0.6411356925964355,0.5719847679138184,-0.02696382626891136,0.6410334706306458,0.5314842462539673,-0.033459894359111786,0.6690882444381714,0.7205531001091003,-0.021986190229654312,0.6847814321517944,0.659483015537262,-0.04007045552134514,0.693658709526062,0.6153396964073181,-0.05658617243170738,0.7043657302856445,0.5762373805046082,-0.06795711070299149,0.68794846534729,0.7575550079345703,-0.033212702721357346,0.6727555394172668,0.7290496826171875,-0.053952354937791824,0.651128888130188,0.7539124488830566,-0.059832263737916946,0.6373366117477417,0.7816517353057861,-0.06342095136642456
0.6455507278442383,0.8916546702384949,1.950757706481454e-07,0.6144944429397583,0.8488614559173584,-0.010610404424369335,0.6061428785324097,0.7929700613021851,-0.013553854078054428,0.6317499876022339,0.7635136842727661,-0.016218189150094986,0.6581413745880127,0.7458043694496155,-0.019149089232087135,0.6173202395439148,0.7033076882362366,-0.003289800137281418,0.607323408126831,0.6293277740478516,-0.009721995331346989,0.6035550236701965,0.5856751203536987,-0.014857751317322254,0.6011878252029419,0.5468192100524902,-0.020651627331972122,0.6454377174377441,0.7015050053596497,-0.011814991012215614,0.6426081657409668,0.621946394443512,-0.019960543140769005,0.6412808299064636,0.5721212029457092,-0.028797805309295654,0.6411209106445312,0.5319947600364685,-0.035534653812646866,0.6690270304679871,0.7213761210441589,-0.023002713918685913,0.6842910051345825,0.6597183346748352,-0.04133056849241257,0.692786693572998,0.6160129308700562,-0.05777031555771828,0.7029321789741516,0.5771564245223999,-0.06892982870340347,0.687751829624176,0.7591918110847473,-0.03442176803946495,0.6740156412124634,0.7286267876625061,-0.05516833811998367,0.6539526581764221,0.7523780465126038,-0.06062883883714676,0.6408895254135132,0.7796506881713867,-0.063764289021492
0.6452723741531372,0.8919350504875183,1.9841299092604459e-07,0.6150256395339966,0.8498200178146362,-0.011656631715595722,0.6057795286178589,0.7950187921524048,-0.015250184573233128,0.6302014589309692,0.7650380730628967,-0.01843518391251564,0.6565400958061218,0.7471539378166199,-0.02183186449110508,0.6171988248825073,0.7032399773597717,-0.004222594201564789,0.6070728898048401,0.6295812129974365,-0.011010829359292984,0.6031860113143921,0.5859004259109497,-0.0164595115929842,0.6008421182632446,0.5470923185348511,-0.02250937931239605,0.6453635096549988,0.7009443044662476,-0.012382221408188343,0.642339289188385,0.6218788027763367,-0.02038610354065895,0.6407639384269714,0.5722161531448364,-0.029148774221539497,0.6404076218605042,0.5318695902824402,-0.0360347144305706,0.669100284576416,0.7210039496421814,-0.023360764607787132,0.6849885582923889,0.659808874130249,-0.04160569980740547,0.6934431791305542,0.6161399483680725,-0.05810416117310524,0.703644335269928,0.5770827531814575,-0.06951022148132324,0.6877191662788391,0.7588669657707214,-0.03469986841082573,0.6737345457077026,0.7293094992637634,-0.05571203678846359,0.6537377834320068,0.7529229521751404,-0.06165992096066475,0.6409834027290344,0.7792961001396179,-0.0652729719877243
0.6465156674385071,0.8933074474334717,1.9036872345168376e-07,0.6162875890731812,0.850848913192749,-0.010658890940248966,0.6065952777862549,0.7956478595733643,-0.013998216949403286,0.6297586560249329,0.7642714977264404,-0.01707216165959835,0.6565800905227661,0.7473157644271851,-0.02025153860449791,0.6180036664009094,0.7037515640258789,-0.0038124751299619675,0.6069943308830261,0.6296886801719666,-0.010475173592567444,0.6029524803161621,0.585860013961792,-0.015492778271436691,0.6007539629936218,0.54704749584198,-0.021153325214982033,0.6459603309631348,0.7022511959075928,-0.012530779466032982,0.6424648761749268,0.6222554445266724,-0.02146843820810318,0.6406712532043457,0.5724051594734192,-0.029917333275079727,0.6401312351226807,0.5324569940567017,-0.036084067076444626,0.6698439121246338,0.7225167155265808,-0.02395722083747387,0.6851987838745117,0.6603416204452515,-0.042995814234018326,0.6932965517044067,0.6156843304634094,-0.05885246396064758,0.7034726738929749,0.5762276649475098,-0.06920088827610016,0.6882242560386658,0.7609624862670898,-0.035622965544462204,0.6735839247703552,0.7271708250045776,-0.056284379214048386,0.6529340147972107,0.7501886487007141,-0.061141904443502426,0.6401796340942383,0.7775630354881287,-0.06372398883104324
0.6451190114021301,0.8919687271118164,1.9659998429233383e-07,0.615241289138794,0.8478273153305054,-0.00995388999581337,0.6085954308509827,0.7908664345741272,-0.012545405887067318,0.6328610181808472,0.7605121731758118,-0.01508996170014143,0.6568275094032288,0.7431623339653015,-0.01784280128777027,0.6177456974983215,0.70371013879776,-0.0016770372167229652,0.6073521971702576,0.6301426887512207,-0.007829894311726093,0.6031832695007324,0.5861819982528687,-0.0126523207873106,0.6007511615753174,0.5473932027816772,-0.018111512064933777,0.6455652713775635,0.7014831900596619,-0.01023499108850956,0.6425076723098755,0.6218704581260681,-0.018318630754947662,0.6406214237213135,0.5717299580574036,-0.02672836370766163,0.6400777101516724,0.5311970114707947,-0.032944586127996445,0.6694067120552063,0.720695972442627,-0.021493205800652504,0.6846635937690735,0.6582821011543274,-0.039594098925590515,0.6931595802307129,0.6142484545707703,-0.055351998656988144,0.703791618347168,0.5752934813499451,-0.06587088108062744,0.6882632374763489,0.7578041553497314,-0.032987210899591446,0.6736127138137817,0.7274127006530762,-0.053008317947387695,0.6534240245819092,0.7522728443145752,-0.057857807725667953,0.6416341066360474,0.7803416848182678,-0.060555554926395416
0.6449897885322571,0.891258955001831,1.9284830443666579e-07,0.6144315600395203,0.8468266725540161,-0.010500266216695309,0.607355535030365,0.7906286120414734,-0.013680611737072468,0.6326916217803955,0.760233461856842,-0.01668892800807953,0.6574351787567139,0.7424632906913757,-0.01989169605076313,0.618288516998291,0.703126847743988,-0.003232786199077964,0.6080379486083984,0.6294469237327576,-0.009892143309116364,0.6038804054260254,0.5858686566352844,-0.015119209885597229,0.6013978719711304,0.5468611717224121,-0.02094561792910099,0.6458685398101807,0.7017356157302856,-0.011923426762223244,0.6427008509635925,0.6218429803848267,-0.020667502656579018,0.6411527395248413,0.5719583034515381,-0.02955937199294567,0.6408814191818237,0.5317310094833374,-0.03618212416768074,0.6692013144493103,0.721794605255127,-0.02329675294458866,0.6840171813964844,0.659129798412323,-0.042120855301618576,0.6922590136528015,0.6150578260421753,-0.05830087140202522,0.7023777961730957,0.5757196545600891,-0.0690811425447464,0.6877548098564148,0.7598929405212402,-0.0348832942545414,0.6738255023956299,0.726708710193634,-0.05543840676546097,0.6527790427207947,0.7501700520515442,-0.0604361817240715,0.6391290426254272,0.7775967717170715,-0.06325235962867737
0.6454533934593201,0.8910772800445557,1.9524208028087742e-07,0.6151962876319885,0.8466048240661621,-0.010195279493927956,0.6079976558685303,0.7906590700149536,-0.013319901190698147,0.6329553723335266,0.7611998915672302,-0.016355149447917938,0.6580101847648621,0.7440661787986755,-0.019787216559052467,0.6180468797683716,0.7039973735809326,-0.0029548215679824352,0.6077624559402466,0.6303675770759583,-0.009341360069811344,0.6035817265510559,0.5865029096603394,-0.01437447965145111,0.6009922623634338,0.5472488403320312,-0.020141102373600006,0.6459914445877075,0.7018604278564453,-0.01168788131326437,0.643199622631073,0.6223615407943726,-0.02011878415942192,0.6416507959365845,0.5721495151519775,-0.02927653305232525,0.6414565443992615,0.5314724445343018,-0.03622262924909592,0.6696685552597046,0.7211399078369141,-0.02299213968217373,0.6849859952926636,0.6590297222137451,-0.041630398482084274,0.693472683429718,0.6145989894866943,-0.05833714082837105,0.7040577530860901,0.5751959085464478,-0.06970582157373428,0.6884353160858154,0.757860004901886,-0.03443792834877968,0.6739129424095154,0.7273296117782593,-0.0553952232003212,0.6535754203796387,0.7517743110656738,-0.06097159907221794,0.6413613557815552,0.7792614698410034,-0.06424099206924438
0.6463928818702698,0.8894732594490051,2.029537000680648e-07,0.6167295575141907,0.8471124768257141,-0.011452860198915005,0.6080941557884216,0.7919588088989258,-0.015293131582438946,0.6325961947441101,0.7621424198150635,-0.018875988200306892,0.6595143675804138,0.746548593044281,-0.022923927754163742,0.6188173890113831,0.7039873600006104,-0.00491260876879096,0.6087432503700256,0.6301741600036621,-0.011936381459236145,0.6047971248626709,0.5861164331436157,-0.017357582226395607,0.6022802591323853,0.5470367074012756,-0.023308778181672096,0.6468953490257263,0.7017158269882202,-0.013169926591217518,0.6441917419433594,0.6213586330413818,-0.021662047132849693,0.6423971652984619,0.5710664987564087,-0.03048563189804554,0.6415437459945679,0.5306779146194458,-0.0371706560254097,0.6706927418708801,0.7212836146354675,-0.024066368117928505,0.686266303062439,0.6585970520973206,-0.042307570576667786,0.6942282319068909,0.6147659420967102,-0.05840364098548889,0.7040634155273438,0.5763458609580994,-0.06939711421728134,0.6893340945243835,0.7584167718887329,-0.035299647599458694,0.6752747297286987,0.7282915711402893,-0.05597105249762535,0.6557857990264893,0.7523923516273499,-0.061334237456321716,0.6440702676773071,0.7798027396202087,-0.06444740295410156
0.6464210748672485,0.8902283310890198,2.0028898006785312e-07,0.6159544587135315,0.8476405739784241,-0.010810697451233864,0.60689377784729,0.7930561304092407,-0.014427032321691513,0.631217896938324,0.762639045715332,-0.01788322627544403,0.6588588953018188,0.7469813823699951,-0.021704833954572678,0.6188613176345825,0.7038062810897827,-0.00396410096436739,0.6088930368423462,0.6303449273109436,-0.01061565987765789,0.604867160320282,0.5865466594696045,-0.015841657295823097,0.6024725437164307,0.5475832223892212,-0.021755710244178772,0.6468765139579773,0.701486349105835,-0.01251442451030016,0.644497275352478,0.6217063665390015,-0.02095220610499382,0.642625093460083,0.5716610550880432,-0.029724476858973503,0.6419181823730469,0.5312808752059937,-0.03639804199337959,0.6706336140632629,0.7211906909942627,-0.023681992664933205,0.6866443157196045,0.6585291624069214,-0.042089905589818954,0.6944296360015869,0.6145469546318054,-0.05817583203315735,0.7041608095169067,0.576087474822998,-0.06903120875358582,0.6892116665840149,0.7587963938713074,-0.035110071301460266,0.6753279566764832,0.7269892692565918,-0.05563877522945404,0.6556398272514343,0.7501916289329529,-0.060861244797706604,0.6436943411827087,0.7772771716117859,-0.06385434418916702
0.6480456590652466,0.890838623046875,2.0124996069625922e-07,0.6180374622344971,0.8489795327186584,-0.011957380920648575,0.6077948808670044,0.7945178747177124,-0.016140732914209366,0.6312201023101807,0.7633569240570068,-0.0199398472905159,0.6597371101379395,0.7487348914146423,-0.024184541776776314,0.6194306015968323,0.7035051584243774,-0.005262977909296751,0.6089251637458801,0.6301185488700867,-0.012373638339340687,0.6048970222473145,0.5862569808959961,-0.018063299357891083,0.6024763584136963,0.5474027991294861,-0.02427050657570362,0.6476438641548157,0.7006849050521851,-0.01350071094930172,0.6443949937820435,0.6209120750427246,-0.02140537090599537,0.6426254510879517,0.5710827112197876,-0.030233457684516907,0.642076313495636,0.5309792160987854,-0.03714083880186081,0.6715670228004456,0.7203351259231567,-0.024451712146401405,0.6870532631874084,0.6588191390037537,-0.04236525669693947,0.695016622543335,0.6146895885467529,-0.05880233645439148,0.7052004337310791,0.5762166380882263,-0.07021023333072662,0.6900609731674194,0.7574414610862732,-0.03582100197672844,0.6749660968780518,0.7281734347343445,-0.056605685502290726,0.6563305854797363,0.7516641020774841,-0.06244521588087082,0.6455908417701721,0.7784591913223267,-0.0659501925110817
0.6459318399429321,0.8893421292304993,1.991911346976849e-07,0.6159036755561829,0.8464694619178772,-0.010297668166458607,0.608714759349823,0.7914003729820251,-0.013118354603648186,0.6333231329917908,0.7618747353553772,-0.01577274315059185,0.6589433550834656,0.7451971769332886,-0.01859191246330738,0.6194116473197937,0.7024111747741699,-0.0022778960410505533,0.6091153025627136,0.6297396421432495,-0.00819636695086956,0.605248212814331,0.5865042209625244,-0.012728506699204445,0.603561282157898,0.5483813881874084,-0.018015176057815552,0.6471508145332336,0.6996514201164246,-0.010722441598773003,0.6438068151473999,0.6202573180198669,-0.018516741693019867,0.6419151425361633,0.5705541968345642,-0.026741866022348404,0.6418077349662781,0.5307925939559937,-0.03293545916676521,0.6706574559211731,0.7190178632736206,-0.021870281547307968,0.686228334903717,0.6578059792518616,-0.0398818776011467,0.6943047642707825,0.6141419410705566,-0.05603436380624771,0.7045605182647705,0.5759865641593933,-0.0668981596827507,0.6889476776123047,0.7564190626144409,-0.03324192017316818,0.6734837293624878,0.7282871603965759,-0.05348248407244682,0.6536624431610107,0.7525586485862732,-0.05896668881177902,0.6419682502746582,0.7802245020866394,-0.06214151158928871
0.6465939283370972,0.8897328972816467,1.9355077540694765e-07,0.6155533790588379,0.8464759588241577,-0.010417352430522442,0.60795658826828,0.7903531193733215,-0.01309924479573965,0.6332502365112305,0.760349690914154,-0.015558025799691677,0.6592177152633667,0.7440172433853149,-0.018291816115379333,0.6186373829841614,0.7023731470108032,-0.0024837087839841843,0.6091779470443726,0.6284928917884827,-0.008303629234433174,0.6052420735359192,0.5849592089653015,-0.012884499505162239,0.6028934121131897,0.5462172031402588,-0.018304450437426567,0.6464895606040955,0.7001864314079285,-0.010784192010760307,0.6438122987747192,0.6205968260765076,-0.018598368391394615,0.6427726149559021,0.5711160898208618,-0.027080358937382698,0.6431007981300354,0.5313485860824585,-0.03348154202103615,0.6700305342674255,0.7196078300476074,-0.021702749654650688,0.6858078837394714,0.6580655574798584,-0.039662014693021774,0.6943162083625793,0.6143316626548767,-0.056059107184410095,0.70457923412323,0.5759532451629639,-0.06718114018440247,0.6886452436447144,0.7566922903060913,-0.032834503799676895,0.6744645833969116,0.7273334264755249,-0.053220633417367935,0.654456377029419,0.7515544295310974,-0.05872338265180588,0.6421484351158142,0.7792672514915466,-0.06189708784222603
0.6471251249313354,0.8895620703697205,1.986384887686654e-07,0.616769552230835,0.8471992611885071,-0.010884216986596584,0.6081456542015076,0.7928090691566467,-0.014413431286811829,0.6320589780807495,0.7621110677719116,-0.017730893567204475,0.6580052971839905,0.7448962926864624,-0.021303527057170868,0.6195588707923889,0.7029091119766235,-0.003933808766305447,0.6089897155761719,0.6297875642776489,-0.010590431280434132,0.6053735613822937,0.5864183306694031,-0.015673009678721428,0.6035900115966797,0.5477807521820068,-0.02135596238076687,0.647426187992096,0.7003634572029114,-0.012374121695756912,0.6438853144645691,0.6206086277961731,-0.02071838080883026,0.6423665285110474,0.5708301663398743,-0.029276130720973015,0.6422959566116333,0.5306630730628967,-0.035728730261325836,0.6710417866706848,0.7200888991355896,-0.02349318005144596,0.6863687038421631,0.6594356298446655,-0.04191283881664276,0.6944741010665894,0.6152278780937195,-0.0582277812063694,0.7046358585357666,0.5763914585113525,-0.06921028345823288,0.6893532872200012,0.7575108408927917,-0.0348757840692997,0.6751108169555664,0.727907121181488,-0.05552541837096214,0.6549467444419861,0.7512503862380981,-0.06113088130950928,0.6425468325614929,0.7780488729476929,-0.06438899785280228
0.6453100442886353,0.891480565071106,1.887883769313703e-07,0.6152409315109253,0.8483654260635376,-0.009804324246942997,0.6082806587219238,0.7906607985496521,-0.012415964156389236,0.6328110098838806,0.7594518661499023,-0.0150110749527812,0.6582406163215637,0.7420993447303772,-0.01786867342889309,0.6182224154472351,0.702919602394104,-0.002344969194382429,0.6085716485977173,0.6293440461158752,-0.008342655375599861,0.6042869687080383,0.5850804448127747,-0.013104075565934181,0.6019534468650818,0.5461218953132629,-0.01873365044593811,0.6458659172058105,0.7010126709938049,-0.010874951258301735,0.6431556940078735,0.6217889785766602,-0.01850029267370701,0.6414402723312378,0.571437656879425,-0.026825930923223495,0.641345739364624,0.5312598943710327,-0.03333752974867821,0.6698189973831177,0.7207252979278564,-0.022005315870046616,0.6851851344108582,0.6583030819892883,-0.039628367871046066,0.6934291124343872,0.6140124797821045,-0.05579974874854088,0.703944742679596,0.5758772492408752,-0.06701663136482239,0.6887587904930115,0.7577979564666748,-0.03335778787732124,0.6730952262878418,0.7297618389129639,-0.05380644649267197,0.6516878008842468,0.7528985142707825,-0.05986044183373451,0.6385236978530884,0.7795107364654541,-0.06358727067708969
0.6455430388450623,0.8918380737304688,1.989728559692594e-07,0.6156189441680908,0.8487504124641418,-0.010824206285178661,0.6082128286361694,0.7913939356803894,-0.014160752296447754,0.6327447295188904,0.7609472274780273,-0.017235632985830307,0.658565878868103,0.7462544441223145,-0.020791463553905487,0.6183973550796509,0.7026928663253784,-0.004291645251214504,0.6089295148849487,0.6289422512054443,-0.0107588404789567,0.6046944260597229,0.5848116874694824,-0.01584167405962944,0.6021958589553833,0.5459146499633789,-0.021740177646279335,0.646399199962616,0.7006000280380249,-0.012657130137085915,0.6435501575469971,0.6216665506362915,-0.02050008252263069,0.6418001055717468,0.5712133646011353,-0.029455307871103287,0.6417866349220276,0.5305819511413574,-0.03648301213979721,0.6703299283981323,0.7205508351325989,-0.023585734888911247,0.6846647262573242,0.6598246097564697,-0.04154282435774803,0.6930391788482666,0.615441083908081,-0.05879606679081917,0.7041218280792236,0.5769505500793457,-0.070877306163311,0.6891369819641113,0.7574941515922546,-0.034765832126140594,0.6714024543762207,0.7324374914169312,-0.05609869211912155,0.6504634618759155,0.7560817003250122,-0.06318462640047073,0.6382887959480286,0.7825247645378113,-0.0676010251045227
